{"ts": "2026-08-16T00:03:41.779514350Z", "container": "prefect-postgres", "msg": "2026-08-16 00:03:41.779 UTC [27] LOG:  checkpoint starting: time"}
{"ts": "2026-08-16T00:03:47.122013354Z", "container": "prefect-postgres", "msg": "2026-08-16 00:03:47.121 UTC [27] LOG:  checkpoint complete: wrote 47 buffers (0.3%); 0 WAL file(s) added, 0 removed, 0 recycled; write=5.316 s, sync=0.014 s, total=5.343 s; sync files=150, longest=0.003 s, average=0.001 s; distance=3314 kB, estimate=3314 kB; lsn=1/337E2550, redo lsn=1/337D5A18"}
{"ts": "2026-08-16T00:08:41.222151848Z", "container": "prefect-postgres", "msg": "2026-08-16 00:08:41.222 UTC [27] LOG:  checkpoint starting: time"}
{"ts": "2026-08-16T00:08:44.949618301Z", "container": "prefect-postgres", "msg": "2026-08-16 00:08:44.949 UTC [27] LOG:  checkpoint complete: wrote 38 buffers (0.2%); 0 WAL file(s) added, 0 removed, 0 recycled; write=3.710 s, sync=0.008 s, total=3.728 s; sync files=33, longest=0.003 s, average=0.001 s; distance=1081 kB, estimate=3091 kB; lsn=1/338EA210, redo lsn=1/338E3ED0"}
{"ts": "2026-08-16T00:13:42.047490692Z", "container": "prefect-postgres", "msg": "2026-08-16 00:13:42.047 UTC [27] LOG:  checkpoint starting: time"}
{"ts": "2026-08-16T00:13:45.583205932Z", "container": "prefect-postgres", "msg": "2026-08-16 00:13:45.583 UTC [27] LOG:  checkpoint complete: wrote 35 buffers (0.2%); 0 WAL file(s) added, 0 removed, 0 recycled; write=3.511 s, sync=0.015 s, total=3.536 s; sync files=28, longest=0.003 s, average=0.001 s; distance=1051 kB, estimate=2887 kB; lsn=1/339F3338, redo lsn=1/339EAB10"}
{"ts": "2026-08-16T00:18:42.681463264Z", "container": "prefect-postgres", "msg": "2026-08-16 00:18:42.681 UTC [27] LOG:  checkpoint starting: time"}
{"ts": "2026-08-16T00:18:45.300716673Z", "container": "prefect-postgres", "msg": "2026-08-16 00:18:45.300 UTC [27] LOG:  checkpoint complete: wrote 27 buffers (0.2%); 0 WAL file(s) added, 0 removed, 0 recycled; write=2.608 s, sync=0.007 s, total=2.620 s; sync files=141, longest=0.002 s, average=0.001 s; distance=3091 kB, estimate=3091 kB; lsn=1/33CF8BD0, redo lsn=1/33CEF910"}
{"ts": "2026-08-16T00:23:42.399426245Z", "container": "prefect-postgres", "msg": "2026-08-16 00:23:42.399 UTC [27] LOG:  checkpoint starting: time"}
{"ts": "2026-08-16T00:23:44.833359971Z", "container": "prefect-postgres", "msg": "2026-08-16 00:23:44.833 UTC [27] LOG:  checkpoint complete: wrote 25 buffers (0.2%); 0 WAL file(s) added, 0 removed, 0 recycled; write=2.409 s, sync=0.015 s, total=2.434 s; sync files=28, longest=0.003 s, average=0.001 s; distance=996 kB, estimate=2882 kB; lsn=1/33DEB6B8, redo lsn=1/33DE8BF0"}
{"ts": "2026-08-16T00:28:42.931459624Z", "container": "prefect-postgres", "msg": "2026-08-16 00:28:42.931 UTC [27] LOG:  checkpoint starting: time"}
{"ts": "2026-08-16T00:28:47.265103080Z", "container": "prefect-postgres", "msg": "2026-08-16 00:28:47.264 UTC [27] LOG:  checkpoint complete: wrote 36 buffers (0.2%); 0 WAL file(s) added, 0 removed, 0 recycled; write=4.310 s, sync=0.013 s, total=4.334 s; sync files=35, longest=0.004 s, average=0.001 s; distance=1252 kB, estimate=2719 kB; lsn=1/33F2FC98, redo lsn=1/33F21C68"}
{"ts": "2026-08-16T00:33:42.365234248Z", "container": "prefect-postgres", "msg": "2026-08-16 00:33:42.365 UTC [27] LOG:  checkpoint starting: time"}
{"ts": "2026-08-16T00:33:46.210237846Z", "container": "prefect-postgres", "msg": "2026-08-16 00:33:46.210 UTC [27] LOG:  checkpoint complete: wrote 38 buffers (0.2%); 0 WAL file(s) added, 0 removed, 1 recycled; write=3.810 s, sync=0.020 s, total=3.845 s; sync files=138, longest=0.004 s, average=0.001 s; distance=2557 kB, estimate=2702 kB; lsn=1/341AA040, redo lsn=1/341A1360"}
{"ts": "2026-08-16T00:38:42.307403432Z", "container": "prefect-postgres", "msg": "2026-08-16 00:38:42.307 UTC [27] LOG:  checkpoint starting: time"}
{"ts": "2026-08-16T00:38:44.850336870Z", "container": "prefect-postgres", "msg": "2026-08-16 00:38:44.850 UTC [27] LOG:  checkpoint complete: wrote 26 buffers (0.2%); 0 WAL file(s) added, 0 removed, 0 recycled; write=2.513 s, sync=0.020 s, total=2.543 s; sync files=30, longest=0.003 s, average=0.001 s; distance=989 kB, estimate=2531 kB; lsn=1/342A2218, redo lsn=1/342987A8"}
{"ts": "2026-08-16T00:43:42.950462931Z", "container": "prefect-postgres", "msg": "2026-08-16 00:43:42.950 UTC [27] LOG:  checkpoint starting: time"}
{"ts": "2026-08-16T00:43:46.386517093Z", "container": "prefect-postgres", "msg": "2026-08-16 00:43:46.386 UTC [27] LOG:  checkpoint complete: wrote 29 buffers (0.2%); 0 WAL file(s) added, 0 removed, 0 recycled; write=3.410 s, sync=0.015 s, total=3.437 s; sync files=28, longest=0.003 s, average=0.001 s; distance=1003 kB, estimate=2378 kB; lsn=1/343986F8, redo lsn=1/34393778"}
{"ts": "2026-08-16T00:48:42.483500125Z", "container": "prefect-postgres", "msg": "2026-08-16 00:48:42.483 UTC [27] LOG:  checkpoint starting: time"}
{"ts": "2026-08-16T00:48:45.824153414Z", "container": "prefect-postgres", "msg": "2026-08-16 00:48:45.824 UTC [27] LOG:  checkpoint complete: wrote 34 buffers (0.2%); 0 WAL file(s) added, 0 removed, 0 recycled; write=3.309 s, sync=0.019 s, total=3.341 s; sync files=133, longest=0.003 s, average=0.001 s; distance=2532 kB, estimate=2532 kB; lsn=1/34612E80, redo lsn=1/3460CAF8"}
{"ts": "2026-08-16T00:53:42.889733551Z", "container": "prefect-postgres", "msg": "2026-08-16 00:53:42.889 UTC [27] LOG:  checkpoint starting: time"}
{"ts": "2026-08-16T00:53:46.323242322Z", "container": "prefect-postgres", "msg": "2026-08-16 00:53:46.323 UTC [27] LOG:  checkpoint complete: wrote 27 buffers (0.2%); 0 WAL file(s) added, 0 removed, 0 recycled; write=3.407 s, sync=0.015 s, total=3.434 s; sync files=28, longest=0.004 s, average=0.001 s; distance=987 kB, estimate=2378 kB; lsn=1/34712670, redo lsn=1/34703AE0"}
{"ts": "2026-08-16T00:58:42.419502117Z", "container": "prefect-postgres", "msg": "2026-08-16 00:58:42.419 UTC [27] LOG:  checkpoint starting: time"}
{"ts": "2026-08-16T00:58:45.053487939Z", "container": "prefect-postgres", "msg": "2026-08-16 00:58:45.053 UTC [27] LOG:  checkpoint complete: wrote 26 buffers (0.2%); 0 WAL file(s) added, 0 removed, 0 recycled; write=2.612 s, sync=0.010 s, total=2.635 s; sync files=29, longest=0.004 s, average=0.001 s; distance=1036 kB, estimate=2244 kB; lsn=1/3480F338, redo lsn=1/34806C30"}
{"ts": "2026-08-16T01:03:42.112739151Z", "container": "prefect-postgres", "msg": "2026-08-16 01:03:42.112 UTC [27] LOG:  checkpoint starting: time"}
{"ts": "2026-08-16T01:03:45.946052239Z", "container": "prefect-postgres", "msg": "2026-08-16 01:03:45.945 UTC [27] LOG:  checkpoint complete: wrote 34 buffers (0.2%); 0 WAL file(s) added, 0 removed, 0 recycled; write=3.811 s, sync=0.011 s, total=3.834 s; sync files=29, longest=0.003 s, average=0.001 s; distance=1017 kB, estimate=2121 kB; lsn=1/3490FA08, redo lsn=1/349051E8"}
{"ts": "2026-08-16T01:08:43.043510787Z", "container": "prefect-postgres", "msg": "2026-08-16 01:08:43.043 UTC [27] LOG:  checkpoint starting: time"}
{"ts": "2026-08-16T01:08:47.584561988Z", "container": "prefect-postgres", "msg": "2026-08-16 01:08:47.584 UTC [27] LOG:  checkpoint complete: wrote 38 buffers (0.2%); 0 WAL file(s) added, 0 removed, 0 recycled; write=4.510 s, sync=0.020 s, total=4.542 s; sync files=28, longest=0.004 s, average=0.001 s; distance=1014 kB, estimate=2010 kB; lsn=1/34A0FAF0, redo lsn=1/34A02D20"}
{"ts": "2026-08-16T01:13:43.684670072Z", "container": "prefect-postgres", "msg": "2026-08-16 01:13:43.684 UTC [27] LOG:  checkpoint starting: time"}
{"ts": "2026-08-16T01:13:45.895723454Z", "container": "prefect-postgres", "msg": "2026-08-16 01:13:45.895 UTC [27] LOG:  checkpoint complete: wrote 21 buffers (0.1%); 0 WAL file(s) added, 0 removed, 0 recycled; write=2.205 s, sync=0.002 s, total=2.212 s; sync files=28, longest=0.002 s, average=0.001 s; distance=1083 kB, estimate=1918 kB; lsn=1/34B15130, redo lsn=1/34B11B68"}
{"ts": "2026-08-16T01:18:43.995438310Z", "container": "prefect-postgres", "msg": "2026-08-16 01:18:43.995 UTC [27] LOG:  checkpoint starting: time"}
{"ts": "2026-08-16T01:18:48.412588514Z", "container": "prefect-postgres", "msg": "2026-08-16 01:18:48.412 UTC [27] LOG:  checkpoint complete: wrote 43 buffers (0.3%); 0 WAL file(s) added, 0 removed, 0 recycled; write=4.408 s, sync=0.005 s, total=4.418 s; sync files=28, longest=0.002 s, average=0.001 s; distance=999 kB, estimate=1826 kB; lsn=1/34C14C80, redo lsn=1/34C0B768"}
{"ts": "2026-08-16T01:23:43.512704659Z", "container": "prefect-postgres", "msg": "2026-08-16 01:23:43.512 UTC [27] LOG:  checkpoint starting: time"}
{"ts": "2026-08-16T01:23:48.146315050Z", "container": "prefect-postgres", "msg": "2026-08-16 01:23:48.146 UTC [27] LOG:  checkpoint complete: wrote 47 buffers (0.3%); 0 WAL file(s) added, 0 removed, 0 recycled; write=4.611 s, sync=0.014 s, total=4.634 s; sync files=28, longest=0.004 s, average=0.001 s; distance=1014 kB, estimate=1744 kB; lsn=1/34D0F838, redo lsn=1/34D09018"}
{"ts": "2026-08-16T01:28:43.243777368Z", "container": "prefect-postgres", "msg": "2026-08-16 01:28:43.243 UTC [27] LOG:  checkpoint starting: time"}
{"ts": "2026-08-16T01:28:47.582801003Z", "container": "prefect-postgres", "msg": "2026-08-16 01:28:47.582 UTC [27] LOG:  checkpoint complete: wrote 45 buffers (0.3%); 0 WAL file(s) added, 0 removed, 0 recycled; write=4.316 s, sync=0.013 s, total=4.340 s; sync files=38, longest=0.004 s, average=0.001 s; distance=1198 kB, estimate=1690 kB; lsn=1/34E3AAF0, redo lsn=1/34E34B08"}
{"ts": "2026-08-16T01:33:43.679490627Z", "container": "prefect-postgres", "msg": "2026-08-16 01:33:43.679 UTC [27] LOG:  checkpoint starting: time"}
{"ts": "2026-08-16T01:33:48.523415457Z", "container": "prefect-postgres", "msg": "2026-08-16 01:33:48.523 UTC [27] LOG:  checkpoint complete: wrote 46 buffers (0.3%); 0 WAL file(s) added, 0 removed, 0 recycled; write=4.812 s, sync=0.020 s, total=4.844 s; sync files=29, longest=0.004 s, average=0.001 s; distance=1046 kB, estimate=1626 kB; lsn=1/34F43BF8, redo lsn=1/34F3A700"}
{"ts": "2026-08-16T01:38:43.592399985Z", "container": "prefect-postgres", "msg": "2026-08-16 01:38:43.592 UTC [27] LOG:  checkpoint starting: time"}
{"ts": "2026-08-16T01:38:46.833417147Z", "container": "prefect-postgres", "msg": "2026-08-16 01:38:46.833 UTC [27] LOG:  checkpoint complete: wrote 32 buffers (0.2%); 0 WAL file(s) added, 0 removed, 1 recycled; write=3.214 s, sync=0.015 s, total=3.242 s; sync files=28, longest=0.003 s, average=0.001 s; distance=1053 kB, estimate=1568 kB; lsn=1/35044A80, redo lsn=1/35041D50"}
{"ts": "2026-08-16T01:43:43.933118375Z", "container": "prefect-postgres", "msg": "2026-08-16 01:43:43.933 UTC [27] LOG:  checkpoint starting: time"}
{"ts": "2026-08-16T01:43:47.369683586Z", "container": "prefect-postgres", "msg": "2026-08-16 01:43:47.369 UTC [27] LOG:  checkpoint complete: wrote 35 buffers (0.2%); 0 WAL file(s) added, 0 removed, 0 recycled; write=3.415 s, sync=0.010 s, total=3.437 s; sync files=28, longest=0.003 s, average=0.001 s; distance=1016 kB, estimate=1513 kB; lsn=1/35145248, redo lsn=1/3513FFD0"}
{"ts": "2026-08-16T01:48:43.460700867Z", "container": "prefect-postgres", "msg": "2026-08-16 01:48:43.460 UTC [27] LOG:  checkpoint starting: time"}
{"ts": "2026-08-16T01:48:48.498679796Z", "container": "prefect-postgres", "msg": "2026-08-16 01:48:48.498 UTC [27] LOG:  checkpoint complete: wrote 50 buffers (0.3%); 0 WAL file(s) added, 0 removed, 0 recycled; write=5.014 s, sync=0.013 s, total=5.038 s; sync files=28, longest=0.002 s, average=0.001 s; distance=1047 kB, estimate=1467 kB; lsn=1/3524D1B8, redo lsn=1/35245FA8"}
{"ts": "2026-08-16T01:53:43.566722130Z", "container": "prefect-postgres", "msg": "2026-08-16 01:53:43.566 UTC [27] LOG:  checkpoint starting: time"}
{"ts": "2026-08-16T01:53:48.207424686Z", "container": "prefect-postgres", "msg": "2026-08-16 01:53:48.207 UTC [27] LOG:  checkpoint complete: wrote 45 buffers (0.3%); 0 WAL file(s) added, 0 removed, 0 recycled; write=4.616 s, sync=0.012 s, total=4.641 s; sync files=28, longest=0.004 s, average=0.001 s; distance=1037 kB, estimate=1424 kB; lsn=1/35356490, redo lsn=1/35349798"}
{"ts": "2026-08-16T01:58:43.307514814Z", "container": "prefect-postgres", "msg": "2026-08-16 01:58:43.307 UTC [27] LOG:  checkpoint starting: time"}
{"ts": "2026-08-16T01:58:47.239076256Z", "container": "prefect-postgres", "msg": "2026-08-16 01:58:47.238 UTC [27] LOG:  checkpoint complete: wrote 40 buffers (0.2%); 0 WAL file(s) added, 0 removed, 0 recycled; write=3.910 s, sync=0.011 s, total=3.932 s; sync files=29, longest=0.003 s, average=0.001 s; distance=1066 kB, estimate=1388 kB; lsn=1/3545DC18, redo lsn=1/35454380"}
{"ts": "2026-08-16T02:03:43.339215768Z", "container": "prefect-postgres", "msg": "2026-08-16 02:03:43.339 UTC [27] LOG:  checkpoint starting: time"}
{"ts": "2026-08-16T02:03:45.864274568Z", "container": "prefect-postgres", "msg": "2026-08-16 02:03:45.864 UTC [27] LOG:  checkpoint complete: wrote 26 buffers (0.2%); 0 WAL file(s) added, 0 removed, 0 recycled; write=2.509 s, sync=0.006 s, total=2.526 s; sync files=28, longest=0.003 s, average=0.001 s; distance=1028 kB, estimate=1352 kB; lsn=1/35559270, redo lsn=1/35555768"}
{"ts": "2026-08-16T02:08:43.963488743Z", "container": "prefect-postgres", "msg": "2026-08-16 02:08:43.963 UTC [27] LOG:  checkpoint starting: time"}
{"ts": "2026-08-16T02:08:45.986911971Z", "container": "prefect-postgres", "msg": "2026-08-16 02:08:45.986 UTC [27] LOG:  checkpoint complete: wrote 21 buffers (0.1%); 0 WAL file(s) added, 0 removed, 0 recycled; write=2.006 s, sync=0.008 s, total=2.024 s; sync files=28, longest=0.003 s, average=0.001 s; distance=1023 kB, estimate=1319 kB; lsn=1/3565C120, redo lsn=1/35655658"}
{"ts": "2026-08-16T02:13:44.083485505Z", "container": "prefect-postgres", "msg": "2026-08-16 02:13:44.083 UTC [27] LOG:  checkpoint starting: time"}
{"ts": "2026-08-16T02:13:46.532578829Z", "container": "prefect-postgres", "msg": "2026-08-16 02:13:46.532 UTC [27] LOG:  checkpoint complete: wrote 25 buffers (0.2%); 0 WAL file(s) added, 0 removed, 0 recycled; write=2.413 s, sync=0.013 s, total=2.450 s; sync files=28, longest=0.003 s, average=0.001 s; distance=1020 kB, estimate=1289 kB; lsn=1/3575AE78, redo lsn=1/357546E8"}
{"ts": "2026-08-16T02:18:44.632731256Z", "container": "prefect-postgres", "msg": "2026-08-16 02:18:44.632 UTC [27] LOG:  checkpoint starting: time"}
{"ts": "2026-08-16T02:18:49.373690416Z", "container": "prefect-postgres", "msg": "2026-08-16 02:18:49.373 UTC [27] LOG:  checkpoint complete: wrote 47 buffers (0.3%); 0 WAL file(s) added, 0 removed, 0 recycled; write=4.716 s, sync=0.016 s, total=4.741 s; sync files=28, longest=0.003 s, average=0.001 s; distance=1067 kB, estimate=1267 kB; lsn=1/35865520, redo lsn=1/3585F430"}
{"ts": "2026-08-16T02:23:44.450233142Z", "container": "prefect-postgres", "msg": "2026-08-16 02:23:44.450 UTC [27] LOG:  checkpoint starting: time"}
{"ts": "2026-08-16T02:23:50.093450200Z", "container": "prefect-postgres", "msg": "2026-08-16 02:23:50.093 UTC [27] LOG:  checkpoint complete: wrote 49 buffers (0.3%); 0 WAL file(s) added, 0 removed, 0 recycled; write=5.615 s, sync=0.016 s, total=5.644 s; sync files=27, longest=0.002 s, average=0.001 s; distance=985 kB, estimate=1239 kB; lsn=1/3595F740, redo lsn=1/35955940"}
{"ts": "2026-08-16T02:28:44.147456747Z", "container": "prefect-postgres", "msg": "2026-08-16 02:28:44.147 UTC [27] LOG:  checkpoint starting: time"}
{"ts": "2026-08-16T02:28:47.680132819Z", "container": "prefect-postgres", "msg": "2026-08-16 02:28:47.680 UTC [27] LOG:  checkpoint complete: wrote 35 buffers (0.2%); 0 WAL file(s) added, 0 removed, 0 recycled; write=3.513 s, sync=0.009 s, total=3.533 s; sync files=34, longest=0.003 s, average=0.001 s; distance=1066 kB, estimate=1221 kB; lsn=1/35A65A80, redo lsn=1/35A60268"}
{"ts": "2026-08-16T02:33:44.779480436Z", "container": "prefect-postgres", "msg": "2026-08-16 02:33:44.779 UTC [27] LOG:  checkpoint starting: time"}
{"ts": "2026-08-16T02:33:49.106472818Z", "container": "prefect-postgres", "msg": "2026-08-16 02:33:49.106 UTC [27] LOG:  checkpoint complete: wrote 44 buffers (0.3%); 0 WAL file(s) added, 0 removed, 0 recycled; write=4.310 s, sync=0.005 s, total=4.327 s; sync files=28, longest=0.004 s, average=0.001 s; distance=1060 kB, estimate=1205 kB; lsn=1/35B6DC68, redo lsn=1/35B69430"}
{"ts": "2026-08-16T02:38:44.191454931Z", "container": "prefect-postgres", "msg": "2026-08-16 02:38:44.191 UTC [27] LOG:  checkpoint starting: time"}
{"ts": "2026-08-16T02:38:47.624177401Z", "container": "prefect-postgres", "msg": "2026-08-16 02:38:47.624 UTC [27] LOG:  checkpoint complete: wrote 34 buffers (0.2%); 0 WAL file(s) added, 0 removed, 0 recycled; write=3.410 s, sync=0.013 s, total=3.433 s; sync files=28, longest=0.003 s, average=0.001 s; distance=994 kB, estimate=1184 kB; lsn=1/35C6C588, redo lsn=1/35C61DF8"}
{"ts": "2026-08-16T02:43:44.723486900Z", "container": "prefect-postgres", "msg": "2026-08-16 02:43:44.723 UTC [27] LOG:  checkpoint starting: time"}
{"ts": "2026-08-16T02:43:47.755374121Z", "container": "prefect-postgres", "msg": "2026-08-16 02:43:47.755 UTC [27] LOG:  checkpoint complete: wrote 29 buffers (0.2%); 0 WAL file(s) added, 0 removed, 0 recycled; write=3.008 s, sync=0.012 s, total=3.032 s; sync files=28, longest=0.004 s, average=0.001 s; distance=1007 kB, estimate=1166 kB; lsn=1/35D646C0, redo lsn=1/35D5DC30"}
{"ts": "2026-08-16T02:48:44.853058909Z", "container": "prefect-postgres", "msg": "2026-08-16 02:48:44.852 UTC [27] LOG:  checkpoint starting: time"}
{"ts": "2026-08-16T02:48:49.088564890Z", "container": "prefect-postgres", "msg": "2026-08-16 02:48:49.088 UTC [27] LOG:  checkpoint complete: wrote 40 buffers (0.2%); 0 WAL file(s) added, 0 removed, 0 recycled; write=4.215 s, sync=0.011 s, total=4.236 s; sync files=28, longest=0.004 s, average=0.001 s; distance=1063 kB, estimate=1156 kB; lsn=1/35E6E908, redo lsn=1/35E67BF0"}
{"ts": "2026-08-16T02:53:44.188666905Z", "container": "prefect-postgres", "msg": "2026-08-16 02:53:44.188 UTC [27] LOG:  checkpoint starting: time"}
{"ts": "2026-08-16T02:53:47.423112971Z", "container": "prefect-postgres", "msg": "2026-08-16 02:53:47.423 UTC [27] LOG:  checkpoint complete: wrote 33 buffers (0.2%); 0 WAL file(s) added, 0 removed, 0 recycled; write=3.209 s, sync=0.013 s, total=3.235 s; sync files=28, longest=0.003 s, average=0.001 s; distance=1003 kB, estimate=1141 kB; lsn=1/35F66CF0, redo lsn=1/35F62958"}
{"ts": "2026-08-16T02:58:44.503225681Z", "container": "prefect-postgres", "msg": "2026-08-16 02:58:44.503 UTC [27] LOG:  checkpoint starting: time"}
{"ts": "2026-08-16T02:58:48.342028102Z", "container": "prefect-postgres", "msg": "2026-08-16 02:58:48.341 UTC [27] LOG:  checkpoint complete: wrote 34 buffers (0.2%); 0 WAL file(s) added, 0 removed, 1 recycled; write=3.811 s, sync=0.013 s, total=3.839 s; sync files=29, longest=0.003 s, average=0.001 s; distance=1060 kB, estimate=1133 kB; lsn=1/3607B7E8, redo lsn=1/3606BCC0"}
{"ts": "2026-08-16T03:03:44.414338479Z", "container": "prefect-postgres", "msg": "2026-08-16 03:03:44.414 UTC [27] LOG:  checkpoint starting: time"}
{"ts": "2026-08-16T03:03:48.552158058Z", "container": "prefect-postgres", "msg": "2026-08-16 03:03:48.552 UTC [27] LOG:  checkpoint complete: wrote 42 buffers (0.3%); 0 WAL file(s) added, 0 removed, 0 recycled; write=4.110 s, sync=0.018 s, total=4.138 s; sync files=28, longest=0.004 s, average=0.001 s; distance=1015 kB, estimate=1121 kB; lsn=1/36170800, redo lsn=1/36169908"}
{"ts": "2026-08-16T03:08:44.651470563Z", "container": "prefect-postgres", "msg": "2026-08-16 03:08:44.651 UTC [27] LOG:  checkpoint starting: time"}
{"ts": "2026-08-16T03:08:47.488230051Z", "container": "prefect-postgres", "msg": "2026-08-16 03:08:47.488 UTC [27] LOG:  checkpoint complete: wrote 30 buffers (0.2%); 0 WAL file(s) added, 0 removed, 0 recycled; write=2.814 s, sync=0.012 s, total=2.837 s; sync files=28, longest=0.003 s, average=0.001 s; distance=1028 kB, estimate=1112 kB; lsn=1/3626DC78, redo lsn=1/3626AA48"}
{"ts": "2026-08-16T03:13:44.587466197Z", "container": "prefect-postgres", "msg": "2026-08-16 03:13:44.587 UTC [27] LOG:  checkpoint starting: time"}
{"ts": "2026-08-16T03:13:50.023833827Z", "container": "prefect-postgres", "msg": "2026-08-16 03:13:50.023 UTC [27] LOG:  checkpoint complete: wrote 53 buffers (0.3%); 0 WAL file(s) added, 0 removed, 0 recycled; write=5.414 s, sync=0.011 s, total=5.437 s; sync files=28, longest=0.003 s, average=0.001 s; distance=1030 kB, estimate=1103 kB; lsn=1/36372C88, redo lsn=1/3636C3C0"}
{"ts": "2026-08-16T03:18:44.123479188Z", "container": "prefect-postgres", "msg": "2026-08-16 03:18:44.123 UTC [27] LOG:  checkpoint starting: time"}
{"ts": "2026-08-16T03:18:47.955719883Z", "container": "prefect-postgres", "msg": "2026-08-16 03:18:47.955 UTC [27] LOG:  checkpoint complete: wrote 38 buffers (0.2%); 0 WAL file(s) added, 0 removed, 0 recycled; write=3.811 s, sync=0.009 s, total=3.833 s; sync files=28, longest=0.003 s, average=0.001 s; distance=1038 kB, estimate=1097 kB; lsn=1/36478A08, redo lsn=1/3646FE28"}
{"ts": "2026-08-16T03:23:45.055460218Z", "container": "prefect-postgres", "msg": "2026-08-16 03:23:45.055 UTC [27] LOG:  checkpoint starting: time"}
{"ts": "2026-08-16T03:23:50.790525081Z", "container": "prefect-postgres", "msg": "2026-08-16 03:23:50.790 UTC [27] LOG:  checkpoint complete: wrote 48 buffers (0.3%); 0 WAL file(s) added, 0 removed, 0 recycled; write=5.712 s, sync=0.013 s, total=5.736 s; sync files=29, longest=0.003 s, average=0.001 s; distance=1064 kB, estimate=1094 kB; lsn=1/36588488, redo lsn=1/36579EE0"}
{"ts": "2026-08-16T03:28:45.887635875Z", "container": "prefect-postgres", "msg": "2026-08-16 03:28:45.887 UTC [27] LOG:  checkpoint starting: time"}
{"ts": "2026-08-16T03:28:48.620492707Z", "container": "prefect-postgres", "msg": "2026-08-16 03:28:48.620 UTC [27] LOG:  checkpoint complete: wrote 28 buffers (0.2%); 0 WAL file(s) added, 0 removed, 0 recycled; write=2.714 s, sync=0.007 s, total=2.733 s; sync files=28, longest=0.003 s, average=0.001 s; distance=1085 kB, estimate=1093 kB; lsn=1/3668BD10, redo lsn=1/36689308"}
{"ts": "2026-08-16T03:33:45.720583595Z", "container": "prefect-postgres", "msg": "2026-08-16 03:33:45.720 UTC [27] LOG:  checkpoint starting: time"}
{"ts": "2026-08-16T03:33:49.055760645Z", "container": "prefect-postgres", "msg": "2026-08-16 03:33:49.055 UTC [27] LOG:  checkpoint complete: wrote 33 buffers (0.2%); 0 WAL file(s) added, 0 removed, 0 recycled; write=3.311 s, sync=0.014 s, total=3.336 s; sync files=28, longest=0.003 s, average=0.001 s; distance=1014 kB, estimate=1085 kB; lsn=1/3678B7A0, redo lsn=1/36786EC0"}
{"ts": "2026-08-16T03:38:45.155850754Z", "container": "prefect-postgres", "msg": "2026-08-16 03:38:45.155 UTC [27] LOG:  checkpoint starting: time"}
{"ts": "2026-08-16T03:38:48.388117859Z", "container": "prefect-postgres", "msg": "2026-08-16 03:38:48.388 UTC [27] LOG:  checkpoint complete: wrote 33 buffers (0.2%); 0 WAL file(s) added, 0 removed, 0 recycled; write=3.211 s, sync=0.010 s, total=3.233 s; sync files=28, longest=0.003 s, average=0.001 s; distance=996 kB, estimate=1076 kB; lsn=1/3688F810, redo lsn=1/3687FEF8"}
{"ts": "2026-08-16T03:43:45.473841794Z", "container": "prefect-postgres", "msg": "2026-08-16 03:43:45.473 UTC [27] LOG:  checkpoint starting: time"}
{"ts": "2026-08-16T03:43:49.414339195Z", "container": "prefect-postgres", "msg": "2026-08-16 03:43:49.414 UTC [27] LOG:  checkpoint complete: wrote 39 buffers (0.2%); 0 WAL file(s) added, 0 removed, 0 recycled; write=3.915 s, sync=0.014 s, total=3.941 s; sync files=28, longest=0.003 s, average=0.001 s; distance=1028 kB, estimate=1071 kB; lsn=1/3698B560, redo lsn=1/36981000"}
{"ts": "2026-08-16T03:48:45.511430814Z", "container": "prefect-postgres", "msg": "2026-08-16 03:48:45.511 UTC [27] LOG:  checkpoint starting: time"}
{"ts": "2026-08-16T03:48:49.550630379Z", "container": "prefect-postgres", "msg": "2026-08-16 03:48:49.550 UTC [27] LOG:  checkpoint complete: wrote 39 buffers (0.2%); 0 WAL file(s) added, 0 removed, 0 recycled; write=4.009 s, sync=0.017 s, total=4.040 s; sync files=28, longest=0.003 s, average=0.001 s; distance=1039 kB, estimate=1068 kB; lsn=1/36A8EA88, redo lsn=1/36A84D10"}
{"ts": "2026-08-16T03:53:45.647408998Z", "container": "prefect-postgres", "msg": "2026-08-16 03:53:45.647 UTC [27] LOG:  checkpoint starting: time"}
{"ts": "2026-08-16T03:53:50.587961214Z", "container": "prefect-postgres", "msg": "2026-08-16 03:53:50.587 UTC [27] LOG:  checkpoint complete: wrote 48 buffers (0.3%); 0 WAL file(s) added, 0 removed, 0 recycled; write=4.916 s, sync=0.014 s, total=4.941 s; sync files=29, longest=0.003 s, average=0.001 s; distance=1061 kB, estimate=1067 kB; lsn=1/36B9E5C0, redo lsn=1/36B8E208"}
{"ts": "2026-08-16T03:58:45.687466436Z", "container": "prefect-postgres", "msg": "2026-08-16 03:58:45.687 UTC [27] LOG:  checkpoint starting: time"}
{"ts": "2026-08-16T03:58:48.029344229Z", "container": "prefect-postgres", "msg": "2026-08-16 03:58:48.029 UTC [27] LOG:  checkpoint complete: wrote 25 buffers (0.2%); 0 WAL file(s) added, 0 removed, 0 recycled; write=2.312 s, sync=0.017 s, total=2.342 s; sync files=28, longest=0.003 s, average=0.001 s; distance=1020 kB, estimate=1062 kB; lsn=1/36C935A0, redo lsn=1/36C8D378"}
{"ts": "2026-08-16T04:03:45.127512426Z", "container": "prefect-postgres", "msg": "2026-08-16 04:03:45.127 UTC [27] LOG:  checkpoint starting: time"}
{"ts": "2026-08-16T04:03:49.372709639Z", "container": "prefect-postgres", "msg": "2026-08-16 04:03:49.372 UTC [27] LOG:  checkpoint complete: wrote 38 buffers (0.2%); 0 WAL file(s) added, 0 removed, 1 recycled; write=4.212 s, sync=0.019 s, total=4.246 s; sync files=149, longest=0.003 s, average=0.001 s; distance=3575 kB, estimate=3575 kB; lsn=1/37018350, redo lsn=1/3700B1C0"}
{"ts": "2026-08-16T04:08:45.458917489Z", "container": "prefect-postgres", "msg": "2026-08-16 04:08:45.458 UTC [27] LOG:  checkpoint starting: time"}
{"ts": "2026-08-16T04:08:49.986654153Z", "container": "prefect-postgres", "msg": "2026-08-16 04:08:49.986 UTC [27] LOG:  checkpoint complete: wrote 46 buffers (0.3%); 0 WAL file(s) added, 0 removed, 0 recycled; write=4.509 s, sync=0.009 s, total=4.528 s; sync files=27, longest=0.003 s, average=0.001 s; distance=1047 kB, estimate=3322 kB; lsn=1/371181B8, redo lsn=1/371110C8"}
{"ts": "2026-08-16T04:13:46.077086396Z", "container": "prefect-postgres", "msg": "2026-08-16 04:13:46.076 UTC [27] LOG:  checkpoint starting: time"}
{"ts": "2026-08-16T04:13:48.910393085Z", "container": "prefect-postgres", "msg": "2026-08-16 04:13:48.910 UTC [27] LOG:  checkpoint complete: wrote 29 buffers (0.2%); 0 WAL file(s) added, 0 removed, 0 recycled; write=2.808 s, sync=0.013 s, total=2.834 s; sync files=28, longest=0.003 s, average=0.001 s; distance=1066 kB, estimate=3097 kB; lsn=1/37220518, redo lsn=1/3721BA98"}
{"ts": "2026-08-16T04:18:47.009363268Z", "container": "prefect-postgres", "msg": "2026-08-16 04:18:47.009 UTC [27] LOG:  checkpoint starting: time"}
{"ts": "2026-08-16T04:18:50.153327284Z", "container": "prefect-postgres", "msg": "2026-08-16 04:18:50.153 UTC [27] LOG:  checkpoint complete: wrote 29 buffers (0.2%); 0 WAL file(s) added, 0 removed, 0 recycled; write=3.109 s, sync=0.023 s, total=3.144 s; sync files=138, longest=0.003 s, average=0.001 s; distance=3168 kB, estimate=3168 kB; lsn=1/3753AC18, redo lsn=1/37533B40"}
{"ts": "2026-08-16T04:23:47.253404057Z", "container": "prefect-postgres", "msg": "2026-08-16 04:23:47.253 UTC [27] LOG:  checkpoint starting: time"}
{"ts": "2026-08-16T04:23:52.189819231Z", "container": "prefect-postgres", "msg": "2026-08-16 04:23:52.189 UTC [27] LOG:  checkpoint complete: wrote 22 buffers (0.1%); 0 WAL file(s) added, 0 removed, 0 recycled; write=4.912 s, sync=0.012 s, total=4.937 s; sync files=29, longest=0.003 s, average=0.001 s; distance=1017 kB, estimate=2953 kB; lsn=1/376413F8, redo lsn=1/37632128"}
{"ts": "2026-08-16T04:28:47.289446056Z", "container": "prefect-postgres", "msg": "2026-08-16 04:28:47.289 UTC [27] LOG:  checkpoint starting: time"}
{"ts": "2026-08-16T04:28:50.323516071Z", "container": "prefect-postgres", "msg": "2026-08-16 04:28:50.323 UTC [27] LOG:  checkpoint complete: wrote 28 buffers (0.2%); 0 WAL file(s) added, 0 removed, 0 recycled; write=3.011 s, sync=0.011 s, total=3.035 s; sync files=37, longest=0.003 s, average=0.001 s; distance=1362 kB, estimate=2794 kB; lsn=1/3778D518, redo lsn=1/37786B30"}
{"ts": "2026-08-16T04:33:47.423504688Z", "container": "prefect-postgres", "msg": "2026-08-16 04:33:47.423 UTC [27] LOG:  checkpoint starting: time"}
{"ts": "2026-08-16T04:33:51.958163485Z", "container": "prefect-postgres", "msg": "2026-08-16 04:33:51.958 UTC [27] LOG:  checkpoint complete: wrote 41 buffers (0.3%); 0 WAL file(s) added, 0 removed, 0 recycled; write=4.510 s, sync=0.014 s, total=4.535 s; sync files=144, longest=0.004 s, average=0.001 s; distance=2797 kB, estimate=2797 kB; lsn=1/37A47100, redo lsn=1/37A42198"}
{"ts": "2026-08-16T04:38:48.055466152Z", "container": "prefect-postgres", "msg": "2026-08-16 04:38:48.055 UTC [27] LOG:  checkpoint starting: time"}
{"ts": "2026-08-16T04:38:51.488378427Z", "container": "prefect-postgres", "msg": "2026-08-16 04:38:51.488 UTC [27] LOG:  checkpoint complete: wrote 35 buffers (0.2%); 0 WAL file(s) added, 0 removed, 0 recycled; write=3.414 s, sync=0.008 s, total=3.433 s; sync files=28, longest=0.003 s, average=0.001 s; distance=1010 kB, estimate=2618 kB; lsn=1/37B42AE0, redo lsn=1/37B3EB60"}
{"ts": "2026-08-16T04:43:48.587451943Z", "container": "prefect-postgres", "msg": "2026-08-16 04:43:48.587 UTC [27] LOG:  checkpoint starting: time"}
{"ts": "2026-08-16T04:43:51.212001941Z", "container": "prefect-postgres", "msg": "2026-08-16 04:43:51.211 UTC [27] LOG:  checkpoint complete: wrote 20 buffers (0.1%); 0 WAL file(s) added, 0 removed, 0 recycled; write=2.606 s, sync=0.008 s, total=2.625 s; sync files=28, longest=0.004 s, average=0.001 s; distance=1015 kB, estimate=2458 kB; lsn=1/37C42250, redo lsn=1/37C3C9F8"}
{"ts": "2026-08-16T04:48:48.310233733Z", "container": "prefect-postgres", "msg": "2026-08-16 04:48:48.310 UTC [27] LOG:  checkpoint starting: time"}
{"ts": "2026-08-16T04:48:51.449881631Z", "container": "prefect-postgres", "msg": "2026-08-16 04:48:51.449 UTC [27] LOG:  checkpoint complete: wrote 33 buffers (0.2%); 0 WAL file(s) added, 0 removed, 0 recycled; write=3.111 s, sync=0.019 s, total=3.140 s; sync files=139, longest=0.003 s, average=0.001 s; distance=2650 kB, estimate=2650 kB; lsn=1/37EDA030, redo lsn=1/37ED3538"}
{"ts": "2026-08-16T04:53:48.547449488Z", "container": "prefect-postgres", "msg": "2026-08-16 04:53:48.547 UTC [27] LOG:  checkpoint starting: time"}
{"ts": "2026-08-16T04:53:50.278748001Z", "container": "prefect-postgres", "msg": "2026-08-16 04:53:50.278 UTC [27] LOG:  checkpoint complete: wrote 18 buffers (0.1%); 0 WAL file(s) added, 0 removed, 0 recycled; write=1.705 s, sync=0.016 s, total=1.732 s; sync files=29, longest=0.003 s, average=0.001 s; distance=1038 kB, estimate=2489 kB; lsn=1/37FDFDF8, redo lsn=1/37FD6E68"}
{"ts": "2026-08-16T04:58:48.364072975Z", "container": "prefect-postgres", "msg": "2026-08-16 04:58:48.363 UTC [27] LOG:  checkpoint starting: time"}
{"ts": "2026-08-16T04:58:52.804151809Z", "container": "prefect-postgres", "msg": "2026-08-16 04:58:52.804 UTC [27] LOG:  checkpoint complete: wrote 38 buffers (0.2%); 0 WAL file(s) added, 0 removed, 1 recycled; write=4.414 s, sync=0.013 s, total=4.441 s; sync files=28, longest=0.003 s, average=0.001 s; distance=1033 kB, estimate=2343 kB; lsn=1/380E31E0, redo lsn=1/380D92B8"}
{"ts": "2026-08-16T05:03:48.904288550Z", "container": "prefect-postgres", "msg": "2026-08-16 05:03:48.904 UTC [27] LOG:  checkpoint starting: time"}
{"ts": "2026-08-16T05:03:51.632022572Z", "container": "prefect-postgres", "msg": "2026-08-16 05:03:51.631 UTC [27] LOG:  checkpoint complete: wrote 27 buffers (0.2%); 0 WAL file(s) added, 0 removed, 0 recycled; write=2.707 s, sync=0.011 s, total=2.728 s; sync files=102, longest=0.004 s, average=0.001 s; distance=2003 kB, estimate=2309 kB; lsn=1/382DBB30, redo lsn=1/382CE0A8"}
{"ts": "2026-08-16T05:08:48.731460097Z", "container": "prefect-postgres", "msg": "2026-08-16 05:08:48.731 UTC [27] LOG:  checkpoint starting: time"}
{"ts": "2026-08-16T05:08:51.964610497Z", "container": "prefect-postgres", "msg": "2026-08-16 05:08:51.964 UTC [27] LOG:  checkpoint complete: wrote 32 buffers (0.2%); 0 WAL file(s) added, 0 removed, 0 recycled; write=3.209 s, sync=0.012 s, total=3.234 s; sync files=27, longest=0.003 s, average=0.001 s; distance=1028 kB, estimate=2181 kB; lsn=1/383D4DD8, redo lsn=1/383CF298"}
{"ts": "2026-08-16T05:13:49.017032139Z", "container": "prefect-postgres", "msg": "2026-08-16 05:13:49.016 UTC [27] LOG:  checkpoint starting: time"}
{"ts": "2026-08-16T05:13:52.543032654Z", "container": "prefect-postgres", "msg": "2026-08-16 05:13:52.542 UTC [27] LOG:  checkpoint complete: wrote 35 buffers (0.2%); 0 WAL file(s) added, 0 removed, 0 recycled; write=3.509 s, sync=0.005 s, total=3.526 s; sync files=28, longest=0.003 s, average=0.001 s; distance=1032 kB, estimate=2066 kB; lsn=1/384D9CE8, redo lsn=1/384D1428"}
{"ts": "2026-08-16T05:18:49.643127205Z", "container": "prefect-postgres", "msg": "2026-08-16 05:18:49.643 UTC [27] LOG:  checkpoint starting: time"}
{"ts": "2026-08-16T05:18:53.375129386Z", "container": "prefect-postgres", "msg": "2026-08-16 05:18:53.375 UTC [27] LOG:  checkpoint complete: wrote 34 buffers (0.2%); 0 WAL file(s) added, 0 removed, 0 recycled; write=3.708 s, sync=0.018 s, total=3.733 s; sync files=30, longest=0.003 s, average=0.001 s; distance=1034 kB, estimate=1963 kB; lsn=1/385E4918, redo lsn=1/385D3EB0"}
{"ts": "2026-08-16T05:23:49.471800241Z", "container": "prefect-postgres", "msg": "2026-08-16 05:23:49.471 UTC [27] LOG:  checkpoint starting: time"}
{"ts": "2026-08-16T05:23:54.006766269Z", "container": "prefect-postgres", "msg": "2026-08-16 05:23:54.006 UTC [27] LOG:  checkpoint complete: wrote 40 buffers (0.2%); 0 WAL file(s) added, 0 removed, 0 recycled; write=4.509 s, sync=0.014 s, total=4.535 s; sync files=96, longest=0.004 s, average=0.001 s; distance=1866 kB, estimate=1953 kB; lsn=1/387BBA98, redo lsn=1/387A6888"}
{"ts": "2026-08-16T05:28:49.106858586Z", "container": "prefect-postgres", "msg": "2026-08-16 05:28:49.106 UTC [27] LOG:  checkpoint starting: time"}
{"ts": "2026-08-16T05:28:52.945666525Z", "container": "prefect-postgres", "msg": "2026-08-16 05:28:52.945 UTC [27] LOG:  checkpoint complete: wrote 36 buffers (0.2%); 0 WAL file(s) added, 0 removed, 0 recycled; write=3.816 s, sync=0.014 s, total=3.839 s; sync files=40, longest=0.002 s, average=0.001 s; distance=1231 kB, estimate=1881 kB; lsn=1/388E4D70, redo lsn=1/388DA570"}
{"ts": "2026-08-16T05:33:50.040586403Z", "container": "prefect-postgres", "msg": "2026-08-16 05:33:50.040 UTC [27] LOG:  checkpoint starting: time"}
{"ts": "2026-08-16T05:33:55.757119010Z", "container": "prefect-postgres", "msg": "2026-08-16 05:33:55.757 UTC [27] LOG:  checkpoint complete: wrote 58 buffers (0.4%); 0 WAL file(s) added, 0 removed, 0 recycled; write=5.711 s, sync=0.003 s, total=5.717 s; sync files=28, longest=0.001 s, average=0.001 s; distance=1017 kB, estimate=1795 kB; lsn=1/389EAFB0, redo lsn=1/389D8AF0"}
{"ts": "2026-08-16T05:38:50.812807879Z", "container": "prefect-postgres", "msg": "2026-08-16 05:38:50.812 UTC [27] LOG:  checkpoint starting: time"}
{"ts": "2026-08-16T05:38:54.630105389Z", "container": "prefect-postgres", "msg": "2026-08-16 05:38:54.629 UTC [27] LOG:  checkpoint complete: wrote 39 buffers (0.2%); 0 WAL file(s) added, 0 removed, 0 recycled; write=3.808 s, sync=0.006 s, total=3.818 s; sync files=30, longest=0.001 s, average=0.001 s; distance=1137 kB, estimate=1729 kB; lsn=1/38B07A58, redo lsn=1/38AF50A8"}
{"ts": "2026-08-16T05:43:50.730187198Z", "container": "prefect-postgres", "msg": "2026-08-16 05:43:50.730 UTC [27] LOG:  checkpoint starting: time"}
{"ts": "2026-08-16T05:43:53.262769703Z", "container": "prefect-postgres", "msg": "2026-08-16 05:43:53.262 UTC [27] LOG:  checkpoint complete: wrote 24 buffers (0.1%); 0 WAL file(s) added, 0 removed, 0 recycled; write=2.511 s, sync=0.010 s, total=2.533 s; sync files=29, longest=0.004 s, average=0.001 s; distance=1050 kB, estimate=1661 kB; lsn=1/38C06D10, redo lsn=1/38BFBB00"}
{"ts": "2026-08-16T05:48:50.339804940Z", "container": "prefect-postgres", "msg": "2026-08-16 05:48:50.339 UTC [27] LOG:  checkpoint starting: time"}
{"ts": "2026-08-16T05:48:55.578889018Z", "container": "prefect-postgres", "msg": "2026-08-16 05:48:55.578 UTC [27] LOG:  checkpoint complete: wrote 52 buffers (0.3%); 0 WAL file(s) added, 0 removed, 0 recycled; write=5.212 s, sync=0.018 s, total=5.240 s; sync files=30, longest=0.002 s, average=0.001 s; distance=1047 kB, estimate=1600 kB; lsn=1/38D09D10, redo lsn=1/38D01718"}
{"ts": "2026-08-16T05:53:50.677441045Z", "container": "prefect-postgres", "msg": "2026-08-16 05:53:50.677 UTC [27] LOG:  checkpoint starting: time"}
{"ts": "2026-08-16T05:53:56.221905191Z", "container": "prefect-postgres", "msg": "2026-08-16 05:53:56.221 UTC [27] LOG:  checkpoint complete: wrote 49 buffers (0.3%); 0 WAL file(s) added, 0 removed, 0 recycled; write=5.515 s, sync=0.017 s, total=5.545 s; sync files=28, longest=0.003 s, average=0.001 s; distance=988 kB, estimate=1538 kB; lsn=1/38E06118, redo lsn=1/38DF8A98"}
{"ts": "2026-08-16T05:58:50.321994328Z", "container": "prefect-postgres", "msg": "2026-08-16 05:58:50.321 UTC [27] LOG:  checkpoint starting: time"}
{"ts": "2026-08-16T05:58:53.051953702Z", "container": "prefect-postgres", "msg": "2026-08-16 05:58:53.051 UTC [27] LOG:  checkpoint complete: wrote 20 buffers (0.1%); 0 WAL file(s) added, 0 removed, 0 recycled; write=2.706 s, sync=0.014 s, total=2.730 s; sync files=28, longest=0.003 s, average=0.001 s; distance=1074 kB, estimate=1492 kB; lsn=1/38F11980, redo lsn=1/38F05310"}
{"ts": "2026-08-16T06:03:50.152033733Z", "container": "prefect-postgres", "msg": "2026-08-16 06:03:50.151 UTC [27] LOG:  checkpoint starting: time"}
{"ts": "2026-08-16T06:03:54.291467934Z", "container": "prefect-postgres", "msg": "2026-08-16 06:03:54.291 UTC [27] LOG:  checkpoint complete: wrote 42 buffers (0.3%); 0 WAL file(s) added, 0 removed, 1 recycled; write=4.115 s, sync=0.011 s, total=4.140 s; sync files=28, longest=0.004 s, average=0.001 s; distance=1031 kB, estimate=1446 kB; lsn=1/39017910, redo lsn=1/390072B0"}
{"ts": "2026-08-16T06:08:50.391461080Z", "container": "prefect-postgres", "msg": "2026-08-16 06:08:50.391 UTC [27] LOG:  checkpoint starting: time"}
{"ts": "2026-08-16T06:08:53.521799248Z", "container": "prefect-postgres", "msg": "2026-08-16 06:08:53.521 UTC [27] LOG:  checkpoint complete: wrote 32 buffers (0.2%); 0 WAL file(s) added, 0 removed, 0 recycled; write=3.108 s, sync=0.013 s, total=3.131 s; sync files=28, longest=0.003 s, average=0.001 s; distance=1046 kB, estimate=1406 kB; lsn=1/3911A400, redo lsn=1/3910CDE0"}
{"ts": "2026-08-16T06:13:50.621913272Z", "container": "prefect-postgres", "msg": "2026-08-16 06:13:50.621 UTC [27] LOG:  checkpoint starting: time"}
{"ts": "2026-08-16T06:13:52.551268299Z", "container": "prefect-postgres", "msg": "2026-08-16 06:13:52.551 UTC [27] LOG:  checkpoint complete: wrote 20 buffers (0.1%); 0 WAL file(s) added, 0 removed, 0 recycled; write=1.907 s, sync=0.014 s, total=1.930 s; sync files=28, longest=0.004 s, average=0.001 s; distance=1014 kB, estimate=1367 kB; lsn=1/3920F080, redo lsn=1/3920A780"}
{"ts": "2026-08-16T06:18:50.643049152Z", "container": "prefect-postgres", "msg": "2026-08-16 06:18:50.642 UTC [27] LOG:  checkpoint starting: time"}
{"ts": "2026-08-16T06:18:52.785215570Z", "container": "prefect-postgres", "msg": "2026-08-16 06:18:52.785 UTC [27] LOG:  checkpoint complete: wrote 22 buffers (0.1%); 0 WAL file(s) added, 0 removed, 0 recycled; write=2.114 s, sync=0.018 s, total=2.143 s; sync files=29, longest=0.003 s, average=0.001 s; distance=1095 kB, estimate=1340 kB; lsn=1/3931F850, redo lsn=1/3931C688"}
{"ts": "2026-08-16T06:23:50.805456294Z", "container": "prefect-postgres", "msg": "2026-08-16 06:23:50.805 UTC [27] LOG:  checkpoint starting: time"}
{"ts": "2026-08-16T06:23:53.840385963Z", "container": "prefect-postgres", "msg": "2026-08-16 06:23:53.840 UTC [27] LOG:  checkpoint complete: wrote 30 buffers (0.2%); 0 WAL file(s) added, 0 removed, 0 recycled; write=3.011 s, sync=0.012 s, total=3.035 s; sync files=28, longest=0.003 s, average=0.001 s; distance=1033 kB, estimate=1309 kB; lsn=1/39426238, redo lsn=1/3941EE28"}
{"ts": "2026-08-16T06:28:50.939484751Z", "container": "prefect-postgres", "msg": "2026-08-16 06:28:50.939 UTC [27] LOG:  checkpoint starting: time"}
{"ts": "2026-08-16T06:28:56.086581386Z", "container": "prefect-postgres", "msg": "2026-08-16 06:28:56.086 UTC [27] LOG:  checkpoint complete: wrote 46 buffers (0.3%); 0 WAL file(s) added, 0 removed, 0 recycled; write=5.113 s, sync=0.019 s, total=5.148 s; sync files=35, longest=0.004 s, average=0.001 s; distance=1040 kB, estimate=1282 kB; lsn=1/3952EC10, redo lsn=1/395230F0"}
{"ts": "2026-08-16T06:33:50.185578921Z", "container": "prefect-postgres", "msg": "2026-08-16 06:33:50.185 UTC [27] LOG:  checkpoint starting: time"}
{"ts": "2026-08-16T06:33:54.823771398Z", "container": "prefect-postgres", "msg": "2026-08-16 06:33:54.823 UTC [27] LOG:  checkpoint complete: wrote 42 buffers (0.3%); 0 WAL file(s) added, 0 removed, 0 recycled; write=4.613 s, sync=0.014 s, total=4.639 s; sync files=28, longest=0.003 s, average=0.001 s; distance=1109 kB, estimate=1265 kB; lsn=1/3964F650, redo lsn=1/396385D8"}
{"ts": "2026-08-16T06:38:50.923861608Z", "container": "prefect-postgres", "msg": "2026-08-16 06:38:50.923 UTC [27] LOG:  checkpoint starting: time"}
{"ts": "2026-08-16T06:38:55.059490597Z", "container": "prefect-postgres", "msg": "2026-08-16 06:38:55.059 UTC [27] LOG:  checkpoint complete: wrote 40 buffers (0.2%); 0 WAL file(s) added, 0 removed, 0 recycled; write=4.115 s, sync=0.009 s, total=4.136 s; sync files=27, longest=0.004 s, average=0.001 s; distance=1024 kB, estimate=1241 kB; lsn=1/39743008, redo lsn=1/39738698"}
{"ts": "2026-08-16T06:43:50.152803478Z", "container": "prefect-postgres", "msg": "2026-08-16 06:43:50.152 UTC [27] LOG:  checkpoint starting: time"}
{"ts": "2026-08-16T06:43:53.479522314Z", "container": "prefect-postgres", "msg": "2026-08-16 06:43:53.479 UTC [27] LOG:  checkpoint complete: wrote 34 buffers (0.2%); 0 WAL file(s) added, 0 removed, 0 recycled; write=3.310 s, sync=0.004 s, total=3.327 s; sync files=31, longest=0.003 s, average=0.001 s; distance=1072 kB, estimate=1224 kB; lsn=1/3984D2A8, redo lsn=1/398449D0"}
{"ts": "2026-08-16T06:48:50.579411037Z", "container": "prefect-postgres", "msg": "2026-08-16 06:48:50.579 UTC [27] LOG:  checkpoint starting: time"}
{"ts": "2026-08-16T06:48:56.114641240Z", "container": "prefect-postgres", "msg": "2026-08-16 06:48:56.114 UTC [27] LOG:  checkpoint complete: wrote 49 buffers (0.3%); 0 WAL file(s) added, 0 removed, 0 recycled; write=5.511 s, sync=0.014 s, total=5.536 s; sync files=28, longest=0.004 s, average=0.001 s; distance=1025 kB, estimate=1204 kB; lsn=1/399571A8, redo lsn=1/39944EE8"}
{"ts": "2026-08-16T06:53:50.211448887Z", "container": "prefect-postgres", "msg": "2026-08-16 06:53:50.211 UTC [27] LOG:  checkpoint starting: time"}
{"ts": "2026-08-16T06:53:53.258481888Z", "container": "prefect-postgres", "msg": "2026-08-16 06:53:53.258 UTC [27] LOG:  checkpoint complete: wrote 31 buffers (0.2%); 0 WAL file(s) added, 0 removed, 0 recycled; write=3.013 s, sync=0.018 s, total=3.048 s; sync files=28, longest=0.003 s, average=0.001 s; distance=1011 kB, estimate=1185 kB; lsn=1/39A4CE98, redo lsn=1/39A41CD8"}
{"ts": "2026-08-16T06:58:50.355463311Z", "container": "prefect-postgres", "msg": "2026-08-16 06:58:50.355 UTC [27] LOG:  checkpoint starting: time"}
{"ts": "2026-08-16T06:58:54.192597375Z", "container": "prefect-postgres", "msg": "2026-08-16 06:58:54.192 UTC [27] LOG:  checkpoint complete: wrote 37 buffers (0.2%); 0 WAL file(s) added, 0 removed, 0 recycled; write=3.810 s, sync=0.017 s, total=3.838 s; sync files=28, longest=0.003 s, average=0.001 s; distance=1101 kB, estimate=1176 kB; lsn=1/39B69D08, redo lsn=1/39B55300"}
{"ts": "2026-08-16T07:03:50.251785760Z", "container": "prefect-postgres", "msg": "2026-08-16 07:03:50.251 UTC [27] LOG:  checkpoint starting: time"}
{"ts": "2026-08-16T07:03:53.685935045Z", "container": "prefect-postgres", "msg": "2026-08-16 07:03:53.685 UTC [27] LOG:  checkpoint complete: wrote 27 buffers (0.2%); 0 WAL file(s) added, 0 removed, 0 recycled; write=3.407 s, sync=0.017 s, total=3.435 s; sync files=28, longest=0.003 s, average=0.001 s; distance=1048 kB, estimate=1163 kB; lsn=1/39C688C0, redo lsn=1/39C5B6B8"}
{"ts": "2026-08-16T07:08:50.784968181Z", "container": "prefect-postgres", "msg": "2026-08-16 07:08:50.784 UTC [27] LOG:  checkpoint starting: time"}
{"ts": "2026-08-16T07:08:54.021961876Z", "container": "prefect-postgres", "msg": "2026-08-16 07:08:54.021 UTC [27] LOG:  checkpoint complete: wrote 32 buffers (0.2%); 0 WAL file(s) added, 0 removed, 0 recycled; write=3.209 s, sync=0.016 s, total=3.237 s; sync files=28, longest=0.004 s, average=0.001 s; distance=1027 kB, estimate=1150 kB; lsn=1/39D6A558, redo lsn=1/39D5C360"}
{"ts": "2026-08-16T07:13:50.119481753Z", "container": "prefect-postgres", "msg": "2026-08-16 07:13:50.119 UTC [27] LOG:  checkpoint starting: time"}
{"ts": "2026-08-16T07:13:53.656696005Z", "container": "prefect-postgres", "msg": "2026-08-16 07:13:53.656 UTC [27] LOG:  checkpoint complete: wrote 35 buffers (0.2%); 0 WAL file(s) added, 0 removed, 0 recycled; write=3.510 s, sync=0.016 s, total=3.538 s; sync files=29, longest=0.003 s, average=0.001 s; distance=1074 kB, estimate=1142 kB; lsn=1/39E743B0, redo lsn=1/39E68D90"}
{"ts": "2026-08-16T07:18:50.755457293Z", "container": "prefect-postgres", "msg": "2026-08-16 07:18:50.755 UTC [27] LOG:  checkpoint starting: time"}
{"ts": "2026-08-16T07:18:54.891725881Z", "container": "prefect-postgres", "msg": "2026-08-16 07:18:54.891 UTC [27] LOG:  checkpoint complete: wrote 43 buffers (0.3%); 0 WAL file(s) added, 0 removed, 0 recycled; write=4.116 s, sync=0.008 s, total=4.137 s; sync files=28, longest=0.004 s, average=0.001 s; distance=1017 kB, estimate=1130 kB; lsn=1/39F70B28, redo lsn=1/39F67460"}
{"ts": "2026-08-16T07:23:50.938087398Z", "container": "prefect-postgres", "msg": "2026-08-16 07:23:50.937 UTC [27] LOG:  checkpoint starting: time"}
{"ts": "2026-08-16T07:23:55.680774091Z", "container": "prefect-postgres", "msg": "2026-08-16 07:23:55.680 UTC [27] LOG:  checkpoint complete: wrote 40 buffers (0.2%); 0 WAL file(s) added, 0 removed, 1 recycled; write=4.716 s, sync=0.015 s, total=4.743 s; sync files=28, longest=0.003 s, average=0.001 s; distance=1045 kB, estimate=1121 kB; lsn=1/3A07A710, redo lsn=1/3A06CBC0"}
{"ts": "2026-08-16T07:28:50.776657118Z", "container": "prefect-postgres", "msg": "2026-08-16 07:28:50.776 UTC [27] LOG:  checkpoint starting: time"}
{"ts": "2026-08-16T07:28:53.711920379Z", "container": "prefect-postgres", "msg": "2026-08-16 07:28:53.711 UTC [27] LOG:  checkpoint complete: wrote 26 buffers (0.2%); 0 WAL file(s) added, 0 removed, 0 recycled; write=2.909 s, sync=0.015 s, total=2.936 s; sync files=27, longest=0.003 s, average=0.001 s; distance=1036 kB, estimate=1113 kB; lsn=1/3A1801E8, redo lsn=1/3A16FE58"}
{"ts": "2026-08-16T07:33:50.811441880Z", "container": "prefect-postgres", "msg": "2026-08-16 07:33:50.811 UTC [27] LOG:  checkpoint starting: time"}
{"ts": "2026-08-16T07:33:53.340373686Z", "container": "prefect-postgres", "msg": "2026-08-16 07:33:53.340 UTC [27] LOG:  checkpoint complete: wrote 26 buffers (0.2%); 0 WAL file(s) added, 0 removed, 0 recycled; write=2.509 s, sync=0.008 s, total=2.529 s; sync files=28, longest=0.003 s, average=0.001 s; distance=1062 kB, estimate=1108 kB; lsn=1/3A27E610, redo lsn=1/3A279990"}
{"ts": "2026-08-16T07:38:50.440450134Z", "container": "prefect-postgres", "msg": "2026-08-16 07:38:50.440 UTC [27] LOG:  checkpoint starting: time"}
{"ts": "2026-08-16T07:38:56.180002777Z", "container": "prefect-postgres", "msg": "2026-08-16 07:38:56.179 UTC [27] LOG:  checkpoint complete: wrote 58 buffers (0.4%); 0 WAL file(s) added, 0 removed, 0 recycled; write=5.713 s, sync=0.015 s, total=5.740 s; sync files=29, longest=0.003 s, average=0.001 s; distance=1044 kB, estimate=1101 kB; lsn=1/3A38DA10, redo lsn=1/3A37ECA0"}
{"ts": "2026-08-16T07:43:50.279466728Z", "container": "prefect-postgres", "msg": "2026-08-16 07:43:50.279 UTC [27] LOG:  checkpoint starting: time"}
{"ts": "2026-08-16T07:43:53.214747172Z", "container": "prefect-postgres", "msg": "2026-08-16 07:43:53.214 UTC [27] LOG:  checkpoint complete: wrote 29 buffers (0.2%); 0 WAL file(s) added, 0 removed, 0 recycled; write=2.910 s, sync=0.016 s, total=2.936 s; sync files=29, longest=0.003 s, average=0.001 s; distance=1078 kB, estimate=1099 kB; lsn=1/3A490710, redo lsn=1/3A48C5F8"}
{"ts": "2026-08-16T07:48:50.311451011Z", "container": "prefect-postgres", "msg": "2026-08-16 07:48:50.311 UTC [27] LOG:  checkpoint starting: time"}
{"ts": "2026-08-16T07:48:54.248364202Z", "container": "prefect-postgres", "msg": "2026-08-16 07:48:54.248 UTC [27] LOG:  checkpoint complete: wrote 39 buffers (0.2%); 0 WAL file(s) added, 0 removed, 0 recycled; write=3.910 s, sync=0.016 s, total=3.937 s; sync files=28, longest=0.003 s, average=0.001 s; distance=1043 kB, estimate=1093 kB; lsn=1/3A59A198, redo lsn=1/3A591318"}
{"ts": "2026-08-16T07:53:50.323842605Z", "container": "prefect-postgres", "msg": "2026-08-16 07:53:50.323 UTC [27] LOG:  checkpoint starting: time"}
{"ts": "2026-08-16T07:53:55.161990310Z", "container": "prefect-postgres", "msg": "2026-08-16 07:53:55.161 UTC [27] LOG:  checkpoint complete: wrote 49 buffers (0.3%); 0 WAL file(s) added, 0 removed, 0 recycled; write=4.814 s, sync=0.015 s, total=4.839 s; sync files=28, longest=0.003 s, average=0.001 s; distance=1037 kB, estimate=1088 kB; lsn=1/3A6A74C8, redo lsn=1/3A694958"}
{"ts": "2026-08-16T07:58:50.259451410Z", "container": "prefect-postgres", "msg": "2026-08-16 07:58:50.259 UTC [27] LOG:  checkpoint starting: time"}
{"ts": "2026-08-16T07:58:54.583914254Z", "container": "prefect-postgres", "msg": "2026-08-16 07:58:54.583 UTC [27] LOG:  checkpoint complete: wrote 44 buffers (0.3%); 0 WAL file(s) added, 0 removed, 0 recycled; write=4.309 s, sync=0.005 s, total=4.325 s; sync files=28, longest=0.003 s, average=0.001 s; distance=1031 kB, estimate=1082 kB; lsn=1/3A7A2020, redo lsn=1/3A796698"}
{"ts": "2026-08-16T08:03:50.681278176Z", "container": "prefect-postgres", "msg": "2026-08-16 08:03:50.681 UTC [27] LOG:  checkpoint starting: time"}
{"ts": "2026-08-16T08:03:53.213248444Z", "container": "prefect-postgres", "msg": "2026-08-16 08:03:53.213 UTC [27] LOG:  checkpoint complete: wrote 26 buffers (0.2%); 0 WAL file(s) added, 0 removed, 0 recycled; write=2.509 s, sync=0.012 s, total=2.532 s; sync files=141, longest=0.003 s, average=0.001 s; distance=3112 kB, estimate=3112 kB; lsn=1/3AAA69A0, redo lsn=1/3AAA0730"}
{"ts": "2026-08-16T08:08:50.313339514Z", "container": "prefect-postgres", "msg": "2026-08-16 08:08:50.313 UTC [27] LOG:  checkpoint starting: time"}
{"ts": "2026-08-16T08:08:55.554123821Z", "container": "prefect-postgres", "msg": "2026-08-16 08:08:55.554 UTC [27] LOG:  checkpoint complete: wrote 53 buffers (0.3%); 0 WAL file(s) added, 0 removed, 0 recycled; write=5.217 s, sync=0.012 s, total=5.241 s; sync files=29, longest=0.003 s, average=0.001 s; distance=1049 kB, estimate=2905 kB; lsn=1/3ABB5088, redo lsn=1/3ABA6DC0"}
{"ts": "2026-08-16T08:13:50.638451169Z", "container": "prefect-postgres", "msg": "2026-08-16 08:13:50.638 UTC [27] LOG:  checkpoint starting: time"}
{"ts": "2026-08-16T08:13:54.169445850Z", "container": "prefect-postgres", "msg": "2026-08-16 08:13:54.169 UTC [27] LOG:  checkpoint complete: wrote 36 buffers (0.2%); 0 WAL file(s) added, 0 removed, 0 recycled; write=3.510 s, sync=0.009 s, total=3.532 s; sync files=28, longest=0.003 s, average=0.001 s; distance=1029 kB, estimate=2718 kB; lsn=1/3ACBAAE8, redo lsn=1/3ACA8270"}
{"ts": "2026-08-16T08:18:50.267493942Z", "container": "prefect-postgres", "msg": "2026-08-16 08:18:50.267 UTC [27] LOG:  checkpoint starting: time"}
{"ts": "2026-08-16T08:18:52.407217204Z", "container": "prefect-postgres", "msg": "2026-08-16 08:18:52.407 UTC [27] LOG:  checkpoint complete: wrote 20 buffers (0.1%); 0 WAL file(s) added, 0 removed, 0 recycled; write=2.111 s, sync=0.018 s, total=2.140 s; sync files=139, longest=0.004 s, average=0.001 s; distance=3243 kB, estimate=3243 kB; lsn=1/3AFDCD38, redo lsn=1/3AFD2EA0"}
{"ts": "2026-08-16T08:23:50.505058751Z", "container": "prefect-postgres", "msg": "2026-08-16 08:23:50.504 UTC [27] LOG:  checkpoint starting: time"}
{"ts": "2026-08-16T08:23:52.554864565Z", "container": "prefect-postgres", "msg": "2026-08-16 08:23:52.554 UTC [27] LOG:  checkpoint complete: wrote 21 buffers (0.1%); 0 WAL file(s) added, 0 removed, 1 recycled; write=2.012 s, sync=0.022 s, total=2.050 s; sync files=28, longest=0.004 s, average=0.001 s; distance=1065 kB, estimate=3025 kB; lsn=1/3B0E3698, redo lsn=1/3B0DD698"}
{"ts": "2026-08-16T08:28:50.654178719Z", "container": "prefect-postgres", "msg": "2026-08-16 08:28:50.654 UTC [27] LOG:  checkpoint starting: time"}
{"ts": "2026-08-16T08:29:00.496280833Z", "container": "prefect-postgres", "msg": "2026-08-16 08:29:00.496 UTC [27] LOG:  checkpoint complete: wrote 59 buffers (0.4%); 0 WAL file(s) added, 0 removed, 0 recycled; write=9.824 s, sync=0.008 s, total=9.843 s; sync files=45, longest=0.004 s, average=0.001 s; distance=1809 kB, estimate=2903 kB; lsn=1/3B2BACE0, redo lsn=1/3B2A1CC0"}
{"ts": "2026-08-16T08:33:50.596436345Z", "container": "prefect-postgres", "msg": "2026-08-16 08:33:50.596 UTC [27] LOG:  checkpoint starting: time"}
{"ts": "2026-08-16T08:33:52.537433960Z", "container": "prefect-postgres", "msg": "2026-08-16 08:33:52.537 UTC [27] LOG:  checkpoint complete: wrote 18 buffers (0.1%); 0 WAL file(s) added, 0 removed, 0 recycled; write=1.912 s, sync=0.017 s, total=1.941 s; sync files=136, longest=0.004 s, average=0.001 s; distance=2673 kB, estimate=2880 kB; lsn=1/3B542C80, redo lsn=1/3B53E3C0"}
{"ts": "2026-08-16T08:38:50.626743350Z", "container": "prefect-postgres", "msg": "2026-08-16 08:38:50.626 UTC [27] LOG:  checkpoint starting: time"}
{"ts": "2026-08-16T08:38:55.966434564Z", "container": "prefect-postgres", "msg": "2026-08-16 08:38:55.966 UTC [27] LOG:  checkpoint complete: wrote 50 buffers (0.3%); 0 WAL file(s) added, 0 removed, 0 recycled; write=5.313 s, sync=0.016 s, total=5.340 s; sync files=29, longest=0.003 s, average=0.001 s; distance=1075 kB, estimate=2700 kB; lsn=1/3B657A68, redo lsn=1/3B64B220"}
{"ts": "2026-08-16T08:43:51.063462490Z", "container": "prefect-postgres", "msg": "2026-08-16 08:43:51.063 UTC [27] LOG:  checkpoint starting: time"}
{"ts": "2026-08-16T08:43:53.803111604Z", "container": "prefect-postgres", "msg": "2026-08-16 08:43:53.803 UTC [27] LOG:  checkpoint complete: wrote 28 buffers (0.2%); 0 WAL file(s) added, 0 removed, 0 recycled; write=2.710 s, sync=0.020 s, total=2.740 s; sync files=28, longest=0.003 s, average=0.001 s; distance=1012 kB, estimate=2531 kB; lsn=1/3B7585F8, redo lsn=1/3B7485F0"}
{"ts": "2026-08-16T08:48:51.903253326Z", "container": "prefect-postgres", "msg": "2026-08-16 08:48:51.903 UTC [27] LOG:  checkpoint starting: time"}
{"ts": "2026-08-16T08:48:55.832280802Z", "container": "prefect-postgres", "msg": "2026-08-16 08:48:55.832 UTC [27] LOG:  checkpoint complete: wrote 33 buffers (0.2%); 0 WAL file(s) added, 0 removed, 0 recycled; write=3.909 s, sync=0.008 s, total=3.930 s; sync files=130, longest=0.003 s, average=0.001 s; distance=2679 kB, estimate=2679 kB; lsn=1/3B9F00D0, redo lsn=1/3B9E6470"}
{"ts": "2026-08-16T08:53:51.932404906Z", "container": "prefect-postgres", "msg": "2026-08-16 08:53:51.932 UTC [27] LOG:  checkpoint starting: time"}
{"ts": "2026-08-16T08:53:55.670309960Z", "container": "prefect-postgres", "msg": "2026-08-16 08:53:55.670 UTC [27] LOG:  checkpoint complete: wrote 38 buffers (0.2%); 0 WAL file(s) added, 0 removed, 0 recycled; write=3.715 s, sync=0.011 s, total=3.738 s; sync files=29, longest=0.003 s, average=0.001 s; distance=1021 kB, estimate=2513 kB; lsn=1/3BAEF5F0, redo lsn=1/3BAE59D0"}
{"ts": "2026-08-16T08:58:51.770391591Z", "container": "prefect-postgres", "msg": "2026-08-16 08:58:51.770 UTC [27] LOG:  checkpoint starting: time"}
{"ts": "2026-08-16T08:58:54.406217093Z", "container": "prefect-postgres", "msg": "2026-08-16 08:58:54.406 UTC [27] LOG:  checkpoint complete: wrote 28 buffers (0.2%); 0 WAL file(s) added, 0 removed, 0 recycled; write=2.613 s, sync=0.012 s, total=2.636 s; sync files=27, longest=0.003 s, average=0.001 s; distance=1045 kB, estimate=2366 kB; lsn=1/3BBF0890, redo lsn=1/3BBEAFA0"}
{"ts": "2026-08-16T09:03:51.505818628Z", "container": "prefect-postgres", "msg": "2026-08-16 09:03:51.505 UTC [27] LOG:  checkpoint starting: time"}
{"ts": "2026-08-16T09:03:55.234553302Z", "container": "prefect-postgres", "msg": "2026-08-16 09:03:55.234 UTC [27] LOG:  checkpoint complete: wrote 38 buffers (0.2%); 0 WAL file(s) added, 0 removed, 0 recycled; write=3.710 s, sync=0.007 s, total=3.729 s; sync files=29, longest=0.003 s, average=0.001 s; distance=1064 kB, estimate=2236 kB; lsn=1/3BCFEB28, redo lsn=1/3BCF5188"}
{"ts": "2026-08-16T09:08:51.331458202Z", "container": "prefect-postgres", "msg": "2026-08-16 09:08:51.331 UTC [27] LOG:  checkpoint starting: time"}
{"ts": "2026-08-16T09:08:55.070300693Z", "container": "prefect-postgres", "msg": "2026-08-16 09:08:55.070 UTC [27] LOG:  checkpoint complete: wrote 38 buffers (0.2%); 0 WAL file(s) added, 0 removed, 0 recycled; write=3.711 s, sync=0.018 s, total=3.739 s; sync files=28, longest=0.003 s, average=0.001 s; distance=1019 kB, estimate=2114 kB; lsn=1/3BDFD640, redo lsn=1/3BDF3F68"}
{"ts": "2026-08-16T09:13:51.168635450Z", "container": "prefect-postgres", "msg": "2026-08-16 09:13:51.168 UTC [27] LOG:  checkpoint starting: time"}
{"ts": "2026-08-16T09:13:54.611313630Z", "container": "prefect-postgres", "msg": "2026-08-16 09:13:54.611 UTC [27] LOG:  checkpoint complete: wrote 34 buffers (0.2%); 0 WAL file(s) added, 0 removed, 0 recycled; write=3.416 s, sync=0.015 s, total=3.443 s; sync files=27, longest=0.003 s, average=0.001 s; distance=1048 kB, estimate=2008 kB; lsn=1/3BF00F08, redo lsn=1/3BEFA298"}
{"ts": "2026-08-16T09:18:51.711389447Z", "container": "prefect-postgres", "msg": "2026-08-16 09:18:51.711 UTC [27] LOG:  checkpoint starting: time"}
{"ts": "2026-08-16T09:18:54.247684411Z", "container": "prefect-postgres", "msg": "2026-08-16 09:18:54.247 UTC [27] LOG:  checkpoint complete: wrote 20 buffers (0.1%); 0 WAL file(s) added, 0 removed, 1 recycled; write=2.507 s, sync=0.014 s, total=2.537 s; sync files=28, longest=0.003 s, average=0.001 s; distance=1099 kB, estimate=1917 kB; lsn=1/3C012478, redo lsn=1/3C00D1C0"}
{"ts": "2026-08-16T09:23:51.347457304Z", "container": "prefect-postgres", "msg": "2026-08-16 09:23:51.347 UTC [27] LOG:  checkpoint starting: time"}
{"ts": "2026-08-16T09:23:54.776661524Z", "container": "prefect-postgres", "msg": "2026-08-16 09:23:54.776 UTC [27] LOG:  checkpoint complete: wrote 32 buffers (0.2%); 0 WAL file(s) added, 0 removed, 0 recycled; write=3.410 s, sync=0.009 s, total=3.430 s; sync files=28, longest=0.004 s, average=0.001 s; distance=1078 kB, estimate=1833 kB; lsn=1/3C128058, redo lsn=1/3C11AA58"}
{"ts": "2026-08-16T09:28:51.806240910Z", "container": "prefect-postgres", "msg": "2026-08-16 09:28:51.806 UTC [27] LOG:  checkpoint starting: time"}
{"ts": "2026-08-16T09:28:55.741798646Z", "container": "prefect-postgres", "msg": "2026-08-16 09:28:55.741 UTC [27] LOG:  checkpoint complete: wrote 38 buffers (0.2%); 0 WAL file(s) added, 0 removed, 0 recycled; write=3.912 s, sync=0.013 s, total=3.936 s; sync files=38, longest=0.003 s, average=0.001 s; distance=1149 kB, estimate=1765 kB; lsn=1/3C247CE8, redo lsn=1/3C23A080"}
{"ts": "2026-08-16T09:33:51.841899561Z", "container": "prefect-postgres", "msg": "2026-08-16 09:33:51.841 UTC [27] LOG:  checkpoint starting: time"}
{"ts": "2026-08-16T09:33:55.071565353Z", "container": "prefect-postgres", "msg": "2026-08-16 09:33:55.071 UTC [27] LOG:  checkpoint complete: wrote 33 buffers (0.2%); 0 WAL file(s) added, 0 removed, 0 recycled; write=3.214 s, sync=0.006 s, total=3.230 s; sync files=29, longest=0.003 s, average=0.001 s; distance=1111 kB, estimate=1699 kB; lsn=1/3C35C270, redo lsn=1/3C34FCE8"}
{"ts": "2026-08-16T09:38:51.141786862Z", "container": "prefect-postgres", "msg": "2026-08-16 09:38:51.141 UTC [27] LOG:  checkpoint starting: time"}
{"ts": "2026-08-16T09:38:53.581095152Z", "container": "prefect-postgres", "msg": "2026-08-16 09:38:53.580 UTC [27] LOG:  checkpoint complete: wrote 23 buffers (0.1%); 0 WAL file(s) added, 0 removed, 0 recycled; write=2.407 s, sync=0.019 s, total=2.440 s; sync files=28, longest=0.003 s, average=0.001 s; distance=1041 kB, estimate=1633 kB; lsn=1/3C45E188, redo lsn=1/3C454310"}
{"ts": "2026-08-16T09:43:51.681175629Z", "container": "prefect-postgres", "msg": "2026-08-16 09:43:51.681 UTC [27] LOG:  checkpoint starting: time"}
{"ts": "2026-08-16T09:43:55.814100451Z", "container": "prefect-postgres", "msg": "2026-08-16 09:43:55.813 UTC [27] LOG:  checkpoint complete: wrote 42 buffers (0.3%); 0 WAL file(s) added, 0 removed, 0 recycled; write=4.111 s, sync=0.012 s, total=4.133 s; sync files=28, longest=0.004 s, average=0.001 s; distance=1069 kB, estimate=1577 kB; lsn=1/3C56BC80, redo lsn=1/3C55F878"}
{"ts": "2026-08-16T09:48:51.911472813Z", "container": "prefect-postgres", "msg": "2026-08-16 09:48:51.911 UTC [27] LOG:  checkpoint starting: time"}
{"ts": "2026-08-16T09:48:55.843458829Z", "container": "prefect-postgres", "msg": "2026-08-16 09:48:55.843 UTC [27] LOG:  checkpoint complete: wrote 41 buffers (0.3%); 0 WAL file(s) added, 0 removed, 0 recycled; write=3.912 s, sync=0.010 s, total=3.932 s; sync files=28, longest=0.003 s, average=0.001 s; distance=1049 kB, estimate=1524 kB; lsn=1/3C670418, redo lsn=1/3C666070"}
{"ts": "2026-08-16T09:53:51.942959624Z", "container": "prefect-postgres", "msg": "2026-08-16 09:53:51.942 UTC [27] LOG:  checkpoint starting: time"}
{"ts": "2026-08-16T09:53:55.682563696Z", "container": "prefect-postgres", "msg": "2026-08-16 09:53:55.682 UTC [27] LOG:  checkpoint complete: wrote 37 buffers (0.2%); 0 WAL file(s) added, 0 removed, 0 recycled; write=3.715 s, sync=0.012 s, total=3.740 s; sync files=28, longest=0.003 s, average=0.001 s; distance=1053 kB, estimate=1477 kB; lsn=1/3C777728, redo lsn=1/3C76D788"}
{"ts": "2026-08-16T09:58:51.779441759Z", "container": "prefect-postgres", "msg": "2026-08-16 09:58:51.779 UTC [27] LOG:  checkpoint starting: time"}
{"ts": "2026-08-16T09:58:54.617631309Z", "container": "prefect-postgres", "msg": "2026-08-16 09:58:54.617 UTC [27] LOG:  checkpoint complete: wrote 21 buffers (0.1%); 0 WAL file(s) added, 0 removed, 0 recycled; write=2.812 s, sync=0.014 s, total=2.839 s; sync files=28, longest=0.004 s, average=0.001 s; distance=1061 kB, estimate=1436 kB; lsn=1/3C886C08, redo lsn=1/3C876F10"}
{"ts": "2026-08-16T10:03:51.715438365Z", "container": "prefect-postgres", "msg": "2026-08-16 10:03:51.715 UTC [27] LOG:  checkpoint starting: time"}
{"ts": "2026-08-16T10:03:53.945761883Z", "container": "prefect-postgres", "msg": "2026-08-16 10:03:53.945 UTC [27] LOG:  checkpoint complete: wrote 23 buffers (0.1%); 0 WAL file(s) added, 0 removed, 0 recycled; write=2.208 s, sync=0.013 s, total=2.231 s; sync files=29, longest=0.003 s, average=0.001 s; distance=1053 kB, estimate=1397 kB; lsn=1/3C987D48, redo lsn=1/3C97E468"}
{"ts": "2026-08-16T10:08:52.044851004Z", "container": "prefect-postgres", "msg": "2026-08-16 10:08:52.044 UTC [27] LOG:  checkpoint starting: time"}
{"ts": "2026-08-16T10:08:55.185610010Z", "container": "prefect-postgres", "msg": "2026-08-16 10:08:55.185 UTC [27] LOG:  checkpoint complete: wrote 32 buffers (0.2%); 0 WAL file(s) added, 0 removed, 0 recycled; write=3.114 s, sync=0.015 s, total=3.141 s; sync files=28, longest=0.004 s, average=0.001 s; distance=1119 kB, estimate=1369 kB; lsn=1/3CA9E6B0, redo lsn=1/3CA96190"}
{"ts": "2026-08-16T10:13:52.283462712Z", "container": "prefect-postgres", "msg": "2026-08-16 10:13:52.283 UTC [27] LOG:  checkpoint starting: time"}
{"ts": "2026-08-16T10:13:54.222426452Z", "container": "prefect-postgres", "msg": "2026-08-16 10:13:54.222 UTC [27] LOG:  checkpoint complete: wrote 20 buffers (0.1%); 0 WAL file(s) added, 0 removed, 0 recycled; write=1.906 s, sync=0.022 s, total=1.939 s; sync files=28, longest=0.004 s, average=0.001 s; distance=1062 kB, estimate=1339 kB; lsn=1/3CBA92E0, redo lsn=1/3CB9FBC8"}
{"ts": "2026-08-16T10:18:52.320382804Z", "container": "prefect-postgres", "msg": "2026-08-16 10:18:52.320 UTC [27] LOG:  checkpoint starting: time"}
{"ts": "2026-08-16T10:18:55.765659119Z", "container": "prefect-postgres", "msg": "2026-08-16 10:18:55.765 UTC [27] LOG:  checkpoint complete: wrote 35 buffers (0.2%); 0 WAL file(s) added, 0 removed, 0 recycled; write=3.408 s, sync=0.027 s, total=3.446 s; sync files=28, longest=0.004 s, average=0.001 s; distance=1060 kB, estimate=1311 kB; lsn=1/3CCBA970, redo lsn=1/3CCA8DB8"}
{"ts": "2026-08-16T10:23:52.863430995Z", "container": "prefect-postgres", "msg": "2026-08-16 10:23:52.863 UTC [27] LOG:  checkpoint starting: time"}
{"ts": "2026-08-16T10:23:56.704612794Z", "container": "prefect-postgres", "msg": "2026-08-16 10:23:56.704 UTC [27] LOG:  checkpoint complete: wrote 31 buffers (0.2%); 0 WAL file(s) added, 0 removed, 0 recycled; write=3.811 s, sync=0.019 s, total=3.842 s; sync files=28, longest=0.004 s, average=0.001 s; distance=1045 kB, estimate=1284 kB; lsn=1/3CDBE1F0, redo lsn=1/3CDAE568"}
{"ts": "2026-08-16T10:28:52.803400664Z", "container": "prefect-postgres", "msg": "2026-08-16 10:28:52.803 UTC [27] LOG:  checkpoint starting: time"}
{"ts": "2026-08-16T10:28:56.740639254Z", "container": "prefect-postgres", "msg": "2026-08-16 10:28:56.740 UTC [27] LOG:  checkpoint complete: wrote 29 buffers (0.2%); 0 WAL file(s) added, 0 removed, 0 recycled; write=3.909 s, sync=0.018 s, total=3.938 s; sync files=34, longest=0.003 s, average=0.001 s; distance=1104 kB, estimate=1266 kB; lsn=1/3CECF9D0, redo lsn=1/3CEC2608"}
{"ts": "2026-08-16T10:33:52.839438132Z", "container": "prefect-postgres", "msg": "2026-08-16 10:33:52.839 UTC [27] LOG:  checkpoint starting: time"}
{"ts": "2026-08-16T10:33:56.884440904Z", "container": "prefect-postgres", "msg": "2026-08-16 10:33:56.884 UTC [27] LOG:  checkpoint complete: wrote 31 buffers (0.2%); 0 WAL file(s) added, 0 removed, 0 recycled; write=4.012 s, sync=0.021 s, total=4.045 s; sync files=28, longest=0.004 s, average=0.001 s; distance=1086 kB, estimate=1248 kB; lsn=1/3CFDF910, redo lsn=1/3CFD1E50"}
{"ts": "2026-08-16T10:38:52.983445613Z", "container": "prefect-postgres", "msg": "2026-08-16 10:38:52.983 UTC [27] LOG:  checkpoint starting: time"}
{"ts": "2026-08-16T10:38:59.125770956Z", "container": "prefect-postgres", "msg": "2026-08-16 10:38:59.125 UTC [27] LOG:  checkpoint complete: wrote 58 buffers (0.4%); 0 WAL file(s) added, 0 removed, 1 recycled; write=6.115 s, sync=0.014 s, total=6.143 s; sync files=27, longest=0.003 s, average=0.001 s; distance=1027 kB, estimate=1226 kB; lsn=1/3D0E6E80, redo lsn=1/3D0D2B58"}
{"ts": "2026-08-16T10:43:52.223459215Z", "container": "prefect-postgres", "msg": "2026-08-16 10:43:52.223 UTC [27] LOG:  checkpoint starting: time"}
{"ts": "2026-08-16T10:43:55.957431466Z", "container": "prefect-postgres", "msg": "2026-08-16 10:43:55.957 UTC [27] LOG:  checkpoint complete: wrote 37 buffers (0.2%); 0 WAL file(s) added, 0 removed, 0 recycled; write=3.709 s, sync=0.015 s, total=3.734 s; sync files=28, longest=0.005 s, average=0.001 s; distance=997 kB, estimate=1203 kB; lsn=1/3D1E2608, redo lsn=1/3D1CC220"}
{"ts": "2026-08-16T10:48:53.055455231Z", "container": "prefect-postgres", "msg": "2026-08-16 10:48:53.055 UTC [27] LOG:  checkpoint starting: time"}
{"ts": "2026-08-16T10:48:55.987082689Z", "container": "prefect-postgres", "msg": "2026-08-16 10:48:55.986 UTC [27] LOG:  checkpoint complete: wrote 29 buffers (0.2%); 0 WAL file(s) added, 0 removed, 0 recycled; write=2.914 s, sync=0.006 s, total=2.932 s; sync files=28, longest=0.004 s, average=0.001 s; distance=1066 kB, estimate=1189 kB; lsn=1/3D2E2070, redo lsn=1/3D2D6E08"}
{"ts": "2026-08-16T10:53:54.083464579Z", "container": "prefect-postgres", "msg": "2026-08-16 10:53:54.083 UTC [27] LOG:  checkpoint starting: time"}
{"ts": "2026-08-16T10:53:56.405059988Z", "container": "prefect-postgres", "msg": "2026-08-16 10:53:56.404 UTC [27] LOG:  checkpoint complete: wrote 24 buffers (0.1%); 0 WAL file(s) added, 0 removed, 0 recycled; write=2.306 s, sync=0.006 s, total=2.322 s; sync files=28, longest=0.004 s, average=0.001 s; distance=1017 kB, estimate=1172 kB; lsn=1/3D3DFB50, redo lsn=1/3D3D5490"}
{"ts": "2026-08-16T10:58:54.505155566Z", "container": "prefect-postgres", "msg": "2026-08-16 10:58:54.505 UTC [27] LOG:  checkpoint starting: time"}
{"ts": "2026-08-16T10:58:58.740892150Z", "container": "prefect-postgres", "msg": "2026-08-16 10:58:58.740 UTC [27] LOG:  checkpoint complete: wrote 43 buffers (0.3%); 0 WAL file(s) added, 0 removed, 0 recycled; write=4.212 s, sync=0.012 s, total=4.236 s; sync files=29, longest=0.003 s, average=0.001 s; distance=1057 kB, estimate=1161 kB; lsn=1/3D4EA6A8, redo lsn=1/3D4DDC60"}
{"ts": "2026-08-16T11:03:54.831490134Z", "container": "prefect-postgres", "msg": "2026-08-16 11:03:54.831 UTC [27] LOG:  checkpoint starting: time"}
{"ts": "2026-08-16T11:03:57.560971590Z", "container": "prefect-postgres", "msg": "2026-08-16 11:03:57.560 UTC [27] LOG:  checkpoint complete: wrote 28 buffers (0.2%); 0 WAL file(s) added, 0 removed, 0 recycled; write=2.709 s, sync=0.009 s, total=2.730 s; sync files=27, longest=0.003 s, average=0.001 s; distance=1126 kB, estimate=1157 kB; lsn=1/3D603E98, redo lsn=1/3D5F7478"}
{"ts": "2026-08-16T11:08:54.659444680Z", "container": "prefect-postgres", "msg": "2026-08-16 11:08:54.659 UTC [27] LOG:  checkpoint starting: time"}
{"ts": "2026-08-16T11:08:58.176697121Z", "container": "prefect-postgres", "msg": "2026-08-16 11:08:58.176 UTC [27] LOG:  checkpoint complete: wrote 36 buffers (0.2%); 0 WAL file(s) added, 0 removed, 0 recycled; write=3.507 s, sync=0.006 s, total=3.518 s; sync files=26, longest=0.001 s, average=0.001 s; distance=1018 kB, estimate=1143 kB; lsn=1/3D6FF540, redo lsn=1/3D6F5CF8"}
{"ts": "2026-08-16T11:13:54.265103252Z", "container": "prefect-postgres", "msg": "2026-08-16 11:13:54.264 UTC [27] LOG:  checkpoint starting: time"}
{"ts": "2026-08-16T11:13:57.293910192Z", "container": "prefect-postgres", "msg": "2026-08-16 11:13:57.293 UTC [27] LOG:  checkpoint complete: wrote 31 buffers (0.2%); 0 WAL file(s) added, 0 removed, 0 recycled; write=3.010 s, sync=0.009 s, total=3.029 s; sync files=28, longest=0.003 s, average=0.001 s; distance=1065 kB, estimate=1135 kB; lsn=1/3D809CC0, redo lsn=1/3D8003E8"}
{"ts": "2026-08-16T11:18:54.394006550Z", "container": "prefect-postgres", "msg": "2026-08-16 11:18:54.393 UTC [27] LOG:  checkpoint starting: time"}
{"ts": "2026-08-16T11:18:58.427660489Z", "container": "prefect-postgres", "msg": "2026-08-16 11:18:58.427 UTC [27] LOG:  checkpoint complete: wrote 41 buffers (0.3%); 0 WAL file(s) added, 0 removed, 0 recycled; write=4.010 s, sync=0.011 s, total=4.034 s; sync files=28, longest=0.004 s, average=0.001 s; distance=1006 kB, estimate=1122 kB; lsn=1/3D90CCA8, redo lsn=1/3D8FBC20"}
{"ts": "2026-08-16T11:23:54.527454835Z", "container": "prefect-postgres", "msg": "2026-08-16 11:23:54.527 UTC [27] LOG:  checkpoint starting: time"}
{"ts": "2026-08-16T11:23:59.571662319Z", "container": "prefect-postgres", "msg": "2026-08-16 11:23:59.571 UTC [27] LOG:  checkpoint complete: wrote 46 buffers (0.3%); 0 WAL file(s) added, 0 removed, 0 recycled; write=5.018 s, sync=0.016 s, total=5.045 s; sync files=29, longest=0.003 s, average=0.001 s; distance=1088 kB, estimate=1119 kB; lsn=1/3DA199F0, redo lsn=1/3DA0BED8"}
{"ts": "2026-08-16T11:28:54.671450444Z", "container": "prefect-postgres", "msg": "2026-08-16 11:28:54.671 UTC [27] LOG:  checkpoint starting: time"}
{"ts": "2026-08-16T11:28:59.609478239Z", "container": "prefect-postgres", "msg": "2026-08-16 11:28:59.609 UTC [27] LOG:  checkpoint complete: wrote 47 buffers (0.3%); 0 WAL file(s) added, 0 removed, 0 recycled; write=4.916 s, sync=0.011 s, total=4.939 s; sync files=28, longest=0.004 s, average=0.001 s; distance=1070 kB, estimate=1114 kB; lsn=1/3DB218C8, redo lsn=1/3DB17858"}
{"ts": "2026-08-16T11:33:54.707467478Z", "container": "prefect-postgres", "msg": "2026-08-16 11:33:54.707 UTC [27] LOG:  checkpoint starting: time"}
{"ts": "2026-08-16T11:33:58.435096312Z", "container": "prefect-postgres", "msg": "2026-08-16 11:33:58.435 UTC [27] LOG:  checkpoint complete: wrote 35 buffers (0.2%); 0 WAL file(s) added, 0 removed, 0 recycled; write=3.708 s, sync=0.010 s, total=3.728 s; sync files=27, longest=0.004 s, average=0.001 s; distance=1035 kB, estimate=1106 kB; lsn=1/3DC2A810, redo lsn=1/3DC1A558"}
{"ts": "2026-08-16T11:38:54.532619635Z", "container": "prefect-postgres", "msg": "2026-08-16 11:38:54.532 UTC [27] LOG:  checkpoint starting: time"}
{"ts": "2026-08-16T11:38:58.266544141Z", "container": "prefect-postgres", "msg": "2026-08-16 11:38:58.266 UTC [27] LOG:  checkpoint complete: wrote 35 buffers (0.2%); 0 WAL file(s) added, 0 removed, 0 recycled; write=3.710 s, sync=0.014 s, total=3.734 s; sync files=28, longest=0.003 s, average=0.001 s; distance=1048 kB, estimate=1100 kB; lsn=1/3DD27F50, redo lsn=1/3DD20730"}
{"ts": "2026-08-16T11:43:54.366234052Z", "container": "prefect-postgres", "msg": "2026-08-16 11:43:54.366 UTC [27] LOG:  checkpoint starting: time"}
{"ts": "2026-08-16T11:43:59.004078367Z", "container": "prefect-postgres", "msg": "2026-08-16 11:43:59.003 UTC [27] LOG:  checkpoint complete: wrote 38 buffers (0.2%); 0 WAL file(s) added, 0 removed, 0 recycled; write=4.610 s, sync=0.016 s, total=4.638 s; sync files=28, longest=0.003 s, average=0.001 s; distance=1021 kB, estimate=1092 kB; lsn=1/3DE35250, redo lsn=1/3DE1FC78"}
{"ts": "2026-08-16T11:48:54.103474595Z", "container": "prefect-postgres", "msg": "2026-08-16 11:48:54.103 UTC [27] LOG:  checkpoint starting: time"}
{"ts": "2026-08-16T11:48:58.235921157Z", "container": "prefect-postgres", "msg": "2026-08-16 11:48:58.235 UTC [27] LOG:  checkpoint complete: wrote 40 buffers (0.2%); 0 WAL file(s) added, 0 removed, 0 recycled; write=4.110 s, sync=0.012 s, total=4.133 s; sync files=28, longest=0.003 s, average=0.001 s; distance=1064 kB, estimate=1090 kB; lsn=1/3DF381F0, redo lsn=1/3DF29CB8"}
{"ts": "2026-08-16T11:53:54.257864522Z", "container": "prefect-postgres", "msg": "2026-08-16 11:53:54.257 UTC [27] LOG:  checkpoint starting: time"}
{"ts": "2026-08-16T11:53:59.897910072Z", "container": "prefect-postgres", "msg": "2026-08-16 11:53:59.897 UTC [27] LOG:  checkpoint complete: wrote 53 buffers (0.3%); 0 WAL file(s) added, 0 removed, 1 recycled; write=5.612 s, sync=0.015 s, total=5.641 s; sync files=29, longest=0.003 s, average=0.001 s; distance=1151 kB, estimate=1151 kB; lsn=1/3E0529B8, redo lsn=1/3E049C18"}
{"ts": "2026-08-16T11:58:54.995442136Z", "container": "prefect-postgres", "msg": "2026-08-16 11:58:54.995 UTC [27] LOG:  checkpoint starting: time"}
{"ts": "2026-08-16T11:58:59.831809341Z", "container": "prefect-postgres", "msg": "2026-08-16 11:58:59.831 UTC [27] LOG:  checkpoint complete: wrote 43 buffers (0.3%); 0 WAL file(s) added, 0 removed, 0 recycled; write=4.815 s, sync=0.010 s, total=4.837 s; sync files=28, longest=0.003 s, average=0.001 s; distance=1038 kB, estimate=1140 kB; lsn=1/3E15C4E8, redo lsn=1/3E14D700"}
{"ts": "2026-08-16T12:03:54.910611119Z", "container": "prefect-postgres", "msg": "2026-08-16 12:03:54.910 UTC [27] LOG:  checkpoint starting: time"}
{"ts": "2026-08-16T12:03:59.243729482Z", "container": "prefect-postgres", "msg": "2026-08-16 12:03:59.243 UTC [27] LOG:  checkpoint complete: wrote 42 buffers (0.3%); 0 WAL file(s) added, 0 removed, 0 recycled; write=4.311 s, sync=0.010 s, total=4.334 s; sync files=142, longest=0.004 s, average=0.001 s; distance=3288 kB, estimate=3288 kB; lsn=1/3E48F868, redo lsn=1/3E4837B8"}
{"ts": "2026-08-16T12:08:54.343452804Z", "container": "prefect-postgres", "msg": "2026-08-16 12:08:54.343 UTC [27] LOG:  checkpoint starting: time"}
{"ts": "2026-08-16T12:08:58.881151003Z", "container": "prefect-postgres", "msg": "2026-08-16 12:08:58.881 UTC [27] LOG:  checkpoint complete: wrote 46 buffers (0.3%); 0 WAL file(s) added, 0 removed, 0 recycled; write=4.516 s, sync=0.012 s, total=4.538 s; sync files=28, longest=0.004 s, average=0.001 s; distance=1037 kB, estimate=3063 kB; lsn=1/3E591A58, redo lsn=1/3E586D80"}
{"ts": "2026-08-16T12:13:54.979443379Z", "container": "prefect-postgres", "msg": "2026-08-16 12:13:54.979 UTC [27] LOG:  checkpoint starting: time"}
{"ts": "2026-08-16T12:13:58.412988996Z", "container": "prefect-postgres", "msg": "2026-08-16 12:13:58.412 UTC [27] LOG:  checkpoint complete: wrote 35 buffers (0.2%); 0 WAL file(s) added, 0 removed, 0 recycled; write=3.414 s, sync=0.008 s, total=3.434 s; sync files=28, longest=0.003 s, average=0.001 s; distance=1053 kB, estimate=2862 kB; lsn=1/3E69BC18, redo lsn=1/3E68E2D8"}
{"ts": "2026-08-16T12:18:54.511528136Z", "container": "prefect-postgres", "msg": "2026-08-16 12:18:54.511 UTC [27] LOG:  checkpoint starting: time"}
{"ts": "2026-08-16T12:18:58.554357990Z", "container": "prefect-postgres", "msg": "2026-08-16 12:18:58.554 UTC [27] LOG:  checkpoint complete: wrote 38 buffers (0.2%); 0 WAL file(s) added, 0 removed, 0 recycled; write=4.009 s, sync=0.023 s, total=4.043 s; sync files=141, longest=0.004 s, average=0.001 s; distance=3425 kB, estimate=3425 kB; lsn=1/3E9F80D8, redo lsn=1/3E9E66F8"}
{"ts": "2026-08-16T12:23:54.651435472Z", "container": "prefect-postgres", "msg": "2026-08-16 12:23:54.651 UTC [27] LOG:  checkpoint starting: time"}
{"ts": "2026-08-16T12:23:58.488549371Z", "container": "prefect-postgres", "msg": "2026-08-16 12:23:58.488 UTC [27] LOG:  checkpoint complete: wrote 38 buffers (0.2%); 0 WAL file(s) added, 0 removed, 0 recycled; write=3.814 s, sync=0.012 s, total=3.838 s; sync files=29, longest=0.003 s, average=0.001 s; distance=1065 kB, estimate=3189 kB; lsn=1/3EAFDAE0, redo lsn=1/3EAF0DF0"}
{"ts": "2026-08-16T12:28:54.587515333Z", "container": "prefect-postgres", "msg": "2026-08-16 12:28:54.587 UTC [27] LOG:  checkpoint starting: time"}
{"ts": "2026-08-16T12:28:57.829200070Z", "container": "prefect-postgres", "msg": "2026-08-16 12:28:57.829 UTC [27] LOG:  checkpoint complete: wrote 25 buffers (0.2%); 0 WAL file(s) added, 0 removed, 0 recycled; write=3.209 s, sync=0.022 s, total=3.242 s; sync files=45, longest=0.004 s, average=0.001 s; distance=3205 kB, estimate=3205 kB; lsn=1/3EE21C68, redo lsn=1/3EE12228"}
{"ts": "2026-08-16T12:33:54.927501767Z", "container": "prefect-postgres", "msg": "2026-08-16 12:33:54.927 UTC [27] LOG:  checkpoint starting: time"}
{"ts": "2026-08-16T12:33:59.369321473Z", "container": "prefect-postgres", "msg": "2026-08-16 12:33:59.369 UTC [27] LOG:  checkpoint complete: wrote 36 buffers (0.2%); 0 WAL file(s) added, 0 removed, 1 recycled; write=4.411 s, sync=0.017 s, total=4.442 s; sync files=140, longest=0.004 s, average=0.001 s; distance=2838 kB, estimate=3168 kB; lsn=1/3F0E73D8, redo lsn=1/3F0D7AD8"}
{"ts": "2026-08-16T12:38:54.469348941Z", "container": "prefect-postgres", "msg": "2026-08-16 12:38:54.469 UTC [27] LOG:  checkpoint starting: time"}
{"ts": "2026-08-16T12:38:57.907602305Z", "container": "prefect-postgres", "msg": "2026-08-16 12:38:57.907 UTC [27] LOG:  checkpoint complete: wrote 29 buffers (0.2%); 0 WAL file(s) added, 0 removed, 0 recycled; write=3.414 s, sync=0.013 s, total=3.439 s; sync files=28, longest=0.004 s, average=0.001 s; distance=1039 kB, estimate=2955 kB; lsn=1/3F1E7018, redo lsn=1/3F1DBAC0"}
{"ts": "2026-08-16T12:43:55.007692946Z", "container": "prefect-postgres", "msg": "2026-08-16 12:43:55.007 UTC [27] LOG:  checkpoint starting: time"}
{"ts": "2026-08-16T12:43:57.540698252Z", "container": "prefect-postgres", "msg": "2026-08-16 12:43:57.540 UTC [27] LOG:  checkpoint complete: wrote 25 buffers (0.2%); 0 WAL file(s) added, 0 removed, 0 recycled; write=2.509 s, sync=0.012 s, total=2.533 s; sync files=27, longest=0.004 s, average=0.001 s; distance=1082 kB, estimate=2768 kB; lsn=1/3F2FA340, redo lsn=1/3F2EA520"}
{"ts": "2026-08-16T12:48:55.639507628Z", "container": "prefect-postgres", "msg": "2026-08-16 12:48:55.639 UTC [27] LOG:  checkpoint starting: time"}
{"ts": "2026-08-16T12:48:59.075956798Z", "container": "prefect-postgres", "msg": "2026-08-16 12:48:59.075 UTC [27] LOG:  checkpoint complete: wrote 28 buffers (0.2%); 0 WAL file(s) added, 0 removed, 0 recycled; write=3.413 s, sync=0.014 s, total=3.437 s; sync files=138, longest=0.004 s, average=0.001 s; distance=2704 kB, estimate=2761 kB; lsn=1/3F597AD8, redo lsn=1/3F58E7B0"}
{"ts": "2026-08-16T12:53:55.161979601Z", "container": "prefect-postgres", "msg": "2026-08-16 12:53:55.161 UTC [27] LOG:  checkpoint starting: time"}
{"ts": "2026-08-16T12:53:58.694010917Z", "container": "prefect-postgres", "msg": "2026-08-16 12:53:58.693 UTC [27] LOG:  checkpoint complete: wrote 36 buffers (0.2%); 0 WAL file(s) added, 0 removed, 0 recycled; write=3.511 s, sync=0.010 s, total=3.533 s; sync files=28, longest=0.003 s, average=0.001 s; distance=1054 kB, estimate=2591 kB; lsn=1/3F6A48B8, redo lsn=1/3F696330"}
{"ts": "2026-08-16T12:58:55.791431937Z", "container": "prefect-postgres", "msg": "2026-08-16 12:58:55.791 UTC [27] LOG:  checkpoint starting: time"}
{"ts": "2026-08-16T12:58:58.919392413Z", "container": "prefect-postgres", "msg": "2026-08-16 12:58:58.919 UTC [27] LOG:  checkpoint complete: wrote 32 buffers (0.2%); 0 WAL file(s) added, 0 removed, 0 recycled; write=3.111 s, sync=0.007 s, total=3.128 s; sync files=27, longest=0.003 s, average=0.001 s; distance=1061 kB, estimate=2438 kB; lsn=1/3F7A6A60, redo lsn=1/3F79F8E8"}
{"ts": "2026-08-16T13:03:56.019449245Z", "container": "prefect-postgres", "msg": "2026-08-16 13:03:56.019 UTC [27] LOG:  checkpoint starting: time"}
{"ts": "2026-08-16T13:04:00.654880002Z", "container": "prefect-postgres", "msg": "2026-08-16 13:04:00.654 UTC [27] LOG:  checkpoint complete: wrote 46 buffers (0.3%); 0 WAL file(s) added, 0 removed, 0 recycled; write=4.614 s, sync=0.010 s, total=4.636 s; sync files=28, longest=0.003 s, average=0.001 s; distance=1073 kB, estimate=2301 kB; lsn=1/3F8B66B8, redo lsn=1/3F8ABD98"}
{"ts": "2026-08-16T13:08:56.752929624Z", "container": "prefect-postgres", "msg": "2026-08-16 13:08:56.752 UTC [27] LOG:  checkpoint starting: time"}
{"ts": "2026-08-16T13:09:01.889603376Z", "container": "prefect-postgres", "msg": "2026-08-16 13:09:01.889 UTC [27] LOG:  checkpoint complete: wrote 47 buffers (0.3%); 0 WAL file(s) added, 0 removed, 0 recycled; write=5.118 s, sync=0.006 s, total=5.137 s; sync files=28, longest=0.003 s, average=0.001 s; distance=1021 kB, estimate=2173 kB; lsn=1/3F9BCB60, redo lsn=1/3F9AB438"}
{"ts": "2026-08-16T13:13:56.987478545Z", "container": "prefect-postgres", "msg": "2026-08-16 13:13:56.987 UTC [27] LOG:  checkpoint starting: time"}
{"ts": "2026-08-16T13:14:01.923735732Z", "container": "prefect-postgres", "msg": "2026-08-16 13:14:01.923 UTC [27] LOG:  checkpoint complete: wrote 38 buffers (0.2%); 0 WAL file(s) added, 0 removed, 0 recycled; write=4.910 s, sync=0.017 s, total=4.937 s; sync files=28, longest=0.003 s, average=0.001 s; distance=1046 kB, estimate=2060 kB; lsn=1/3FABAE50, redo lsn=1/3FAB0D30"}
{"ts": "2026-08-16T13:18:57.023462128Z", "container": "prefect-postgres", "msg": "2026-08-16 13:18:57.023 UTC [27] LOG:  checkpoint starting: time"}
{"ts": "2026-08-16T13:19:01.856215039Z", "container": "prefect-postgres", "msg": "2026-08-16 13:19:01.856 UTC [27] LOG:  checkpoint complete: wrote 41 buffers (0.3%); 0 WAL file(s) added, 0 removed, 0 recycled; write=4.813 s, sync=0.008 s, total=4.833 s; sync files=29, longest=0.003 s, average=0.001 s; distance=1107 kB, estimate=1965 kB; lsn=1/3FBCB618, redo lsn=1/3FBC5BB0"}
{"ts": "2026-08-16T13:23:57.956329271Z", "container": "prefect-postgres", "msg": "2026-08-16 13:23:57.956 UTC [27] LOG:  checkpoint starting: time"}
{"ts": "2026-08-16T13:24:01.698758103Z", "container": "prefect-postgres", "msg": "2026-08-16 13:24:01.698 UTC [27] LOG:  checkpoint complete: wrote 34 buffers (0.2%); 0 WAL file(s) added, 0 removed, 0 recycled; write=3.714 s, sync=0.019 s, total=3.743 s; sync files=28, longest=0.004 s, average=0.001 s; distance=1049 kB, estimate=1873 kB; lsn=1/3FCD7198, redo lsn=1/3FCCC060"}
{"ts": "2026-08-16T13:28:57.756120115Z", "container": "prefect-postgres", "msg": "2026-08-16 13:28:57.756 UTC [27] LOG:  checkpoint starting: time"}
{"ts": "2026-08-16T13:29:02.894723412Z", "container": "prefect-postgres", "msg": "2026-08-16 13:29:02.894 UTC [27] LOG:  checkpoint complete: wrote 44 buffers (0.3%); 0 WAL file(s) added, 0 removed, 0 recycled; write=5.116 s, sync=0.012 s, total=5.139 s; sync files=44, longest=0.002 s, average=0.001 s; distance=1262 kB, estimate=1812 kB; lsn=1/3FE0E230, redo lsn=1/3FE07BD8"}
{"ts": "2026-08-16T13:33:57.991452363Z", "container": "prefect-postgres", "msg": "2026-08-16 13:33:57.991 UTC [27] LOG:  checkpoint starting: time"}
{"ts": "2026-08-16T13:34:00.924486020Z", "container": "prefect-postgres", "msg": "2026-08-16 13:34:00.924 UTC [27] LOG:  checkpoint complete: wrote 28 buffers (0.2%); 0 WAL file(s) added, 0 removed, 0 recycled; write=2.913 s, sync=0.009 s, total=2.934 s; sync files=28, longest=0.003 s, average=0.001 s; distance=1073 kB, estimate=1738 kB; lsn=1/3FF1A5F8, redo lsn=1/3FF141B0"}
{"ts": "2026-08-16T13:38:58.023438847Z", "container": "prefect-postgres", "msg": "2026-08-16 13:38:58.023 UTC [27] LOG:  checkpoint starting: time"}
{"ts": "2026-08-16T13:39:01.968717972Z", "container": "prefect-postgres", "msg": "2026-08-16 13:39:01.968 UTC [27] LOG:  checkpoint complete: wrote 32 buffers (0.2%); 0 WAL file(s) added, 0 removed, 1 recycled; write=3.912 s, sync=0.018 s, total=3.946 s; sync files=28, longest=0.004 s, average=0.001 s; distance=1105 kB, estimate=1675 kB; lsn=1/4002D9F0, redo lsn=1/400286A8"}
{"ts": "2026-08-16T13:43:59.068854132Z", "container": "prefect-postgres", "msg": "2026-08-16 13:43:59.068 UTC [27] LOG:  checkpoint starting: time"}
{"ts": "2026-08-16T13:44:02.807464543Z", "container": "prefect-postgres", "msg": "2026-08-16 13:44:02.807 UTC [27] LOG:  checkpoint complete: wrote 32 buffers (0.2%); 0 WAL file(s) added, 0 removed, 0 recycled; write=3.713 s, sync=0.016 s, total=3.739 s; sync files=29, longest=0.003 s, average=0.001 s; distance=1060 kB, estimate=1614 kB; lsn=1/40140168, redo lsn=1/401319A0"}
{"ts": "2026-08-16T13:48:59.907544669Z", "container": "prefect-postgres", "msg": "2026-08-16 13:48:59.907 UTC [27] LOG:  checkpoint starting: time"}
{"ts": "2026-08-16T13:49:04.246906220Z", "container": "prefect-postgres", "msg": "2026-08-16 13:49:04.246 UTC [27] LOG:  checkpoint complete: wrote 30 buffers (0.2%); 0 WAL file(s) added, 0 removed, 0 recycled; write=4.311 s, sync=0.018 s, total=4.340 s; sync files=28, longest=0.003 s, average=0.001 s; distance=1093 kB, estimate=1562 kB; lsn=1/4024CCE8, redo lsn=1/40242F98"}
{"ts": "2026-08-16T13:53:59.344985572Z", "container": "prefect-postgres", "msg": "2026-08-16 13:53:59.344 UTC [27] LOG:  checkpoint starting: time"}
{"ts": "2026-08-16T13:54:05.389215147Z", "container": "prefect-postgres", "msg": "2026-08-16 13:54:05.389 UTC [27] LOG:  checkpoint complete: wrote 56 buffers (0.3%); 0 WAL file(s) added, 0 removed, 0 recycled; write=6.016 s, sync=0.016 s, total=6.045 s; sync files=28, longest=0.003 s, average=0.001 s; distance=1033 kB, estimate=1509 kB; lsn=1/40356B10, redo lsn=1/40345460"}
{"ts": "2026-08-16T13:58:59.487451791Z", "container": "prefect-postgres", "msg": "2026-08-16 13:58:59.487 UTC [27] LOG:  checkpoint starting: time"}
{"ts": "2026-08-16T13:59:03.925620872Z", "container": "prefect-postgres", "msg": "2026-08-16 13:59:03.925 UTC [27] LOG:  checkpoint complete: wrote 35 buffers (0.2%); 0 WAL file(s) added, 0 removed, 0 recycled; write=4.412 s, sync=0.015 s, total=4.439 s; sync files=28, longest=0.003 s, average=0.001 s; distance=1070 kB, estimate=1465 kB; lsn=1/40460260, redo lsn=1/40450E40"}
{"ts": "2026-08-16T14:04:00.007500616Z", "container": "prefect-postgres", "msg": "2026-08-16 14:04:00.007 UTC [27] LOG:  checkpoint starting: time"}
{"ts": "2026-08-16T14:04:03.937964457Z", "container": "prefect-postgres", "msg": "2026-08-16 14:04:03.937 UTC [27] LOG:  checkpoint complete: wrote 36 buffers (0.2%); 0 WAL file(s) added, 0 removed, 0 recycled; write=3.910 s, sync=0.010 s, total=3.931 s; sync files=28, longest=0.003 s, average=0.001 s; distance=1037 kB, estimate=1422 kB; lsn=1/405592E8, redo lsn=1/40554358"}
{"ts": "2026-08-16T14:09:01.034896448Z", "container": "prefect-postgres", "msg": "2026-08-16 14:09:01.034 UTC [27] LOG:  checkpoint starting: time"}
{"ts": "2026-08-16T14:09:05.765444708Z", "container": "prefect-postgres", "msg": "2026-08-16 14:09:05.765 UTC [27] LOG:  checkpoint complete: wrote 44 buffers (0.3%); 0 WAL file(s) added, 0 removed, 0 recycled; write=4.712 s, sync=0.009 s, total=4.731 s; sync files=28, longest=0.002 s, average=0.001 s; distance=1104 kB, estimate=1390 kB; lsn=1/406731E8, redo lsn=1/40668620"}
{"ts": "2026-08-16T14:14:01.798353641Z", "container": "prefect-postgres", "msg": "2026-08-16 14:14:01.798 UTC [27] LOG:  checkpoint starting: time"}
{"ts": "2026-08-16T14:14:05.034907224Z", "container": "prefect-postgres", "msg": "2026-08-16 14:14:05.034 UTC [27] LOG:  checkpoint complete: wrote 31 buffers (0.2%); 0 WAL file(s) added, 0 removed, 0 recycled; write=3.209 s, sync=0.017 s, total=3.237 s; sync files=28, longest=0.003 s, average=0.001 s; distance=1063 kB, estimate=1357 kB; lsn=1/40782270, redo lsn=1/40772288"}
{"ts": "2026-08-16T14:19:01.133605427Z", "container": "prefect-postgres", "msg": "2026-08-16 14:19:01.133 UTC [27] LOG:  checkpoint starting: time"}
{"ts": "2026-08-16T14:19:04.865672070Z", "container": "prefect-postgres", "msg": "2026-08-16 14:19:04.865 UTC [27] LOG:  checkpoint complete: wrote 34 buffers (0.2%); 0 WAL file(s) added, 0 removed, 0 recycled; write=3.711 s, sync=0.009 s, total=3.733 s; sync files=28, longest=0.003 s, average=0.001 s; distance=1073 kB, estimate=1329 kB; lsn=1/40886930, redo lsn=1/4087EA58"}
{"ts": "2026-08-16T14:24:01.965775473Z", "container": "prefect-postgres", "msg": "2026-08-16 14:24:01.965 UTC [27] LOG:  checkpoint starting: time"}
{"ts": "2026-08-16T14:24:04.896939816Z", "container": "prefect-postgres", "msg": "2026-08-16 14:24:04.896 UTC [27] LOG:  checkpoint complete: wrote 29 buffers (0.2%); 0 WAL file(s) added, 0 removed, 0 recycled; write=2.908 s, sync=0.014 s, total=2.932 s; sync files=28, longest=0.003 s, average=0.001 s; distance=1034 kB, estimate=1299 kB; lsn=1/4098C120, redo lsn=1/40981318"}
{"ts": "2026-08-16T14:29:01.995503740Z", "container": "prefect-postgres", "msg": "2026-08-16 14:29:01.995 UTC [27] LOG:  checkpoint starting: time"}
{"ts": "2026-08-16T14:29:04.224231676Z", "container": "prefect-postgres", "msg": "2026-08-16 14:29:04.224 UTC [27] LOG:  checkpoint complete: wrote 23 buffers (0.1%); 0 WAL file(s) added, 0 removed, 0 recycled; write=2.208 s, sync=0.010 s, total=2.229 s; sync files=35, longest=0.003 s, average=0.001 s; distance=1121 kB, estimate=1282 kB; lsn=1/40A9D6E8, redo lsn=1/40A99930"}
{"ts": "2026-08-16T14:34:01.324075421Z", "container": "prefect-postgres", "msg": "2026-08-16 14:34:01.323 UTC [27] LOG:  checkpoint starting: time"}
{"ts": "2026-08-16T14:34:04.965505211Z", "container": "prefect-postgres", "msg": "2026-08-16 14:34:04.965 UTC [27] LOG:  checkpoint complete: wrote 30 buffers (0.2%); 0 WAL file(s) added, 0 removed, 0 recycled; write=3.609 s, sync=0.020 s, total=3.642 s; sync files=28, longest=0.004 s, average=0.001 s; distance=1052 kB, estimate=1259 kB; lsn=1/40BADFE8, redo lsn=1/40BA09C0"}
{"ts": "2026-08-16T14:39:02.060206156Z", "container": "prefect-postgres", "msg": "2026-08-16 14:39:02.060 UTC [27] LOG:  checkpoint starting: time"}
{"ts": "2026-08-16T14:39:04.796591308Z", "container": "prefect-postgres", "msg": "2026-08-16 14:39:04.796 UTC [27] LOG:  checkpoint complete: wrote 26 buffers (0.2%); 0 WAL file(s) added, 0 removed, 0 recycled; write=2.707 s, sync=0.019 s, total=2.737 s; sync files=29, longest=0.003 s, average=0.001 s; distance=1101 kB, estimate=1243 kB; lsn=1/40CC0400, redo lsn=1/40CB3F20"}
{"ts": "2026-08-16T14:44:02.895425728Z", "container": "prefect-postgres", "msg": "2026-08-16 14:44:02.895 UTC [27] LOG:  checkpoint starting: time"}
{"ts": "2026-08-16T14:44:05.644723594Z", "container": "prefect-postgres", "msg": "2026-08-16 14:44:05.644 UTC [27] LOG:  checkpoint complete: wrote 21 buffers (0.1%); 0 WAL file(s) added, 0 removed, 0 recycled; write=2.713 s, sync=0.025 s, total=2.750 s; sync files=29, longest=0.003 s, average=0.001 s; distance=1083 kB, estimate=1227 kB; lsn=1/40DC93E8, redo lsn=1/40DC2B88"}
{"ts": "2026-08-16T14:49:02.743527084Z", "container": "prefect-postgres", "msg": "2026-08-16 14:49:02.743 UTC [27] LOG:  checkpoint starting: time"}
{"ts": "2026-08-16T14:49:04.872818744Z", "container": "prefect-postgres", "msg": "2026-08-16 14:49:04.872 UTC [27] LOG:  checkpoint complete: wrote 22 buffers (0.1%); 0 WAL file(s) added, 0 removed, 0 recycled; write=2.110 s, sync=0.010 s, total=2.130 s; sync files=28, longest=0.003 s, average=0.001 s; distance=1064 kB, estimate=1211 kB; lsn=1/40ED04F8, redo lsn=1/40ECCDC8"}
{"ts": "2026-08-16T14:54:02.971452460Z", "container": "prefect-postgres", "msg": "2026-08-16 14:54:02.971 UTC [27] LOG:  checkpoint starting: time"}
{"ts": "2026-08-16T14:54:06.210663586Z", "container": "prefect-postgres", "msg": "2026-08-16 14:54:06.210 UTC [27] LOG:  checkpoint complete: wrote 30 buffers (0.2%); 0 WAL file(s) added, 0 removed, 0 recycled; write=3.215 s, sync=0.014 s, total=3.240 s; sync files=27, longest=0.003 s, average=0.001 s; distance=1083 kB, estimate=1198 kB; lsn=1/40FE6898, redo lsn=1/40FDBD00"}
{"ts": "2026-08-16T14:59:02.307444774Z", "container": "prefect-postgres", "msg": "2026-08-16 14:59:02.307 UTC [27] LOG:  checkpoint starting: time"}
{"ts": "2026-08-16T14:59:06.637592235Z", "container": "prefect-postgres", "msg": "2026-08-16 14:59:06.637 UTC [27] LOG:  checkpoint complete: wrote 38 buffers (0.2%); 0 WAL file(s) added, 0 removed, 1 recycled; write=4.309 s, sync=0.006 s, total=4.331 s; sync files=28, longest=0.003 s, average=0.001 s; distance=1043 kB, estimate=1182 kB; lsn=1/410EF3C8, redo lsn=1/410E09F0"}
{"ts": "2026-08-16T15:04:02.735472273Z", "container": "prefect-postgres", "msg": "2026-08-16 15:04:02.735 UTC [27] LOG:  checkpoint starting: time"}
{"ts": "2026-08-16T15:04:06.368717496Z", "container": "prefect-postgres", "msg": "2026-08-16 15:04:06.368 UTC [27] LOG:  checkpoint complete: wrote 35 buffers (0.2%); 0 WAL file(s) added, 0 removed, 0 recycled; write=3.612 s, sync=0.009 s, total=3.634 s; sync files=28, longest=0.003 s, average=0.001 s; distance=1110 kB, estimate=1175 kB; lsn=1/411FA9E0, redo lsn=1/411F6420"}
{"ts": "2026-08-16T15:09:02.451452212Z", "container": "prefect-postgres", "msg": "2026-08-16 15:09:02.451 UTC [27] LOG:  checkpoint starting: time"}
{"ts": "2026-08-16T15:09:06.095854820Z", "container": "prefect-postgres", "msg": "2026-08-16 15:09:06.095 UTC [27] LOG:  checkpoint complete: wrote 26 buffers (0.2%); 0 WAL file(s) added, 0 removed, 0 recycled; write=3.608 s, sync=0.026 s, total=3.645 s; sync files=29, longest=0.004 s, average=0.001 s; distance=1043 kB, estimate=1162 kB; lsn=1/41304DB0, redo lsn=1/412FB250"}
{"ts": "2026-08-16T15:14:02.191484553Z", "container": "prefect-postgres", "msg": "2026-08-16 15:14:02.191 UTC [27] LOG:  checkpoint starting: time"}
{"ts": "2026-08-16T15:14:06.424758254Z", "container": "prefect-postgres", "msg": "2026-08-16 15:14:06.424 UTC [27] LOG:  checkpoint complete: wrote 37 buffers (0.2%); 0 WAL file(s) added, 0 removed, 0 recycled; write=4.211 s, sync=0.012 s, total=4.234 s; sync files=28, longest=0.003 s, average=0.001 s; distance=1025 kB, estimate=1148 kB; lsn=1/41401D40, redo lsn=1/413FB870"}
{"ts": "2026-08-16T15:19:02.514445018Z", "container": "prefect-postgres", "msg": "2026-08-16 15:19:02.514 UTC [27] LOG:  checkpoint starting: time"}
{"ts": "2026-08-16T15:19:05.555784312Z", "container": "prefect-postgres", "msg": "2026-08-16 15:19:05.555 UTC [27] LOG:  checkpoint complete: wrote 27 buffers (0.2%); 0 WAL file(s) added, 0 removed, 0 recycled; write=3.010 s, sync=0.020 s, total=3.042 s; sync files=28, longest=0.003 s, average=0.001 s; distance=1068 kB, estimate=1140 kB; lsn=1/415121F8, redo lsn=1/41506AD8"}
{"ts": "2026-08-16T15:24:02.655535096Z", "container": "prefect-postgres", "msg": "2026-08-16 15:24:02.655 UTC [27] LOG:  checkpoint starting: time"}
{"ts": "2026-08-16T15:24:06.590711649Z", "container": "prefect-postgres", "msg": "2026-08-16 15:24:06.590 UTC [27] LOG:  checkpoint complete: wrote 37 buffers (0.2%); 0 WAL file(s) added, 0 removed, 0 recycled; write=3.911 s, sync=0.014 s, total=3.936 s; sync files=28, longest=0.004 s, average=0.001 s; distance=1080 kB, estimate=1134 kB; lsn=1/4161CF48, redo lsn=1/41614D40"}
{"ts": "2026-08-16T15:29:02.615456063Z", "container": "prefect-postgres", "msg": "2026-08-16 15:29:02.615 UTC [27] LOG:  checkpoint starting: time"}
{"ts": "2026-08-16T15:29:07.243986518Z", "container": "prefect-postgres", "msg": "2026-08-16 15:29:07.243 UTC [27] LOG:  checkpoint complete: wrote 36 buffers (0.2%); 0 WAL file(s) added, 0 removed, 0 recycled; write=4.610 s, sync=0.006 s, total=4.629 s; sync files=28, longest=0.004 s, average=0.001 s; distance=1039 kB, estimate=1125 kB; lsn=1/41726B70, redo lsn=1/41718A70"}
{"ts": "2026-08-16T15:34:02.261005446Z", "container": "prefect-postgres", "msg": "2026-08-16 15:34:02.260 UTC [27] LOG:  checkpoint starting: time"}
{"ts": "2026-08-16T15:34:06.700830266Z", "container": "prefect-postgres", "msg": "2026-08-16 15:34:06.700 UTC [27] LOG:  checkpoint complete: wrote 42 buffers (0.3%); 0 WAL file(s) added, 0 removed, 0 recycled; write=4.413 s, sync=0.015 s, total=4.440 s; sync files=28, longest=0.003 s, average=0.001 s; distance=1121 kB, estimate=1124 kB; lsn=1/4183BD88, redo lsn=1/41831250"}
{"ts": "2026-08-16T15:39:02.749909922Z", "container": "prefect-postgres", "msg": "2026-08-16 15:39:02.749 UTC [27] LOG:  checkpoint starting: time"}
{"ts": "2026-08-16T15:39:05.380880094Z", "container": "prefect-postgres", "msg": "2026-08-16 15:39:05.380 UTC [27] LOG:  checkpoint complete: wrote 26 buffers (0.2%); 0 WAL file(s) added, 0 removed, 0 recycled; write=2.608 s, sync=0.013 s, total=2.631 s; sync files=29, longest=0.003 s, average=0.001 s; distance=1081 kB, estimate=1120 kB; lsn=1/419473F8, redo lsn=1/4193F8E8"}
{"ts": "2026-08-16T15:44:02.479459129Z", "container": "prefect-postgres", "msg": "2026-08-16 15:44:02.479 UTC [27] LOG:  checkpoint starting: time"}
{"ts": "2026-08-16T15:44:06.813974477Z", "container": "prefect-postgres", "msg": "2026-08-16 15:44:06.813 UTC [27] LOG:  checkpoint complete: wrote 42 buffers (0.3%); 0 WAL file(s) added, 0 removed, 0 recycled; write=4.309 s, sync=0.015 s, total=4.335 s; sync files=27, longest=0.004 s, average=0.001 s; distance=1061 kB, estimate=1114 kB; lsn=1/41A52A20, redo lsn=1/41A48CF0"}
{"ts": "2026-08-16T15:49:02.914110155Z", "container": "prefect-postgres", "msg": "2026-08-16 15:49:02.913 UTC [27] LOG:  checkpoint starting: time"}
{"ts": "2026-08-16T15:49:05.545822412Z", "container": "prefect-postgres", "msg": "2026-08-16 15:49:05.545 UTC [27] LOG:  checkpoint complete: wrote 26 buffers (0.2%); 0 WAL file(s) added, 0 removed, 0 recycled; write=2.609 s, sync=0.010 s, total=2.632 s; sync files=28, longest=0.003 s, average=0.001 s; distance=1067 kB, estimate=1109 kB; lsn=1/41B5A410, redo lsn=1/41B53B68"}
{"ts": "2026-08-16T15:54:02.643470062Z", "container": "prefect-postgres", "msg": "2026-08-16 15:54:02.643 UTC [27] LOG:  checkpoint starting: time"}
{"ts": "2026-08-16T15:54:06.088112976Z", "container": "prefect-postgres", "msg": "2026-08-16 15:54:06.087 UTC [27] LOG:  checkpoint complete: wrote 29 buffers (0.2%); 0 WAL file(s) added, 0 removed, 0 recycled; write=3.414 s, sync=0.018 s, total=3.445 s; sync files=28, longest=0.003 s, average=0.001 s; distance=1061 kB, estimate=1105 kB; lsn=1/41C62088, redo lsn=1/41C5D2E0"}
{"ts": "2026-08-16T15:59:02.188214827Z", "container": "prefect-postgres", "msg": "2026-08-16 15:59:02.188 UTC [27] LOG:  checkpoint starting: time"}
{"ts": "2026-08-16T15:59:06.625567488Z", "container": "prefect-postgres", "msg": "2026-08-16 15:59:06.625 UTC [27] LOG:  checkpoint complete: wrote 38 buffers (0.2%); 0 WAL file(s) added, 0 removed, 0 recycled; write=4.410 s, sync=0.018 s, total=4.438 s; sync files=28, longest=0.004 s, average=0.001 s; distance=1066 kB, estimate=1101 kB; lsn=1/41D7A190, redo lsn=1/41D67DA8"}
{"ts": "2026-08-16T16:04:02.723491345Z", "container": "prefect-postgres", "msg": "2026-08-16 16:04:02.723 UTC [27] LOG:  checkpoint starting: time"}
{"ts": "2026-08-16T16:04:07.367775280Z", "container": "prefect-postgres", "msg": "2026-08-16 16:04:07.367 UTC [27] LOG:  checkpoint complete: wrote 40 buffers (0.2%); 0 WAL file(s) added, 0 removed, 1 recycled; write=4.616 s, sync=0.014 s, total=4.645 s; sync files=150, longest=0.003 s, average=0.001 s; distance=3458 kB, estimate=3458 kB; lsn=1/420CE0A0, redo lsn=1/420C85B8"}
{"ts": "2026-08-16T16:09:02.467467442Z", "container": "prefect-postgres", "msg": "2026-08-16 16:09:02.467 UTC [27] LOG:  checkpoint starting: time"}
{"ts": "2026-08-16T16:09:06.905738242Z", "container": "prefect-postgres", "msg": "2026-08-16 16:09:06.905 UTC [27] LOG:  checkpoint complete: wrote 37 buffers (0.2%); 0 WAL file(s) added, 0 removed, 0 recycled; write=4.412 s, sync=0.017 s, total=4.439 s; sync files=28, longest=0.003 s, average=0.001 s; distance=1060 kB, estimate=3218 kB; lsn=1/421DE7C8, redo lsn=1/421D1690"}
{"ts": "2026-08-16T16:14:02.981018221Z", "container": "prefect-postgres", "msg": "2026-08-16 16:14:02.980 UTC [27] LOG:  checkpoint starting: time"}
{"ts": "2026-08-16T16:14:07.619320608Z", "container": "prefect-postgres", "msg": "2026-08-16 16:14:07.619 UTC [27] LOG:  checkpoint complete: wrote 39 buffers (0.2%); 0 WAL file(s) added, 0 removed, 0 recycled; write=4.610 s, sync=0.017 s, total=4.639 s; sync files=28, longest=0.004 s, average=0.001 s; distance=1072 kB, estimate=3003 kB; lsn=1/422ED1C8, redo lsn=1/422DD8C8"}
{"ts": "2026-08-16T16:19:02.715507935Z", "container": "prefect-postgres", "msg": "2026-08-16 16:19:02.715 UTC [27] LOG:  checkpoint starting: time"}
{"ts": "2026-08-16T16:19:06.244174268Z", "container": "prefect-postgres", "msg": "2026-08-16 16:19:06.244 UTC [27] LOG:  checkpoint complete: wrote 30 buffers (0.2%); 0 WAL file(s) added, 0 removed, 0 recycled; write=3.512 s, sync=0.006 s, total=3.529 s; sync files=144, longest=0.003 s, average=0.001 s; distance=3485 kB, estimate=3485 kB; lsn=1/42650E80, redo lsn=1/42644D28"}
{"ts": "2026-08-16T16:24:02.343435215Z", "container": "prefect-postgres", "msg": "2026-08-16 16:24:02.343 UTC [27] LOG:  checkpoint starting: time"}
{"ts": "2026-08-16T16:24:06.581186199Z", "container": "prefect-postgres", "msg": "2026-08-16 16:24:06.581 UTC [27] LOG:  checkpoint complete: wrote 38 buffers (0.2%); 0 WAL file(s) added, 0 removed, 0 recycled; write=4.211 s, sync=0.016 s, total=4.238 s; sync files=28, longest=0.003 s, average=0.001 s; distance=1092 kB, estimate=3245 kB; lsn=1/42761868, redo lsn=1/42755DA8"}
{"ts": "2026-08-16T16:29:02.679446285Z", "container": "prefect-postgres", "msg": "2026-08-16 16:29:02.679 UTC [27] LOG:  checkpoint starting: time"}
{"ts": "2026-08-16T16:29:06.316720622Z", "container": "prefect-postgres", "msg": "2026-08-16 16:29:06.316 UTC [27] LOG:  checkpoint complete: wrote 33 buffers (0.2%); 0 WAL file(s) added, 0 removed, 0 recycled; write=3.614 s, sync=0.013 s, total=3.638 s; sync files=35, longest=0.003 s, average=0.001 s; distance=1289 kB, estimate=3050 kB; lsn=1/428A2B80, redo lsn=1/42898528"}
{"ts": "2026-08-16T16:34:02.404486309Z", "container": "prefect-postgres", "msg": "2026-08-16 16:34:02.404 UTC [27] LOG:  checkpoint starting: time"}
{"ts": "2026-08-16T16:34:06.547624589Z", "container": "prefect-postgres", "msg": "2026-08-16 16:34:06.547 UTC [27] LOG:  checkpoint complete: wrote 32 buffers (0.2%); 0 WAL file(s) added, 0 removed, 0 recycled; write=4.112 s, sync=0.019 s, total=4.144 s; sync files=136, longest=0.003 s, average=0.001 s; distance=2564 kB, estimate=3001 kB; lsn=1/42B21B80, redo lsn=1/42B19650"}
{"ts": "2026-08-16T16:39:02.647714941Z", "container": "prefect-postgres", "msg": "2026-08-16 16:39:02.647 UTC [27] LOG:  checkpoint starting: time"}
{"ts": "2026-08-16T16:39:08.682204785Z", "container": "prefect-postgres", "msg": "2026-08-16 16:39:08.682 UTC [27] LOG:  checkpoint complete: wrote 41 buffers (0.3%); 0 WAL file(s) added, 0 removed, 0 recycled; write=6.013 s, sync=0.011 s, total=6.035 s; sync files=29, longest=0.003 s, average=0.001 s; distance=1044 kB, estimate=2805 kB; lsn=1/42C28660, redo lsn=1/42C1E780"}
{"ts": "2026-08-16T16:44:02.782273981Z", "container": "prefect-postgres", "msg": "2026-08-16 16:44:02.782 UTC [27] LOG:  checkpoint starting: time"}
{"ts": "2026-08-16T16:44:07.522868668Z", "container": "prefect-postgres", "msg": "2026-08-16 16:44:07.522 UTC [27] LOG:  checkpoint complete: wrote 34 buffers (0.2%); 0 WAL file(s) added, 0 removed, 0 recycled; write=4.712 s, sync=0.018 s, total=4.741 s; sync files=28, longest=0.003 s, average=0.001 s; distance=1062 kB, estimate=2631 kB; lsn=1/42D2E198, redo lsn=1/42D28150"}
{"ts": "2026-08-16T16:49:02.619505191Z", "container": "prefect-postgres", "msg": "2026-08-16 16:49:02.619 UTC [27] LOG:  checkpoint starting: time"}
{"ts": "2026-08-16T16:49:05.372453075Z", "container": "prefect-postgres", "msg": "2026-08-16 16:49:05.372 UTC [27] LOG:  checkpoint complete: wrote 23 buffers (0.1%); 0 WAL file(s) added, 0 removed, 0 recycled; write=2.713 s, sync=0.028 s, total=2.753 s; sync files=131, longest=0.003 s, average=0.001 s; distance=2530 kB, estimate=2621 kB; lsn=1/42FA8870, redo lsn=1/42FA0A50"}
{"ts": "2026-08-16T16:54:02.471450352Z", "container": "prefect-postgres", "msg": "2026-08-16 16:54:02.471 UTC [27] LOG:  checkpoint starting: time"}
{"ts": "2026-08-16T16:54:07.814614068Z", "container": "prefect-postgres", "msg": "2026-08-16 16:54:07.814 UTC [27] LOG:  checkpoint complete: wrote 51 buffers (0.3%); 0 WAL file(s) added, 0 removed, 1 recycled; write=5.317 s, sync=0.012 s, total=5.344 s; sync files=28, longest=0.003 s, average=0.001 s; distance=1070 kB, estimate=2466 kB; lsn=1/430BDCC0, redo lsn=1/430AC4C8"}
{"ts": "2026-08-16T16:59:02.911458910Z", "container": "prefect-postgres", "msg": "2026-08-16 16:59:02.911 UTC [27] LOG:  checkpoint starting: time"}
{"ts": "2026-08-16T16:59:05.952868101Z", "container": "prefect-postgres", "msg": "2026-08-16 16:59:05.952 UTC [27] LOG:  checkpoint complete: wrote 28 buffers (0.2%); 0 WAL file(s) added, 0 removed, 0 recycled; write=3.014 s, sync=0.016 s, total=3.042 s; sync files=28, longest=0.004 s, average=0.001 s; distance=1105 kB, estimate=2330 kB; lsn=1/431CC100, redo lsn=1/431C0AB8"}
{"ts": "2026-08-16T17:04:03.051462974Z", "container": "prefect-postgres", "msg": "2026-08-16 17:04:03.051 UTC [27] LOG:  checkpoint starting: time"}
{"ts": "2026-08-16T17:04:07.295395186Z", "container": "prefect-postgres", "msg": "2026-08-16 17:04:07.295 UTC [27] LOG:  checkpoint complete: wrote 41 buffers (0.3%); 0 WAL file(s) added, 0 removed, 0 recycled; write=4.215 s, sync=0.019 s, total=4.244 s; sync files=28, longest=0.003 s, average=0.001 s; distance=1069 kB, estimate=2204 kB; lsn=1/432D7390, redo lsn=1/432CBEF8"}
{"ts": "2026-08-16T17:09:03.395454838Z", "container": "prefect-postgres", "msg": "2026-08-16 17:09:03.395 UTC [27] LOG:  checkpoint starting: time"}
{"ts": "2026-08-16T17:09:06.935442972Z", "container": "prefect-postgres", "msg": "2026-08-16 17:09:06.935 UTC [27] LOG:  checkpoint complete: wrote 34 buffers (0.2%); 0 WAL file(s) added, 0 removed, 0 recycled; write=3.513 s, sync=0.017 s, total=3.540 s; sync files=28, longest=0.003 s, average=0.001 s; distance=1044 kB, estimate=2088 kB; lsn=1/433E1948, redo lsn=1/433D0FB8"}
{"ts": "2026-08-16T17:14:04.035456177Z", "container": "prefect-postgres", "msg": "2026-08-16 17:14:04.035 UTC [27] LOG:  checkpoint starting: time"}
{"ts": "2026-08-16T17:14:07.479849281Z", "container": "prefect-postgres", "msg": "2026-08-16 17:14:07.479 UTC [27] LOG:  checkpoint complete: wrote 33 buffers (0.2%); 0 WAL file(s) added, 0 removed, 0 recycled; write=3.414 s, sync=0.018 s, total=3.445 s; sync files=28, longest=0.003 s, average=0.001 s; distance=1106 kB, estimate=1989 kB; lsn=1/434ECBF8, redo lsn=1/434E5858"}
{"ts": "2026-08-16T17:19:04.579939363Z", "container": "prefect-postgres", "msg": "2026-08-16 17:19:04.579 UTC [27] LOG:  checkpoint starting: time"}
{"ts": "2026-08-16T17:19:09.012154089Z", "container": "prefect-postgres", "msg": "2026-08-16 17:19:09.012 UTC [27] LOG:  checkpoint complete: wrote 41 buffers (0.3%); 0 WAL file(s) added, 0 removed, 0 recycled; write=4.410 s, sync=0.011 s, total=4.433 s; sync files=28, longest=0.003 s, average=0.001 s; distance=1054 kB, estimate=1896 kB; lsn=1/435F4B50, redo lsn=1/435ED278"}
{"ts": "2026-08-16T17:24:04.111464012Z", "container": "prefect-postgres", "msg": "2026-08-16 17:24:04.111 UTC [27] LOG:  checkpoint starting: time"}
{"ts": "2026-08-16T17:24:08.349686738Z", "container": "prefect-postgres", "msg": "2026-08-16 17:24:08.349 UTC [27] LOG:  checkpoint complete: wrote 32 buffers (0.2%); 0 WAL file(s) added, 0 removed, 0 recycled; write=4.211 s, sync=0.017 s, total=4.239 s; sync files=28, longest=0.004 s, average=0.001 s; distance=1083 kB, estimate=1815 kB; lsn=1/43709A00, redo lsn=1/436FBFA0"}
{"ts": "2026-08-16T17:29:04.447506823Z", "container": "prefect-postgres", "msg": "2026-08-16 17:29:04.447 UTC [27] LOG:  checkpoint starting: time"}
{"ts": "2026-08-16T17:29:08.392955080Z", "container": "prefect-postgres", "msg": "2026-08-16 17:29:08.392 UTC [27] LOG:  checkpoint complete: wrote 35 buffers (0.2%); 0 WAL file(s) added, 0 removed, 0 recycled; write=3.913 s, sync=0.022 s, total=3.946 s; sync files=38, longest=0.003 s, average=0.001 s; distance=1257 kB, estimate=1759 kB; lsn=1/4383BE78, redo lsn=1/438365A8"}
{"ts": "2026-08-16T17:34:04.491450044Z", "container": "prefect-postgres", "msg": "2026-08-16 17:34:04.491 UTC [27] LOG:  checkpoint starting: time"}
{"ts": "2026-08-16T17:34:07.315795390Z", "container": "prefect-postgres", "msg": "2026-08-16 17:34:07.315 UTC [27] LOG:  checkpoint complete: wrote 27 buffers (0.2%); 0 WAL file(s) added, 0 removed, 0 recycled; write=2.809 s, sync=0.006 s, total=2.825 s; sync files=28, longest=0.003 s, average=0.001 s; distance=1081 kB, estimate=1691 kB; lsn=1/4394B5D8, redo lsn=1/43944BB8"}
{"ts": "2026-08-16T17:39:04.408607393Z", "container": "prefect-postgres", "msg": "2026-08-16 17:39:04.408 UTC [27] LOG:  checkpoint starting: time"}
{"ts": "2026-08-16T17:39:06.936512807Z", "container": "prefect-postgres", "msg": "2026-08-16 17:39:06.936 UTC [27] LOG:  checkpoint complete: wrote 24 buffers (0.1%); 0 WAL file(s) added, 0 removed, 0 recycled; write=2.508 s, sync=0.009 s, total=2.528 s; sync files=28, longest=0.003 s, average=0.001 s; distance=1052 kB, estimate=1627 kB; lsn=1/43A50B50, redo lsn=1/43A4BCC0"}
{"ts": "2026-08-16T17:44:05.007477238Z", "container": "prefect-postgres", "msg": "2026-08-16 17:44:05.007 UTC [27] LOG:  checkpoint starting: time"}
{"ts": "2026-08-16T17:44:09.152413405Z", "container": "prefect-postgres", "msg": "2026-08-16 17:44:09.152 UTC [27] LOG:  checkpoint complete: wrote 40 buffers (0.2%); 0 WAL file(s) added, 0 removed, 0 recycled; write=4.115 s, sync=0.018 s, total=4.145 s; sync files=28, longest=0.003 s, average=0.001 s; distance=1055 kB, estimate=1570 kB; lsn=1/43B5B688, redo lsn=1/43B53BA0"}
{"ts": "2026-08-16T17:49:05.251454788Z", "container": "prefect-postgres", "msg": "2026-08-16 17:49:05.251 UTC [27] LOG:  checkpoint starting: time"}
{"ts": "2026-08-16T17:49:08.687805227Z", "container": "prefect-postgres", "msg": "2026-08-16 17:49:08.687 UTC [27] LOG:  checkpoint complete: wrote 34 buffers (0.2%); 0 WAL file(s) added, 0 removed, 0 recycled; write=3.409 s, sync=0.016 s, total=3.437 s; sync files=27, longest=0.004 s, average=0.001 s; distance=1042 kB, estimate=1517 kB; lsn=1/43C5F208, redo lsn=1/43C58458"}
{"ts": "2026-08-16T17:54:05.787441572Z", "container": "prefect-postgres", "msg": "2026-08-16 17:54:05.787 UTC [27] LOG:  checkpoint starting: time"}
{"ts": "2026-08-16T17:54:12.323494170Z", "container": "prefect-postgres", "msg": "2026-08-16 17:54:12.323 UTC [27] LOG:  checkpoint complete: wrote 63 buffers (0.4%); 0 WAL file(s) added, 0 removed, 0 recycled; write=6.515 s, sync=0.011 s, total=6.537 s; sync files=28, longest=0.004 s, average=0.001 s; distance=1109 kB, estimate=1476 kB; lsn=1/43D74CD0, redo lsn=1/43D6D968"}
{"ts": "2026-08-16T17:59:05.423461030Z", "container": "prefect-postgres", "msg": "2026-08-16 17:59:05.423 UTC [27] LOG:  checkpoint starting: time"}
{"ts": "2026-08-16T17:59:10.665902112Z", "container": "prefect-postgres", "msg": "2026-08-16 17:59:10.665 UTC [27] LOG:  checkpoint complete: wrote 44 buffers (0.3%); 0 WAL file(s) added, 0 removed, 0 recycled; write=5.214 s, sync=0.018 s, total=5.243 s; sync files=28, longest=0.003 s, average=0.001 s; distance=1073 kB, estimate=1436 kB; lsn=1/43E85C10, redo lsn=1/43E79F90"}
{"ts": "2026-08-16T18:04:05.763267334Z", "container": "prefect-postgres", "msg": "2026-08-16 18:04:05.763 UTC [27] LOG:  checkpoint starting: time"}
{"ts": "2026-08-16T18:04:09.488533629Z", "container": "prefect-postgres", "msg": "2026-08-16 18:04:09.488 UTC [27] LOG:  checkpoint complete: wrote 38 buffers (0.2%); 0 WAL file(s) added, 0 removed, 0 recycled; write=3.709 s, sync=0.007 s, total=3.726 s; sync files=28, longest=0.003 s, average=0.001 s; distance=1072 kB, estimate=1400 kB; lsn=1/43F899E0, redo lsn=1/43F86020"}
{"ts": "2026-08-16T18:09:05.587448988Z", "container": "prefect-postgres", "msg": "2026-08-16 18:09:05.587 UTC [27] LOG:  checkpoint starting: time"}
{"ts": "2026-08-16T18:09:10.825513120Z", "container": "prefect-postgres", "msg": "2026-08-16 18:09:10.825 UTC [27] LOG:  checkpoint complete: wrote 43 buffers (0.3%); 0 WAL file(s) added, 0 removed, 1 recycled; write=5.210 s, sync=0.014 s, total=5.239 s; sync files=28, longest=0.003 s, average=0.001 s; distance=1091 kB, estimate=1369 kB; lsn=1/4409F598, redo lsn=1/44096E08"}
{"ts": "2026-08-16T18:14:05.923458129Z", "container": "prefect-postgres", "msg": "2026-08-16 18:14:05.923 UTC [27] LOG:  checkpoint starting: time"}
{"ts": "2026-08-16T18:14:09.459991105Z", "container": "prefect-postgres", "msg": "2026-08-16 18:14:09.459 UTC [27] LOG:  checkpoint complete: wrote 35 buffers (0.2%); 0 WAL file(s) added, 0 removed, 0 recycled; write=3.511 s, sync=0.013 s, total=3.537 s; sync files=27, longest=0.003 s, average=0.001 s; distance=1086 kB, estimate=1340 kB; lsn=1/441ADDF0, redo lsn=1/441A67B0"}
{"ts": "2026-08-16T18:19:05.559434516Z", "container": "prefect-postgres", "msg": "2026-08-16 18:19:05.559 UTC [27] LOG:  checkpoint starting: time"}
{"ts": "2026-08-16T18:19:09.597252728Z", "container": "prefect-postgres", "msg": "2026-08-16 18:19:09.597 UTC [27] LOG:  checkpoint complete: wrote 36 buffers (0.2%); 0 WAL file(s) added, 0 removed, 0 recycled; write=4.010 s, sync=0.016 s, total=4.038 s; sync files=28, longest=0.003 s, average=0.001 s; distance=1044 kB, estimate=1311 kB; lsn=1/442B2C70, redo lsn=1/442AB900"}
{"ts": "2026-08-16T18:24:05.697339278Z", "container": "prefect-postgres", "msg": "2026-08-16 18:24:05.697 UTC [27] LOG:  checkpoint starting: time"}
{"ts": "2026-08-16T18:24:08.733237022Z", "container": "prefect-postgres", "msg": "2026-08-16 18:24:08.733 UTC [27] LOG:  checkpoint complete: wrote 22 buffers (0.1%); 0 WAL file(s) added, 0 removed, 0 recycled; write=3.007 s, sync=0.020 s, total=3.036 s; sync files=29, longest=0.003 s, average=0.001 s; distance=1118 kB, estimate=1291 kB; lsn=1/443CE850, redo lsn=1/443C3410"}
{"ts": "2026-08-16T18:29:05.831499661Z", "container": "prefect-postgres", "msg": "2026-08-16 18:29:05.831 UTC [27] LOG:  checkpoint starting: time"}
{"ts": "2026-08-16T18:29:09.075499552Z", "container": "prefect-postgres", "msg": "2026-08-16 18:29:09.075 UTC [27] LOG:  checkpoint complete: wrote 32 buffers (0.2%); 0 WAL file(s) added, 0 removed, 0 recycled; write=3.210 s, sync=0.023 s, total=3.244 s; sync files=34, longest=0.003 s, average=0.001 s; distance=1128 kB, estimate=1275 kB; lsn=1/444EA750, redo lsn=1/444DD6E8"}
{"ts": "2026-08-16T18:34:05.175452739Z", "container": "prefect-postgres", "msg": "2026-08-16 18:34:05.175 UTC [27] LOG:  checkpoint starting: time"}
{"ts": "2026-08-16T18:34:08.707260391Z", "container": "prefect-postgres", "msg": "2026-08-16 18:34:08.707 UTC [27] LOG:  checkpoint complete: wrote 34 buffers (0.2%); 0 WAL file(s) added, 0 removed, 0 recycled; write=3.510 s, sync=0.012 s, total=3.532 s; sync files=28, longest=0.003 s, average=0.001 s; distance=1085 kB, estimate=1256 kB; lsn=1/445F7780, redo lsn=1/445ECC10"}
{"ts": "2026-08-16T18:39:05.803461032Z", "container": "prefect-postgres", "msg": "2026-08-16 18:39:05.803 UTC [27] LOG:  checkpoint starting: time"}
{"ts": "2026-08-16T18:39:07.734214407Z", "container": "prefect-postgres", "msg": "2026-08-16 18:39:07.734 UTC [27] LOG:  checkpoint complete: wrote 17 buffers (0.1%); 0 WAL file(s) added, 0 removed, 0 recycled; write=1.907 s, sync=0.014 s, total=1.931 s; sync files=27, longest=0.003 s, average=0.001 s; distance=1098 kB, estimate=1240 kB; lsn=1/44702D78, redo lsn=1/446FF688"}
{"ts": "2026-08-16T18:44:05.831465364Z", "container": "prefect-postgres", "msg": "2026-08-16 18:44:05.831 UTC [27] LOG:  checkpoint starting: time"}
{"ts": "2026-08-16T18:44:09.067361760Z", "container": "prefect-postgres", "msg": "2026-08-16 18:44:09.067 UTC [27] LOG:  checkpoint complete: wrote 22 buffers (0.1%); 0 WAL file(s) added, 0 removed, 0 recycled; write=3.211 s, sync=0.014 s, total=3.236 s; sync files=28, longest=0.003 s, average=0.001 s; distance=1069 kB, estimate=1223 kB; lsn=1/4480FE88, redo lsn=1/4480AB60"}
{"ts": "2026-08-16T18:49:05.166167380Z", "container": "prefect-postgres", "msg": "2026-08-16 18:49:05.166 UTC [27] LOG:  checkpoint starting: time"}
{"ts": "2026-08-16T18:49:09.713284774Z", "container": "prefect-postgres", "msg": "2026-08-16 18:49:09.713 UTC [27] LOG:  checkpoint complete: wrote 32 buffers (0.2%); 0 WAL file(s) added, 0 removed, 0 recycled; write=4.512 s, sync=0.024 s, total=4.548 s; sync files=28, longest=0.004 s, average=0.001 s; distance=1076 kB, estimate=1208 kB; lsn=1/44920738, redo lsn=1/44917ED0"}
{"ts": "2026-08-16T18:54:05.811462192Z", "container": "prefect-postgres", "msg": "2026-08-16 18:54:05.811 UTC [27] LOG:  checkpoint starting: time"}
{"ts": "2026-08-16T18:54:09.851146127Z", "container": "prefect-postgres", "msg": "2026-08-16 18:54:09.851 UTC [27] LOG:  checkpoint complete: wrote 37 buffers (0.2%); 0 WAL file(s) added, 0 removed, 0 recycled; write=4.015 s, sync=0.013 s, total=4.040 s; sync files=29, longest=0.003 s, average=0.001 s; distance=1109 kB, estimate=1199 kB; lsn=1/44A344B0, redo lsn=1/44A2D660"}
{"ts": "2026-08-16T18:59:05.949125644Z", "container": "prefect-postgres", "msg": "2026-08-16 18:59:05.949 UTC [27] LOG:  checkpoint starting: time"}
{"ts": "2026-08-16T18:59:10.288273583Z", "container": "prefect-postgres", "msg": "2026-08-16 18:59:10.288 UTC [27] LOG:  checkpoint complete: wrote 41 buffers (0.3%); 0 WAL file(s) added, 0 removed, 0 recycled; write=4.309 s, sync=0.020 s, total=4.340 s; sync files=28, longest=0.004 s, average=0.001 s; distance=1069 kB, estimate=1186 kB; lsn=1/44B47998, redo lsn=1/44B38A78"}
{"ts": "2026-08-16T19:04:05.387440805Z", "container": "prefect-postgres", "msg": "2026-08-16 19:04:05.387 UTC [27] LOG:  checkpoint starting: time"}
{"ts": "2026-08-16T19:04:08.113838696Z", "container": "prefect-postgres", "msg": "2026-08-16 19:04:08.113 UTC [27] LOG:  checkpoint complete: wrote 25 buffers (0.2%); 0 WAL file(s) added, 0 removed, 0 recycled; write=2.708 s, sync=0.008 s, total=2.727 s; sync files=28, longest=0.003 s, average=0.001 s; distance=1063 kB, estimate=1173 kB; lsn=1/44C48778, redo lsn=1/44C426A8"}
{"ts": "2026-08-16T19:09:05.211448598Z", "container": "prefect-postgres", "msg": "2026-08-16 19:09:05.211 UTC [27] LOG:  checkpoint starting: time"}
{"ts": "2026-08-16T19:09:08.860620178Z", "container": "prefect-postgres", "msg": "2026-08-16 19:09:08.860 UTC [27] LOG:  checkpoint complete: wrote 32 buffers (0.2%); 0 WAL file(s) added, 0 removed, 0 recycled; write=3.614 s, sync=0.023 s, total=3.650 s; sync files=28, longest=0.004 s, average=0.001 s; distance=1086 kB, estimate=1165 kB; lsn=1/44D5C618, redo lsn=1/44D52048"}
{"ts": "2026-08-16T19:14:05.949303165Z", "container": "prefect-postgres", "msg": "2026-08-16 19:14:05.949 UTC [27] LOG:  checkpoint starting: time"}
{"ts": "2026-08-16T19:14:08.879011627Z", "container": "prefect-postgres", "msg": "2026-08-16 19:14:08.878 UTC [27] LOG:  checkpoint complete: wrote 30 buffers (0.2%); 0 WAL file(s) added, 0 removed, 0 recycled; write=2.911 s, sync=0.009 s, total=2.930 s; sync files=28, longest=0.003 s, average=0.001 s; distance=1085 kB, estimate=1157 kB; lsn=1/44E6D7B8, redo lsn=1/44E614B8"}
{"ts": "2026-08-16T19:19:05.975464544Z", "container": "prefect-postgres", "msg": "2026-08-16 19:19:05.975 UTC [27] LOG:  checkpoint starting: time"}
{"ts": "2026-08-16T19:19:09.515670926Z", "container": "prefect-postgres", "msg": "2026-08-16 19:19:09.515 UTC [27] LOG:  checkpoint complete: wrote 34 buffers (0.2%); 0 WAL file(s) added, 0 removed, 0 recycled; write=3.512 s, sync=0.017 s, total=3.541 s; sync files=29, longest=0.004 s, average=0.001 s; distance=1107 kB, estimate=1152 kB; lsn=1/44F7B778, redo lsn=1/44F76168"}
{"ts": "2026-08-16T19:24:05.615459596Z", "container": "prefect-postgres", "msg": "2026-08-16 19:24:05.615 UTC [27] LOG:  checkpoint starting: time"}
{"ts": "2026-08-16T19:24:08.152333990Z", "container": "prefect-postgres", "msg": "2026-08-16 19:24:08.152 UTC [27] LOG:  checkpoint complete: wrote 26 buffers (0.2%); 0 WAL file(s) added, 0 removed, 1 recycled; write=2.511 s, sync=0.010 s, total=2.537 s; sync files=28, longest=0.003 s, average=0.001 s; distance=1102 kB, estimate=1147 kB; lsn=1/4508DFC8, redo lsn=1/45089A08"}
{"ts": "2026-08-16T19:29:05.235913771Z", "container": "prefect-postgres", "msg": "2026-08-16 19:29:05.235 UTC [27] LOG:  checkpoint starting: time"}
{"ts": "2026-08-16T19:29:06.970413945Z", "container": "prefect-postgres", "msg": "2026-08-16 19:29:06.970 UTC [27] LOG:  checkpoint complete: wrote 16 buffers (0.1%); 0 WAL file(s) added, 0 removed, 0 recycled; write=1.705 s, sync=0.020 s, total=1.735 s; sync files=27, longest=0.003 s, average=0.001 s; distance=1045 kB, estimate=1136 kB; lsn=1/45199BE0, redo lsn=1/4518F1F8"}
{"ts": "2026-08-16T19:34:06.031454328Z", "container": "prefect-postgres", "msg": "2026-08-16 19:34:06.031 UTC [27] LOG:  checkpoint starting: time"}
{"ts": "2026-08-16T19:34:09.466694394Z", "container": "prefect-postgres", "msg": "2026-08-16 19:34:09.466 UTC [27] LOG:  checkpoint complete: wrote 34 buffers (0.2%); 0 WAL file(s) added, 0 removed, 0 recycled; write=3.413 s, sync=0.013 s, total=3.436 s; sync files=28, longest=0.003 s, average=0.001 s; distance=1127 kB, estimate=1136 kB; lsn=1/452ADF30, redo lsn=1/452A9190"}
{"ts": "2026-08-16T19:39:06.563471697Z", "container": "prefect-postgres", "msg": "2026-08-16 19:39:06.563 UTC [27] LOG:  checkpoint starting: time"}
{"ts": "2026-08-16T19:39:10.702051575Z", "container": "prefect-postgres", "msg": "2026-08-16 19:39:10.701 UTC [27] LOG:  checkpoint complete: wrote 39 buffers (0.2%); 0 WAL file(s) added, 0 removed, 0 recycled; write=4.116 s, sync=0.011 s, total=4.139 s; sync files=28, longest=0.003 s, average=0.001 s; distance=1110 kB, estimate=1133 kB; lsn=1/453C8648, redo lsn=1/453BEC58"}
{"ts": "2026-08-16T19:44:06.753731213Z", "container": "prefect-postgres", "msg": "2026-08-16 19:44:06.753 UTC [27] LOG:  checkpoint starting: time"}
{"ts": "2026-08-16T19:44:09.781315643Z", "container": "prefect-postgres", "msg": "2026-08-16 19:44:09.781 UTC [27] LOG:  checkpoint complete: wrote 31 buffers (0.2%); 0 WAL file(s) added, 0 removed, 0 recycled; write=3.011 s, sync=0.005 s, total=3.028 s; sync files=27, longest=0.003 s, average=0.001 s; distance=1058 kB, estimate=1126 kB; lsn=1/454CCA10, redo lsn=1/454C77A8"}
{"ts": "2026-08-16T19:49:06.881403066Z", "container": "prefect-postgres", "msg": "2026-08-16 19:49:06.881 UTC [27] LOG:  checkpoint starting: time"}
{"ts": "2026-08-16T19:49:10.016102135Z", "container": "prefect-postgres", "msg": "2026-08-16 19:49:10.016 UTC [27] LOG:  checkpoint complete: wrote 30 buffers (0.2%); 0 WAL file(s) added, 0 removed, 0 recycled; write=3.113 s, sync=0.010 s, total=3.135 s; sync files=29, longest=0.003 s, average=0.001 s; distance=1118 kB, estimate=1125 kB; lsn=1/455E3120, redo lsn=1/455DF058"}
{"ts": "2026-08-16T19:54:06.116228768Z", "container": "prefect-postgres", "msg": "2026-08-16 19:54:06.116 UTC [27] LOG:  checkpoint starting: time"}
{"ts": "2026-08-16T19:54:08.850775443Z", "container": "prefect-postgres", "msg": "2026-08-16 19:54:08.850 UTC [27] LOG:  checkpoint complete: wrote 26 buffers (0.2%); 0 WAL file(s) added, 0 removed, 0 recycled; write=2.713 s, sync=0.012 s, total=2.735 s; sync files=28, longest=0.003 s, average=0.001 s; distance=1072 kB, estimate=1120 kB; lsn=1/456F3CE0, redo lsn=1/456EB378"}
{"ts": "2026-08-16T19:59:06.947447542Z", "container": "prefect-postgres", "msg": "2026-08-16 19:59:06.947 UTC [27] LOG:  checkpoint starting: time"}
{"ts": "2026-08-16T19:59:10.984717638Z", "container": "prefect-postgres", "msg": "2026-08-16 19:59:10.984 UTC [27] LOG:  checkpoint complete: wrote 38 buffers (0.2%); 0 WAL file(s) added, 0 removed, 0 recycled; write=4.008 s, sync=0.017 s, total=4.038 s; sync files=28, longest=0.003 s, average=0.001 s; distance=1033 kB, estimate=1111 kB; lsn=1/457F5DF0, redo lsn=1/457ED818"}
{"ts": "2026-08-16T20:04:07.081368921Z", "container": "prefect-postgres", "msg": "2026-08-16 20:04:07.081 UTC [27] LOG:  checkpoint starting: time"}
{"ts": "2026-08-16T20:04:10.519493174Z", "container": "prefect-postgres", "msg": "2026-08-16 20:04:10.519 UTC [27] LOG:  checkpoint complete: wrote 24 buffers (0.1%); 0 WAL file(s) added, 0 removed, 0 recycled; write=3.410 s, sync=0.018 s, total=3.439 s; sync files=150, longest=0.004 s, average=0.001 s; distance=3245 kB, estimate=3245 kB; lsn=1/45B1F428, redo lsn=1/45B18D18"}
{"ts": "2026-08-16T20:09:07.619433189Z", "container": "prefect-postgres", "msg": "2026-08-16 20:09:07.619 UTC [27] LOG:  checkpoint starting: time"}
{"ts": "2026-08-16T20:09:12.955154891Z", "container": "prefect-postgres", "msg": "2026-08-16 20:09:12.955 UTC [27] LOG:  checkpoint complete: wrote 53 buffers (0.3%); 0 WAL file(s) added, 0 removed, 0 recycled; write=5.311 s, sync=0.013 s, total=5.336 s; sync files=29, longest=0.002 s, average=0.001 s; distance=1102 kB, estimate=3030 kB; lsn=1/45C32918, redo lsn=1/45C2C6F8"}
{"ts": "2026-08-16T20:14:08.051464933Z", "container": "prefect-postgres", "msg": "2026-08-16 20:14:08.051 UTC [27] LOG:  checkpoint starting: time"}
{"ts": "2026-08-16T20:14:12.084420596Z", "container": "prefect-postgres", "msg": "2026-08-16 20:14:12.084 UTC [27] LOG:  checkpoint complete: wrote 39 buffers (0.2%); 0 WAL file(s) added, 0 removed, 0 recycled; write=4.013 s, sync=0.008 s, total=4.033 s; sync files=27, longest=0.003 s, average=0.001 s; distance=1053 kB, estimate=2833 kB; lsn=1/45D3FCD8, redo lsn=1/45D33CC8"}
{"ts": "2026-08-16T20:19:08.183548857Z", "container": "prefect-postgres", "msg": "2026-08-16 20:19:08.183 UTC [27] LOG:  checkpoint starting: time"}
{"ts": "2026-08-16T20:19:11.220075044Z", "container": "prefect-postgres", "msg": "2026-08-16 20:19:11.219 UTC [27] LOG:  checkpoint complete: wrote 31 buffers (0.2%); 0 WAL file(s) added, 0 removed, 1 recycled; write=3.013 s, sync=0.010 s, total=3.037 s; sync files=145, longest=0.003 s, average=0.001 s; distance=3115 kB, estimate=3115 kB; lsn=1/46042AE0, redo lsn=1/4603EB50"}
{"ts": "2026-08-16T20:24:08.319989347Z", "container": "prefect-postgres", "msg": "2026-08-16 20:24:08.319 UTC [27] LOG:  checkpoint starting: time"}
{"ts": "2026-08-16T20:24:12.652128067Z", "container": "prefect-postgres", "msg": "2026-08-16 20:24:12.652 UTC [27] LOG:  checkpoint complete: wrote 43 buffers (0.3%); 0 WAL file(s) added, 0 removed, 0 recycled; write=4.316 s, sync=0.005 s, total=4.333 s; sync files=29, longest=0.003 s, average=0.001 s; distance=1078 kB, estimate=2911 kB; lsn=1/46151DA8, redo lsn=1/4614C438"}
{"ts": "2026-08-16T20:29:08.752254168Z", "container": "prefect-postgres", "msg": "2026-08-16 20:29:08.752 UTC [27] LOG:  checkpoint starting: time"}
{"ts": "2026-08-16T20:29:13.790553401Z", "container": "prefect-postgres", "msg": "2026-08-16 20:29:13.790 UTC [27] LOG:  checkpoint complete: wrote 48 buffers (0.3%); 0 WAL file(s) added, 0 removed, 0 recycled; write=5.017 s, sync=0.010 s, total=5.039 s; sync files=44, longest=0.003 s, average=0.001 s; distance=1890 kB, estimate=2809 kB; lsn=1/4632B310, redo lsn=1/46324D38"}
{"ts": "2026-08-16T20:34:08.887515928Z", "container": "prefect-postgres", "msg": "2026-08-16 20:34:08.887 UTC [27] LOG:  checkpoint starting: time"}
{"ts": "2026-08-16T20:34:13.117371648Z", "container": "prefect-postgres", "msg": "2026-08-16 20:34:13.117 UTC [27] LOG:  checkpoint complete: wrote 43 buffers (0.3%); 0 WAL file(s) added, 0 removed, 0 recycled; write=4.216 s, sync=0.004 s, total=4.230 s; sync files=140, longest=0.002 s, average=0.001 s; distance=2588 kB, estimate=2787 kB; lsn=1/465B5298, redo lsn=1/465ABE08"}
{"ts": "2026-08-16T20:39:08.217482598Z", "container": "prefect-postgres", "msg": "2026-08-16 20:39:08.217 UTC [27] LOG:  checkpoint starting: time"}
{"ts": "2026-08-16T20:39:10.428590150Z", "container": "prefect-postgres", "msg": "2026-08-16 20:39:10.428 UTC [27] LOG:  checkpoint complete: wrote 21 buffers (0.1%); 0 WAL file(s) added, 0 removed, 0 recycled; write=2.205 s, sync=0.003 s, total=2.212 s; sync files=28, longest=0.001 s, average=0.001 s; distance=1083 kB, estimate=2617 kB; lsn=1/466C49C8, redo lsn=1/466BAA90"}
{"ts": "2026-08-16T20:44:08.527456846Z", "container": "prefect-postgres", "msg": "2026-08-16 20:44:08.527 UTC [27] LOG:  checkpoint starting: time"}
{"ts": "2026-08-16T20:44:11.165034574Z", "container": "prefect-postgres", "msg": "2026-08-16 20:44:11.164 UTC [27] LOG:  checkpoint complete: wrote 27 buffers (0.2%); 0 WAL file(s) added, 0 removed, 0 recycled; write=2.608 s, sync=0.019 s, total=2.638 s; sync files=29, longest=0.003 s, average=0.001 s; distance=1111 kB, estimate=2466 kB; lsn=1/467D31E0, redo lsn=1/467D08B0"}
{"ts": "2026-08-16T20:49:08.264966668Z", "container": "prefect-postgres", "msg": "2026-08-16 20:49:08.264 UTC [27] LOG:  checkpoint starting: time"}
{"ts": "2026-08-16T20:49:10.396375579Z", "container": "prefect-postgres", "msg": "2026-08-16 20:49:10.396 UTC [27] LOG:  checkpoint complete: wrote 18 buffers (0.1%); 0 WAL file(s) added, 0 removed, 0 recycled; write=2.109 s, sync=0.011 s, total=2.132 s; sync files=138, longest=0.004 s, average=0.001 s; distance=2809 kB, estimate=2809 kB; lsn=1/46A98498, redo lsn=1/46A8EFD8"}
{"ts": "2026-08-16T20:54:08.496478011Z", "container": "prefect-postgres", "msg": "2026-08-16 20:54:08.496 UTC [27] LOG:  checkpoint starting: time"}
{"ts": "2026-08-16T20:54:11.634871233Z", "container": "prefect-postgres", "msg": "2026-08-16 20:54:11.634 UTC [27] LOG:  checkpoint complete: wrote 25 buffers (0.2%); 0 WAL file(s) added, 0 removed, 0 recycled; write=3.108 s, sync=0.019 s, total=3.139 s; sync files=28, longest=0.003 s, average=0.001 s; distance=1110 kB, estimate=2639 kB; lsn=1/46BAF2A8, redo lsn=1/46BA4B28"}
{"ts": "2026-08-16T20:59:08.732383391Z", "container": "prefect-postgres", "msg": "2026-08-16 20:59:08.732 UTC [27] LOG:  checkpoint starting: time"}
{"ts": "2026-08-16T20:59:11.958304829Z", "container": "prefect-postgres", "msg": "2026-08-16 20:59:11.958 UTC [27] LOG:  checkpoint complete: wrote 30 buffers (0.2%); 0 WAL file(s) added, 0 removed, 0 recycled; write=3.210 s, sync=0.006 s, total=3.226 s; sync files=27, longest=0.003 s, average=0.001 s; distance=1117 kB, estimate=2487 kB; lsn=1/46CC00E8, redo lsn=1/46CBC1E0"}
{"ts": "2026-08-16T21:04:09.057141335Z", "container": "prefect-postgres", "msg": "2026-08-16 21:04:09.057 UTC [27] LOG:  checkpoint starting: time"}
{"ts": "2026-08-16T21:04:12.691697944Z", "container": "prefect-postgres", "msg": "2026-08-16 21:04:12.691 UTC [27] LOG:  checkpoint complete: wrote 36 buffers (0.2%); 0 WAL file(s) added, 0 removed, 0 recycled; write=3.613 s, sync=0.011 s, total=3.635 s; sync files=28, longest=0.003 s, average=0.001 s; distance=1105 kB, estimate=2349 kB; lsn=1/46DDB6F8, redo lsn=1/46DD09B0"}
{"ts": "2026-08-16T21:09:09.791454840Z", "container": "prefect-postgres", "msg": "2026-08-16 21:09:09.791 UTC [27] LOG:  checkpoint starting: time"}
{"ts": "2026-08-16T21:09:11.926039243Z", "container": "prefect-postgres", "msg": "2026-08-16 21:09:11.925 UTC [27] LOG:  checkpoint complete: wrote 22 buffers (0.1%); 0 WAL file(s) added, 0 removed, 0 recycled; write=2.108 s, sync=0.015 s, total=2.135 s; sync files=28, longest=0.003 s, average=0.001 s; distance=1105 kB, estimate=2225 kB; lsn=1/46EEC238, redo lsn=1/46EE51A8"}
{"ts": "2026-08-16T21:14:10.025738428Z", "container": "prefect-postgres", "msg": "2026-08-16 21:14:10.025 UTC [27] LOG:  checkpoint starting: time"}
{"ts": "2026-08-16T21:14:12.249579925Z", "container": "prefect-postgres", "msg": "2026-08-16 21:14:12.249 UTC [27] LOG:  checkpoint complete: wrote 22 buffers (0.1%); 0 WAL file(s) added, 0 removed, 0 recycled; write=2.207 s, sync=0.008 s, total=2.224 s; sync files=29, longest=0.004 s, average=0.001 s; distance=1060 kB, estimate=2108 kB; lsn=1/46FF2730, redo lsn=1/46FEE3D8"}
{"ts": "2026-08-16T21:19:10.347450509Z", "container": "prefect-postgres", "msg": "2026-08-16 21:19:10.347 UTC [27] LOG:  checkpoint starting: time"}
{"ts": "2026-08-16T21:19:12.380372469Z", "container": "prefect-postgres", "msg": "2026-08-16 21:19:12.380 UTC [27] LOG:  checkpoint complete: wrote 18 buffers (0.1%); 0 WAL file(s) added, 0 removed, 1 recycled; write=2.007 s, sync=0.010 s, total=2.033 s; sync files=28, longest=0.004 s, average=0.001 s; distance=1089 kB, estimate=2006 kB; lsn=1/471036F8, redo lsn=1/470FEA60"}
{"ts": "2026-08-16T21:24:10.469284979Z", "container": "prefect-postgres", "msg": "2026-08-16 21:24:10.469 UTC [27] LOG:  checkpoint starting: time"}
{"ts": "2026-08-16T21:24:14.509135400Z", "container": "prefect-postgres", "msg": "2026-08-16 21:24:14.509 UTC [27] LOG:  checkpoint complete: wrote 37 buffers (0.2%); 0 WAL file(s) added, 0 removed, 0 recycled; write=4.010 s, sync=0.018 s, total=4.040 s; sync files=28, longest=0.003 s, average=0.001 s; distance=1122 kB, estimate=1918 kB; lsn=1/47222B58, redo lsn=1/472173C8"}
{"ts": "2026-08-16T21:29:10.607532755Z", "container": "prefect-postgres", "msg": "2026-08-16 21:29:10.607 UTC [27] LOG:  checkpoint starting: time"}
{"ts": "2026-08-16T21:29:13.838941372Z", "container": "prefect-postgres", "msg": "2026-08-16 21:29:13.838 UTC [27] LOG:  checkpoint complete: wrote 33 buffers (0.2%); 0 WAL file(s) added, 0 removed, 0 recycled; write=3.210 s, sync=0.011 s, total=3.232 s; sync files=37, longest=0.003 s, average=0.001 s; distance=1227 kB, estimate=1849 kB; lsn=1/47352B78, redo lsn=1/4734A040"}
{"ts": "2026-08-16T21:34:10.935472872Z", "container": "prefect-postgres", "msg": "2026-08-16 21:34:10.935 UTC [27] LOG:  checkpoint starting: time"}
{"ts": "2026-08-16T21:34:14.264936653Z", "container": "prefect-postgres", "msg": "2026-08-16 21:34:14.264 UTC [27] LOG:  checkpoint complete: wrote 32 buffers (0.2%); 0 WAL file(s) added, 0 removed, 0 recycled; write=3.309 s, sync=0.010 s, total=3.330 s; sync files=28, longest=0.004 s, average=0.001 s; distance=1074 kB, estimate=1771 kB; lsn=1/47465240, redo lsn=1/47456AB8"}
{"ts": "2026-08-16T21:39:10.363466941Z", "container": "prefect-postgres", "msg": "2026-08-16 21:39:10.363 UTC [27] LOG:  checkpoint starting: time"}
{"ts": "2026-08-16T21:39:14.997041498Z", "container": "prefect-postgres", "msg": "2026-08-16 21:39:14.996 UTC [27] LOG:  checkpoint complete: wrote 45 buffers (0.3%); 0 WAL file(s) added, 0 removed, 0 recycled; write=4.616 s, sync=0.006 s, total=4.634 s; sync files=29, longest=0.004 s, average=0.001 s; distance=1110 kB, estimate=1705 kB; lsn=1/47577A38, redo lsn=1/4756C598"}
{"ts": "2026-08-16T21:44:11.095927354Z", "container": "prefect-postgres", "msg": "2026-08-16 21:44:11.095 UTC [27] LOG:  checkpoint starting: time"}
{"ts": "2026-08-16T21:44:13.732870380Z", "container": "prefect-postgres", "msg": "2026-08-16 21:44:13.732 UTC [27] LOG:  checkpoint complete: wrote 24 buffers (0.1%); 0 WAL file(s) added, 0 removed, 0 recycled; write=2.608 s, sync=0.017 s, total=2.637 s; sync files=28, longest=0.004 s, average=0.001 s; distance=1091 kB, estimate=1644 kB; lsn=1/47687F00, redo lsn=1/4767D4D8"}
{"ts": "2026-08-16T21:49:11.832977051Z", "container": "prefect-postgres", "msg": "2026-08-16 21:49:11.832 UTC [27] LOG:  checkpoint starting: time"}
{"ts": "2026-08-16T21:49:13.864704649Z", "container": "prefect-postgres", "msg": "2026-08-16 21:49:13.864 UTC [27] LOG:  checkpoint complete: wrote 21 buffers (0.1%); 0 WAL file(s) added, 0 removed, 0 recycled; write=2.009 s, sync=0.010 s, total=2.032 s; sync files=28, longest=0.003 s, average=0.001 s; distance=1120 kB, estimate=1591 kB; lsn=1/4779DF18, redo lsn=1/477955C0"}
{"ts": "2026-08-16T21:54:11.964658701Z", "container": "prefect-postgres", "msg": "2026-08-16 21:54:11.964 UTC [27] LOG:  checkpoint starting: time"}
{"ts": "2026-08-16T21:54:13.800430653Z", "container": "prefect-postgres", "msg": "2026-08-16 21:54:13.800 UTC [27] LOG:  checkpoint complete: wrote 19 buffers (0.1%); 0 WAL file(s) added, 0 removed, 0 recycled; write=1.810 s, sync=0.013 s, total=1.836 s; sync files=28, longest=0.003 s, average=0.001 s; distance=1066 kB, estimate=1539 kB; lsn=1/478A4500, redo lsn=1/478A0130"}
{"ts": "2026-08-16T21:59:11.899501072Z", "container": "prefect-postgres", "msg": "2026-08-16 21:59:11.899 UTC [27] LOG:  checkpoint starting: time"}
{"ts": "2026-08-16T21:59:14.934774145Z", "container": "prefect-postgres", "msg": "2026-08-16 21:59:14.934 UTC [27] LOG:  checkpoint complete: wrote 31 buffers (0.2%); 0 WAL file(s) added, 0 removed, 0 recycled; write=3.015 s, sync=0.010 s, total=3.036 s; sync files=28, longest=0.003 s, average=0.001 s; distance=1120 kB, estimate=1497 kB; lsn=1/479C1670, redo lsn=1/479B81A8"}
{"ts": "2026-08-16T22:04:12.033630584Z", "container": "prefect-postgres", "msg": "2026-08-16 22:04:12.033 UTC [27] LOG:  checkpoint starting: time"}
{"ts": "2026-08-16T22:04:14.966793811Z", "container": "prefect-postgres", "msg": "2026-08-16 22:04:14.966 UTC [27] LOG:  checkpoint complete: wrote 29 buffers (0.2%); 0 WAL file(s) added, 0 removed, 0 recycled; write=2.910 s, sync=0.012 s, total=2.934 s; sync files=28, longest=0.003 s, average=0.001 s; distance=1089 kB, estimate=1456 kB; lsn=1/47ACEB50, redo lsn=1/47AC86B0"}
{"ts": "2026-08-16T22:09:13.040955871Z", "container": "prefect-postgres", "msg": "2026-08-16 22:09:13.040 UTC [27] LOG:  checkpoint starting: time"}
{"ts": "2026-08-16T22:09:15.276023116Z", "container": "prefect-postgres", "msg": "2026-08-16 22:09:15.275 UTC [27] LOG:  checkpoint complete: wrote 20 buffers (0.1%); 0 WAL file(s) added, 0 removed, 0 recycled; write=2.212 s, sync=0.012 s, total=2.236 s; sync files=29, longest=0.004 s, average=0.001 s; distance=1158 kB, estimate=1426 kB; lsn=1/47BEE480, redo lsn=1/47BEA280"}
{"ts": "2026-08-16T22:14:13.375477596Z", "container": "prefect-postgres", "msg": "2026-08-16 22:14:13.375 UTC [27] LOG:  checkpoint starting: time"}
{"ts": "2026-08-16T22:14:15.503402025Z", "container": "prefect-postgres", "msg": "2026-08-16 22:14:15.503 UTC [27] LOG:  checkpoint complete: wrote 22 buffers (0.1%); 0 WAL file(s) added, 0 removed, 0 recycled; write=2.108 s, sync=0.010 s, total=2.128 s; sync files=28, longest=0.003 s, average=0.001 s; distance=1121 kB, estimate=1396 kB; lsn=1/47D06FD0, redo lsn=1/47D02948"}
{"ts": "2026-08-16T22:19:13.601292310Z", "container": "prefect-postgres", "msg": "2026-08-16 22:19:13.601 UTC [27] LOG:  checkpoint starting: time"}
{"ts": "2026-08-16T22:19:16.936368911Z", "container": "prefect-postgres", "msg": "2026-08-16 22:19:16.936 UTC [27] LOG:  checkpoint complete: wrote 33 buffers (0.2%); 0 WAL file(s) added, 0 removed, 0 recycled; write=3.311 s, sync=0.012 s, total=3.336 s; sync files=28, longest=0.003 s, average=0.001 s; distance=1113 kB, estimate=1368 kB; lsn=1/47E275B0, redo lsn=1/47E18E30"}
{"ts": "2026-08-16T22:24:14.035443141Z", "container": "prefect-postgres", "msg": "2026-08-16 22:24:14.035 UTC [27] LOG:  checkpoint starting: time"}
{"ts": "2026-08-16T22:24:17.474586634Z", "container": "prefect-postgres", "msg": "2026-08-16 22:24:17.474 UTC [27] LOG:  checkpoint complete: wrote 29 buffers (0.2%); 0 WAL file(s) added, 0 removed, 0 recycled; write=3.410 s, sync=0.017 s, total=3.440 s; sync files=28, longest=0.003 s, average=0.001 s; distance=1101 kB, estimate=1341 kB; lsn=1/47F36198, redo lsn=1/47F2C320"}
{"ts": "2026-08-16T22:29:14.571489957Z", "container": "prefect-postgres", "msg": "2026-08-16 22:29:14.571 UTC [27] LOG:  checkpoint starting: time"}
{"ts": "2026-08-16T22:29:18.099955900Z", "container": "prefect-postgres", "msg": "2026-08-16 22:29:18.099 UTC [27] LOG:  checkpoint complete: wrote 34 buffers (0.2%); 0 WAL file(s) added, 0 removed, 1 recycled; write=3.511 s, sync=0.005 s, total=3.529 s; sync files=34, longest=0.003 s, average=0.001 s; distance=1120 kB, estimate=1319 kB; lsn=1/48050720, redo lsn=1/480446B0"}
{"ts": "2026-08-16T22:34:14.127773129Z", "container": "prefect-postgres", "msg": "2026-08-16 22:34:14.127 UTC [27] LOG:  checkpoint starting: time"}
{"ts": "2026-08-16T22:34:16.248943661Z", "container": "prefect-postgres", "msg": "2026-08-16 22:34:16.248 UTC [27] LOG:  checkpoint complete: wrote 21 buffers (0.1%); 0 WAL file(s) added, 0 removed, 0 recycled; write=2.106 s, sync=0.005 s, total=2.122 s; sync files=28, longest=0.004 s, average=0.001 s; distance=1090 kB, estimate=1296 kB; lsn=1/48161178, redo lsn=1/48155178"}
{"ts": "2026-08-16T22:39:14.335480820Z", "container": "prefect-postgres", "msg": "2026-08-16 22:39:14.335 UTC [27] LOG:  checkpoint starting: time"}
{"ts": "2026-08-16T22:39:16.870828705Z", "container": "prefect-postgres", "msg": "2026-08-16 22:39:16.870 UTC [27] LOG:  checkpoint complete: wrote 25 buffers (0.2%); 0 WAL file(s) added, 0 removed, 0 recycled; write=2.507 s, sync=0.017 s, total=2.536 s; sync files=29, longest=0.003 s, average=0.001 s; distance=1128 kB, estimate=1279 kB; lsn=1/48278D78, redo lsn=1/4826F308"}
{"ts": "2026-08-16T22:44:14.970956238Z", "container": "prefect-postgres", "msg": "2026-08-16 22:44:14.970 UTC [27] LOG:  checkpoint starting: time"}
{"ts": "2026-08-16T22:44:18.105707892Z", "container": "prefect-postgres", "msg": "2026-08-16 22:44:18.105 UTC [27] LOG:  checkpoint complete: wrote 31 buffers (0.2%); 0 WAL file(s) added, 0 removed, 0 recycled; write=3.115 s, sync=0.009 s, total=3.135 s; sync files=28, longest=0.003 s, average=0.001 s; distance=1086 kB, estimate=1260 kB; lsn=1/483845A8, redo lsn=1/4837EB78"}
{"ts": "2026-08-16T22:49:14.203481628Z", "container": "prefect-postgres", "msg": "2026-08-16 22:49:14.203 UTC [27] LOG:  checkpoint starting: time"}
{"ts": "2026-08-16T22:49:15.934977480Z", "container": "prefect-postgres", "msg": "2026-08-16 22:49:15.934 UTC [27] LOG:  checkpoint complete: wrote 18 buffers (0.1%); 0 WAL file(s) added, 0 removed, 0 recycled; write=1.708 s, sync=0.012 s, total=1.732 s; sync files=28, longest=0.004 s, average=0.001 s; distance=1100 kB, estimate=1244 kB; lsn=1/48493420, redo lsn=1/48491D10"}
{"ts": "2026-08-16T22:54:15.033095762Z", "container": "prefect-postgres", "msg": "2026-08-16 22:54:15.032 UTC [27] LOG:  checkpoint starting: time"}
{"ts": "2026-08-16T22:54:17.966874968Z", "container": "prefect-postgres", "msg": "2026-08-16 22:54:17.966 UTC [27] LOG:  checkpoint complete: wrote 30 buffers (0.2%); 0 WAL file(s) added, 0 removed, 0 recycled; write=2.911 s, sync=0.011 s, total=2.934 s; sync files=28, longest=0.003 s, average=0.001 s; distance=1106 kB, estimate=1230 kB; lsn=1/485AA0D0, redo lsn=1/485A68A0"}
{"ts": "2026-08-16T22:59:16.066063038Z", "container": "prefect-postgres", "msg": "2026-08-16 22:59:16.065 UTC [27] LOG:  checkpoint starting: time"}
{"ts": "2026-08-16T22:59:18.198507125Z", "container": "prefect-postgres", "msg": "2026-08-16 22:59:18.198 UTC [27] LOG:  checkpoint complete: wrote 21 buffers (0.1%); 0 WAL file(s) added, 0 removed, 0 recycled; write=2.112 s, sync=0.010 s, total=2.133 s; sync files=28, longest=0.004 s, average=0.001 s; distance=1053 kB, estimate=1212 kB; lsn=1/486B66A8, redo lsn=1/486ADD80"}
{"ts": "2026-08-16T23:04:16.295509419Z", "container": "prefect-postgres", "msg": "2026-08-16 23:04:16.295 UTC [27] LOG:  checkpoint starting: time"}
{"ts": "2026-08-16T23:04:19.235907049Z", "container": "prefect-postgres", "msg": "2026-08-16 23:04:19.235 UTC [27] LOG:  checkpoint complete: wrote 30 buffers (0.2%); 0 WAL file(s) added, 0 removed, 0 recycled; write=2.910 s, sync=0.020 s, total=2.941 s; sync files=29, longest=0.004 s, average=0.001 s; distance=1122 kB, estimate=1203 kB; lsn=1/487CF650, redo lsn=1/487C6618"}
{"ts": "2026-08-16T23:09:16.335487981Z", "container": "prefect-postgres", "msg": "2026-08-16 23:09:16.335 UTC [27] LOG:  checkpoint starting: time"}
{"ts": "2026-08-16T23:09:19.074461624Z", "container": "prefect-postgres", "msg": "2026-08-16 23:09:19.074 UTC [27] LOG:  checkpoint complete: wrote 20 buffers (0.1%); 0 WAL file(s) added, 0 removed, 0 recycled; write=2.710 s, sync=0.017 s, total=2.739 s; sync files=27, longest=0.004 s, average=0.001 s; distance=1130 kB, estimate=1196 kB; lsn=1/488EEE80, redo lsn=1/488E0FE0"}
{"ts": "2026-08-16T23:14:16.173278352Z", "container": "prefect-postgres", "msg": "2026-08-16 23:14:16.173 UTC [27] LOG:  checkpoint starting: time"}
{"ts": "2026-08-16T23:14:19.012321501Z", "container": "prefect-postgres", "msg": "2026-08-16 23:14:19.012 UTC [27] LOG:  checkpoint complete: wrote 24 buffers (0.1%); 0 WAL file(s) added, 0 removed, 0 recycled; write=2.814 s, sync=0.013 s, total=2.840 s; sync files=28, longest=0.003 s, average=0.001 s; distance=1099 kB, estimate=1186 kB; lsn=1/489F8BF0, redo lsn=1/489F3EB8"}
{"ts": "2026-08-16T23:19:16.111499360Z", "container": "prefect-postgres", "msg": "2026-08-16 23:19:16.111 UTC [27] LOG:  checkpoint starting: time"}
{"ts": "2026-08-16T23:19:19.546559724Z", "container": "prefect-postgres", "msg": "2026-08-16 23:19:19.546 UTC [27] LOG:  checkpoint complete: wrote 30 buffers (0.2%); 0 WAL file(s) added, 0 removed, 0 recycled; write=3.413 s, sync=0.012 s, total=3.436 s; sync files=28, longest=0.003 s, average=0.001 s; distance=1120 kB, estimate=1180 kB; lsn=1/48B15C90, redo lsn=1/48B0BFD8"}
{"ts": "2026-08-16T23:24:16.570150333Z", "container": "prefect-postgres", "msg": "2026-08-16 23:24:16.570 UTC [27] LOG:  checkpoint starting: time"}
{"ts": "2026-08-16T23:24:19.501090779Z", "container": "prefect-postgres", "msg": "2026-08-16 23:24:19.500 UTC [27] LOG:  checkpoint complete: wrote 29 buffers (0.2%); 0 WAL file(s) added, 0 removed, 0 recycled; write=2.908 s, sync=0.011 s, total=2.931 s; sync files=28, longest=0.003 s, average=0.001 s; distance=1062 kB, estimate=1168 kB; lsn=1/48C1A410, redo lsn=1/48C15AB8"}
{"ts": "2026-08-16T23:29:16.599456885Z", "container": "prefect-postgres", "msg": "2026-08-16 23:29:16.599 UTC [27] LOG:  checkpoint starting: time"}
{"ts": "2026-08-16T23:29:19.724686491Z", "container": "prefect-postgres", "msg": "2026-08-16 23:29:19.724 UTC [27] LOG:  checkpoint complete: wrote 31 buffers (0.2%); 0 WAL file(s) added, 0 removed, 0 recycled; write=3.109 s, sync=0.007 s, total=3.126 s; sync files=28, longest=0.004 s, average=0.001 s; distance=1103 kB, estimate=1161 kB; lsn=1/48D2FC68, redo lsn=1/48D29A60"}
{"ts": "2026-08-16T23:34:16.823511925Z", "container": "prefect-postgres", "msg": "2026-08-16 23:34:16.823 UTC [27] LOG:  checkpoint starting: time"}
{"ts": "2026-08-16T23:34:21.256604966Z", "container": "prefect-postgres", "msg": "2026-08-16 23:34:21.256 UTC [27] LOG:  checkpoint complete: wrote 46 buffers (0.3%); 0 WAL file(s) added, 0 removed, 0 recycled; write=4.411 s, sync=0.010 s, total=4.434 s; sync files=29, longest=0.004 s, average=0.001 s; distance=1135 kB, estimate=1159 kB; lsn=1/48E4E1F8, redo lsn=1/48E457B8"}
{"ts": "2026-08-16T23:39:16.356422013Z", "container": "prefect-postgres", "msg": "2026-08-16 23:39:16.356 UTC [27] LOG:  checkpoint starting: time"}
{"ts": "2026-08-16T23:39:18.398400781Z", "container": "prefect-postgres", "msg": "2026-08-16 23:39:18.398 UTC [27] LOG:  checkpoint complete: wrote 20 buffers (0.1%); 0 WAL file(s) added, 0 removed, 0 recycled; write=2.011 s, sync=0.019 s, total=2.042 s; sync files=28, longest=0.003 s, average=0.001 s; distance=1113 kB, estimate=1154 kB; lsn=1/48F60DA8, redo lsn=1/48F5BF20"}
{"ts": "2026-08-16T23:44:16.495502963Z", "container": "prefect-postgres", "msg": "2026-08-16 23:44:16.495 UTC [27] LOG:  checkpoint starting: time"}
{"ts": "2026-08-16T23:44:18.629652014Z", "container": "prefect-postgres", "msg": "2026-08-16 23:44:18.629 UTC [27] LOG:  checkpoint complete: wrote 20 buffers (0.1%); 0 WAL file(s) added, 0 removed, 1 recycled; write=2.106 s, sync=0.012 s, total=2.135 s; sync files=28, longest=0.004 s, average=0.001 s; distance=1105 kB, estimate=1149 kB; lsn=1/4907D050, redo lsn=1/49070360"}
{"ts": "2026-08-16T23:49:16.727447848Z", "container": "prefect-postgres", "msg": "2026-08-16 23:49:16.727 UTC [27] LOG:  checkpoint starting: time"}
{"ts": "2026-08-16T23:49:20.469808740Z", "container": "prefect-postgres", "msg": "2026-08-16 23:49:20.469 UTC [27] LOG:  checkpoint complete: wrote 33 buffers (0.2%); 0 WAL file(s) added, 0 removed, 0 recycled; write=3.713 s, sync=0.018 s, total=3.743 s; sync files=28, longest=0.007 s, average=0.001 s; distance=1094 kB, estimate=1144 kB; lsn=1/4918A508, redo lsn=1/49181E68"}
{"ts": "2026-08-16T23:54:16.569943125Z", "container": "prefect-postgres", "msg": "2026-08-16 23:54:16.569 UTC [27] LOG:  checkpoint starting: time"}
{"ts": "2026-08-16T23:54:20.005889661Z", "container": "prefect-postgres", "msg": "2026-08-16 23:54:20.005 UTC [27] LOG:  checkpoint complete: wrote 32 buffers (0.2%); 0 WAL file(s) added, 0 removed, 0 recycled; write=3.409 s, sync=0.017 s, total=3.436 s; sync files=28, longest=0.003 s, average=0.001 s; distance=1099 kB, estimate=1139 kB; lsn=1/4929D068, redo lsn=1/49294AB8"}
{"ts": "2026-08-16T23:59:16.103549182Z", "container": "prefect-postgres", "msg": "2026-08-16 23:59:16.103 UTC [27] LOG:  checkpoint starting: time"}
{"ts": "2026-08-16T23:59:21.944155656Z", "container": "prefect-postgres", "msg": "2026-08-16 23:59:21.944 UTC [27] LOG:  checkpoint complete: wrote 54 buffers (0.3%); 0 WAL file(s) added, 0 removed, 0 recycled; write=5.820 s, sync=0.009 s, total=5.841 s; sync files=36, longest=0.003 s, average=0.001 s; distance=1232 kB, estimate=1232 kB; lsn=1/493D2738, redo lsn=1/493C8AC8"}
