{"ts": "2026-08-14T00:02:51.111504528Z", "container": "prefect-postgres", "msg": "2026-08-14 00:02:51.111 UTC [27] LOG:  checkpoint starting: time"}
{"ts": "2026-08-14T00:02:55.330377543Z", "container": "prefect-postgres", "msg": "2026-08-14 00:02:55.330 UTC [27] LOG:  checkpoint complete: wrote 43 buffers (0.3%); 0 WAL file(s) added, 0 removed, 0 recycled; write=4.208 s, sync=0.006 s, total=4.219 s; sync files=144, longest=0.002 s, average=0.001 s; distance=2980 kB, estimate=2980 kB; lsn=1/B6380C8, redo lsn=1/B6273A0"}
{"ts": "2026-08-14T00:07:51.418208691Z", "container": "prefect-postgres", "msg": "2026-08-14 00:07:51.418 UTC [27] LOG:  checkpoint starting: time"}
{"ts": "2026-08-14T00:07:53.747823473Z", "container": "prefect-postgres", "msg": "2026-08-14 00:07:53.747 UTC [27] LOG:  checkpoint complete: wrote 21 buffers (0.1%); 0 WAL file(s) added, 0 removed, 0 recycled; write=2.308 s, sync=0.013 s, total=2.330 s; sync files=31, longest=0.003 s, average=0.001 s; distance=924 kB, estimate=2774 kB; lsn=1/B7136D8, redo lsn=1/B70E5E0"}
{"ts": "2026-08-14T00:12:51.847762782Z", "container": "prefect-postgres", "msg": "2026-08-14 00:12:51.847 UTC [27] LOG:  checkpoint starting: time"}
{"ts": "2026-08-14T00:12:56.791549107Z", "container": "prefect-postgres", "msg": "2026-08-14 00:12:56.791 UTC [27] LOG:  checkpoint complete: wrote 40 buffers (0.2%); 0 WAL file(s) added, 0 removed, 0 recycled; write=4.909 s, sync=0.023 s, total=4.944 s; sync files=29, longest=0.004 s, average=0.001 s; distance=986 kB, estimate=2596 kB; lsn=1/B80F0B8, redo lsn=1/B805170"}
{"ts": "2026-08-14T00:17:51.867571926Z", "container": "prefect-postgres", "msg": "2026-08-14 00:17:51.867 UTC [27] LOG:  checkpoint starting: time"}
{"ts": "2026-08-14T00:17:55.902285707Z", "container": "prefect-postgres", "msg": "2026-08-14 00:17:55.902 UTC [27] LOG:  checkpoint complete: wrote 41 buffers (0.3%); 0 WAL file(s) added, 0 removed, 0 recycled; write=4.012 s, sync=0.013 s, total=4.035 s; sync files=142, longest=0.003 s, average=0.001 s; distance=3048 kB, estimate=3048 kB; lsn=1/BB01EE0, redo lsn=1/BAFF288"}
{"ts": "2026-08-14T00:22:51.999426005Z", "container": "prefect-postgres", "msg": "2026-08-14 00:22:51.999 UTC [27] LOG:  checkpoint starting: time"}
{"ts": "2026-08-14T00:22:56.833136203Z", "container": "prefect-postgres", "msg": "2026-08-14 00:22:56.833 UTC [27] LOG:  checkpoint complete: wrote 48 buffers (0.3%); 0 WAL file(s) added, 0 removed, 0 recycled; write=4.811 s, sync=0.010 s, total=4.834 s; sync files=30, longest=0.004 s, average=0.001 s; distance=899 kB, estimate=2833 kB; lsn=1/BBE9728, redo lsn=1/BBE00D0"}
{"ts": "2026-08-14T00:27:51.933226382Z", "container": "prefect-postgres", "msg": "2026-08-14 00:27:51.933 UTC [27] LOG:  checkpoint starting: time"}
{"ts": "2026-08-14T00:27:56.775659646Z", "container": "prefect-postgres", "msg": "2026-08-14 00:27:56.775 UTC [27] LOG:  checkpoint complete: wrote 47 buffers (0.3%); 0 WAL file(s) added, 0 removed, 0 recycled; write=4.816 s, sync=0.017 s, total=4.843 s; sync files=31, longest=0.004 s, average=0.001 s; distance=929 kB, estimate=2642 kB; lsn=1/BD13B08, redo lsn=1/BCC85F8"}
{"ts": "2026-08-14T00:32:51.875499406Z", "container": "prefect-postgres", "msg": "2026-08-14 00:32:51.875 UTC [27] LOG:  checkpoint starting: time"}
{"ts": "2026-08-14T00:32:57.921379680Z", "container": "prefect-postgres", "msg": "2026-08-14 00:32:57.921 UTC [27] LOG:  checkpoint complete: wrote 60 buffers (0.4%); 0 WAL file(s) added, 0 removed, 0 recycled; write=6.019 s, sync=0.017 s, total=6.046 s; sync files=135, longest=0.003 s, average=0.001 s; distance=2985 kB, estimate=2985 kB; lsn=1/BFC0FB0, redo lsn=1/BFB2B08"}
{"ts": "2026-08-14T00:37:52.021490572Z", "container": "prefect-postgres", "msg": "2026-08-14 00:37:52.021 UTC [27] LOG:  checkpoint starting: time"}
{"ts": "2026-08-14T00:37:55.459207201Z", "container": "prefect-postgres", "msg": "2026-08-14 00:37:55.459 UTC [27] LOG:  checkpoint complete: wrote 29 buffers (0.2%); 0 WAL file(s) added, 0 removed, 1 recycled; write=3.412 s, sync=0.010 s, total=3.438 s; sync files=28, longest=0.003 s, average=0.001 s; distance=911 kB, estimate=2777 kB; lsn=1/C0A3B10, redo lsn=1/C096868"}
{"ts": "2026-08-14T00:42:52.555453221Z", "container": "prefect-postgres", "msg": "2026-08-14 00:42:52.555 UTC [27] LOG:  checkpoint starting: time"}
{"ts": "2026-08-14T00:42:57.097508600Z", "container": "prefect-postgres", "msg": "2026-08-14 00:42:57.097 UTC [27] LOG:  checkpoint complete: wrote 45 buffers (0.3%); 0 WAL file(s) added, 0 removed, 0 recycled; write=4.514 s, sync=0.017 s, total=4.543 s; sync files=28, longest=0.003 s, average=0.001 s; distance=914 kB, estimate=2591 kB; lsn=1/C18AE60, redo lsn=1/C17B418"}
{"ts": "2026-08-14T00:47:52.195484959Z", "container": "prefect-postgres", "msg": "2026-08-14 00:47:52.195 UTC [27] LOG:  checkpoint starting: time"}
{"ts": "2026-08-14T00:47:57.534084849Z", "container": "prefect-postgres", "msg": "2026-08-14 00:47:57.533 UTC [27] LOG:  checkpoint complete: wrote 52 buffers (0.3%); 0 WAL file(s) added, 0 removed, 0 recycled; write=5.311 s, sync=0.017 s, total=5.339 s; sync files=133, longest=0.003 s, average=0.001 s; distance=2484 kB, estimate=2580 kB; lsn=1/C3EFCC0, redo lsn=1/C3E8428"}
{"ts": "2026-08-14T00:52:52.624203060Z", "container": "prefect-postgres", "msg": "2026-08-14 00:52:52.624 UTC [27] LOG:  checkpoint starting: time"}
{"ts": "2026-08-14T00:52:56.456995111Z", "container": "prefect-postgres", "msg": "2026-08-14 00:52:56.456 UTC [27] LOG:  checkpoint complete: wrote 36 buffers (0.2%); 0 WAL file(s) added, 0 removed, 0 recycled; write=3.809 s, sync=0.014 s, total=3.833 s; sync files=28, longest=0.003 s, average=0.001 s; distance=906 kB, estimate=2413 kB; lsn=1/C4D1E98, redo lsn=1/C4CAF00"}
{"ts": "2026-08-14T00:57:52.555443743Z", "container": "prefect-postgres", "msg": "2026-08-14 00:57:52.555 UTC [27] LOG:  checkpoint starting: time"}
{"ts": "2026-08-14T00:57:56.086428234Z", "container": "prefect-postgres", "msg": "2026-08-14 00:57:56.086 UTC [27] LOG:  checkpoint complete: wrote 35 buffers (0.2%); 0 WAL file(s) added, 0 removed, 0 recycled; write=3.510 s, sync=0.012 s, total=3.531 s; sync files=29, longest=0.003 s, average=0.001 s; distance=961 kB, estimate=2268 kB; lsn=1/C5C2670, redo lsn=1/C5BB480"}
{"ts": "2026-08-14T01:02:52.183475979Z", "container": "prefect-postgres", "msg": "2026-08-14 01:02:52.183 UTC [27] LOG:  checkpoint starting: time"}
{"ts": "2026-08-14T01:02:56.223338352Z", "container": "prefect-postgres", "msg": "2026-08-14 01:02:56.223 UTC [27] LOG:  checkpoint complete: wrote 41 buffers (0.3%); 0 WAL file(s) added, 0 removed, 0 recycled; write=4.013 s, sync=0.018 s, total=4.040 s; sync files=28, longest=0.004 s, average=0.001 s; distance=915 kB, estimate=2132 kB; lsn=1/C6A8968, redo lsn=1/C6A00D8"}
{"ts": "2026-08-14T01:07:52.323144207Z", "container": "prefect-postgres", "msg": "2026-08-14 01:07:52.323 UTC [27] LOG:  checkpoint starting: time"}
{"ts": "2026-08-14T01:07:56.457621057Z", "container": "prefect-postgres", "msg": "2026-08-14 01:07:56.457 UTC [27] LOG:  checkpoint complete: wrote 41 buffers (0.3%); 0 WAL file(s) added, 0 removed, 0 recycled; write=4.110 s, sync=0.014 s, total=4.135 s; sync files=28, longest=0.003 s, average=0.001 s; distance=928 kB, estimate=2012 kB; lsn=1/C78EDE0, redo lsn=1/C7881C0"}
{"ts": "2026-08-14T01:12:52.555449746Z", "container": "prefect-postgres", "msg": "2026-08-14 01:12:52.555 UTC [27] LOG:  checkpoint starting: time"}
{"ts": "2026-08-14T01:12:56.284468338Z", "container": "prefect-postgres", "msg": "2026-08-14 01:12:56.284 UTC [27] LOG:  checkpoint complete: wrote 38 buffers (0.2%); 0 WAL file(s) added, 0 removed, 0 recycled; write=3.710 s, sync=0.008 s, total=3.730 s; sync files=28, longest=0.003 s, average=0.001 s; distance=907 kB, estimate=1901 kB; lsn=1/C870848, redo lsn=1/C86B0D0"}
{"ts": "2026-08-14T01:17:52.384300626Z", "container": "prefect-postgres", "msg": "2026-08-14 01:17:52.384 UTC [27] LOG:  checkpoint starting: time"}
{"ts": "2026-08-14T01:17:55.613432352Z", "container": "prefect-postgres", "msg": "2026-08-14 01:17:55.613 UTC [27] LOG:  checkpoint complete: wrote 33 buffers (0.2%); 0 WAL file(s) added, 0 removed, 0 recycled; write=3.211 s, sync=0.008 s, total=3.230 s; sync files=28, longest=0.003 s, average=0.001 s; distance=919 kB, estimate=1803 kB; lsn=1/C956EA0, redo lsn=1/C951090"}
{"ts": "2026-08-14T01:22:52.711479893Z", "container": "prefect-postgres", "msg": "2026-08-14 01:22:52.711 UTC [27] LOG:  checkpoint starting: time"}
{"ts": "2026-08-14T01:22:55.139003419Z", "container": "prefect-postgres", "msg": "2026-08-14 01:22:55.138 UTC [27] LOG:  checkpoint complete: wrote 25 buffers (0.2%); 0 WAL file(s) added, 0 removed, 0 recycled; write=2.408 s, sync=0.011 s, total=2.428 s; sync files=29, longest=0.003 s, average=0.001 s; distance=892 kB, estimate=1712 kB; lsn=1/CA32FA8, redo lsn=1/CA30210"}
{"ts": "2026-08-14T01:27:52.232223794Z", "container": "prefect-postgres", "msg": "2026-08-14 01:27:52.232 UTC [27] LOG:  checkpoint starting: time"}
{"ts": "2026-08-14T01:27:56.263342903Z", "container": "prefect-postgres", "msg": "2026-08-14 01:27:56.263 UTC [27] LOG:  checkpoint complete: wrote 35 buffers (0.2%); 0 WAL file(s) added, 0 removed, 0 recycled; write=4.011 s, sync=0.011 s, total=4.032 s; sync files=28, longest=0.004 s, average=0.001 s; distance=907 kB, estimate=1632 kB; lsn=1/CB371E0, redo lsn=1/CB12F30"}
{"ts": "2026-08-14T01:32:52.359461673Z", "container": "prefect-postgres", "msg": "2026-08-14 01:32:52.359 UTC [27] LOG:  checkpoint starting: time"}
{"ts": "2026-08-14T01:32:55.792015761Z", "container": "prefect-postgres", "msg": "2026-08-14 01:32:55.791 UTC [27] LOG:  checkpoint complete: wrote 31 buffers (0.2%); 0 WAL file(s) added, 0 removed, 0 recycled; write=3.411 s, sync=0.009 s, total=3.433 s; sync files=37, longest=0.003 s, average=0.001 s; distance=1041 kB, estimate=1573 kB; lsn=1/CC1D760, redo lsn=1/CC17488"}
{"ts": "2026-08-14T01:37:52.891472571Z", "container": "prefect-postgres", "msg": "2026-08-14 01:37:52.891 UTC [27] LOG:  checkpoint starting: time"}
{"ts": "2026-08-14T01:37:55.519585925Z", "container": "prefect-postgres", "msg": "2026-08-14 01:37:55.519 UTC [27] LOG:  checkpoint complete: wrote 26 buffers (0.2%); 0 WAL file(s) added, 0 removed, 0 recycled; write=2.610 s, sync=0.008 s, total=2.629 s; sync files=27, longest=0.004 s, average=0.001 s; distance=866 kB, estimate=1502 kB; lsn=1/CCF4D58, redo lsn=1/CCEFF98"}
{"ts": "2026-08-14T01:42:52.619471063Z", "container": "prefect-postgres", "msg": "2026-08-14 01:42:52.619 UTC [27] LOG:  checkpoint starting: time"}
{"ts": "2026-08-14T01:42:54.746525807Z", "container": "prefect-postgres", "msg": "2026-08-14 01:42:54.746 UTC [27] LOG:  checkpoint complete: wrote 22 buffers (0.1%); 0 WAL file(s) added, 0 removed, 0 recycled; write=2.109 s, sync=0.008 s, total=2.128 s; sync files=28, longest=0.004 s, average=0.001 s; distance=916 kB, estimate=1443 kB; lsn=1/CDE1FE8, redo lsn=1/CDD5250"}
{"ts": "2026-08-14T01:47:52.843479226Z", "container": "prefect-postgres", "msg": "2026-08-14 01:47:52.843 UTC [27] LOG:  checkpoint starting: time"}
{"ts": "2026-08-14T01:47:55.384366313Z", "container": "prefect-postgres", "msg": "2026-08-14 01:47:55.384 UTC [27] LOG:  checkpoint complete: wrote 22 buffers (0.1%); 0 WAL file(s) added, 0 removed, 0 recycled; write=2.508 s, sync=0.023 s, total=2.541 s; sync files=28, longest=0.003 s, average=0.001 s; distance=919 kB, estimate=1391 kB; lsn=1/CEC6648, redo lsn=1/CEBB158"}
{"ts": "2026-08-14T01:52:52.470215460Z", "container": "prefect-postgres", "msg": "2026-08-14 01:52:52.470 UTC [27] LOG:  checkpoint starting: time"}
{"ts": "2026-08-14T01:52:56.095897444Z", "container": "prefect-postgres", "msg": "2026-08-14 01:52:56.095 UTC [27] LOG:  checkpoint complete: wrote 37 buffers (0.2%); 0 WAL file(s) added, 0 removed, 0 recycled; write=3.610 s, sync=0.006 s, total=3.626 s; sync files=28, longest=0.003 s, average=0.001 s; distance=915 kB, estimate=1343 kB; lsn=1/CFA6788, redo lsn=1/CF9FEE8"}
{"ts": "2026-08-14T01:57:52.186660770Z", "container": "prefect-postgres", "msg": "2026-08-14 01:57:52.186 UTC [27] LOG:  checkpoint starting: time"}
{"ts": "2026-08-14T01:57:55.126820487Z", "container": "prefect-postgres", "msg": "2026-08-14 01:57:55.126 UTC [27] LOG:  checkpoint complete: wrote 30 buffers (0.2%); 0 WAL file(s) added, 0 removed, 1 recycled; write=2.910 s, sync=0.015 s, total=2.941 s; sync files=28, longest=0.003 s, average=0.001 s; distance=947 kB, estimate=1304 kB; lsn=1/D095B60, redo lsn=1/D08CDE0"}
{"ts": "2026-08-14T02:02:52.207451384Z", "container": "prefect-postgres", "msg": "2026-08-14 02:02:52.207 UTC [27] LOG:  checkpoint starting: time"}
{"ts": "2026-08-14T02:02:55.043744110Z", "container": "prefect-postgres", "msg": "2026-08-14 02:02:55.043 UTC [27] LOG:  checkpoint complete: wrote 21 buffers (0.1%); 0 WAL file(s) added, 0 removed, 0 recycled; write=2.807 s, sync=0.017 s, total=2.837 s; sync files=28, longest=0.004 s, average=0.001 s; distance=922 kB, estimate=1265 kB; lsn=1/D1770A0, redo lsn=1/D173640"}
{"ts": "2026-08-14T02:07:52.143435847Z", "container": "prefect-postgres", "msg": "2026-08-14 02:07:52.143 UTC [27] LOG:  checkpoint starting: time"}
{"ts": "2026-08-14T02:07:57.081114932Z", "container": "prefect-postgres", "msg": "2026-08-14 02:07:57.081 UTC [27] LOG:  checkpoint complete: wrote 48 buffers (0.3%); 0 WAL file(s) added, 0 removed, 0 recycled; write=4.910 s, sync=0.016 s, total=4.938 s; sync files=28, longest=0.003 s, average=0.001 s; distance=900 kB, estimate=1229 kB; lsn=1/D2661D0, redo lsn=1/D2547C0"}
{"ts": "2026-08-14T02:12:52.140684059Z", "container": "prefect-postgres", "msg": "2026-08-14 02:12:52.140 UTC [27] LOG:  checkpoint starting: time"}
{"ts": "2026-08-14T02:12:56.981972477Z", "container": "prefect-postgres", "msg": "2026-08-14 02:12:56.981 UTC [27] LOG:  checkpoint complete: wrote 43 buffers (0.3%); 0 WAL file(s) added, 0 removed, 0 recycled; write=4.814 s, sync=0.016 s, total=4.842 s; sync files=28, longest=0.004 s, average=0.001 s; distance=911 kB, estimate=1197 kB; lsn=1/D340D50, redo lsn=1/D338418"}
{"ts": "2026-08-14T02:17:53.079447723Z", "container": "prefect-postgres", "msg": "2026-08-14 02:17:53.079 UTC [27] LOG:  checkpoint starting: time"}
{"ts": "2026-08-14T02:17:57.415520211Z", "container": "prefect-postgres", "msg": "2026-08-14 02:17:57.415 UTC [27] LOG:  checkpoint complete: wrote 44 buffers (0.3%); 0 WAL file(s) added, 0 removed, 0 recycled; write=4.312 s, sync=0.012 s, total=4.337 s; sync files=28, longest=0.003 s, average=0.001 s; distance=913 kB, estimate=1169 kB; lsn=1/D422448, redo lsn=1/D41C990"}
{"ts": "2026-08-14T02:22:53.511513617Z", "container": "prefect-postgres", "msg": "2026-08-14 02:22:53.511 UTC [27] LOG:  checkpoint starting: time"}
{"ts": "2026-08-14T02:22:57.345067537Z", "container": "prefect-postgres", "msg": "2026-08-14 02:22:57.344 UTC [27] LOG:  checkpoint complete: wrote 40 buffers (0.2%); 0 WAL file(s) added, 0 removed, 0 recycled; write=3.812 s, sync=0.010 s, total=3.834 s; sync files=29, longest=0.003 s, average=0.001 s; distance=929 kB, estimate=1145 kB; lsn=1/D50A878, redo lsn=1/D504DC0"}
{"ts": "2026-08-14T02:27:53.436695005Z", "container": "prefect-postgres", "msg": "2026-08-14 02:27:53.436 UTC [27] LOG:  checkpoint starting: time"}
{"ts": "2026-08-14T02:28:00.083091349Z", "container": "prefect-postgres", "msg": "2026-08-14 02:28:00.082 UTC [27] LOG:  checkpoint complete: wrote 54 buffers (0.3%); 0 WAL file(s) added, 0 removed, 0 recycled; write=6.615 s, sync=0.020 s, total=6.647 s; sync files=34, longest=0.003 s, average=0.001 s; distance=976 kB, estimate=1128 kB; lsn=1/D603A00, redo lsn=1/D5F90C8"}
{"ts": "2026-08-14T02:32:53.181254765Z", "container": "prefect-postgres", "msg": "2026-08-14 02:32:53.181 UTC [27] LOG:  checkpoint starting: time"}
{"ts": "2026-08-14T02:32:55.818074143Z", "container": "prefect-postgres", "msg": "2026-08-14 02:32:55.817 UTC [27] LOG:  checkpoint complete: wrote 27 buffers (0.2%); 0 WAL file(s) added, 0 removed, 0 recycled; write=2.611 s, sync=0.014 s, total=2.637 s; sync files=27, longest=0.004 s, average=0.001 s; distance=877 kB, estimate=1103 kB; lsn=1/D6E4A70, redo lsn=1/D6D4800"}
{"ts": "2026-08-14T02:37:53.912042013Z", "container": "prefect-postgres", "msg": "2026-08-14 02:37:53.911 UTC [27] LOG:  checkpoint starting: time"}
{"ts": "2026-08-14T02:37:58.244786920Z", "container": "prefect-postgres", "msg": "2026-08-14 02:37:58.244 UTC [27] LOG:  checkpoint complete: wrote 43 buffers (0.3%); 0 WAL file(s) added, 0 removed, 0 recycled; write=4.310 s, sync=0.013 s, total=4.333 s; sync files=27, longest=0.003 s, average=0.001 s; distance=920 kB, estimate=1085 kB; lsn=1/D7C5970, redo lsn=1/D7BAB48"}
{"ts": "2026-08-14T02:42:53.344893128Z", "container": "prefect-postgres", "msg": "2026-08-14 02:42:53.344 UTC [27] LOG:  checkpoint starting: time"}
{"ts": "2026-08-14T02:42:56.178204593Z", "container": "prefect-postgres", "msg": "2026-08-14 02:42:56.178 UTC [27] LOG:  checkpoint complete: wrote 29 buffers (0.2%); 0 WAL file(s) added, 0 removed, 0 recycled; write=2.814 s, sync=0.008 s, total=2.834 s; sync files=28, longest=0.003 s, average=0.001 s; distance=948 kB, estimate=1071 kB; lsn=1/D8AB4C0, redo lsn=1/D8A7C28"}
{"ts": "2026-08-14T02:47:53.278276457Z", "container": "prefect-postgres", "msg": "2026-08-14 02:47:53.278 UTC [27] LOG:  checkpoint starting: time"}
{"ts": "2026-08-14T02:47:58.513145233Z", "container": "prefect-postgres", "msg": "2026-08-14 02:47:58.513 UTC [27] LOG:  checkpoint complete: wrote 53 buffers (0.3%); 0 WAL file(s) added, 0 removed, 0 recycled; write=5.211 s, sync=0.012 s, total=5.235 s; sync files=29, longest=0.003 s, average=0.001 s; distance=935 kB, estimate=1057 kB; lsn=1/D9A18F0, redo lsn=1/D991BC0"}
{"ts": "2026-08-14T02:52:53.611457975Z", "container": "prefect-postgres", "msg": "2026-08-14 02:52:53.611 UTC [27] LOG:  checkpoint starting: time"}
{"ts": "2026-08-14T02:52:55.443634268Z", "container": "prefect-postgres", "msg": "2026-08-14 02:52:55.443 UTC [27] LOG:  checkpoint complete: wrote 19 buffers (0.1%); 0 WAL file(s) added, 0 removed, 0 recycled; write=1.806 s, sync=0.017 s, total=1.833 s; sync files=28, longest=0.003 s, average=0.001 s; distance=975 kB, estimate=1049 kB; lsn=1/DA8ECE0, redo lsn=1/DA85A80"}
{"ts": "2026-08-14T02:57:53.543729747Z", "container": "prefect-postgres", "msg": "2026-08-14 02:57:53.543 UTC [27] LOG:  checkpoint starting: time"}
{"ts": "2026-08-14T02:57:59.477450772Z", "container": "prefect-postgres", "msg": "2026-08-14 02:57:59.477 UTC [27] LOG:  checkpoint complete: wrote 57 buffers (0.3%); 0 WAL file(s) added, 0 removed, 0 recycled; write=5.913 s, sync=0.011 s, total=5.934 s; sync files=28, longest=0.003 s, average=0.001 s; distance=922 kB, estimate=1036 kB; lsn=1/DB75F98, redo lsn=1/DB6C568"}
{"ts": "2026-08-14T03:02:53.577548296Z", "container": "prefect-postgres", "msg": "2026-08-14 03:02:53.577 UTC [27] LOG:  checkpoint starting: time"}
{"ts": "2026-08-14T03:02:56.111666112Z", "container": "prefect-postgres", "msg": "2026-08-14 03:02:56.111 UTC [27] LOG:  checkpoint complete: wrote 26 buffers (0.2%); 0 WAL file(s) added, 0 removed, 0 recycled; write=2.513 s, sync=0.009 s, total=2.535 s; sync files=28, longest=0.003 s, average=0.001 s; distance=894 kB, estimate=1022 kB; lsn=1/DC4FD30, redo lsn=1/DC4BD68"}
{"ts": "2026-08-14T03:07:53.211746470Z", "container": "prefect-postgres", "msg": "2026-08-14 03:07:53.211 UTC [27] LOG:  checkpoint starting: time"}
{"ts": "2026-08-14T03:07:56.137625603Z", "container": "prefect-postgres", "msg": "2026-08-14 03:07:56.137 UTC [27] LOG:  checkpoint complete: wrote 30 buffers (0.2%); 0 WAL file(s) added, 0 removed, 0 recycled; write=2.909 s, sync=0.007 s, total=2.926 s; sync files=28, longest=0.004 s, average=0.001 s; distance=929 kB, estimate=1013 kB; lsn=1/DD3BC58, redo lsn=1/DD34180"}
{"ts": "2026-08-14T03:12:53.237723492Z", "container": "prefect-postgres", "msg": "2026-08-14 03:12:53.237 UTC [27] LOG:  checkpoint starting: time"}
{"ts": "2026-08-14T03:12:59.579726711Z", "container": "prefect-postgres", "msg": "2026-08-14 03:12:59.579 UTC [27] LOG:  checkpoint complete: wrote 60 buffers (0.4%); 0 WAL file(s) added, 0 removed, 0 recycled; write=6.318 s, sync=0.012 s, total=6.343 s; sync files=28, longest=0.003 s, average=0.001 s; distance=914 kB, estimate=1003 kB; lsn=1/DE27618, redo lsn=1/DE18CB0"}
{"ts": "2026-08-14T03:17:53.679450458Z", "container": "prefect-postgres", "msg": "2026-08-14 03:17:53.679 UTC [27] LOG:  checkpoint starting: time"}
{"ts": "2026-08-14T03:17:56.609732244Z", "container": "prefect-postgres", "msg": "2026-08-14 03:17:56.609 UTC [27] LOG:  checkpoint complete: wrote 31 buffers (0.2%); 0 WAL file(s) added, 0 removed, 0 recycled; write=2.913 s, sync=0.006 s, total=2.931 s; sync files=28, longest=0.003 s, average=0.001 s; distance=916 kB, estimate=994 kB; lsn=1/DF04470, redo lsn=1/DEFDF80"}
{"ts": "2026-08-14T03:22:53.708975791Z", "container": "prefect-postgres", "msg": "2026-08-14 03:22:53.708 UTC [27] LOG:  checkpoint starting: time"}
{"ts": "2026-08-14T03:22:56.343454423Z", "container": "prefect-postgres", "msg": "2026-08-14 03:22:56.343 UTC [27] LOG:  checkpoint complete: wrote 27 buffers (0.2%); 0 WAL file(s) added, 0 removed, 0 recycled; write=2.611 s, sync=0.011 s, total=2.635 s; sync files=28, longest=0.003 s, average=0.001 s; distance=931 kB, estimate=988 kB; lsn=1/DFEAB28, redo lsn=1/DFE6DB8"}
{"ts": "2026-08-14T03:27:53.443413409Z", "container": "prefect-postgres", "msg": "2026-08-14 03:27:53.443 UTC [27] LOG:  checkpoint starting: time"}
{"ts": "2026-08-14T03:27:59.280115808Z", "container": "prefect-postgres", "msg": "2026-08-14 03:27:59.280 UTC [27] LOG:  checkpoint complete: wrote 55 buffers (0.3%); 0 WAL file(s) added, 0 removed, 1 recycled; write=5.812 s, sync=0.011 s, total=5.837 s; sync files=28, longest=0.003 s, average=0.001 s; distance=919 kB, estimate=981 kB; lsn=1/E0D42A8, redo lsn=1/E0CCB80"}
{"ts": "2026-08-14T03:32:53.379459977Z", "container": "prefect-postgres", "msg": "2026-08-14 03:32:53.379 UTC [27] LOG:  checkpoint starting: time"}
{"ts": "2026-08-14T03:32:57.408076503Z", "container": "prefect-postgres", "msg": "2026-08-14 03:32:57.407 UTC [27] LOG:  checkpoint complete: wrote 41 buffers (0.3%); 0 WAL file(s) added, 0 removed, 0 recycled; write=4.010 s, sync=0.010 s, total=4.029 s; sync files=28, longest=0.003 s, average=0.001 s; distance=901 kB, estimate=973 kB; lsn=1/E1B82D8, redo lsn=1/E1ADFE8"}
{"ts": "2026-08-14T03:37:53.483783751Z", "container": "prefect-postgres", "msg": "2026-08-14 03:37:53.483 UTC [27] LOG:  checkpoint starting: time"}
{"ts": "2026-08-14T03:37:57.321053803Z", "container": "prefect-postgres", "msg": "2026-08-14 03:37:57.320 UTC [27] LOG:  checkpoint complete: wrote 38 buffers (0.2%); 0 WAL file(s) added, 0 removed, 0 recycled; write=3.812 s, sync=0.015 s, total=3.838 s; sync files=28, longest=0.003 s, average=0.001 s; distance=924 kB, estimate=968 kB; lsn=1/E29E268, redo lsn=1/E295130"}
{"ts": "2026-08-14T03:42:53.419462386Z", "container": "prefect-postgres", "msg": "2026-08-14 03:42:53.419 UTC [27] LOG:  checkpoint starting: time"}
{"ts": "2026-08-14T03:42:56.957695828Z", "container": "prefect-postgres", "msg": "2026-08-14 03:42:56.957 UTC [27] LOG:  checkpoint complete: wrote 33 buffers (0.2%); 0 WAL file(s) added, 0 removed, 0 recycled; write=3.515 s, sync=0.013 s, total=3.539 s; sync files=30, longest=0.003 s, average=0.001 s; distance=928 kB, estimate=964 kB; lsn=1/E38C5F0, redo lsn=1/E37D180"}
{"ts": "2026-08-14T03:47:54.057793590Z", "container": "prefect-postgres", "msg": "2026-08-14 03:47:54.057 UTC [27] LOG:  checkpoint starting: time"}
{"ts": "2026-08-14T03:47:58.194642751Z", "container": "prefect-postgres", "msg": "2026-08-14 03:47:58.194 UTC [27] LOG:  checkpoint complete: wrote 41 buffers (0.3%); 0 WAL file(s) added, 0 removed, 0 recycled; write=4.115 s, sync=0.012 s, total=4.137 s; sync files=28, longest=0.003 s, average=0.001 s; distance=948 kB, estimate=962 kB; lsn=1/E475748, redo lsn=1/E46A3F0"}
{"ts": "2026-08-14T03:52:54.291447793Z", "container": "prefect-postgres", "msg": "2026-08-14 03:52:54.291 UTC [27] LOG:  checkpoint starting: time"}
{"ts": "2026-08-14T03:52:58.328789695Z", "container": "prefect-postgres", "msg": "2026-08-14 03:52:58.328 UTC [27] LOG:  checkpoint complete: wrote 39 buffers (0.2%); 0 WAL file(s) added, 0 removed, 0 recycled; write=4.014 s, sync=0.012 s, total=4.038 s; sync files=28, longest=0.003 s, average=0.001 s; distance=905 kB, estimate=957 kB; lsn=1/E554CC8, redo lsn=1/E54C958"}
{"ts": "2026-08-14T03:57:54.427443179Z", "container": "prefect-postgres", "msg": "2026-08-14 03:57:54.427 UTC [27] LOG:  checkpoint starting: time"}
{"ts": "2026-08-14T03:57:58.159651040Z", "container": "prefect-postgres", "msg": "2026-08-14 03:57:58.159 UTC [27] LOG:  checkpoint complete: wrote 38 buffers (0.2%); 0 WAL file(s) added, 0 removed, 0 recycled; write=3.714 s, sync=0.006 s, total=3.733 s; sync files=28, longest=0.003 s, average=0.001 s; distance=924 kB, estimate=953 kB; lsn=1/E63A1B0, redo lsn=1/E633A80"}
{"ts": "2026-08-14T04:02:54.259498867Z", "container": "prefect-postgres", "msg": "2026-08-14 04:02:54.259 UTC [27] LOG:  checkpoint starting: time"}
{"ts": "2026-08-14T04:02:56.895702968Z", "container": "prefect-postgres", "msg": "2026-08-14 04:02:56.895 UTC [27] LOG:  checkpoint complete: wrote 21 buffers (0.1%); 0 WAL file(s) added, 0 removed, 0 recycled; write=2.611 s, sync=0.015 s, total=2.637 s; sync files=148, longest=0.003 s, average=0.001 s; distance=3782 kB, estimate=3782 kB; lsn=1/E9EACC8, redo lsn=1/E9E54B8"}
{"ts": "2026-08-14T04:07:54.985078879Z", "container": "prefect-postgres", "msg": "2026-08-14 04:07:54.984 UTC [27] LOG:  checkpoint starting: time"}
{"ts": "2026-08-14T04:07:57.824346858Z", "container": "prefect-postgres", "msg": "2026-08-14 04:07:57.824 UTC [27] LOG:  checkpoint complete: wrote 29 buffers (0.2%); 0 WAL file(s) added, 0 removed, 0 recycled; write=2.811 s, sync=0.016 s, total=2.840 s; sync files=29, longest=0.003 s, average=0.001 s; distance=957 kB, estimate=3500 kB; lsn=1/EADDCD8, redo lsn=1/EAD4C18"}
{"ts": "2026-08-14T04:12:54.923440151Z", "container": "prefect-postgres", "msg": "2026-08-14 04:12:54.923 UTC [27] LOG:  checkpoint starting: time"}
{"ts": "2026-08-14T04:13:00.866758419Z", "container": "prefect-postgres", "msg": "2026-08-14 04:13:00.866 UTC [27] LOG:  checkpoint complete: wrote 50 buffers (0.3%); 0 WAL file(s) added, 0 removed, 0 recycled; write=5.916 s, sync=0.015 s, total=5.944 s; sync files=33, longest=0.004 s, average=0.001 s; distance=943 kB, estimate=3244 kB; lsn=1/EBC95F8, redo lsn=1/EBC0BE0"}
{"ts": "2026-08-14T04:17:54.963515373Z", "container": "prefect-postgres", "msg": "2026-08-14 04:17:54.963 UTC [27] LOG:  checkpoint starting: time"}
{"ts": "2026-08-14T04:17:59.495173380Z", "container": "prefect-postgres", "msg": "2026-08-14 04:17:59.495 UTC [27] LOG:  checkpoint complete: wrote 46 buffers (0.3%); 0 WAL file(s) added, 0 removed, 0 recycled; write=4.512 s, sync=0.010 s, total=4.532 s; sync files=150, longest=0.003 s, average=0.001 s; distance=3247 kB, estimate=3247 kB; lsn=1/EEF4B30, redo lsn=1/EEECB00"}
{"ts": "2026-08-14T04:22:54.595270361Z", "container": "prefect-postgres", "msg": "2026-08-14 04:22:54.595 UTC [27] LOG:  checkpoint starting: time"}
{"ts": "2026-08-14T04:22:57.720942460Z", "container": "prefect-postgres", "msg": "2026-08-14 04:22:57.720 UTC [27] LOG:  checkpoint complete: wrote 27 buffers (0.2%); 0 WAL file(s) added, 0 removed, 0 recycled; write=3.109 s, sync=0.006 s, total=3.126 s; sync files=31, longest=0.004 s, average=0.001 s; distance=902 kB, estimate=3013 kB; lsn=1/EFD6148, redo lsn=1/EFCE4F0"}
{"ts": "2026-08-14T04:27:54.820246557Z", "container": "prefect-postgres", "msg": "2026-08-14 04:27:54.820 UTC [27] LOG:  checkpoint starting: time"}
{"ts": "2026-08-14T04:28:03.873781882Z", "container": "prefect-postgres", "msg": "2026-08-14 04:28:03.873 UTC [27] LOG:  checkpoint complete: wrote 83 buffers (0.5%); 0 WAL file(s) added, 0 removed, 1 recycled; write=9.017 s, sync=0.024 s, total=9.054 s; sync files=39, longest=0.005 s, average=0.001 s; distance=1161 kB, estimate=2828 kB; lsn=1/F104218, redo lsn=1/F0F0CB8"}
{"ts": "2026-08-14T04:32:54.968251519Z", "container": "prefect-postgres", "msg": "2026-08-14 04:32:54.968 UTC [27] LOG:  checkpoint starting: time"}
{"ts": "2026-08-14T04:32:59.001201276Z", "container": "prefect-postgres", "msg": "2026-08-14 04:32:59.001 UTC [27] LOG:  checkpoint complete: wrote 39 buffers (0.2%); 0 WAL file(s) added, 0 removed, 0 recycled; write=4.010 s, sync=0.014 s, total=4.033 s; sync files=134, longest=0.003 s, average=0.001 s; distance=2336 kB, estimate=2778 kB; lsn=1/F33F5D8, redo lsn=1/F338E70"}
{"ts": "2026-08-14T04:37:54.099474081Z", "container": "prefect-postgres", "msg": "2026-08-14 04:37:54.099 UTC [27] LOG:  checkpoint starting: time"}
{"ts": "2026-08-14T04:37:57.933898292Z", "container": "prefect-postgres", "msg": "2026-08-14 04:37:57.933 UTC [27] LOG:  checkpoint complete: wrote 34 buffers (0.2%); 0 WAL file(s) added, 0 removed, 0 recycled; write=3.815 s, sync=0.010 s, total=3.835 s; sync files=30, longest=0.003 s, average=0.001 s; distance=913 kB, estimate=2592 kB; lsn=1/F42A520, redo lsn=1/F41D368"}
{"ts": "2026-08-14T04:42:55.023817014Z", "container": "prefect-postgres", "msg": "2026-08-14 04:42:55.023 UTC [27] LOG:  checkpoint starting: time"}
{"ts": "2026-08-14T04:42:59.654335100Z", "container": "prefect-postgres", "msg": "2026-08-14 04:42:59.654 UTC [27] LOG:  checkpoint complete: wrote 46 buffers (0.3%); 0 WAL file(s) added, 0 removed, 0 recycled; write=4.609 s, sync=0.013 s, total=4.631 s; sync files=32, longest=0.004 s, average=0.001 s; distance=949 kB, estimate=2428 kB; lsn=1/F514B50, redo lsn=1/F50AA60"}
{"ts": "2026-08-14T04:47:55.754469687Z", "container": "prefect-postgres", "msg": "2026-08-14 04:47:55.754 UTC [27] LOG:  checkpoint starting: time"}
{"ts": "2026-08-14T04:48:00.393472654Z", "container": "prefect-postgres", "msg": "2026-08-14 04:48:00.393 UTC [27] LOG:  checkpoint complete: wrote 39 buffers (0.2%); 0 WAL file(s) added, 0 removed, 0 recycled; write=4.615 s, sync=0.012 s, total=4.639 s; sync files=132, longest=0.003 s, average=0.001 s; distance=2430 kB, estimate=2430 kB; lsn=1/F77C3C0, redo lsn=1/F76A590"}
{"ts": "2026-08-14T04:52:55.493012544Z", "container": "prefect-postgres", "msg": "2026-08-14 04:52:55.492 UTC [27] LOG:  checkpoint starting: time"}
{"ts": "2026-08-14T04:53:00.937439274Z", "container": "prefect-postgres", "msg": "2026-08-14 04:53:00.937 UTC [27] LOG:  checkpoint complete: wrote 49 buffers (0.3%); 0 WAL file(s) added, 0 removed, 0 recycled; write=5.416 s, sync=0.019 s, total=5.445 s; sync files=30, longest=0.004 s, average=0.001 s; distance=948 kB, estimate=2282 kB; lsn=1/F864CC8, redo lsn=1/F8577A8"}
{"ts": "2026-08-14T04:57:56.037170197Z", "container": "prefect-postgres", "msg": "2026-08-14 04:57:56.037 UTC [27] LOG:  checkpoint starting: time"}
{"ts": "2026-08-14T04:57:59.671845434Z", "container": "prefect-postgres", "msg": "2026-08-14 04:57:59.671 UTC [27] LOG:  checkpoint complete: wrote 35 buffers (0.2%); 0 WAL file(s) added, 0 removed, 0 recycled; write=3.610 s, sync=0.012 s, total=3.635 s; sync files=31, longest=0.003 s, average=0.001 s; distance=944 kB, estimate=2148 kB; lsn=1/F94B0C8, redo lsn=1/F943B40"}
{"ts": "2026-08-14T05:02:56.771490193Z", "container": "prefect-postgres", "msg": "2026-08-14 05:02:56.771 UTC [27] LOG:  checkpoint starting: time"}
{"ts": "2026-08-14T05:03:01.303076030Z", "container": "prefect-postgres", "msg": "2026-08-14 05:03:01.302 UTC [27] LOG:  checkpoint complete: wrote 45 buffers (0.3%); 0 WAL file(s) added, 0 removed, 0 recycled; write=4.509 s, sync=0.011 s, total=4.532 s; sync files=96, longest=0.004 s, average=0.001 s; distance=1735 kB, estimate=2107 kB; lsn=1/FB0AA40, redo lsn=1/FAF5AC0"}
{"ts": "2026-08-14T05:07:56.402476253Z", "container": "prefect-postgres", "msg": "2026-08-14 05:07:56.402 UTC [27] LOG:  checkpoint starting: time"}
{"ts": "2026-08-14T05:08:02.036279539Z", "container": "prefect-postgres", "msg": "2026-08-14 05:08:02.036 UTC [27] LOG:  checkpoint complete: wrote 54 buffers (0.3%); 0 WAL file(s) added, 0 removed, 0 recycled; write=5.614 s, sync=0.008 s, total=5.634 s; sync files=32, longest=0.003 s, average=0.001 s; distance=984 kB, estimate=1995 kB; lsn=1/FBF36E8, redo lsn=1/FBEBCE0"}
{"ts": "2026-08-14T05:12:56.135438886Z", "container": "prefect-postgres", "msg": "2026-08-14 05:12:56.135 UTC [27] LOG:  checkpoint starting: time"}
{"ts": "2026-08-14T05:13:02.676832069Z", "container": "prefect-postgres", "msg": "2026-08-14 05:13:02.676 UTC [27] LOG:  checkpoint complete: wrote 59 buffers (0.4%); 0 WAL file(s) added, 0 removed, 0 recycled; write=6.519 s, sync=0.014 s, total=6.542 s; sync files=30, longest=0.004 s, average=0.001 s; distance=934 kB, estimate=1889 kB; lsn=1/FCDF378, redo lsn=1/FCD5830"}
{"ts": "2026-08-14T05:17:56.775447079Z", "container": "prefect-postgres", "msg": "2026-08-14 05:17:56.775 UTC [27] LOG:  checkpoint starting: time"}
{"ts": "2026-08-14T05:17:58.600426937Z", "container": "prefect-postgres", "msg": "2026-08-14 05:17:58.600 UTC [27] LOG:  checkpoint complete: wrote 19 buffers (0.1%); 0 WAL file(s) added, 0 removed, 0 recycled; write=1.806 s, sync=0.009 s, total=1.825 s; sync files=29, longest=0.004 s, average=0.001 s; distance=881 kB, estimate=1788 kB; lsn=1/FDBFD70, redo lsn=1/FDB1E38"}
{"ts": "2026-08-14T05:22:56.664256359Z", "container": "prefect-postgres", "msg": "2026-08-14 05:22:56.664 UTC [27] LOG:  checkpoint starting: time"}
{"ts": "2026-08-14T05:23:01.907910838Z", "container": "prefect-postgres", "msg": "2026-08-14 05:23:01.907 UTC [27] LOG:  checkpoint complete: wrote 46 buffers (0.3%); 0 WAL file(s) added, 0 removed, 0 recycled; write=5.216 s, sync=0.015 s, total=5.244 s; sync files=96, longest=0.003 s, average=0.001 s; distance=1753 kB, estimate=1784 kB; lsn=1/FF7AE08, redo lsn=1/FF68618"}
{"ts": "2026-08-14T05:27:57.007431791Z", "container": "prefect-postgres", "msg": "2026-08-14 05:27:57.007 UTC [27] LOG:  checkpoint starting: time"}
{"ts": "2026-08-14T05:28:06.748930789Z", "container": "prefect-postgres", "msg": "2026-08-14 05:28:06.748 UTC [27] LOG:  checkpoint complete: wrote 90 buffers (0.5%); 0 WAL file(s) added, 0 removed, 1 recycled; write=9.720 s, sync=0.009 s, total=9.742 s; sync files=41, longest=0.003 s, average=0.001 s; distance=1101 kB, estimate=1716 kB; lsn=1/1008B488, redo lsn=1/1007BAA0"}
{"ts": "2026-08-14T05:32:57.847435622Z", "container": "prefect-postgres", "msg": "2026-08-14 05:32:57.847 UTC [27] LOG:  checkpoint starting: time"}
{"ts": "2026-08-14T05:33:01.985269876Z", "container": "prefect-postgres", "msg": "2026-08-14 05:33:01.985 UTC [27] LOG:  checkpoint complete: wrote 42 buffers (0.3%); 0 WAL file(s) added, 0 removed, 0 recycled; write=4.111 s, sync=0.016 s, total=4.138 s; sync files=31, longest=0.004 s, average=0.001 s; distance=877 kB, estimate=1632 kB; lsn=1/10168918, redo lsn=1/10157160"}
{"ts": "2026-08-14T05:37:58.080336472Z", "container": "prefect-postgres", "msg": "2026-08-14 05:37:58.080 UTC [27] LOG:  checkpoint starting: time"}
{"ts": "2026-08-14T05:38:00.712241165Z", "container": "prefect-postgres", "msg": "2026-08-14 05:38:00.712 UTC [27] LOG:  checkpoint complete: wrote 27 buffers (0.2%); 0 WAL file(s) added, 0 removed, 0 recycled; write=2.608 s, sync=0.015 s, total=2.632 s; sync files=29, longest=0.003 s, average=0.001 s; distance=967 kB, estimate=1566 kB; lsn=1/10255A18, redo lsn=1/10248E10"}
{"ts": "2026-08-14T05:42:58.811453247Z", "container": "prefect-postgres", "msg": "2026-08-14 05:42:58.811 UTC [27] LOG:  checkpoint starting: time"}
{"ts": "2026-08-14T05:43:03.652119979Z", "container": "prefect-postgres", "msg": "2026-08-14 05:43:03.652 UTC [27] LOG:  checkpoint complete: wrote 45 buffers (0.3%); 0 WAL file(s) added, 0 removed, 0 recycled; write=4.812 s, sync=0.017 s, total=4.841 s; sync files=28, longest=0.004 s, average=0.001 s; distance=960 kB, estimate=1505 kB; lsn=1/10344BC0, redo lsn=1/10338E98"}
{"ts": "2026-08-14T05:47:58.727465699Z", "container": "prefect-postgres", "msg": "2026-08-14 05:47:58.727 UTC [27] LOG:  checkpoint starting: time"}
{"ts": "2026-08-14T05:48:02.360910648Z", "container": "prefect-postgres", "msg": "2026-08-14 05:48:02.360 UTC [27] LOG:  checkpoint complete: wrote 37 buffers (0.2%); 0 WAL file(s) added, 0 removed, 0 recycled; write=3.614 s, sync=0.008 s, total=3.634 s; sync files=28, longest=0.003 s, average=0.001 s; distance=884 kB, estimate=1443 kB; lsn=1/10421450, redo lsn=1/10415F48"}
{"ts": "2026-08-14T05:52:58.461005621Z", "container": "prefect-postgres", "msg": "2026-08-14 05:52:58.460 UTC [27] LOG:  checkpoint starting: time"}
{"ts": "2026-08-14T05:53:03.292061268Z", "container": "prefect-postgres", "msg": "2026-08-14 05:53:03.291 UTC [27] LOG:  checkpoint complete: wrote 48 buffers (0.3%); 0 WAL file(s) added, 0 removed, 0 recycled; write=4.812 s, sync=0.008 s, total=4.832 s; sync files=28, longest=0.003 s, average=0.001 s; distance=928 kB, estimate=1391 kB; lsn=1/1050EBA0, redo lsn=1/104FE270"}
{"ts": "2026-08-14T05:57:58.391468948Z", "container": "prefect-postgres", "msg": "2026-08-14 05:57:58.391 UTC [27] LOG:  checkpoint starting: time"}
{"ts": "2026-08-14T05:58:03.431163038Z", "container": "prefect-postgres", "msg": "2026-08-14 05:58:03.431 UTC [27] LOG:  checkpoint complete: wrote 46 buffers (0.3%); 0 WAL file(s) added, 0 removed, 0 recycled; write=5.018 s, sync=0.011 s, total=5.040 s; sync files=28, longest=0.002 s, average=0.001 s; distance=945 kB, estimate=1347 kB; lsn=1/105F9DA8, redo lsn=1/105EA7E0"}
{"ts": "2026-08-14T06:02:58.530683208Z", "container": "prefect-postgres", "msg": "2026-08-14 06:02:58.530 UTC [27] LOG:  checkpoint starting: time"}
{"ts": "2026-08-14T06:03:03.177178084Z", "container": "prefect-postgres", "msg": "2026-08-14 06:03:03.177 UTC [27] LOG:  checkpoint complete: wrote 46 buffers (0.3%); 0 WAL file(s) added, 0 removed, 0 recycled; write=4.617 s, sync=0.018 s, total=4.647 s; sync files=29, longest=0.006 s, average=0.001 s; distance=939 kB, estimate=1306 kB; lsn=1/106DDD98, redo lsn=1/106D54C8"}
{"ts": "2026-08-14T06:07:58.275466844Z", "container": "prefect-postgres", "msg": "2026-08-14 06:07:58.275 UTC [27] LOG:  checkpoint starting: time"}
{"ts": "2026-08-14T06:08:03.306482714Z", "container": "prefect-postgres", "msg": "2026-08-14 06:08:03.306 UTC [27] LOG:  checkpoint complete: wrote 51 buffers (0.3%); 0 WAL file(s) added, 0 removed, 0 recycled; write=5.012 s, sync=0.010 s, total=5.032 s; sync files=29, longest=0.002 s, average=0.001 s; distance=903 kB, estimate=1266 kB; lsn=1/107C0A48, redo lsn=1/107B7198"}
{"ts": "2026-08-14T06:12:58.406585456Z", "container": "prefect-postgres", "msg": "2026-08-14 06:12:58.406 UTC [27] LOG:  checkpoint starting: time"}
{"ts": "2026-08-14T06:13:00.920608993Z", "container": "prefect-postgres", "msg": "2026-08-14 06:13:00.920 UTC [27] LOG:  checkpoint complete: wrote 26 buffers (0.2%); 0 WAL file(s) added, 0 removed, 0 recycled; write=2.505 s, sync=0.005 s, total=2.515 s; sync files=28, longest=0.002 s, average=0.001 s; distance=933 kB, estimate=1232 kB; lsn=1/108A75B8, redo lsn=1/108A0698"}
{"ts": "2026-08-14T06:17:59.019428870Z", "container": "prefect-postgres", "msg": "2026-08-14 06:17:59.019 UTC [27] LOG:  checkpoint starting: time"}
{"ts": "2026-08-14T06:18:02.639448341Z", "container": "prefect-postgres", "msg": "2026-08-14 06:18:02.639 UTC [27] LOG:  checkpoint complete: wrote 37 buffers (0.2%); 0 WAL file(s) added, 0 removed, 0 recycled; write=3.609 s, sync=0.006 s, total=3.621 s; sync files=28, longest=0.002 s, average=0.001 s; distance=924 kB, estimate=1202 kB; lsn=1/109982B0, redo lsn=1/109878E8"}
{"ts": "2026-08-14T06:22:59.739400040Z", "container": "prefect-postgres", "msg": "2026-08-14 06:22:59.739 UTC [27] LOG:  checkpoint starting: time"}
{"ts": "2026-08-14T06:23:03.874574600Z", "container": "prefect-postgres", "msg": "2026-08-14 06:23:03.874 UTC [27] LOG:  checkpoint complete: wrote 40 buffers (0.2%); 0 WAL file(s) added, 0 removed, 0 recycled; write=4.115 s, sync=0.010 s, total=4.136 s; sync files=28, longest=0.004 s, average=0.001 s; distance=910 kB, estimate=1172 kB; lsn=1/10A752A0, redo lsn=1/10A6B1A0"}
{"ts": "2026-08-14T06:27:59.971821895Z", "container": "prefect-postgres", "msg": "2026-08-14 06:27:59.971 UTC [27] LOG:  checkpoint starting: time"}
{"ts": "2026-08-14T06:28:06.415169376Z", "container": "prefect-postgres", "msg": "2026-08-14 06:28:06.415 UTC [27] LOG:  checkpoint complete: wrote 42 buffers (0.3%); 0 WAL file(s) added, 0 removed, 0 recycled; write=6.412 s, sync=0.023 s, total=6.444 s; sync files=35, longest=0.003 s, average=0.001 s; distance=939 kB, estimate=1149 kB; lsn=1/10B659F8, redo lsn=1/10B56148"}
{"ts": "2026-08-14T06:32:59.511449701Z", "container": "prefect-postgres", "msg": "2026-08-14 06:32:59.511 UTC [27] LOG:  checkpoint starting: time"}
{"ts": "2026-08-14T06:33:02.852266683Z", "container": "prefect-postgres", "msg": "2026-08-14 06:33:02.852 UTC [27] LOG:  checkpoint complete: wrote 32 buffers (0.2%); 0 WAL file(s) added, 0 removed, 0 recycled; write=3.317 s, sync=0.014 s, total=3.341 s; sync files=29, longest=0.003 s, average=0.001 s; distance=911 kB, estimate=1125 kB; lsn=1/10C3FAE0, redo lsn=1/10C39EC8"}
{"ts": "2026-08-14T06:37:59.951455755Z", "container": "prefect-postgres", "msg": "2026-08-14 06:37:59.951 UTC [27] LOG:  checkpoint starting: time"}
{"ts": "2026-08-14T06:38:04.582777588Z", "container": "prefect-postgres", "msg": "2026-08-14 06:38:04.582 UTC [27] LOG:  checkpoint complete: wrote 46 buffers (0.3%); 0 WAL file(s) added, 0 removed, 0 recycled; write=4.611 s, sync=0.009 s, total=4.632 s; sync files=28, longest=0.003 s, average=0.001 s; distance=902 kB, estimate=1103 kB; lsn=1/10D296D8, redo lsn=1/10D1B800"}
{"ts": "2026-08-14T06:42:59.682628198Z", "container": "prefect-postgres", "msg": "2026-08-14 06:42:59.682 UTC [27] LOG:  checkpoint starting: time"}
{"ts": "2026-08-14T06:43:03.515364315Z", "container": "prefect-postgres", "msg": "2026-08-14 06:43:03.515 UTC [27] LOG:  checkpoint complete: wrote 38 buffers (0.2%); 0 WAL file(s) added, 0 removed, 0 recycled; write=3.811 s, sync=0.011 s, total=3.833 s; sync files=28, longest=0.006 s, average=0.001 s; distance=941 kB, estimate=1087 kB; lsn=1/10E16028, redo lsn=1/10E06EF8"}
{"ts": "2026-08-14T06:47:59.615428127Z", "container": "prefect-postgres", "msg": "2026-08-14 06:47:59.615 UTC [27] LOG:  checkpoint starting: time"}
{"ts": "2026-08-14T06:48:01.650881800Z", "container": "prefect-postgres", "msg": "2026-08-14 06:48:01.650 UTC [27] LOG:  checkpoint complete: wrote 21 buffers (0.1%); 0 WAL file(s) added, 0 removed, 0 recycled; write=2.007 s, sync=0.018 s, total=2.036 s; sync files=28, longest=0.004 s, average=0.001 s; distance=950 kB, estimate=1073 kB; lsn=1/10F04640, redo lsn=1/10EF4760"}
{"ts": "2026-08-14T06:52:59.748758803Z", "container": "prefect-postgres", "msg": "2026-08-14 06:52:59.748 UTC [27] LOG:  checkpoint starting: time"}
{"ts": "2026-08-14T06:53:04.678758428Z", "container": "prefect-postgres", "msg": "2026-08-14 06:53:04.678 UTC [27] LOG:  checkpoint complete: wrote 44 buffers (0.3%); 0 WAL file(s) added, 0 removed, 0 recycled; write=4.909 s, sync=0.011 s, total=4.930 s; sync files=28, longest=0.003 s, average=0.001 s; distance=924 kB, estimate=1058 kB; lsn=1/10FE6EB8, redo lsn=1/10FDB780"}
{"ts": "2026-08-14T06:57:59.778811314Z", "container": "prefect-postgres", "msg": "2026-08-14 06:57:59.778 UTC [27] LOG:  checkpoint starting: time"}
{"ts": "2026-08-14T06:58:03.101951097Z", "container": "prefect-postgres", "msg": "2026-08-14 06:58:03.101 UTC [27] LOG:  checkpoint complete: wrote 34 buffers (0.2%); 0 WAL file(s) added, 0 removed, 1 recycled; write=3.310 s, sync=0.008 s, total=3.324 s; sync files=29, longest=0.002 s, average=0.001 s; distance=1151 kB, estimate=1151 kB; lsn=1/11107090, redo lsn=1/110FB6D0"}
{"ts": "2026-08-14T07:02:59.199129529Z", "container": "prefect-postgres", "msg": "2026-08-14 07:02:59.199 UTC [27] LOG:  checkpoint starting: time"}
{"ts": "2026-08-14T07:03:03.819042695Z", "container": "prefect-postgres", "msg": "2026-08-14 07:03:03.818 UTC [27] LOG:  checkpoint complete: wrote 47 buffers (0.3%); 0 WAL file(s) added, 0 removed, 0 recycled; write=4.612 s, sync=0.003 s, total=4.620 s; sync files=30, longest=0.002 s, average=0.001 s; distance=946 kB, estimate=1131 kB; lsn=1/111F0D58, redo lsn=1/111E8148"}
{"ts": "2026-08-14T07:07:59.915768032Z", "container": "prefect-postgres", "msg": "2026-08-14 07:07:59.915 UTC [27] LOG:  checkpoint starting: time"}
{"ts": "2026-08-14T07:08:05.053125104Z", "container": "prefect-postgres", "msg": "2026-08-14 07:08:05.052 UTC [27] LOG:  checkpoint complete: wrote 46 buffers (0.3%); 0 WAL file(s) added, 0 removed, 0 recycled; write=5.111 s, sync=0.017 s, total=5.138 s; sync files=28, longest=0.003 s, average=0.001 s; distance=927 kB, estimate=1110 kB; lsn=1/112DC7B0, redo lsn=1/112CFE88"}
{"ts": "2026-08-14T07:12:59.151456562Z", "container": "prefect-postgres", "msg": "2026-08-14 07:12:59.151 UTC [27] LOG:  checkpoint starting: time"}
{"ts": "2026-08-14T07:13:02.588103130Z", "container": "prefect-postgres", "msg": "2026-08-14 07:13:02.587 UTC [27] LOG:  checkpoint complete: wrote 28 buffers (0.2%); 0 WAL file(s) added, 0 removed, 0 recycled; write=3.410 s, sync=0.014 s, total=3.437 s; sync files=28, longest=0.004 s, average=0.001 s; distance=896 kB, estimate=1089 kB; lsn=1/113BA820, redo lsn=1/113AFEA8"}
{"ts": "2026-08-14T07:17:59.688180370Z", "container": "prefect-postgres", "msg": "2026-08-14 07:17:59.688 UTC [27] LOG:  checkpoint starting: time"}
{"ts": "2026-08-14T07:18:04.323993261Z", "container": "prefect-postgres", "msg": "2026-08-14 07:18:04.323 UTC [27] LOG:  checkpoint complete: wrote 43 buffers (0.3%); 0 WAL file(s) added, 0 removed, 0 recycled; write=4.615 s, sync=0.009 s, total=4.636 s; sync files=28, longest=0.004 s, average=0.001 s; distance=937 kB, estimate=1074 kB; lsn=1/114AA768, redo lsn=1/1149A428"}
{"ts": "2026-08-14T07:22:59.423463496Z", "container": "prefect-postgres", "msg": "2026-08-14 07:22:59.423 UTC [27] LOG:  checkpoint starting: time"}
{"ts": "2026-08-14T07:23:03.462260505Z", "container": "prefect-postgres", "msg": "2026-08-14 07:23:03.462 UTC [27] LOG:  checkpoint complete: wrote 41 buffers (0.3%); 0 WAL file(s) added, 0 removed, 0 recycled; write=4.014 s, sync=0.014 s, total=4.039 s; sync files=28, longest=0.004 s, average=0.001 s; distance=947 kB, estimate=1061 kB; lsn=1/115942B0, redo lsn=1/11587290"}
{"ts": "2026-08-14T07:27:59.552335089Z", "container": "prefect-postgres", "msg": "2026-08-14 07:27:59.552 UTC [27] LOG:  checkpoint starting: time"}
{"ts": "2026-08-14T07:28:02.885947360Z", "container": "prefect-postgres", "msg": "2026-08-14 07:28:02.885 UTC [27] LOG:  checkpoint complete: wrote 34 buffers (0.2%); 0 WAL file(s) added, 0 removed, 0 recycled; write=3.309 s, sync=0.013 s, total=3.334 s; sync files=29, longest=0.003 s, average=0.001 s; distance=909 kB, estimate=1046 kB; lsn=1/116764C0, redo lsn=1/1166A938"}
{"ts": "2026-08-14T07:32:59.983424929Z", "container": "prefect-postgres", "msg": "2026-08-14 07:32:59.983 UTC [27] LOG:  checkpoint starting: time"}
{"ts": "2026-08-14T07:33:03.719997593Z", "container": "prefect-postgres", "msg": "2026-08-14 07:33:03.719 UTC [27] LOG:  checkpoint complete: wrote 35 buffers (0.2%); 0 WAL file(s) added, 0 removed, 0 recycled; write=3.715 s, sync=0.011 s, total=3.737 s; sync files=29, longest=0.003 s, average=0.001 s; distance=928 kB, estimate=1034 kB; lsn=1/1175EE98, redo lsn=1/11752CD8"}
{"ts": "2026-08-14T07:37:59.741262846Z", "container": "prefect-postgres", "msg": "2026-08-14 07:37:59.741 UTC [27] LOG:  checkpoint starting: time"}
{"ts": "2026-08-14T07:38:03.174643833Z", "container": "prefect-postgres", "msg": "2026-08-14 07:38:03.174 UTC [27] LOG:  checkpoint complete: wrote 27 buffers (0.2%); 0 WAL file(s) added, 0 removed, 0 recycled; write=3.414 s, sync=0.009 s, total=3.434 s; sync files=28, longest=0.004 s, average=0.001 s; distance=882 kB, estimate=1019 kB; lsn=1/1183DC58, redo lsn=1/1182F578"}
{"ts": "2026-08-14T07:42:59.274525363Z", "container": "prefect-postgres", "msg": "2026-08-14 07:42:59.274 UTC [27] LOG:  checkpoint starting: time"}
{"ts": "2026-08-14T07:43:03.214931910Z", "container": "prefect-postgres", "msg": "2026-08-14 07:43:03.214 UTC [27] LOG:  checkpoint complete: wrote 40 buffers (0.2%); 0 WAL file(s) added, 0 removed, 0 recycled; write=3.915 s, sync=0.014 s, total=3.941 s; sync files=28, longest=0.003 s, average=0.001 s; distance=934 kB, estimate=1010 kB; lsn=1/119234B8, redo lsn=1/11919068"}
{"ts": "2026-08-14T07:47:59.311439494Z", "container": "prefect-postgres", "msg": "2026-08-14 07:47:59.311 UTC [27] LOG:  checkpoint starting: time"}
{"ts": "2026-08-14T07:48:01.746547323Z", "container": "prefect-postgres", "msg": "2026-08-14 07:48:01.746 UTC [27] LOG:  checkpoint complete: wrote 19 buffers (0.1%); 0 WAL file(s) added, 0 removed, 0 recycled; write=2.406 s, sync=0.017 s, total=2.436 s; sync files=28, longest=0.003 s, average=0.001 s; distance=902 kB, estimate=1000 kB; lsn=1/11A007C0, redo lsn=1/119FABC8"}
{"ts": "2026-08-14T07:52:59.843466640Z", "container": "prefect-postgres", "msg": "2026-08-14 07:52:59.843 UTC [27] LOG:  checkpoint starting: time"}
{"ts": "2026-08-14T07:53:04.483207808Z", "container": "prefect-postgres", "msg": "2026-08-14 07:53:04.483 UTC [27] LOG:  checkpoint complete: wrote 47 buffers (0.3%); 0 WAL file(s) added, 0 removed, 0 recycled; write=4.616 s, sync=0.013 s, total=4.640 s; sync files=28, longest=0.003 s, average=0.001 s; distance=951 kB, estimate=995 kB; lsn=1/11AF6288, redo lsn=1/11AE8908"}
{"ts": "2026-08-14T07:57:59.581641561Z", "container": "prefect-postgres", "msg": "2026-08-14 07:57:59.581 UTC [27] LOG:  checkpoint starting: time"}
{"ts": "2026-08-14T07:58:01.912778873Z", "container": "prefect-postgres", "msg": "2026-08-14 07:58:01.912 UTC [27] LOG:  checkpoint complete: wrote 24 buffers (0.1%); 0 WAL file(s) added, 0 removed, 0 recycled; write=2.310 s, sync=0.010 s, total=2.332 s; sync files=31, longest=0.003 s, average=0.001 s; distance=1002 kB, estimate=1002 kB; lsn=1/11BE9598, redo lsn=1/11BE32E0"}
{"ts": "2026-08-14T08:02:59.996327965Z", "container": "prefect-postgres", "msg": "2026-08-14 08:02:59.996 UTC [27] LOG:  checkpoint starting: time"}
{"ts": "2026-08-14T08:03:04.328357029Z", "container": "prefect-postgres", "msg": "2026-08-14 08:03:04.328 UTC [27] LOG:  checkpoint complete: wrote 42 buffers (0.3%); 0 WAL file(s) added, 0 removed, 0 recycled; write=4.311 s, sync=0.012 s, total=4.333 s; sync files=141, longest=0.004 s, average=0.001 s; distance=3127 kB, estimate=3127 kB; lsn=1/11F03568, redo lsn=1/11EF1148"}
{"ts": "2026-08-14T08:07:59.428430682Z", "container": "prefect-postgres", "msg": "2026-08-14 08:07:59.428 UTC [27] LOG:  checkpoint starting: time"}
{"ts": "2026-08-14T08:08:03.365823536Z", "container": "prefect-postgres", "msg": "2026-08-14 08:08:03.365 UTC [27] LOG:  checkpoint complete: wrote 40 buffers (0.2%); 0 WAL file(s) added, 0 removed, 0 recycled; write=3.910 s, sync=0.016 s, total=3.938 s; sync files=28, longest=0.004 s, average=0.001 s; distance=946 kB, estimate=2909 kB; lsn=1/11FE7870, redo lsn=1/11FDDB58"}
{"ts": "2026-08-14T08:12:59.463434744Z", "container": "prefect-postgres", "msg": "2026-08-14 08:12:59.463 UTC [27] LOG:  checkpoint starting: time"}
{"ts": "2026-08-14T08:13:03.899318206Z", "container": "prefect-postgres", "msg": "2026-08-14 08:13:03.899 UTC [27] LOG:  checkpoint complete: wrote 45 buffers (0.3%); 0 WAL file(s) added, 0 removed, 1 recycled; write=4.413 s, sync=0.009 s, total=4.436 s; sync files=28, longest=0.003 s, average=0.001 s; distance=877 kB, estimate=2706 kB; lsn=1/120C2DC8, redo lsn=1/120B8FC0"}
{"ts": "2026-08-14T08:17:59.995508726Z", "container": "prefect-postgres", "msg": "2026-08-14 08:17:59.995 UTC [27] LOG:  checkpoint starting: time"}
{"ts": "2026-08-14T08:18:04.029242671Z", "container": "prefect-postgres", "msg": "2026-08-14 08:18:04.029 UTC [27] LOG:  checkpoint complete: wrote 41 buffers (0.3%); 0 WAL file(s) added, 0 removed, 0 recycled; write=4.010 s, sync=0.011 s, total=4.034 s; sync files=142, longest=0.003 s, average=0.001 s; distance=3086 kB, estimate=3086 kB; lsn=1/123C7F00, redo lsn=1/123BCA98"}
{"ts": "2026-08-14T08:22:59.052393495Z", "container": "prefect-postgres", "msg": "2026-08-14 08:22:59.052 UTC [27] LOG:  checkpoint starting: time"}
{"ts": "2026-08-14T08:23:04.789715883Z", "container": "prefect-postgres", "msg": "2026-08-14 08:23:04.789 UTC [27] LOG:  checkpoint complete: wrote 50 buffers (0.3%); 0 WAL file(s) added, 0 removed, 0 recycled; write=5.712 s, sync=0.016 s, total=5.738 s; sync files=28, longest=0.003 s, average=0.001 s; distance=935 kB, estimate=2871 kB; lsn=1/124B6CA8, redo lsn=1/124A67E8"}
{"ts": "2026-08-14T08:27:59.881716604Z", "container": "prefect-postgres", "msg": "2026-08-14 08:27:59.881 UTC [27] LOG:  checkpoint starting: time"}
{"ts": "2026-08-14T08:28:07.419887800Z", "container": "prefect-postgres", "msg": "2026-08-14 08:28:07.419 UTC [27] LOG:  checkpoint complete: wrote 58 buffers (0.4%); 0 WAL file(s) added, 0 removed, 0 recycled; write=7.519 s, sync=0.008 s, total=7.539 s; sync files=36, longest=0.003 s, average=0.001 s; distance=1176 kB, estimate=2702 kB; lsn=1/125E2660, redo lsn=1/125CCA70"}
{"ts": "2026-08-14T08:32:59.519520039Z", "container": "prefect-postgres", "msg": "2026-08-14 08:32:59.519 UTC [27] LOG:  checkpoint starting: time"}
{"ts": "2026-08-14T08:33:02.648178992Z", "container": "prefect-postgres", "msg": "2026-08-14 08:33:02.648 UTC [27] LOG:  checkpoint complete: wrote 32 buffers (0.2%); 0 WAL file(s) added, 0 removed, 0 recycled; write=3.109 s, sync=0.008 s, total=3.129 s; sync files=140, longest=0.003 s, average=0.001 s; distance=3069 kB, estimate=3069 kB; lsn=1/128DADA8, redo lsn=1/128CC088"}
{"ts": "2026-08-14T08:37:59.747449581Z", "container": "prefect-postgres", "msg": "2026-08-14 08:37:59.747 UTC [27] LOG:  checkpoint starting: time"}
{"ts": "2026-08-14T08:38:04.665815324Z", "container": "prefect-postgres", "msg": "2026-08-14 08:38:04.665 UTC [27] LOG:  checkpoint complete: wrote 49 buffers (0.3%); 0 WAL file(s) added, 0 removed, 0 recycled; write=4.911 s, sync=0.004 s, total=4.919 s; sync files=29, longest=0.002 s, average=0.001 s; distance=929 kB, estimate=2855 kB; lsn=1/129BEAE0, redo lsn=1/129B4508"}
{"ts": "2026-08-14T08:42:59.763427634Z", "container": "prefect-postgres", "msg": "2026-08-14 08:42:59.763 UTC [27] LOG:  checkpoint starting: time"}
{"ts": "2026-08-14T08:43:02.503799345Z", "container": "prefect-postgres", "msg": "2026-08-14 08:43:02.503 UTC [27] LOG:  checkpoint complete: wrote 28 buffers (0.2%); 0 WAL file(s) added, 0 removed, 0 recycled; write=2.710 s, sync=0.018 s, total=2.741 s; sync files=31, longest=0.003 s, average=0.001 s; distance=923 kB, estimate=2662 kB; lsn=1/12AAC1C0, redo lsn=1/12A9B4A8"}
{"ts": "2026-08-14T08:47:59.603471742Z", "container": "prefect-postgres", "msg": "2026-08-14 08:47:59.603 UTC [27] LOG:  checkpoint starting: time"}
{"ts": "2026-08-14T08:48:04.651549777Z", "container": "prefect-postgres", "msg": "2026-08-14 08:48:04.651 UTC [27] LOG:  checkpoint complete: wrote 45 buffers (0.3%); 0 WAL file(s) added, 0 removed, 0 recycled; write=5.016 s, sync=0.021 s, total=5.049 s; sync files=137, longest=0.003 s, average=0.001 s; distance=2647 kB, estimate=2660 kB; lsn=1/12D3E200, redo lsn=1/12D31478"}
{"ts": "2026-08-14T08:52:59.751440568Z", "container": "prefect-postgres", "msg": "2026-08-14 08:52:59.751 UTC [27] LOG:  checkpoint starting: time"}
{"ts": "2026-08-14T08:53:04.283089085Z", "container": "prefect-postgres", "msg": "2026-08-14 08:53:04.282 UTC [27] LOG:  checkpoint complete: wrote 44 buffers (0.3%); 0 WAL file(s) added, 0 removed, 0 recycled; write=4.511 s, sync=0.011 s, total=4.532 s; sync files=29, longest=0.003 s, average=0.001 s; distance=913 kB, estimate=2486 kB; lsn=1/12E1E570, redo lsn=1/12E15C28"}
{"ts": "2026-08-14T08:57:59.379450824Z", "container": "prefect-postgres", "msg": "2026-08-14 08:57:59.379 UTC [27] LOG:  checkpoint starting: time"}
{"ts": "2026-08-14T08:58:03.521896075Z", "container": "prefect-postgres", "msg": "2026-08-14 08:58:03.521 UTC [27] LOG:  checkpoint complete: wrote 38 buffers (0.2%); 0 WAL file(s) added, 0 removed, 0 recycled; write=4.114 s, sync=0.017 s, total=4.143 s; sync files=28, longest=0.003 s, average=0.001 s; distance=984 kB, estimate=2336 kB; lsn=1/12F18BC8, redo lsn=1/12F0BDA8"}
{"ts": "2026-08-14T09:02:59.622006196Z", "container": "prefect-postgres", "msg": "2026-08-14 09:02:59.621 UTC [27] LOG:  checkpoint starting: time"}
{"ts": "2026-08-14T09:03:02.055021087Z", "container": "prefect-postgres", "msg": "2026-08-14 09:03:02.054 UTC [27] LOG:  checkpoint complete: wrote 25 buffers (0.2%); 0 WAL file(s) added, 0 removed, 0 recycled; write=2.410 s, sync=0.012 s, total=2.434 s; sync files=27, longest=0.003 s, average=0.001 s; distance=917 kB, estimate=2194 kB; lsn=1/12FF86E0, redo lsn=1/12FF1300"}
{"ts": "2026-08-14T09:07:59.154342851Z", "container": "prefect-postgres", "msg": "2026-08-14 09:07:59.154 UTC [27] LOG:  checkpoint starting: time"}
{"ts": "2026-08-14T09:08:02.794191626Z", "container": "prefect-postgres", "msg": "2026-08-14 09:08:02.794 UTC [27] LOG:  checkpoint complete: wrote 37 buffers (0.2%); 0 WAL file(s) added, 0 removed, 1 recycled; write=3.613 s, sync=0.011 s, total=3.640 s; sync files=28, longest=0.003 s, average=0.001 s; distance=957 kB, estimate=2070 kB; lsn=1/130EFB58, redo lsn=1/130E09F8"}
{"ts": "2026-08-14T09:12:59.891447769Z", "container": "prefect-postgres", "msg": "2026-08-14 09:12:59.891 UTC [27] LOG:  checkpoint starting: time"}
{"ts": "2026-08-14T09:13:05.428129367Z", "container": "prefect-postgres", "msg": "2026-08-14 09:13:05.428 UTC [27] LOG:  checkpoint complete: wrote 54 buffers (0.3%); 0 WAL file(s) added, 0 removed, 0 recycled; write=5.514 s, sync=0.011 s, total=5.537 s; sync files=29, longest=0.003 s, average=0.001 s; distance=968 kB, estimate=1960 kB; lsn=1/131E0738, redo lsn=1/131D2AB8"}
{"ts": "2026-08-14T09:17:59.527455180Z", "container": "prefect-postgres", "msg": "2026-08-14 09:17:59.527 UTC [27] LOG:  checkpoint starting: time"}
{"ts": "2026-08-14T09:18:02.460984537Z", "container": "prefect-postgres", "msg": "2026-08-14 09:18:02.460 UTC [27] LOG:  checkpoint complete: wrote 30 buffers (0.2%); 0 WAL file(s) added, 0 removed, 0 recycled; write=2.914 s, sync=0.008 s, total=2.934 s; sync files=28, longest=0.003 s, average=0.001 s; distance=885 kB, estimate=1852 kB; lsn=1/132B3F18, redo lsn=1/132B00D0"}
{"ts": "2026-08-14T09:22:59.559456460Z", "container": "prefect-postgres", "msg": "2026-08-14 09:22:59.559 UTC [27] LOG:  checkpoint starting: time"}
{"ts": "2026-08-14T09:23:03.487069978Z", "container": "prefect-postgres", "msg": "2026-08-14 09:23:03.486 UTC [27] LOG:  checkpoint complete: wrote 40 buffers (0.2%); 0 WAL file(s) added, 0 removed, 0 recycled; write=3.909 s, sync=0.008 s, total=3.928 s; sync files=29, longest=0.004 s, average=0.001 s; distance=994 kB, estimate=1766 kB; lsn=1/133B79C0, redo lsn=1/133A88E0"}
{"ts": "2026-08-14T09:27:59.587143335Z", "container": "prefect-postgres", "msg": "2026-08-14 09:27:59.587 UTC [27] LOG:  checkpoint starting: time"}
{"ts": "2026-08-14T09:28:09.327594121Z", "container": "prefect-postgres", "msg": "2026-08-14 09:28:09.327 UTC [27] LOG:  checkpoint complete: wrote 82 buffers (0.5%); 0 WAL file(s) added, 0 removed, 0 recycled; write=9.718 s, sync=0.010 s, total=9.741 s; sync files=38, longest=0.003 s, average=0.001 s; distance=1058 kB, estimate=1696 kB; lsn=1/134C3A40, redo lsn=1/134B1370"}
{"ts": "2026-08-14T09:32:59.427463540Z", "container": "prefect-postgres", "msg": "2026-08-14 09:32:59.427 UTC [27] LOG:  checkpoint starting: time"}
{"ts": "2026-08-14T09:33:02.154847731Z", "container": "prefect-postgres", "msg": "2026-08-14 09:33:02.154 UTC [27] LOG:  checkpoint complete: wrote 28 buffers (0.2%); 0 WAL file(s) added, 0 removed, 0 recycled; write=2.710 s, sync=0.008 s, total=2.728 s; sync files=28, longest=0.003 s, average=0.001 s; distance=917 kB, estimate=1618 kB; lsn=1/1359EC30, redo lsn=1/135967A8"}
{"ts": "2026-08-14T09:37:59.249047156Z", "container": "prefect-postgres", "msg": "2026-08-14 09:37:59.248 UTC [27] LOG:  checkpoint starting: time"}
{"ts": "2026-08-14T09:38:03.787605608Z", "container": "prefect-postgres", "msg": "2026-08-14 09:38:03.787 UTC [27] LOG:  checkpoint complete: wrote 46 buffers (0.3%); 0 WAL file(s) added, 0 removed, 0 recycled; write=4.513 s, sync=0.014 s, total=4.539 s; sync files=28, longest=0.004 s, average=0.001 s; distance=965 kB, estimate=1552 kB; lsn=1/13697D78, redo lsn=1/13687E30"}
{"ts": "2026-08-14T09:42:59.887448853Z", "container": "prefect-postgres", "msg": "2026-08-14 09:42:59.887 UTC [27] LOG:  checkpoint starting: time"}
{"ts": "2026-08-14T09:43:03.426721260Z", "container": "prefect-postgres", "msg": "2026-08-14 09:43:03.426 UTC [27] LOG:  checkpoint complete: wrote 33 buffers (0.2%); 0 WAL file(s) added, 0 removed, 0 recycled; write=3.511 s, sync=0.017 s, total=3.540 s; sync files=28, longest=0.003 s, average=0.001 s; distance=945 kB, estimate=1492 kB; lsn=1/13780D78, redo lsn=1/13774488"}
{"ts": "2026-08-14T09:47:59.524581791Z", "container": "prefect-postgres", "msg": "2026-08-14 09:47:59.524 UTC [27] LOG:  checkpoint starting: time"}
{"ts": "2026-08-14T09:48:03.255020471Z", "container": "prefect-postgres", "msg": "2026-08-14 09:48:03.254 UTC [27] LOG:  checkpoint complete: wrote 38 buffers (0.2%); 0 WAL file(s) added, 0 removed, 0 recycled; write=3.710 s, sync=0.009 s, total=3.731 s; sync files=29, longest=0.003 s, average=0.001 s; distance=941 kB, estimate=1437 kB; lsn=1/13873300, redo lsn=1/1385FAE0"}
{"ts": "2026-08-14T09:52:59.349599754Z", "container": "prefect-postgres", "msg": "2026-08-14 09:52:59.349 UTC [27] LOG:  checkpoint starting: time"}
{"ts": "2026-08-14T09:53:05.284884471Z", "container": "prefect-postgres", "msg": "2026-08-14 09:53:05.284 UTC [27] LOG:  checkpoint complete: wrote 58 buffers (0.4%); 0 WAL file(s) added, 0 removed, 0 recycled; write=5.915 s, sync=0.008 s, total=5.936 s; sync files=29, longest=0.003 s, average=0.001 s; distance=957 kB, estimate=1389 kB; lsn=1/1395C6F8, redo lsn=1/1394F008"}
{"ts": "2026-08-14T09:57:59.383682517Z", "container": "prefect-postgres", "msg": "2026-08-14 09:57:59.383 UTC [27] LOG:  checkpoint starting: time"}
{"ts": "2026-08-14T09:58:04.512122873Z", "container": "prefect-postgres", "msg": "2026-08-14 09:58:04.512 UTC [27] LOG:  checkpoint complete: wrote 52 buffers (0.3%); 0 WAL file(s) added, 0 removed, 0 recycled; write=5.110 s, sync=0.010 s, total=5.129 s; sync files=28, longest=0.002 s, average=0.001 s; distance=888 kB, estimate=1339 kB; lsn=1/13A3B418, redo lsn=1/13A2D090"}
{"ts": "2026-08-14T10:02:59.608057353Z", "container": "prefect-postgres", "msg": "2026-08-14 10:02:59.607 UTC [27] LOG:  checkpoint starting: time"}
{"ts": "2026-08-14T10:03:03.740088417Z", "container": "prefect-postgres", "msg": "2026-08-14 10:03:03.739 UTC [27] LOG:  checkpoint complete: wrote 37 buffers (0.2%); 0 WAL file(s) added, 0 removed, 0 recycled; write=4.109 s, sync=0.013 s, total=4.133 s; sync files=30, longest=0.004 s, average=0.001 s; distance=960 kB, estimate=1301 kB; lsn=1/13B2F6B8, redo lsn=1/13B1D340"}
{"ts": "2026-08-14T10:07:59.839455006Z", "container": "prefect-postgres", "msg": "2026-08-14 10:07:59.839 UTC [27] LOG:  checkpoint starting: time"}
{"ts": "2026-08-14T10:08:02.866289612Z", "container": "prefect-postgres", "msg": "2026-08-14 10:08:02.866 UTC [27] LOG:  checkpoint complete: wrote 31 buffers (0.2%); 0 WAL file(s) added, 0 removed, 0 recycled; write=3.009 s, sync=0.007 s, total=3.027 s; sync files=28, longest=0.003 s, average=0.001 s; distance=909 kB, estimate=1262 kB; lsn=1/13C0D178, redo lsn=1/13C00848"}
{"ts": "2026-08-14T10:12:59.930555088Z", "container": "prefect-postgres", "msg": "2026-08-14 10:12:59.930 UTC [27] LOG:  checkpoint starting: time"}
{"ts": "2026-08-14T10:13:03.771756018Z", "container": "prefect-postgres", "msg": "2026-08-14 10:13:03.771 UTC [27] LOG:  checkpoint complete: wrote 33 buffers (0.2%); 0 WAL file(s) added, 0 removed, 0 recycled; write=3.811 s, sync=0.021 s, total=3.842 s; sync files=28, longest=0.003 s, average=0.001 s; distance=927 kB, estimate=1228 kB; lsn=1/13CFB270, redo lsn=1/13CE87C8"}
{"ts": "2026-08-14T10:17:59.867539271Z", "container": "prefect-postgres", "msg": "2026-08-14 10:17:59.867 UTC [27] LOG:  checkpoint starting: time"}
{"ts": "2026-08-14T10:18:04.909787999Z", "container": "prefect-postgres", "msg": "2026-08-14 10:18:04.909 UTC [27] LOG:  checkpoint complete: wrote 44 buffers (0.3%); 0 WAL file(s) added, 0 removed, 0 recycled; write=5.015 s, sync=0.015 s, total=5.043 s; sync files=28, longest=0.002 s, average=0.001 s; distance=946 kB, estimate=1200 kB; lsn=1/13DE3A80, redo lsn=1/13DD5278"}
{"ts": "2026-08-14T10:23:00.008645036Z", "container": "prefect-postgres", "msg": "2026-08-14 10:23:00.008 UTC [27] LOG:  checkpoint starting: time"}
{"ts": "2026-08-14T10:23:03.250597712Z", "container": "prefect-postgres", "msg": "2026-08-14 10:23:03.250 UTC [27] LOG:  checkpoint complete: wrote 24 buffers (0.1%); 0 WAL file(s) added, 0 removed, 0 recycled; write=3.213 s, sync=0.018 s, total=3.242 s; sync files=28, longest=0.003 s, average=0.001 s; distance=893 kB, estimate=1169 kB; lsn=1/13EC2840, redo lsn=1/13EB4990"}
{"ts": "2026-08-14T10:28:00.347451457Z", "container": "prefect-postgres", "msg": "2026-08-14 10:28:00.347 UTC [27] LOG:  checkpoint starting: time"}
{"ts": "2026-08-14T10:28:03.888964690Z", "container": "prefect-postgres", "msg": "2026-08-14 10:28:03.888 UTC [27] LOG:  checkpoint complete: wrote 25 buffers (0.2%); 0 WAL file(s) added, 0 removed, 0 recycled; write=3.509 s, sync=0.020 s, total=3.542 s; sync files=33, longest=0.004 s, average=0.001 s; distance=915 kB, estimate=1144 kB; lsn=1/13FA0ED0, redo lsn=1/13F99830"}
{"ts": "2026-08-14T10:33:00.987428387Z", "container": "prefect-postgres", "msg": "2026-08-14 10:33:00.987 UTC [27] LOG:  checkpoint starting: time"}
{"ts": "2026-08-14T10:33:04.531089461Z", "container": "prefect-postgres", "msg": "2026-08-14 10:33:04.530 UTC [27] LOG:  checkpoint complete: wrote 36 buffers (0.2%); 0 WAL file(s) added, 0 removed, 1 recycled; write=3.515 s, sync=0.016 s, total=3.544 s; sync files=30, longest=0.003 s, average=0.001 s; distance=936 kB, estimate=1123 kB; lsn=1/1408D990, redo lsn=1/14083B78"}
{"ts": "2026-08-14T10:38:00.627454284Z", "container": "prefect-postgres", "msg": "2026-08-14 10:38:00.627 UTC [27] LOG:  checkpoint starting: time"}
{"ts": "2026-08-14T10:38:03.768128492Z", "container": "prefect-postgres", "msg": "2026-08-14 10:38:03.768 UTC [27] LOG:  checkpoint complete: wrote 33 buffers (0.2%); 0 WAL file(s) added, 0 removed, 0 recycled; write=3.113 s, sync=0.018 s, total=3.141 s; sync files=28, longest=0.004 s, average=0.001 s; distance=905 kB, estimate=1101 kB; lsn=1/14176630, redo lsn=1/14166300"}
{"ts": "2026-08-14T10:43:00.863452942Z", "container": "prefect-postgres", "msg": "2026-08-14 10:43:00.863 UTC [27] LOG:  checkpoint starting: time"}
{"ts": "2026-08-14T10:43:05.490576543Z", "container": "prefect-postgres", "msg": "2026-08-14 10:43:05.490 UTC [27] LOG:  checkpoint complete: wrote 47 buffers (0.3%); 0 WAL file(s) added, 0 removed, 0 recycled; write=4.612 s, sync=0.005 s, total=4.628 s; sync files=28, longest=0.003 s, average=0.001 s; distance=904 kB, estimate=1082 kB; lsn=1/14257EF8, redo lsn=1/142486A0"}
{"ts": "2026-08-14T10:48:00.590685008Z", "container": "prefect-postgres", "msg": "2026-08-14 10:48:00.590 UTC [27] LOG:  checkpoint starting: time"}
{"ts": "2026-08-14T10:48:04.031162179Z", "container": "prefect-postgres", "msg": "2026-08-14 10:48:04.031 UTC [27] LOG:  checkpoint complete: wrote 30 buffers (0.2%); 0 WAL file(s) added, 0 removed, 0 recycled; write=3.415 s, sync=0.013 s, total=3.441 s; sync files=29, longest=0.003 s, average=0.001 s; distance=989 kB, estimate=1072 kB; lsn=1/14349458, redo lsn=1/1433FCD8"}
{"ts": "2026-08-14T10:53:00.129177712Z", "container": "prefect-postgres", "msg": "2026-08-14 10:53:00.129 UTC [27] LOG:  checkpoint starting: time"}
{"ts": "2026-08-14T10:53:04.772935295Z", "container": "prefect-postgres", "msg": "2026-08-14 10:53:04.772 UTC [27] LOG:  checkpoint complete: wrote 44 buffers (0.3%); 0 WAL file(s) added, 0 removed, 0 recycled; write=4.610 s, sync=0.023 s, total=4.644 s; sync files=28, longest=0.003 s, average=0.001 s; distance=921 kB, estimate=1057 kB; lsn=1/14437158, redo lsn=1/144264C0"}
{"ts": "2026-08-14T10:58:00.871423014Z", "container": "prefect-postgres", "msg": "2026-08-14 10:58:00.871 UTC [27] LOG:  checkpoint starting: time"}
{"ts": "2026-08-14T10:58:04.904358637Z", "container": "prefect-postgres", "msg": "2026-08-14 10:58:04.904 UTC [27] LOG:  checkpoint complete: wrote 41 buffers (0.3%); 0 WAL file(s) added, 0 removed, 0 recycled; write=4.010 s, sync=0.011 s, total=4.033 s; sync files=30, longest=0.003 s, average=0.001 s; distance=968 kB, estimate=1048 kB; lsn=1/14521988, redo lsn=1/14518870"}
{"ts": "2026-08-14T11:03:01.004439749Z", "container": "prefect-postgres", "msg": "2026-08-14 11:03:01.004 UTC [27] LOG:  checkpoint starting: time"}
{"ts": "2026-08-14T11:03:05.629605236Z", "container": "prefect-postgres", "msg": "2026-08-14 11:03:05.629 UTC [27] LOG:  checkpoint complete: wrote 43 buffers (0.3%); 0 WAL file(s) added, 0 removed, 0 recycled; write=4.610 s, sync=0.005 s, total=4.626 s; sync files=28, longest=0.003 s, average=0.001 s; distance=938 kB, estimate=1037 kB; lsn=1/1460E500, redo lsn=1/14603208"}
{"ts": "2026-08-14T11:08:01.691776028Z", "container": "prefect-postgres", "msg": "2026-08-14 11:08:01.691 UTC [27] LOG:  checkpoint starting: time"}
{"ts": "2026-08-14T11:08:07.534290460Z", "container": "prefect-postgres", "msg": "2026-08-14 11:08:07.534 UTC [27] LOG:  checkpoint complete: wrote 57 buffers (0.3%); 0 WAL file(s) added, 0 removed, 0 recycled; write=5.820 s, sync=0.010 s, total=5.843 s; sync files=27, longest=0.002 s, average=0.001 s; distance=990 kB, estimate=1033 kB; lsn=1/14708590, redo lsn=1/146FAD20"}
{"ts": "2026-08-14T11:13:01.612195074Z", "container": "prefect-postgres", "msg": "2026-08-14 11:13:01.612 UTC [27] LOG:  checkpoint starting: time"}
{"ts": "2026-08-14T11:13:05.248091319Z", "container": "prefect-postgres", "msg": "2026-08-14 11:13:05.247 UTC [27] LOG:  checkpoint complete: wrote 37 buffers (0.2%); 0 WAL file(s) added, 0 removed, 0 recycled; write=3.610 s, sync=0.013 s, total=3.636 s; sync files=28, longest=0.003 s, average=0.001 s; distance=773 kB, estimate=1007 kB; lsn=1/147C4298, redo lsn=1/147BC2E0"}
{"ts": "2026-08-14T11:18:01.347487694Z", "container": "prefect-postgres", "msg": "2026-08-14 11:18:01.347 UTC [27] LOG:  checkpoint starting: time"}
{"ts": "2026-08-14T11:18:03.981207872Z", "container": "prefect-postgres", "msg": "2026-08-14 11:18:03.981 UTC [27] LOG:  checkpoint complete: wrote 27 buffers (0.2%); 0 WAL file(s) added, 0 removed, 0 recycled; write=2.609 s, sync=0.012 s, total=2.634 s; sync files=28, longest=0.003 s, average=0.001 s; distance=785 kB, estimate=985 kB; lsn=1/1488B0C0, redo lsn=1/14880A10"}
{"ts": "2026-08-14T11:23:02.072114268Z", "container": "prefect-postgres", "msg": "2026-08-14 11:23:02.071 UTC [27] LOG:  checkpoint starting: time"}
{"ts": "2026-08-14T11:23:05.611218337Z", "container": "prefect-postgres", "msg": "2026-08-14 11:23:05.611 UTC [27] LOG:  checkpoint complete: wrote 36 buffers (0.2%); 0 WAL file(s) added, 0 removed, 0 recycled; write=3.516 s, sync=0.010 s, total=3.540 s; sync files=27, longest=0.003 s, average=0.001 s; distance=759 kB, estimate=962 kB; lsn=1/1494B7D8, redo lsn=1/1493E7A0"}
{"ts": "2026-08-14T11:28:02.707507726Z", "container": "prefect-postgres", "msg": "2026-08-14 11:28:02.707 UTC [27] LOG:  checkpoint starting: time"}
{"ts": "2026-08-14T11:28:05.636491284Z", "container": "prefect-postgres", "msg": "2026-08-14 11:28:05.636 UTC [27] LOG:  checkpoint complete: wrote 30 buffers (0.2%); 0 WAL file(s) added, 0 removed, 0 recycled; write=2.910 s, sync=0.009 s, total=2.929 s; sync files=29, longest=0.003 s, average=0.001 s; distance=800 kB, estimate=946 kB; lsn=1/14A0D7D8, redo lsn=1/14A06AD8"}
{"ts": "2026-08-14T11:33:02.735493310Z", "container": "prefect-postgres", "msg": "2026-08-14 11:33:02.735 UTC [27] LOG:  checkpoint starting: time"}
{"ts": "2026-08-14T11:33:07.073790391Z", "container": "prefect-postgres", "msg": "2026-08-14 11:33:07.073 UTC [27] LOG:  checkpoint complete: wrote 42 buffers (0.3%); 0 WAL file(s) added, 0 removed, 0 recycled; write=4.313 s, sync=0.015 s, total=4.339 s; sync files=28, longest=0.004 s, average=0.001 s; distance=766 kB, estimate=928 kB; lsn=1/14AD3430, redo lsn=1/14AC6568"}
{"ts": "2026-08-14T11:38:02.171521170Z", "container": "prefect-postgres", "msg": "2026-08-14 11:38:02.171 UTC [27] LOG:  checkpoint starting: time"}
{"ts": "2026-08-14T11:38:06.307156703Z", "container": "prefect-postgres", "msg": "2026-08-14 11:38:06.306 UTC [27] LOG:  checkpoint complete: wrote 43 buffers (0.3%); 0 WAL file(s) added, 0 removed, 0 recycled; write=4.115 s, sync=0.008 s, total=4.136 s; sync files=28, longest=0.004 s, average=0.001 s; distance=735 kB, estimate=909 kB; lsn=1/14B8FED8, redo lsn=1/14B7E310"}
{"ts": "2026-08-14T11:43:02.403522360Z", "container": "prefect-postgres", "msg": "2026-08-14 11:43:02.403 UTC [27] LOG:  checkpoint starting: time"}
{"ts": "2026-08-14T11:43:07.032033627Z", "container": "prefect-postgres", "msg": "2026-08-14 11:43:07.031 UTC [27] LOG:  checkpoint complete: wrote 46 buffers (0.3%); 0 WAL file(s) added, 0 removed, 0 recycled; write=4.611 s, sync=0.007 s, total=4.629 s; sync files=29, longest=0.003 s, average=0.001 s; distance=795 kB, estimate=897 kB; lsn=1/14C57C08, redo lsn=1/14C450A0"}
{"ts": "2026-08-14T11:48:02.131528944Z", "container": "prefect-postgres", "msg": "2026-08-14 11:48:02.131 UTC [27] LOG:  checkpoint starting: time"}
{"ts": "2026-08-14T11:48:07.174722503Z", "container": "prefect-postgres", "msg": "2026-08-14 11:48:07.174 UTC [27] LOG:  checkpoint complete: wrote 50 buffers (0.3%); 0 WAL file(s) added, 0 removed, 0 recycled; write=5.018 s, sync=0.013 s, total=5.044 s; sync files=28, longest=0.004 s, average=0.001 s; distance=772 kB, estimate=885 kB; lsn=1/14D0F058, redo lsn=1/14D06390"}
{"ts": "2026-08-14T11:53:02.271511600Z", "container": "prefect-postgres", "msg": "2026-08-14 11:53:02.271 UTC [27] LOG:  checkpoint starting: time"}
{"ts": "2026-08-14T11:53:04.602572690Z", "container": "prefect-postgres", "msg": "2026-08-14 11:53:04.602 UTC [27] LOG:  checkpoint complete: wrote 24 buffers (0.1%); 0 WAL file(s) added, 0 removed, 0 recycled; write=2.309 s, sync=0.011 s, total=2.332 s; sync files=30, longest=0.003 s, average=0.001 s; distance=779 kB, estimate=874 kB; lsn=1/14DD0740, redo lsn=1/14DC9188"}
{"ts": "2026-08-14T11:58:02.680940896Z", "container": "prefect-postgres", "msg": "2026-08-14 11:58:02.680 UTC [27] LOG:  checkpoint starting: time"}
{"ts": "2026-08-14T11:58:06.112311658Z", "container": "prefect-postgres", "msg": "2026-08-14 11:58:06.112 UTC [27] LOG:  checkpoint complete: wrote 35 buffers (0.2%); 0 WAL file(s) added, 0 removed, 0 recycled; write=3.408 s, sync=0.013 s, total=3.432 s; sync files=28, longest=0.003 s, average=0.001 s; distance=791 kB, estimate=866 kB; lsn=1/14E9E880, redo lsn=1/14E8F020"}
{"ts": "2026-08-14T12:03:02.211613363Z", "container": "prefect-postgres", "msg": "2026-08-14 12:03:02.211 UTC [27] LOG:  checkpoint starting: time"}
{"ts": "2026-08-14T12:03:08.162787350Z", "container": "prefect-postgres", "msg": "2026-08-14 12:03:08.162 UTC [27] LOG:  checkpoint complete: wrote 49 buffers (0.3%); 0 WAL file(s) added, 0 removed, 1 recycled; write=5.914 s, sync=0.023 s, total=5.952 s; sync files=142, longest=0.003 s, average=0.001 s; distance=2896 kB, estimate=2896 kB; lsn=1/15175048, redo lsn=1/151630E0"}
{"ts": "2026-08-14T12:08:02.259500417Z", "container": "prefect-postgres", "msg": "2026-08-14 12:08:02.259 UTC [27] LOG:  checkpoint starting: time"}
{"ts": "2026-08-14T12:08:06.692618695Z", "container": "prefect-postgres", "msg": "2026-08-14 12:08:06.692 UTC [27] LOG:  checkpoint complete: wrote 43 buffers (0.3%); 0 WAL file(s) added, 0 removed, 0 recycled; write=4.411 s, sync=0.012 s, total=4.434 s; sync files=28, longest=0.004 s, average=0.001 s; distance=748 kB, estimate=2681 kB; lsn=1/15229170, redo lsn=1/1521E260"}
{"ts": "2026-08-14T12:13:02.791520884Z", "container": "prefect-postgres", "msg": "2026-08-14 12:13:02.791 UTC [27] LOG:  checkpoint starting: time"}
{"ts": "2026-08-14T12:13:07.442078128Z", "container": "prefect-postgres", "msg": "2026-08-14 12:13:07.441 UTC [27] LOG:  checkpoint complete: wrote 44 buffers (0.3%); 0 WAL file(s) added, 0 removed, 0 recycled; write=4.619 s, sync=0.020 s, total=4.651 s; sync files=30, longest=0.003 s, average=0.001 s; distance=788 kB, estimate=2492 kB; lsn=1/152EF0B8, redo lsn=1/152E32D8"}
{"ts": "2026-08-14T12:15:00.357526366Z", "container": "prefect-postgres", "msg": "2026-08-14 12:15:00.357 UTC [135671] ERROR:  duplicate key value violates unique constraint \"pk_task_run\""}
{"ts": "2026-08-14T12:15:00.357553626Z", "container": "prefect-postgres", "msg": "2026-08-14 12:15:00.357 UTC [135671] DETAIL:  Key (id)=(01a00032-6eae-7147-a0fb-2f7d2439d4ef) already exists."}
{"ts": "2026-08-14T12:15:00.357561366Z", "container": "prefect-postgres", "msg": "2026-08-14 12:15:00.357 UTC [135671] STATEMENT:  INSERT INTO task_run (flow_run_id, task_key, dynamic_key, flow_run_run_count, empirical_policy, task_inputs, tags, labels, state_id, name, state_type, state_name, state_timestamp, run_count, expected_start_time, total_run_time, id, created, updated) VALUES ($1::UUID, $2::VARCHAR, $3::VARCHAR, $4::INTEGER, $5, $6, $7::JSONB, $8::JSONB, $9::UUID, $10::VARCHAR, $11::state_type, $12::VARCHAR, $13::TIMESTAMP WITH TIME ZONE, $14::INTEGER, $15::TIMESTAMP WITH TIME ZONE, $16::INTERVAL, $17::UUID, $18::TIMESTAMP WITH TIME ZONE, $19::TIMESTAMP WITH TIME ZONE) ON CONFLICT (flow_run_id, task_key, dynamic_key) DO UPDATE SET flow_run_id = excluded.flow_run_id, task_key = excluded.task_key, dynamic_key = excluded.dynamic_key, flow_run_run_count = excluded.flow_run_run_count, empirical_policy = excluded.empirical_policy, task_inputs = excluded.task_inputs, tags = excluded.tags, labels = excluded.labels, state_id = excluded.state_id, name = excluded.name, state_type = excluded.state_type, state_name = excluded.state_name, state_timestamp = excluded.state_timestamp, run_count = excluded.run_count, expected_start_time = excluded.expected_start_time, total_run_time = excluded.total_run_time, updated = excluded.updated WHERE task_run.state_timestamp < excluded.state_timestamp"}
{"ts": "2026-08-14T12:18:02.539563718Z", "container": "prefect-postgres", "msg": "2026-08-14 12:18:02.539 UTC [27] LOG:  checkpoint starting: time"}
{"ts": "2026-08-14T12:18:09.288743377Z", "container": "prefect-postgres", "msg": "2026-08-14 12:18:09.288 UTC [27] LOG:  checkpoint complete: wrote 68 buffers (0.4%); 0 WAL file(s) added, 0 removed, 0 recycled; write=6.721 s, sync=0.016 s, total=6.750 s; sync files=146, longest=0.003 s, average=0.001 s; distance=3259 kB, estimate=3259 kB; lsn=1/156229D8, redo lsn=1/15612028"}
{"ts": "2026-08-14T12:23:02.387513136Z", "container": "prefect-postgres", "msg": "2026-08-14 12:23:02.387 UTC [27] LOG:  checkpoint starting: time"}
{"ts": "2026-08-14T12:23:06.016082767Z", "container": "prefect-postgres", "msg": "2026-08-14 12:23:06.015 UTC [27] LOG:  checkpoint complete: wrote 37 buffers (0.2%); 0 WAL file(s) added, 0 removed, 0 recycled; write=3.611 s, sync=0.007 s, total=3.629 s; sync files=28, longest=0.003 s, average=0.001 s; distance=767 kB, estimate=3010 kB; lsn=1/156DF390, redo lsn=1/156D2020"}
{"ts": "2026-08-14T12:28:02.115529121Z", "container": "prefect-postgres", "msg": "2026-08-14 12:28:02.115 UTC [27] LOG:  checkpoint starting: time"}
{"ts": "2026-08-14T12:28:11.460698777Z", "container": "prefect-postgres", "msg": "2026-08-14 12:28:11.460 UTC [27] LOG:  checkpoint complete: wrote 92 buffers (0.6%); 0 WAL file(s) added, 0 removed, 0 recycled; write=9.319 s, sync=0.015 s, total=9.346 s; sync files=35, longest=0.004 s, average=0.001 s; distance=1010 kB, estimate=2810 kB; lsn=1/157DDF58, redo lsn=1/157CEB20"}
{"ts": "2026-08-14T12:33:02.560916479Z", "container": "prefect-postgres", "msg": "2026-08-14 12:33:02.560 UTC [27] LOG:  checkpoint starting: time"}
{"ts": "2026-08-14T12:33:07.893653626Z", "container": "prefect-postgres", "msg": "2026-08-14 12:33:07.893 UTC [27] LOG:  checkpoint complete: wrote 54 buffers (0.3%); 0 WAL file(s) added, 0 removed, 0 recycled; write=5.314 s, sync=0.007 s, total=5.333 s; sync files=139, longest=0.002 s, average=0.001 s; distance=2284 kB, estimate=2757 kB; lsn=1/15A13CA8, redo lsn=1/15A09DE0"}
{"ts": "2026-08-14T12:38:02.991444341Z", "container": "prefect-postgres", "msg": "2026-08-14 12:38:02.991 UTC [27] LOG:  checkpoint starting: time"}
{"ts": "2026-08-14T12:38:06.430407197Z", "container": "prefect-postgres", "msg": "2026-08-14 12:38:06.430 UTC [27] LOG:  checkpoint complete: wrote 36 buffers (0.2%); 0 WAL file(s) added, 0 removed, 0 recycled; write=3.415 s, sync=0.011 s, total=3.439 s; sync files=31, longest=0.003 s, average=0.001 s; distance=763 kB, estimate=2558 kB; lsn=1/15AD4118, redo lsn=1/15AC8C30"}
{"ts": "2026-08-14T12:43:02.527531979Z", "container": "prefect-postgres", "msg": "2026-08-14 12:43:02.527 UTC [27] LOG:  checkpoint starting: time"}
{"ts": "2026-08-14T12:43:07.569759246Z", "container": "prefect-postgres", "msg": "2026-08-14 12:43:07.569 UTC [27] LOG:  checkpoint complete: wrote 51 buffers (0.3%); 0 WAL file(s) added, 0 removed, 0 recycled; write=5.015 s, sync=0.015 s, total=5.043 s; sync files=28, longest=0.003 s, average=0.001 s; distance=752 kB, estimate=2377 kB; lsn=1/15B8F680, redo lsn=1/15B84F78"}
{"ts": "2026-08-14T12:48:02.669952031Z", "container": "prefect-postgres", "msg": "2026-08-14 12:48:02.669 UTC [27] LOG:  checkpoint starting: time"}
{"ts": "2026-08-14T12:48:05.603230036Z", "container": "prefect-postgres", "msg": "2026-08-14 12:48:05.603 UTC [27] LOG:  checkpoint complete: wrote 30 buffers (0.2%); 0 WAL file(s) added, 0 removed, 0 recycled; write=2.914 s, sync=0.008 s, total=2.934 s; sync files=131, longest=0.003 s, average=0.001 s; distance=2413 kB, estimate=2413 kB; lsn=1/15DE9520, redo lsn=1/15DE06E8"}
{"ts": "2026-08-14T12:53:02.699503478Z", "container": "prefect-postgres", "msg": "2026-08-14 12:53:02.699 UTC [27] LOG:  checkpoint starting: time"}
{"ts": "2026-08-14T12:53:06.935333081Z", "container": "prefect-postgres", "msg": "2026-08-14 12:53:06.935 UTC [27] LOG:  checkpoint complete: wrote 42 buffers (0.3%); 0 WAL file(s) added, 0 removed, 0 recycled; write=4.216 s, sync=0.009 s, total=4.236 s; sync files=28, longest=0.003 s, average=0.001 s; distance=735 kB, estimate=2246 kB; lsn=1/15EA2318, redo lsn=1/15E985B8"}
{"ts": "2026-08-14T12:58:03.031533802Z", "container": "prefect-postgres", "msg": "2026-08-14 12:58:03.031 UTC [27] LOG:  checkpoint starting: time"}
{"ts": "2026-08-14T12:58:08.973474410Z", "container": "prefect-postgres", "msg": "2026-08-14 12:58:08.973 UTC [27] LOG:  checkpoint complete: wrote 57 buffers (0.3%); 0 WAL file(s) added, 0 removed, 0 recycled; write=5.914 s, sync=0.017 s, total=5.942 s; sync files=27, longest=0.003 s, average=0.001 s; distance=764 kB, estimate=2097 kB; lsn=1/15F628D8, redo lsn=1/15F578F8"}
{"ts": "2026-08-14T13:03:04.059677904Z", "container": "prefect-postgres", "msg": "2026-08-14 13:03:04.059 UTC [27] LOG:  checkpoint starting: time"}
{"ts": "2026-08-14T13:03:07.699364325Z", "container": "prefect-postgres", "msg": "2026-08-14 13:03:07.699 UTC [27] LOG:  checkpoint complete: wrote 37 buffers (0.2%); 0 WAL file(s) added, 0 removed, 1 recycled; write=3.611 s, sync=0.015 s, total=3.640 s; sync files=31, longest=0.004 s, average=0.001 s; distance=793 kB, estimate=1967 kB; lsn=1/160298A0, redo lsn=1/1601DE18"}
{"ts": "2026-08-14T13:08:04.795447261Z", "container": "prefect-postgres", "msg": "2026-08-14 13:08:04.795 UTC [27] LOG:  checkpoint starting: time"}
{"ts": "2026-08-14T13:08:09.726879508Z", "container": "prefect-postgres", "msg": "2026-08-14 13:08:09.726 UTC [27] LOG:  checkpoint complete: wrote 50 buffers (0.3%); 0 WAL file(s) added, 0 removed, 0 recycled; write=4.910 s, sync=0.012 s, total=4.932 s; sync files=29, longest=0.004 s, average=0.001 s; distance=877 kB, estimate=1858 kB; lsn=1/160FFF10, redo lsn=1/160F92E8"}
{"ts": "2026-08-14T13:13:04.823413206Z", "container": "prefect-postgres", "msg": "2026-08-14 13:13:04.823 UTC [27] LOG:  checkpoint starting: time"}
{"ts": "2026-08-14T13:13:09.463712921Z", "container": "prefect-postgres", "msg": "2026-08-14 13:13:09.463 UTC [27] LOG:  checkpoint complete: wrote 37 buffers (0.2%); 0 WAL file(s) added, 0 removed, 0 recycled; write=4.613 s, sync=0.018 s, total=4.641 s; sync files=28, longest=0.004 s, average=0.001 s; distance=932 kB, estimate=1765 kB; lsn=1/161F7900, redo lsn=1/161E2568"}
{"ts": "2026-08-14T13:18:04.563452014Z", "container": "prefect-postgres", "msg": "2026-08-14 13:18:04.563 UTC [27] LOG:  checkpoint starting: time"}
{"ts": "2026-08-14T13:18:07.796144363Z", "container": "prefect-postgres", "msg": "2026-08-14 13:18:07.796 UTC [27] LOG:  checkpoint complete: wrote 33 buffers (0.2%); 0 WAL file(s) added, 0 removed, 0 recycled; write=3.208 s, sync=0.012 s, total=3.233 s; sync files=28, longest=0.003 s, average=0.001 s; distance=920 kB, estimate=1681 kB; lsn=1/162CFBD0, redo lsn=1/162C8778"}
{"ts": "2026-08-14T13:23:04.873285323Z", "container": "prefect-postgres", "msg": "2026-08-14 13:23:04.873 UTC [27] LOG:  checkpoint starting: time"}
{"ts": "2026-08-14T13:23:07.605591347Z", "container": "prefect-postgres", "msg": "2026-08-14 13:23:07.605 UTC [27] LOG:  checkpoint complete: wrote 28 buffers (0.2%); 0 WAL file(s) added, 0 removed, 0 recycled; write=2.708 s, sync=0.012 s, total=2.733 s; sync files=28, longest=0.004 s, average=0.001 s; distance=964 kB, estimate=1609 kB; lsn=1/163C5EA0, redo lsn=1/163B9B68"}
{"ts": "2026-08-14T13:28:04.699134871Z", "container": "prefect-postgres", "msg": "2026-08-14 13:28:04.699 UTC [27] LOG:  checkpoint starting: time"}
{"ts": "2026-08-14T13:28:11.052498221Z", "container": "prefect-postgres", "msg": "2026-08-14 13:28:11.052 UTC [27] LOG:  checkpoint complete: wrote 46 buffers (0.3%); 0 WAL file(s) added, 0 removed, 0 recycled; write=6.318 s, sync=0.023 s, total=6.354 s; sync files=39, longest=0.003 s, average=0.001 s; distance=1056 kB, estimate=1554 kB; lsn=1/164D96B8, redo lsn=1/164C1C50"}
{"ts": "2026-08-14T13:33:04.095516151Z", "container": "prefect-postgres", "msg": "2026-08-14 13:33:04.095 UTC [27] LOG:  checkpoint starting: time"}
{"ts": "2026-08-14T13:33:07.227136633Z", "container": "prefect-postgres", "msg": "2026-08-14 13:33:07.227 UTC [27] LOG:  checkpoint complete: wrote 31 buffers (0.2%); 0 WAL file(s) added, 0 removed, 0 recycled; write=3.112 s, sync=0.007 s, total=3.132 s; sync files=29, longest=0.003 s, average=0.001 s; distance=976 kB, estimate=1496 kB; lsn=1/165BCBF8, redo lsn=1/165B5DB0"}
{"ts": "2026-08-14T13:38:04.323477853Z", "container": "prefect-postgres", "msg": "2026-08-14 13:38:04.323 UTC [27] LOG:  checkpoint starting: time"}
{"ts": "2026-08-14T13:38:08.862788623Z", "container": "prefect-postgres", "msg": "2026-08-14 13:38:08.862 UTC [27] LOG:  checkpoint complete: wrote 40 buffers (0.2%); 0 WAL file(s) added, 0 removed, 0 recycled; write=4.512 s, sync=0.017 s, total=4.540 s; sync files=29, longest=0.003 s, average=0.001 s; distance=964 kB, estimate=1443 kB; lsn=1/166B26B8, redo lsn=1/166A6DB0"}
{"ts": "2026-08-14T13:43:04.952827867Z", "container": "prefect-postgres", "msg": "2026-08-14 13:43:04.952 UTC [27] LOG:  checkpoint starting: time"}
{"ts": "2026-08-14T13:43:08.890766166Z", "container": "prefect-postgres", "msg": "2026-08-14 13:43:08.890 UTC [27] LOG:  checkpoint complete: wrote 34 buffers (0.2%); 0 WAL file(s) added, 0 removed, 0 recycled; write=3.908 s, sync=0.018 s, total=3.938 s; sync files=28, longest=0.003 s, average=0.001 s; distance=925 kB, estimate=1391 kB; lsn=1/1679A520, redo lsn=1/1678E470"}
{"ts": "2026-08-14T13:48:04.988335706Z", "container": "prefect-postgres", "msg": "2026-08-14 13:48:04.988 UTC [27] LOG:  checkpoint starting: time"}
{"ts": "2026-08-14T13:48:10.022727331Z", "container": "prefect-postgres", "msg": "2026-08-14 13:48:10.022 UTC [27] LOG:  checkpoint complete: wrote 51 buffers (0.3%); 0 WAL file(s) added, 0 removed, 0 recycled; write=5.011 s, sync=0.012 s, total=5.035 s; sync files=28, longest=0.003 s, average=0.001 s; distance=945 kB, estimate=1346 kB; lsn=1/16889310, redo lsn=1/1687AAE0"}
{"ts": "2026-08-14T13:53:04.121887729Z", "container": "prefect-postgres", "msg": "2026-08-14 13:53:04.121 UTC [27] LOG:  checkpoint starting: time"}
{"ts": "2026-08-14T13:53:08.053447098Z", "container": "prefect-postgres", "msg": "2026-08-14 13:53:08.053 UTC [27] LOG:  checkpoint complete: wrote 40 buffers (0.2%); 0 WAL file(s) added, 0 removed, 0 recycled; write=3.910 s, sync=0.010 s, total=3.932 s; sync files=28, longest=0.003 s, average=0.001 s; distance=920 kB, estimate=1304 kB; lsn=1/1696F7D8, redo lsn=1/16960D38"}
{"ts": "2026-08-14T13:58:04.153530465Z", "container": "prefect-postgres", "msg": "2026-08-14 13:58:04.153 UTC [27] LOG:  checkpoint starting: time"}
{"ts": "2026-08-14T13:58:07.887351465Z", "container": "prefect-postgres", "msg": "2026-08-14 13:58:07.887 UTC [27] LOG:  checkpoint complete: wrote 35 buffers (0.2%); 0 WAL file(s) added, 0 removed, 0 recycled; write=3.708 s, sync=0.014 s, total=3.734 s; sync files=28, longest=0.004 s, average=0.001 s; distance=910 kB, estimate=1264 kB; lsn=1/16A5A518, redo lsn=1/16A44570"}
{"ts": "2026-08-14T14:03:04.983419282Z", "container": "prefect-postgres", "msg": "2026-08-14 14:03:04.983 UTC [27] LOG:  checkpoint starting: time"}
{"ts": "2026-08-14T14:03:10.022527423Z", "container": "prefect-postgres", "msg": "2026-08-14 14:03:10.022 UTC [27] LOG:  checkpoint complete: wrote 50 buffers (0.3%); 0 WAL file(s) added, 0 removed, 0 recycled; write=5.015 s, sync=0.012 s, total=5.040 s; sync files=29, longest=0.003 s, average=0.001 s; distance=981 kB, estimate=1236 kB; lsn=1/16B434B0, redo lsn=1/16B39BE8"}
{"ts": "2026-08-14T14:08:04.121692043Z", "container": "prefect-postgres", "msg": "2026-08-14 14:08:04.121 UTC [27] LOG:  checkpoint starting: time"}
{"ts": "2026-08-14T14:08:07.949542699Z", "container": "prefect-postgres", "msg": "2026-08-14 14:08:07.949 UTC [27] LOG:  checkpoint complete: wrote 38 buffers (0.2%); 0 WAL file(s) added, 0 removed, 0 recycled; write=3.808 s, sync=0.009 s, total=3.828 s; sync files=28, longest=0.002 s, average=0.001 s; distance=984 kB, estimate=1211 kB; lsn=1/16C3B7B8, redo lsn=1/16C2FDE0"}
{"ts": "2026-08-14T14:13:05.047446531Z", "container": "prefect-postgres", "msg": "2026-08-14 14:13:05.047 UTC [27] LOG:  checkpoint starting: time"}
{"ts": "2026-08-14T14:13:08.478646211Z", "container": "prefect-postgres", "msg": "2026-08-14 14:13:08.478 UTC [27] LOG:  checkpoint complete: wrote 35 buffers (0.2%); 0 WAL file(s) added, 0 removed, 0 recycled; write=3.412 s, sync=0.009 s, total=3.432 s; sync files=28, longest=0.003 s, average=0.001 s; distance=920 kB, estimate=1182 kB; lsn=1/16D1E0C0, redo lsn=1/16D15E10"}
{"ts": "2026-08-14T14:18:05.575465142Z", "container": "prefect-postgres", "msg": "2026-08-14 14:18:05.575 UTC [27] LOG:  checkpoint starting: time"}
{"ts": "2026-08-14T14:18:09.808749620Z", "container": "prefect-postgres", "msg": "2026-08-14 14:18:09.808 UTC [27] LOG:  checkpoint complete: wrote 43 buffers (0.3%); 0 WAL file(s) added, 0 removed, 0 recycled; write=4.215 s, sync=0.010 s, total=4.234 s; sync files=28, longest=0.003 s, average=0.001 s; distance=930 kB, estimate=1157 kB; lsn=1/16E06D10, redo lsn=1/16DFE828"}
{"ts": "2026-08-14T14:23:05.908846507Z", "container": "prefect-postgres", "msg": "2026-08-14 14:23:05.908 UTC [27] LOG:  checkpoint starting: time"}
{"ts": "2026-08-14T14:23:11.360983652Z", "container": "prefect-postgres", "msg": "2026-08-14 14:23:11.360 UTC [27] LOG:  checkpoint complete: wrote 43 buffers (0.3%); 0 WAL file(s) added, 0 removed, 0 recycled; write=5.420 s, sync=0.021 s, total=5.453 s; sync files=28, longest=0.003 s, average=0.001 s; distance=904 kB, estimate=1131 kB; lsn=1/16EEA4B8, redo lsn=1/16EE0A68"}
{"ts": "2026-08-14T14:28:05.459477000Z", "container": "prefect-postgres", "msg": "2026-08-14 14:28:05.459 UTC [27] LOG:  checkpoint starting: time"}
{"ts": "2026-08-14T14:28:09.199755887Z", "container": "prefect-postgres", "msg": "2026-08-14 14:28:09.199 UTC [27] LOG:  checkpoint complete: wrote 27 buffers (0.2%); 0 WAL file(s) added, 0 removed, 0 recycled; write=3.709 s, sync=0.019 s, total=3.741 s; sync files=35, longest=0.003 s, average=0.001 s; distance=911 kB, estimate=1109 kB; lsn=1/16FD9FC0, redo lsn=1/16FC48B8"}
{"ts": "2026-08-14T14:33:05.299437660Z", "container": "prefect-postgres", "msg": "2026-08-14 14:33:05.299 UTC [27] LOG:  checkpoint starting: time"}
{"ts": "2026-08-14T14:33:08.534839320Z", "container": "prefect-postgres", "msg": "2026-08-14 14:33:08.534 UTC [27] LOG:  checkpoint complete: wrote 34 buffers (0.2%); 0 WAL file(s) added, 0 removed, 1 recycled; write=3.211 s, sync=0.009 s, total=3.236 s; sync files=29, longest=0.003 s, average=0.001 s; distance=1009 kB, estimate=1099 kB; lsn=1/170C8550, redo lsn=1/170C1000"}
{"ts": "2026-08-14T14:38:05.634938595Z", "container": "prefect-postgres", "msg": "2026-08-14 14:38:05.634 UTC [27] LOG:  checkpoint starting: time"}
{"ts": "2026-08-14T14:38:10.665137887Z", "container": "prefect-postgres", "msg": "2026-08-14 14:38:10.665 UTC [27] LOG:  checkpoint complete: wrote 45 buffers (0.3%); 0 WAL file(s) added, 0 removed, 0 recycled; write=5.012 s, sync=0.008 s, total=5.031 s; sync files=28, longest=0.004 s, average=0.001 s; distance=946 kB, estimate=1084 kB; lsn=1/171B8088, redo lsn=1/171AD8D0"}
{"ts": "2026-08-14T14:43:05.763452193Z", "container": "prefect-postgres", "msg": "2026-08-14 14:43:05.763 UTC [27] LOG:  checkpoint starting: time"}
{"ts": "2026-08-14T14:43:09.995088215Z", "container": "prefect-postgres", "msg": "2026-08-14 14:43:09.994 UTC [27] LOG:  checkpoint complete: wrote 40 buffers (0.2%); 0 WAL file(s) added, 0 removed, 0 recycled; write=4.211 s, sync=0.009 s, total=4.232 s; sync files=27, longest=0.003 s, average=0.001 s; distance=917 kB, estimate=1067 kB; lsn=1/172A20B8, redo lsn=1/17292D18"}
{"ts": "2026-08-14T14:48:06.091426123Z", "container": "prefect-postgres", "msg": "2026-08-14 14:48:06.091 UTC [27] LOG:  checkpoint starting: time"}
{"ts": "2026-08-14T14:48:10.225570639Z", "container": "prefect-postgres", "msg": "2026-08-14 14:48:10.225 UTC [27] LOG:  checkpoint complete: wrote 41 buffers (0.3%); 0 WAL file(s) added, 0 removed, 0 recycled; write=4.115 s, sync=0.009 s, total=4.135 s; sync files=28, longest=0.003 s, average=0.001 s; distance=935 kB, estimate=1054 kB; lsn=1/17381F38, redo lsn=1/1737CC08"}
{"ts": "2026-08-14T14:53:06.323457230Z", "container": "prefect-postgres", "msg": "2026-08-14 14:53:06.323 UTC [27] LOG:  checkpoint starting: time"}
{"ts": "2026-08-14T14:53:12.068958671Z", "container": "prefect-postgres", "msg": "2026-08-14 14:53:12.068 UTC [27] LOG:  checkpoint complete: wrote 49 buffers (0.3%); 0 WAL file(s) added, 0 removed, 0 recycled; write=5.717 s, sync=0.018 s, total=5.746 s; sync files=28, longest=0.002 s, average=0.001 s; distance=938 kB, estimate=1042 kB; lsn=1/17471DA8, redo lsn=1/17467560"}
{"ts": "2026-08-14T14:58:06.167437317Z", "container": "prefect-postgres", "msg": "2026-08-14 14:58:06.167 UTC [27] LOG:  checkpoint starting: time"}
{"ts": "2026-08-14T14:58:09.598856021Z", "container": "prefect-postgres", "msg": "2026-08-14 14:58:09.598 UTC [27] LOG:  checkpoint complete: wrote 34 buffers (0.2%); 0 WAL file(s) added, 0 removed, 0 recycled; write=3.411 s, sync=0.008 s, total=3.432 s; sync files=29, longest=0.003 s, average=0.001 s; distance=935 kB, estimate=1032 kB; lsn=1/17557900, redo lsn=1/175512D0"}
{"ts": "2026-08-14T15:03:06.681572760Z", "container": "prefect-postgres", "msg": "2026-08-14 15:03:06.681 UTC [27] LOG:  checkpoint starting: time"}
{"ts": "2026-08-14T15:03:11.522548932Z", "container": "prefect-postgres", "msg": "2026-08-14 15:03:11.522 UTC [27] LOG:  checkpoint complete: wrote 45 buffers (0.3%); 0 WAL file(s) added, 0 removed, 0 recycled; write=4.816 s, sync=0.012 s, total=4.842 s; sync files=28, longest=0.003 s, average=0.001 s; distance=944 kB, estimate=1023 kB; lsn=1/17648E98, redo lsn=1/1763D650"}
{"ts": "2026-08-14T15:08:06.619571064Z", "container": "prefect-postgres", "msg": "2026-08-14 15:08:06.619 UTC [27] LOG:  checkpoint starting: time"}
{"ts": "2026-08-14T15:08:11.864160010Z", "container": "prefect-postgres", "msg": "2026-08-14 15:08:11.864 UTC [27] LOG:  checkpoint complete: wrote 47 buffers (0.3%); 0 WAL file(s) added, 0 removed, 0 recycled; write=5.218 s, sync=0.014 s, total=5.245 s; sync files=28, longest=0.003 s, average=0.001 s; distance=973 kB, estimate=1018 kB; lsn=1/177380A0, redo lsn=1/17730C00"}
{"ts": "2026-08-14T15:13:06.964273644Z", "container": "prefect-postgres", "msg": "2026-08-14 15:13:06.964 UTC [27] LOG:  checkpoint starting: time"}
{"ts": "2026-08-14T15:13:10.291618351Z", "container": "prefect-postgres", "msg": "2026-08-14 15:13:10.291 UTC [27] LOG:  checkpoint complete: wrote 32 buffers (0.2%); 0 WAL file(s) added, 0 removed, 0 recycled; write=3.309 s, sync=0.007 s, total=3.328 s; sync files=28, longest=0.003 s, average=0.001 s; distance=934 kB, estimate=1009 kB; lsn=1/17820CE8, redo lsn=1/1781A428"}
{"ts": "2026-08-14T15:18:06.391472678Z", "container": "prefect-postgres", "msg": "2026-08-14 15:18:06.391 UTC [27] LOG:  checkpoint starting: time"}
{"ts": "2026-08-14T15:18:09.017754041Z", "container": "prefect-postgres", "msg": "2026-08-14 15:18:09.017 UTC [27] LOG:  checkpoint complete: wrote 27 buffers (0.2%); 0 WAL file(s) added, 0 removed, 0 recycled; write=2.609 s, sync=0.007 s, total=2.627 s; sync files=28, longest=0.003 s, average=0.001 s; distance=909 kB, estimate=999 kB; lsn=1/17905538, redo lsn=1/178FD8D0"}
{"ts": "2026-08-14T15:23:06.115458491Z", "container": "prefect-postgres", "msg": "2026-08-14 15:23:06.115 UTC [27] LOG:  checkpoint starting: time"}
{"ts": "2026-08-14T15:23:11.653114840Z", "container": "prefect-postgres", "msg": "2026-08-14 15:23:11.653 UTC [27] LOG:  checkpoint complete: wrote 55 buffers (0.3%); 0 WAL file(s) added, 0 removed, 0 recycled; write=5.517 s, sync=0.010 s, total=5.538 s; sync files=28, longest=0.003 s, average=0.001 s; distance=932 kB, estimate=993 kB; lsn=1/179EBD80, redo lsn=1/179E6AB0"}
{"ts": "2026-08-14T15:28:06.751453554Z", "container": "prefect-postgres", "msg": "2026-08-14 15:28:06.751 UTC [27] LOG:  checkpoint starting: time"}
{"ts": "2026-08-14T15:28:09.789364871Z", "container": "prefect-postgres", "msg": "2026-08-14 15:28:09.789 UTC [27] LOG:  checkpoint complete: wrote 27 buffers (0.2%); 0 WAL file(s) added, 0 removed, 0 recycled; write=3.014 s, sync=0.012 s, total=3.038 s; sync files=29, longest=0.003 s, average=0.001 s; distance=980 kB, estimate=991 kB; lsn=1/17AE13F8, redo lsn=1/17ADBDB8"}
{"ts": "2026-08-14T15:33:06.887462009Z", "container": "prefect-postgres", "msg": "2026-08-14 15:33:06.887 UTC [27] LOG:  checkpoint starting: time"}
{"ts": "2026-08-14T15:33:11.520063070Z", "container": "prefect-postgres", "msg": "2026-08-14 15:33:11.519 UTC [27] LOG:  checkpoint complete: wrote 47 buffers (0.3%); 0 WAL file(s) added, 0 removed, 0 recycled; write=4.615 s, sync=0.008 s, total=4.633 s; sync files=28, longest=0.003 s, average=0.001 s; distance=944 kB, estimate=987 kB; lsn=1/17BCD798, redo lsn=1/17BC7E30"}
{"ts": "2026-08-14T15:38:06.619444498Z", "container": "prefect-postgres", "msg": "2026-08-14 15:38:06.619 UTC [27] LOG:  checkpoint starting: time"}
{"ts": "2026-08-14T15:38:12.058166586Z", "container": "prefect-postgres", "msg": "2026-08-14 15:38:12.058 UTC [27] LOG:  checkpoint complete: wrote 52 buffers (0.3%); 0 WAL file(s) added, 0 removed, 0 recycled; write=5.413 s, sync=0.015 s, total=5.439 s; sync files=28, longest=0.003 s, average=0.001 s; distance=930 kB, estimate=981 kB; lsn=1/17CB79F8, redo lsn=1/17CB0A18"}
{"ts": "2026-08-14T15:43:06.155458166Z", "container": "prefect-postgres", "msg": "2026-08-14 15:43:06.155 UTC [27] LOG:  checkpoint starting: time"}
{"ts": "2026-08-14T15:43:11.393881227Z", "container": "prefect-postgres", "msg": "2026-08-14 15:43:11.393 UTC [27] LOG:  checkpoint complete: wrote 46 buffers (0.3%); 0 WAL file(s) added, 0 removed, 0 recycled; write=5.214 s, sync=0.013 s, total=5.239 s; sync files=27, longest=0.004 s, average=0.001 s; distance=906 kB, estimate=974 kB; lsn=1/17D99260, redo lsn=1/17D933B8"}
{"ts": "2026-08-14T15:48:06.491469865Z", "container": "prefect-postgres", "msg": "2026-08-14 15:48:06.491 UTC [27] LOG:  checkpoint starting: time"}
{"ts": "2026-08-14T15:48:11.637968594Z", "container": "prefect-postgres", "msg": "2026-08-14 15:48:11.637 UTC [27] LOG:  checkpoint complete: wrote 44 buffers (0.3%); 0 WAL file(s) added, 0 removed, 0 recycled; write=5.117 s, sync=0.019 s, total=5.147 s; sync files=28, longest=0.003 s, average=0.001 s; distance=948 kB, estimate=971 kB; lsn=1/17E854B8, redo lsn=1/17E805C8"}
{"ts": "2026-08-14T15:53:06.735452838Z", "container": "prefect-postgres", "msg": "2026-08-14 15:53:06.735 UTC [27] LOG:  checkpoint starting: time"}
{"ts": "2026-08-14T15:53:11.262611009Z", "container": "prefect-postgres", "msg": "2026-08-14 15:53:11.262 UTC [27] LOG:  checkpoint complete: wrote 37 buffers (0.2%); 0 WAL file(s) added, 0 removed, 0 recycled; write=4.510 s, sync=0.007 s, total=4.528 s; sync files=29, longest=0.003 s, average=0.001 s; distance=924 kB, estimate=966 kB; lsn=1/17F71470, redo lsn=1/17F677C0"}
{"ts": "2026-08-14T15:58:06.287266783Z", "container": "prefect-postgres", "msg": "2026-08-14 15:58:06.287 UTC [27] LOG:  checkpoint starting: time"}
{"ts": "2026-08-14T15:58:09.623107687Z", "container": "prefect-postgres", "msg": "2026-08-14 15:58:09.622 UTC [27] LOG:  checkpoint complete: wrote 29 buffers (0.2%); 0 WAL file(s) added, 0 removed, 1 recycled; write=3.309 s, sync=0.012 s, total=3.336 s; sync files=28, longest=0.003 s, average=0.001 s; distance=982 kB, estimate=982 kB; lsn=1/18066EE8, redo lsn=1/1805D048"}
{"ts": "2026-08-14T16:03:06.723268188Z", "container": "prefect-postgres", "msg": "2026-08-14 16:03:06.723 UTC [27] LOG:  checkpoint starting: time"}
{"ts": "2026-08-14T16:03:11.259558968Z", "container": "prefect-postgres", "msg": "2026-08-14 16:03:11.259 UTC [27] LOG:  checkpoint complete: wrote 41 buffers (0.3%); 0 WAL file(s) added, 0 removed, 0 recycled; write=4.513 s, sync=0.014 s, total=4.537 s; sync files=142, longest=0.003 s, average=0.001 s; distance=3055 kB, estimate=3055 kB; lsn=1/1835E2A0, redo lsn=1/18359020"}
{"ts": "2026-08-14T16:08:06.359318606Z", "container": "prefect-postgres", "msg": "2026-08-14 16:08:06.359 UTC [27] LOG:  checkpoint starting: time"}
{"ts": "2026-08-14T16:08:10.192133490Z", "container": "prefect-postgres", "msg": "2026-08-14 16:08:10.192 UTC [27] LOG:  checkpoint complete: wrote 39 buffers (0.2%); 0 WAL file(s) added, 0 removed, 0 recycled; write=3.815 s, sync=0.008 s, total=3.833 s; sync files=28, longest=0.003 s, average=0.001 s; distance=913 kB, estimate=2841 kB; lsn=1/18446E10, redo lsn=1/1843D778"}
{"ts": "2026-08-14T16:13:06.291416186Z", "container": "prefect-postgres", "msg": "2026-08-14 16:13:06.291 UTC [27] LOG:  checkpoint starting: time"}
{"ts": "2026-08-14T16:13:09.524506278Z", "container": "prefect-postgres", "msg": "2026-08-14 16:13:09.524 UTC [27] LOG:  checkpoint complete: wrote 30 buffers (0.2%); 0 WAL file(s) added, 0 removed, 0 recycled; write=3.211 s, sync=0.010 s, total=3.234 s; sync files=28, longest=0.004 s, average=0.001 s; distance=916 kB, estimate=2649 kB; lsn=1/185304F0, redo lsn=1/185227E0"}
{"ts": "2026-08-14T16:18:06.623529474Z", "container": "prefect-postgres", "msg": "2026-08-14 16:18:06.623 UTC [27] LOG:  checkpoint starting: time"}
{"ts": "2026-08-14T16:18:12.667997312Z", "container": "prefect-postgres", "msg": "2026-08-14 16:18:12.667 UTC [27] LOG:  checkpoint complete: wrote 54 buffers (0.3%); 0 WAL file(s) added, 0 removed, 0 recycled; write=6.017 s, sync=0.016 s, total=6.045 s; sync files=140, longest=0.003 s, average=0.001 s; distance=3140 kB, estimate=3140 kB; lsn=1/1883C3C0, redo lsn=1/18833B28"}
{"ts": "2026-08-14T16:23:06.767440146Z", "container": "prefect-postgres", "msg": "2026-08-14 16:23:06.767 UTC [27] LOG:  checkpoint starting: time"}
{"ts": "2026-08-14T16:23:12.800366175Z", "container": "prefect-postgres", "msg": "2026-08-14 16:23:12.800 UTC [27] LOG:  checkpoint complete: wrote 57 buffers (0.3%); 0 WAL file(s) added, 0 removed, 0 recycled; write=6.013 s, sync=0.009 s, total=6.033 s; sync files=29, longest=0.002 s, average=0.001 s; distance=950 kB, estimate=2921 kB; lsn=1/1892DB28, redo lsn=1/18921460"}
{"ts": "2026-08-14T16:28:06.899573320Z", "container": "prefect-postgres", "msg": "2026-08-14 16:28:06.899 UTC [27] LOG:  checkpoint starting: time"}
{"ts": "2026-08-14T16:28:15.743410950Z", "container": "prefect-postgres", "msg": "2026-08-14 16:28:15.743 UTC [27] LOG:  checkpoint complete: wrote 84 buffers (0.5%); 0 WAL file(s) added, 0 removed, 0 recycled; write=8.821 s, sync=0.013 s, total=8.844 s; sync files=34, longest=0.003 s, average=0.001 s; distance=1184 kB, estimate=2748 kB; lsn=1/18A5BC58, redo lsn=1/18A49660"}
{"ts": "2026-08-14T16:33:06.835528906Z", "container": "prefect-postgres", "msg": "2026-08-14 16:33:06.835 UTC [27] LOG:  checkpoint starting: time"}
{"ts": "2026-08-14T16:33:13.160207951Z", "container": "prefect-postgres", "msg": "2026-08-14 16:33:13.160 UTC [27] LOG:  checkpoint complete: wrote 60 buffers (0.4%); 0 WAL file(s) added, 0 removed, 0 recycled; write=6.313 s, sync=0.007 s, total=6.325 s; sync files=140, longest=0.002 s, average=0.001 s; distance=2737 kB, estimate=2747 kB; lsn=1/18D01560, redo lsn=1/18CF5E00"}
{"ts": "2026-08-14T16:38:06.259484405Z", "container": "prefect-postgres", "msg": "2026-08-14 16:38:06.259 UTC [27] LOG:  checkpoint starting: time"}
{"ts": "2026-08-14T16:38:10.395702328Z", "container": "prefect-postgres", "msg": "2026-08-14 16:38:10.395 UTC [27] LOG:  checkpoint complete: wrote 42 buffers (0.3%); 0 WAL file(s) added, 0 removed, 0 recycled; write=4.110 s, sync=0.014 s, total=4.137 s; sync files=28, longest=0.004 s, average=0.001 s; distance=913 kB, estimate=2563 kB; lsn=1/18DF1C08, redo lsn=1/18DDA290"}
{"ts": "2026-08-14T16:43:06.495440289Z", "container": "prefect-postgres", "msg": "2026-08-14 16:43:06.495 UTC [27] LOG:  checkpoint starting: time"}
{"ts": "2026-08-14T16:43:11.230952258Z", "container": "prefect-postgres", "msg": "2026-08-14 16:43:11.230 UTC [27] LOG:  checkpoint complete: wrote 46 buffers (0.3%); 0 WAL file(s) added, 0 removed, 0 recycled; write=4.711 s, sync=0.014 s, total=4.736 s; sync files=28, longest=0.003 s, average=0.001 s; distance=931 kB, estimate=2400 kB; lsn=1/18ECE410, redo lsn=1/18EC3090"}
{"ts": "2026-08-14T16:48:06.327521522Z", "container": "prefect-postgres", "msg": "2026-08-14 16:48:06.327 UTC [27] LOG:  checkpoint starting: time"}
{"ts": "2026-08-14T16:48:10.065384406Z", "container": "prefect-postgres", "msg": "2026-08-14 16:48:10.065 UTC [27] LOG:  checkpoint complete: wrote 38 buffers (0.2%); 0 WAL file(s) added, 0 removed, 1 recycled; write=3.713 s, sync=0.012 s, total=3.738 s; sync files=137, longest=0.003 s, average=0.001 s; distance=2569 kB, estimate=2569 kB; lsn=1/19155270, redo lsn=1/19145610"}
{"ts": "2026-08-14T16:53:06.165118367Z", "container": "prefect-postgres", "msg": "2026-08-14 16:53:06.164 UTC [27] LOG:  checkpoint starting: time"}
{"ts": "2026-08-14T16:53:08.195802691Z", "container": "prefect-postgres", "msg": "2026-08-14 16:53:08.195 UTC [27] LOG:  checkpoint complete: wrote 21 buffers (0.1%); 0 WAL file(s) added, 0 removed, 0 recycled; write=2.009 s, sync=0.010 s, total=2.031 s; sync files=29, longest=0.003 s, average=0.001 s; distance=905 kB, estimate=2402 kB; lsn=1/19230838, redo lsn=1/19227B60"}
{"ts": "2026-08-14T16:58:06.295457496Z", "container": "prefect-postgres", "msg": "2026-08-14 16:58:06.295 UTC [27] LOG:  checkpoint starting: time"}
{"ts": "2026-08-14T16:58:09.633330379Z", "container": "prefect-postgres", "msg": "2026-08-14 16:58:09.633 UTC [27] LOG:  checkpoint complete: wrote 33 buffers (0.2%); 0 WAL file(s) added, 0 removed, 0 recycled; write=3.311 s, sync=0.016 s, total=3.338 s; sync files=28, longest=0.004 s, average=0.001 s; distance=924 kB, estimate=2255 kB; lsn=1/19318950, redo lsn=1/1930EBD0"}
{"ts": "2026-08-14T17:03:06.731459836Z", "container": "prefect-postgres", "msg": "2026-08-14 17:03:06.731 UTC [27] LOG:  checkpoint starting: time"}
{"ts": "2026-08-14T17:03:13.258956184Z", "container": "prefect-postgres", "msg": "2026-08-14 17:03:13.258 UTC [27] LOG:  checkpoint complete: wrote 66 buffers (0.4%); 0 WAL file(s) added, 0 removed, 0 recycled; write=6.514 s, sync=0.004 s, total=6.528 s; sync files=28, longest=0.002 s, average=0.001 s; distance=922 kB, estimate=2121 kB; lsn=1/19400338, redo lsn=1/193F5590"}
{"ts": "2026-08-14T17:08:06.359055207Z", "container": "prefect-postgres", "msg": "2026-08-14 17:08:06.358 UTC [27] LOG:  checkpoint starting: time"}
{"ts": "2026-08-14T17:08:09.088784553Z", "container": "prefect-postgres", "msg": "2026-08-14 17:08:09.088 UTC [27] LOG:  checkpoint complete: wrote 22 buffers (0.1%); 0 WAL file(s) added, 0 removed, 0 recycled; write=2.709 s, sync=0.011 s, total=2.730 s; sync files=27, longest=0.003 s, average=0.001 s; distance=936 kB, estimate=2003 kB; lsn=1/194F4F58, redo lsn=1/194DF8B0"}
{"ts": "2026-08-14T17:13:06.188820319Z", "container": "prefect-postgres", "msg": "2026-08-14 17:13:06.188 UTC [27] LOG:  checkpoint starting: time"}
{"ts": "2026-08-14T17:13:09.719558795Z", "container": "prefect-postgres", "msg": "2026-08-14 17:13:09.719 UTC [27] LOG:  checkpoint complete: wrote 35 buffers (0.2%); 0 WAL file(s) added, 0 removed, 0 recycled; write=3.509 s, sync=0.012 s, total=3.531 s; sync files=27, longest=0.003 s, average=0.001 s; distance=972 kB, estimate=1900 kB; lsn=1/195E01D8, redo lsn=1/195D2C80"}
{"ts": "2026-08-14T17:18:06.819463110Z", "container": "prefect-postgres", "msg": "2026-08-14 17:18:06.819 UTC [27] LOG:  checkpoint starting: time"}
{"ts": "2026-08-14T17:18:12.351937120Z", "container": "prefect-postgres", "msg": "2026-08-14 17:18:12.351 UTC [27] LOG:  checkpoint complete: wrote 55 buffers (0.3%); 0 WAL file(s) added, 0 removed, 0 recycled; write=5.515 s, sync=0.006 s, total=5.533 s; sync files=29, longest=0.002 s, average=0.001 s; distance=973 kB, estimate=1807 kB; lsn=1/196CC598, redo lsn=1/196C63B0"}
{"ts": "2026-08-14T17:23:06.452035770Z", "container": "prefect-postgres", "msg": "2026-08-14 17:23:06.451 UTC [27] LOG:  checkpoint starting: time"}
{"ts": "2026-08-14T17:23:08.676329567Z", "container": "prefect-postgres", "msg": "2026-08-14 17:23:08.676 UTC [27] LOG:  checkpoint complete: wrote 22 buffers (0.1%); 0 WAL file(s) added, 0 removed, 0 recycled; write=2.207 s, sync=0.008 s, total=2.225 s; sync files=28, longest=0.003 s, average=0.001 s; distance=930 kB, estimate=1719 kB; lsn=1/197B40F8, redo lsn=1/197AEE80"}
{"ts": "2026-08-14T17:28:06.775462812Z", "container": "prefect-postgres", "msg": "2026-08-14 17:28:06.775 UTC [27] LOG:  checkpoint starting: time"}
{"ts": "2026-08-14T17:28:11.627720421Z", "container": "prefect-postgres", "msg": "2026-08-14 17:28:11.627 UTC [27] LOG:  checkpoint complete: wrote 24 buffers (0.1%); 0 WAL file(s) added, 0 removed, 0 recycled; write=4.810 s, sync=0.029 s, total=4.853 s; sync files=38, longest=0.004 s, average=0.001 s; distance=1121 kB, estimate=1660 kB; lsn=1/198D7620, redo lsn=1/198C73E0"}
{"ts": "2026-08-14T17:33:06.727456243Z", "container": "prefect-postgres", "msg": "2026-08-14 17:33:06.727 UTC [27] LOG:  checkpoint starting: time"}
{"ts": "2026-08-14T17:33:10.374379313Z", "container": "prefect-postgres", "msg": "2026-08-14 17:33:10.374 UTC [27] LOG:  checkpoint complete: wrote 31 buffers (0.2%); 0 WAL file(s) added, 0 removed, 0 recycled; write=3.617 s, sync=0.018 s, total=3.647 s; sync files=28, longest=0.004 s, average=0.001 s; distance=934 kB, estimate=1587 kB; lsn=1/199B8A30, redo lsn=1/199B0CB8"}
{"ts": "2026-08-14T17:38:06.472967908Z", "container": "prefect-postgres", "msg": "2026-08-14 17:38:06.472 UTC [27] LOG:  checkpoint starting: time"}
{"ts": "2026-08-14T17:38:11.514199343Z", "container": "prefect-postgres", "msg": "2026-08-14 17:38:11.514 UTC [27] LOG:  checkpoint complete: wrote 41 buffers (0.3%); 0 WAL file(s) added, 0 removed, 0 recycled; write=5.016 s, sync=0.016 s, total=5.042 s; sync files=28, longest=0.004 s, average=0.001 s; distance=916 kB, estimate=1520 kB; lsn=1/19A9FB90, redo lsn=1/19A95DB8"}
{"ts": "2026-08-14T17:43:06.535411994Z", "container": "prefect-postgres", "msg": "2026-08-14 17:43:06.535 UTC [27] LOG:  checkpoint starting: time"}
{"ts": "2026-08-14T17:43:11.481807830Z", "container": "prefect-postgres", "msg": "2026-08-14 17:43:11.481 UTC [27] LOG:  checkpoint complete: wrote 47 buffers (0.3%); 0 WAL file(s) added, 0 removed, 0 recycled; write=4.914 s, sync=0.020 s, total=4.947 s; sync files=28, longest=0.004 s, average=0.001 s; distance=993 kB, estimate=1467 kB; lsn=1/19B98A48, redo lsn=1/19B8E4C0"}
{"ts": "2026-08-14T17:48:06.579443726Z", "container": "prefect-postgres", "msg": "2026-08-14 17:48:06.579 UTC [27] LOG:  checkpoint starting: time"}
{"ts": "2026-08-14T17:48:10.717951741Z", "container": "prefect-postgres", "msg": "2026-08-14 17:48:10.717 UTC [27] LOG:  checkpoint complete: wrote 39 buffers (0.2%); 0 WAL file(s) added, 0 removed, 0 recycled; write=4.111 s, sync=0.016 s, total=4.139 s; sync files=29, longest=0.003 s, average=0.001 s; distance=942 kB, estimate=1415 kB; lsn=1/19C84F48, redo lsn=1/19C7A088"}
{"ts": "2026-08-14T17:53:06.806579908Z", "container": "prefect-postgres", "msg": "2026-08-14 17:53:06.806 UTC [27] LOG:  checkpoint starting: time"}
{"ts": "2026-08-14T17:53:09.843493170Z", "container": "prefect-postgres", "msg": "2026-08-14 17:53:09.843 UTC [27] LOG:  checkpoint complete: wrote 31 buffers (0.2%); 0 WAL file(s) added, 0 removed, 0 recycled; write=3.008 s, sync=0.017 s, total=3.037 s; sync files=27, longest=0.004 s, average=0.001 s; distance=905 kB, estimate=1364 kB; lsn=1/19D6D070, redo lsn=1/19D5C5D0"}
{"ts": "2026-08-14T17:58:06.943450002Z", "container": "prefect-postgres", "msg": "2026-08-14 17:58:06.943 UTC [27] LOG:  checkpoint starting: time"}
{"ts": "2026-08-14T17:58:11.588851837Z", "container": "prefect-postgres", "msg": "2026-08-14 17:58:11.588 UTC [27] LOG:  checkpoint complete: wrote 44 buffers (0.3%); 0 WAL file(s) added, 0 removed, 0 recycled; write=4.616 s, sync=0.019 s, total=4.646 s; sync files=31, longest=0.009 s, average=0.001 s; distance=986 kB, estimate=1326 kB; lsn=1/19E62F50, redo lsn=1/19E52F18"}
{"ts": "2026-08-14T18:03:06.687454320Z", "container": "prefect-postgres", "msg": "2026-08-14 18:03:06.687 UTC [27] LOG:  checkpoint starting: time"}
{"ts": "2026-08-14T18:03:11.026773098Z", "container": "prefect-postgres", "msg": "2026-08-14 18:03:11.026 UTC [27] LOG:  checkpoint complete: wrote 44 buffers (0.3%); 0 WAL file(s) added, 0 removed, 0 recycled; write=4.312 s, sync=0.015 s, total=4.340 s; sync files=29, longest=0.004 s, average=0.001 s; distance=946 kB, estimate=1288 kB; lsn=1/19F52ED0, redo lsn=1/19F3F918"}
{"ts": "2026-08-14T18:08:06.123436536Z", "container": "prefect-postgres", "msg": "2026-08-14 18:08:06.123 UTC [27] LOG:  checkpoint starting: time"}
{"ts": "2026-08-14T18:08:08.954969650Z", "container": "prefect-postgres", "msg": "2026-08-14 18:08:08.954 UTC [27] LOG:  checkpoint complete: wrote 26 buffers (0.2%); 0 WAL file(s) added, 0 removed, 1 recycled; write=2.807 s, sync=0.013 s, total=2.832 s; sync files=28, longest=0.003 s, average=0.001 s; distance=943 kB, estimate=1253 kB; lsn=1/1A03B600, redo lsn=1/1A02B830"}
{"ts": "2026-08-14T18:13:07.051225994Z", "container": "prefect-postgres", "msg": "2026-08-14 18:13:07.051 UTC [27] LOG:  checkpoint starting: time"}
{"ts": "2026-08-14T18:13:09.380128251Z", "container": "prefect-postgres", "msg": "2026-08-14 18:13:09.380 UTC [27] LOG:  checkpoint complete: wrote 25 buffers (0.2%); 0 WAL file(s) added, 0 removed, 0 recycled; write=2.311 s, sync=0.007 s, total=2.329 s; sync files=29, longest=0.004 s, average=0.001 s; distance=948 kB, estimate=1223 kB; lsn=1/1A1208C8, redo lsn=1/1A118C08"}
{"ts": "2026-08-14T18:18:07.479448095Z", "container": "prefect-postgres", "msg": "2026-08-14 18:18:07.479 UTC [27] LOG:  checkpoint starting: time"}
{"ts": "2026-08-14T18:18:11.513781351Z", "container": "prefect-postgres", "msg": "2026-08-14 18:18:11.513 UTC [27] LOG:  checkpoint complete: wrote 41 buffers (0.3%); 0 WAL file(s) added, 0 removed, 0 recycled; write=4.014 s, sync=0.008 s, total=4.035 s; sync files=28, longest=0.003 s, average=0.001 s; distance=974 kB, estimate=1198 kB; lsn=1/1A219740, redo lsn=1/1A20C5A0"}
{"ts": "2026-08-14T18:23:07.611438273Z", "container": "prefect-postgres", "msg": "2026-08-14 18:23:07.611 UTC [27] LOG:  checkpoint starting: time"}
{"ts": "2026-08-14T18:23:13.332297079Z", "container": "prefect-postgres", "msg": "2026-08-14 18:23:13.332 UTC [27] LOG:  checkpoint complete: wrote 54 buffers (0.3%); 0 WAL file(s) added, 0 removed, 0 recycled; write=5.713 s, sync=0.003 s, total=5.721 s; sync files=28, longest=0.001 s, average=0.001 s; distance=948 kB, estimate=1173 kB; lsn=1/1A2FEF38, redo lsn=1/1A2F9988"}
{"ts": "2026-08-14T18:28:07.432413755Z", "container": "prefect-postgres", "msg": "2026-08-14 18:28:07.432 UTC [27] LOG:  checkpoint starting: time"}
{"ts": "2026-08-14T18:28:11.453417822Z", "container": "prefect-postgres", "msg": "2026-08-14 18:28:11.453 UTC [27] LOG:  checkpoint complete: wrote 36 buffers (0.2%); 0 WAL file(s) added, 0 removed, 0 recycled; write=4.008 s, sync=0.009 s, total=4.022 s; sync files=35, longest=0.002 s, average=0.001 s; distance=941 kB, estimate=1150 kB; lsn=1/1A3F0368, redo lsn=1/1A3E4F78"}
{"ts": "2026-08-14T18:33:07.552491687Z", "container": "prefect-postgres", "msg": "2026-08-14 18:33:07.552 UTC [27] LOG:  checkpoint starting: time"}
{"ts": "2026-08-14T18:33:10.177085116Z", "container": "prefect-postgres", "msg": "2026-08-14 18:33:10.176 UTC [27] LOG:  checkpoint complete: wrote 27 buffers (0.2%); 0 WAL file(s) added, 0 removed, 0 recycled; write=2.610 s, sync=0.009 s, total=2.625 s; sync files=26, longest=0.003 s, average=0.001 s; distance=939 kB, estimate=1129 kB; lsn=1/1A4D4D00, redo lsn=1/1A4CFC88"}
{"ts": "2026-08-14T18:38:07.275531515Z", "container": "prefect-postgres", "msg": "2026-08-14 18:38:07.275 UTC [27] LOG:  checkpoint starting: time"}
{"ts": "2026-08-14T18:38:11.312083535Z", "container": "prefect-postgres", "msg": "2026-08-14 18:38:11.311 UTC [27] LOG:  checkpoint complete: wrote 38 buffers (0.2%); 0 WAL file(s) added, 0 removed, 0 recycled; write=4.012 s, sync=0.014 s, total=4.037 s; sync files=28, longest=0.004 s, average=0.001 s; distance=974 kB, estimate=1113 kB; lsn=1/1A5CE608, redo lsn=1/1A5C3660"}
{"ts": "2026-08-14T18:43:07.411513823Z", "container": "prefect-postgres", "msg": "2026-08-14 18:43:07.411 UTC [27] LOG:  checkpoint starting: time"}
{"ts": "2026-08-14T18:43:12.750703067Z", "container": "prefect-postgres", "msg": "2026-08-14 18:43:12.750 UTC [27] LOG:  checkpoint complete: wrote 50 buffers (0.3%); 0 WAL file(s) added, 0 removed, 0 recycled; write=5.313 s, sync=0.015 s, total=5.340 s; sync files=29, longest=0.003 s, average=0.001 s; distance=972 kB, estimate=1099 kB; lsn=1/1A6C4CC8, redo lsn=1/1A6B6968"}
{"ts": "2026-08-14T18:48:07.847455511Z", "container": "prefect-postgres", "msg": "2026-08-14 18:48:07.847 UTC [27] LOG:  checkpoint starting: time"}
{"ts": "2026-08-14T18:48:11.983225052Z", "container": "prefect-postgres", "msg": "2026-08-14 18:48:11.983 UTC [27] LOG:  checkpoint complete: wrote 42 buffers (0.3%); 0 WAL file(s) added, 0 removed, 0 recycled; write=4.115 s, sync=0.011 s, total=4.136 s; sync files=28, longest=0.003 s, average=0.001 s; distance=921 kB, estimate=1081 kB; lsn=1/1A7AB5F8, redo lsn=1/1A79CFF8"}
{"ts": "2026-08-14T18:53:08.083119132Z", "container": "prefect-postgres", "msg": "2026-08-14 18:53:08.083 UTC [27] LOG:  checkpoint starting: time"}
{"ts": "2026-08-14T18:53:13.419927131Z", "container": "prefect-postgres", "msg": "2026-08-14 18:53:13.419 UTC [27] LOG:  checkpoint complete: wrote 48 buffers (0.3%); 0 WAL file(s) added, 0 removed, 0 recycled; write=5.313 s, sync=0.013 s, total=5.337 s; sync files=28, longest=0.002 s, average=0.001 s; distance=967 kB, estimate=1070 kB; lsn=1/1A893418, redo lsn=1/1A88ECF8"}
{"ts": "2026-08-14T18:58:08.520021089Z", "container": "prefect-postgres", "msg": "2026-08-14 18:58:08.519 UTC [27] LOG:  checkpoint starting: time"}
{"ts": "2026-08-14T18:58:12.762292910Z", "container": "prefect-postgres", "msg": "2026-08-14 18:58:12.762 UTC [27] LOG:  checkpoint complete: wrote 42 buffers (0.3%); 0 WAL file(s) added, 0 removed, 0 recycled; write=4.222 s, sync=0.010 s, total=4.243 s; sync files=28, longest=0.003 s, average=0.001 s; distance=937 kB, estimate=1057 kB; lsn=1/1A986E30, redo lsn=1/1A9792D8"}
{"ts": "2026-08-14T19:03:08.859436487Z", "container": "prefect-postgres", "msg": "2026-08-14 19:03:08.859 UTC [27] LOG:  checkpoint starting: time"}
{"ts": "2026-08-14T19:03:11.788816188Z", "container": "prefect-postgres", "msg": "2026-08-14 19:03:11.788 UTC [27] LOG:  checkpoint complete: wrote 30 buffers (0.2%); 0 WAL file(s) added, 0 removed, 0 recycled; write=2.909 s, sync=0.011 s, total=2.930 s; sync files=28, longest=0.003 s, average=0.001 s; distance=944 kB, estimate=1045 kB; lsn=1/1AA69ED8, redo lsn=1/1AA655F0"}
{"ts": "2026-08-14T19:08:08.887436683Z", "container": "prefect-postgres", "msg": "2026-08-14 19:08:08.887 UTC [27] LOG:  checkpoint starting: time"}
{"ts": "2026-08-14T19:08:12.319160222Z", "container": "prefect-postgres", "msg": "2026-08-14 19:08:12.319 UTC [27] LOG:  checkpoint complete: wrote 36 buffers (0.2%); 0 WAL file(s) added, 0 removed, 0 recycled; write=3.411 s, sync=0.011 s, total=3.432 s; sync files=28, longest=0.003 s, average=0.001 s; distance=958 kB, estimate=1037 kB; lsn=1/1AB58840, redo lsn=1/1AB550B0"}
{"ts": "2026-08-14T19:13:08.415480828Z", "container": "prefect-postgres", "msg": "2026-08-14 19:13:08.415 UTC [27] LOG:  checkpoint starting: time"}
{"ts": "2026-08-14T19:13:13.048630347Z", "container": "prefect-postgres", "msg": "2026-08-14 19:13:13.048 UTC [27] LOG:  checkpoint complete: wrote 45 buffers (0.3%); 0 WAL file(s) added, 0 removed, 0 recycled; write=4.611 s, sync=0.010 s, total=4.634 s; sync files=29, longest=0.003 s, average=0.001 s; distance=983 kB, estimate=1031 kB; lsn=1/1AC51068, redo lsn=1/1AC4ADB0"}
{"ts": "2026-08-14T19:18:08.147746887Z", "container": "prefect-postgres", "msg": "2026-08-14 19:18:08.147 UTC [27] LOG:  checkpoint starting: time"}
{"ts": "2026-08-14T19:18:12.078129789Z", "container": "prefect-postgres", "msg": "2026-08-14 19:18:12.078 UTC [27] LOG:  checkpoint complete: wrote 40 buffers (0.2%); 0 WAL file(s) added, 0 removed, 0 recycled; write=3.912 s, sync=0.007 s, total=3.931 s; sync files=27, longest=0.003 s, average=0.001 s; distance=928 kB, estimate=1021 kB; lsn=1/1AD38398, redo lsn=1/1AD33038"}
{"ts": "2026-08-14T19:23:08.175427959Z", "container": "prefect-postgres", "msg": "2026-08-14 19:23:08.175 UTC [27] LOG:  checkpoint starting: time"}
{"ts": "2026-08-14T19:23:11.703927514Z", "container": "prefect-postgres", "msg": "2026-08-14 19:23:11.703 UTC [27] LOG:  checkpoint complete: wrote 36 buffers (0.2%); 0 WAL file(s) added, 0 removed, 0 recycled; write=3.511 s, sync=0.006 s, total=3.529 s; sync files=28, longest=0.003 s, average=0.001 s; distance=945 kB, estimate=1013 kB; lsn=1/1AE252F8, redo lsn=1/1AE1F600"}
{"ts": "2026-08-14T19:28:08.804011612Z", "container": "prefect-postgres", "msg": "2026-08-14 19:28:08.803 UTC [27] LOG:  checkpoint starting: time"}
{"ts": "2026-08-14T19:28:11.724152942Z", "container": "prefect-postgres", "msg": "2026-08-14 19:28:11.724 UTC [27] LOG:  checkpoint complete: wrote 27 buffers (0.2%); 0 WAL file(s) added, 0 removed, 0 recycled; write=2.909 s, sync=0.006 s, total=2.921 s; sync files=28, longest=0.001 s, average=0.001 s; distance=954 kB, estimate=1007 kB; lsn=1/1AF11F18, redo lsn=1/1AF0E0A0"}
{"ts": "2026-08-14T19:33:08.791461622Z", "container": "prefect-postgres", "msg": "2026-08-14 19:33:08.791 UTC [27] LOG:  checkpoint starting: time"}
{"ts": "2026-08-14T19:33:12.028677906Z", "container": "prefect-postgres", "msg": "2026-08-14 19:33:12.028 UTC [27] LOG:  checkpoint complete: wrote 29 buffers (0.2%); 0 WAL file(s) added, 0 removed, 1 recycled; write=3.213 s, sync=0.009 s, total=3.238 s; sync files=28, longest=0.003 s, average=0.001 s; distance=989 kB, estimate=1006 kB; lsn=1/1B00B228, redo lsn=1/1B0057C8"}
{"ts": "2026-08-14T19:38:08.127454514Z", "container": "prefect-postgres", "msg": "2026-08-14 19:38:08.127 UTC [27] LOG:  checkpoint starting: time"}
{"ts": "2026-08-14T19:38:12.164403708Z", "container": "prefect-postgres", "msg": "2026-08-14 19:38:12.164 UTC [27] LOG:  checkpoint complete: wrote 29 buffers (0.2%); 0 WAL file(s) added, 0 removed, 0 recycled; write=4.009 s, sync=0.019 s, total=4.037 s; sync files=29, longest=0.003 s, average=0.001 s; distance=986 kB, estimate=1004 kB; lsn=1/1B101470, redo lsn=1/1B0FC0D8"}
{"ts": "2026-08-14T19:43:08.263445955Z", "container": "prefect-postgres", "msg": "2026-08-14 19:43:08.263 UTC [27] LOG:  checkpoint starting: time"}
{"ts": "2026-08-14T19:43:12.802425420Z", "container": "prefect-postgres", "msg": "2026-08-14 19:43:12.802 UTC [27] LOG:  checkpoint complete: wrote 40 buffers (0.2%); 0 WAL file(s) added, 0 removed, 0 recycled; write=4.515 s, sync=0.012 s, total=4.539 s; sync files=28, longest=0.003 s, average=0.001 s; distance=974 kB, estimate=1001 kB; lsn=1/1B1FB698, redo lsn=1/1B1EFAA8"}
{"ts": "2026-08-14T19:48:08.886964390Z", "container": "prefect-postgres", "msg": "2026-08-14 19:48:08.886 UTC [27] LOG:  checkpoint starting: time"}
{"ts": "2026-08-14T19:48:12.416011019Z", "container": "prefect-postgres", "msg": "2026-08-14 19:48:12.415 UTC [27] LOG:  checkpoint complete: wrote 35 buffers (0.2%); 0 WAL file(s) added, 0 removed, 0 recycled; write=3.509 s, sync=0.010 s, total=3.530 s; sync files=27, longest=0.003 s, average=0.001 s; distance=959 kB, estimate=996 kB; lsn=1/1B2E5C20, redo lsn=1/1B2DF7D8"}
{"ts": "2026-08-14T19:53:08.515459039Z", "container": "prefect-postgres", "msg": "2026-08-14 19:53:08.515 UTC [27] LOG:  checkpoint starting: time"}
{"ts": "2026-08-14T19:53:12.548032389Z", "container": "prefect-postgres", "msg": "2026-08-14 19:53:12.547 UTC [27] LOG:  checkpoint complete: wrote 39 buffers (0.2%); 0 WAL file(s) added, 0 removed, 0 recycled; write=4.012 s, sync=0.009 s, total=4.033 s; sync files=28, longest=0.003 s, average=0.001 s; distance=955 kB, estimate=992 kB; lsn=1/1B3D5240, redo lsn=1/1B3CE628"}
{"ts": "2026-08-14T19:58:08.648105464Z", "container": "prefect-postgres", "msg": "2026-08-14 19:58:08.647 UTC [27] LOG:  checkpoint starting: time"}
{"ts": "2026-08-14T19:58:13.284953345Z", "container": "prefect-postgres", "msg": "2026-08-14 19:58:13.284 UTC [27] LOG:  checkpoint complete: wrote 41 buffers (0.3%); 0 WAL file(s) added, 0 removed, 0 recycled; write=4.613 s, sync=0.013 s, total=4.637 s; sync files=28, longest=0.003 s, average=0.001 s; distance=964 kB, estimate=989 kB; lsn=1/1B4C6BF8, redo lsn=1/1B4BF758"}
{"ts": "2026-08-14T19:59:59.853821284Z", "container": "prefect-postgres", "msg": "2026-08-14 19:59:59.853 UTC [175388] ERROR:  duplicate key value violates unique constraint \"pk_task_run\""}
{"ts": "2026-08-14T19:59:59.853847554Z", "container": "prefect-postgres", "msg": "2026-08-14 19:59:59.853 UTC [175388] DETAIL:  Key (id)=(01a001dc-2529-7b89-a91e-c85353869b90) already exists."}
{"ts": "2026-08-14T19:59:59.853854354Z", "container": "prefect-postgres", "msg": "2026-08-14 19:59:59.853 UTC [175388] STATEMENT:  INSERT INTO task_run (flow_run_id, task_key, dynamic_key, flow_run_run_count, empirical_policy, task_inputs, tags, labels, state_id, name, state_type, state_name, state_timestamp, run_count, expected_start_time, total_run_time, id, created, updated) VALUES ($1::UUID, $2::VARCHAR, $3::VARCHAR, $4::INTEGER, $5, $6, $7::JSONB, $8::JSONB, $9::UUID, $10::VARCHAR, $11::state_type, $12::VARCHAR, $13::TIMESTAMP WITH TIME ZONE, $14::INTEGER, $15::TIMESTAMP WITH TIME ZONE, $16::INTERVAL, $17::UUID, $18::TIMESTAMP WITH TIME ZONE, $19::TIMESTAMP WITH TIME ZONE) ON CONFLICT (flow_run_id, task_key, dynamic_key) DO UPDATE SET flow_run_id = excluded.flow_run_id, task_key = excluded.task_key, dynamic_key = excluded.dynamic_key, flow_run_run_count = excluded.flow_run_run_count, empirical_policy = excluded.empirical_policy, task_inputs = excluded.task_inputs, tags = excluded.tags, labels = excluded.labels, state_id = excluded.state_id, name = excluded.name, state_type = excluded.state_type, state_name = excluded.state_name, state_timestamp = excluded.state_timestamp, run_count = excluded.run_count, expected_start_time = excluded.expected_start_time, total_run_time = excluded.total_run_time, updated = excluded.updated WHERE task_run.state_timestamp < excluded.state_timestamp"}
{"ts": "2026-08-14T20:03:08.383514239Z", "container": "prefect-postgres", "msg": "2026-08-14 20:03:08.383 UTC [27] LOG:  checkpoint starting: time"}
{"ts": "2026-08-14T20:03:11.815444576Z", "container": "prefect-postgres", "msg": "2026-08-14 20:03:11.815 UTC [27] LOG:  checkpoint complete: wrote 31 buffers (0.2%); 0 WAL file(s) added, 0 removed, 0 recycled; write=3.411 s, sync=0.011 s, total=3.432 s; sync files=144, longest=0.003 s, average=0.001 s; distance=3429 kB, estimate=3429 kB; lsn=1/1B821898, redo lsn=1/1B818D00"}
{"ts": "2026-08-14T20:08:08.915474392Z", "container": "prefect-postgres", "msg": "2026-08-14 20:08:08.915 UTC [27] LOG:  checkpoint starting: time"}
{"ts": "2026-08-14T20:08:14.147640099Z", "container": "prefect-postgres", "msg": "2026-08-14 20:08:14.147 UTC [27] LOG:  checkpoint complete: wrote 46 buffers (0.3%); 0 WAL file(s) added, 0 removed, 0 recycled; write=5.210 s, sync=0.012 s, total=5.233 s; sync files=29, longest=0.003 s, average=0.001 s; distance=958 kB, estimate=3182 kB; lsn=1/1B918B10, redo lsn=1/1B908518"}
{"ts": "2026-08-14T20:13:08.239471759Z", "container": "prefect-postgres", "msg": "2026-08-14 20:13:08.239 UTC [27] LOG:  checkpoint starting: time"}
{"ts": "2026-08-14T20:13:11.474642993Z", "container": "prefect-postgres", "msg": "2026-08-14 20:13:11.474 UTC [27] LOG:  checkpoint complete: wrote 32 buffers (0.2%); 0 WAL file(s) added, 0 removed, 0 recycled; write=3.212 s, sync=0.015 s, total=3.236 s; sync files=28, longest=0.003 s, average=0.001 s; distance=919 kB, estimate=2956 kB; lsn=1/1B9F9508, redo lsn=1/1B9EE398"}
{"ts": "2026-08-14T20:18:08.547576537Z", "container": "prefect-postgres", "msg": "2026-08-14 20:18:08.547 UTC [27] LOG:  checkpoint starting: time"}
{"ts": "2026-08-14T20:18:12.379661483Z", "container": "prefect-postgres", "msg": "2026-08-14 20:18:12.379 UTC [27] LOG:  checkpoint complete: wrote 39 buffers (0.2%); 0 WAL file(s) added, 0 removed, 0 recycled; write=3.814 s, sync=0.008 s, total=3.833 s; sync files=137, longest=0.003 s, average=0.001 s; distance=3075 kB, estimate=3075 kB; lsn=1/1BCF4FE8, redo lsn=1/1BCEF390"}
{"ts": "2026-08-14T20:23:08.479445286Z", "container": "prefect-postgres", "msg": "2026-08-14 20:23:08.479 UTC [27] LOG:  checkpoint starting: time"}
{"ts": "2026-08-14T20:23:11.209572438Z", "container": "prefect-postgres", "msg": "2026-08-14 20:23:11.209 UTC [27] LOG:  checkpoint complete: wrote 26 buffers (0.2%); 0 WAL file(s) added, 0 removed, 0 recycled; write=2.708 s, sync=0.013 s, total=2.731 s; sync files=29, longest=0.003 s, average=0.001 s; distance=984 kB, estimate=2866 kB; lsn=1/1BDEBC28, redo lsn=1/1BDE56E8"}
{"ts": "2026-08-14T20:28:08.307461078Z", "container": "prefect-postgres", "msg": "2026-08-14 20:28:08.307 UTC [27] LOG:  checkpoint starting: time"}
{"ts": "2026-08-14T20:28:15.950768949Z", "container": "prefect-postgres", "msg": "2026-08-14 20:28:15.950 UTC [27] LOG:  checkpoint complete: wrote 68 buffers (0.4%); 0 WAL file(s) added, 0 removed, 0 recycled; write=7.621 s, sync=0.012 s, total=7.644 s; sync files=34, longest=0.003 s, average=0.001 s; distance=1206 kB, estimate=2700 kB; lsn=1/1BF1FFF0, redo lsn=1/1BF132C8"}
{"ts": "2026-08-14T20:33:09.047529986Z", "container": "prefect-postgres", "msg": "2026-08-14 20:33:09.047 UTC [27] LOG:  checkpoint starting: time"}
{"ts": "2026-08-14T20:33:12.784399308Z", "container": "prefect-postgres", "msg": "2026-08-14 20:33:12.784 UTC [27] LOG:  checkpoint complete: wrote 30 buffers (0.2%); 0 WAL file(s) added, 0 removed, 1 recycled; write=3.713 s, sync=0.011 s, total=3.737 s; sync files=140, longest=0.003 s, average=0.001 s; distance=4366 kB, estimate=4366 kB; lsn=1/1C35E480, redo lsn=1/1C356EB8"}
{"ts": "2026-08-14T20:38:09.835300722Z", "container": "prefect-postgres", "msg": "2026-08-14 20:38:09.835 UTC [27] LOG:  checkpoint starting: time"}
{"ts": "2026-08-14T20:38:15.266353855Z", "container": "prefect-postgres", "msg": "2026-08-14 20:38:15.266 UTC [27] LOG:  checkpoint complete: wrote 42 buffers (0.3%); 0 WAL file(s) added, 0 removed, 0 recycled; write=5.414 s, sync=0.007 s, total=5.432 s; sync files=28, longest=0.003 s, average=0.001 s; distance=954 kB, estimate=4025 kB; lsn=1/1C451B40, redo lsn=1/1C4457D8"}
{"ts": "2026-08-14T20:43:09.363459374Z", "container": "prefect-postgres", "msg": "2026-08-14 20:43:09.363 UTC [27] LOG:  checkpoint starting: time"}
{"ts": "2026-08-14T20:43:13.083248803Z", "container": "prefect-postgres", "msg": "2026-08-14 20:43:13.083 UTC [27] LOG:  checkpoint complete: wrote 37 buffers (0.2%); 0 WAL file(s) added, 0 removed, 0 recycled; write=3.708 s, sync=0.006 s, total=3.720 s; sync files=28, longest=0.002 s, average=0.001 s; distance=926 kB, estimate=3715 kB; lsn=1/1C537058, redo lsn=1/1C52D308"}
{"ts": "2026-08-14T20:48:09.179491428Z", "container": "prefect-postgres", "msg": "2026-08-14 20:48:09.179 UTC [27] LOG:  checkpoint starting: time"}
{"ts": "2026-08-14T20:48:13.719095551Z", "container": "prefect-postgres", "msg": "2026-08-14 20:48:13.718 UTC [27] LOG:  checkpoint complete: wrote 42 buffers (0.3%); 0 WAL file(s) added, 0 removed, 0 recycled; write=4.518 s, sync=0.011 s, total=4.540 s; sync files=132, longest=0.003 s, average=0.001 s; distance=2406 kB, estimate=3584 kB; lsn=1/1C78BD98, redo lsn=1/1C786B10"}
{"ts": "2026-08-14T20:53:09.819179234Z", "container": "prefect-postgres", "msg": "2026-08-14 20:53:09.819 UTC [27] LOG:  checkpoint starting: time"}
{"ts": "2026-08-14T20:53:12.654812830Z", "container": "prefect-postgres", "msg": "2026-08-14 20:53:12.654 UTC [27] LOG:  checkpoint complete: wrote 30 buffers (0.2%); 0 WAL file(s) added, 0 removed, 0 recycled; write=2.814 s, sync=0.011 s, total=2.836 s; sync files=29, longest=0.003 s, average=0.001 s; distance=978 kB, estimate=3324 kB; lsn=1/1C880050, redo lsn=1/1C87B4F0"}
{"ts": "2026-08-14T20:58:09.754493296Z", "container": "prefect-postgres", "msg": "2026-08-14 20:58:09.754 UTC [27] LOG:  checkpoint starting: time"}
{"ts": "2026-08-14T20:58:15.086925585Z", "container": "prefect-postgres", "msg": "2026-08-14 20:58:15.086 UTC [27] LOG:  checkpoint complete: wrote 49 buffers (0.3%); 0 WAL file(s) added, 0 removed, 0 recycled; write=5.312 s, sync=0.010 s, total=5.333 s; sync files=28, longest=0.002 s, average=0.001 s; distance=955 kB, estimate=3087 kB; lsn=1/1C975B90, redo lsn=1/1C96A350"}
{"ts": "2026-08-14T21:03:09.183454737Z", "container": "prefect-postgres", "msg": "2026-08-14 21:03:09.183 UTC [27] LOG:  checkpoint starting: time"}
{"ts": "2026-08-14T21:03:13.219829950Z", "container": "prefect-postgres", "msg": "2026-08-14 21:03:13.219 UTC [27] LOG:  checkpoint complete: wrote 39 buffers (0.2%); 0 WAL file(s) added, 0 removed, 0 recycled; write=4.017 s, sync=0.010 s, total=4.037 s; sync files=28, longest=0.004 s, average=0.001 s; distance=953 kB, estimate=2873 kB; lsn=1/1CA689A0, redo lsn=1/1CA58AB0"}
{"ts": "2026-08-14T21:08:09.299463958Z", "container": "prefect-postgres", "msg": "2026-08-14 21:08:09.299 UTC [27] LOG:  checkpoint starting: time"}
{"ts": "2026-08-14T21:08:13.343705970Z", "container": "prefect-postgres", "msg": "2026-08-14 21:08:13.343 UTC [27] LOG:  checkpoint complete: wrote 37 buffers (0.2%); 0 WAL file(s) added, 0 removed, 0 recycled; write=4.016 s, sync=0.017 s, total=4.045 s; sync files=28, longest=0.003 s, average=0.001 s; distance=940 kB, estimate=2680 kB; lsn=1/1CB4D700, redo lsn=1/1CB43C50"}
{"ts": "2026-08-14T21:13:09.443429016Z", "container": "prefect-postgres", "msg": "2026-08-14 21:13:09.443 UTC [27] LOG:  checkpoint starting: time"}
{"ts": "2026-08-14T21:13:15.183212345Z", "container": "prefect-postgres", "msg": "2026-08-14 21:13:15.183 UTC [27] LOG:  checkpoint complete: wrote 54 buffers (0.3%); 0 WAL file(s) added, 0 removed, 0 recycled; write=5.712 s, sync=0.017 s, total=5.740 s; sync files=28, longest=0.003 s, average=0.001 s; distance=946 kB, estimate=2507 kB; lsn=1/1CC3BED8, redo lsn=1/1CC30610"}
{"ts": "2026-08-14T21:18:09.283103728Z", "container": "prefect-postgres", "msg": "2026-08-14 21:18:09.283 UTC [27] LOG:  checkpoint starting: time"}
{"ts": "2026-08-14T21:18:12.208968832Z", "container": "prefect-postgres", "msg": "2026-08-14 21:18:12.208 UTC [27] LOG:  checkpoint complete: wrote 29 buffers (0.2%); 0 WAL file(s) added, 0 removed, 0 recycled; write=2.909 s, sync=0.008 s, total=2.926 s; sync files=29, longest=0.003 s, average=0.001 s; distance=959 kB, estimate=2352 kB; lsn=1/1CD27BE0, redo lsn=1/1CD202D0"}
{"ts": "2026-08-14T21:23:09.309086623Z", "container": "prefect-postgres", "msg": "2026-08-14 21:23:09.308 UTC [27] LOG:  checkpoint starting: time"}
{"ts": "2026-08-14T21:23:13.641741169Z", "container": "prefect-postgres", "msg": "2026-08-14 21:23:13.641 UTC [27] LOG:  checkpoint complete: wrote 44 buffers (0.3%); 0 WAL file(s) added, 0 removed, 0 recycled; write=4.311 s, sync=0.010 s, total=4.333 s; sync files=28, longest=0.004 s, average=0.001 s; distance=969 kB, estimate=2214 kB; lsn=1/1CE1E2F0, redo lsn=1/1CE126E0"}
{"ts": "2026-08-14T21:28:09.739419117Z", "container": "prefect-postgres", "msg": "2026-08-14 21:28:09.739 UTC [27] LOG:  checkpoint starting: time"}
{"ts": "2026-08-14T21:28:18.880374710Z", "container": "prefect-postgres", "msg": "2026-08-14 21:28:18.880 UTC [27] LOG:  checkpoint complete: wrote 92 buffers (0.6%); 0 WAL file(s) added, 0 removed, 0 recycled; write=9.122 s, sync=0.007 s, total=9.141 s; sync files=37, longest=0.004 s, average=0.001 s; distance=1109 kB, estimate=2103 kB; lsn=1/1CF312C8, redo lsn=1/1CF27C98"}
{"ts": "2026-08-14T21:33:09.979520300Z", "container": "prefect-postgres", "msg": "2026-08-14 21:33:09.979 UTC [27] LOG:  checkpoint starting: time"}
{"ts": "2026-08-14T21:33:15.016847024Z", "container": "prefect-postgres", "msg": "2026-08-14 21:33:15.016 UTC [27] LOG:  checkpoint complete: wrote 47 buffers (0.3%); 0 WAL file(s) added, 0 removed, 1 recycled; write=5.012 s, sync=0.011 s, total=5.038 s; sync files=29, longest=0.003 s, average=0.001 s; distance=981 kB, estimate=1991 kB; lsn=1/1D0232E8, redo lsn=1/1D01D2F0"}
{"ts": "2026-08-14T21:38:09.105055418Z", "container": "prefect-postgres", "msg": "2026-08-14 21:38:09.104 UTC [27] LOG:  checkpoint starting: time"}
{"ts": "2026-08-14T21:38:12.042856327Z", "container": "prefect-postgres", "msg": "2026-08-14 21:38:12.042 UTC [27] LOG:  checkpoint complete: wrote 17 buffers (0.1%); 0 WAL file(s) added, 0 removed, 0 recycled; write=2.908 s, sync=0.018 s, total=2.938 s; sync files=29, longest=0.004 s, average=0.001 s; distance=931 kB, estimate=1885 kB; lsn=1/1D10A7E8, redo lsn=1/1D106240"}
{"ts": "2026-08-14T21:43:09.139445560Z", "container": "prefect-postgres", "msg": "2026-08-14 21:43:09.139 UTC [27] LOG:  checkpoint starting: time"}
{"ts": "2026-08-14T21:43:12.766823966Z", "container": "prefect-postgres", "msg": "2026-08-14 21:43:12.766 UTC [27] LOG:  checkpoint complete: wrote 37 buffers (0.2%); 0 WAL file(s) added, 0 removed, 0 recycled; write=3.609 s, sync=0.006 s, total=3.628 s; sync files=28, longest=0.003 s, average=0.001 s; distance=967 kB, estimate=1793 kB; lsn=1/1D1FC130, redo lsn=1/1D1F81A8"}
{"ts": "2026-08-14T21:48:09.865311991Z", "container": "prefect-postgres", "msg": "2026-08-14 21:48:09.865 UTC [27] LOG:  checkpoint starting: time"}
{"ts": "2026-08-14T21:48:13.398699065Z", "container": "prefect-postgres", "msg": "2026-08-14 21:48:13.398 UTC [27] LOG:  checkpoint complete: wrote 38 buffers (0.2%); 0 WAL file(s) added, 0 removed, 0 recycled; write=3.514 s, sync=0.010 s, total=3.534 s; sync files=29, longest=0.004 s, average=0.001 s; distance=947 kB, estimate=1709 kB; lsn=1/1D2EB7D8, redo lsn=1/1D2E50A0"}
{"ts": "2026-08-14T21:53:09.498814430Z", "container": "prefect-postgres", "msg": "2026-08-14 21:53:09.498 UTC [27] LOG:  checkpoint starting: time"}
{"ts": "2026-08-14T21:53:13.027002943Z", "container": "prefect-postgres", "msg": "2026-08-14 21:53:13.026 UTC [27] LOG:  checkpoint complete: wrote 34 buffers (0.2%); 0 WAL file(s) added, 0 removed, 0 recycled; write=3.510 s, sync=0.008 s, total=3.529 s; sync files=28, longest=0.003 s, average=0.001 s; distance=974 kB, estimate=1635 kB; lsn=1/1D3DEB88, redo lsn=1/1D3D8A58"}
{"ts": "2026-08-14T21:58:09.127008478Z", "container": "prefect-postgres", "msg": "2026-08-14 21:58:09.126 UTC [27] LOG:  checkpoint starting: time"}
{"ts": "2026-08-14T21:58:14.065812382Z", "container": "prefect-postgres", "msg": "2026-08-14 21:58:14.065 UTC [27] LOG:  checkpoint complete: wrote 43 buffers (0.3%); 0 WAL file(s) added, 0 removed, 0 recycled; write=4.912 s, sync=0.017 s, total=4.939 s; sync files=29, longest=0.004 s, average=0.001 s; distance=957 kB, estimate=1567 kB; lsn=1/1D4D4F70, redo lsn=1/1D4C7EA8"}
{"ts": "2026-08-14T22:03:09.163437774Z", "container": "prefect-postgres", "msg": "2026-08-14 22:03:09.163 UTC [27] LOG:  checkpoint starting: time"}
{"ts": "2026-08-14T22:03:14.699768598Z", "container": "prefect-postgres", "msg": "2026-08-14 22:03:14.699 UTC [27] LOG:  checkpoint complete: wrote 49 buffers (0.3%); 0 WAL file(s) added, 0 removed, 0 recycled; write=5.514 s, sync=0.013 s, total=5.537 s; sync files=28, longest=0.003 s, average=0.001 s; distance=937 kB, estimate=1504 kB; lsn=1/1D5B83A0, redo lsn=1/1D5B2688"}
{"ts": "2026-08-14T22:08:09.799841165Z", "container": "prefect-postgres", "msg": "2026-08-14 22:08:09.799 UTC [27] LOG:  checkpoint starting: time"}
{"ts": "2026-08-14T22:08:13.941268242Z", "container": "prefect-postgres", "msg": "2026-08-14 22:08:13.941 UTC [27] LOG:  checkpoint complete: wrote 34 buffers (0.2%); 0 WAL file(s) added, 0 removed, 0 recycled; write=4.115 s, sync=0.017 s, total=4.142 s; sync files=28, longest=0.003 s, average=0.001 s; distance=963 kB, estimate=1450 kB; lsn=1/1D6AEAD8, redo lsn=1/1D6A3648"}
{"ts": "2026-08-14T22:13:10.041357598Z", "container": "prefect-postgres", "msg": "2026-08-14 22:13:10.041 UTC [27] LOG:  checkpoint starting: time"}
{"ts": "2026-08-14T22:13:14.982670029Z", "container": "prefect-postgres", "msg": "2026-08-14 22:13:14.982 UTC [27] LOG:  checkpoint complete: wrote 46 buffers (0.3%); 0 WAL file(s) added, 0 removed, 0 recycled; write=4.913 s, sync=0.016 s, total=4.942 s; sync files=30, longest=0.004 s, average=0.001 s; distance=972 kB, estimate=1402 kB; lsn=1/1D7A4DC8, redo lsn=1/1D796718"}
{"ts": "2026-08-14T22:18:11.079436855Z", "container": "prefect-postgres", "msg": "2026-08-14 22:18:11.079 UTC [27] LOG:  checkpoint starting: time"}
{"ts": "2026-08-14T22:18:15.108937834Z", "container": "prefect-postgres", "msg": "2026-08-14 22:18:15.108 UTC [27] LOG:  checkpoint complete: wrote 37 buffers (0.2%); 0 WAL file(s) added, 0 removed, 0 recycled; write=4.009 s, sync=0.010 s, total=4.030 s; sync files=27, longest=0.003 s, average=0.001 s; distance=950 kB, estimate=1357 kB; lsn=1/1D889A98, redo lsn=1/1D884260"}
{"ts": "2026-08-14T22:23:11.166316662Z", "container": "prefect-postgres", "msg": "2026-08-14 22:23:11.166 UTC [27] LOG:  checkpoint starting: time"}
{"ts": "2026-08-14T22:23:14.601880636Z", "container": "prefect-postgres", "msg": "2026-08-14 22:23:14.601 UTC [27] LOG:  checkpoint complete: wrote 31 buffers (0.2%); 0 WAL file(s) added, 0 removed, 0 recycled; write=3.413 s, sync=0.010 s, total=3.436 s; sync files=28, longest=0.003 s, average=0.001 s; distance=966 kB, estimate=1318 kB; lsn=1/1D97D758, redo lsn=1/1D975CA8"}
{"ts": "2026-08-14T22:28:11.699733559Z", "container": "prefect-postgres", "msg": "2026-08-14 22:28:11.699 UTC [27] LOG:  checkpoint starting: time"}
{"ts": "2026-08-14T22:28:16.738861091Z", "container": "prefect-postgres", "msg": "2026-08-14 22:28:16.738 UTC [27] LOG:  checkpoint complete: wrote 44 buffers (0.3%); 0 WAL file(s) added, 0 removed, 0 recycled; write=5.018 s, sync=0.009 s, total=5.040 s; sync files=35, longest=0.001 s, average=0.001 s; distance=989 kB, estimate=1285 kB; lsn=1/1DA76670, redo lsn=1/1DA6D0D8"}
{"ts": "2026-08-14T22:33:11.777358191Z", "container": "prefect-postgres", "msg": "2026-08-14 22:33:11.777 UTC [27] LOG:  checkpoint starting: time"}
{"ts": "2026-08-14T22:33:16.820595458Z", "container": "prefect-postgres", "msg": "2026-08-14 22:33:16.820 UTC [27] LOG:  checkpoint complete: wrote 40 buffers (0.2%); 0 WAL file(s) added, 0 removed, 0 recycled; write=5.010 s, sync=0.021 s, total=5.044 s; sync files=28, longest=0.006 s, average=0.001 s; distance=934 kB, estimate=1250 kB; lsn=1/1DB5B450, redo lsn=1/1DB56A88"}
{"ts": "2026-08-14T22:38:11.919451878Z", "container": "prefect-postgres", "msg": "2026-08-14 22:38:11.919 UTC [27] LOG:  checkpoint starting: time"}
{"ts": "2026-08-14T22:38:16.859563955Z", "container": "prefect-postgres", "msg": "2026-08-14 22:38:16.859 UTC [27] LOG:  checkpoint complete: wrote 47 buffers (0.3%); 0 WAL file(s) added, 0 removed, 0 recycled; write=4.916 s, sync=0.013 s, total=4.941 s; sync files=30, longest=0.003 s, average=0.001 s; distance=1010 kB, estimate=1226 kB; lsn=1/1DC58380, redo lsn=1/1DC53288"}
{"ts": "2026-08-14T22:43:11.959450233Z", "container": "prefect-postgres", "msg": "2026-08-14 22:43:11.959 UTC [27] LOG:  checkpoint starting: time"}
{"ts": "2026-08-14T22:43:17.188245965Z", "container": "prefect-postgres", "msg": "2026-08-14 22:43:17.188 UTC [27] LOG:  checkpoint complete: wrote 48 buffers (0.3%); 0 WAL file(s) added, 0 removed, 0 recycled; write=5.211 s, sync=0.006 s, total=5.229 s; sync files=28, longest=0.002 s, average=0.001 s; distance=954 kB, estimate=1199 kB; lsn=1/1DD49030, redo lsn=1/1DD41DD8"}
{"ts": "2026-08-14T22:48:11.283959615Z", "container": "prefect-postgres", "msg": "2026-08-14 22:48:11.283 UTC [27] LOG:  checkpoint starting: time"}
{"ts": "2026-08-14T22:48:15.010270704Z", "container": "prefect-postgres", "msg": "2026-08-14 22:48:15.010 UTC [27] LOG:  checkpoint complete: wrote 34 buffers (0.2%); 0 WAL file(s) added, 0 removed, 0 recycled; write=3.711 s, sync=0.006 s, total=3.727 s; sync files=28, longest=0.003 s, average=0.001 s; distance=930 kB, estimate=1172 kB; lsn=1/1DE344B8, redo lsn=1/1DE2A938"}
{"ts": "2026-08-14T22:53:11.107834507Z", "container": "prefect-postgres", "msg": "2026-08-14 22:53:11.107 UTC [27] LOG:  checkpoint starting: time"}
{"ts": "2026-08-14T22:53:15.445629988Z", "container": "prefect-postgres", "msg": "2026-08-14 22:53:15.445 UTC [27] LOG:  checkpoint complete: wrote 40 buffers (0.2%); 0 WAL file(s) added, 0 removed, 0 recycled; write=4.314 s, sync=0.012 s, total=4.338 s; sync files=29, longest=0.004 s, average=0.001 s; distance=1025 kB, estimate=1157 kB; lsn=1/1DF30B78, redo lsn=1/1DF2AE80"}
{"ts": "2026-08-14T22:58:11.543453107Z", "container": "prefect-postgres", "msg": "2026-08-14 22:58:11.543 UTC [27] LOG:  checkpoint starting: time"}
{"ts": "2026-08-14T22:58:16.090348068Z", "container": "prefect-postgres", "msg": "2026-08-14 22:58:16.090 UTC [27] LOG:  checkpoint complete: wrote 42 buffers (0.3%); 0 WAL file(s) added, 0 removed, 1 recycled; write=4.517 s, sync=0.016 s, total=4.547 s; sync files=28, longest=0.003 s, average=0.001 s; distance=951 kB, estimate=1137 kB; lsn=1/1E0255A0, redo lsn=1/1E018C20"}
{"ts": "2026-08-14T23:03:11.187441170Z", "container": "prefect-postgres", "msg": "2026-08-14 23:03:11.187 UTC [27] LOG:  checkpoint starting: time"}
{"ts": "2026-08-14T23:03:16.231323163Z", "container": "prefect-postgres", "msg": "2026-08-14 23:03:16.231 UTC [27] LOG:  checkpoint complete: wrote 43 buffers (0.3%); 0 WAL file(s) added, 0 removed, 0 recycled; write=5.020 s, sync=0.013 s, total=5.044 s; sync files=28, longest=0.003 s, average=0.001 s; distance=956 kB, estimate=1119 kB; lsn=1/1E10E7D0, redo lsn=1/1E107E28"}
{"ts": "2026-08-14T23:08:11.307276797Z", "container": "prefect-postgres", "msg": "2026-08-14 23:08:11.307 UTC [27] LOG:  checkpoint starting: time"}
{"ts": "2026-08-14T23:08:16.346876771Z", "container": "prefect-postgres", "msg": "2026-08-14 23:08:16.346 UTC [27] LOG:  checkpoint complete: wrote 40 buffers (0.2%); 0 WAL file(s) added, 0 removed, 0 recycled; write=5.010 s, sync=0.018 s, total=5.040 s; sync files=29, longest=0.003 s, average=0.001 s; distance=984 kB, estimate=1105 kB; lsn=1/1E208380, redo lsn=1/1E1FE100"}
{"ts": "2026-08-14T23:13:11.444732494Z", "container": "prefect-postgres", "msg": "2026-08-14 23:13:11.444 UTC [27] LOG:  checkpoint starting: time"}
{"ts": "2026-08-14T23:13:14.775697616Z", "container": "prefect-postgres", "msg": "2026-08-14 23:13:14.775 UTC [27] LOG:  checkpoint complete: wrote 30 buffers (0.2%); 0 WAL file(s) added, 0 removed, 0 recycled; write=3.310 s, sync=0.010 s, total=3.331 s; sync files=28, longest=0.003 s, average=0.001 s; distance=935 kB, estimate=1088 kB; lsn=1/1E2F33E8, redo lsn=1/1E2E7FA0"}
{"ts": "2026-08-14T23:18:11.874727657Z", "container": "prefect-postgres", "msg": "2026-08-14 23:18:11.874 UTC [27] LOG:  checkpoint starting: time"}
{"ts": "2026-08-14T23:18:15.911593806Z", "container": "prefect-postgres", "msg": "2026-08-14 23:18:15.911 UTC [27] LOG:  checkpoint complete: wrote 37 buffers (0.2%); 0 WAL file(s) added, 0 removed, 0 recycled; write=4.010 s, sync=0.016 s, total=4.037 s; sync files=28, longest=0.004 s, average=0.001 s; distance=953 kB, estimate=1075 kB; lsn=1/1E3E4020, redo lsn=1/1E3D65C0"}
{"ts": "2026-08-14T23:23:12.011455515Z", "container": "prefect-postgres", "msg": "2026-08-14 23:23:12.011 UTC [27] LOG:  checkpoint starting: time"}
{"ts": "2026-08-14T23:23:14.852720085Z", "container": "prefect-postgres", "msg": "2026-08-14 23:23:14.852 UTC [27] LOG:  checkpoint complete: wrote 26 buffers (0.2%); 0 WAL file(s) added, 0 removed, 0 recycled; write=2.810 s, sync=0.020 s, total=2.842 s; sync files=29, longest=0.003 s, average=0.001 s; distance=993 kB, estimate=1066 kB; lsn=1/1E4D3610, redo lsn=1/1E4CEB88"}
{"ts": "2026-08-14T23:28:12.952857179Z", "container": "prefect-postgres", "msg": "2026-08-14 23:28:12.952 UTC [27] LOG:  checkpoint starting: time"}
{"ts": "2026-08-14T23:28:18.495729148Z", "container": "prefect-postgres", "msg": "2026-08-14 23:28:18.495 UTC [27] LOG:  checkpoint complete: wrote 44 buffers (0.3%); 0 WAL file(s) added, 0 removed, 0 recycled; write=5.517 s, sync=0.015 s, total=5.543 s; sync files=27, longest=0.002 s, average=0.001 s; distance=920 kB, estimate=1052 kB; lsn=1/1E5BDD48, redo lsn=1/1E5B4E08"}
{"ts": "2026-08-14T23:33:12.595463672Z", "container": "prefect-postgres", "msg": "2026-08-14 23:33:12.595 UTC [27] LOG:  checkpoint starting: time"}
{"ts": "2026-08-14T23:33:14.226179786Z", "container": "prefect-postgres", "msg": "2026-08-14 23:33:14.226 UTC [27] LOG:  checkpoint complete: wrote 14 buffers (0.1%); 0 WAL file(s) added, 0 removed, 0 recycled; write=1.611 s, sync=0.009 s, total=1.631 s; sync files=29, longest=0.003 s, average=0.001 s; distance=1005 kB, estimate=1047 kB; lsn=1/1E6B6CA8, redo lsn=1/1E6B0488"}
{"ts": "2026-08-14T23:38:12.323443071Z", "container": "prefect-postgres", "msg": "2026-08-14 23:38:12.323 UTC [27] LOG:  checkpoint starting: time"}
{"ts": "2026-08-14T23:38:16.059244387Z", "container": "prefect-postgres", "msg": "2026-08-14 23:38:16.059 UTC [27] LOG:  checkpoint complete: wrote 38 buffers (0.2%); 0 WAL file(s) added, 0 removed, 0 recycled; write=3.710 s, sync=0.016 s, total=3.736 s; sync files=28, longest=0.004 s, average=0.001 s; distance=946 kB, estimate=1037 kB; lsn=1/1E7A6650, redo lsn=1/1E79CD10"}
{"ts": "2026-08-14T23:43:12.155445948Z", "container": "prefect-postgres", "msg": "2026-08-14 23:43:12.155 UTC [27] LOG:  checkpoint starting: time"}
{"ts": "2026-08-14T23:43:15.780769644Z", "container": "prefect-postgres", "msg": "2026-08-14 23:43:15.780 UTC [27] LOG:  checkpoint complete: wrote 37 buffers (0.2%); 0 WAL file(s) added, 0 removed, 0 recycled; write=3.609 s, sync=0.006 s, total=3.626 s; sync files=28, longest=0.004 s, average=0.001 s; distance=902 kB, estimate=1023 kB; lsn=1/1E886108, redo lsn=1/1E87E6D8"}
{"ts": "2026-08-14T23:48:12.879458314Z", "container": "prefect-postgres", "msg": "2026-08-14 23:48:12.879 UTC [27] LOG:  checkpoint starting: time"}
{"ts": "2026-08-14T23:48:18.614476666Z", "container": "prefect-postgres", "msg": "2026-08-14 23:48:18.614 UTC [27] LOG:  checkpoint complete: wrote 50 buffers (0.3%); 0 WAL file(s) added, 0 removed, 0 recycled; write=5.711 s, sync=0.015 s, total=5.736 s; sync files=28, longest=0.004 s, average=0.001 s; distance=997 kB, estimate=1021 kB; lsn=1/1E981E90, redo lsn=1/1E977AD8"}
{"ts": "2026-08-14T23:53:12.711883953Z", "container": "prefect-postgres", "msg": "2026-08-14 23:53:12.711 UTC [27] LOG:  checkpoint starting: time"}
{"ts": "2026-08-14T23:53:17.755730886Z", "container": "prefect-postgres", "msg": "2026-08-14 23:53:17.755 UTC [27] LOG:  checkpoint complete: wrote 40 buffers (0.2%); 0 WAL file(s) added, 0 removed, 0 recycled; write=5.017 s, sync=0.015 s, total=5.044 s; sync files=29, longest=0.001 s, average=0.001 s; distance=1009 kB, estimate=1020 kB; lsn=1/1EA7CD10, redo lsn=1/1EA74090"}
{"ts": "2026-08-14T23:58:12.855448058Z", "container": "prefect-postgres", "msg": "2026-08-14 23:58:12.855 UTC [27] LOG:  checkpoint starting: time"}
{"ts": "2026-08-14T23:58:15.784969241Z", "container": "prefect-postgres", "msg": "2026-08-14 23:58:15.784 UTC [27] LOG:  checkpoint complete: wrote 26 buffers (0.2%); 0 WAL file(s) added, 0 removed, 0 recycled; write=2.908 s, sync=0.011 s, total=2.930 s; sync files=27, longest=0.003 s, average=0.001 s; distance=924 kB, estimate=1010 kB; lsn=1/1EB5FE30, redo lsn=1/1EB5B430"}
