{"ts": "2026-08-12T00:04:42.802391965Z", "container": "prefect-postgres", "msg": "2026-08-12 00:04:42.802 UTC [27] LOG:  checkpoint starting: time"}
{"ts": "2026-08-12T00:04:48.848597210Z", "container": "prefect-postgres", "msg": "2026-08-12 00:04:48.848 UTC [27] LOG:  checkpoint complete: wrote 57 buffers (0.3%); 0 WAL file(s) added, 0 removed, 0 recycled; write=6.018 s, sync=0.016 s, total=6.047 s; sync files=144, longest=0.004 s, average=0.001 s; distance=2920 kB, estimate=2920 kB; lsn=0/BA9E6CE8, redo lsn=0/BA9DED98"}
{"ts": "2026-08-12T00:09:42.947458138Z", "container": "prefect-postgres", "msg": "2026-08-12 00:09:42.947 UTC [27] LOG:  checkpoint starting: time"}
{"ts": "2026-08-12T00:09:47.484678206Z", "container": "prefect-postgres", "msg": "2026-08-12 00:09:47.484 UTC [27] LOG:  checkpoint complete: wrote 44 buffers (0.3%); 0 WAL file(s) added, 0 removed, 0 recycled; write=4.511 s, sync=0.017 s, total=4.538 s; sync files=26, longest=0.003 s, average=0.001 s; distance=1008 kB, estimate=2729 kB; lsn=0/BAAEE9B0, redo lsn=0/BAADB088"}
{"ts": "2026-08-12T00:14:42.580105928Z", "container": "prefect-postgres", "msg": "2026-08-12 00:14:42.579 UTC [27] LOG:  checkpoint starting: time"}
{"ts": "2026-08-12T00:14:47.313208281Z", "container": "prefect-postgres", "msg": "2026-08-12 00:14:47.313 UTC [27] LOG:  checkpoint complete: wrote 46 buffers (0.3%); 0 WAL file(s) added, 0 removed, 0 recycled; write=4.711 s, sync=0.011 s, total=4.734 s; sync files=27, longest=0.003 s, average=0.001 s; distance=995 kB, estimate=2555 kB; lsn=0/BABDDFD8, redo lsn=0/BABD3E48"}
{"ts": "2026-08-12T00:19:42.347814816Z", "container": "prefect-postgres", "msg": "2026-08-12 00:19:42.347 UTC [27] LOG:  checkpoint starting: time"}
{"ts": "2026-08-12T00:19:48.983661510Z", "container": "prefect-postgres", "msg": "2026-08-12 00:19:48.983 UTC [27] LOG:  checkpoint complete: wrote 64 buffers (0.4%); 0 WAL file(s) added, 0 removed, 0 recycled; write=6.615 s, sync=0.011 s, total=6.636 s; sync files=143, longest=0.004 s, average=0.001 s; distance=2987 kB, estimate=2987 kB; lsn=0/BAECD468, redo lsn=0/BAEBED58"}
{"ts": "2026-08-12T00:24:43.083489473Z", "container": "prefect-postgres", "msg": "2026-08-12 00:24:43.083 UTC [27] LOG:  checkpoint starting: time"}
{"ts": "2026-08-12T00:24:46.418057212Z", "container": "prefect-postgres", "msg": "2026-08-12 00:24:46.417 UTC [27] LOG:  checkpoint complete: wrote 33 buffers (0.2%); 0 WAL file(s) added, 0 removed, 0 recycled; write=3.308 s, sync=0.016 s, total=3.335 s; sync files=27, longest=0.003 s, average=0.001 s; distance=998 kB, estimate=2788 kB; lsn=0/BAFC0FC0, redo lsn=0/BAFB8830"}
{"ts": "2026-08-12T00:29:43.515476575Z", "container": "prefect-postgres", "msg": "2026-08-12 00:29:43.515 UTC [27] LOG:  checkpoint starting: time"}
{"ts": "2026-08-12T00:29:48.460654136Z", "container": "prefect-postgres", "msg": "2026-08-12 00:29:48.460 UTC [27] LOG:  checkpoint complete: wrote 47 buffers (0.3%); 0 WAL file(s) added, 0 removed, 1 recycled; write=4.911 s, sync=0.020 s, total=4.946 s; sync files=29, longest=0.004 s, average=0.001 s; distance=1022 kB, estimate=2612 kB; lsn=0/BB0C3870, redo lsn=0/BB0B8388"}
{"ts": "2026-08-12T00:34:43.558763957Z", "container": "prefect-postgres", "msg": "2026-08-12 00:34:43.558 UTC [27] LOG:  checkpoint starting: time"}
{"ts": "2026-08-12T00:34:46.200076241Z", "container": "prefect-postgres", "msg": "2026-08-12 00:34:46.199 UTC [27] LOG:  checkpoint complete: wrote 26 buffers (0.2%); 0 WAL file(s) added, 0 removed, 0 recycled; write=2.609 s, sync=0.020 s, total=2.642 s; sync files=129, longest=0.004 s, average=0.001 s; distance=2443 kB, estimate=2595 kB; lsn=0/BB326AD8, redo lsn=0/BB31B108"}
{"ts": "2026-08-12T00:39:43.299495313Z", "container": "prefect-postgres", "msg": "2026-08-12 00:39:43.299 UTC [27] LOG:  checkpoint starting: time"}
{"ts": "2026-08-12T00:39:48.625829797Z", "container": "prefect-postgres", "msg": "2026-08-12 00:39:48.625 UTC [27] LOG:  checkpoint complete: wrote 51 buffers (0.3%); 0 WAL file(s) added, 0 removed, 0 recycled; write=5.311 s, sync=0.006 s, total=5.327 s; sync files=28, longest=0.004 s, average=0.001 s; distance=991 kB, estimate=2435 kB; lsn=0/BB41F348, redo lsn=0/BB413070"}
{"ts": "2026-08-12T00:44:43.715200949Z", "container": "prefect-postgres", "msg": "2026-08-12 00:44:43.715 UTC [27] LOG:  checkpoint starting: time"}
{"ts": "2026-08-12T00:44:49.656234703Z", "container": "prefect-postgres", "msg": "2026-08-12 00:44:49.656 UTC [27] LOG:  checkpoint complete: wrote 58 buffers (0.4%); 0 WAL file(s) added, 0 removed, 0 recycled; write=5.913 s, sync=0.018 s, total=5.942 s; sync files=28, longest=0.004 s, average=0.001 s; distance=1041 kB, estimate=2295 kB; lsn=0/BB52B848, redo lsn=0/BB5176E0"}
{"ts": "2026-08-12T00:49:43.726139402Z", "container": "prefect-postgres", "msg": "2026-08-12 00:49:43.726 UTC [27] LOG:  checkpoint starting: time"}
{"ts": "2026-08-12T00:49:48.768758135Z", "container": "prefect-postgres", "msg": "2026-08-12 00:49:48.768 UTC [27] LOG:  checkpoint complete: wrote 49 buffers (0.3%); 0 WAL file(s) added, 0 removed, 0 recycled; write=5.018 s, sync=0.012 s, total=5.043 s; sync files=130, longest=0.003 s, average=0.001 s; distance=2408 kB, estimate=2408 kB; lsn=0/BB77A9C0, redo lsn=0/BB7717E0"}
{"ts": "2026-08-12T00:54:43.867457617Z", "container": "prefect-postgres", "msg": "2026-08-12 00:54:43.867 UTC [27] LOG:  checkpoint starting: time"}
{"ts": "2026-08-12T00:54:48.204606568Z", "container": "prefect-postgres", "msg": "2026-08-12 00:54:48.204 UTC [27] LOG:  checkpoint complete: wrote 43 buffers (0.3%); 0 WAL file(s) added, 0 removed, 0 recycled; write=4.312 s, sync=0.013 s, total=4.338 s; sync files=27, longest=0.003 s, average=0.001 s; distance=969 kB, estimate=2264 kB; lsn=0/BB872FB0, redo lsn=0/BB863D90"}
{"ts": "2026-08-12T00:59:43.303496381Z", "container": "prefect-postgres", "msg": "2026-08-12 00:59:43.303 UTC [27] LOG:  checkpoint starting: time"}
{"ts": "2026-08-12T00:59:46.339810170Z", "container": "prefect-postgres", "msg": "2026-08-12 00:59:46.339 UTC [27] LOG:  checkpoint complete: wrote 31 buffers (0.2%); 0 WAL file(s) added, 0 removed, 0 recycled; write=3.010 s, sync=0.014 s, total=3.037 s; sync files=27, longest=0.003 s, average=0.001 s; distance=1046 kB, estimate=2142 kB; lsn=0/BB9749F0, redo lsn=0/BB969920"}
{"ts": "2026-08-12T01:04:43.439484031Z", "container": "prefect-postgres", "msg": "2026-08-12 01:04:43.439 UTC [27] LOG:  checkpoint starting: time"}
{"ts": "2026-08-12T01:04:45.167523029Z", "container": "prefect-postgres", "msg": "2026-08-12 01:04:45.167 UTC [27] LOG:  checkpoint complete: wrote 17 buffers (0.1%); 0 WAL file(s) added, 0 removed, 0 recycled; write=1.707 s, sync=0.010 s, total=1.729 s; sync files=28, longest=0.004 s, average=0.001 s; distance=986 kB, estimate=2027 kB; lsn=0/BBA6FA10, redo lsn=0/BBA60480"}
{"ts": "2026-08-12T01:09:43.267719935Z", "container": "prefect-postgres", "msg": "2026-08-12 01:09:43.267 UTC [27] LOG:  checkpoint starting: time"}
{"ts": "2026-08-12T01:09:50.103091060Z", "container": "prefect-postgres", "msg": "2026-08-12 01:09:50.102 UTC [27] LOG:  checkpoint complete: wrote 67 buffers (0.4%); 0 WAL file(s) added, 0 removed, 0 recycled; write=6.817 s, sync=0.009 s, total=6.836 s; sync files=34, longest=0.003 s, average=0.001 s; distance=1135 kB, estimate=1937 kB; lsn=0/BBB8AA80, redo lsn=0/BBB7C188"}
{"ts": "2026-08-12T01:14:43.199483523Z", "container": "prefect-postgres", "msg": "2026-08-12 01:14:43.199 UTC [27] LOG:  checkpoint starting: time"}
{"ts": "2026-08-12T01:14:48.337650095Z", "container": "prefect-postgres", "msg": "2026-08-12 01:14:48.337 UTC [27] LOG:  checkpoint complete: wrote 46 buffers (0.3%); 0 WAL file(s) added, 0 removed, 0 recycled; write=5.111 s, sync=0.017 s, total=5.139 s; sync files=28, longest=0.002 s, average=0.001 s; distance=1025 kB, estimate=1846 kB; lsn=0/BBC88978, redo lsn=0/BBC7C8E8"}
{"ts": "2026-08-12T01:19:43.437754039Z", "container": "prefect-postgres", "msg": "2026-08-12 01:19:43.437 UTC [27] LOG:  checkpoint starting: time"}
{"ts": "2026-08-12T01:19:48.164804751Z", "container": "prefect-postgres", "msg": "2026-08-12 01:19:48.164 UTC [27] LOG:  checkpoint complete: wrote 38 buffers (0.2%); 0 WAL file(s) added, 0 removed, 0 recycled; write=4.710 s, sync=0.007 s, total=4.728 s; sync files=27, longest=0.003 s, average=0.001 s; distance=1008 kB, estimate=1762 kB; lsn=0/BBD80D78, redo lsn=0/BBD78CE0"}
{"ts": "2026-08-12T01:24:43.264913440Z", "container": "prefect-postgres", "msg": "2026-08-12 01:24:43.264 UTC [27] LOG:  checkpoint starting: time"}
{"ts": "2026-08-12T01:24:48.398959198Z", "container": "prefect-postgres", "msg": "2026-08-12 01:24:48.398 UTC [27] LOG:  checkpoint complete: wrote 48 buffers (0.3%); 0 WAL file(s) added, 0 removed, 0 recycled; write=5.116 s, sync=0.006 s, total=5.135 s; sync files=29, longest=0.003 s, average=0.001 s; distance=1035 kB, estimate=1690 kB; lsn=0/BBE81228, redo lsn=0/BBE7B9E8"}
{"ts": "2026-08-12T01:29:43.495496158Z", "container": "prefect-postgres", "msg": "2026-08-12 01:29:43.495 UTC [27] LOG:  checkpoint starting: time"}
{"ts": "2026-08-12T01:29:49.134430520Z", "container": "prefect-postgres", "msg": "2026-08-12 01:29:49.134 UTC [27] LOG:  checkpoint complete: wrote 55 buffers (0.3%); 0 WAL file(s) added, 0 removed, 0 recycled; write=5.611 s, sync=0.019 s, total=5.639 s; sync files=27, longest=0.003 s, average=0.001 s; distance=997 kB, estimate=1620 kB; lsn=0/BBF839E8, redo lsn=0/BBF75118"}
{"ts": "2026-08-12T01:34:43.231483809Z", "container": "prefect-postgres", "msg": "2026-08-12 01:34:43.231 UTC [27] LOG:  checkpoint starting: time"}
{"ts": "2026-08-12T01:34:46.972244556Z", "container": "prefect-postgres", "msg": "2026-08-12 01:34:46.972 UTC [27] LOG:  checkpoint complete: wrote 34 buffers (0.2%); 0 WAL file(s) added, 0 removed, 1 recycled; write=3.715 s, sync=0.014 s, total=3.741 s; sync files=26, longest=0.004 s, average=0.001 s; distance=992 kB, estimate=1558 kB; lsn=0/BC073470, redo lsn=0/BC06D438"}
{"ts": "2026-08-12T01:39:44.071454033Z", "container": "prefect-postgres", "msg": "2026-08-12 01:39:44.071 UTC [27] LOG:  checkpoint starting: time"}
{"ts": "2026-08-12T01:39:46.805091111Z", "container": "prefect-postgres", "msg": "2026-08-12 01:39:46.804 UTC [27] LOG:  checkpoint complete: wrote 28 buffers (0.2%); 0 WAL file(s) added, 0 removed, 0 recycled; write=2.710 s, sync=0.012 s, total=2.734 s; sync files=28, longest=0.003 s, average=0.001 s; distance=1054 kB, estimate=1507 kB; lsn=0/BC17A080, redo lsn=0/BC174EE0"}
{"ts": "2026-08-12T01:44:44.905222983Z", "container": "prefect-postgres", "msg": "2026-08-12 01:44:44.905 UTC [27] LOG:  checkpoint starting: time"}
{"ts": "2026-08-12T01:44:47.548113285Z", "container": "prefect-postgres", "msg": "2026-08-12 01:44:47.548 UTC [27] LOG:  checkpoint complete: wrote 27 buffers (0.2%); 0 WAL file(s) added, 0 removed, 0 recycled; write=2.612 s, sync=0.019 s, total=2.643 s; sync files=27, longest=0.003 s, average=0.001 s; distance=986 kB, estimate=1455 kB; lsn=0/BC26F698, redo lsn=0/BC26B9E0"}
{"ts": "2026-08-12T01:49:44.647466928Z", "container": "prefect-postgres", "msg": "2026-08-12 01:49:44.647 UTC [27] LOG:  checkpoint starting: time"}
{"ts": "2026-08-12T01:49:47.889212261Z", "container": "prefect-postgres", "msg": "2026-08-12 01:49:47.889 UTC [27] LOG:  checkpoint complete: wrote 28 buffers (0.2%); 0 WAL file(s) added, 0 removed, 0 recycled; write=3.215 s, sync=0.017 s, total=3.242 s; sync files=27, longest=0.004 s, average=0.001 s; distance=1012 kB, estimate=1411 kB; lsn=0/BC36E600, redo lsn=0/BC368A30"}
{"ts": "2026-08-12T01:54:44.987484010Z", "container": "prefect-postgres", "msg": "2026-08-12 01:54:44.987 UTC [27] LOG:  checkpoint starting: time"}
{"ts": "2026-08-12T01:54:48.118301699Z", "container": "prefect-postgres", "msg": "2026-08-12 01:54:48.118 UTC [27] LOG:  checkpoint complete: wrote 32 buffers (0.2%); 0 WAL file(s) added, 0 removed, 0 recycled; write=3.114 s, sync=0.006 s, total=3.131 s; sync files=27, longest=0.002 s, average=0.001 s; distance=1053 kB, estimate=1375 kB; lsn=0/BC479290, redo lsn=0/BC46FF60"}
{"ts": "2026-08-12T01:59:44.215490343Z", "container": "prefect-postgres", "msg": "2026-08-12 01:59:44.215 UTC [27] LOG:  checkpoint starting: time"}
{"ts": "2026-08-12T01:59:49.856547060Z", "container": "prefect-postgres", "msg": "2026-08-12 01:59:49.856 UTC [27] LOG:  checkpoint complete: wrote 54 buffers (0.3%); 0 WAL file(s) added, 0 removed, 0 recycled; write=5.612 s, sync=0.019 s, total=5.642 s; sync files=27, longest=0.004 s, average=0.001 s; distance=1050 kB, estimate=1342 kB; lsn=0/BC57D958, redo lsn=0/BC576918"}
{"ts": "2026-08-12T02:04:44.956619942Z", "container": "prefect-postgres", "msg": "2026-08-12 02:04:44.956 UTC [27] LOG:  checkpoint starting: time"}
{"ts": "2026-08-12T02:04:49.798622967Z", "container": "prefect-postgres", "msg": "2026-08-12 02:04:49.798 UTC [27] LOG:  checkpoint complete: wrote 49 buffers (0.3%); 0 WAL file(s) added, 0 removed, 0 recycled; write=4.817 s, sync=0.015 s, total=4.843 s; sync files=27, longest=0.004 s, average=0.001 s; distance=1011 kB, estimate=1309 kB; lsn=0/BC67A0C8, redo lsn=0/BC6735C0"}
{"ts": "2026-08-12T02:09:44.898742034Z", "container": "prefect-postgres", "msg": "2026-08-12 02:09:44.898 UTC [27] LOG:  checkpoint starting: time"}
{"ts": "2026-08-12T02:09:49.639807125Z", "container": "prefect-postgres", "msg": "2026-08-12 02:09:49.639 UTC [27] LOG:  checkpoint complete: wrote 44 buffers (0.3%); 0 WAL file(s) added, 0 removed, 0 recycled; write=4.714 s, sync=0.019 s, total=4.742 s; sync files=28, longest=0.004 s, average=0.001 s; distance=1042 kB, estimate=1283 kB; lsn=0/BC783520, redo lsn=0/BC777EF8"}
{"ts": "2026-08-12T02:14:44.739495559Z", "container": "prefect-postgres", "msg": "2026-08-12 02:14:44.739 UTC [27] LOG:  checkpoint starting: time"}
{"ts": "2026-08-12T02:14:48.482479198Z", "container": "prefect-postgres", "msg": "2026-08-12 02:14:48.482 UTC [27] LOG:  checkpoint complete: wrote 38 buffers (0.2%); 0 WAL file(s) added, 0 removed, 0 recycled; write=3.714 s, sync=0.017 s, total=3.743 s; sync files=26, longest=0.003 s, average=0.001 s; distance=993 kB, estimate=1254 kB; lsn=0/BC880260, redo lsn=0/BC8703D0"}
{"ts": "2026-08-12T02:19:44.567457180Z", "container": "prefect-postgres", "msg": "2026-08-12 02:19:44.567 UTC [27] LOG:  checkpoint starting: time"}
{"ts": "2026-08-12T02:19:46.899812548Z", "container": "prefect-postgres", "msg": "2026-08-12 02:19:46.899 UTC [27] LOG:  checkpoint complete: wrote 25 buffers (0.2%); 0 WAL file(s) added, 0 removed, 0 recycled; write=2.310 s, sync=0.011 s, total=2.333 s; sync files=27, longest=0.003 s, average=0.001 s; distance=1028 kB, estimate=1231 kB; lsn=0/BC975F50, redo lsn=0/BC9714C8"}
{"ts": "2026-08-12T02:24:44.988787772Z", "container": "prefect-postgres", "msg": "2026-08-12 02:24:44.988 UTC [27] LOG:  checkpoint starting: time"}
{"ts": "2026-08-12T02:24:49.532971343Z", "container": "prefect-postgres", "msg": "2026-08-12 02:24:49.532 UTC [27] LOG:  checkpoint complete: wrote 40 buffers (0.2%); 0 WAL file(s) added, 0 removed, 0 recycled; write=4.516 s, sync=0.016 s, total=4.545 s; sync files=27, longest=0.004 s, average=0.001 s; distance=1042 kB, estimate=1212 kB; lsn=0/BCA7FFE0, redo lsn=0/BCA75F58"}
{"ts": "2026-08-12T02:29:44.631496390Z", "container": "prefect-postgres", "msg": "2026-08-12 02:29:44.631 UTC [27] LOG:  checkpoint starting: time"}
{"ts": "2026-08-12T02:29:47.359231451Z", "container": "prefect-postgres", "msg": "2026-08-12 02:29:47.359 UTC [27] LOG:  checkpoint complete: wrote 28 buffers (0.2%); 0 WAL file(s) added, 0 removed, 0 recycled; write=2.712 s, sync=0.007 s, total=2.728 s; sync files=27, longest=0.003 s, average=0.001 s; distance=986 kB, estimate=1190 kB; lsn=0/BCB7AEB0, redo lsn=0/BCB6CA38"}
{"ts": "2026-08-12T02:34:44.455532182Z", "container": "prefect-postgres", "msg": "2026-08-12 02:34:44.455 UTC [27] LOG:  checkpoint starting: time"}
{"ts": "2026-08-12T02:34:46.383531340Z", "container": "prefect-postgres", "msg": "2026-08-12 02:34:46.383 UTC [27] LOG:  checkpoint complete: wrote 18 buffers (0.1%); 0 WAL file(s) added, 0 removed, 0 recycled; write=1.906 s, sync=0.011 s, total=1.929 s; sync files=28, longest=0.004 s, average=0.001 s; distance=1060 kB, estimate=1177 kB; lsn=0/BCC7B578, redo lsn=0/BCC75D20"}
{"ts": "2026-08-12T02:39:44.483483320Z", "container": "prefect-postgres", "msg": "2026-08-12 02:39:44.483 UTC [27] LOG:  checkpoint starting: time"}
{"ts": "2026-08-12T02:39:47.312342047Z", "container": "prefect-postgres", "msg": "2026-08-12 02:39:47.312 UTC [27] LOG:  checkpoint complete: wrote 29 buffers (0.2%); 0 WAL file(s) added, 0 removed, 0 recycled; write=2.809 s, sync=0.010 s, total=2.829 s; sync files=27, longest=0.002 s, average=0.001 s; distance=996 kB, estimate=1159 kB; lsn=0/BCD75C58, redo lsn=0/BCD6EF38"}
{"ts": "2026-08-12T02:44:44.411520456Z", "container": "prefect-postgres", "msg": "2026-08-12 02:44:44.411 UTC [27] LOG:  checkpoint starting: time"}
{"ts": "2026-08-12T02:44:46.645060431Z", "container": "prefect-postgres", "msg": "2026-08-12 02:44:46.644 UTC [27] LOG:  checkpoint complete: wrote 20 buffers (0.1%); 0 WAL file(s) added, 0 removed, 0 recycled; write=2.208 s, sync=0.017 s, total=2.234 s; sync files=26, longest=0.004 s, average=0.001 s; distance=1042 kB, estimate=1147 kB; lsn=0/BCE77800, redo lsn=0/BCE73998"}
{"ts": "2026-08-12T02:49:44.743490415Z", "container": "prefect-postgres", "msg": "2026-08-12 02:49:44.743 UTC [27] LOG:  checkpoint starting: time"}
{"ts": "2026-08-12T02:49:46.676724556Z", "container": "prefect-postgres", "msg": "2026-08-12 02:49:46.676 UTC [27] LOG:  checkpoint complete: wrote 20 buffers (0.1%); 0 WAL file(s) added, 0 removed, 0 recycled; write=1.908 s, sync=0.015 s, total=1.934 s; sync files=27, longest=0.003 s, average=0.001 s; distance=1054 kB, estimate=1138 kB; lsn=0/BCF84648, redo lsn=0/BCF7B390"}
{"ts": "2026-08-12T02:54:44.776843537Z", "container": "prefect-postgres", "msg": "2026-08-12 02:54:44.776 UTC [27] LOG:  checkpoint starting: time"}
{"ts": "2026-08-12T02:54:48.217786266Z", "container": "prefect-postgres", "msg": "2026-08-12 02:54:48.217 UTC [27] LOG:  checkpoint complete: wrote 33 buffers (0.2%); 0 WAL file(s) added, 0 removed, 1 recycled; write=3.415 s, sync=0.012 s, total=3.441 s; sync files=27, longest=0.002 s, average=0.001 s; distance=1040 kB, estimate=1128 kB; lsn=0/BD086A00, redo lsn=0/BD07F5B8"}
{"ts": "2026-08-12T02:59:44.271491829Z", "container": "prefect-postgres", "msg": "2026-08-12 02:59:44.271 UTC [27] LOG:  checkpoint starting: time"}
{"ts": "2026-08-12T02:59:47.507624200Z", "container": "prefect-postgres", "msg": "2026-08-12 02:59:47.507 UTC [27] LOG:  checkpoint complete: wrote 28 buffers (0.2%); 0 WAL file(s) added, 0 removed, 0 recycled; write=3.209 s, sync=0.017 s, total=3.237 s; sync files=28, longest=0.002 s, average=0.001 s; distance=999 kB, estimate=1115 kB; lsn=0/BD181B78, redo lsn=0/BD179550"}
{"ts": "2026-08-12T03:04:44.602507252Z", "container": "prefect-postgres", "msg": "2026-08-12 03:04:44.602 UTC [27] LOG:  checkpoint starting: time"}
{"ts": "2026-08-12T03:04:49.534171557Z", "container": "prefect-postgres", "msg": "2026-08-12 03:04:49.534 UTC [27] LOG:  checkpoint complete: wrote 50 buffers (0.3%); 0 WAL file(s) added, 0 removed, 0 recycled; write=4.912 s, sync=0.008 s, total=4.932 s; sync files=28, longest=0.003 s, average=0.001 s; distance=995 kB, estimate=1103 kB; lsn=0/BD27B5F8, redo lsn=0/BD272520"}
{"ts": "2026-08-12T03:09:44.631528382Z", "container": "prefect-postgres", "msg": "2026-08-12 03:09:44.631 UTC [27] LOG:  checkpoint starting: time"}
{"ts": "2026-08-12T03:09:48.574108342Z", "container": "prefect-postgres", "msg": "2026-08-12 03:09:48.574 UTC [27] LOG:  checkpoint complete: wrote 39 buffers (0.2%); 0 WAL file(s) added, 0 removed, 0 recycled; write=3.913 s, sync=0.020 s, total=3.943 s; sync files=27, longest=0.004 s, average=0.001 s; distance=1031 kB, estimate=1096 kB; lsn=0/BD382238, redo lsn=0/BD3742C0"}
{"ts": "2026-08-12T03:14:44.670457496Z", "container": "prefect-postgres", "msg": "2026-08-12 03:14:44.670 UTC [27] LOG:  checkpoint starting: time"}
{"ts": "2026-08-12T03:14:49.900760838Z", "container": "prefect-postgres", "msg": "2026-08-12 03:14:49.900 UTC [27] LOG:  checkpoint complete: wrote 46 buffers (0.3%); 0 WAL file(s) added, 0 removed, 0 recycled; write=5.210 s, sync=0.011 s, total=5.231 s; sync files=27, longest=0.004 s, average=0.001 s; distance=995 kB, estimate=1086 kB; lsn=0/BD476210, redo lsn=0/BD46CFA0"}
{"ts": "2026-08-12T03:19:45.000860185Z", "container": "prefect-postgres", "msg": "2026-08-12 03:19:45.000 UTC [27] LOG:  checkpoint starting: time"}
{"ts": "2026-08-12T03:19:47.831904500Z", "container": "prefect-postgres", "msg": "2026-08-12 03:19:47.831 UTC [27] LOG:  checkpoint complete: wrote 28 buffers (0.2%); 0 WAL file(s) added, 0 removed, 0 recycled; write=2.808 s, sync=0.013 s, total=2.832 s; sync files=27, longest=0.004 s, average=0.001 s; distance=1019 kB, estimate=1079 kB; lsn=0/BD576CB0, redo lsn=0/BD56BEA0"}
{"ts": "2026-08-12T03:24:45.931595390Z", "container": "prefect-postgres", "msg": "2026-08-12 03:24:45.931 UTC [27] LOG:  checkpoint starting: time"}
{"ts": "2026-08-12T03:24:51.271831399Z", "container": "prefect-postgres", "msg": "2026-08-12 03:24:51.271 UTC [27] LOG:  checkpoint complete: wrote 52 buffers (0.3%); 0 WAL file(s) added, 0 removed, 0 recycled; write=5.313 s, sync=0.017 s, total=5.341 s; sync files=27, longest=0.003 s, average=0.001 s; distance=1011 kB, estimate=1072 kB; lsn=0/BD6700C0, redo lsn=0/BD668C50"}
{"ts": "2026-08-12T03:29:45.371939559Z", "container": "prefect-postgres", "msg": "2026-08-12 03:29:45.371 UTC [27] LOG:  checkpoint starting: time"}
{"ts": "2026-08-12T03:29:48.010495302Z", "container": "prefect-postgres", "msg": "2026-08-12 03:29:48.010 UTC [27] LOG:  checkpoint complete: wrote 27 buffers (0.2%); 0 WAL file(s) added, 0 removed, 0 recycled; write=2.606 s, sync=0.019 s, total=2.639 s; sync files=28, longest=0.004 s, average=0.001 s; distance=1003 kB, estimate=1065 kB; lsn=0/BD769198, redo lsn=0/BD763BA8"}
{"ts": "2026-08-12T03:34:45.109458808Z", "container": "prefect-postgres", "msg": "2026-08-12 03:34:45.109 UTC [27] LOG:  checkpoint starting: time"}
{"ts": "2026-08-12T03:34:49.646308022Z", "container": "prefect-postgres", "msg": "2026-08-12 03:34:49.646 UTC [27] LOG:  checkpoint complete: wrote 33 buffers (0.2%); 0 WAL file(s) added, 0 removed, 0 recycled; write=4.514 s, sync=0.012 s, total=4.537 s; sync files=27, longest=0.004 s, average=0.001 s; distance=1045 kB, estimate=1063 kB; lsn=0/BD8719E0, redo lsn=0/BD8692F0"}
{"ts": "2026-08-12T03:39:45.743531159Z", "container": "prefect-postgres", "msg": "2026-08-12 03:39:45.743 UTC [27] LOG:  checkpoint starting: time"}
{"ts": "2026-08-12T03:39:51.178578111Z", "container": "prefect-postgres", "msg": "2026-08-12 03:39:51.178 UTC [27] LOG:  checkpoint complete: wrote 48 buffers (0.3%); 0 WAL file(s) added, 0 removed, 0 recycled; write=5.415 s, sync=0.010 s, total=5.436 s; sync files=27, longest=0.004 s, average=0.001 s; distance=977 kB, estimate=1055 kB; lsn=0/BD96AA48, redo lsn=0/BD95D9F0"}
{"ts": "2026-08-12T03:44:45.277604287Z", "container": "prefect-postgres", "msg": "2026-08-12 03:44:45.277 UTC [27] LOG:  checkpoint starting: time"}
{"ts": "2026-08-12T03:44:50.814386706Z", "container": "prefect-postgres", "msg": "2026-08-12 03:44:50.814 UTC [27] LOG:  checkpoint complete: wrote 47 buffers (0.3%); 0 WAL file(s) added, 0 removed, 0 recycled; write=5.512 s, sync=0.013 s, total=5.537 s; sync files=27, longest=0.004 s, average=0.001 s; distance=966 kB, estimate=1046 kB; lsn=0/BDA557E8, redo lsn=0/BDA4F568"}
{"ts": "2026-08-12T03:49:45.911535370Z", "container": "prefect-postgres", "msg": "2026-08-12 03:49:45.911 UTC [27] LOG:  checkpoint starting: time"}
{"ts": "2026-08-12T03:49:48.146025880Z", "container": "prefect-postgres", "msg": "2026-08-12 03:49:48.145 UTC [27] LOG:  checkpoint complete: wrote 17 buffers (0.1%); 0 WAL file(s) added, 0 removed, 0 recycled; write=2.208 s, sync=0.016 s, total=2.235 s; sync files=27, longest=0.003 s, average=0.001 s; distance=1016 kB, estimate=1043 kB; lsn=0/BDB56F48, redo lsn=0/BDB4D758"}
{"ts": "2026-08-12T03:54:45.246155272Z", "container": "prefect-postgres", "msg": "2026-08-12 03:54:45.246 UTC [27] LOG:  checkpoint starting: time"}
{"ts": "2026-08-12T03:54:50.285940709Z", "container": "prefect-postgres", "msg": "2026-08-12 03:54:50.285 UTC [27] LOG:  checkpoint complete: wrote 50 buffers (0.3%); 0 WAL file(s) added, 0 removed, 0 recycled; write=5.016 s, sync=0.012 s, total=5.040 s; sync files=28, longest=0.004 s, average=0.001 s; distance=1043 kB, estimate=1043 kB; lsn=0/BDC57D28, redo lsn=0/BDC52688"}
{"ts": "2026-08-12T03:59:45.385640417Z", "container": "prefect-postgres", "msg": "2026-08-12 03:59:45.385 UTC [27] LOG:  checkpoint starting: time"}
{"ts": "2026-08-12T03:59:49.520686442Z", "container": "prefect-postgres", "msg": "2026-08-12 03:59:49.520 UTC [27] LOG:  checkpoint complete: wrote 42 buffers (0.3%); 0 WAL file(s) added, 0 removed, 0 recycled; write=4.114 s, sync=0.008 s, total=4.136 s; sync files=30, longest=0.003 s, average=0.001 s; distance=1068 kB, estimate=1068 kB; lsn=0/BDD63528, redo lsn=0/BDD5D9F0"}
{"ts": "2026-08-12T04:04:45.619442364Z", "container": "prefect-postgres", "msg": "2026-08-12 04:04:45.619 UTC [27] LOG:  checkpoint starting: time"}
{"ts": "2026-08-12T04:04:49.364797534Z", "container": "prefect-postgres", "msg": "2026-08-12 04:04:49.364 UTC [27] LOG:  checkpoint complete: wrote 33 buffers (0.2%); 0 WAL file(s) added, 0 removed, 1 recycled; write=3.712 s, sync=0.018 s, total=3.746 s; sync files=145, longest=0.003 s, average=0.001 s; distance=3078 kB, estimate=3078 kB; lsn=0/BE068DB8, redo lsn=0/BE05F2B0"}
{"ts": "2026-08-12T04:09:45.464673968Z", "container": "prefect-postgres", "msg": "2026-08-12 04:09:45.464 UTC [27] LOG:  checkpoint starting: time"}
{"ts": "2026-08-12T04:09:48.100953063Z", "container": "prefect-postgres", "msg": "2026-08-12 04:09:48.100 UTC [27] LOG:  checkpoint complete: wrote 27 buffers (0.2%); 0 WAL file(s) added, 0 removed, 0 recycled; write=2.609 s, sync=0.016 s, total=2.637 s; sync files=28, longest=0.002 s, average=0.001 s; distance=1017 kB, estimate=2872 kB; lsn=0/BE163B60, redo lsn=0/BE15D930"}
{"ts": "2026-08-12T04:14:45.199450536Z", "container": "prefect-postgres", "msg": "2026-08-12 04:14:45.199 UTC [27] LOG:  checkpoint starting: time"}
{"ts": "2026-08-12T04:14:49.936177534Z", "container": "prefect-postgres", "msg": "2026-08-12 04:14:49.936 UTC [27] LOG:  checkpoint complete: wrote 42 buffers (0.3%); 0 WAL file(s) added, 0 removed, 0 recycled; write=4.714 s, sync=0.014 s, total=4.737 s; sync files=26, longest=0.004 s, average=0.001 s; distance=1003 kB, estimate=2685 kB; lsn=0/BE2659F0, redo lsn=0/BE258818"}
{"ts": "2026-08-12T04:19:46.035503307Z", "container": "prefect-postgres", "msg": "2026-08-12 04:19:46.035 UTC [27] LOG:  checkpoint starting: time"}
{"ts": "2026-08-12T04:19:51.767281889Z", "container": "prefect-postgres", "msg": "2026-08-12 04:19:51.767 UTC [27] LOG:  checkpoint complete: wrote 58 buffers (0.4%); 0 WAL file(s) added, 0 removed, 0 recycled; write=5.714 s, sync=0.005 s, total=5.732 s; sync files=139, longest=0.003 s, average=0.001 s; distance=2948 kB, estimate=2948 kB; lsn=0/BE5438B8, redo lsn=0/BE539BF0"}
{"ts": "2026-08-12T04:24:46.867409945Z", "container": "prefect-postgres", "msg": "2026-08-12 04:24:46.867 UTC [27] LOG:  checkpoint starting: time"}
{"ts": "2026-08-12T04:24:51.007993194Z", "container": "prefect-postgres", "msg": "2026-08-12 04:24:51.007 UTC [27] LOG:  checkpoint complete: wrote 40 buffers (0.2%); 0 WAL file(s) added, 0 removed, 0 recycled; write=4.116 s, sync=0.012 s, total=4.141 s; sync files=30, longest=0.003 s, average=0.001 s; distance=1063 kB, estimate=2760 kB; lsn=0/BE64B280, redo lsn=0/BE6439A0"}
{"ts": "2026-08-12T04:29:46.107482218Z", "container": "prefect-postgres", "msg": "2026-08-12 04:29:46.107 UTC [27] LOG:  checkpoint starting: time"}
{"ts": "2026-08-12T04:29:48.937733070Z", "container": "prefect-postgres", "msg": "2026-08-12 04:29:48.937 UTC [27] LOG:  checkpoint complete: wrote 29 buffers (0.2%); 0 WAL file(s) added, 0 removed, 0 recycled; write=2.808 s, sync=0.012 s, total=2.831 s; sync files=27, longest=0.003 s, average=0.001 s; distance=972 kB, estimate=2581 kB; lsn=0/BE73FA20, redo lsn=0/BE736D30"}
{"ts": "2026-08-12T04:34:47.035579872Z", "container": "prefect-postgres", "msg": "2026-08-12 04:34:47.035 UTC [27] LOG:  checkpoint starting: time"}
{"ts": "2026-08-12T04:34:51.874414795Z", "container": "prefect-postgres", "msg": "2026-08-12 04:34:51.874 UTC [27] LOG:  checkpoint complete: wrote 43 buffers (0.3%); 0 WAL file(s) added, 0 removed, 0 recycled; write=4.810 s, sync=0.016 s, total=4.839 s; sync files=140, longest=0.004 s, average=0.001 s; distance=2991 kB, estimate=2991 kB; lsn=0/BEA31E70, redo lsn=0/BEA22CD0"}
{"ts": "2026-08-12T04:39:47.973975777Z", "container": "prefect-postgres", "msg": "2026-08-12 04:39:47.973 UTC [27] LOG:  checkpoint starting: time"}
{"ts": "2026-08-12T04:39:54.216371722Z", "container": "prefect-postgres", "msg": "2026-08-12 04:39:54.216 UTC [27] LOG:  checkpoint complete: wrote 56 buffers (0.3%); 0 WAL file(s) added, 0 removed, 0 recycled; write=6.212 s, sync=0.019 s, total=6.243 s; sync files=27, longest=0.003 s, average=0.001 s; distance=1036 kB, estimate=2796 kB; lsn=0/BEB32850, redo lsn=0/BEB25F80"}
{"ts": "2026-08-12T04:44:47.315477069Z", "container": "prefect-postgres", "msg": "2026-08-12 04:44:47.315 UTC [27] LOG:  checkpoint starting: time"}
{"ts": "2026-08-12T04:44:51.550927700Z", "container": "prefect-postgres", "msg": "2026-08-12 04:44:51.550 UTC [27] LOG:  checkpoint complete: wrote 37 buffers (0.2%); 0 WAL file(s) added, 0 removed, 0 recycled; write=4.215 s, sync=0.011 s, total=4.236 s; sync files=26, longest=0.004 s, average=0.001 s; distance=1006 kB, estimate=2617 kB; lsn=0/BEC2BC60, redo lsn=0/BEC21790"}
{"ts": "2026-08-12T04:49:47.650165358Z", "container": "prefect-postgres", "msg": "2026-08-12 04:49:47.650 UTC [27] LOG:  checkpoint starting: time"}
{"ts": "2026-08-12T04:49:52.982181806Z", "container": "prefect-postgres", "msg": "2026-08-12 04:49:52.982 UTC [27] LOG:  checkpoint complete: wrote 55 buffers (0.3%); 0 WAL file(s) added, 0 removed, 0 recycled; write=5.315 s, sync=0.007 s, total=5.333 s; sync files=138, longest=0.003 s, average=0.001 s; distance=2828 kB, estimate=2828 kB; lsn=0/BEEEE800, redo lsn=0/BEEE4AC0"}
{"ts": "2026-08-12T04:54:48.067699273Z", "container": "prefect-postgres", "msg": "2026-08-12 04:54:48.067 UTC [27] LOG:  checkpoint starting: time"}
{"ts": "2026-08-12T04:54:50.909726318Z", "container": "prefect-postgres", "msg": "2026-08-12 04:54:50.909 UTC [27] LOG:  checkpoint complete: wrote 27 buffers (0.2%); 0 WAL file(s) added, 0 removed, 0 recycled; write=2.814 s, sync=0.018 s, total=2.843 s; sync files=29, longest=0.004 s, average=0.001 s; distance=1042 kB, estimate=2650 kB; lsn=0/BEFEDF08, redo lsn=0/BEFE9520"}
{"ts": "2026-08-12T04:59:48.990755308Z", "container": "prefect-postgres", "msg": "2026-08-12 04:59:48.990 UTC [27] LOG:  checkpoint starting: time"}
{"ts": "2026-08-12T04:59:54.135534892Z", "container": "prefect-postgres", "msg": "2026-08-12 04:59:54.135 UTC [27] LOG:  checkpoint complete: wrote 52 buffers (0.3%); 0 WAL file(s) added, 0 removed, 1 recycled; write=5.114 s, sync=0.015 s, total=5.145 s; sync files=27, longest=0.003 s, average=0.001 s; distance=993 kB, estimate=2484 kB; lsn=0/BF0ED100, redo lsn=0/BF0E19F0"}
{"ts": "2026-08-12T05:04:48.235504993Z", "container": "prefect-postgres", "msg": "2026-08-12 05:04:48.235 UTC [27] LOG:  checkpoint starting: time"}
{"ts": "2026-08-12T05:04:54.375977489Z", "container": "prefect-postgres", "msg": "2026-08-12 05:04:54.375 UTC [27] LOG:  checkpoint complete: wrote 60 buffers (0.4%); 0 WAL file(s) added, 0 removed, 0 recycled; write=6.118 s, sync=0.013 s, total=6.141 s; sync files=97, longest=0.003 s, average=0.001 s; distance=1867 kB, estimate=2422 kB; lsn=0/BF2C8408, redo lsn=0/BF2B4618"}
{"ts": "2026-08-12T05:09:48.475428457Z", "container": "prefect-postgres", "msg": "2026-08-12 05:09:48.475 UTC [27] LOG:  checkpoint starting: time"}
{"ts": "2026-08-12T05:09:54.711430035Z", "container": "prefect-postgres", "msg": "2026-08-12 05:09:54.711 UTC [27] LOG:  checkpoint complete: wrote 58 buffers (0.4%); 0 WAL file(s) added, 0 removed, 0 recycled; write=6.212 s, sync=0.014 s, total=6.236 s; sync files=27, longest=0.003 s, average=0.001 s; distance=1020 kB, estimate=2282 kB; lsn=0/BF3C1FF8, redo lsn=0/BF3B3698"}
{"ts": "2026-08-12T05:14:48.811491579Z", "container": "prefect-postgres", "msg": "2026-08-12 05:14:48.811 UTC [27] LOG:  checkpoint starting: time"}
{"ts": "2026-08-12T05:14:51.740207176Z", "container": "prefect-postgres", "msg": "2026-08-12 05:14:51.740 UTC [27] LOG:  checkpoint complete: wrote 24 buffers (0.1%); 0 WAL file(s) added, 0 removed, 0 recycled; write=2.912 s, sync=0.005 s, total=2.929 s; sync files=27, longest=0.003 s, average=0.001 s; distance=1000 kB, estimate=2154 kB; lsn=0/BF4B2678, redo lsn=0/BF4AD730"}
{"ts": "2026-08-12T05:19:48.839488050Z", "container": "prefect-postgres", "msg": "2026-08-12 05:19:48.839 UTC [27] LOG:  checkpoint starting: time"}
{"ts": "2026-08-12T05:19:52.871595672Z", "container": "prefect-postgres", "msg": "2026-08-12 05:19:52.871 UTC [27] LOG:  checkpoint complete: wrote 41 buffers (0.3%); 0 WAL file(s) added, 0 removed, 0 recycled; write=4.014 s, sync=0.007 s, total=4.033 s; sync files=28, longest=0.003 s, average=0.001 s; distance=1040 kB, estimate=2042 kB; lsn=0/BF5B5308, redo lsn=0/BF5B1800"}
{"ts": "2026-08-12T05:24:48.930348951Z", "container": "prefect-postgres", "msg": "2026-08-12 05:24:48.930 UTC [27] LOG:  checkpoint starting: time"}
{"ts": "2026-08-12T05:24:54.667249934Z", "container": "prefect-postgres", "msg": "2026-08-12 05:24:54.667 UTC [27] LOG:  checkpoint complete: wrote 55 buffers (0.3%); 0 WAL file(s) added, 0 removed, 0 recycled; write=5.718 s, sync=0.008 s, total=5.737 s; sync files=91, longest=0.002 s, average=0.001 s; distance=1807 kB, estimate=2019 kB; lsn=0/BF785450, redo lsn=0/BF7756B8"}
{"ts": "2026-08-12T05:29:48.763452977Z", "container": "prefect-postgres", "msg": "2026-08-12 05:29:48.763 UTC [27] LOG:  checkpoint starting: time"}
{"ts": "2026-08-12T05:29:51.901536997Z", "container": "prefect-postgres", "msg": "2026-08-12 05:29:51.901 UTC [27] LOG:  checkpoint complete: wrote 31 buffers (0.2%); 0 WAL file(s) added, 0 removed, 0 recycled; write=3.109 s, sync=0.018 s, total=3.139 s; sync files=27, longest=0.004 s, average=0.001 s; distance=1031 kB, estimate=1920 kB; lsn=0/BF883B78, redo lsn=0/BF877448"}
{"ts": "2026-08-12T05:34:48.999586463Z", "container": "prefect-postgres", "msg": "2026-08-12 05:34:48.999 UTC [27] LOG:  checkpoint starting: time"}
{"ts": "2026-08-12T05:34:52.131174693Z", "container": "prefect-postgres", "msg": "2026-08-12 05:34:52.131 UTC [27] LOG:  checkpoint complete: wrote 29 buffers (0.2%); 0 WAL file(s) added, 0 removed, 0 recycled; write=3.111 s, sync=0.011 s, total=3.132 s; sync files=27, longest=0.004 s, average=0.001 s; distance=1041 kB, estimate=1832 kB; lsn=0/BF980248, redo lsn=0/BF97BC20"}
{"ts": "2026-08-12T05:39:48.227470276Z", "container": "prefect-postgres", "msg": "2026-08-12 05:39:48.227 UTC [27] LOG:  checkpoint starting: time"}
{"ts": "2026-08-12T05:39:51.661755966Z", "container": "prefect-postgres", "msg": "2026-08-12 05:39:51.661 UTC [27] LOG:  checkpoint complete: wrote 35 buffers (0.2%); 0 WAL file(s) added, 0 removed, 0 recycled; write=3.414 s, sync=0.009 s, total=3.435 s; sync files=27, longest=0.003 s, average=0.001 s; distance=984 kB, estimate=1747 kB; lsn=0/BFA7B748, redo lsn=0/BFA71DE0"}
{"ts": "2026-08-12T05:44:48.761747606Z", "container": "prefect-postgres", "msg": "2026-08-12 05:44:48.761 UTC [27] LOG:  checkpoint starting: time"}
{"ts": "2026-08-12T05:44:52.903982158Z", "container": "prefect-postgres", "msg": "2026-08-12 05:44:52.903 UTC [27] LOG:  checkpoint complete: wrote 42 buffers (0.3%); 0 WAL file(s) added, 0 removed, 0 recycled; write=4.112 s, sync=0.019 s, total=4.143 s; sync files=27, longest=0.004 s, average=0.001 s; distance=1045 kB, estimate=1677 kB; lsn=0/BFB870A8, redo lsn=0/BFB771F8"}
{"ts": "2026-08-12T05:49:49.003477823Z", "container": "prefect-postgres", "msg": "2026-08-12 05:49:49.003 UTC [27] LOG:  checkpoint starting: time"}
{"ts": "2026-08-12T05:49:51.239928510Z", "container": "prefect-postgres", "msg": "2026-08-12 05:49:51.239 UTC [27] LOG:  checkpoint complete: wrote 23 buffers (0.1%); 0 WAL file(s) added, 0 removed, 0 recycled; write=2.214 s, sync=0.010 s, total=2.237 s; sync files=27, longest=0.004 s, average=0.001 s; distance=1012 kB, estimate=1611 kB; lsn=0/BFC77070, redo lsn=0/BFC74298"}
{"ts": "2026-08-12T05:54:49.340081549Z", "container": "prefect-postgres", "msg": "2026-08-12 05:54:49.339 UTC [27] LOG:  checkpoint starting: time"}
{"ts": "2026-08-12T05:54:53.374163315Z", "container": "prefect-postgres", "msg": "2026-08-12 05:54:53.374 UTC [27] LOG:  checkpoint complete: wrote 36 buffers (0.2%); 0 WAL file(s) added, 0 removed, 0 recycled; write=4.008 s, sync=0.019 s, total=4.035 s; sync files=27, longest=0.005 s, average=0.001 s; distance=1017 kB, estimate=1551 kB; lsn=0/BFD809D0, redo lsn=0/BFD727F0"}
{"ts": "2026-08-12T05:59:49.471451904Z", "container": "prefect-postgres", "msg": "2026-08-12 05:59:49.471 UTC [27] LOG:  checkpoint starting: time"}
{"ts": "2026-08-12T05:59:54.911838469Z", "container": "prefect-postgres", "msg": "2026-08-12 05:59:54.911 UTC [27] LOG:  checkpoint complete: wrote 49 buffers (0.3%); 0 WAL file(s) added, 0 removed, 0 recycled; write=5.414 s, sync=0.014 s, total=5.441 s; sync files=27, longest=0.003 s, average=0.001 s; distance=1022 kB, estimate=1498 kB; lsn=0/BFE79F68, redo lsn=0/BFE72170"}
{"ts": "2026-08-12T06:04:50.011471238Z", "container": "prefect-postgres", "msg": "2026-08-12 06:04:50.011 UTC [27] LOG:  checkpoint starting: time"}
{"ts": "2026-08-12T06:04:54.751046028Z", "container": "prefect-postgres", "msg": "2026-08-12 06:04:54.750 UTC [27] LOG:  checkpoint complete: wrote 46 buffers (0.3%); 0 WAL file(s) added, 0 removed, 0 recycled; write=4.717 s, sync=0.012 s, total=4.740 s; sync files=27, longest=0.003 s, average=0.001 s; distance=1011 kB, estimate=1449 kB; lsn=0/BFF81588, redo lsn=0/BFF6EDF8"}
{"ts": "2026-08-12T06:09:50.847499788Z", "container": "prefect-postgres", "msg": "2026-08-12 06:09:50.847 UTC [27] LOG:  checkpoint starting: time"}
{"ts": "2026-08-12T06:09:55.788385458Z", "container": "prefect-postgres", "msg": "2026-08-12 06:09:55.788 UTC [27] LOG:  checkpoint complete: wrote 39 buffers (0.2%); 0 WAL file(s) added, 0 removed, 1 recycled; write=4.910 s, sync=0.018 s, total=4.941 s; sync files=27, longest=0.004 s, average=0.001 s; distance=1042 kB, estimate=1409 kB; lsn=0/C0080FA0, redo lsn=0/C0073698"}
{"ts": "2026-08-12T06:14:50.877972482Z", "container": "prefect-postgres", "msg": "2026-08-12 06:14:50.877 UTC [27] LOG:  checkpoint starting: time"}
{"ts": "2026-08-12T06:14:56.106768653Z", "container": "prefect-postgres", "msg": "2026-08-12 06:14:56.106 UTC [27] LOG:  checkpoint complete: wrote 52 buffers (0.3%); 0 WAL file(s) added, 0 removed, 0 recycled; write=5.210 s, sync=0.008 s, total=5.229 s; sync files=26, longest=0.003 s, average=0.001 s; distance=1007 kB, estimate=1369 kB; lsn=0/C017D5F8, redo lsn=0/C016F490"}
{"ts": "2026-08-12T06:19:50.203459863Z", "container": "prefect-postgres", "msg": "2026-08-12 06:19:50.203 UTC [27] LOG:  checkpoint starting: time"}
{"ts": "2026-08-12T06:19:53.239526694Z", "container": "prefect-postgres", "msg": "2026-08-12 06:19:53.239 UTC [27] LOG:  checkpoint complete: wrote 29 buffers (0.2%); 0 WAL file(s) added, 0 removed, 0 recycled; write=3.013 s, sync=0.012 s, total=3.037 s; sync files=27, longest=0.003 s, average=0.001 s; distance=1064 kB, estimate=1338 kB; lsn=0/C027DE80, redo lsn=0/C0279718"}
{"ts": "2026-08-12T06:24:30.311512806Z", "container": "prefect-postgres", "msg": "2026-08-12 06:24:30.311 UTC [103186] ERROR:  duplicate key value violates unique constraint \"uq_work_queue__work_pool_id_name\""}
{"ts": "2026-08-12T06:24:30.311539937Z", "container": "prefect-postgres", "msg": "2026-08-12 06:24:30.311 UTC [103186] DETAIL:  Key (work_pool_id, name)=(39ec39e1-9474-4f11-8d83-5fab43991140, default) already exists."}
{"ts": "2026-08-12T06:24:30.311544837Z", "container": "prefect-postgres", "msg": "2026-08-12 06:24:30.311 UTC [103186] STATEMENT:  INSERT INTO work_queue (name, filter, description, is_paused, concurrency_limit, priority, last_polled, status, work_pool_id, id, created, updated) VALUES ($1::VARCHAR, $2, $3::VARCHAR, $4::BOOLEAN, $5::INTEGER, $6::INTEGER, $7::TIMESTAMP WITH TIME ZONE, $8::work_queue_status, $9::UUID, $10::UUID, $11::TIMESTAMP WITH TIME ZONE, $12::TIMESTAMP WITH TIME ZONE)"}
{"ts": "2026-08-12T06:24:31.520836042Z", "container": "prefect-postgres", "msg": "2026-08-12 06:24:31.520 UTC [103186] ERROR:  duplicate key value violates unique constraint \"uq_work_queue__work_pool_id_name\""}
{"ts": "2026-08-12T06:24:31.520861342Z", "container": "prefect-postgres", "msg": "2026-08-12 06:24:31.520 UTC [103186] DETAIL:  Key (work_pool_id, name)=(39ec39e1-9474-4f11-8d83-5fab43991140, features) already exists."}
{"ts": "2026-08-12T06:24:31.520865272Z", "container": "prefect-postgres", "msg": "2026-08-12 06:24:31.520 UTC [103186] STATEMENT:  INSERT INTO work_queue (name, filter, description, is_paused, concurrency_limit, priority, last_polled, status, work_pool_id, id, created, updated) VALUES ($1::VARCHAR, $2, $3::VARCHAR, $4::BOOLEAN, $5::INTEGER, $6::INTEGER, $7::TIMESTAMP WITH TIME ZONE, $8::work_queue_status, $9::UUID, $10::UUID, $11::TIMESTAMP WITH TIME ZONE, $12::TIMESTAMP WITH TIME ZONE)"}
{"ts": "2026-08-12T06:24:32.734156139Z", "container": "prefect-postgres", "msg": "2026-08-12 06:24:32.734 UTC [103186] ERROR:  duplicate key value violates unique constraint \"uq_work_queue__work_pool_id_name\""}
{"ts": "2026-08-12T06:24:32.734190120Z", "container": "prefect-postgres", "msg": "2026-08-12 06:24:32.734 UTC [103186] DETAIL:  Key (work_pool_id, name)=(39ec39e1-9474-4f11-8d83-5fab43991140, training) already exists."}
{"ts": "2026-08-12T06:24:32.734194190Z", "container": "prefect-postgres", "msg": "2026-08-12 06:24:32.734 UTC [103186] STATEMENT:  INSERT INTO work_queue (name, filter, description, is_paused, concurrency_limit, priority, last_polled, status, work_pool_id, id, created, updated) VALUES ($1::VARCHAR, $2, $3::VARCHAR, $4::BOOLEAN, $5::INTEGER, $6::INTEGER, $7::TIMESTAMP WITH TIME ZONE, $8::work_queue_status, $9::UUID, $10::UUID, $11::TIMESTAMP WITH TIME ZONE, $12::TIMESTAMP WITH TIME ZONE)"}
{"ts": "2026-08-12T06:24:50.339512488Z", "container": "prefect-postgres", "msg": "2026-08-12 06:24:50.339 UTC [27] LOG:  checkpoint starting: time"}
{"ts": "2026-08-12T06:25:03.683456151Z", "container": "prefect-postgres", "msg": "2026-08-12 06:25:03.683 UTC [27] LOG:  checkpoint complete: wrote 109 buffers (0.7%); 0 WAL file(s) added, 0 removed, 0 recycled; write=13.324 s, sync=0.016 s, total=13.344 s; sync files=101, longest=0.002 s, average=0.001 s; distance=1532 kB, estimate=1532 kB; lsn=0/C0409860, redo lsn=0/C03F8A68"}
{"ts": "2026-08-12T06:29:50.783494312Z", "container": "prefect-postgres", "msg": "2026-08-12 06:29:50.783 UTC [27] LOG:  checkpoint starting: time"}
{"ts": "2026-08-12T06:29:53.516259914Z", "container": "prefect-postgres", "msg": "2026-08-12 06:29:53.516 UTC [27] LOG:  checkpoint complete: wrote 27 buffers (0.2%); 0 WAL file(s) added, 0 removed, 0 recycled; write=2.712 s, sync=0.010 s, total=2.733 s; sync files=41, longest=0.004 s, average=0.001 s; distance=1285 kB, estimate=1508 kB; lsn=0/C053DA18, redo lsn=0/C053A188"}
{"ts": "2026-08-12T06:34:50.616113110Z", "container": "prefect-postgres", "msg": "2026-08-12 06:34:50.615 UTC [27] LOG:  checkpoint starting: time"}
{"ts": "2026-08-12T06:34:55.858109563Z", "container": "prefect-postgres", "msg": "2026-08-12 06:34:55.857 UTC [27] LOG:  checkpoint complete: wrote 43 buffers (0.3%); 0 WAL file(s) added, 0 removed, 0 recycled; write=5.216 s, sync=0.016 s, total=5.243 s; sync files=27, longest=0.003 s, average=0.001 s; distance=1065 kB, estimate=1463 kB; lsn=0/C06500E8, redo lsn=0/C06447C0"}
{"ts": "2026-08-12T06:36:46.920973351Z", "container": "prefect-postgres", "msg": "2026-08-12 06:36:46.920 UTC [104490] ERROR:  duplicate key value violates unique constraint \"pk_task_run\""}
{"ts": "2026-08-12T06:36:46.920999611Z", "container": "prefect-postgres", "msg": "2026-08-12 06:36:46.920 UTC [104490] DETAIL:  Key (id)=(019ff4b0-0f88-754a-802c-cd3e708580ff) already exists."}
{"ts": "2026-08-12T06:36:46.921024222Z", "container": "prefect-postgres", "msg": "2026-08-12 06:36:46.920 UTC [104490] STATEMENT:  INSERT INTO task_run (flow_run_id, task_key, dynamic_key, flow_run_run_count, empirical_policy, task_inputs, tags, labels, state_id, name, state_type, state_name, state_timestamp, run_count, expected_start_time, total_run_time, id, created, updated) VALUES ($1::UUID, $2::VARCHAR, $3::VARCHAR, $4::INTEGER, $5, $6, $7::JSONB, $8::JSONB, $9::UUID, $10::VARCHAR, $11::state_type, $12::VARCHAR, $13::TIMESTAMP WITH TIME ZONE, $14::INTEGER, $15::TIMESTAMP WITH TIME ZONE, $16::INTERVAL, $17::UUID, $18::TIMESTAMP WITH TIME ZONE, $19::TIMESTAMP WITH TIME ZONE) ON CONFLICT (flow_run_id, task_key, dynamic_key) DO UPDATE SET flow_run_id = excluded.flow_run_id, task_key = excluded.task_key, dynamic_key = excluded.dynamic_key, flow_run_run_count = excluded.flow_run_run_count, empirical_policy = excluded.empirical_policy, task_inputs = excluded.task_inputs, tags = excluded.tags, labels = excluded.labels, state_id = excluded.state_id, name = excluded.name, state_type = excluded.state_type, state_name = excluded.state_name, state_timestamp = excluded.state_timestamp, run_count = excluded.run_count, expected_start_time = excluded.expected_start_time, total_run_time = excluded.total_run_time, updated = excluded.updated WHERE task_run.state_timestamp < excluded.state_timestamp"}
{"ts": "2026-08-12T06:39:50.947793176Z", "container": "prefect-postgres", "msg": "2026-08-12 06:39:50.947 UTC [27] LOG:  checkpoint starting: time"}
{"ts": "2026-08-12T06:39:53.863259265Z", "container": "prefect-postgres", "msg": "2026-08-12 06:39:53.863 UTC [27] LOG:  checkpoint complete: wrote 24 buffers (0.1%); 0 WAL file(s) added, 0 removed, 0 recycled; write=2.908 s, sync=0.004 s, total=2.916 s; sync files=135, longest=0.002 s, average=0.001 s; distance=2920 kB, estimate=2920 kB; lsn=0/C092DF38, redo lsn=0/C091EBB8"}
{"ts": "2026-08-12T06:44:50.959473053Z", "container": "prefect-postgres", "msg": "2026-08-12 06:44:50.959 UTC [27] LOG:  checkpoint starting: time"}
{"ts": "2026-08-12T06:44:53.873338105Z", "container": "prefect-postgres", "msg": "2026-08-12 06:44:53.873 UTC [27] LOG:  checkpoint complete: wrote 30 buffers (0.2%); 0 WAL file(s) added, 0 removed, 0 recycled; write=2.906 s, sync=0.004 s, total=2.914 s; sync files=126, longest=0.002 s, average=0.001 s; distance=2307 kB, estimate=2859 kB; lsn=0/C0B67A90, redo lsn=0/C0B5FB98"}
{"ts": "2026-08-12T06:45:56.622983683Z", "container": "prefect-postgres", "msg": "2026-08-12 06:45:56.622 UTC [1] LOG:  received fast shutdown request"}
{"ts": "2026-08-12T06:45:56.624255493Z", "container": "prefect-postgres", "msg": "2026-08-12 06:45:56.624 UTC [1] LOG:  aborting any active transactions"}
{"ts": "2026-08-12T06:45:56.625684184Z", "container": "prefect-postgres", "msg": "2026-08-12 06:45:56.624 UTC [104970] FATAL:  terminating connection due to administrator command"}
{"ts": "2026-08-12T06:45:56.625693715Z", "container": "prefect-postgres", "msg": "2026-08-12 06:45:56.624 UTC [104968] FATAL:  terminating connection due to administrator command"}
{"ts": "2026-08-12T06:45:56.625697565Z", "container": "prefect-postgres", "msg": "2026-08-12 06:45:56.624 UTC [104967] FATAL:  terminating connection due to administrator command"}
{"ts": "2026-08-12T06:45:56.625700915Z", "container": "prefect-postgres", "msg": "2026-08-12 06:45:56.624 UTC [104965] FATAL:  terminating connection due to administrator command"}
{"ts": "2026-08-12T06:45:56.625704095Z", "container": "prefect-postgres", "msg": "2026-08-12 06:45:56.624 UTC [104964] FATAL:  terminating connection due to administrator command"}
{"ts": "2026-08-12T06:45:56.626914734Z", "container": "prefect-postgres", "msg": "2026-08-12 06:45:56.626 UTC [1] LOG:  background worker \"logical replication launcher\" (PID 32) exited with exit code 1"}
{"ts": "2026-08-12T06:45:56.631116018Z", "container": "prefect-postgres", "msg": "2026-08-12 06:45:56.631 UTC [27] LOG:  shutting down"}
{"ts": "2026-08-12T06:45:56.632249937Z", "container": "prefect-postgres", "msg": "2026-08-12 06:45:56.632 UTC [27] LOG:  checkpoint starting: shutdown immediate"}
{"ts": "2026-08-12T06:45:56.639472515Z", "container": "prefect-postgres", "msg": "2026-08-12 06:45:56.639 UTC [27] LOG:  checkpoint complete: wrote 48 buffers (0.3%); 0 WAL file(s) added, 0 removed, 0 recycled; write=0.002 s, sync=0.002 s, total=0.009 s; sync files=40, longest=0.001 s, average=0.001 s; distance=412 kB, estimate=2614 kB; lsn=0/C0BC6EC0, redo lsn=0/C0BC6EC0"}
{"ts": "2026-08-12T06:45:56.668402157Z", "container": "prefect-postgres", "msg": "2026-08-12 06:45:56.668 UTC [1] LOG:  database system is shut down"}
{"ts": "2026-08-12T06:48:33.195931257Z", "container": "prefect-postgres", "msg": ""}
{"ts": "2026-08-12T06:48:33.195953887Z", "container": "prefect-postgres", "msg": "PostgreSQL Database directory appears to contain a database; Skipping initialization"}
{"ts": "2026-08-12T06:48:33.195957767Z", "container": "prefect-postgres", "msg": ""}
{"ts": "2026-08-12T06:48:33.234824789Z", "container": "prefect-postgres", "msg": "2026-08-12 06:48:33.234 UTC [1] LOG:  starting PostgreSQL 16.14 on x86_64-pc-linux-musl, compiled by gcc (Alpine 15.2.0) 15.2.0, 64-bit"}
{"ts": "2026-08-12T06:48:33.234860229Z", "container": "prefect-postgres", "msg": "2026-08-12 06:48:33.234 UTC [1] LOG:  listening on IPv4 address \"0.0.0.0\", port 5432"}
{"ts": "2026-08-12T06:48:33.234878599Z", "container": "prefect-postgres", "msg": "2026-08-12 06:48:33.234 UTC [1] LOG:  listening on IPv6 address \"::\", port 5432"}
{"ts": "2026-08-12T06:48:33.241503602Z", "container": "prefect-postgres", "msg": "2026-08-12 06:48:33.241 UTC [1] LOG:  listening on Unix socket \"/var/run/postgresql/.s.PGSQL.5432\""}
{"ts": "2026-08-12T06:48:33.253558729Z", "container": "prefect-postgres", "msg": "2026-08-12 06:48:33.253 UTC [29] LOG:  database system was shut down at 2026-08-12 06:45:56 UTC"}
{"ts": "2026-08-12T06:48:33.263009635Z", "container": "prefect-postgres", "msg": "2026-08-12 06:48:33.262 UTC [1] LOG:  database system is ready to accept connections"}
{"ts": "2026-08-12T06:48:48.802435877Z", "container": "prefect-postgres", "msg": "2026-08-12 06:48:48.802 UTC [71] ERROR:  duplicate key value violates unique constraint \"uq_work_queue__work_pool_id_name\""}
{"ts": "2026-08-12T06:48:48.802468757Z", "container": "prefect-postgres", "msg": "2026-08-12 06:48:48.802 UTC [71] DETAIL:  Key (work_pool_id, name)=(39ec39e1-9474-4f11-8d83-5fab43991140, default) already exists."}
{"ts": "2026-08-12T06:48:48.802473097Z", "container": "prefect-postgres", "msg": "2026-08-12 06:48:48.802 UTC [71] STATEMENT:  INSERT INTO work_queue (name, filter, description, is_paused, concurrency_limit, priority, last_polled, status, work_pool_id, id, created, updated) VALUES ($1::VARCHAR, $2, $3::VARCHAR, $4::BOOLEAN, $5::INTEGER, $6::INTEGER, $7::TIMESTAMP WITH TIME ZONE, $8::work_queue_status, $9::UUID, $10::UUID, $11::TIMESTAMP WITH TIME ZONE, $12::TIMESTAMP WITH TIME ZONE)"}
{"ts": "2026-08-12T06:48:49.849156610Z", "container": "prefect-postgres", "msg": "2026-08-12 06:48:49.849 UTC [71] ERROR:  duplicate key value violates unique constraint \"uq_work_queue__work_pool_id_name\""}
{"ts": "2026-08-12T06:48:49.849185400Z", "container": "prefect-postgres", "msg": "2026-08-12 06:48:49.849 UTC [71] DETAIL:  Key (work_pool_id, name)=(39ec39e1-9474-4f11-8d83-5fab43991140, features) already exists."}
{"ts": "2026-08-12T06:48:49.849189680Z", "container": "prefect-postgres", "msg": "2026-08-12 06:48:49.849 UTC [71] STATEMENT:  INSERT INTO work_queue (name, filter, description, is_paused, concurrency_limit, priority, last_polled, status, work_pool_id, id, created, updated) VALUES ($1::VARCHAR, $2, $3::VARCHAR, $4::BOOLEAN, $5::INTEGER, $6::INTEGER, $7::TIMESTAMP WITH TIME ZONE, $8::work_queue_status, $9::UUID, $10::UUID, $11::TIMESTAMP WITH TIME ZONE, $12::TIMESTAMP WITH TIME ZONE)"}
{"ts": "2026-08-12T06:48:50.867648045Z", "container": "prefect-postgres", "msg": "2026-08-12 06:48:50.867 UTC [71] ERROR:  duplicate key value violates unique constraint \"uq_work_queue__work_pool_id_name\""}
{"ts": "2026-08-12T06:48:50.867674465Z", "container": "prefect-postgres", "msg": "2026-08-12 06:48:50.867 UTC [71] DETAIL:  Key (work_pool_id, name)=(39ec39e1-9474-4f11-8d83-5fab43991140, training) already exists."}
{"ts": "2026-08-12T06:48:50.867678525Z", "container": "prefect-postgres", "msg": "2026-08-12 06:48:50.867 UTC [71] STATEMENT:  INSERT INTO work_queue (name, filter, description, is_paused, concurrency_limit, priority, last_polled, status, work_pool_id, id, created, updated) VALUES ($1::VARCHAR, $2, $3::VARCHAR, $4::BOOLEAN, $5::INTEGER, $6::INTEGER, $7::TIMESTAMP WITH TIME ZONE, $8::work_queue_status, $9::UUID, $10::UUID, $11::TIMESTAMP WITH TIME ZONE, $12::TIMESTAMP WITH TIME ZONE)"}
{"ts": "2026-08-12T06:53:33.351462112Z", "container": "prefect-postgres", "msg": "2026-08-12 06:53:33.351 UTC [27] LOG:  checkpoint starting: time"}
{"ts": "2026-08-12T06:54:14.648990197Z", "container": "prefect-postgres", "msg": "2026-08-12 06:54:14.648 UTC [27] LOG:  checkpoint complete: wrote 415 buffers (2.5%); 0 WAL file(s) added, 0 removed, 0 recycled; write=41.285 s, sync=0.006 s, total=41.298 s; sync files=123, longest=0.003 s, average=0.001 s; distance=2701 kB, estimate=2701 kB; lsn=0/C0E906B8, redo lsn=0/C0E6A440"}
{"ts": "2026-08-12T06:58:06.273980902Z", "container": "prefect-postgres", "msg": "2026-08-12 06:58:06.273 UTC [68] ERROR:  duplicate key value violates unique constraint \"pk_task_run\""}
{"ts": "2026-08-12T06:58:06.274002992Z", "container": "prefect-postgres", "msg": "2026-08-12 06:58:06.273 UTC [68] DETAIL:  Key (id)=(019ff4c3-94fb-72a8-87ca-3b61fe8014ab) already exists."}
{"ts": "2026-08-12T06:58:06.274010292Z", "container": "prefect-postgres", "msg": "2026-08-12 06:58:06.273 UTC [68] STATEMENT:  INSERT INTO task_run (flow_run_id, task_key, dynamic_key, flow_run_run_count, empirical_policy, task_inputs, tags, labels, state_id, name, state_type, state_name, state_timestamp, run_count, expected_start_time, start_time, total_run_time, id, created, updated) VALUES ($1::UUID, $2::VARCHAR, $3::VARCHAR, $4::INTEGER, $5, $6, $7::JSONB, $8::JSONB, $9::UUID, $10::VARCHAR, $11::state_type, $12::VARCHAR, $13::TIMESTAMP WITH TIME ZONE, $14::INTEGER, $15::TIMESTAMP WITH TIME ZONE, $16::TIMESTAMP WITH TIME ZONE, $17::INTERVAL, $18::UUID, $19::TIMESTAMP WITH TIME ZONE, $20::TIMESTAMP WITH TIME ZONE) ON CONFLICT (flow_run_id, task_key, dynamic_key) DO UPDATE SET flow_run_id = excluded.flow_run_id, task_key = excluded.task_key, dynamic_key = excluded.dynamic_key, flow_run_run_count = excluded.flow_run_run_count, empirical_policy = excluded.empirical_policy, task_inputs = excluded.task_inputs, tags = excluded.tags, labels = excluded.labels, state_id = excluded.state_id, name = excluded.name, state_type = excluded.state_type, state_name = excluded.state_name, state_timestamp = excluded.state_timestamp, run_count = excluded.run_count, expected_start_time = excluded.expected_start_time, start_time = excluded.start_time, total_run_time = excluded.total_run_time, updated = excluded.updated WHERE task_run.state_timestamp < excluded.state_timestamp"}
{"ts": "2026-08-12T06:58:33.747436444Z", "container": "prefect-postgres", "msg": "2026-08-12 06:58:33.747 UTC [27] LOG:  checkpoint starting: time"}
{"ts": "2026-08-12T06:59:21.388713990Z", "container": "prefect-postgres", "msg": "2026-08-12 06:59:21.388 UTC [27] LOG:  checkpoint complete: wrote 456 buffers (2.8%); 0 WAL file(s) added, 0 removed, 1 recycled; write=47.560 s, sync=0.011 s, total=47.642 s; sync files=143, longest=0.010 s, average=0.001 s; distance=2449 kB, estimate=2676 kB; lsn=0/C11013D0, redo lsn=0/C10CEB30"}
{"ts": "2026-08-12T07:02:09.416881344Z", "container": "prefect-postgres", "msg": "2026-08-12 07:02:09.416 UTC [68] ERROR:  duplicate key value violates unique constraint \"uq_work_queue__work_pool_id_name\""}
{"ts": "2026-08-12T07:02:09.416920764Z", "container": "prefect-postgres", "msg": "2026-08-12 07:02:09.416 UTC [68] DETAIL:  Key (work_pool_id, name)=(39ec39e1-9474-4f11-8d83-5fab43991140, default) already exists."}
{"ts": "2026-08-12T07:02:09.416924944Z", "container": "prefect-postgres", "msg": "2026-08-12 07:02:09.416 UTC [68] STATEMENT:  INSERT INTO work_queue (name, filter, description, is_paused, concurrency_limit, priority, last_polled, status, work_pool_id, id, created, updated) VALUES ($1::VARCHAR, $2, $3::VARCHAR, $4::BOOLEAN, $5::INTEGER, $6::INTEGER, $7::TIMESTAMP WITH TIME ZONE, $8::work_queue_status, $9::UUID, $10::UUID, $11::TIMESTAMP WITH TIME ZONE, $12::TIMESTAMP WITH TIME ZONE)"}
{"ts": "2026-08-12T07:02:10.687619657Z", "container": "prefect-postgres", "msg": "2026-08-12 07:02:10.686 UTC [68] ERROR:  duplicate key value violates unique constraint \"uq_work_queue__work_pool_id_name\""}
{"ts": "2026-08-12T07:02:10.687654047Z", "container": "prefect-postgres", "msg": "2026-08-12 07:02:10.686 UTC [68] DETAIL:  Key (work_pool_id, name)=(39ec39e1-9474-4f11-8d83-5fab43991140, features) already exists."}
{"ts": "2026-08-12T07:02:10.687658437Z", "container": "prefect-postgres", "msg": "2026-08-12 07:02:10.686 UTC [68] STATEMENT:  INSERT INTO work_queue (name, filter, description, is_paused, concurrency_limit, priority, last_polled, status, work_pool_id, id, created, updated) VALUES ($1::VARCHAR, $2, $3::VARCHAR, $4::BOOLEAN, $5::INTEGER, $6::INTEGER, $7::TIMESTAMP WITH TIME ZONE, $8::work_queue_status, $9::UUID, $10::UUID, $11::TIMESTAMP WITH TIME ZONE, $12::TIMESTAMP WITH TIME ZONE)"}
{"ts": "2026-08-12T07:02:11.916890268Z", "container": "prefect-postgres", "msg": "2026-08-12 07:02:11.916 UTC [68] ERROR:  duplicate key value violates unique constraint \"uq_work_queue__work_pool_id_name\""}
{"ts": "2026-08-12T07:02:11.916919918Z", "container": "prefect-postgres", "msg": "2026-08-12 07:02:11.916 UTC [68] DETAIL:  Key (work_pool_id, name)=(39ec39e1-9474-4f11-8d83-5fab43991140, training) already exists."}
{"ts": "2026-08-12T07:02:11.916924058Z", "container": "prefect-postgres", "msg": "2026-08-12 07:02:11.916 UTC [68] STATEMENT:  INSERT INTO work_queue (name, filter, description, is_paused, concurrency_limit, priority, last_polled, status, work_pool_id, id, created, updated) VALUES ($1::VARCHAR, $2, $3::VARCHAR, $4::BOOLEAN, $5::INTEGER, $6::INTEGER, $7::TIMESTAMP WITH TIME ZONE, $8::work_queue_status, $9::UUID, $10::UUID, $11::TIMESTAMP WITH TIME ZONE, $12::TIMESTAMP WITH TIME ZONE)"}
{"ts": "2026-08-12T07:03:33.487428400Z", "container": "prefect-postgres", "msg": "2026-08-12 07:03:33.487 UTC [27] LOG:  checkpoint starting: time"}
{"ts": "2026-08-12T07:03:46.574506506Z", "container": "prefect-postgres", "msg": "2026-08-12 07:03:46.574 UTC [27] LOG:  checkpoint complete: wrote 127 buffers (0.8%); 0 WAL file(s) added, 0 removed, 0 recycled; write=13.033 s, sync=0.041 s, total=13.088 s; sync files=104, longest=0.003 s, average=0.001 s; distance=1475 kB, estimate=2556 kB; lsn=0/C124FF58, redo lsn=0/C123F9E0"}
{"ts": "2026-08-12T07:06:37.929900827Z", "container": "prefect-postgres", "msg": "2026-08-12 07:06:37.929 UTC [72] ERROR:  duplicate key value violates unique constraint \"pk_task_run\""}
{"ts": "2026-08-12T07:06:37.929931128Z", "container": "prefect-postgres", "msg": "2026-08-12 07:06:37.929 UTC [72] DETAIL:  Key (id)=(019ff4cb-63ba-7f40-84b1-45fe5abe1ced) already exists."}
{"ts": "2026-08-12T07:06:37.929941618Z", "container": "prefect-postgres", "msg": "2026-08-12 07:06:37.929 UTC [72] STATEMENT:  INSERT INTO task_run (flow_run_id, task_key, dynamic_key, flow_run_run_count, empirical_policy, task_inputs, tags, labels, state_id, name, state_type, state_name, state_timestamp, run_count, expected_start_time, total_run_time, id, created, updated) VALUES ($1::UUID, $2::VARCHAR, $3::VARCHAR, $4::INTEGER, $5, $6, $7::JSONB, $8::JSONB, $9::UUID, $10::VARCHAR, $11::state_type, $12::VARCHAR, $13::TIMESTAMP WITH TIME ZONE, $14::INTEGER, $15::TIMESTAMP WITH TIME ZONE, $16::INTERVAL, $17::UUID, $18::TIMESTAMP WITH TIME ZONE, $19::TIMESTAMP WITH TIME ZONE) ON CONFLICT (flow_run_id, task_key, dynamic_key) DO UPDATE SET flow_run_id = excluded.flow_run_id, task_key = excluded.task_key, dynamic_key = excluded.dynamic_key, flow_run_run_count = excluded.flow_run_run_count, empirical_policy = excluded.empirical_policy, task_inputs = excluded.task_inputs, tags = excluded.tags, labels = excluded.labels, state_id = excluded.state_id, name = excluded.name, state_type = excluded.state_type, state_name = excluded.state_name, state_timestamp = excluded.state_timestamp, run_count = excluded.run_count, expected_start_time = excluded.expected_start_time, total_run_time = excluded.total_run_time, updated = excluded.updated WHERE task_run.state_timestamp < excluded.state_timestamp"}
{"ts": "2026-08-12T07:07:28.868256921Z", "container": "prefect-postgres", "msg": "2026-08-12 07:07:28.868 UTC [1815] ERROR:  duplicate key value violates unique constraint \"metric_pk\""}
{"ts": "2026-08-12T07:07:28.868288471Z", "container": "prefect-postgres", "msg": "2026-08-12 07:07:28.868 UTC [1815] DETAIL:  Key (key, \"timestamp\", step, run_uuid, value, is_nan)=(roc_auc, 1786518448687, 0, 182c9f74a8ce45fabdc65902a8390f62, 0.843142438706875, f) already exists."}
{"ts": "2026-08-12T07:07:28.868301731Z", "container": "prefect-postgres", "msg": "2026-08-12 07:07:28.868 UTC [1815] STATEMENT:  INSERT INTO metrics (key, value, timestamp, step, is_nan, run_uuid) VALUES ('roc_auc', 0.843142438706875, 1786518448687, 0, false, '182c9f74a8ce45fabdc65902a8390f62'), ('pr_auc', 0.6521282723565235, 1786518448704, 0, false, '182c9f74a8ce45fabdc65902a8390f62'), ('log_loss', 0.41048814632096, 1786518448707, 0, false, '182c9f74a8ce45fabdc65902a8390f62'), ('brier_score', 0.13746966790820012, 1786518448709, 0, false, '182c9f74a8ce45fabdc65902a8390f62'), ('accuracy', 0.792350113122172, 1786518448712, 0, false, '182c9f74a8ce45fabdc65902a8390f62'), ('precision', 0.6243506493506493, 1786518448714, 0, false, '182c9f74a8ce45fabdc65902a8390f62'), ('recall', 0.519308668647043, 1786518448717, 0, false, '182c9f74a8ce45fabdc65902a8390f62'), ('f1', 0.5670057496682883, 1786518448719, 0, false, '182c9f74a8ce45fabdc65902a8390f62'), ('f2', 0.5373910127431254, 1786518448721, 0, false, '182c9f74a8ce45fabdc65902a8390f62'), ('observed_win_rate', 0.2618071266968326, 1786518448724, 0, false, '182c9f74a8ce45fabdc65902a8390f62'), ('predicted_current_bid_win_rate', 0.2772598691258481, 1786518448726, 0, false, '182c9f74a8ce45fabdc65902a8390f62'), ('calibration_error', 0.015452742429015509, 1786518448728, 0, false, '182c9f74a8ce45fabdc65902a8390f62'), ('predicted_recommended_bid_win_rate', 0.354555931476813, 1786518448731, 0, false, '182c9f74a8ce45fabdc65902a8390f62'), ('optimizer_optimizer_rows', 14144.0, 1786518448733, 0, false, '182c9f74a8ce45fabdc65902a8390f62'), ('optimizer_target_cm', 0.25, 1786518448735, 0, false, '182c9f74a8ce45fabdc65902a8390f62'), ('optimizer_current_bid_total_expected_profit', 52496.626296773495, 1786518448738, 0, false, '182c9f74a8ce45fabdc65902a8390f62'), ('optimizer_recommended_bid_total_expected_profit', 66933.95319696506, 1786518448741, 0, false, '182c9f74a8ce45fabdc65902a8390f62'), ('optimizer_expected_profit_lift_total', 14437.326900191561, 1786518448743, 0, false, '182c9f74a8ce45fabdc65902a8390f62'), ('optimizer_expected_profit_lift_pct', 0.2750143755633854, 1786518448745, 0, false, '182c9f74a8ce45fabdc65902a8390f62'), ('optimizer_avg_current_bid_predicted_win_rate', 0.2772598691258481, 1786518448748, 0, false, '182c9f74a8ce45fabdc65902a8390f62'), ('optimizer_avg_recommended_bid_predicted_win_rate', 0.354555931476813, 1786518448750, 0, false, '182c9f74a8ce45fabdc65902a8390f62'), ('optimizer_avg_bid_change', 0.8913157522624434, 1786518448753, 0, false, '182c9f74a8ce45fabdc65902a8390f62'), ('optimizer_median_bid_change', 0.38, 1786518448755, 0, false, '182c9f74a8ce45fabdc65902a8390f62'), ('optimizer_bid_increase_pct', 57.83371040723983, 1786518448758, 0, false, '182c9f74a8ce45fabdc65902a8390f62'), ('optimizer_bid_decrease_pct', 40.66035067873303, 1786518448760, 0, false, '182c9f74a8ce45fabdc65902a8390f62'), ('optimizer_bid_unchanged_pct', 1.5059389140271493, 1786518448762, 0, false, '182c9f74a8ce45fabdc65902a8390f62'), ('optimizer_avg_recommended_bid_cm_if_won', 0.5998733794930446, 1786518448765, 0, false, '182c9f74a8ce45fabdc65902a8390f62')"}
{"ts": "2026-08-12T07:07:32.221617485Z", "container": "prefect-postgres", "msg": "2026-08-12 07:07:32.221 UTC [1824] ERROR:  duplicate key value violates unique constraint \"registered_model_pk\""}
{"ts": "2026-08-12T07:07:32.221645235Z", "container": "prefect-postgres", "msg": "2026-08-12 07:07:32.221 UTC [1824] DETAIL:  Key (workspace, name)=(default, anton-win-probability-model) already exists."}
{"ts": "2026-08-12T07:07:32.221649405Z", "container": "prefect-postgres", "msg": "2026-08-12 07:07:32.221 UTC [1824] STATEMENT:  INSERT INTO registered_models (workspace, name, creation_time, last_updated_time, description) VALUES ('default', 'anton-win-probability-model', 1786518452220, 1786518452220, NULL)"}
{"ts": "2026-08-12T07:08:33.671547837Z", "container": "prefect-postgres", "msg": "2026-08-12 07:08:33.671 UTC [27] LOG:  checkpoint starting: time"}
{"ts": "2026-08-12T07:08:38.514136712Z", "container": "prefect-postgres", "msg": "2026-08-12 07:08:38.514 UTC [27] LOG:  checkpoint complete: wrote 49 buffers (0.3%); 0 WAL file(s) added, 0 removed, 0 recycled; write=4.815 s, sync=0.015 s, total=4.843 s; sync files=186, longest=0.003 s, average=0.001 s; distance=3837 kB, estimate=3837 kB; lsn=0/C1605970, redo lsn=0/C15FF148"}
{"ts": "2026-08-12T07:13:33.611464401Z", "container": "prefect-postgres", "msg": "2026-08-12 07:13:33.611 UTC [27] LOG:  checkpoint starting: time"}
{"ts": "2026-08-12T07:13:38.835476750Z", "container": "prefect-postgres", "msg": "2026-08-12 07:13:38.835 UTC [27] LOG:  checkpoint complete: wrote 52 buffers (0.3%); 0 WAL file(s) added, 0 removed, 0 recycled; write=5.212 s, sync=0.007 s, total=5.224 s; sync files=27, longest=0.003 s, average=0.001 s; distance=1038 kB, estimate=3557 kB; lsn=0/C1714670, redo lsn=0/C1702A40"}
{"ts": "2026-08-12T07:18:33.929966959Z", "container": "prefect-postgres", "msg": "2026-08-12 07:18:33.929 UTC [27] LOG:  checkpoint starting: time"}
{"ts": "2026-08-12T07:18:38.666568481Z", "container": "prefect-postgres", "msg": "2026-08-12 07:18:38.666 UTC [27] LOG:  checkpoint complete: wrote 47 buffers (0.3%); 0 WAL file(s) added, 0 removed, 0 recycled; write=4.710 s, sync=0.016 s, total=4.737 s; sync files=27, longest=0.003 s, average=0.001 s; distance=1027 kB, estimate=3304 kB; lsn=0/C180D448, redo lsn=0/C1803960"}
{"ts": "2026-08-12T07:23:33.763504560Z", "container": "prefect-postgres", "msg": "2026-08-12 07:23:33.763 UTC [27] LOG:  checkpoint starting: time"}
{"ts": "2026-08-12T07:23:36.303215147Z", "container": "prefect-postgres", "msg": "2026-08-12 07:23:36.303 UTC [27] LOG:  checkpoint complete: wrote 21 buffers (0.1%); 0 WAL file(s) added, 0 removed, 0 recycled; write=2.509 s, sync=0.017 s, total=2.540 s; sync files=27, longest=0.003 s, average=0.001 s; distance=1067 kB, estimate=3081 kB; lsn=0/C1911C88, redo lsn=0/C190E718"}
{"ts": "2026-08-12T07:28:33.399457460Z", "container": "prefect-postgres", "msg": "2026-08-12 07:28:33.399 UTC [27] LOG:  checkpoint starting: time"}
{"ts": "2026-08-12T07:28:37.437534133Z", "container": "prefect-postgres", "msg": "2026-08-12 07:28:37.437 UTC [27] LOG:  checkpoint complete: wrote 36 buffers (0.2%); 0 WAL file(s) added, 0 removed, 0 recycled; write=4.009 s, sync=0.018 s, total=4.039 s; sync files=27, longest=0.003 s, average=0.001 s; distance=1035 kB, estimate=2876 kB; lsn=0/C1A1BDE0, redo lsn=0/C1A11378"}
{"ts": "2026-08-12T07:33:33.535444073Z", "container": "prefect-postgres", "msg": "2026-08-12 07:33:33.535 UTC [27] LOG:  checkpoint starting: time"}
{"ts": "2026-08-12T07:33:35.369499920Z", "container": "prefect-postgres", "msg": "2026-08-12 07:33:35.369 UTC [27] LOG:  checkpoint complete: wrote 18 buffers (0.1%); 0 WAL file(s) added, 0 removed, 0 recycled; write=1.806 s, sync=0.012 s, total=1.835 s; sync files=27, longest=0.004 s, average=0.001 s; distance=1093 kB, estimate=2698 kB; lsn=0/C1B267F8, redo lsn=0/C1B22AC8"}
{"ts": "2026-08-12T07:38:33.460672128Z", "container": "prefect-postgres", "msg": "2026-08-12 07:38:33.460 UTC [27] LOG:  checkpoint starting: time"}
{"ts": "2026-08-12T07:38:36.593404083Z", "container": "prefect-postgres", "msg": "2026-08-12 07:38:36.593 UTC [27] LOG:  checkpoint complete: wrote 31 buffers (0.2%); 0 WAL file(s) added, 0 removed, 0 recycled; write=3.110 s, sync=0.011 s, total=3.133 s; sync files=27, longest=0.003 s, average=0.001 s; distance=1063 kB, estimate=2534 kB; lsn=0/C1C33CD8, redo lsn=0/C1C2C990"}
{"ts": "2026-08-12T07:43:33.691464089Z", "container": "prefect-postgres", "msg": "2026-08-12 07:43:33.691 UTC [27] LOG:  checkpoint starting: time"}
{"ts": "2026-08-12T07:43:37.129419512Z", "container": "prefect-postgres", "msg": "2026-08-12 07:43:37.129 UTC [27] LOG:  checkpoint complete: wrote 33 buffers (0.2%); 0 WAL file(s) added, 0 removed, 0 recycled; write=3.412 s, sync=0.014 s, total=3.438 s; sync files=26, longest=0.004 s, average=0.001 s; distance=1033 kB, estimate=2384 kB; lsn=0/C1D39C30, redo lsn=0/C1D2F010"}
{"ts": "2026-08-12T07:48:33.189767025Z", "container": "prefect-postgres", "msg": "2026-08-12 07:48:33.189 UTC [27] LOG:  checkpoint starting: time"}
{"ts": "2026-08-12T07:48:37.732932666Z", "container": "prefect-postgres", "msg": "2026-08-12 07:48:37.732 UTC [27] LOG:  checkpoint complete: wrote 35 buffers (0.2%); 0 WAL file(s) added, 0 removed, 0 recycled; write=4.513 s, sync=0.021 s, total=4.544 s; sync files=27, longest=0.005 s, average=0.001 s; distance=1018 kB, estimate=2248 kB; lsn=0/C1E3BD58, redo lsn=0/C1E2DB88"}
{"ts": "2026-08-12T07:53:33.832999807Z", "container": "prefect-postgres", "msg": "2026-08-12 07:53:33.832 UTC [27] LOG:  checkpoint starting: time"}
{"ts": "2026-08-12T07:53:38.072274114Z", "container": "prefect-postgres", "msg": "2026-08-12 07:53:38.072 UTC [27] LOG:  checkpoint complete: wrote 39 buffers (0.2%); 0 WAL file(s) added, 0 removed, 0 recycled; write=4.212 s, sync=0.015 s, total=4.240 s; sync files=27, longest=0.005 s, average=0.001 s; distance=1041 kB, estimate=2127 kB; lsn=0/C1F37EC0, redo lsn=0/C1F32090"}
{"ts": "2026-08-12T07:54:02.917975036Z", "container": "prefect-postgres", "msg": "2026-08-12 07:54:02.917 UTC [1] LOG:  received fast shutdown request"}
{"ts": "2026-08-12T07:54:02.919481708Z", "container": "prefect-postgres", "msg": "2026-08-12 07:54:02.919 UTC [1] LOG:  aborting any active transactions"}
{"ts": "2026-08-12T07:54:02.919763511Z", "container": "prefect-postgres", "msg": "2026-08-12 07:54:02.919 UTC [1317] FATAL:  terminating connection due to administrator command"}
{"ts": "2026-08-12T07:54:02.919769881Z", "container": "prefect-postgres", "msg": "2026-08-12 07:54:02.919 UTC [1318] FATAL:  terminating connection due to administrator command"}
{"ts": "2026-08-12T07:54:02.919773471Z", "container": "prefect-postgres", "msg": "2026-08-12 07:54:02.919 UTC [1316] FATAL:  terminating connection due to administrator command"}
{"ts": "2026-08-12T07:54:02.919776711Z", "container": "prefect-postgres", "msg": "2026-08-12 07:54:02.919 UTC [1314] FATAL:  terminating connection due to administrator command"}
{"ts": "2026-08-12T07:54:02.921785097Z", "container": "prefect-postgres", "msg": "2026-08-12 07:54:02.921 UTC [1] LOG:  background worker \"logical replication launcher\" (PID 32) exited with exit code 1"}
{"ts": "2026-08-12T07:54:02.924605320Z", "container": "prefect-postgres", "msg": "2026-08-12 07:54:02.924 UTC [27] LOG:  shutting down"}
{"ts": "2026-08-12T07:54:02.926053572Z", "container": "prefect-postgres", "msg": "2026-08-12 07:54:02.926 UTC [27] LOG:  checkpoint starting: shutdown immediate"}
{"ts": "2026-08-12T07:54:02.934746971Z", "container": "prefect-postgres", "msg": "2026-08-12 07:54:02.934 UTC [27] LOG:  checkpoint complete: wrote 40 buffers (0.2%); 0 WAL file(s) added, 0 removed, 0 recycled; write=0.003 s, sync=0.002 s, total=0.011 s; sync files=39, longest=0.002 s, average=0.001 s; distance=202 kB, estimate=1934 kB; lsn=0/C1F64C80, redo lsn=0/C1F64C80"}
{"ts": "2026-08-12T07:54:02.960104145Z", "container": "prefect-postgres", "msg": "2026-08-12 07:54:02.960 UTC [1] LOG:  database system is shut down"}
{"ts": "2026-08-12T07:54:07.955163161Z", "container": "prefect-postgres", "msg": ""}
{"ts": "2026-08-12T07:54:07.955182841Z", "container": "prefect-postgres", "msg": "PostgreSQL Database directory appears to contain a database; Skipping initialization"}
{"ts": "2026-08-12T07:54:07.955186812Z", "container": "prefect-postgres", "msg": ""}
{"ts": "2026-08-12T07:54:07.985125332Z", "container": "prefect-postgres", "msg": "2026-08-12 07:54:07.985 UTC [1] LOG:  starting PostgreSQL 16.14 on x86_64-pc-linux-musl, compiled by gcc (Alpine 15.2.0) 15.2.0, 64-bit"}
{"ts": "2026-08-12T07:54:07.985160422Z", "container": "prefect-postgres", "msg": "2026-08-12 07:54:07.985 UTC [1] LOG:  listening on IPv4 address \"0.0.0.0\", port 5432"}
{"ts": "2026-08-12T07:54:07.985214462Z", "container": "prefect-postgres", "msg": "2026-08-12 07:54:07.985 UTC [1] LOG:  listening on IPv6 address \"::\", port 5432"}
{"ts": "2026-08-12T07:54:07.991136530Z", "container": "prefect-postgres", "msg": "2026-08-12 07:54:07.991 UTC [1] LOG:  listening on Unix socket \"/var/run/postgresql/.s.PGSQL.5432\""}
{"ts": "2026-08-12T07:54:08.000276663Z", "container": "prefect-postgres", "msg": "2026-08-12 07:54:08.000 UTC [29] LOG:  database system was shut down at 2026-08-12 07:54:02 UTC"}
{"ts": "2026-08-12T07:54:08.009706779Z", "container": "prefect-postgres", "msg": "2026-08-12 07:54:08.008 UTC [1] LOG:  database system is ready to accept connections"}
{"ts": "2026-08-12T07:54:24.292141912Z", "container": "prefect-postgres", "msg": "2026-08-12 07:54:24.292 UTC [69] ERROR:  duplicate key value violates unique constraint \"uq_work_queue__work_pool_id_name\""}
{"ts": "2026-08-12T07:54:24.292169552Z", "container": "prefect-postgres", "msg": "2026-08-12 07:54:24.292 UTC [69] DETAIL:  Key (work_pool_id, name)=(39ec39e1-9474-4f11-8d83-5fab43991140, default) already exists."}
{"ts": "2026-08-12T07:54:24.292173672Z", "container": "prefect-postgres", "msg": "2026-08-12 07:54:24.292 UTC [69] STATEMENT:  INSERT INTO work_queue (name, filter, description, is_paused, concurrency_limit, priority, last_polled, status, work_pool_id, id, created, updated) VALUES ($1::VARCHAR, $2, $3::VARCHAR, $4::BOOLEAN, $5::INTEGER, $6::INTEGER, $7::TIMESTAMP WITH TIME ZONE, $8::work_queue_status, $9::UUID, $10::UUID, $11::TIMESTAMP WITH TIME ZONE, $12::TIMESTAMP WITH TIME ZONE)"}
{"ts": "2026-08-12T07:54:25.317044048Z", "container": "prefect-postgres", "msg": "2026-08-12 07:54:25.316 UTC [69] ERROR:  duplicate key value violates unique constraint \"uq_work_queue__work_pool_id_name\""}
{"ts": "2026-08-12T07:54:25.317069338Z", "container": "prefect-postgres", "msg": "2026-08-12 07:54:25.316 UTC [69] DETAIL:  Key (work_pool_id, name)=(39ec39e1-9474-4f11-8d83-5fab43991140, features) already exists."}
{"ts": "2026-08-12T07:54:25.317073538Z", "container": "prefect-postgres", "msg": "2026-08-12 07:54:25.316 UTC [69] STATEMENT:  INSERT INTO work_queue (name, filter, description, is_paused, concurrency_limit, priority, last_polled, status, work_pool_id, id, created, updated) VALUES ($1::VARCHAR, $2, $3::VARCHAR, $4::BOOLEAN, $5::INTEGER, $6::INTEGER, $7::TIMESTAMP WITH TIME ZONE, $8::work_queue_status, $9::UUID, $10::UUID, $11::TIMESTAMP WITH TIME ZONE, $12::TIMESTAMP WITH TIME ZONE)"}
{"ts": "2026-08-12T07:54:26.349919398Z", "container": "prefect-postgres", "msg": "2026-08-12 07:54:26.349 UTC [69] ERROR:  duplicate key value violates unique constraint \"uq_work_queue__work_pool_id_name\""}
{"ts": "2026-08-12T07:54:26.349944698Z", "container": "prefect-postgres", "msg": "2026-08-12 07:54:26.349 UTC [69] DETAIL:  Key (work_pool_id, name)=(39ec39e1-9474-4f11-8d83-5fab43991140, training) already exists."}
{"ts": "2026-08-12T07:54:26.349948738Z", "container": "prefect-postgres", "msg": "2026-08-12 07:54:26.349 UTC [69] STATEMENT:  INSERT INTO work_queue (name, filter, description, is_paused, concurrency_limit, priority, last_polled, status, work_pool_id, id, created, updated) VALUES ($1::VARCHAR, $2, $3::VARCHAR, $4::BOOLEAN, $5::INTEGER, $6::INTEGER, $7::TIMESTAMP WITH TIME ZONE, $8::work_queue_status, $9::UUID, $10::UUID, $11::TIMESTAMP WITH TIME ZONE, $12::TIMESTAMP WITH TIME ZONE)"}
{"ts": "2026-08-12T07:59:04.167800339Z", "container": "prefect-postgres", "msg": "2026-08-12 07:59:04.167 UTC [72] ERROR:  duplicate key value violates unique constraint \"pk_task_run\""}
{"ts": "2026-08-12T07:59:04.167829319Z", "container": "prefect-postgres", "msg": "2026-08-12 07:59:04.167 UTC [72] DETAIL:  Key (id)=(019ff4fb-65b3-75e3-a711-0e3b8a8128f1) already exists."}
{"ts": "2026-08-12T07:59:04.167845079Z", "container": "prefect-postgres", "msg": "2026-08-12 07:59:04.167 UTC [72] STATEMENT:  INSERT INTO task_run (flow_run_id, task_key, dynamic_key, flow_run_run_count, empirical_policy, task_inputs, tags, labels, state_id, name, state_type, state_name, state_timestamp, run_count, expected_start_time, start_time, total_run_time, id, created, updated) VALUES ($1::UUID, $2::VARCHAR, $3::VARCHAR, $4::INTEGER, $5, $6, $7::JSONB, $8::JSONB, $9::UUID, $10::VARCHAR, $11::state_type, $12::VARCHAR, $13::TIMESTAMP WITH TIME ZONE, $14::INTEGER, $15::TIMESTAMP WITH TIME ZONE, $16::TIMESTAMP WITH TIME ZONE, $17::INTERVAL, $18::UUID, $19::TIMESTAMP WITH TIME ZONE, $20::TIMESTAMP WITH TIME ZONE) ON CONFLICT (flow_run_id, task_key, dynamic_key) DO UPDATE SET flow_run_id = excluded.flow_run_id, task_key = excluded.task_key, dynamic_key = excluded.dynamic_key, flow_run_run_count = excluded.flow_run_run_count, empirical_policy = excluded.empirical_policy, task_inputs = excluded.task_inputs, tags = excluded.tags, labels = excluded.labels, state_id = excluded.state_id, name = excluded.name, state_type = excluded.state_type, state_name = excluded.state_name, state_timestamp = excluded.state_timestamp, run_count = excluded.run_count, expected_start_time = excluded.expected_start_time, start_time = excluded.start_time, total_run_time = excluded.total_run_time, updated = excluded.updated WHERE task_run.state_timestamp < excluded.state_timestamp"}
{"ts": "2026-08-12T07:59:08.099455575Z", "container": "prefect-postgres", "msg": "2026-08-12 07:59:08.099 UTC [27] LOG:  checkpoint starting: time"}
{"ts": "2026-08-12T07:59:48.725598304Z", "container": "prefect-postgres", "msg": "2026-08-12 07:59:48.725 UTC [585] ERROR:  duplicate key value violates unique constraint \"metric_pk\""}
{"ts": "2026-08-12T07:59:48.725628434Z", "container": "prefect-postgres", "msg": "2026-08-12 07:59:48.725 UTC [585] DETAIL:  Key (key, \"timestamp\", step, run_uuid, value, is_nan)=(roc_auc, 1786521588567, 0, b7a02ef371e24246ae1dbd01d4382c27, 0.843142438706875, f) already exists."}
{"ts": "2026-08-12T07:59:48.725636134Z", "container": "prefect-postgres", "msg": "2026-08-12 07:59:48.725 UTC [585] STATEMENT:  INSERT INTO metrics (key, value, timestamp, step, is_nan, run_uuid) VALUES ('roc_auc', 0.843142438706875, 1786521588567, 0, false, 'b7a02ef371e24246ae1dbd01d4382c27'), ('pr_auc', 0.6521282723565235, 1786521588573, 0, false, 'b7a02ef371e24246ae1dbd01d4382c27'), ('log_loss', 0.41048814632096, 1786521588575, 0, false, 'b7a02ef371e24246ae1dbd01d4382c27'), ('brier_score', 0.13746966790820012, 1786521588578, 0, false, 'b7a02ef371e24246ae1dbd01d4382c27'), ('accuracy', 0.792350113122172, 1786521588580, 0, false, 'b7a02ef371e24246ae1dbd01d4382c27'), ('precision', 0.6243506493506493, 1786521588583, 0, false, 'b7a02ef371e24246ae1dbd01d4382c27'), ('recall', 0.519308668647043, 1786521588585, 0, false, 'b7a02ef371e24246ae1dbd01d4382c27'), ('f1', 0.5670057496682883, 1786521588588, 0, false, 'b7a02ef371e24246ae1dbd01d4382c27'), ('f2', 0.5373910127431254, 1786521588590, 0, false, 'b7a02ef371e24246ae1dbd01d4382c27'), ('observed_win_rate', 0.2618071266968326, 1786521588592, 0, false, 'b7a02ef371e24246ae1dbd01d4382c27'), ('predicted_current_bid_win_rate', 0.2772598691258481, 1786521588595, 0, false, 'b7a02ef371e24246ae1dbd01d4382c27'), ('calibration_error', 0.015452742429015509, 1786521588597, 0, false, 'b7a02ef371e24246ae1dbd01d4382c27'), ('predicted_recommended_bid_win_rate', 0.354555931476813, 1786521588599, 0, false, 'b7a02ef371e24246ae1dbd01d4382c27'), ('optimizer_optimizer_rows', 14144.0, 1786521588602, 0, false, 'b7a02ef371e24246ae1dbd01d4382c27'), ('optimizer_target_cm', 0.25, 1786521588604, 0, false, 'b7a02ef371e24246ae1dbd01d4382c27'), ('optimizer_current_bid_total_expected_profit', 52496.626296773495, 1786521588606, 0, false, 'b7a02ef371e24246ae1dbd01d4382c27'), ('optimizer_recommended_bid_total_expected_profit', 66933.95319696506, 1786521588609, 0, false, 'b7a02ef371e24246ae1dbd01d4382c27'), ('optimizer_expected_profit_lift_total', 14437.326900191561, 1786521588611, 0, false, 'b7a02ef371e24246ae1dbd01d4382c27'), ('optimizer_expected_profit_lift_pct', 0.2750143755633854, 1786521588613, 0, false, 'b7a02ef371e24246ae1dbd01d4382c27'), ('optimizer_avg_current_bid_predicted_win_rate', 0.2772598691258481, 1786521588616, 0, false, 'b7a02ef371e24246ae1dbd01d4382c27'), ('optimizer_avg_recommended_bid_predicted_win_rate', 0.354555931476813, 1786521588618, 0, false, 'b7a02ef371e24246ae1dbd01d4382c27'), ('optimizer_avg_bid_change', 0.8913157522624434, 1786521588620, 0, false, 'b7a02ef371e24246ae1dbd01d4382c27'), ('optimizer_median_bid_change', 0.38, 1786521588623, 0, false, 'b7a02ef371e24246ae1dbd01d4382c27'), ('optimizer_bid_increase_pct', 57.83371040723983, 1786521588625, 0, false, 'b7a02ef371e24246ae1dbd01d4382c27'), ('optimizer_bid_decrease_pct', 40.66035067873303, 1786521588628, 0, false, 'b7a02ef371e24246ae1dbd01d4382c27'), ('optimizer_bid_unchanged_pct', 1.5059389140271493, 1786521588630, 0, false, 'b7a02ef371e24246ae1dbd01d4382c27'), ('optimizer_avg_recommended_bid_cm_if_won', 0.5998733794930446, 1786521588632, 0, false, 'b7a02ef371e24246ae1dbd01d4382c27')"}
{"ts": "2026-08-12T07:59:51.813619602Z", "container": "prefect-postgres", "msg": "2026-08-12 07:59:51.813 UTC [587] ERROR:  duplicate key value violates unique constraint \"registered_model_pk\""}
{"ts": "2026-08-12T07:59:51.813647923Z", "container": "prefect-postgres", "msg": "2026-08-12 07:59:51.813 UTC [587] DETAIL:  Key (workspace, name)=(default, anton-win-probability-model) already exists."}
{"ts": "2026-08-12T07:59:51.813651943Z", "container": "prefect-postgres", "msg": "2026-08-12 07:59:51.813 UTC [587] STATEMENT:  INSERT INTO registered_models (workspace, name, creation_time, last_updated_time, description) VALUES ('default', 'anton-win-probability-model', 1786521591812, 1786521591812, NULL)"}
{"ts": "2026-08-12T07:59:52.298370402Z", "container": "prefect-postgres", "msg": "2026-08-12 07:59:52.298 UTC [27] LOG:  checkpoint complete: wrote 444 buffers (2.7%); 0 WAL file(s) added, 0 removed, 1 recycled; write=44.187 s, sync=0.007 s, total=44.199 s; sync files=155, longest=0.002 s, average=0.001 s; distance=2777 kB, estimate=2777 kB; lsn=0/C233A700, redo lsn=0/C221B218"}
{"ts": "2026-08-12T08:03:08.133312250Z", "container": "prefect-postgres", "msg": "2026-08-12 08:03:08.133 UTC [1] LOG:  received fast shutdown request"}
{"ts": "2026-08-12T08:03:08.134456169Z", "container": "prefect-postgres", "msg": "2026-08-12 08:03:08.134 UTC [1] LOG:  aborting any active transactions"}
{"ts": "2026-08-12T08:03:08.134980224Z", "container": "prefect-postgres", "msg": "2026-08-12 08:03:08.134 UTC [53] FATAL:  terminating connection due to administrator command"}
{"ts": "2026-08-12T08:03:08.134986894Z", "container": "prefect-postgres", "msg": "2026-08-12 08:03:08.134 UTC [49] FATAL:  terminating connection due to administrator command"}
{"ts": "2026-08-12T08:03:08.134990414Z", "container": "prefect-postgres", "msg": "2026-08-12 08:03:08.134 UTC [48] FATAL:  terminating connection due to administrator command"}
{"ts": "2026-08-12T08:03:08.134993474Z", "container": "prefect-postgres", "msg": "2026-08-12 08:03:08.134 UTC [47] FATAL:  terminating connection due to administrator command"}
{"ts": "2026-08-12T08:03:08.136683337Z", "container": "prefect-postgres", "msg": "2026-08-12 08:03:08.136 UTC [1] LOG:  background worker \"logical replication launcher\" (PID 32) exited with exit code 1"}
{"ts": "2026-08-12T08:03:08.137163401Z", "container": "prefect-postgres", "msg": "2026-08-12 08:03:08.137 UTC [27] LOG:  shutting down"}
{"ts": "2026-08-12T08:03:08.138208749Z", "container": "prefect-postgres", "msg": "2026-08-12 08:03:08.138 UTC [27] LOG:  checkpoint starting: shutdown immediate"}
{"ts": "2026-08-12T08:03:08.158482872Z", "container": "prefect-postgres", "msg": "2026-08-12 08:03:08.158 UTC [27] LOG:  checkpoint complete: wrote 594 buffers (3.6%); 0 WAL file(s) added, 0 removed, 0 recycled; write=0.014 s, sync=0.003 s, total=0.022 s; sync files=194, longest=0.002 s, average=0.001 s; distance=3454 kB, estimate=3454 kB; lsn=0/C257ACD0, redo lsn=0/C257ACD0"}
{"ts": "2026-08-12T08:03:08.179645352Z", "container": "prefect-postgres", "msg": "2026-08-12 08:03:08.179 UTC [1] LOG:  database system is shut down"}
{"ts": "2026-08-12T08:03:16.652931743Z", "container": "prefect-postgres", "msg": ""}
{"ts": "2026-08-12T08:03:16.652969364Z", "container": "prefect-postgres", "msg": "PostgreSQL Database directory appears to contain a database; Skipping initialization"}
{"ts": "2026-08-12T08:03:16.652973424Z", "container": "prefect-postgres", "msg": ""}
{"ts": "2026-08-12T08:03:16.682986035Z", "container": "prefect-postgres", "msg": "2026-08-12 08:03:16.682 UTC [1] LOG:  starting PostgreSQL 16.14 on x86_64-pc-linux-musl, compiled by gcc (Alpine 15.2.0) 15.2.0, 64-bit"}
{"ts": "2026-08-12T08:03:16.683023445Z", "container": "prefect-postgres", "msg": "2026-08-12 08:03:16.682 UTC [1] LOG:  listening on IPv4 address \"0.0.0.0\", port 5432"}
{"ts": "2026-08-12T08:03:16.683033185Z", "container": "prefect-postgres", "msg": "2026-08-12 08:03:16.682 UTC [1] LOG:  listening on IPv6 address \"::\", port 5432"}
{"ts": "2026-08-12T08:03:16.689417686Z", "container": "prefect-postgres", "msg": "2026-08-12 08:03:16.689 UTC [1] LOG:  listening on Unix socket \"/var/run/postgresql/.s.PGSQL.5432\""}
{"ts": "2026-08-12T08:03:16.697482562Z", "container": "prefect-postgres", "msg": "2026-08-12 08:03:16.697 UTC [30] LOG:  database system was shut down at 2026-08-12 08:03:08 UTC"}
{"ts": "2026-08-12T08:03:16.706374283Z", "container": "prefect-postgres", "msg": "2026-08-12 08:03:16.706 UTC [1] LOG:  database system is ready to accept connections"}
{"ts": "2026-08-12T08:03:32.399813187Z", "container": "prefect-postgres", "msg": "2026-08-12 08:03:32.399 UTC [71] ERROR:  duplicate key value violates unique constraint \"uq_work_queue__work_pool_id_name\""}
{"ts": "2026-08-12T08:03:32.399840927Z", "container": "prefect-postgres", "msg": "2026-08-12 08:03:32.399 UTC [71] DETAIL:  Key (work_pool_id, name)=(39ec39e1-9474-4f11-8d83-5fab43991140, default) already exists."}
{"ts": "2026-08-12T08:03:32.399846777Z", "container": "prefect-postgres", "msg": "2026-08-12 08:03:32.399 UTC [71] STATEMENT:  INSERT INTO work_queue (name, filter, description, is_paused, concurrency_limit, priority, last_polled, status, work_pool_id, id, created, updated) VALUES ($1::VARCHAR, $2, $3::VARCHAR, $4::BOOLEAN, $5::INTEGER, $6::INTEGER, $7::TIMESTAMP WITH TIME ZONE, $8::work_queue_status, $9::UUID, $10::UUID, $11::TIMESTAMP WITH TIME ZONE, $12::TIMESTAMP WITH TIME ZONE)"}
{"ts": "2026-08-12T08:03:33.442772895Z", "container": "prefect-postgres", "msg": "2026-08-12 08:03:33.442 UTC [71] ERROR:  duplicate key value violates unique constraint \"uq_work_queue__work_pool_id_name\""}
{"ts": "2026-08-12T08:03:33.442801576Z", "container": "prefect-postgres", "msg": "2026-08-12 08:03:33.442 UTC [71] DETAIL:  Key (work_pool_id, name)=(39ec39e1-9474-4f11-8d83-5fab43991140, features) already exists."}
{"ts": "2026-08-12T08:03:33.442805596Z", "container": "prefect-postgres", "msg": "2026-08-12 08:03:33.442 UTC [71] STATEMENT:  INSERT INTO work_queue (name, filter, description, is_paused, concurrency_limit, priority, last_polled, status, work_pool_id, id, created, updated) VALUES ($1::VARCHAR, $2, $3::VARCHAR, $4::BOOLEAN, $5::INTEGER, $6::INTEGER, $7::TIMESTAMP WITH TIME ZONE, $8::work_queue_status, $9::UUID, $10::UUID, $11::TIMESTAMP WITH TIME ZONE, $12::TIMESTAMP WITH TIME ZONE)"}
{"ts": "2026-08-12T08:03:34.476146306Z", "container": "prefect-postgres", "msg": "2026-08-12 08:03:34.476 UTC [71] ERROR:  duplicate key value violates unique constraint \"uq_work_queue__work_pool_id_name\""}
{"ts": "2026-08-12T08:03:34.476172117Z", "container": "prefect-postgres", "msg": "2026-08-12 08:03:34.476 UTC [71] DETAIL:  Key (work_pool_id, name)=(39ec39e1-9474-4f11-8d83-5fab43991140, training) already exists."}
{"ts": "2026-08-12T08:03:34.476176137Z", "container": "prefect-postgres", "msg": "2026-08-12 08:03:34.476 UTC [71] STATEMENT:  INSERT INTO work_queue (name, filter, description, is_paused, concurrency_limit, priority, last_polled, status, work_pool_id, id, created, updated) VALUES ($1::VARCHAR, $2, $3::VARCHAR, $4::BOOLEAN, $5::INTEGER, $6::INTEGER, $7::TIMESTAMP WITH TIME ZONE, $8::work_queue_status, $9::UUID, $10::UUID, $11::TIMESTAMP WITH TIME ZONE, $12::TIMESTAMP WITH TIME ZONE)"}
{"ts": "2026-08-12T08:08:16.746097511Z", "container": "prefect-postgres", "msg": "2026-08-12 08:08:16.745 UTC [28] LOG:  checkpoint starting: time"}
{"ts": "2026-08-12T08:08:51.519530915Z", "container": "prefect-postgres", "msg": "2026-08-12 08:08:51.519 UTC [28] LOG:  checkpoint complete: wrote 350 buffers (2.1%); 0 WAL file(s) added, 0 removed, 0 recycled; write=34.765 s, sync=0.004 s, total=34.774 s; sync files=119, longest=0.002 s, average=0.001 s; distance=2136 kB, estimate=2136 kB; lsn=0/C27BC910, redo lsn=0/C2790F80"}
{"ts": "2026-08-12T08:11:16.604031655Z", "container": "prefect-postgres", "msg": "2026-08-12 08:11:16.603 UTC [795] ERROR:  duplicate key value violates unique constraint \"metric_pk\""}
{"ts": "2026-08-12T08:11:16.604061975Z", "container": "prefect-postgres", "msg": "2026-08-12 08:11:16.603 UTC [795] DETAIL:  Key (key, \"timestamp\", step, run_uuid, value, is_nan)=(roc_auc, 1786522276433, 0, ace2ab0b97724adcad654d38a02b650d, 0.843142438706875, f) already exists."}
{"ts": "2026-08-12T08:11:16.604075635Z", "container": "prefect-postgres", "msg": "2026-08-12 08:11:16.603 UTC [795] STATEMENT:  INSERT INTO metrics (key, value, timestamp, step, is_nan, run_uuid) VALUES ('roc_auc', 0.843142438706875, 1786522276433, 0, false, 'ace2ab0b97724adcad654d38a02b650d'), ('pr_auc', 0.6521282723565235, 1786522276438, 0, false, 'ace2ab0b97724adcad654d38a02b650d'), ('log_loss', 0.41048814632096, 1786522276441, 0, false, 'ace2ab0b97724adcad654d38a02b650d'), ('brier_score', 0.13746966790820012, 1786522276444, 0, false, 'ace2ab0b97724adcad654d38a02b650d'), ('accuracy', 0.792350113122172, 1786522276453, 0, false, 'ace2ab0b97724adcad654d38a02b650d'), ('precision', 0.6243506493506493, 1786522276456, 0, false, 'ace2ab0b97724adcad654d38a02b650d'), ('recall', 0.519308668647043, 1786522276459, 0, false, 'ace2ab0b97724adcad654d38a02b650d'), ('f1', 0.5670057496682883, 1786522276462, 0, false, 'ace2ab0b97724adcad654d38a02b650d'), ('f2', 0.5373910127431254, 1786522276464, 0, false, 'ace2ab0b97724adcad654d38a02b650d'), ('observed_win_rate', 0.2618071266968326, 1786522276466, 0, false, 'ace2ab0b97724adcad654d38a02b650d'), ('predicted_current_bid_win_rate', 0.2772598691258481, 1786522276469, 0, false, 'ace2ab0b97724adcad654d38a02b650d'), ('calibration_error', 0.015452742429015509, 1786522276471, 0, false, 'ace2ab0b97724adcad654d38a02b650d'), ('predicted_recommended_bid_win_rate', 0.354555931476813, 1786522276474, 0, false, 'ace2ab0b97724adcad654d38a02b650d'), ('optimizer_optimizer_rows', 14144.0, 1786522276476, 0, false, 'ace2ab0b97724adcad654d38a02b650d'), ('optimizer_target_cm', 0.25, 1786522276478, 0, false, 'ace2ab0b97724adcad654d38a02b650d'), ('optimizer_current_bid_total_expected_profit', 52496.626296773495, 1786522276481, 0, false, 'ace2ab0b97724adcad654d38a02b650d'), ('optimizer_recommended_bid_total_expected_profit', 66933.95319696506, 1786522276483, 0, false, 'ace2ab0b97724adcad654d38a02b650d'), ('optimizer_expected_profit_lift_total', 14437.326900191561, 1786522276486, 0, false, 'ace2ab0b97724adcad654d38a02b650d'), ('optimizer_expected_profit_lift_pct', 0.2750143755633854, 1786522276488, 0, false, 'ace2ab0b97724adcad654d38a02b650d'), ('optimizer_avg_current_bid_predicted_win_rate', 0.2772598691258481, 1786522276491, 0, false, 'ace2ab0b97724adcad654d38a02b650d'), ('optimizer_avg_recommended_bid_predicted_win_rate', 0.354555931476813, 1786522276493, 0, false, 'ace2ab0b97724adcad654d38a02b650d'), ('optimizer_avg_bid_change', 0.8913157522624434, 1786522276496, 0, false, 'ace2ab0b97724adcad654d38a02b650d'), ('optimizer_median_bid_change', 0.38, 1786522276498, 0, false, 'ace2ab0b97724adcad654d38a02b650d'), ('optimizer_bid_increase_pct', 57.83371040723983, 1786522276501, 0, false, 'ace2ab0b97724adcad654d38a02b650d'), ('optimizer_bid_decrease_pct', 40.66035067873303, 1786522276504, 0, false, 'ace2ab0b97724adcad654d38a02b650d'), ('optimizer_bid_unchanged_pct', 1.5059389140271493, 1786522276506, 0, false, 'ace2ab0b97724adcad654d38a02b650d'), ('optimizer_avg_recommended_bid_cm_if_won', 0.5998733794930446, 1786522276509, 0, false, 'ace2ab0b97724adcad654d38a02b650d')"}
{"ts": "2026-08-12T08:11:19.708546260Z", "container": "prefect-postgres", "msg": "2026-08-12 08:11:19.708 UTC [805] ERROR:  duplicate key value violates unique constraint \"registered_model_pk\""}
{"ts": "2026-08-12T08:11:19.708574560Z", "container": "prefect-postgres", "msg": "2026-08-12 08:11:19.708 UTC [805] DETAIL:  Key (workspace, name)=(default, anton-win-probability-model) already exists."}
{"ts": "2026-08-12T08:11:19.708588941Z", "container": "prefect-postgres", "msg": "2026-08-12 08:11:19.708 UTC [805] STATEMENT:  INSERT INTO registered_models (workspace, name, creation_time, last_updated_time, description) VALUES ('default', 'anton-win-probability-model', 1786522279707, 1786522279707, NULL)"}
{"ts": "2026-08-12T08:13:16.586348988Z", "container": "prefect-postgres", "msg": "2026-08-12 08:13:16.586 UTC [28] LOG:  checkpoint starting: time"}
{"ts": "2026-08-12T08:14:09.819493014Z", "container": "prefect-postgres", "msg": "2026-08-12 08:14:09.819 UTC [28] LOG:  checkpoint complete: wrote 533 buffers (3.3%); 0 WAL file(s) added, 0 removed, 0 recycled; write=53.216 s, sync=0.007 s, total=53.234 s; sync files=190, longest=0.004 s, average=0.001 s; distance=2930 kB, estimate=2930 kB; lsn=0/C2A9D258, redo lsn=0/C2A6D8B8"}
{"ts": "2026-08-12T08:18:16.919460644Z", "container": "prefect-postgres", "msg": "2026-08-12 08:18:16.919 UTC [28] LOG:  checkpoint starting: time"}
{"ts": "2026-08-12T08:18:26.270056681Z", "container": "prefect-postgres", "msg": "2026-08-12 08:18:26.269 UTC [28] LOG:  checkpoint complete: wrote 85 buffers (0.5%); 0 WAL file(s) added, 0 removed, 0 recycled; write=9.320 s, sync=0.016 s, total=9.351 s; sync files=136, longest=0.003 s, average=0.001 s; distance=2965 kB, estimate=2965 kB; lsn=0/C2D5EC58, redo lsn=0/C2D53020"}
{"ts": "2026-08-12T08:23:16.367452711Z", "container": "prefect-postgres", "msg": "2026-08-12 08:23:16.367 UTC [28] LOG:  checkpoint starting: time"}
{"ts": "2026-08-12T08:23:20.803337560Z", "container": "prefect-postgres", "msg": "2026-08-12 08:23:20.803 UTC [28] LOG:  checkpoint complete: wrote 41 buffers (0.3%); 0 WAL file(s) added, 0 removed, 0 recycled; write=4.409 s, sync=0.015 s, total=4.436 s; sync files=30, longest=0.004 s, average=0.001 s; distance=1065 kB, estimate=2775 kB; lsn=0/C2E65040, redo lsn=0/C2E5D700"}
{"ts": "2026-08-12T08:28:16.887466479Z", "container": "prefect-postgres", "msg": "2026-08-12 08:28:16.887 UTC [28] LOG:  checkpoint starting: time"}
{"ts": "2026-08-12T08:28:35.538711754Z", "container": "prefect-postgres", "msg": "2026-08-12 08:28:35.538 UTC [28] LOG:  checkpoint complete: wrote 93 buffers (0.6%); 0 WAL file(s) added, 0 removed, 1 recycled; write=18.632 s, sync=0.014 s, total=18.652 s; sync files=120, longest=0.002 s, average=0.001 s; distance=2090 kB, estimate=2707 kB; lsn=0/C307D0D0, redo lsn=0/C30681B8"}
{"ts": "2026-08-12T08:28:56.414084271Z", "container": "prefect-postgres", "msg": "2026-08-12 08:28:56.413 UTC [2435] ERROR:  duplicate key value violates unique constraint \"metric_pk\""}
{"ts": "2026-08-12T08:28:56.414109391Z", "container": "prefect-postgres", "msg": "2026-08-12 08:28:56.413 UTC [2435] DETAIL:  Key (key, \"timestamp\", step, run_uuid, value, is_nan)=(roc_auc, 1786523336255, 0, f3fcedad73914a87b3a8d55fa30bc81c, 0.843142438706875, f) already exists."}
{"ts": "2026-08-12T08:28:56.414116321Z", "container": "prefect-postgres", "msg": "2026-08-12 08:28:56.413 UTC [2435] STATEMENT:  INSERT INTO metrics (key, value, timestamp, step, is_nan, run_uuid) VALUES ('roc_auc', 0.843142438706875, 1786523336255, 0, false, 'f3fcedad73914a87b3a8d55fa30bc81c'), ('pr_auc', 0.6521282723565235, 1786523336261, 0, false, 'f3fcedad73914a87b3a8d55fa30bc81c'), ('log_loss', 0.41048814632096, 1786523336263, 0, false, 'f3fcedad73914a87b3a8d55fa30bc81c'), ('brier_score', 0.13746966790820012, 1786523336266, 0, false, 'f3fcedad73914a87b3a8d55fa30bc81c'), ('accuracy', 0.792350113122172, 1786523336268, 0, false, 'f3fcedad73914a87b3a8d55fa30bc81c'), ('precision', 0.6243506493506493, 1786523336271, 0, false, 'f3fcedad73914a87b3a8d55fa30bc81c'), ('recall', 0.519308668647043, 1786523336273, 0, false, 'f3fcedad73914a87b3a8d55fa30bc81c'), ('f1', 0.5670057496682883, 1786523336276, 0, false, 'f3fcedad73914a87b3a8d55fa30bc81c'), ('f2', 0.5373910127431254, 1786523336278, 0, false, 'f3fcedad73914a87b3a8d55fa30bc81c'), ('observed_win_rate', 0.2618071266968326, 1786523336281, 0, false, 'f3fcedad73914a87b3a8d55fa30bc81c'), ('predicted_current_bid_win_rate', 0.2772598691258481, 1786523336283, 0, false, 'f3fcedad73914a87b3a8d55fa30bc81c'), ('calibration_error', 0.015452742429015509, 1786523336285, 0, false, 'f3fcedad73914a87b3a8d55fa30bc81c'), ('predicted_recommended_bid_win_rate', 0.354555931476813, 1786523336288, 0, false, 'f3fcedad73914a87b3a8d55fa30bc81c'), ('optimizer_optimizer_rows', 14144.0, 1786523336290, 0, false, 'f3fcedad73914a87b3a8d55fa30bc81c'), ('optimizer_target_cm', 0.25, 1786523336293, 0, false, 'f3fcedad73914a87b3a8d55fa30bc81c'), ('optimizer_current_bid_total_expected_profit', 52496.626296773495, 1786523336295, 0, false, 'f3fcedad73914a87b3a8d55fa30bc81c'), ('optimizer_recommended_bid_total_expected_profit', 66933.95319696506, 1786523336297, 0, false, 'f3fcedad73914a87b3a8d55fa30bc81c'), ('optimizer_expected_profit_lift_total', 14437.326900191561, 1786523336300, 0, false, 'f3fcedad73914a87b3a8d55fa30bc81c'), ('optimizer_expected_profit_lift_pct', 0.2750143755633854, 1786523336302, 0, false, 'f3fcedad73914a87b3a8d55fa30bc81c'), ('optimizer_avg_current_bid_predicted_win_rate', 0.2772598691258481, 1786523336304, 0, false, 'f3fcedad73914a87b3a8d55fa30bc81c'), ('optimizer_avg_recommended_bid_predicted_win_rate', 0.354555931476813, 1786523336307, 0, false, 'f3fcedad73914a87b3a8d55fa30bc81c'), ('optimizer_avg_bid_change', 0.8913157522624434, 1786523336309, 0, false, 'f3fcedad73914a87b3a8d55fa30bc81c'), ('optimizer_median_bid_change', 0.38, 1786523336312, 0, false, 'f3fcedad73914a87b3a8d55fa30bc81c'), ('optimizer_bid_increase_pct', 57.83371040723983, 1786523336314, 0, false, 'f3fcedad73914a87b3a8d55fa30bc81c'), ('optimizer_bid_decrease_pct', 40.66035067873303, 1786523336316, 0, false, 'f3fcedad73914a87b3a8d55fa30bc81c'), ('optimizer_bid_unchanged_pct', 1.5059389140271493, 1786523336319, 0, false, 'f3fcedad73914a87b3a8d55fa30bc81c'), ('optimizer_avg_recommended_bid_cm_if_won', 0.5998733794930446, 1786523336321, 0, false, 'f3fcedad73914a87b3a8d55fa30bc81c')"}
{"ts": "2026-08-12T08:28:59.470765209Z", "container": "prefect-postgres", "msg": "2026-08-12 08:28:59.470 UTC [2444] ERROR:  duplicate key value violates unique constraint \"registered_model_pk\""}
{"ts": "2026-08-12T08:28:59.470791669Z", "container": "prefect-postgres", "msg": "2026-08-12 08:28:59.470 UTC [2444] DETAIL:  Key (workspace, name)=(default, anton-win-probability-model) already exists."}
{"ts": "2026-08-12T08:28:59.470795699Z", "container": "prefect-postgres", "msg": "2026-08-12 08:28:59.470 UTC [2444] STATEMENT:  INSERT INTO registered_models (workspace, name, creation_time, last_updated_time, description) VALUES ('default', 'anton-win-probability-model', 1786523339469, 1786523339469, NULL)"}
{"ts": "2026-08-12T08:30:00.099262871Z", "container": "prefect-postgres", "msg": "2026-08-12 08:30:00.099 UTC [76] ERROR:  duplicate key value violates unique constraint \"pk_task_run\""}
{"ts": "2026-08-12T08:30:00.099289531Z", "container": "prefect-postgres", "msg": "2026-08-12 08:30:00.099 UTC [76] DETAIL:  Key (id)=(019ff517-b735-7191-aefc-780ecfe61367) already exists."}
{"ts": "2026-08-12T08:30:00.099315271Z", "container": "prefect-postgres", "msg": "2026-08-12 08:30:00.099 UTC [76] STATEMENT:  INSERT INTO task_run (flow_run_id, task_key, dynamic_key, flow_run_run_count, empirical_policy, task_inputs, tags, labels, state_id, name, state_type, state_name, state_timestamp, run_count, expected_start_time, total_run_time, id, created, updated) VALUES ($1::UUID, $2::VARCHAR, $3::VARCHAR, $4::INTEGER, $5, $6, $7::JSONB, $8::JSONB, $9::UUID, $10::VARCHAR, $11::state_type, $12::VARCHAR, $13::TIMESTAMP WITH TIME ZONE, $14::INTEGER, $15::TIMESTAMP WITH TIME ZONE, $16::INTERVAL, $17::UUID, $18::TIMESTAMP WITH TIME ZONE, $19::TIMESTAMP WITH TIME ZONE) ON CONFLICT (flow_run_id, task_key, dynamic_key) DO UPDATE SET flow_run_id = excluded.flow_run_id, task_key = excluded.task_key, dynamic_key = excluded.dynamic_key, flow_run_run_count = excluded.flow_run_run_count, empirical_policy = excluded.empirical_policy, task_inputs = excluded.task_inputs, tags = excluded.tags, labels = excluded.labels, state_id = excluded.state_id, name = excluded.name, state_type = excluded.state_type, state_name = excluded.state_name, state_timestamp = excluded.state_timestamp, run_count = excluded.run_count, expected_start_time = excluded.expected_start_time, total_run_time = excluded.total_run_time, updated = excluded.updated WHERE task_run.state_timestamp < excluded.state_timestamp"}
{"ts": "2026-08-12T08:33:16.638913570Z", "container": "prefect-postgres", "msg": "2026-08-12 08:33:16.638 UTC [28] LOG:  checkpoint starting: time"}
{"ts": "2026-08-12T08:33:22.061491075Z", "container": "prefect-postgres", "msg": "2026-08-12 08:33:22.061 UTC [28] LOG:  checkpoint complete: wrote 47 buffers (0.3%); 0 WAL file(s) added, 0 removed, 0 recycled; write=5.412 s, sync=0.006 s, total=5.423 s; sync files=175, longest=0.002 s, average=0.001 s; distance=3122 kB, estimate=3122 kB; lsn=0/C3380728, redo lsn=0/C3374BF8"}
{"ts": "2026-08-12T08:38:16.162251623Z", "container": "prefect-postgres", "msg": "2026-08-12 08:38:16.162 UTC [28] LOG:  checkpoint starting: time"}
{"ts": "2026-08-12T08:38:20.699394317Z", "container": "prefect-postgres", "msg": "2026-08-12 08:38:20.699 UTC [28] LOG:  checkpoint complete: wrote 43 buffers (0.3%); 0 WAL file(s) added, 0 removed, 0 recycled; write=4.509 s, sync=0.017 s, total=4.538 s; sync files=28, longest=0.003 s, average=0.001 s; distance=1056 kB, estimate=2915 kB; lsn=0/C3487EE0, redo lsn=0/C347CF00"}
{"ts": "2026-08-12T08:43:16.799531722Z", "container": "prefect-postgres", "msg": "2026-08-12 08:43:16.799 UTC [28] LOG:  checkpoint starting: time"}
{"ts": "2026-08-12T08:43:19.534846512Z", "container": "prefect-postgres", "msg": "2026-08-12 08:43:19.534 UTC [28] LOG:  checkpoint complete: wrote 25 buffers (0.2%); 0 WAL file(s) added, 0 removed, 0 recycled; write=2.709 s, sync=0.016 s, total=2.736 s; sync files=28, longest=0.003 s, average=0.001 s; distance=1036 kB, estimate=2728 kB; lsn=0/C3589F78, redo lsn=0/C35801A0"}
{"ts": "2026-08-12T08:48:16.631504504Z", "container": "prefect-postgres", "msg": "2026-08-12 08:48:16.631 UTC [28] LOG:  checkpoint starting: time"}
{"ts": "2026-08-12T08:48:21.564276384Z", "container": "prefect-postgres", "msg": "2026-08-12 08:48:21.564 UTC [28] LOG:  checkpoint complete: wrote 49 buffers (0.3%); 0 WAL file(s) added, 0 removed, 0 recycled; write=4.914 s, sync=0.007 s, total=4.933 s; sync files=132, longest=0.003 s, average=0.001 s; distance=2810 kB, estimate=2810 kB; lsn=0/C384D9F8, redo lsn=0/C383EB38"}
{"ts": "2026-08-12T08:53:16.652221158Z", "container": "prefect-postgres", "msg": "2026-08-12 08:53:16.652 UTC [28] LOG:  checkpoint starting: time"}
{"ts": "2026-08-12T08:53:20.586198088Z", "container": "prefect-postgres", "msg": "2026-08-12 08:53:20.586 UTC [28] LOG:  checkpoint complete: wrote 37 buffers (0.2%); 0 WAL file(s) added, 0 removed, 0 recycled; write=3.911 s, sync=0.013 s, total=3.935 s; sync files=28, longest=0.004 s, average=0.001 s; distance=1080 kB, estimate=2637 kB; lsn=0/C3952150, redo lsn=0/C394CD58"}
{"ts": "2026-08-12T08:58:16.686385033Z", "container": "prefect-postgres", "msg": "2026-08-12 08:58:16.686 UTC [28] LOG:  checkpoint starting: time"}
{"ts": "2026-08-12T08:58:20.915385049Z", "container": "prefect-postgres", "msg": "2026-08-12 08:58:20.915 UTC [28] LOG:  checkpoint complete: wrote 41 buffers (0.3%); 0 WAL file(s) added, 0 removed, 0 recycled; write=4.213 s, sync=0.006 s, total=4.230 s; sync files=30, longest=0.004 s, average=0.001 s; distance=1038 kB, estimate=2477 kB; lsn=0/C3A5D5B8, redo lsn=0/C3A50810"}
{"ts": "2026-08-12T09:03:17.015486179Z", "container": "prefect-postgres", "msg": "2026-08-12 09:03:17.015 UTC [28] LOG:  checkpoint starting: time"}
{"ts": "2026-08-12T09:03:23.151858571Z", "container": "prefect-postgres", "msg": "2026-08-12 09:03:23.151 UTC [28] LOG:  checkpoint complete: wrote 52 buffers (0.3%); 0 WAL file(s) added, 0 removed, 0 recycled; write=6.117 s, sync=0.009 s, total=6.137 s; sync files=26, longest=0.004 s, average=0.001 s; distance=1060 kB, estimate=2335 kB; lsn=0/C3B6A3B0, redo lsn=0/C3B59BE0"}
{"ts": "2026-08-12T09:08:17.252212968Z", "container": "prefect-postgres", "msg": "2026-08-12 09:08:17.252 UTC [28] LOG:  checkpoint starting: time"}
{"ts": "2026-08-12T09:09:48.923693626Z", "container": "prefect-postgres", "msg": "2026-08-12 09:09:48.923 UTC [28] LOG:  checkpoint complete: wrote 606 buffers (3.7%); 0 WAL file(s) added, 0 removed, 2 recycled; write=91.642 s, sync=0.020 s, total=91.672 s; sync files=27, longest=0.008 s, average=0.001 s; distance=27587 kB, estimate=27587 kB; lsn=0/C70132B0, redo lsn=0/C564ABB0"}
{"ts": "2026-08-12T09:13:17.442479399Z", "container": "prefect-postgres", "msg": "2026-08-12 09:13:17.442 UTC [28] LOG:  checkpoint starting: time"}
{"ts": "2026-08-12T09:16:26.245256818Z", "container": "prefect-postgres", "msg": "2026-08-12 09:16:26.245 UTC [6806] ERROR:  duplicate key value violates unique constraint \"metric_pk\""}
{"ts": "2026-08-12T09:16:26.245288008Z", "container": "prefect-postgres", "msg": "2026-08-12 09:16:26.245 UTC [6806] DETAIL:  Key (key, \"timestamp\", step, run_uuid, value, is_nan)=(roc_auc, 1786526186045, 0, 3c8cac395a704592bf6745dccd74fca6, 0.9198884867622403, f) already exists."}
{"ts": "2026-08-12T09:16:26.245294289Z", "container": "prefect-postgres", "msg": "2026-08-12 09:16:26.245 UTC [6806] STATEMENT:  INSERT INTO metrics (key, value, timestamp, step, is_nan, run_uuid) VALUES ('roc_auc', 0.9198884867622403, 1786526186045, 0, false, '3c8cac395a704592bf6745dccd74fca6'), ('pr_auc', 0.8571391370748844, 1786526186050, 0, false, '3c8cac395a704592bf6745dccd74fca6'), ('log_loss', 0.3255438246365054, 1786526186053, 0, false, '3c8cac395a704592bf6745dccd74fca6'), ('brier_score', 0.10715330604674916, 1786526186056, 0, false, '3c8cac395a704592bf6745dccd74fca6'), ('accuracy', 0.8411187496327633, 1786526186058, 0, false, '3c8cac395a704592bf6745dccd74fca6'), ('precision', 0.7703210328608857, 1786526186061, 0, false, '3c8cac395a704592bf6745dccd74fca6'), ('recall', 0.7317021978351473, 1786526186063, 0, false, '3c8cac395a704592bf6745dccd74fca6'), ('f1', 0.7505151468552975, 1786526186066, 0, false, '3c8cac395a704592bf6745dccd74fca6'), ('f2', 0.7391130522222155, 1786526186068, 0, false, '3c8cac395a704592bf6745dccd74fca6'), ('observed_win_rate', 0.3266055584934485, 1786526186071, 0, false, '3c8cac395a704592bf6745dccd74fca6'), ('predicted_current_bid_win_rate', 0.3303045665672828, 1786526186073, 0, false, '3c8cac395a704592bf6745dccd74fca6'), ('calibration_error', 0.0036990080738342757, 1786526186076, 0, false, '3c8cac395a704592bf6745dccd74fca6'), ('predicted_recommended_bid_win_rate', 0.40037191532727545, 1786526186078, 0, false, '3c8cac395a704592bf6745dccd74fca6'), ('optimizer_optimizer_rows', 102114.0, 1786526186081, 0, false, '3c8cac395a704592bf6745dccd74fca6'), ('optimizer_target_cm', 0.25, 1786526186083, 0, false, '3c8cac395a704592bf6745dccd74fca6'), ('optimizer_current_bid_total_expected_profit', 379490.31556866074, 1786526186086, 0, false, '3c8cac395a704592bf6745dccd74fca6'), ('optimizer_recommended_bid_total_expected_profit', 543822.3454014226, 1786526186088, 0, false, '3c8cac395a704592bf6745dccd74fca6'), ('optimizer_expected_profit_lift_total', 164332.02983276185, 1786526186091, 0, false, '3c8cac395a704592bf6745dccd74fca6'), ('optimizer_expected_profit_lift_pct', 0.43303352705196885, 1786526186093, 0, false, '3c8cac395a704592bf6745dccd74fca6'), ('optimizer_avg_current_bid_predicted_win_rate', 0.3303045665672828, 1786526186095, 0, false, '3c8cac395a704592bf6745dccd74fca6'), ('optimizer_avg_recommended_bid_predicted_win_rate', 0.40037191532727545, 1786526186098, 0, false, '3c8cac395a704592bf6745dccd74fca6'), ('optimizer_avg_bid_change', 0.6457037232896566, 1786526186100, 0, false, '3c8cac395a704592bf6745dccd74fca6'), ('optimizer_median_bid_change', 0.17000000000000004, 1786526186103, 0, false, '3c8cac395a704592bf6745dccd74fca6'), ('optimizer_bid_increase_pct', 52.633331374738034, 1786526186105, 0, false, '3c8cac395a704592bf6745dccd74fca6'), ('optimizer_bid_decrease_pct', 46.07497502790998, 1786526186107, 0, false, '3c8cac395a704592bf6745dccd74fca6'), ('optimizer_bid_unchanged_pct', 1.2916935973519792, 1786526186110, 0, false, '3c8cac395a704592bf6745dccd74fca6'), ('optimizer_avg_recommended_bid_cm_if_won', 0.584123502476465, 1786526186112, 0, false, '3c8cac395a704592bf6745dccd74fca6')"}
{"ts": "2026-08-12T09:17:47.131324917Z", "container": "prefect-postgres", "msg": "2026-08-12 09:17:47.131 UTC [28] LOG:  checkpoint complete: wrote 3345 buffers (20.4%); 0 WAL file(s) added, 0 removed, 5 recycled; write=269.639 s, sync=0.018 s, total=269.689 s; sync files=172, longest=0.004 s, average=0.001 s; distance=77353 kB, estimate=77353 kB; lsn=0/CCD0DAB8, redo lsn=0/CA1D5398"}
{"ts": "2026-08-12T09:18:17.161391669Z", "container": "prefect-postgres", "msg": "2026-08-12 09:18:17.161 UTC [28] LOG:  checkpoint starting: time"}
{"ts": "2026-08-12T09:19:28.605802459Z", "container": "prefect-postgres", "msg": "2026-08-12 09:19:28.605 UTC [28] LOG:  checkpoint complete: wrote 692 buffers (4.2%); 0 WAL file(s) added, 0 removed, 2 recycled; write=71.411 s, sync=0.018 s, total=71.445 s; sync files=29, longest=0.003 s, average=0.001 s; distance=44314 kB, estimate=74050 kB; lsn=0/CCD6A1E8, redo lsn=0/CCD1BCD8"}
{"ts": "2026-08-12T09:23:17.547690648Z", "container": "prefect-postgres", "msg": "2026-08-12 09:23:17.547 UTC [28] LOG:  checkpoint starting: time"}
{"ts": "2026-08-12T09:27:47.101782467Z", "container": "prefect-postgres", "msg": "2026-08-12 09:27:47.101 UTC [28] LOG:  checkpoint complete: wrote 3136 buffers (19.1%); 0 WAL file(s) added, 4 removed, 5 recycled; write=269.505 s, sync=0.009 s, total=269.555 s; sync files=30, longest=0.003 s, average=0.001 s; distance=139094 kB, estimate=139094 kB; lsn=0/E300B640, redo lsn=0/D54F1890"}
{"ts": "2026-08-12T09:28:17.131881543Z", "container": "prefect-postgres", "msg": "2026-08-12 09:28:17.131 UTC [28] LOG:  checkpoint starting: time"}
{"ts": "2026-08-12T09:32:47.136444653Z", "container": "prefect-postgres", "msg": "2026-08-12 09:32:47.136 UTC [28] LOG:  checkpoint complete: wrote 7724 buffers (47.1%); 0 WAL file(s) added, 0 removed, 14 recycled; write=269.933 s, sync=0.019 s, total=270.005 s; sync files=28, longest=0.004 s, average=0.001 s; distance=224422 kB, estimate=224422 kB; lsn=0/E3108290, redo lsn=0/E301B408"}
{"ts": "2026-08-12T09:33:17.163429226Z", "container": "prefect-postgres", "msg": "2026-08-12 09:33:17.163 UTC [28] LOG:  checkpoint starting: time"}
{"ts": "2026-08-12T09:33:21.993632016Z", "container": "prefect-postgres", "msg": "2026-08-12 09:33:21.993 UTC [28] LOG:  checkpoint complete: wrote 47 buffers (0.3%); 0 WAL file(s) added, 0 removed, 0 recycled; write=4.811 s, sync=0.008 s, total=4.831 s; sync files=23, longest=0.003 s, average=0.001 s; distance=1038 kB, estimate=202084 kB; lsn=0/E312DD38, redo lsn=0/E311EDC0"}
{"ts": "2026-08-12T09:38:18.091564405Z", "container": "prefect-postgres", "msg": "2026-08-12 09:38:18.091 UTC [28] LOG:  checkpoint starting: time"}
{"ts": "2026-08-12T09:42:48.038451624Z", "container": "prefect-postgres", "msg": "2026-08-12 09:42:48.038 UTC [28] LOG:  checkpoint complete: wrote 2417 buffers (14.8%); 0 WAL file(s) added, 0 removed, 2 recycled; write=269.915 s, sync=0.014 s, total=269.947 s; sync files=35, longest=0.007 s, average=0.001 s; distance=35412 kB, estimate=185417 kB; lsn=0/E9B6A2C0, redo lsn=0/E53B3F20"}
{"ts": "2026-08-12T09:43:18.067606994Z", "container": "prefect-postgres", "msg": "2026-08-12 09:43:18.067 UTC [28] LOG:  checkpoint starting: time"}
{"ts": "2026-08-12T09:47:48.091103163Z", "container": "prefect-postgres", "msg": "2026-08-12 09:47:48.091 UTC [28] LOG:  checkpoint complete: wrote 1827 buffers (11.2%); 0 WAL file(s) added, 0 removed, 5 recycled; write=269.980 s, sync=0.018 s, total=270.024 s; sync files=28, longest=0.003 s, average=0.001 s; distance=81407 kB, estimate=175016 kB; lsn=0/ECD928C0, redo lsn=0/EA333B20"}
{"ts": "2026-08-12T09:48:18.121158635Z", "container": "prefect-postgres", "msg": "2026-08-12 09:48:18.121 UTC [28] LOG:  checkpoint starting: time"}
{"ts": "2026-08-12T09:49:38.677260463Z", "container": "prefect-postgres", "msg": "2026-08-12 09:49:38.677 UTC [28] LOG:  checkpoint complete: wrote 792 buffers (4.8%); 0 WAL file(s) added, 0 removed, 2 recycled; write=80.523 s, sync=0.015 s, total=80.557 s; sync files=25, longest=0.003 s, average=0.001 s; distance=43443 kB, estimate=161858 kB; lsn=0/ECDFB680, redo lsn=0/ECDA0778"}
{"ts": "2026-08-12T09:53:18.775489974Z", "container": "prefect-postgres", "msg": "2026-08-12 09:53:18.775 UTC [28] LOG:  checkpoint starting: time"}
{"ts": "2026-08-12T09:53:22.212476788Z", "container": "prefect-postgres", "msg": "2026-08-12 09:53:22.212 UTC [28] LOG:  checkpoint complete: wrote 28 buffers (0.2%); 0 WAL file(s) added, 0 removed, 0 recycled; write=3.410 s, sync=0.016 s, total=3.438 s; sync files=29, longest=0.003 s, average=0.001 s; distance=874 kB, estimate=145760 kB; lsn=0/ECE87028, redo lsn=0/ECE7B228"}
{"ts": "2026-08-12T09:58:18.311428544Z", "container": "prefect-postgres", "msg": "2026-08-12 09:58:18.311 UTC [28] LOG:  checkpoint starting: time"}
{"ts": "2026-08-12T09:58:23.049602914Z", "container": "prefect-postgres", "msg": "2026-08-12 09:58:23.049 UTC [28] LOG:  checkpoint complete: wrote 47 buffers (0.3%); 0 WAL file(s) added, 0 removed, 0 recycled; write=4.713 s, sync=0.015 s, total=4.739 s; sync files=28, longest=0.003 s, average=0.001 s; distance=866 kB, estimate=131271 kB; lsn=0/ECF5A8A0, redo lsn=0/ECF53DE8"}
{"ts": "2026-08-12T10:03:18.147428785Z", "container": "prefect-postgres", "msg": "2026-08-12 10:03:18.147 UTC [28] LOG:  checkpoint starting: time"}
{"ts": "2026-08-12T10:03:21.381888081Z", "container": "prefect-postgres", "msg": "2026-08-12 10:03:21.381 UTC [28] LOG:  checkpoint complete: wrote 32 buffers (0.2%); 0 WAL file(s) added, 1 removed, 0 recycled; write=3.210 s, sync=0.011 s, total=3.235 s; sync files=27, longest=0.003 s, average=0.001 s; distance=840 kB, estimate=118228 kB; lsn=0/ED034D50, redo lsn=0/ED025E00"}
{"ts": "2026-08-12T10:08:18.479435811Z", "container": "prefect-postgres", "msg": "2026-08-12 10:08:18.479 UTC [28] LOG:  checkpoint starting: time"}
{"ts": "2026-08-12T10:08:22.306138988Z", "container": "prefect-postgres", "msg": "2026-08-12 10:08:22.306 UTC [28] LOG:  checkpoint complete: wrote 38 buffers (0.2%); 0 WAL file(s) added, 0 removed, 0 recycled; write=3.810 s, sync=0.007 s, total=3.827 s; sync files=31, longest=0.004 s, average=0.001 s; distance=878 kB, estimate=106493 kB; lsn=0/ED107078, redo lsn=0/ED1018D8"}
{"ts": "2026-08-12T10:13:18.403450702Z", "container": "prefect-postgres", "msg": "2026-08-12 10:13:18.403 UTC [28] LOG:  checkpoint starting: time"}
{"ts": "2026-08-12T10:13:23.740484917Z", "container": "prefect-postgres", "msg": "2026-08-12 10:13:23.740 UTC [28] LOG:  checkpoint complete: wrote 50 buffers (0.3%); 0 WAL file(s) added, 0 removed, 0 recycled; write=5.312 s, sync=0.015 s, total=5.338 s; sync files=28, longest=0.003 s, average=0.001 s; distance=887 kB, estimate=95932 kB; lsn=0/ED1E7160, redo lsn=0/ED1DF5F8"}
{"ts": "2026-08-12T10:18:18.839429507Z", "container": "prefect-postgres", "msg": "2026-08-12 10:18:18.839 UTC [28] LOG:  checkpoint starting: time"}
{"ts": "2026-08-12T10:18:22.776675391Z", "container": "prefect-postgres", "msg": "2026-08-12 10:18:22.776 UTC [28] LOG:  checkpoint complete: wrote 38 buffers (0.2%); 0 WAL file(s) added, 0 removed, 0 recycled; write=3.911 s, sync=0.014 s, total=3.938 s; sync files=28, longest=0.004 s, average=0.001 s; distance=834 kB, estimate=86422 kB; lsn=0/ED2B5DC8, redo lsn=0/ED2B0068"}
{"ts": "2026-08-12T10:23:18.874872760Z", "container": "prefect-postgres", "msg": "2026-08-12 10:23:18.874 UTC [28] LOG:  checkpoint starting: time"}
{"ts": "2026-08-12T10:23:22.903600949Z", "container": "prefect-postgres", "msg": "2026-08-12 10:23:22.903 UTC [28] LOG:  checkpoint complete: wrote 40 buffers (0.2%); 0 WAL file(s) added, 0 removed, 0 recycled; write=4.010 s, sync=0.010 s, total=4.029 s; sync files=29, longest=0.003 s, average=0.001 s; distance=904 kB, estimate=77870 kB; lsn=0/ED3A0C60, redo lsn=0/ED392210"}
{"ts": "2026-08-12T10:28:19.003434763Z", "container": "prefect-postgres", "msg": "2026-08-12 10:28:19.003 UTC [28] LOG:  checkpoint starting: time"}
{"ts": "2026-08-12T10:28:24.144404600Z", "container": "prefect-postgres", "msg": "2026-08-12 10:28:24.144 UTC [28] LOG:  checkpoint complete: wrote 46 buffers (0.3%); 0 WAL file(s) added, 0 removed, 0 recycled; write=5.116 s, sync=0.014 s, total=5.141 s; sync files=28, longest=0.003 s, average=0.001 s; distance=837 kB, estimate=70167 kB; lsn=0/ED46D070, redo lsn=0/ED463670"}
{"ts": "2026-08-12T10:33:19.243433971Z", "container": "prefect-postgres", "msg": "2026-08-12 10:33:19.243 UTC [28] LOG:  checkpoint starting: time"}
{"ts": "2026-08-12T10:33:23.684326812Z", "container": "prefect-postgres", "msg": "2026-08-12 10:33:23.684 UTC [28] LOG:  checkpoint complete: wrote 46 buffers (0.3%); 0 WAL file(s) added, 0 removed, 0 recycled; write=4.414 s, sync=0.016 s, total=4.441 s; sync files=27, longest=0.003 s, average=0.001 s; distance=863 kB, estimate=63237 kB; lsn=0/ED543D00, redo lsn=0/ED53B288"}
{"ts": "2026-08-12T10:38:19.745662912Z", "container": "prefect-postgres", "msg": "2026-08-12 10:38:19.745 UTC [28] LOG:  checkpoint starting: time"}
{"ts": "2026-08-12T10:38:22.677325895Z", "container": "prefect-postgres", "msg": "2026-08-12 10:38:22.677 UTC [28] LOG:  checkpoint complete: wrote 30 buffers (0.2%); 0 WAL file(s) added, 0 removed, 0 recycled; write=2.911 s, sync=0.008 s, total=2.932 s; sync files=28, longest=0.003 s, average=0.001 s; distance=903 kB, estimate=57003 kB; lsn=0/ED6232F0, redo lsn=0/ED61CF70"}
{"ts": "2026-08-12T10:43:13.263283076Z", "container": "prefect-postgres", "msg": "2026-08-12 10:43:13.263 UTC [11172] ERROR:  duplicate key value violates unique constraint \"uq_work_queue__work_pool_id_name\""}
{"ts": "2026-08-12T10:43:13.263329996Z", "container": "prefect-postgres", "msg": "2026-08-12 10:43:13.263 UTC [11172] DETAIL:  Key (work_pool_id, name)=(39ec39e1-9474-4f11-8d83-5fab43991140, default) already exists."}
{"ts": "2026-08-12T10:43:13.263334186Z", "container": "prefect-postgres", "msg": "2026-08-12 10:43:13.263 UTC [11172] STATEMENT:  INSERT INTO work_queue (name, filter, description, is_paused, concurrency_limit, priority, last_polled, status, work_pool_id, id, created, updated) VALUES ($1::VARCHAR, $2, $3::VARCHAR, $4::BOOLEAN, $5::INTEGER, $6::INTEGER, $7::TIMESTAMP WITH TIME ZONE, $8::work_queue_status, $9::UUID, $10::UUID, $11::TIMESTAMP WITH TIME ZONE, $12::TIMESTAMP WITH TIME ZONE)"}
{"ts": "2026-08-12T10:43:14.298202741Z", "container": "prefect-postgres", "msg": "2026-08-12 10:43:14.298 UTC [11172] ERROR:  duplicate key value violates unique constraint \"uq_work_queue__work_pool_id_name\""}
{"ts": "2026-08-12T10:43:14.298227831Z", "container": "prefect-postgres", "msg": "2026-08-12 10:43:14.298 UTC [11172] DETAIL:  Key (work_pool_id, name)=(39ec39e1-9474-4f11-8d83-5fab43991140, features) already exists."}
{"ts": "2026-08-12T10:43:14.298231941Z", "container": "prefect-postgres", "msg": "2026-08-12 10:43:14.298 UTC [11172] STATEMENT:  INSERT INTO work_queue (name, filter, description, is_paused, concurrency_limit, priority, last_polled, status, work_pool_id, id, created, updated) VALUES ($1::VARCHAR, $2, $3::VARCHAR, $4::BOOLEAN, $5::INTEGER, $6::INTEGER, $7::TIMESTAMP WITH TIME ZONE, $8::work_queue_status, $9::UUID, $10::UUID, $11::TIMESTAMP WITH TIME ZONE, $12::TIMESTAMP WITH TIME ZONE)"}
{"ts": "2026-08-12T10:43:15.328598779Z", "container": "prefect-postgres", "msg": "2026-08-12 10:43:15.328 UTC [11172] ERROR:  duplicate key value violates unique constraint \"uq_work_queue__work_pool_id_name\""}
{"ts": "2026-08-12T10:43:15.328632319Z", "container": "prefect-postgres", "msg": "2026-08-12 10:43:15.328 UTC [11172] DETAIL:  Key (work_pool_id, name)=(39ec39e1-9474-4f11-8d83-5fab43991140, training) already exists."}
{"ts": "2026-08-12T10:43:15.328636339Z", "container": "prefect-postgres", "msg": "2026-08-12 10:43:15.328 UTC [11172] STATEMENT:  INSERT INTO work_queue (name, filter, description, is_paused, concurrency_limit, priority, last_polled, status, work_pool_id, id, created, updated) VALUES ($1::VARCHAR, $2, $3::VARCHAR, $4::BOOLEAN, $5::INTEGER, $6::INTEGER, $7::TIMESTAMP WITH TIME ZONE, $8::work_queue_status, $9::UUID, $10::UUID, $11::TIMESTAMP WITH TIME ZONE, $12::TIMESTAMP WITH TIME ZONE)"}
{"ts": "2026-08-12T10:43:19.775420306Z", "container": "prefect-postgres", "msg": "2026-08-12 10:43:19.775 UTC [28] LOG:  checkpoint starting: time"}
{"ts": "2026-08-12T10:43:29.936137819Z", "container": "prefect-postgres", "msg": "2026-08-12 10:43:29.936 UTC [28] LOG:  checkpoint complete: wrote 97 buffers (0.6%); 0 WAL file(s) added, 0 removed, 0 recycled; write=10.121 s, sync=0.028 s, total=10.161 s; sync files=64, longest=0.002 s, average=0.001 s; distance=1030 kB, estimate=51406 kB; lsn=0/ED7AB698, redo lsn=0/ED71EB38"}
{"ts": "2026-08-12T10:46:36.265533065Z", "container": "prefect-postgres", "msg": "2026-08-12 10:46:36.265 UTC [11120] ERROR:  duplicate key value violates unique constraint \"pk_task_run\""}
{"ts": "2026-08-12T10:46:36.265559045Z", "container": "prefect-postgres", "msg": "2026-08-12 10:46:36.265 UTC [11120] DETAIL:  Key (id)=(019ff594-c7b8-7bb9-ac63-8400b480b498) already exists."}
{"ts": "2026-08-12T10:46:36.265565185Z", "container": "prefect-postgres", "msg": "2026-08-12 10:46:36.265 UTC [11120] STATEMENT:  INSERT INTO task_run (flow_run_id, task_key, dynamic_key, flow_run_run_count, empirical_policy, task_inputs, tags, labels, state_id, name, state_type, state_name, state_timestamp, run_count, expected_start_time, total_run_time, id, created, updated) VALUES ($1::UUID, $2::VARCHAR, $3::VARCHAR, $4::INTEGER, $5, $6, $7::JSONB, $8::JSONB, $9::UUID, $10::VARCHAR, $11::state_type, $12::VARCHAR, $13::TIMESTAMP WITH TIME ZONE, $14::INTEGER, $15::TIMESTAMP WITH TIME ZONE, $16::INTERVAL, $17::UUID, $18::TIMESTAMP WITH TIME ZONE, $19::TIMESTAMP WITH TIME ZONE) ON CONFLICT (flow_run_id, task_key, dynamic_key) DO UPDATE SET flow_run_id = excluded.flow_run_id, task_key = excluded.task_key, dynamic_key = excluded.dynamic_key, flow_run_run_count = excluded.flow_run_run_count, empirical_policy = excluded.empirical_policy, task_inputs = excluded.task_inputs, tags = excluded.tags, labels = excluded.labels, state_id = excluded.state_id, name = excluded.name, state_type = excluded.state_type, state_name = excluded.state_name, state_timestamp = excluded.state_timestamp, run_count = excluded.run_count, expected_start_time = excluded.expected_start_time, total_run_time = excluded.total_run_time, updated = excluded.updated WHERE task_run.state_timestamp < excluded.state_timestamp"}
{"ts": "2026-08-12T10:47:20.914309635Z", "container": "prefect-postgres", "msg": "2026-08-12 10:47:20.914 UTC [15172] ERROR:  duplicate key value violates unique constraint \"metric_pk\""}
{"ts": "2026-08-12T10:47:20.914339955Z", "container": "prefect-postgres", "msg": "2026-08-12 10:47:20.914 UTC [15172] DETAIL:  Key (key, \"timestamp\", step, run_uuid, value, is_nan)=(roc_auc, 1786531640732, 0, 5cc5c7774d7b4b73b715185aa41b881f, 0.84293577367045, f) already exists."}
{"ts": "2026-08-12T10:47:20.914351355Z", "container": "prefect-postgres", "msg": "2026-08-12 10:47:20.914 UTC [15172] STATEMENT:  INSERT INTO metrics (key, value, timestamp, step, is_nan, run_uuid) VALUES ('roc_auc', 0.84293577367045, 1786531640732, 0, false, '5cc5c7774d7b4b73b715185aa41b881f'), ('pr_auc', 0.6499142920214293, 1786531640739, 0, false, '5cc5c7774d7b4b73b715185aa41b881f'), ('log_loss', 0.40958017420614273, 1786531640742, 0, false, '5cc5c7774d7b4b73b715185aa41b881f'), ('brier_score', 0.13704125948400406, 1786531640746, 0, false, '5cc5c7774d7b4b73b715185aa41b881f'), ('accuracy', 0.796143832242629, 1786531640749, 0, false, '5cc5c7774d7b4b73b715185aa41b881f'), ('precision', 0.6296176279974076, 1786531640752, 0, false, '5cc5c7774d7b4b73b715185aa41b881f'), ('recall', 0.5255612658912632, 1786531640756, 0, false, '5cc5c7774d7b4b73b715185aa41b881f'), ('f1', 0.5729028453486658, 1786531640759, 0, false, '5cc5c7774d7b4b73b715185aa41b881f'), ('f2', 0.543526910596397, 1786531640762, 0, false, '5cc5c7774d7b4b73b715185aa41b881f'), ('observed_win_rate', 0.26015058757300685, 1786531640765, 0, false, '5cc5c7774d7b4b73b715185aa41b881f'), ('predicted_current_bid_win_rate', 0.2736042297530024, 1786531640768, 0, false, '5cc5c7774d7b4b73b715185aa41b881f'), ('calibration_error', 0.013453642179995562, 1786531640771, 0, false, '5cc5c7774d7b4b73b715185aa41b881f'), ('predicted_recommended_bid_win_rate', 0.3512022806747697, 1786531640774, 0, false, '5cc5c7774d7b4b73b715185aa41b881f'), ('optimizer_optimizer_rows', 14211.0, 1786531640778, 0, false, '5cc5c7774d7b4b73b715185aa41b881f'), ('optimizer_target_cm', 0.25, 1786531640781, 0, false, '5cc5c7774d7b4b73b715185aa41b881f'), ('optimizer_current_bid_total_expected_profit', 52494.29655223337, 1786531640784, 0, false, '5cc5c7774d7b4b73b715185aa41b881f'), ('optimizer_recommended_bid_total_expected_profit', 66999.9558152279, 1786531640788, 0, false, '5cc5c7774d7b4b73b715185aa41b881f'), ('optimizer_expected_profit_lift_total', 14505.659262994537, 1786531640791, 0, false, '5cc5c7774d7b4b73b715185aa41b881f'), ('optimizer_expected_profit_lift_pct', 0.2763282911803758, 1786531640794, 0, false, '5cc5c7774d7b4b73b715185aa41b881f'), ('optimizer_avg_current_bid_predicted_win_rate', 0.2736042297530024, 1786531640797, 0, false, '5cc5c7774d7b4b73b715185aa41b881f'), ('optimizer_avg_recommended_bid_predicted_win_rate', 0.3512022806747697, 1786531640800, 0, false, '5cc5c7774d7b4b73b715185aa41b881f'), ('optimizer_avg_bid_change', 0.8891647315459855, 1786531640803, 0, false, '5cc5c7774d7b4b73b715185aa41b881f'), ('optimizer_median_bid_change', 0.3700000000000001, 1786531640806, 0, false, '5cc5c7774d7b4b73b715185aa41b881f'), ('optimizer_bid_increase_pct', 58.01139962001267, 1786531640809, 0, false, '5cc5c7774d7b4b73b715185aa41b881f'), ('optimizer_bid_decrease_pct', 40.68679192175076, 1786531640812, 0, false, '5cc5c7774d7b4b73b715185aa41b881f'), ('optimizer_bid_unchanged_pct', 1.3018084582365772, 1786531640815, 0, false, '5cc5c7774d7b4b73b715185aa41b881f'), ('optimizer_avg_recommended_bid_cm_if_won', 0.5989867246554689, 1786531640818, 0, false, '5cc5c7774d7b4b73b715185aa41b881f')"}
{"ts": "2026-08-12T10:47:24.261980143Z", "container": "prefect-postgres", "msg": "2026-08-12 10:47:24.261 UTC [15181] ERROR:  duplicate key value violates unique constraint \"registered_model_pk\""}
{"ts": "2026-08-12T10:47:24.262011013Z", "container": "prefect-postgres", "msg": "2026-08-12 10:47:24.261 UTC [15181] DETAIL:  Key (workspace, name)=(default, anton-win-probability-model) already exists."}
{"ts": "2026-08-12T10:47:24.262015053Z", "container": "prefect-postgres", "msg": "2026-08-12 10:47:24.261 UTC [15181] STATEMENT:  INSERT INTO registered_models (workspace, name, creation_time, last_updated_time, description) VALUES ('default', 'anton-win-probability-model', 1786531644260, 1786531644260, NULL)"}
{"ts": "2026-08-12T10:48:20.035494350Z", "container": "prefect-postgres", "msg": "2026-08-12 10:48:20.035 UTC [28] LOG:  checkpoint starting: time"}
{"ts": "2026-08-12T10:48:25.583993034Z", "container": "prefect-postgres", "msg": "2026-08-12 10:48:25.583 UTC [28] LOG:  checkpoint complete: wrote 55 buffers (0.3%); 0 WAL file(s) added, 0 removed, 0 recycled; write=5.513 s, sync=0.025 s, total=5.549 s; sync files=197, longest=0.006 s, average=0.001 s; distance=3253 kB, estimate=46591 kB; lsn=0/EDA67BA0, redo lsn=0/EDA4BF88"}
{"ts": "2026-08-12T10:50:00.662917650Z", "container": "prefect-postgres", "msg": "2026-08-12 10:50:00.662 UTC [11149] ERROR:  duplicate key value violates unique constraint \"uq_work_queue__work_pool_id_name\""}
{"ts": "2026-08-12T10:50:00.662944510Z", "container": "prefect-postgres", "msg": "2026-08-12 10:50:00.662 UTC [11149] DETAIL:  Key (work_pool_id, name)=(39ec39e1-9474-4f11-8d83-5fab43991140, default) already exists."}
{"ts": "2026-08-12T10:50:00.662948760Z", "container": "prefect-postgres", "msg": "2026-08-12 10:50:00.662 UTC [11149] STATEMENT:  INSERT INTO work_queue (name, filter, description, is_paused, concurrency_limit, priority, last_polled, status, work_pool_id, id, created, updated) VALUES ($1::VARCHAR, $2, $3::VARCHAR, $4::BOOLEAN, $5::INTEGER, $6::INTEGER, $7::TIMESTAMP WITH TIME ZONE, $8::work_queue_status, $9::UUID, $10::UUID, $11::TIMESTAMP WITH TIME ZONE, $12::TIMESTAMP WITH TIME ZONE)"}
{"ts": "2026-08-12T10:50:01.703826233Z", "container": "prefect-postgres", "msg": "2026-08-12 10:50:01.703 UTC [11149] ERROR:  duplicate key value violates unique constraint \"uq_work_queue__work_pool_id_name\""}
{"ts": "2026-08-12T10:50:01.703858274Z", "container": "prefect-postgres", "msg": "2026-08-12 10:50:01.703 UTC [11149] DETAIL:  Key (work_pool_id, name)=(39ec39e1-9474-4f11-8d83-5fab43991140, features) already exists."}
{"ts": "2026-08-12T10:50:01.703863064Z", "container": "prefect-postgres", "msg": "2026-08-12 10:50:01.703 UTC [11149] STATEMENT:  INSERT INTO work_queue (name, filter, description, is_paused, concurrency_limit, priority, last_polled, status, work_pool_id, id, created, updated) VALUES ($1::VARCHAR, $2, $3::VARCHAR, $4::BOOLEAN, $5::INTEGER, $6::INTEGER, $7::TIMESTAMP WITH TIME ZONE, $8::work_queue_status, $9::UUID, $10::UUID, $11::TIMESTAMP WITH TIME ZONE, $12::TIMESTAMP WITH TIME ZONE)"}
{"ts": "2026-08-12T10:50:02.766132088Z", "container": "prefect-postgres", "msg": "2026-08-12 10:50:02.766 UTC [11149] ERROR:  duplicate key value violates unique constraint \"uq_work_queue__work_pool_id_name\""}
{"ts": "2026-08-12T10:50:02.766158799Z", "container": "prefect-postgres", "msg": "2026-08-12 10:50:02.766 UTC [11149] DETAIL:  Key (work_pool_id, name)=(39ec39e1-9474-4f11-8d83-5fab43991140, training) already exists."}
{"ts": "2026-08-12T10:50:02.766175099Z", "container": "prefect-postgres", "msg": "2026-08-12 10:50:02.766 UTC [11149] STATEMENT:  INSERT INTO work_queue (name, filter, description, is_paused, concurrency_limit, priority, last_polled, status, work_pool_id, id, created, updated) VALUES ($1::VARCHAR, $2, $3::VARCHAR, $4::BOOLEAN, $5::INTEGER, $6::INTEGER, $7::TIMESTAMP WITH TIME ZONE, $8::work_queue_status, $9::UUID, $10::UUID, $11::TIMESTAMP WITH TIME ZONE, $12::TIMESTAMP WITH TIME ZONE)"}
{"ts": "2026-08-12T10:53:20.683480354Z", "container": "prefect-postgres", "msg": "2026-08-12 10:53:20.683 UTC [28] LOG:  checkpoint starting: time"}
{"ts": "2026-08-12T10:53:25.626142808Z", "container": "prefect-postgres", "msg": "2026-08-12 10:53:25.626 UTC [28] LOG:  checkpoint complete: wrote 45 buffers (0.3%); 0 WAL file(s) added, 0 removed, 0 recycled; write=4.915 s, sync=0.019 s, total=4.943 s; sync files=149, longest=0.004 s, average=0.001 s; distance=2725 kB, estimate=42204 kB; lsn=0/EDCFA388, redo lsn=0/EDCF5750"}
{"ts": "2026-08-12T10:56:23.495141622Z", "container": "prefect-postgres", "msg": "2026-08-12 10:56:23.495 UTC [16019] ERROR:  duplicate key value violates unique constraint \"metric_pk\""}
{"ts": "2026-08-12T10:56:23.495169982Z", "container": "prefect-postgres", "msg": "2026-08-12 10:56:23.495 UTC [16019] DETAIL:  Key (key, \"timestamp\", step, run_uuid, value, is_nan)=(roc_auc, 1786532183306, 0, 3189facf389848c7bb267d6c4d5f01ce, 0.9198885765885472, f) already exists."}
{"ts": "2026-08-12T10:56:23.495177652Z", "container": "prefect-postgres", "msg": "2026-08-12 10:56:23.495 UTC [16019] STATEMENT:  INSERT INTO metrics (key, value, timestamp, step, is_nan, run_uuid) VALUES ('roc_auc', 0.9198885765885472, 1786532183306, 0, false, '3189facf389848c7bb267d6c4d5f01ce'), ('pr_auc', 0.8571394759634346, 1786532183312, 0, false, '3189facf389848c7bb267d6c4d5f01ce'), ('log_loss', 0.3255435856770522, 1786532183314, 0, false, '3189facf389848c7bb267d6c4d5f01ce'), ('brier_score', 0.10715321270431295, 1786532183317, 0, false, '3189facf389848c7bb267d6c4d5f01ce'), ('accuracy', 0.8411187496327633, 1786532183319, 0, false, '3189facf389848c7bb267d6c4d5f01ce'), ('precision', 0.7703210328608857, 1786532183321, 0, false, '3189facf389848c7bb267d6c4d5f01ce'), ('recall', 0.7317021978351473, 1786532183324, 0, false, '3189facf389848c7bb267d6c4d5f01ce'), ('f1', 0.7505151468552975, 1786532183326, 0, false, '3189facf389848c7bb267d6c4d5f01ce'), ('f2', 0.7391130522222155, 1786532183329, 0, false, '3189facf389848c7bb267d6c4d5f01ce'), ('observed_win_rate', 0.3266055584934485, 1786532183331, 0, false, '3189facf389848c7bb267d6c4d5f01ce'), ('predicted_current_bid_win_rate', 0.3303042290730145, 1786532183334, 0, false, '3189facf389848c7bb267d6c4d5f01ce'), ('calibration_error', 0.003698670579565966, 1786532183336, 0, false, '3189facf389848c7bb267d6c4d5f01ce'), ('predicted_recommended_bid_win_rate', 0.40037146892224573, 1786532183338, 0, false, '3189facf389848c7bb267d6c4d5f01ce'), ('optimizer_optimizer_rows', 102114.0, 1786532183341, 0, false, '3189facf389848c7bb267d6c4d5f01ce'), ('optimizer_target_cm', 0.25, 1786532183343, 0, false, '3189facf389848c7bb267d6c4d5f01ce'), ('optimizer_current_bid_total_expected_profit', 379490.0108912533, 1786532183345, 0, false, '3189facf389848c7bb267d6c4d5f01ce'), ('optimizer_recommended_bid_total_expected_profit', 543821.7795577187, 1786532183348, 0, false, '3189facf389848c7bb267d6c4d5f01ce'), ('optimizer_expected_profit_lift_total', 164331.76866646536, 1786532183350, 0, false, '3189facf389848c7bb267d6c4d5f01ce'), ('optimizer_expected_profit_lift_pct', 0.43303318651398254, 1786532183353, 0, false, '3189facf389848c7bb267d6c4d5f01ce'), ('optimizer_avg_current_bid_predicted_win_rate', 0.3303042290730145, 1786532183355, 0, false, '3189facf389848c7bb267d6c4d5f01ce'), ('optimizer_avg_recommended_bid_predicted_win_rate', 0.40037146892224573, 1786532183357, 0, false, '3189facf389848c7bb267d6c4d5f01ce'), ('optimizer_avg_bid_change', 0.6457037232896566, 1786532183360, 0, false, '3189facf389848c7bb267d6c4d5f01ce'), ('optimizer_median_bid_change', 0.17000000000000004, 1786532183362, 0, false, '3189facf389848c7bb267d6c4d5f01ce'), ('optimizer_bid_increase_pct', 52.633331374738034, 1786532183364, 0, false, '3189facf389848c7bb267d6c4d5f01ce'), ('optimizer_bid_decrease_pct', 46.07497502790998, 1786532183367, 0, false, '3189facf389848c7bb267d6c4d5f01ce'), ('optimizer_bid_unchanged_pct', 1.2916935973519792, 1786532183369, 0, false, '3189facf389848c7bb267d6c4d5f01ce'), ('optimizer_avg_recommended_bid_cm_if_won', 0.584123502476465, 1786532183371, 0, false, '3189facf389848c7bb267d6c4d5f01ce')"}
{"ts": "2026-08-12T10:58:20.726324761Z", "container": "prefect-postgres", "msg": "2026-08-12 10:58:20.726 UTC [28] LOG:  checkpoint starting: time"}
{"ts": "2026-08-12T10:58:24.248608032Z", "container": "prefect-postgres", "msg": "2026-08-12 10:58:24.248 UTC [28] LOG:  checkpoint complete: wrote 32 buffers (0.2%); 0 WAL file(s) added, 0 removed, 0 recycled; write=3.508 s, sync=0.011 s, total=3.523 s; sync files=173, longest=0.002 s, average=0.001 s; distance=2113 kB, estimate=38195 kB; lsn=0/EDF14D98, redo lsn=0/EDF05D08"}
{"ts": "2026-08-12T11:03:20.347460554Z", "container": "prefect-postgres", "msg": "2026-08-12 11:03:20.347 UTC [28] LOG:  checkpoint starting: time"}
{"ts": "2026-08-12T11:03:23.988148685Z", "container": "prefect-postgres", "msg": "2026-08-12 11:03:23.988 UTC [28] LOG:  checkpoint complete: wrote 37 buffers (0.2%); 0 WAL file(s) added, 0 removed, 0 recycled; write=3.612 s, sync=0.018 s, total=3.641 s; sync files=41, longest=0.003 s, average=0.001 s; distance=934 kB, estimate=34469 kB; lsn=0/EDFF27F0, redo lsn=0/EDFEF6D8"}
{"ts": "2026-08-12T11:08:21.087462439Z", "container": "prefect-postgres", "msg": "2026-08-12 11:08:21.087 UTC [28] LOG:  checkpoint starting: time"}
{"ts": "2026-08-12T11:08:27.028580228Z", "container": "prefect-postgres", "msg": "2026-08-12 11:08:27.028 UTC [28] LOG:  checkpoint complete: wrote 54 buffers (0.3%); 0 WAL file(s) added, 1 removed, 0 recycled; write=5.913 s, sync=0.016 s, total=5.942 s; sync files=43, longest=0.003 s, average=0.001 s; distance=951 kB, estimate=31117 kB; lsn=0/EE0E7370, redo lsn=0/EE0DD4C8"}
{"ts": "2026-08-12T11:13:21.103457505Z", "container": "prefect-postgres", "msg": "2026-08-12 11:13:21.103 UTC [28] LOG:  checkpoint starting: time"}
{"ts": "2026-08-12T11:13:24.842448081Z", "container": "prefect-postgres", "msg": "2026-08-12 11:13:24.842 UTC [28] LOG:  checkpoint complete: wrote 38 buffers (0.2%); 0 WAL file(s) added, 0 removed, 0 recycled; write=3.712 s, sync=0.018 s, total=3.739 s; sync files=28, longest=0.003 s, average=0.001 s; distance=868 kB, estimate=28092 kB; lsn=0/EE1BD570, redo lsn=0/EE1B6540"}
{"ts": "2026-08-12T11:18:21.942555529Z", "container": "prefect-postgres", "msg": "2026-08-12 11:18:21.942 UTC [28] LOG:  checkpoint starting: time"}
{"ts": "2026-08-12T11:18:25.078008912Z", "container": "prefect-postgres", "msg": "2026-08-12 11:18:25.077 UTC [28] LOG:  checkpoint complete: wrote 31 buffers (0.2%); 0 WAL file(s) added, 0 removed, 0 recycled; write=3.111 s, sync=0.014 s, total=3.136 s; sync files=30, longest=0.003 s, average=0.001 s; distance=900 kB, estimate=25373 kB; lsn=0/EE29B968, redo lsn=0/EE297778"}
{"ts": "2026-08-12T11:23:21.178082419Z", "container": "prefect-postgres", "msg": "2026-08-12 11:23:21.177 UTC [28] LOG:  checkpoint starting: time"}
{"ts": "2026-08-12T11:23:23.316594417Z", "container": "prefect-postgres", "msg": "2026-08-12 11:23:23.316 UTC [28] LOG:  checkpoint complete: wrote 23 buffers (0.1%); 0 WAL file(s) added, 0 removed, 0 recycled; write=2.111 s, sync=0.017 s, total=2.139 s; sync files=28, longest=0.003 s, average=0.001 s; distance=872 kB, estimate=22923 kB; lsn=0/EE373008, redo lsn=0/EE371950"}
{"ts": "2026-08-12T11:28:21.415455653Z", "container": "prefect-postgres", "msg": "2026-08-12 11:28:21.415 UTC [28] LOG:  checkpoint starting: time"}
{"ts": "2026-08-12T11:28:25.250851193Z", "container": "prefect-postgres", "msg": "2026-08-12 11:28:25.250 UTC [28] LOG:  checkpoint complete: wrote 38 buffers (0.2%); 0 WAL file(s) added, 0 removed, 0 recycled; write=3.810 s, sync=0.010 s, total=3.836 s; sync files=28, longest=0.004 s, average=0.001 s; distance=846 kB, estimate=20715 kB; lsn=0/EE449C48, redo lsn=0/EE445530"}
{"ts": "2026-08-12T11:33:21.347453219Z", "container": "prefect-postgres", "msg": "2026-08-12 11:33:21.347 UTC [28] LOG:  checkpoint starting: time"}
{"ts": "2026-08-12T11:33:24.578084832Z", "container": "prefect-postgres", "msg": "2026-08-12 11:33:24.577 UTC [28] LOG:  checkpoint complete: wrote 31 buffers (0.2%); 0 WAL file(s) added, 0 removed, 0 recycled; write=3.210 s, sync=0.010 s, total=3.231 s; sync files=30, longest=0.003 s, average=0.001 s; distance=910 kB, estimate=18735 kB; lsn=0/EE52D4C8, redo lsn=0/EE529008"}
{"ts": "2026-08-12T11:38:21.675422235Z", "container": "prefect-postgres", "msg": "2026-08-12 11:38:21.675 UTC [28] LOG:  checkpoint starting: time"}
{"ts": "2026-08-12T11:38:24.224840577Z", "container": "prefect-postgres", "msg": "2026-08-12 11:38:24.224 UTC [28] LOG:  checkpoint complete: wrote 23 buffers (0.1%); 0 WAL file(s) added, 0 removed, 0 recycled; write=2.517 s, sync=0.021 s, total=2.550 s; sync files=28, longest=0.004 s, average=0.001 s; distance=839 kB, estimate=16945 kB; lsn=0/EE601570, redo lsn=0/EE5FAE48"}
{"ts": "2026-08-12T11:43:21.324550807Z", "container": "prefect-postgres", "msg": "2026-08-12 11:43:21.324 UTC [28] LOG:  checkpoint starting: time"}
{"ts": "2026-08-12T11:43:24.568774809Z", "container": "prefect-postgres", "msg": "2026-08-12 11:43:24.568 UTC [28] LOG:  checkpoint complete: wrote 28 buffers (0.2%); 0 WAL file(s) added, 0 removed, 0 recycled; write=3.212 s, sync=0.020 s, total=3.245 s; sync files=28, longest=0.004 s, average=0.001 s; distance=854 kB, estimate=15336 kB; lsn=0/EE6D6DD0, redo lsn=0/EE6D07E0"}
{"ts": "2026-08-12T11:48:21.667458314Z", "container": "prefect-postgres", "msg": "2026-08-12 11:48:21.667 UTC [28] LOG:  checkpoint starting: time"}
{"ts": "2026-08-12T11:48:25.398249266Z", "container": "prefect-postgres", "msg": "2026-08-12 11:48:25.398 UTC [28] LOG:  checkpoint complete: wrote 38 buffers (0.2%); 0 WAL file(s) added, 0 removed, 0 recycled; write=3.710 s, sync=0.011 s, total=3.731 s; sync files=29, longest=0.004 s, average=0.001 s; distance=886 kB, estimate=13891 kB; lsn=0/EE7B7460, redo lsn=0/EE7AE088"}
{"ts": "2026-08-12T11:53:21.498145541Z", "container": "prefect-postgres", "msg": "2026-08-12 11:53:21.498 UTC [28] LOG:  checkpoint starting: time"}
{"ts": "2026-08-12T11:53:25.928404356Z", "container": "prefect-postgres", "msg": "2026-08-12 11:53:25.928 UTC [28] LOG:  checkpoint complete: wrote 42 buffers (0.3%); 0 WAL file(s) added, 0 removed, 0 recycled; write=4.413 s, sync=0.006 s, total=4.431 s; sync files=28, longest=0.003 s, average=0.001 s; distance=888 kB, estimate=12591 kB; lsn=0/EE8925F8, redo lsn=0/EE88C128"}
{"ts": "2026-08-12T11:58:22.003767802Z", "container": "prefect-postgres", "msg": "2026-08-12 11:58:22.003 UTC [28] LOG:  checkpoint starting: time"}
{"ts": "2026-08-12T11:58:26.942340345Z", "container": "prefect-postgres", "msg": "2026-08-12 11:58:26.942 UTC [28] LOG:  checkpoint complete: wrote 44 buffers (0.3%); 0 WAL file(s) added, 0 removed, 0 recycled; write=4.915 s, sync=0.014 s, total=4.939 s; sync files=29, longest=0.003 s, average=0.001 s; distance=862 kB, estimate=11418 kB; lsn=0/EE9757C8, redo lsn=0/EE963B30"}
{"ts": "2026-08-12T12:03:23.042398438Z", "container": "prefect-postgres", "msg": "2026-08-12 12:03:23.042 UTC [28] LOG:  checkpoint starting: time"}
{"ts": "2026-08-12T12:03:26.981454320Z", "container": "prefect-postgres", "msg": "2026-08-12 12:03:26.981 UTC [28] LOG:  checkpoint complete: wrote 39 buffers (0.2%); 0 WAL file(s) added, 0 removed, 0 recycled; write=3.910 s, sync=0.016 s, total=3.940 s; sync files=147, longest=0.003 s, average=0.001 s; distance=3249 kB, estimate=10601 kB; lsn=0/EEC99FA8, redo lsn=0/EEC90190"}
{"ts": "2026-08-12T12:08:24.079224018Z", "container": "prefect-postgres", "msg": "2026-08-12 12:08:24.079 UTC [28] LOG:  checkpoint starting: time"}
{"ts": "2026-08-12T12:08:27.520216086Z", "container": "prefect-postgres", "msg": "2026-08-12 12:08:27.520 UTC [28] LOG:  checkpoint complete: wrote 34 buffers (0.2%); 0 WAL file(s) added, 0 removed, 0 recycled; write=3.416 s, sync=0.014 s, total=3.441 s; sync files=28, longest=0.003 s, average=0.001 s; distance=901 kB, estimate=9631 kB; lsn=0/EED74C10, redo lsn=0/EED718F0"}
{"ts": "2026-08-12T12:13:24.620292818Z", "container": "prefect-postgres", "msg": "2026-08-12 12:13:24.620 UTC [28] LOG:  checkpoint starting: time"}
{"ts": "2026-08-12T12:13:30.061082458Z", "container": "prefect-postgres", "msg": "2026-08-12 12:13:30.060 UTC [28] LOG:  checkpoint complete: wrote 53 buffers (0.3%); 0 WAL file(s) added, 0 removed, 0 recycled; write=5.416 s, sync=0.015 s, total=5.441 s; sync files=29, longest=0.003 s, average=0.001 s; distance=862 kB, estimate=8754 kB; lsn=0/EEE4FD30, redo lsn=0/EEE49338"}
{"ts": "2026-08-12T12:14:59.642343607Z", "container": "prefect-postgres", "msg": "2026-08-12 12:14:59.642 UTC [21861] ERROR:  duplicate key value violates unique constraint \"pk_task_run\""}
{"ts": "2026-08-12T12:14:59.642363737Z", "container": "prefect-postgres", "msg": "2026-08-12 12:14:59.642 UTC [21861] DETAIL:  Key (id)=(019ff5e5-b3fa-78c9-85e5-df0900cfa3e6) already exists."}
{"ts": "2026-08-12T12:14:59.642370147Z", "container": "prefect-postgres", "msg": "2026-08-12 12:14:59.642 UTC [21861] STATEMENT:  INSERT INTO task_run (flow_run_id, task_key, dynamic_key, flow_run_run_count, empirical_policy, task_inputs, tags, labels, state_id, name, state_type, state_name, state_timestamp, run_count, expected_start_time, start_time, total_run_time, id, created, updated) VALUES ($1::UUID, $2::VARCHAR, $3::VARCHAR, $4::INTEGER, $5, $6, $7::JSONB, $8::JSONB, $9::UUID, $10::VARCHAR, $11::state_type, $12::VARCHAR, $13::TIMESTAMP WITH TIME ZONE, $14::INTEGER, $15::TIMESTAMP WITH TIME ZONE, $16::TIMESTAMP WITH TIME ZONE, $17::INTERVAL, $18::UUID, $19::TIMESTAMP WITH TIME ZONE, $20::TIMESTAMP WITH TIME ZONE) ON CONFLICT (flow_run_id, task_key, dynamic_key) DO UPDATE SET flow_run_id = excluded.flow_run_id, task_key = excluded.task_key, dynamic_key = excluded.dynamic_key, flow_run_run_count = excluded.flow_run_run_count, empirical_policy = excluded.empirical_policy, task_inputs = excluded.task_inputs, tags = excluded.tags, labels = excluded.labels, state_id = excluded.state_id, name = excluded.name, state_type = excluded.state_type, state_name = excluded.state_name, state_timestamp = excluded.state_timestamp, run_count = excluded.run_count, expected_start_time = excluded.expected_start_time, start_time = excluded.start_time, total_run_time = excluded.total_run_time, updated = excluded.updated WHERE task_run.state_timestamp < excluded.state_timestamp"}
{"ts": "2026-08-12T12:18:24.159509833Z", "container": "prefect-postgres", "msg": "2026-08-12 12:18:24.159 UTC [28] LOG:  checkpoint starting: time"}
{"ts": "2026-08-12T12:18:27.297346040Z", "container": "prefect-postgres", "msg": "2026-08-12 12:18:27.297 UTC [28] LOG:  checkpoint complete: wrote 32 buffers (0.2%); 0 WAL file(s) added, 1 removed, 0 recycled; write=3.110 s, sync=0.016 s, total=3.138 s; sync files=142, longest=0.003 s, average=0.001 s; distance=2919 kB, estimate=8171 kB; lsn=0/EF128D88, redo lsn=0/EF123250"}
{"ts": "2026-08-12T12:23:24.395473608Z", "container": "prefect-postgres", "msg": "2026-08-12 12:23:24.395 UTC [28] LOG:  checkpoint starting: time"}
{"ts": "2026-08-12T12:23:28.937797028Z", "container": "prefect-postgres", "msg": "2026-08-12 12:23:28.937 UTC [28] LOG:  checkpoint complete: wrote 47 buffers (0.3%); 0 WAL file(s) added, 0 removed, 0 recycled; write=4.516 s, sync=0.016 s, total=4.543 s; sync files=31, longest=0.003 s, average=0.001 s; distance=852 kB, estimate=7439 kB; lsn=0/EF1FE828, redo lsn=0/EF1F8508"}
{"ts": "2026-08-12T12:28:25.024086315Z", "container": "prefect-postgres", "msg": "2026-08-12 12:28:25.023 UTC [28] LOG:  checkpoint starting: time"}
{"ts": "2026-08-12T12:28:29.854819863Z", "container": "prefect-postgres", "msg": "2026-08-12 12:28:29.854 UTC [28] LOG:  checkpoint complete: wrote 48 buffers (0.3%); 0 WAL file(s) added, 0 removed, 0 recycled; write=4.813 s, sync=0.008 s, total=4.831 s; sync files=29, longest=0.004 s, average=0.001 s; distance=876 kB, estimate=6782 kB; lsn=0/EF2D8690, redo lsn=0/EF2D3740"}
{"ts": "2026-08-12T12:33:25.946744908Z", "container": "prefect-postgres", "msg": "2026-08-12 12:33:25.946 UTC [28] LOG:  checkpoint starting: time"}
{"ts": "2026-08-12T12:33:29.884099214Z", "container": "prefect-postgres", "msg": "2026-08-12 12:33:29.883 UTC [28] LOG:  checkpoint complete: wrote 39 buffers (0.2%); 0 WAL file(s) added, 0 removed, 0 recycled; write=3.912 s, sync=0.012 s, total=3.938 s; sync files=132, longest=0.003 s, average=0.001 s; distance=2283 kB, estimate=6333 kB; lsn=0/EF51F438, redo lsn=0/EF50E708"}
{"ts": "2026-08-12T12:38:25.983389779Z", "container": "prefect-postgres", "msg": "2026-08-12 12:38:25.983 UTC [28] LOG:  checkpoint starting: time"}
{"ts": "2026-08-12T12:38:29.413432768Z", "container": "prefect-postgres", "msg": "2026-08-12 12:38:29.413 UTC [28] LOG:  checkpoint complete: wrote 31 buffers (0.2%); 0 WAL file(s) added, 0 removed, 0 recycled; write=3.414 s, sync=0.006 s, total=3.430 s; sync files=28, longest=0.003 s, average=0.001 s; distance=897 kB, estimate=5789 kB; lsn=0/EF5F9C70, redo lsn=0/EF5EEB80"}
{"ts": "2026-08-12T12:43:25.511409878Z", "container": "prefect-postgres", "msg": "2026-08-12 12:43:25.511 UTC [28] LOG:  checkpoint starting: time"}
{"ts": "2026-08-12T12:43:28.846448061Z", "container": "prefect-postgres", "msg": "2026-08-12 12:43:28.846 UTC [28] LOG:  checkpoint complete: wrote 33 buffers (0.2%); 0 WAL file(s) added, 0 removed, 0 recycled; write=3.312 s, sync=0.011 s, total=3.335 s; sync files=27, longest=0.003 s, average=0.001 s; distance=860 kB, estimate=5296 kB; lsn=0/EF6D2C18, redo lsn=0/EF6C5D58"}
{"ts": "2026-08-12T12:48:25.903853218Z", "container": "prefect-postgres", "msg": "2026-08-12 12:48:25.903 UTC [28] LOG:  checkpoint starting: time"}
{"ts": "2026-08-12T12:48:28.939928120Z", "container": "prefect-postgres", "msg": "2026-08-12 12:48:28.939 UTC [28] LOG:  checkpoint complete: wrote 31 buffers (0.2%); 0 WAL file(s) added, 0 removed, 0 recycled; write=3.012 s, sync=0.013 s, total=3.037 s; sync files=129, longest=0.003 s, average=0.001 s; distance=2360 kB, estimate=5002 kB; lsn=0/EF917FE0, redo lsn=0/EF913EA8"}
{"ts": "2026-08-12T12:53:26.039443680Z", "container": "prefect-postgres", "msg": "2026-08-12 12:53:26.039 UTC [28] LOG:  checkpoint starting: time"}
{"ts": "2026-08-12T12:53:29.881260811Z", "container": "prefect-postgres", "msg": "2026-08-12 12:53:29.881 UTC [28] LOG:  checkpoint complete: wrote 39 buffers (0.2%); 0 WAL file(s) added, 0 removed, 0 recycled; write=3.815 s, sync=0.015 s, total=3.842 s; sync files=29, longest=0.003 s, average=0.001 s; distance=887 kB, estimate=4591 kB; lsn=0/EF9F8AB8, redo lsn=0/EF9F1B70"}
{"ts": "2026-08-12T12:58:26.979438293Z", "container": "prefect-postgres", "msg": "2026-08-12 12:58:26.979 UTC [28] LOG:  checkpoint starting: time"}
{"ts": "2026-08-12T12:58:29.016473206Z", "container": "prefect-postgres", "msg": "2026-08-12 12:58:29.016 UTC [28] LOG:  checkpoint complete: wrote 19 buffers (0.1%); 0 WAL file(s) added, 0 removed, 0 recycled; write=2.010 s, sync=0.016 s, total=2.038 s; sync files=28, longest=0.004 s, average=0.001 s; distance=874 kB, estimate=4219 kB; lsn=0/EFAD7698, redo lsn=0/EFACC750"}
{"ts": "2026-08-12T13:03:26.084913538Z", "container": "prefect-postgres", "msg": "2026-08-12 13:03:26.084 UTC [28] LOG:  checkpoint starting: time"}
{"ts": "2026-08-12T13:03:28.716914771Z", "container": "prefect-postgres", "msg": "2026-08-12 13:03:28.716 UTC [28] LOG:  checkpoint complete: wrote 27 buffers (0.2%); 0 WAL file(s) added, 0 removed, 0 recycled; write=2.606 s, sync=0.016 s, total=2.633 s; sync files=28, longest=0.003 s, average=0.001 s; distance=832 kB, estimate=3881 kB; lsn=0/EFBA35B0, redo lsn=0/EFB9C9A0"}
{"ts": "2026-08-12T13:08:26.817009524Z", "container": "prefect-postgres", "msg": "2026-08-12 13:08:26.816 UTC [28] LOG:  checkpoint starting: time"}
{"ts": "2026-08-12T13:08:29.358400115Z", "container": "prefect-postgres", "msg": "2026-08-12 13:08:29.358 UTC [28] LOG:  checkpoint complete: wrote 26 buffers (0.2%); 0 WAL file(s) added, 0 removed, 0 recycled; write=2.515 s, sync=0.014 s, total=2.542 s; sync files=28, longest=0.003 s, average=0.001 s; distance=873 kB, estimate=3580 kB; lsn=0/EFC7EDC0, redo lsn=0/EFC76FF0"}
{"ts": "2026-08-12T13:13:26.447234397Z", "container": "prefect-postgres", "msg": "2026-08-12 13:13:26.447 UTC [28] LOG:  checkpoint starting: time"}
{"ts": "2026-08-12T13:13:30.575076661Z", "container": "prefect-postgres", "msg": "2026-08-12 13:13:30.574 UTC [28] LOG:  checkpoint complete: wrote 41 buffers (0.3%); 0 WAL file(s) added, 0 removed, 0 recycled; write=4.110 s, sync=0.008 s, total=4.128 s; sync files=28, longest=0.004 s, average=0.001 s; distance=877 kB, estimate=3310 kB; lsn=0/EFD56678, redo lsn=0/EFD526D0"}
{"ts": "2026-08-12T13:18:26.631408094Z", "container": "prefect-postgres", "msg": "2026-08-12 13:18:26.631 UTC [28] LOG:  checkpoint starting: time"}
{"ts": "2026-08-12T13:18:30.060084035Z", "container": "prefect-postgres", "msg": "2026-08-12 13:18:30.059 UTC [28] LOG:  checkpoint complete: wrote 36 buffers (0.2%); 0 WAL file(s) added, 0 removed, 0 recycled; write=3.414 s, sync=0.004 s, total=3.429 s; sync files=28, longest=0.003 s, average=0.001 s; distance=859 kB, estimate=3064 kB; lsn=0/EFE2D168, redo lsn=0/EFE294F0"}
{"ts": "2026-08-12T13:23:26.159439913Z", "container": "prefect-postgres", "msg": "2026-08-12 13:23:26.159 UTC [28] LOG:  checkpoint starting: time"}
{"ts": "2026-08-12T13:23:31.106615040Z", "container": "prefect-postgres", "msg": "2026-08-12 13:23:31.106 UTC [28] LOG:  checkpoint complete: wrote 50 buffers (0.3%); 0 WAL file(s) added, 0 removed, 0 recycled; write=4.914 s, sync=0.023 s, total=4.948 s; sync files=28, longest=0.003 s, average=0.001 s; distance=867 kB, estimate=2845 kB; lsn=0/EFF093F0, redo lsn=0/EFF02340"}
{"ts": "2026-08-12T13:28:26.203427788Z", "container": "prefect-postgres", "msg": "2026-08-12 13:28:26.203 UTC [28] LOG:  checkpoint starting: time"}
{"ts": "2026-08-12T13:28:28.933790111Z", "container": "prefect-postgres", "msg": "2026-08-12 13:28:28.933 UTC [28] LOG:  checkpoint complete: wrote 28 buffers (0.2%); 0 WAL file(s) added, 0 removed, 0 recycled; write=2.710 s, sync=0.008 s, total=2.731 s; sync files=28, longest=0.004 s, average=0.001 s; distance=847 kB, estimate=2645 kB; lsn=0/EFFDA440, redo lsn=0/EFFD5FA0"}
{"ts": "2026-08-12T13:33:27.031468247Z", "container": "prefect-postgres", "msg": "2026-08-12 13:33:27.031 UTC [28] LOG:  checkpoint starting: time"}
{"ts": "2026-08-12T13:33:30.964602365Z", "container": "prefect-postgres", "msg": "2026-08-12 13:33:30.964 UTC [28] LOG:  checkpoint complete: wrote 40 buffers (0.2%); 0 WAL file(s) added, 1 removed, 0 recycled; write=3.912 s, sync=0.008 s, total=3.934 s; sync files=28, longest=0.003 s, average=0.001 s; distance=853 kB, estimate=2466 kB; lsn=0/F00B1C40, redo lsn=0/F00AB3C8"}
{"ts": "2026-08-12T13:38:28.063498741Z", "container": "prefect-postgres", "msg": "2026-08-12 13:38:28.063 UTC [28] LOG:  checkpoint starting: time"}
{"ts": "2026-08-12T13:38:29.999494351Z", "container": "prefect-postgres", "msg": "2026-08-12 13:38:29.999 UTC [28] LOG:  checkpoint complete: wrote 20 buffers (0.1%); 0 WAL file(s) added, 0 removed, 0 recycled; write=1.912 s, sync=0.013 s, total=1.937 s; sync files=29, longest=0.003 s, average=0.001 s; distance=895 kB, estimate=2309 kB; lsn=0/F018C8C0, redo lsn=0/F018B1B0"}
{"ts": "2026-08-12T13:43:29.094129977Z", "container": "prefect-postgres", "msg": "2026-08-12 13:43:29.094 UTC [28] LOG:  checkpoint starting: time"}
{"ts": "2026-08-12T13:43:32.032725293Z", "container": "prefect-postgres", "msg": "2026-08-12 13:43:32.032 UTC [28] LOG:  checkpoint complete: wrote 30 buffers (0.2%); 0 WAL file(s) added, 0 removed, 0 recycled; write=2.910 s, sync=0.017 s, total=2.939 s; sync files=28, longest=0.003 s, average=0.001 s; distance=862 kB, estimate=2164 kB; lsn=0/F026A540, redo lsn=0/F0262A80"}
{"ts": "2026-08-12T13:48:29.131453259Z", "container": "prefect-postgres", "msg": "2026-08-12 13:48:29.131 UTC [28] LOG:  checkpoint starting: time"}
{"ts": "2026-08-12T13:48:32.952125263Z", "container": "prefect-postgres", "msg": "2026-08-12 13:48:32.952 UTC [28] LOG:  checkpoint complete: wrote 39 buffers (0.2%); 0 WAL file(s) added, 0 removed, 0 recycled; write=3.810 s, sync=0.006 s, total=3.821 s; sync files=28, longest=0.001 s, average=0.001 s; distance=904 kB, estimate=2038 kB; lsn=0/F034B7D0, redo lsn=0/F0344C90"}
{"ts": "2026-08-12T13:53:30.051448111Z", "container": "prefect-postgres", "msg": "2026-08-12 13:53:30.051 UTC [28] LOG:  checkpoint starting: time"}
{"ts": "2026-08-12T13:53:33.391573722Z", "container": "prefect-postgres", "msg": "2026-08-12 13:53:33.391 UTC [28] LOG:  checkpoint complete: wrote 31 buffers (0.2%); 0 WAL file(s) added, 0 removed, 0 recycled; write=3.315 s, sync=0.015 s, total=3.341 s; sync files=28, longest=0.004 s, average=0.001 s; distance=888 kB, estimate=1923 kB; lsn=0/F04329B0, redo lsn=0/F0422E88"}
{"ts": "2026-08-12T13:58:30.491440406Z", "container": "prefect-postgres", "msg": "2026-08-12 13:58:30.491 UTC [28] LOG:  checkpoint starting: time"}
{"ts": "2026-08-12T13:58:33.914484291Z", "container": "prefect-postgres", "msg": "2026-08-12 13:58:33.914 UTC [28] LOG:  checkpoint complete: wrote 35 buffers (0.2%); 0 WAL file(s) added, 0 removed, 0 recycled; write=3.408 s, sync=0.006 s, total=3.424 s; sync files=28, longest=0.003 s, average=0.001 s; distance=861 kB, estimate=1817 kB; lsn=0/F05044E8, redo lsn=0/F04FA428"}
{"ts": "2026-08-12T14:03:31.011450947Z", "container": "prefect-postgres", "msg": "2026-08-12 14:03:31.011 UTC [28] LOG:  checkpoint starting: time"}
{"ts": "2026-08-12T14:03:34.351042995Z", "container": "prefect-postgres", "msg": "2026-08-12 14:03:34.350 UTC [28] LOG:  checkpoint complete: wrote 30 buffers (0.2%); 0 WAL file(s) added, 0 removed, 0 recycled; write=3.315 s, sync=0.015 s, total=3.340 s; sync files=29, longest=0.004 s, average=0.001 s; distance=859 kB, estimate=1721 kB; lsn=0/F05D8800, redo lsn=0/F05D1170"}
{"ts": "2026-08-12T14:08:31.447446811Z", "container": "prefect-postgres", "msg": "2026-08-12 14:08:31.447 UTC [28] LOG:  checkpoint starting: time"}
{"ts": "2026-08-12T14:08:35.375769315Z", "container": "prefect-postgres", "msg": "2026-08-12 14:08:35.375 UTC [28] LOG:  checkpoint complete: wrote 40 buffers (0.2%); 0 WAL file(s) added, 0 removed, 0 recycled; write=3.911 s, sync=0.005 s, total=3.929 s; sync files=29, longest=0.003 s, average=0.001 s; distance=887 kB, estimate=1638 kB; lsn=0/F06B6370, redo lsn=0/F06AF130"}
{"ts": "2026-08-12T14:13:31.475422745Z", "container": "prefect-postgres", "msg": "2026-08-12 14:13:31.475 UTC [28] LOG:  checkpoint starting: time"}
{"ts": "2026-08-12T14:13:36.515624033Z", "container": "prefect-postgres", "msg": "2026-08-12 14:13:36.515 UTC [28] LOG:  checkpoint complete: wrote 50 buffers (0.3%); 0 WAL file(s) added, 0 removed, 0 recycled; write=5.012 s, sync=0.018 s, total=5.041 s; sync files=28, longest=0.003 s, average=0.001 s; distance=904 kB, estimate=1564 kB; lsn=0/F0796900, redo lsn=0/F0791198"}
{"ts": "2026-08-12T14:18:31.607461213Z", "container": "prefect-postgres", "msg": "2026-08-12 14:18:31.607 UTC [28] LOG:  checkpoint starting: time"}
{"ts": "2026-08-12T14:18:33.632540279Z", "container": "prefect-postgres", "msg": "2026-08-12 14:18:33.632 UTC [28] LOG:  checkpoint complete: wrote 22 buffers (0.1%); 0 WAL file(s) added, 0 removed, 0 recycled; write=2.008 s, sync=0.010 s, total=2.026 s; sync files=28, longest=0.002 s, average=0.001 s; distance=843 kB, estimate=1492 kB; lsn=0/F086C1A8, redo lsn=0/F0864080"}
{"ts": "2026-08-12T14:23:31.731448285Z", "container": "prefect-postgres", "msg": "2026-08-12 14:23:31.731 UTC [28] LOG:  checkpoint starting: time"}
{"ts": "2026-08-12T14:23:35.162516117Z", "container": "prefect-postgres", "msg": "2026-08-12 14:23:35.162 UTC [28] LOG:  checkpoint complete: wrote 35 buffers (0.2%); 0 WAL file(s) added, 0 removed, 0 recycled; write=3.409 s, sync=0.012 s, total=3.432 s; sync files=28, longest=0.003 s, average=0.001 s; distance=900 kB, estimate=1433 kB; lsn=0/F0949790, redo lsn=0/F0945240"}
{"ts": "2026-08-12T14:28:31.262580918Z", "container": "prefect-postgres", "msg": "2026-08-12 14:28:31.262 UTC [28] LOG:  checkpoint starting: time"}
{"ts": "2026-08-12T14:28:35.599950224Z", "container": "prefect-postgres", "msg": "2026-08-12 14:28:35.599 UTC [28] LOG:  checkpoint complete: wrote 44 buffers (0.3%); 0 WAL file(s) added, 0 removed, 0 recycled; write=4.313 s, sync=0.012 s, total=4.338 s; sync files=28, longest=0.002 s, average=0.001 s; distance=865 kB, estimate=1376 kB; lsn=0/F0A248A0, redo lsn=0/F0A1D9B0"}
{"ts": "2026-08-12T14:33:31.699433068Z", "container": "prefect-postgres", "msg": "2026-08-12 14:33:31.699 UTC [28] LOG:  checkpoint starting: time"}
{"ts": "2026-08-12T14:33:35.237604583Z", "container": "prefect-postgres", "msg": "2026-08-12 14:33:35.237 UTC [28] LOG:  checkpoint complete: wrote 36 buffers (0.2%); 0 WAL file(s) added, 0 removed, 0 recycled; write=3.515 s, sync=0.011 s, total=3.539 s; sync files=29, longest=0.003 s, average=0.001 s; distance=882 kB, estimate=1327 kB; lsn=0/F0B05658, redo lsn=0/F0AFA230"}
{"ts": "2026-08-12T14:38:31.269445923Z", "container": "prefect-postgres", "msg": "2026-08-12 14:38:31.269 UTC [28] LOG:  checkpoint starting: time"}
{"ts": "2026-08-12T14:38:33.809940524Z", "container": "prefect-postgres", "msg": "2026-08-12 14:38:33.809 UTC [28] LOG:  checkpoint complete: wrote 25 buffers (0.2%); 0 WAL file(s) added, 0 removed, 0 recycled; write=2.514 s, sync=0.014 s, total=2.541 s; sync files=28, longest=0.004 s, average=0.001 s; distance=861 kB, estimate=1280 kB; lsn=0/F0BD5408, redo lsn=0/F0BD17E0"}
{"ts": "2026-08-12T14:43:31.907467370Z", "container": "prefect-postgres", "msg": "2026-08-12 14:43:31.907 UTC [28] LOG:  checkpoint starting: time"}
{"ts": "2026-08-12T14:43:36.749711690Z", "container": "prefect-postgres", "msg": "2026-08-12 14:43:36.749 UTC [28] LOG:  checkpoint complete: wrote 47 buffers (0.3%); 0 WAL file(s) added, 0 removed, 0 recycled; write=4.813 s, sync=0.018 s, total=4.843 s; sync files=28, longest=0.003 s, average=0.001 s; distance=869 kB, estimate=1239 kB; lsn=0/F0CB1A78, redo lsn=0/F0CAACD8"}
{"ts": "2026-08-12T14:48:31.848684493Z", "container": "prefect-postgres", "msg": "2026-08-12 14:48:31.848 UTC [28] LOG:  checkpoint starting: time"}
{"ts": "2026-08-12T14:48:35.484726971Z", "container": "prefect-postgres", "msg": "2026-08-12 14:48:35.484 UTC [28] LOG:  checkpoint complete: wrote 35 buffers (0.2%); 0 WAL file(s) added, 0 removed, 0 recycled; write=3.614 s, sync=0.010 s, total=3.637 s; sync files=28, longest=0.003 s, average=0.001 s; distance=823 kB, estimate=1197 kB; lsn=0/F0D7D528, redo lsn=0/F0D78990"}
{"ts": "2026-08-12T14:53:31.583461117Z", "container": "prefect-postgres", "msg": "2026-08-12 14:53:31.583 UTC [28] LOG:  checkpoint starting: time"}
{"ts": "2026-08-12T14:53:35.518399644Z", "container": "prefect-postgres", "msg": "2026-08-12 14:53:35.518 UTC [28] LOG:  checkpoint complete: wrote 40 buffers (0.2%); 0 WAL file(s) added, 0 removed, 0 recycled; write=3.909 s, sync=0.015 s, total=3.935 s; sync files=28, longest=0.003 s, average=0.001 s; distance=852 kB, estimate=1163 kB; lsn=0/F0E5AB48, redo lsn=0/F0E4DBC8"}
{"ts": "2026-08-12T14:58:31.616426823Z", "container": "prefect-postgres", "msg": "2026-08-12 14:58:31.616 UTC [28] LOG:  checkpoint starting: time"}
{"ts": "2026-08-12T14:58:36.458721465Z", "container": "prefect-postgres", "msg": "2026-08-12 14:58:36.458 UTC [28] LOG:  checkpoint complete: wrote 47 buffers (0.3%); 0 WAL file(s) added, 0 removed, 0 recycled; write=4.818 s, sync=0.015 s, total=4.843 s; sync files=28, longest=0.004 s, average=0.001 s; distance=925 kB, estimate=1139 kB; lsn=0/F0F3BB20, redo lsn=0/F0F35070"}
{"ts": "2026-08-12T15:03:31.555457868Z", "container": "prefect-postgres", "msg": "2026-08-12 15:03:31.555 UTC [28] LOG:  checkpoint starting: time"}
{"ts": "2026-08-12T15:03:34.688847418Z", "container": "prefect-postgres", "msg": "2026-08-12 15:03:34.688 UTC [28] LOG:  checkpoint complete: wrote 31 buffers (0.2%); 0 WAL file(s) added, 1 removed, 0 recycled; write=3.112 s, sync=0.010 s, total=3.134 s; sync files=29, longest=0.003 s, average=0.001 s; distance=862 kB, estimate=1111 kB; lsn=0/F1010A60, redo lsn=0/F100C9E8"}
{"ts": "2026-08-12T15:08:31.787455788Z", "container": "prefect-postgres", "msg": "2026-08-12 15:08:31.787 UTC [28] LOG:  checkpoint starting: time"}
{"ts": "2026-08-12T15:08:34.217789676Z", "container": "prefect-postgres", "msg": "2026-08-12 15:08:34.217 UTC [28] LOG:  checkpoint complete: wrote 25 buffers (0.2%); 0 WAL file(s) added, 0 removed, 0 recycled; write=2.408 s, sync=0.013 s, total=2.431 s; sync files=28, longest=0.002 s, average=0.001 s; distance=905 kB, estimate=1091 kB; lsn=0/F10F0A88, redo lsn=0/F10EEE18"}
{"ts": "2026-08-12T15:13:31.315455914Z", "container": "prefect-postgres", "msg": "2026-08-12 15:13:31.315 UTC [28] LOG:  checkpoint starting: time"}
{"ts": "2026-08-12T15:13:36.256962199Z", "container": "prefect-postgres", "msg": "2026-08-12 15:13:36.256 UTC [28] LOG:  checkpoint complete: wrote 46 buffers (0.3%); 0 WAL file(s) added, 0 removed, 0 recycled; write=4.911 s, sync=0.018 s, total=4.942 s; sync files=28, longest=0.003 s, average=0.001 s; distance=876 kB, estimate=1069 kB; lsn=0/F11CD7B8, redo lsn=0/F11C9FF0"}
{"ts": "2026-08-12T15:18:31.355454688Z", "container": "prefect-postgres", "msg": "2026-08-12 15:18:31.355 UTC [28] LOG:  checkpoint starting: time"}
{"ts": "2026-08-12T15:18:33.697891501Z", "container": "prefect-postgres", "msg": "2026-08-12 15:18:33.697 UTC [28] LOG:  checkpoint complete: wrote 25 buffers (0.2%); 0 WAL file(s) added, 0 removed, 0 recycled; write=2.315 s, sync=0.015 s, total=2.343 s; sync files=28, longest=0.003 s, average=0.001 s; distance=835 kB, estimate=1046 kB; lsn=0/F12A65E8, redo lsn=0/F129ADA0"}
{"ts": "2026-08-12T15:23:31.795896047Z", "container": "prefect-postgres", "msg": "2026-08-12 15:23:31.795 UTC [28] LOG:  checkpoint starting: time"}
{"ts": "2026-08-12T15:23:35.730138583Z", "container": "prefect-postgres", "msg": "2026-08-12 15:23:35.730 UTC [28] LOG:  checkpoint complete: wrote 40 buffers (0.2%); 0 WAL file(s) added, 0 removed, 0 recycled; write=3.913 s, sync=0.011 s, total=3.935 s; sync files=28, longest=0.003 s, average=0.001 s; distance=904 kB, estimate=1032 kB; lsn=0/F13846B0, redo lsn=0/F137CE10"}
{"ts": "2026-08-12T15:28:31.812230651Z", "container": "prefect-postgres", "msg": "2026-08-12 15:28:31.812 UTC [28] LOG:  checkpoint starting: time"}
{"ts": "2026-08-12T15:28:34.138017652Z", "container": "prefect-postgres", "msg": "2026-08-12 15:28:34.137 UTC [28] LOG:  checkpoint complete: wrote 24 buffers (0.1%); 0 WAL file(s) added, 0 removed, 0 recycled; write=2.307 s, sync=0.008 s, total=2.326 s; sync files=28, longest=0.003 s, average=0.001 s; distance=835 kB, estimate=1012 kB; lsn=0/F1458280, redo lsn=0/F144DB40"}
{"ts": "2026-08-12T15:33:31.238115517Z", "container": "prefect-postgres", "msg": "2026-08-12 15:33:31.238 UTC [28] LOG:  checkpoint starting: time"}
{"ts": "2026-08-12T15:33:35.470847628Z", "container": "prefect-postgres", "msg": "2026-08-12 15:33:35.470 UTC [28] LOG:  checkpoint complete: wrote 43 buffers (0.3%); 0 WAL file(s) added, 0 removed, 0 recycled; write=4.212 s, sync=0.010 s, total=4.233 s; sync files=29, longest=0.004 s, average=0.001 s; distance=893 kB, estimate=1000 kB; lsn=0/F1538490, redo lsn=0/F152D1D0"}
{"ts": "2026-08-12T15:38:31.539648164Z", "container": "prefect-postgres", "msg": "2026-08-12 15:38:31.539 UTC [28] LOG:  checkpoint starting: time"}
{"ts": "2026-08-12T15:38:36.179943768Z", "container": "prefect-postgres", "msg": "2026-08-12 15:38:36.179 UTC [28] LOG:  checkpoint complete: wrote 47 buffers (0.3%); 0 WAL file(s) added, 0 removed, 0 recycled; write=4.612 s, sync=0.017 s, total=4.641 s; sync files=28, longest=0.003 s, average=0.001 s; distance=864 kB, estimate=986 kB; lsn=0/F160D540, redo lsn=0/F16052F0"}
{"ts": "2026-08-12T15:43:31.279418907Z", "container": "prefect-postgres", "msg": "2026-08-12 15:43:31.279 UTC [28] LOG:  checkpoint starting: time"}
{"ts": "2026-08-12T15:43:34.309030202Z", "container": "prefect-postgres", "msg": "2026-08-12 15:43:34.308 UTC [28] LOG:  checkpoint complete: wrote 28 buffers (0.2%); 0 WAL file(s) added, 0 removed, 0 recycled; write=3.010 s, sync=0.009 s, total=3.030 s; sync files=28, longest=0.003 s, average=0.001 s; distance=858 kB, estimate=973 kB; lsn=0/F16E8400, redo lsn=0/F16DBB30"}
{"ts": "2026-08-12T15:48:31.409028880Z", "container": "prefect-postgres", "msg": "2026-08-12 15:48:31.408 UTC [28] LOG:  checkpoint starting: time"}
{"ts": "2026-08-12T15:48:35.240191388Z", "container": "prefect-postgres", "msg": "2026-08-12 15:48:35.240 UTC [28] LOG:  checkpoint complete: wrote 39 buffers (0.2%); 0 WAL file(s) added, 0 removed, 0 recycled; write=3.808 s, sync=0.012 s, total=3.832 s; sync files=28, longest=0.004 s, average=0.001 s; distance=861 kB, estimate=962 kB; lsn=0/F17B80D8, redo lsn=0/F17B32E8"}
{"ts": "2026-08-12T15:53:31.340283905Z", "container": "prefect-postgres", "msg": "2026-08-12 15:53:31.340 UTC [28] LOG:  checkpoint starting: time"}
{"ts": "2026-08-12T15:53:35.874536242Z", "container": "prefect-postgres", "msg": "2026-08-12 15:53:35.874 UTC [28] LOG:  checkpoint complete: wrote 46 buffers (0.3%); 0 WAL file(s) added, 0 removed, 0 recycled; write=4.515 s, sync=0.008 s, total=4.535 s; sync files=28, longest=0.004 s, average=0.001 s; distance=851 kB, estimate=951 kB; lsn=0/F188EE60, redo lsn=0/F18881F8"}
{"ts": "2026-08-12T15:58:31.971428793Z", "container": "prefect-postgres", "msg": "2026-08-12 15:58:31.971 UTC [28] LOG:  checkpoint starting: time"}
{"ts": "2026-08-12T15:58:34.901265727Z", "container": "prefect-postgres", "msg": "2026-08-12 15:58:34.901 UTC [28] LOG:  checkpoint complete: wrote 30 buffers (0.2%); 0 WAL file(s) added, 0 removed, 0 recycled; write=2.910 s, sync=0.009 s, total=2.930 s; sync files=29, longest=0.003 s, average=0.001 s; distance=910 kB, estimate=947 kB; lsn=0/F196EE20, redo lsn=0/F196BBD0"}
{"ts": "2026-08-12T15:59:59.991102053Z", "container": "prefect-postgres", "msg": "2026-08-12 15:59:59.991 UTC [38447] ERROR:  duplicate key value violates unique constraint \"pk_task_run\""}
{"ts": "2026-08-12T15:59:59.991136334Z", "container": "prefect-postgres", "msg": "2026-08-12 15:59:59.991 UTC [38447] DETAIL:  Key (id)=(019ff6b3-b3b5-76a3-81b5-b868c40c1d4e) already exists."}
{"ts": "2026-08-12T15:59:59.991142724Z", "container": "prefect-postgres", "msg": "2026-08-12 15:59:59.991 UTC [38447] STATEMENT:  INSERT INTO task_run (flow_run_id, task_key, dynamic_key, flow_run_run_count, empirical_policy, task_inputs, tags, labels, state_id, name, state_type, state_name, state_timestamp, run_count, expected_start_time, total_run_time, id, created, updated) VALUES ($1::UUID, $2::VARCHAR, $3::VARCHAR, $4::INTEGER, $5, $6, $7::JSONB, $8::JSONB, $9::UUID, $10::VARCHAR, $11::state_type, $12::VARCHAR, $13::TIMESTAMP WITH TIME ZONE, $14::INTEGER, $15::TIMESTAMP WITH TIME ZONE, $16::INTERVAL, $17::UUID, $18::TIMESTAMP WITH TIME ZONE, $19::TIMESTAMP WITH TIME ZONE) ON CONFLICT (flow_run_id, task_key, dynamic_key) DO UPDATE SET flow_run_id = excluded.flow_run_id, task_key = excluded.task_key, dynamic_key = excluded.dynamic_key, flow_run_run_count = excluded.flow_run_run_count, empirical_policy = excluded.empirical_policy, task_inputs = excluded.task_inputs, tags = excluded.tags, labels = excluded.labels, state_id = excluded.state_id, name = excluded.name, state_type = excluded.state_type, state_name = excluded.state_name, state_timestamp = excluded.state_timestamp, run_count = excluded.run_count, expected_start_time = excluded.expected_start_time, total_run_time = excluded.total_run_time, updated = excluded.updated WHERE task_run.state_timestamp < excluded.state_timestamp"}
{"ts": "2026-08-12T16:03:31.999501656Z", "container": "prefect-postgres", "msg": "2026-08-12 16:03:31.999 UTC [28] LOG:  checkpoint starting: time"}
{"ts": "2026-08-12T16:03:34.935924111Z", "container": "prefect-postgres", "msg": "2026-08-12 16:03:34.935 UTC [28] LOG:  checkpoint complete: wrote 26 buffers (0.2%); 0 WAL file(s) added, 0 removed, 0 recycled; write=2.910 s, sync=0.016 s, total=2.937 s; sync files=143, longest=0.004 s, average=0.001 s; distance=3046 kB, estimate=3046 kB; lsn=0/F1C69AB8, redo lsn=0/F1C65410"}
{"ts": "2026-08-12T16:08:32.028723471Z", "container": "prefect-postgres", "msg": "2026-08-12 16:08:32.028 UTC [28] LOG:  checkpoint starting: time"}
{"ts": "2026-08-12T16:08:34.562414230Z", "container": "prefect-postgres", "msg": "2026-08-12 16:08:34.562 UTC [28] LOG:  checkpoint complete: wrote 24 buffers (0.1%); 0 WAL file(s) added, 0 removed, 0 recycled; write=2.513 s, sync=0.011 s, total=2.534 s; sync files=28, longest=0.003 s, average=0.001 s; distance=840 kB, estimate=2825 kB; lsn=0/F1D3CD20, redo lsn=0/F1D37420"}
{"ts": "2026-08-12T16:13:32.659872417Z", "container": "prefect-postgres", "msg": "2026-08-12 16:13:32.659 UTC [28] LOG:  checkpoint starting: time"}
{"ts": "2026-08-12T16:13:35.297828691Z", "container": "prefect-postgres", "msg": "2026-08-12 16:13:35.297 UTC [28] LOG:  checkpoint complete: wrote 28 buffers (0.2%); 0 WAL file(s) added, 0 removed, 0 recycled; write=2.614 s, sync=0.016 s, total=2.638 s; sync files=28, longest=0.003 s, average=0.001 s; distance=890 kB, estimate=2631 kB; lsn=0/F1E1BBC8, redo lsn=0/F1E15E70"}
{"ts": "2026-08-12T16:18:32.397384730Z", "container": "prefect-postgres", "msg": "2026-08-12 16:18:32.397 UTC [28] LOG:  checkpoint starting: time"}
{"ts": "2026-08-12T16:18:36.941786195Z", "container": "prefect-postgres", "msg": "2026-08-12 16:18:36.941 UTC [28] LOG:  checkpoint complete: wrote 46 buffers (0.3%); 0 WAL file(s) added, 1 removed, 0 recycled; write=4.513 s, sync=0.017 s, total=4.545 s; sync files=144, longest=0.003 s, average=0.001 s; distance=2915 kB, estimate=2915 kB; lsn=0/F20F69F0, redo lsn=0/F20EEDF8"}
{"ts": "2026-08-12T16:23:33.040437103Z", "container": "prefect-postgres", "msg": "2026-08-12 16:23:33.040 UTC [28] LOG:  checkpoint starting: time"}
{"ts": "2026-08-12T16:23:36.675735837Z", "container": "prefect-postgres", "msg": "2026-08-12 16:23:36.675 UTC [28] LOG:  checkpoint complete: wrote 37 buffers (0.2%); 0 WAL file(s) added, 0 removed, 0 recycled; write=3.612 s, sync=0.012 s, total=3.636 s; sync files=29, longest=0.004 s, average=0.001 s; distance=861 kB, estimate=2710 kB; lsn=0/F21D1500, redo lsn=0/F21C63F8"}
{"ts": "2026-08-12T16:28:33.775438910Z", "container": "prefect-postgres", "msg": "2026-08-12 16:28:33.775 UTC [28] LOG:  checkpoint starting: time"}
{"ts": "2026-08-12T16:28:37.201771963Z", "container": "prefect-postgres", "msg": "2026-08-12 16:28:37.201 UTC [28] LOG:  checkpoint complete: wrote 34 buffers (0.2%); 0 WAL file(s) added, 0 removed, 0 recycled; write=3.409 s, sync=0.005 s, total=3.427 s; sync files=29, longest=0.003 s, average=0.001 s; distance=933 kB, estimate=2532 kB; lsn=0/F22B8690, redo lsn=0/F22AFB10"}
{"ts": "2026-08-12T16:33:33.301913793Z", "container": "prefect-postgres", "msg": "2026-08-12 16:33:33.301 UTC [28] LOG:  checkpoint starting: time"}
{"ts": "2026-08-12T16:33:37.235350472Z", "container": "prefect-postgres", "msg": "2026-08-12 16:33:37.235 UTC [28] LOG:  checkpoint complete: wrote 38 buffers (0.2%); 0 WAL file(s) added, 0 removed, 0 recycled; write=3.915 s, sync=0.008 s, total=3.934 s; sync files=138, longest=0.003 s, average=0.001 s; distance=2796 kB, estimate=2796 kB; lsn=0/F25757A8, redo lsn=0/F256AB98"}
{"ts": "2026-08-12T16:38:33.329448843Z", "container": "prefect-postgres", "msg": "2026-08-12 16:38:33.329 UTC [28] LOG:  checkpoint starting: time"}
{"ts": "2026-08-12T16:38:36.559707640Z", "container": "prefect-postgres", "msg": "2026-08-12 16:38:36.559 UTC [28] LOG:  checkpoint complete: wrote 27 buffers (0.2%); 0 WAL file(s) added, 0 removed, 0 recycled; write=3.214 s, sync=0.005 s, total=3.231 s; sync files=28, longest=0.003 s, average=0.001 s; distance=864 kB, estimate=2602 kB; lsn=0/F264C498, redo lsn=0/F2642C60"}
{"ts": "2026-08-12T16:43:33.657709480Z", "container": "prefect-postgres", "msg": "2026-08-12 16:43:33.657 UTC [28] LOG:  checkpoint starting: time"}
{"ts": "2026-08-12T16:43:38.493264707Z", "container": "prefect-postgres", "msg": "2026-08-12 16:43:38.493 UTC [28] LOG:  checkpoint complete: wrote 48 buffers (0.3%); 0 WAL file(s) added, 0 removed, 0 recycled; write=4.811 s, sync=0.014 s, total=4.836 s; sync files=28, longest=0.004 s, average=0.001 s; distance=918 kB, estimate=2434 kB; lsn=0/F272CB88, redo lsn=0/F2728530"}
{"ts": "2026-08-12T16:48:33.591494006Z", "container": "prefect-postgres", "msg": "2026-08-12 16:48:33.591 UTC [28] LOG:  checkpoint starting: time"}
{"ts": "2026-08-12T16:48:37.238752555Z", "container": "prefect-postgres", "msg": "2026-08-12 16:48:37.238 UTC [28] LOG:  checkpoint complete: wrote 35 buffers (0.2%); 0 WAL file(s) added, 0 removed, 0 recycled; write=3.616 s, sync=0.020 s, total=3.648 s; sync files=136, longest=0.004 s, average=0.001 s; distance=2605 kB, estimate=2605 kB; lsn=0/F29C1748, redo lsn=0/F29B3C80"}
{"ts": "2026-08-12T16:53:33.335459855Z", "container": "prefect-postgres", "msg": "2026-08-12 16:53:33.335 UTC [28] LOG:  checkpoint starting: time"}
{"ts": "2026-08-12T16:53:35.772143108Z", "container": "prefect-postgres", "msg": "2026-08-12 16:53:35.772 UTC [28] LOG:  checkpoint complete: wrote 24 buffers (0.1%); 0 WAL file(s) added, 0 removed, 0 recycled; write=2.408 s, sync=0.019 s, total=2.437 s; sync files=31, longest=0.003 s, average=0.001 s; distance=894 kB, estimate=2434 kB; lsn=0/F2A95698, redo lsn=0/F2A93688"}
{"ts": "2026-08-12T16:58:33.871262139Z", "container": "prefect-postgres", "msg": "2026-08-12 16:58:33.871 UTC [28] LOG:  checkpoint starting: time"}
{"ts": "2026-08-12T16:58:37.702857510Z", "container": "prefect-postgres", "msg": "2026-08-12 16:58:37.702 UTC [28] LOG:  checkpoint complete: wrote 37 buffers (0.2%); 0 WAL file(s) added, 0 removed, 0 recycled; write=3.810 s, sync=0.011 s, total=3.832 s; sync files=29, longest=0.003 s, average=0.001 s; distance=900 kB, estimate=2281 kB; lsn=0/F2B78F48, redo lsn=0/F2B749C8"}
{"ts": "2026-08-12T17:03:33.799461368Z", "container": "prefect-postgres", "msg": "2026-08-12 17:03:33.799 UTC [28] LOG:  checkpoint starting: time"}
{"ts": "2026-08-12T17:03:36.423569197Z", "container": "prefect-postgres", "msg": "2026-08-12 17:03:36.423 UTC [28] LOG:  checkpoint complete: wrote 27 buffers (0.2%); 0 WAL file(s) added, 0 removed, 0 recycled; write=2.607 s, sync=0.009 s, total=2.625 s; sync files=32, longest=0.003 s, average=0.001 s; distance=858 kB, estimate=2139 kB; lsn=0/F2C53990, redo lsn=0/F2C4B300"}
{"ts": "2026-08-12T17:08:33.495115449Z", "container": "prefect-postgres", "msg": "2026-08-12 17:08:33.494 UTC [28] LOG:  checkpoint starting: time"}
{"ts": "2026-08-12T17:08:37.828116711Z", "container": "prefect-postgres", "msg": "2026-08-12 17:08:37.828 UTC [28] LOG:  checkpoint complete: wrote 39 buffers (0.2%); 0 WAL file(s) added, 0 removed, 0 recycled; write=4.317 s, sync=0.007 s, total=4.334 s; sync files=29, longest=0.003 s, average=0.001 s; distance=903 kB, estimate=2015 kB; lsn=0/F2D36AE0, redo lsn=0/F2D2D2A0"}
{"ts": "2026-08-12T17:13:33.928202669Z", "container": "prefect-postgres", "msg": "2026-08-12 17:13:33.928 UTC [28] LOG:  checkpoint starting: time"}
{"ts": "2026-08-12T17:13:38.268608808Z", "container": "prefect-postgres", "msg": "2026-08-12 17:13:38.268 UTC [28] LOG:  checkpoint complete: wrote 45 buffers (0.3%); 0 WAL file(s) added, 0 removed, 0 recycled; write=4.313 s, sync=0.017 s, total=4.341 s; sync files=30, longest=0.004 s, average=0.001 s; distance=858 kB, estimate=1899 kB; lsn=0/F2E0CF28, redo lsn=0/F2E03CB0"}
{"ts": "2026-08-12T17:18:33.367854299Z", "container": "prefect-postgres", "msg": "2026-08-12 17:18:33.367 UTC [28] LOG:  checkpoint starting: time"}
{"ts": "2026-08-12T17:18:35.704325744Z", "container": "prefect-postgres", "msg": "2026-08-12 17:18:35.704 UTC [28] LOG:  checkpoint complete: wrote 23 buffers (0.1%); 0 WAL file(s) added, 0 removed, 0 recycled; write=2.313 s, sync=0.012 s, total=2.337 s; sync files=29, longest=0.003 s, average=0.001 s; distance=860 kB, estimate=1795 kB; lsn=0/F2EEA888, redo lsn=0/F2EDAEA0"}
{"ts": "2026-08-12T17:23:33.783856048Z", "container": "prefect-postgres", "msg": "2026-08-12 17:23:33.783 UTC [28] LOG:  checkpoint starting: time"}
{"ts": "2026-08-12T17:23:36.317284362Z", "container": "prefect-postgres", "msg": "2026-08-12 17:23:36.317 UTC [28] LOG:  checkpoint complete: wrote 26 buffers (0.2%); 0 WAL file(s) added, 0 removed, 0 recycled; write=2.512 s, sync=0.010 s, total=2.534 s; sync files=31, longest=0.003 s, average=0.001 s; distance=967 kB, estimate=1713 kB; lsn=0/F2FCE468, redo lsn=0/F2FCCD00"}
{"ts": "2026-08-12T17:28:33.417373640Z", "container": "prefect-postgres", "msg": "2026-08-12 17:28:33.417 UTC [28] LOG:  checkpoint starting: time"}
{"ts": "2026-08-12T17:28:36.660335694Z", "container": "prefect-postgres", "msg": "2026-08-12 17:28:36.660 UTC [28] LOG:  checkpoint complete: wrote 32 buffers (0.2%); 0 WAL file(s) added, 1 removed, 0 recycled; write=3.215 s, sync=0.016 s, total=3.243 s; sync files=28, longest=0.003 s, average=0.001 s; distance=867 kB, estimate=1628 kB; lsn=0/F30AEC28, redo lsn=0/F30A5C50"}
{"ts": "2026-08-12T17:33:33.730970577Z", "container": "prefect-postgres", "msg": "2026-08-12 17:33:33.730 UTC [28] LOG:  checkpoint starting: time"}
{"ts": "2026-08-12T17:33:35.563766143Z", "container": "prefect-postgres", "msg": "2026-08-12 17:33:35.563 UTC [28] LOG:  checkpoint complete: wrote 19 buffers (0.1%); 0 WAL file(s) added, 0 removed, 0 recycled; write=1.811 s, sync=0.012 s, total=1.833 s; sync files=27, longest=0.004 s, average=0.001 s; distance=878 kB, estimate=1553 kB; lsn=0/F3185F40, redo lsn=0/F31817D8"}
{"ts": "2026-08-12T17:38:33.663443989Z", "container": "prefect-postgres", "msg": "2026-08-12 17:38:33.663 UTC [28] LOG:  checkpoint starting: time"}
{"ts": "2026-08-12T17:38:36.095119912Z", "container": "prefect-postgres", "msg": "2026-08-12 17:38:36.095 UTC [28] LOG:  checkpoint complete: wrote 25 buffers (0.2%); 0 WAL file(s) added, 0 removed, 0 recycled; write=2.410 s, sync=0.012 s, total=2.432 s; sync files=28, longest=0.003 s, average=0.001 s; distance=885 kB, estimate=1486 kB; lsn=0/F3264AE8, redo lsn=0/F325EF98"}
{"ts": "2026-08-12T17:43:33.192046252Z", "container": "prefect-postgres", "msg": "2026-08-12 17:43:33.191 UTC [28] LOG:  checkpoint starting: time"}
{"ts": "2026-08-12T17:43:36.233220498Z", "container": "prefect-postgres", "msg": "2026-08-12 17:43:36.233 UTC [28] LOG:  checkpoint complete: wrote 30 buffers (0.2%); 0 WAL file(s) added, 0 removed, 0 recycled; write=3.010 s, sync=0.021 s, total=3.042 s; sync files=28, longest=0.003 s, average=0.001 s; distance=918 kB, estimate=1429 kB; lsn=0/F334A5E8, redo lsn=0/F33449D8"}
{"ts": "2026-08-12T17:48:33.331445255Z", "container": "prefect-postgres", "msg": "2026-08-12 17:48:33.331 UTC [28] LOG:  checkpoint starting: time"}
{"ts": "2026-08-12T17:48:35.866291784Z", "container": "prefect-postgres", "msg": "2026-08-12 17:48:35.866 UTC [28] LOG:  checkpoint complete: wrote 26 buffers (0.2%); 0 WAL file(s) added, 0 removed, 0 recycled; write=2.511 s, sync=0.012 s, total=2.535 s; sync files=28, longest=0.003 s, average=0.001 s; distance=866 kB, estimate=1373 kB; lsn=0/F341E920, redo lsn=0/F341D230"}
{"ts": "2026-08-12T17:53:33.963453938Z", "container": "prefect-postgres", "msg": "2026-08-12 17:53:33.963 UTC [28] LOG:  checkpoint starting: time"}
{"ts": "2026-08-12T17:53:37.905936818Z", "container": "prefect-postgres", "msg": "2026-08-12 17:53:37.905 UTC [28] LOG:  checkpoint complete: wrote 36 buffers (0.2%); 0 WAL file(s) added, 0 removed, 0 recycled; write=3.914 s, sync=0.017 s, total=3.943 s; sync files=29, longest=0.007 s, average=0.001 s; distance=925 kB, estimate=1328 kB; lsn=0/F3511A68, redo lsn=0/F3504670"}
{"ts": "2026-08-12T17:58:33.999484080Z", "container": "prefect-postgres", "msg": "2026-08-12 17:58:33.999 UTC [28] LOG:  checkpoint starting: time"}
{"ts": "2026-08-12T17:58:36.923875324Z", "container": "prefect-postgres", "msg": "2026-08-12 17:58:36.923 UTC [28] LOG:  checkpoint complete: wrote 30 buffers (0.2%); 0 WAL file(s) added, 0 removed, 0 recycled; write=2.908 s, sync=0.008 s, total=2.925 s; sync files=28, longest=0.004 s, average=0.001 s; distance=862 kB, estimate=1282 kB; lsn=0/F35E14C0, redo lsn=0/F35DBF88"}
{"ts": "2026-08-12T18:03:34.023445150Z", "container": "prefect-postgres", "msg": "2026-08-12 18:03:34.023 UTC [28] LOG:  checkpoint starting: time"}
{"ts": "2026-08-12T18:03:37.554146098Z", "container": "prefect-postgres", "msg": "2026-08-12 18:03:37.554 UTC [28] LOG:  checkpoint complete: wrote 30 buffers (0.2%); 0 WAL file(s) added, 0 removed, 0 recycled; write=3.512 s, sync=0.007 s, total=3.531 s; sync files=28, longest=0.003 s, average=0.001 s; distance=874 kB, estimate=1241 kB; lsn=0/F36BB350, redo lsn=0/F36B69B0"}
{"ts": "2026-08-12T18:08:34.654224850Z", "container": "prefect-postgres", "msg": "2026-08-12 18:08:34.654 UTC [28] LOG:  checkpoint starting: time"}
{"ts": "2026-08-12T18:08:37.296728002Z", "container": "prefect-postgres", "msg": "2026-08-12 18:08:37.296 UTC [28] LOG:  checkpoint complete: wrote 25 buffers (0.2%); 0 WAL file(s) added, 0 removed, 0 recycled; write=2.612 s, sync=0.018 s, total=2.643 s; sync files=27, longest=0.004 s, average=0.001 s; distance=853 kB, estimate=1202 kB; lsn=0/F3792F80, redo lsn=0/F378C090"}
{"ts": "2026-08-12T18:13:34.396657341Z", "container": "prefect-postgres", "msg": "2026-08-12 18:13:34.396 UTC [28] LOG:  checkpoint starting: time"}
{"ts": "2026-08-12T18:13:39.238185472Z", "container": "prefect-postgres", "msg": "2026-08-12 18:13:39.238 UTC [28] LOG:  checkpoint complete: wrote 44 buffers (0.3%); 0 WAL file(s) added, 0 removed, 0 recycled; write=4.813 s, sync=0.017 s, total=4.842 s; sync files=28, longest=0.004 s, average=0.001 s; distance=879 kB, estimate=1170 kB; lsn=0/F386DBD0, redo lsn=0/F3867E10"}
{"ts": "2026-08-12T18:18:34.335455066Z", "container": "prefect-postgres", "msg": "2026-08-12 18:18:34.335 UTC [28] LOG:  checkpoint starting: time"}
{"ts": "2026-08-12T18:18:38.075112376Z", "container": "prefect-postgres", "msg": "2026-08-12 18:18:38.075 UTC [28] LOG:  checkpoint complete: wrote 37 buffers (0.2%); 0 WAL file(s) added, 0 removed, 0 recycled; write=3.715 s, sync=0.013 s, total=3.740 s; sync files=29, longest=0.003 s, average=0.001 s; distance=897 kB, estimate=1142 kB; lsn=0/F394D380, redo lsn=0/F39482A8"}
{"ts": "2026-08-12T18:23:34.167466341Z", "container": "prefect-postgres", "msg": "2026-08-12 18:23:34.167 UTC [28] LOG:  checkpoint starting: time"}
{"ts": "2026-08-12T18:23:39.000162993Z", "container": "prefect-postgres", "msg": "2026-08-12 18:23:39.000 UTC [28] LOG:  checkpoint complete: wrote 47 buffers (0.3%); 0 WAL file(s) added, 0 removed, 0 recycled; write=4.810 s, sync=0.014 s, total=4.833 s; sync files=28, longest=0.003 s, average=0.001 s; distance=859 kB, estimate=1114 kB; lsn=0/F3A2C700, redo lsn=0/F3A1F250"}
{"ts": "2026-08-12T18:28:34.099447257Z", "container": "prefect-postgres", "msg": "2026-08-12 18:28:34.099 UTC [28] LOG:  checkpoint starting: time"}
{"ts": "2026-08-12T18:28:38.843357244Z", "container": "prefect-postgres", "msg": "2026-08-12 18:28:38.843 UTC [28] LOG:  checkpoint complete: wrote 47 buffers (0.3%); 0 WAL file(s) added, 0 removed, 0 recycled; write=4.716 s, sync=0.017 s, total=4.744 s; sync files=28, longest=0.004 s, average=0.001 s; distance=860 kB, estimate=1089 kB; lsn=0/F3AFB0A8, redo lsn=0/F3AF63B0"}
{"ts": "2026-08-12T18:33:34.939417245Z", "container": "prefect-postgres", "msg": "2026-08-12 18:33:34.939 UTC [28] LOG:  checkpoint starting: time"}
{"ts": "2026-08-12T18:33:39.474573953Z", "container": "prefect-postgres", "msg": "2026-08-12 18:33:39.474 UTC [28] LOG:  checkpoint complete: wrote 44 buffers (0.3%); 0 WAL file(s) added, 0 removed, 0 recycled; write=4.517 s, sync=0.006 s, total=4.536 s; sync files=28, longest=0.004 s, average=0.001 s; distance=884 kB, estimate=1068 kB; lsn=0/F3BD8B08, redo lsn=0/F3BD3438"}
{"ts": "2026-08-12T18:38:34.571418945Z", "container": "prefect-postgres", "msg": "2026-08-12 18:38:34.571 UTC [28] LOG:  checkpoint starting: time"}
{"ts": "2026-08-12T18:38:38.204899241Z", "container": "prefect-postgres", "msg": "2026-08-12 18:38:38.204 UTC [28] LOG:  checkpoint complete: wrote 32 buffers (0.2%); 0 WAL file(s) added, 0 removed, 0 recycled; write=3.612 s, sync=0.011 s, total=3.634 s; sync files=28, longest=0.004 s, average=0.001 s; distance=880 kB, estimate=1049 kB; lsn=0/F3CB49A0, redo lsn=0/F3CAF498"}
{"ts": "2026-08-12T18:43:34.304890009Z", "container": "prefect-postgres", "msg": "2026-08-12 18:43:34.304 UTC [28] LOG:  checkpoint starting: time"}
{"ts": "2026-08-12T18:43:39.147222204Z", "container": "prefect-postgres", "msg": "2026-08-12 18:43:39.147 UTC [28] LOG:  checkpoint complete: wrote 47 buffers (0.3%); 0 WAL file(s) added, 0 removed, 0 recycled; write=4.812 s, sync=0.018 s, total=4.843 s; sync files=28, longest=0.004 s, average=0.001 s; distance=902 kB, estimate=1035 kB; lsn=0/F3D97890, redo lsn=0/F3D90FF0"}
{"ts": "2026-08-12T18:48:34.247320244Z", "container": "prefect-postgres", "msg": "2026-08-12 18:48:34.247 UTC [28] LOG:  checkpoint starting: time"}
{"ts": "2026-08-12T18:48:38.580015025Z", "container": "prefect-postgres", "msg": "2026-08-12 18:48:38.579 UTC [28] LOG:  checkpoint complete: wrote 44 buffers (0.3%); 0 WAL file(s) added, 0 removed, 0 recycled; write=4.310 s, sync=0.011 s, total=4.333 s; sync files=29, longest=0.003 s, average=0.001 s; distance=871 kB, estimate=1018 kB; lsn=0/F3E734F0, redo lsn=0/F3E6ABF8"}
{"ts": "2026-08-12T18:53:34.680091958Z", "container": "prefect-postgres", "msg": "2026-08-12 18:53:34.679 UTC [28] LOG:  checkpoint starting: time"}
{"ts": "2026-08-12T18:53:39.118123224Z", "container": "prefect-postgres", "msg": "2026-08-12 18:53:39.118 UTC [28] LOG:  checkpoint complete: wrote 45 buffers (0.3%); 0 WAL file(s) added, 0 removed, 0 recycled; write=4.415 s, sync=0.013 s, total=4.439 s; sync files=27, longest=0.003 s, average=0.001 s; distance=892 kB, estimate=1006 kB; lsn=0/F3F50B00, redo lsn=0/F3F49E08"}
{"ts": "2026-08-12T18:58:34.215448692Z", "container": "prefect-postgres", "msg": "2026-08-12 18:58:34.215 UTC [28] LOG:  checkpoint starting: time"}
{"ts": "2026-08-12T18:58:39.553976526Z", "container": "prefect-postgres", "msg": "2026-08-12 18:58:39.553 UTC [28] LOG:  checkpoint complete: wrote 47 buffers (0.3%); 0 WAL file(s) added, 1 removed, 0 recycled; write=5.314 s, sync=0.010 s, total=5.339 s; sync files=28, longest=0.002 s, average=0.001 s; distance=887 kB, estimate=994 kB; lsn=0/F402FAA8, redo lsn=0/F4027B70"}
{"ts": "2026-08-12T19:03:34.654069237Z", "container": "prefect-postgres", "msg": "2026-08-12 19:03:34.653 UTC [28] LOG:  checkpoint starting: time"}
{"ts": "2026-08-12T19:03:38.198293005Z", "container": "prefect-postgres", "msg": "2026-08-12 19:03:38.198 UTC [28] LOG:  checkpoint complete: wrote 30 buffers (0.2%); 0 WAL file(s) added, 0 removed, 0 recycled; write=3.515 s, sync=0.017 s, total=3.545 s; sync files=28, longest=0.004 s, average=0.001 s; distance=832 kB, estimate=978 kB; lsn=0/F4104350, redo lsn=0/F40F7CA0"}
{"ts": "2026-08-12T19:08:34.298040121Z", "container": "prefect-postgres", "msg": "2026-08-12 19:08:34.297 UTC [28] LOG:  checkpoint starting: time"}
{"ts": "2026-08-12T19:08:38.341963425Z", "container": "prefect-postgres", "msg": "2026-08-12 19:08:38.341 UTC [28] LOG:  checkpoint complete: wrote 41 buffers (0.3%); 0 WAL file(s) added, 0 removed, 0 recycled; write=4.015 s, sync=0.017 s, total=4.044 s; sync files=28, longest=0.003 s, average=0.001 s; distance=884 kB, estimate=968 kB; lsn=0/F41DB4A0, redo lsn=0/F41D4D70"}
{"ts": "2026-08-12T19:13:34.439453956Z", "container": "prefect-postgres", "msg": "2026-08-12 19:13:34.439 UTC [28] LOG:  checkpoint starting: time"}
{"ts": "2026-08-12T19:13:37.372236470Z", "container": "prefect-postgres", "msg": "2026-08-12 19:13:37.372 UTC [28] LOG:  checkpoint complete: wrote 29 buffers (0.2%); 0 WAL file(s) added, 0 removed, 0 recycled; write=2.908 s, sync=0.015 s, total=2.933 s; sync files=29, longest=0.004 s, average=0.001 s; distance=902 kB, estimate=962 kB; lsn=0/F42C3748, redo lsn=0/F42B6720"}
{"ts": "2026-08-12T19:18:34.448958896Z", "container": "prefect-postgres", "msg": "2026-08-12 19:18:34.448 UTC [28] LOG:  checkpoint starting: time"}
{"ts": "2026-08-12T19:18:37.984952384Z", "container": "prefect-postgres", "msg": "2026-08-12 19:18:37.984 UTC [28] LOG:  checkpoint complete: wrote 35 buffers (0.2%); 0 WAL file(s) added, 0 removed, 0 recycled; write=3.516 s, sync=0.008 s, total=3.536 s; sync files=28, longest=0.003 s, average=0.001 s; distance=843 kB, estimate=950 kB; lsn=0/F438EF90, redo lsn=0/F4389560"}
{"ts": "2026-08-12T19:23:35.043470106Z", "container": "prefect-postgres", "msg": "2026-08-12 19:23:35.043 UTC [28] LOG:  checkpoint starting: time"}
{"ts": "2026-08-12T19:23:38.574393058Z", "container": "prefect-postgres", "msg": "2026-08-12 19:23:38.574 UTC [28] LOG:  checkpoint complete: wrote 36 buffers (0.2%); 0 WAL file(s) added, 0 removed, 0 recycled; write=3.511 s, sync=0.008 s, total=3.531 s; sync files=28, longest=0.003 s, average=0.001 s; distance=848 kB, estimate=940 kB; lsn=0/F4464AF8, redo lsn=0/F445D908"}
{"ts": "2026-08-12T19:28:35.652793794Z", "container": "prefect-postgres", "msg": "2026-08-12 19:28:35.652 UTC [28] LOG:  checkpoint starting: time"}
{"ts": "2026-08-12T19:28:39.681940371Z", "container": "prefect-postgres", "msg": "2026-08-12 19:28:39.681 UTC [28] LOG:  checkpoint complete: wrote 41 buffers (0.3%); 0 WAL file(s) added, 0 removed, 0 recycled; write=4.013 s, sync=0.005 s, total=4.030 s; sync files=31, longest=0.003 s, average=0.001 s; distance=956 kB, estimate=956 kB; lsn=0/F45520B0, redo lsn=0/F454CB98"}
{"ts": "2026-08-12T19:33:35.742303832Z", "container": "prefect-postgres", "msg": "2026-08-12 19:33:35.742 UTC [28] LOG:  checkpoint starting: time"}
{"ts": "2026-08-12T19:33:39.772301529Z", "container": "prefect-postgres", "msg": "2026-08-12 19:33:39.772 UTC [28] LOG:  checkpoint complete: wrote 41 buffers (0.3%); 0 WAL file(s) added, 0 removed, 0 recycled; write=4.008 s, sync=0.012 s, total=4.031 s; sync files=29, longest=0.003 s, average=0.001 s; distance=861 kB, estimate=947 kB; lsn=0/F46323F8, redo lsn=0/F4624140"}
{"ts": "2026-08-12T19:38:35.869225263Z", "container": "prefect-postgres", "msg": "2026-08-12 19:38:35.869 UTC [28] LOG:  checkpoint starting: time"}
{"ts": "2026-08-12T19:38:40.110033065Z", "container": "prefect-postgres", "msg": "2026-08-12 19:38:40.109 UTC [28] LOG:  checkpoint complete: wrote 41 buffers (0.3%); 0 WAL file(s) added, 0 removed, 0 recycled; write=4.211 s, sync=0.018 s, total=4.241 s; sync files=29, longest=0.004 s, average=0.001 s; distance=925 kB, estimate=944 kB; lsn=0/F4714380, redo lsn=0/F470B758"}
{"ts": "2026-08-12T19:43:35.207456738Z", "container": "prefect-postgres", "msg": "2026-08-12 19:43:35.207 UTC [28] LOG:  checkpoint starting: time"}
{"ts": "2026-08-12T19:43:39.541848037Z", "container": "prefect-postgres", "msg": "2026-08-12 19:43:39.541 UTC [28] LOG:  checkpoint complete: wrote 37 buffers (0.2%); 0 WAL file(s) added, 0 removed, 0 recycled; write=4.311 s, sync=0.013 s, total=4.335 s; sync files=29, longest=0.004 s, average=0.001 s; distance=866 kB, estimate=937 kB; lsn=0/F47ECC18, redo lsn=0/F47E40D0"}
{"ts": "2026-08-12T19:48:35.639445839Z", "container": "prefect-postgres", "msg": "2026-08-12 19:48:35.639 UTC [28] LOG:  checkpoint starting: time"}
{"ts": "2026-08-12T19:48:39.971285008Z", "container": "prefect-postgres", "msg": "2026-08-12 19:48:39.971 UTC [28] LOG:  checkpoint complete: wrote 44 buffers (0.3%); 0 WAL file(s) added, 0 removed, 0 recycled; write=4.310 s, sync=0.012 s, total=4.332 s; sync files=28, longest=0.003 s, average=0.001 s; distance=917 kB, estimate=935 kB; lsn=0/F48CE918, redo lsn=0/F48C9718"}
{"ts": "2026-08-12T19:53:36.067450938Z", "container": "prefect-postgres", "msg": "2026-08-12 19:53:36.067 UTC [28] LOG:  checkpoint starting: time"}
{"ts": "2026-08-12T19:53:39.709047671Z", "container": "prefect-postgres", "msg": "2026-08-12 19:53:39.708 UTC [28] LOG:  checkpoint complete: wrote 36 buffers (0.2%); 0 WAL file(s) added, 0 removed, 0 recycled; write=3.616 s, sync=0.016 s, total=3.642 s; sync files=28, longest=0.003 s, average=0.001 s; distance=873 kB, estimate=929 kB; lsn=0/F49AA2F8, redo lsn=0/F49A3EC8"}
{"ts": "2026-08-12T19:58:36.807487702Z", "container": "prefect-postgres", "msg": "2026-08-12 19:58:36.807 UTC [28] LOG:  checkpoint starting: time"}
{"ts": "2026-08-12T19:58:39.437587779Z", "container": "prefect-postgres", "msg": "2026-08-12 19:58:39.437 UTC [28] LOG:  checkpoint complete: wrote 24 buffers (0.1%); 0 WAL file(s) added, 0 removed, 0 recycled; write=2.612 s, sync=0.008 s, total=2.631 s; sync files=27, longest=0.003 s, average=0.001 s; distance=825 kB, estimate=918 kB; lsn=0/F4A7E058, redo lsn=0/F4A72510"}
{"ts": "2026-08-12T20:03:36.537746363Z", "container": "prefect-postgres", "msg": "2026-08-12 20:03:36.537 UTC [28] LOG:  checkpoint starting: time"}
{"ts": "2026-08-12T20:03:38.865667531Z", "container": "prefect-postgres", "msg": "2026-08-12 20:03:38.865 UTC [28] LOG:  checkpoint complete: wrote 24 buffers (0.1%); 0 WAL file(s) added, 0 removed, 0 recycled; write=2.308 s, sync=0.011 s, total=2.328 s; sync files=139, longest=0.003 s, average=0.001 s; distance=3020 kB, estimate=3020 kB; lsn=0/F4D6A648, redo lsn=0/F4D65610"}
{"ts": "2026-08-12T20:08:36.963428767Z", "container": "prefect-postgres", "msg": "2026-08-12 20:08:36.963 UTC [28] LOG:  checkpoint starting: time"}
{"ts": "2026-08-12T20:08:40.202251931Z", "container": "prefect-postgres", "msg": "2026-08-12 20:08:40.202 UTC [28] LOG:  checkpoint complete: wrote 34 buffers (0.2%); 0 WAL file(s) added, 0 removed, 0 recycled; write=3.214 s, sync=0.012 s, total=3.239 s; sync files=28, longest=0.003 s, average=0.001 s; distance=915 kB, estimate=2809 kB; lsn=0/F4E4D978, redo lsn=0/F4E4A5E0"}
{"ts": "2026-08-12T20:13:36.299446794Z", "container": "prefect-postgres", "msg": "2026-08-12 20:13:36.299 UTC [28] LOG:  checkpoint starting: time"}
{"ts": "2026-08-12T20:13:39.932952254Z", "container": "prefect-postgres", "msg": "2026-08-12 20:13:39.932 UTC [28] LOG:  checkpoint complete: wrote 37 buffers (0.2%); 0 WAL file(s) added, 0 removed, 0 recycled; write=3.611 s, sync=0.012 s, total=3.634 s; sync files=29, longest=0.003 s, average=0.001 s; distance=905 kB, estimate=2619 kB; lsn=0/F4F31F98, redo lsn=0/F4F2CBC0"}
{"ts": "2026-08-12T20:18:37.033072044Z", "container": "prefect-postgres", "msg": "2026-08-12 20:18:37.032 UTC [28] LOG:  checkpoint starting: time"}
{"ts": "2026-08-12T20:18:40.580853849Z", "container": "prefect-postgres", "msg": "2026-08-12 20:18:40.580 UTC [28] LOG:  checkpoint complete: wrote 29 buffers (0.2%); 0 WAL file(s) added, 1 removed, 0 recycled; write=3.511 s, sync=0.023 s, total=3.548 s; sync files=137, longest=0.004 s, average=0.001 s; distance=2874 kB, estimate=2874 kB; lsn=0/F52025F8, redo lsn=0/F51FB6D8"}
{"ts": "2026-08-12T20:23:37.679460564Z", "container": "prefect-postgres", "msg": "2026-08-12 20:23:37.679 UTC [28] LOG:  checkpoint starting: time"}
{"ts": "2026-08-12T20:23:40.818231558Z", "container": "prefect-postgres", "msg": "2026-08-12 20:23:40.818 UTC [28] LOG:  checkpoint complete: wrote 32 buffers (0.2%); 0 WAL file(s) added, 0 removed, 0 recycled; write=3.111 s, sync=0.017 s, total=3.139 s; sync files=28, longest=0.003 s, average=0.001 s; distance=861 kB, estimate=2673 kB; lsn=0/F52D80E0, redo lsn=0/F52D2BD8"}
{"ts": "2026-08-12T20:28:37.915459882Z", "container": "prefect-postgres", "msg": "2026-08-12 20:28:37.915 UTC [28] LOG:  checkpoint starting: time"}
{"ts": "2026-08-12T20:28:41.450595514Z", "container": "prefect-postgres", "msg": "2026-08-12 20:28:41.450 UTC [28] LOG:  checkpoint complete: wrote 36 buffers (0.2%); 0 WAL file(s) added, 0 removed, 0 recycled; write=3.511 s, sync=0.013 s, total=3.536 s; sync files=28, longest=0.003 s, average=0.001 s; distance=832 kB, estimate=2489 kB; lsn=0/F53A7668, redo lsn=0/F53A2C00"}
{"ts": "2026-08-12T20:33:37.549113364Z", "container": "prefect-postgres", "msg": "2026-08-12 20:33:37.548 UTC [28] LOG:  checkpoint starting: time"}
{"ts": "2026-08-12T20:33:41.596819204Z", "container": "prefect-postgres", "msg": "2026-08-12 20:33:41.596 UTC [28] LOG:  checkpoint complete: wrote 41 buffers (0.3%); 0 WAL file(s) added, 0 removed, 0 recycled; write=4.017 s, sync=0.021 s, total=4.048 s; sync files=133, longest=0.007 s, average=0.001 s; distance=3051 kB, estimate=3051 kB; lsn=0/F56A73D0, redo lsn=0/F569D9A8"}
{"ts": "2026-08-12T20:38:37.695448918Z", "container": "prefect-postgres", "msg": "2026-08-12 20:38:37.695 UTC [28] LOG:  checkpoint starting: time"}
{"ts": "2026-08-12T20:38:41.036402607Z", "container": "prefect-postgres", "msg": "2026-08-12 20:38:41.036 UTC [28] LOG:  checkpoint complete: wrote 33 buffers (0.2%); 0 WAL file(s) added, 0 removed, 0 recycled; write=3.316 s, sync=0.015 s, total=3.341 s; sync files=29, longest=0.003 s, average=0.001 s; distance=898 kB, estimate=2836 kB; lsn=0/F5784070, redo lsn=0/F577E430"}
{"ts": "2026-08-12T20:43:37.135454496Z", "container": "prefect-postgres", "msg": "2026-08-12 20:43:37.135 UTC [28] LOG:  checkpoint starting: time"}
{"ts": "2026-08-12T20:43:41.765876354Z", "container": "prefect-postgres", "msg": "2026-08-12 20:43:41.765 UTC [28] LOG:  checkpoint complete: wrote 47 buffers (0.3%); 0 WAL file(s) added, 0 removed, 0 recycled; write=4.611 s, sync=0.007 s, total=4.631 s; sync files=28, longest=0.003 s, average=0.001 s; distance=881 kB, estimate=2640 kB; lsn=0/F586AFD0, redo lsn=0/F585AB98"}
{"ts": "2026-08-12T20:48:37.863527392Z", "container": "prefect-postgres", "msg": "2026-08-12 20:48:37.863 UTC [28] LOG:  checkpoint starting: time"}
{"ts": "2026-08-12T20:48:42.400596236Z", "container": "prefect-postgres", "msg": "2026-08-12 20:48:42.400 UTC [28] LOG:  checkpoint complete: wrote 46 buffers (0.3%); 0 WAL file(s) added, 0 removed, 0 recycled; write=4.515 s, sync=0.012 s, total=4.538 s; sync files=133, longest=0.003 s, average=0.001 s; distance=2351 kB, estimate=2611 kB; lsn=0/F5AAC6E8, redo lsn=0/F5AA6980"}
{"ts": "2026-08-12T20:53:37.499440272Z", "container": "prefect-postgres", "msg": "2026-08-12 20:53:37.499 UTC [28] LOG:  checkpoint starting: time"}
{"ts": "2026-08-12T20:53:41.933288116Z", "container": "prefect-postgres", "msg": "2026-08-12 20:53:41.933 UTC [28] LOG:  checkpoint complete: wrote 45 buffers (0.3%); 0 WAL file(s) added, 0 removed, 0 recycled; write=4.410 s, sync=0.013 s, total=4.434 s; sync files=28, longest=0.004 s, average=0.001 s; distance=869 kB, estimate=2437 kB; lsn=0/F5B8B388, redo lsn=0/F5B80098"}
{"ts": "2026-08-12T20:58:38.033383944Z", "container": "prefect-postgres", "msg": "2026-08-12 20:58:38.033 UTC [28] LOG:  checkpoint starting: time"}
{"ts": "2026-08-12T20:58:42.167703881Z", "container": "prefect-postgres", "msg": "2026-08-12 20:58:42.167 UTC [28] LOG:  checkpoint complete: wrote 41 buffers (0.3%); 0 WAL file(s) added, 0 removed, 0 recycled; write=4.114 s, sync=0.010 s, total=4.135 s; sync files=28, longest=0.003 s, average=0.001 s; distance=862 kB, estimate=2280 kB; lsn=0/F5C62B28, redo lsn=0/F5C578D8"}
{"ts": "2026-08-12T21:03:38.267453922Z", "container": "prefect-postgres", "msg": "2026-08-12 21:03:38.267 UTC [28] LOG:  checkpoint starting: time"}
{"ts": "2026-08-12T21:03:42.203026076Z", "container": "prefect-postgres", "msg": "2026-08-12 21:03:42.202 UTC [28] LOG:  checkpoint complete: wrote 40 buffers (0.2%); 0 WAL file(s) added, 0 removed, 0 recycled; write=3.912 s, sync=0.014 s, total=3.936 s; sync files=31, longest=0.003 s, average=0.001 s; distance=929 kB, estimate=2144 kB; lsn=0/F5D462C8, redo lsn=0/F5D3FDD0"}
{"ts": "2026-08-12T21:08:38.299455294Z", "container": "prefect-postgres", "msg": "2026-08-12 21:08:38.299 UTC [28] LOG:  checkpoint starting: time"}
{"ts": "2026-08-12T21:08:42.739410761Z", "container": "prefect-postgres", "msg": "2026-08-12 21:08:42.739 UTC [28] LOG:  checkpoint complete: wrote 43 buffers (0.3%); 0 WAL file(s) added, 0 removed, 0 recycled; write=4.415 s, sync=0.015 s, total=4.440 s; sync files=29, longest=0.003 s, average=0.001 s; distance=868 kB, estimate=2017 kB; lsn=0/F5E1D878, redo lsn=0/F5E18E98"}
{"ts": "2026-08-12T21:13:38.827463075Z", "container": "prefect-postgres", "msg": "2026-08-12 21:13:38.827 UTC [28] LOG:  checkpoint starting: time"}
{"ts": "2026-08-12T21:13:42.152866962Z", "container": "prefect-postgres", "msg": "2026-08-12 21:13:42.152 UTC [28] LOG:  checkpoint complete: wrote 34 buffers (0.2%); 0 WAL file(s) added, 0 removed, 0 recycled; write=3.310 s, sync=0.006 s, total=3.326 s; sync files=28, longest=0.003 s, average=0.001 s; distance=827 kB, estimate=1898 kB; lsn=0/F5EEF168, redo lsn=0/F5EE7C38"}
{"ts": "2026-08-12T21:18:38.252968760Z", "container": "prefect-postgres", "msg": "2026-08-12 21:18:38.252 UTC [28] LOG:  checkpoint starting: time"}
{"ts": "2026-08-12T21:18:42.185379634Z", "container": "prefect-postgres", "msg": "2026-08-12 21:18:42.185 UTC [28] LOG:  checkpoint complete: wrote 39 buffers (0.2%); 0 WAL file(s) added, 0 removed, 0 recycled; write=3.912 s, sync=0.009 s, total=3.933 s; sync files=28, longest=0.003 s, average=0.001 s; distance=909 kB, estimate=1799 kB; lsn=0/F5FD6A80, redo lsn=0/F5FCB078"}
{"ts": "2026-08-12T21:23:38.283433992Z", "container": "prefect-postgres", "msg": "2026-08-12 21:23:38.283 UTC [28] LOG:  checkpoint starting: time"}
{"ts": "2026-08-12T21:23:42.820322863Z", "container": "prefect-postgres", "msg": "2026-08-12 21:23:42.820 UTC [28] LOG:  checkpoint complete: wrote 45 buffers (0.3%); 0 WAL file(s) added, 1 removed, 0 recycled; write=4.512 s, sync=0.012 s, total=4.537 s; sync files=28, longest=0.003 s, average=0.001 s; distance=904 kB, estimate=1709 kB; lsn=0/F60B3058, redo lsn=0/F60AD378"}
{"ts": "2026-08-12T21:28:38.919412109Z", "container": "prefect-postgres", "msg": "2026-08-12 21:28:38.919 UTC [28] LOG:  checkpoint starting: time"}
{"ts": "2026-08-12T21:28:42.953729658Z", "container": "prefect-postgres", "msg": "2026-08-12 21:28:42.953 UTC [28] LOG:  checkpoint complete: wrote 39 buffers (0.2%); 0 WAL file(s) added, 0 removed, 0 recycled; write=4.009 s, sync=0.016 s, total=4.035 s; sync files=29, longest=0.003 s, average=0.001 s; distance=879 kB, estimate=1626 kB; lsn=0/F6197B58, redo lsn=0/F61892C8"}
{"ts": "2026-08-12T21:33:39.051457171Z", "container": "prefect-postgres", "msg": "2026-08-12 21:33:39.051 UTC [28] LOG:  checkpoint starting: time"}
{"ts": "2026-08-12T21:33:43.787812041Z", "container": "prefect-postgres", "msg": "2026-08-12 21:33:43.787 UTC [28] LOG:  checkpoint complete: wrote 47 buffers (0.3%); 0 WAL file(s) added, 0 removed, 0 recycled; write=4.712 s, sync=0.014 s, total=4.737 s; sync files=29, longest=0.003 s, average=0.001 s; distance=886 kB, estimate=1552 kB; lsn=0/F6271038, redo lsn=0/F6266C30"}
{"ts": "2026-08-12T21:38:39.887429336Z", "container": "prefect-postgres", "msg": "2026-08-12 21:38:39.887 UTC [28] LOG:  checkpoint starting: time"}
{"ts": "2026-08-12T21:38:44.115690670Z", "container": "prefect-postgres", "msg": "2026-08-12 21:38:44.115 UTC [28] LOG:  checkpoint complete: wrote 43 buffers (0.3%); 0 WAL file(s) added, 0 removed, 0 recycled; write=4.210 s, sync=0.008 s, total=4.229 s; sync files=28, longest=0.004 s, average=0.001 s; distance=892 kB, estimate=1486 kB; lsn=0/F6351E48, redo lsn=0/F6345E48"}
{"ts": "2026-08-12T21:43:39.215446852Z", "container": "prefect-postgres", "msg": "2026-08-12 21:43:39.215 UTC [28] LOG:  checkpoint starting: time"}
{"ts": "2026-08-12T21:43:41.843853709Z", "container": "prefect-postgres", "msg": "2026-08-12 21:43:41.843 UTC [28] LOG:  checkpoint complete: wrote 27 buffers (0.2%); 0 WAL file(s) added, 0 removed, 0 recycled; write=2.611 s, sync=0.007 s, total=2.629 s; sync files=28, longest=0.003 s, average=0.001 s; distance=876 kB, estimate=1425 kB; lsn=0/F6424ED8, redo lsn=0/F6420FA8"}
{"ts": "2026-08-12T21:48:39.934568245Z", "container": "prefect-postgres", "msg": "2026-08-12 21:48:39.934 UTC [28] LOG:  checkpoint starting: time"}
{"ts": "2026-08-12T21:48:44.170143510Z", "container": "prefect-postgres", "msg": "2026-08-12 21:48:44.170 UTC [28] LOG:  checkpoint complete: wrote 43 buffers (0.3%); 0 WAL file(s) added, 0 removed, 0 recycled; write=4.209 s, sync=0.015 s, total=4.236 s; sync files=28, longest=0.003 s, average=0.001 s; distance=879 kB, estimate=1371 kB; lsn=0/F65057D8, redo lsn=0/F64FCE48"}
{"ts": "2026-08-12T21:53:39.258453840Z", "container": "prefect-postgres", "msg": "2026-08-12 21:53:39.258 UTC [28] LOG:  checkpoint starting: time"}
{"ts": "2026-08-12T21:53:42.495724458Z", "container": "prefect-postgres", "msg": "2026-08-12 21:53:42.495 UTC [28] LOG:  checkpoint complete: wrote 31 buffers (0.2%); 0 WAL file(s) added, 0 removed, 0 recycled; write=3.216 s, sync=0.012 s, total=3.238 s; sync files=28, longest=0.003 s, average=0.001 s; distance=892 kB, estimate=1323 kB; lsn=0/F65DF580, redo lsn=0/F65DBFF8"}
{"ts": "2026-08-12T21:58:39.595444665Z", "container": "prefect-postgres", "msg": "2026-08-12 21:58:39.595 UTC [28] LOG:  checkpoint starting: time"}
{"ts": "2026-08-12T21:58:43.233057433Z", "container": "prefect-postgres", "msg": "2026-08-12 21:58:43.232 UTC [28] LOG:  checkpoint complete: wrote 38 buffers (0.2%); 0 WAL file(s) added, 0 removed, 0 recycled; write=3.616 s, sync=0.012 s, total=3.638 s; sync files=27, longest=0.004 s, average=0.001 s; distance=839 kB, estimate=1274 kB; lsn=0/F66BDC58, redo lsn=0/F66ADFD8"}
{"ts": "2026-08-12T22:03:39.332350263Z", "container": "prefect-postgres", "msg": "2026-08-12 22:03:39.332 UTC [28] LOG:  checkpoint starting: time"}
{"ts": "2026-08-12T22:03:42.760946487Z", "container": "prefect-postgres", "msg": "2026-08-12 22:03:42.760 UTC [28] LOG:  checkpoint complete: wrote 35 buffers (0.2%); 0 WAL file(s) added, 0 removed, 0 recycled; write=3.408 s, sync=0.011 s, total=3.429 s; sync files=29, longest=0.003 s, average=0.001 s; distance=920 kB, estimate=1239 kB; lsn=0/F679AE10, redo lsn=0/F6794068"}
{"ts": "2026-08-12T22:08:39.859438365Z", "container": "prefect-postgres", "msg": "2026-08-12 22:08:39.859 UTC [28] LOG:  checkpoint starting: time"}
{"ts": "2026-08-12T22:08:42.994979838Z", "container": "prefect-postgres", "msg": "2026-08-12 22:08:42.994 UTC [28] LOG:  checkpoint complete: wrote 31 buffers (0.2%); 0 WAL file(s) added, 0 removed, 0 recycled; write=3.108 s, sync=0.017 s, total=3.136 s; sync files=28, longest=0.004 s, average=0.001 s; distance=840 kB, estimate=1199 kB; lsn=0/F6871070, redo lsn=0/F68663D8"}
{"ts": "2026-08-12T22:13:40.095080189Z", "container": "prefect-postgres", "msg": "2026-08-12 22:13:40.094 UTC [28] LOG:  checkpoint starting: time"}
{"ts": "2026-08-12T22:13:44.728837648Z", "container": "prefect-postgres", "msg": "2026-08-12 22:13:44.728 UTC [28] LOG:  checkpoint complete: wrote 42 buffers (0.3%); 0 WAL file(s) added, 0 removed, 0 recycled; write=4.609 s, sync=0.014 s, total=4.634 s; sync files=28, longest=0.004 s, average=0.001 s; distance=914 kB, estimate=1171 kB; lsn=0/F6953FB0, redo lsn=0/F694AF10"}
{"ts": "2026-08-12T22:18:40.827444720Z", "container": "prefect-postgres", "msg": "2026-08-12 22:18:40.827 UTC [28] LOG:  checkpoint starting: time"}
{"ts": "2026-08-12T22:18:43.360901969Z", "container": "prefect-postgres", "msg": "2026-08-12 22:18:43.360 UTC [28] LOG:  checkpoint complete: wrote 25 buffers (0.2%); 0 WAL file(s) added, 0 removed, 0 recycled; write=2.507 s, sync=0.016 s, total=2.534 s; sync files=28, longest=0.004 s, average=0.001 s; distance=875 kB, estimate=1141 kB; lsn=0/F6A2BAD8, redo lsn=0/F6A25BA0"}
{"ts": "2026-08-12T22:23:40.453102967Z", "container": "prefect-postgres", "msg": "2026-08-12 22:23:40.452 UTC [28] LOG:  checkpoint starting: time"}
{"ts": "2026-08-12T22:23:44.390815581Z", "container": "prefect-postgres", "msg": "2026-08-12 22:23:44.387 UTC [28] LOG:  checkpoint complete: wrote 34 buffers (0.2%); 0 WAL file(s) added, 0 removed, 0 recycled; write=3.908 s, sync=0.014 s, total=3.935 s; sync files=28, longest=0.004 s, average=0.001 s; distance=957 kB, estimate=1123 kB; lsn=0/F6B1F5E0, redo lsn=0/F6B151E8"}
{"ts": "2026-08-12T22:28:40.487449552Z", "container": "prefect-postgres", "msg": "2026-08-12 22:28:40.487 UTC [28] LOG:  checkpoint starting: time"}
{"ts": "2026-08-12T22:28:45.528245922Z", "container": "prefect-postgres", "msg": "2026-08-12 22:28:45.528 UTC [28] LOG:  checkpoint complete: wrote 46 buffers (0.3%); 0 WAL file(s) added, 0 removed, 0 recycled; write=5.012 s, sync=0.019 s, total=5.041 s; sync files=28, longest=0.003 s, average=0.001 s; distance=883 kB, estimate=1099 kB; lsn=0/F6C02C28, redo lsn=0/F6BF1E28"}
{"ts": "2026-08-12T22:33:40.627454822Z", "container": "prefect-postgres", "msg": "2026-08-12 22:33:40.627 UTC [28] LOG:  checkpoint starting: time"}
{"ts": "2026-08-12T22:33:45.768952622Z", "container": "prefect-postgres", "msg": "2026-08-12 22:33:45.768 UTC [28] LOG:  checkpoint complete: wrote 49 buffers (0.3%); 0 WAL file(s) added, 0 removed, 0 recycled; write=5.113 s, sync=0.017 s, total=5.142 s; sync files=29, longest=0.003 s, average=0.001 s; distance=913 kB, estimate=1080 kB; lsn=0/F6CDE900, redo lsn=0/F6CD6390"}
{"ts": "2026-08-12T22:38:40.869034917Z", "container": "prefect-postgres", "msg": "2026-08-12 22:38:40.868 UTC [28] LOG:  checkpoint starting: time"}
{"ts": "2026-08-12T22:38:45.108615802Z", "container": "prefect-postgres", "msg": "2026-08-12 22:38:45.108 UTC [28] LOG:  checkpoint complete: wrote 43 buffers (0.3%); 0 WAL file(s) added, 0 removed, 0 recycled; write=4.213 s, sync=0.015 s, total=4.240 s; sync files=28, longest=0.003 s, average=0.001 s; distance=891 kB, estimate=1061 kB; lsn=0/F6DBD540, redo lsn=0/F6DB5208"}
{"ts": "2026-08-12T22:43:40.207510116Z", "container": "prefect-postgres", "msg": "2026-08-12 22:43:40.207 UTC [28] LOG:  checkpoint starting: time"}
{"ts": "2026-08-12T22:43:44.040261304Z", "container": "prefect-postgres", "msg": "2026-08-12 22:43:44.040 UTC [28] LOG:  checkpoint complete: wrote 37 buffers (0.2%); 0 WAL file(s) added, 0 removed, 0 recycled; write=3.815 s, sync=0.006 s, total=3.833 s; sync files=27, longest=0.003 s, average=0.001 s; distance=874 kB, estimate=1042 kB; lsn=0/F6E98428, redo lsn=0/F6E8FAA0"}
{"ts": "2026-08-12T22:48:40.139460205Z", "container": "prefect-postgres", "msg": "2026-08-12 22:48:40.139 UTC [28] LOG:  checkpoint starting: time"}
{"ts": "2026-08-12T22:48:44.468655769Z", "container": "prefect-postgres", "msg": "2026-08-12 22:48:44.468 UTC [28] LOG:  checkpoint complete: wrote 43 buffers (0.3%); 0 WAL file(s) added, 0 removed, 0 recycled; write=4.312 s, sync=0.005 s, total=4.330 s; sync files=28, longest=0.003 s, average=0.001 s; distance=908 kB, estimate=1029 kB; lsn=0/F6F7E8D8, redo lsn=0/F6F72AA8"}
{"ts": "2026-08-12T22:53:40.567680990Z", "container": "prefect-postgres", "msg": "2026-08-12 22:53:40.567 UTC [28] LOG:  checkpoint starting: time"}
{"ts": "2026-08-12T22:53:43.104073763Z", "container": "prefect-postgres", "msg": "2026-08-12 22:53:43.103 UTC [28] LOG:  checkpoint complete: wrote 26 buffers (0.2%); 0 WAL file(s) added, 1 removed, 0 recycled; write=2.507 s, sync=0.018 s, total=2.537 s; sync files=28, longest=0.004 s, average=0.001 s; distance=873 kB, estimate=1013 kB; lsn=0/F70578A8, redo lsn=0/F704CF50"}
{"ts": "2026-08-12T22:58:40.203450153Z", "container": "prefect-postgres", "msg": "2026-08-12 22:58:40.203 UTC [28] LOG:  checkpoint starting: time"}
{"ts": "2026-08-12T22:58:42.732746000Z", "container": "prefect-postgres", "msg": "2026-08-12 22:58:42.732 UTC [28] LOG:  checkpoint complete: wrote 26 buffers (0.2%); 0 WAL file(s) added, 0 removed, 0 recycled; write=2.508 s, sync=0.009 s, total=2.530 s; sync files=29, longest=0.004 s, average=0.001 s; distance=859 kB, estimate=998 kB; lsn=0/F7128E78, redo lsn=0/F7123C70"}
{"ts": "2026-08-12T23:03:40.831452277Z", "container": "prefect-postgres", "msg": "2026-08-12 23:03:40.831 UTC [28] LOG:  checkpoint starting: time"}
{"ts": "2026-08-12T23:03:45.473697523Z", "container": "prefect-postgres", "msg": "2026-08-12 23:03:45.473 UTC [28] LOG:  checkpoint complete: wrote 46 buffers (0.3%); 0 WAL file(s) added, 0 removed, 0 recycled; write=4.617 s, sync=0.015 s, total=4.643 s; sync files=28, longest=0.003 s, average=0.001 s; distance=910 kB, estimate=989 kB; lsn=0/F720D808, redo lsn=0/F7207830"}
{"ts": "2026-08-12T23:08:40.573374349Z", "container": "prefect-postgres", "msg": "2026-08-12 23:08:40.573 UTC [28] LOG:  checkpoint starting: time"}
{"ts": "2026-08-12T23:08:43.100873737Z", "container": "prefect-postgres", "msg": "2026-08-12 23:08:43.100 UTC [28] LOG:  checkpoint complete: wrote 26 buffers (0.2%); 0 WAL file(s) added, 0 removed, 0 recycled; write=2.507 s, sync=0.011 s, total=2.528 s; sync files=28, longest=0.003 s, average=0.001 s; distance=851 kB, estimate=975 kB; lsn=0/F72E1B60, redo lsn=0/F72DC488"}
{"ts": "2026-08-12T23:13:40.199449855Z", "container": "prefect-postgres", "msg": "2026-08-12 23:13:40.199 UTC [28] LOG:  checkpoint starting: time"}
{"ts": "2026-08-12T23:13:42.933431030Z", "container": "prefect-postgres", "msg": "2026-08-12 23:13:42.933 UTC [28] LOG:  checkpoint complete: wrote 24 buffers (0.1%); 0 WAL file(s) added, 0 removed, 0 recycled; write=2.714 s, sync=0.010 s, total=2.734 s; sync files=28, longest=0.003 s, average=0.001 s; distance=911 kB, estimate=969 kB; lsn=0/F73CC628, redo lsn=0/F73C0118"}
{"ts": "2026-08-12T23:18:41.031452962Z", "container": "prefect-postgres", "msg": "2026-08-12 23:18:41.031 UTC [28] LOG:  checkpoint starting: time"}
{"ts": "2026-08-12T23:18:43.768422242Z", "container": "prefect-postgres", "msg": "2026-08-12 23:18:43.768 UTC [28] LOG:  checkpoint complete: wrote 26 buffers (0.2%); 0 WAL file(s) added, 0 removed, 0 recycled; write=2.714 s, sync=0.013 s, total=2.737 s; sync files=28, longest=0.003 s, average=0.001 s; distance=874 kB, estimate=959 kB; lsn=0/F74A7FF0, redo lsn=0/F749AAA8"}
{"ts": "2026-08-12T23:23:41.867436540Z", "container": "prefect-postgres", "msg": "2026-08-12 23:23:41.867 UTC [28] LOG:  checkpoint starting: time"}
{"ts": "2026-08-12T23:23:44.599420282Z", "container": "prefect-postgres", "msg": "2026-08-12 23:23:44.599 UTC [28] LOG:  checkpoint complete: wrote 28 buffers (0.2%); 0 WAL file(s) added, 0 removed, 0 recycled; write=2.708 s, sync=0.014 s, total=2.732 s; sync files=28, longest=0.003 s, average=0.001 s; distance=878 kB, estimate=951 kB; lsn=0/F7581940, redo lsn=0/F75765F8"}
{"ts": "2026-08-12T23:28:41.699467992Z", "container": "prefect-postgres", "msg": "2026-08-12 23:28:41.699 UTC [28] LOG:  checkpoint starting: time"}
{"ts": "2026-08-12T23:28:46.331962139Z", "container": "prefect-postgres", "msg": "2026-08-12 23:28:46.331 UTC [28] LOG:  checkpoint complete: wrote 46 buffers (0.3%); 0 WAL file(s) added, 0 removed, 0 recycled; write=4.612 s, sync=0.011 s, total=4.633 s; sync files=29, longest=0.004 s, average=0.001 s; distance=905 kB, estimate=947 kB; lsn=0/F7661888, redo lsn=0/F7658D70"}
{"ts": "2026-08-12T23:33:41.431381876Z", "container": "prefect-postgres", "msg": "2026-08-12 23:33:41.431 UTC [28] LOG:  checkpoint starting: time"}
{"ts": "2026-08-12T23:33:46.566268329Z", "container": "prefect-postgres", "msg": "2026-08-12 23:33:46.566 UTC [28] LOG:  checkpoint complete: wrote 49 buffers (0.3%); 0 WAL file(s) added, 0 removed, 0 recycled; write=5.116 s, sync=0.007 s, total=5.135 s; sync files=28, longest=0.003 s, average=0.001 s; distance=875 kB, estimate=939 kB; lsn=0/F77457F8, redo lsn=0/F7733C38"}
{"ts": "2026-08-12T23:38:41.655896681Z", "container": "prefect-postgres", "msg": "2026-08-12 23:38:41.655 UTC [28] LOG:  checkpoint starting: time"}
{"ts": "2026-08-12T23:38:44.989303072Z", "container": "prefect-postgres", "msg": "2026-08-12 23:38:44.989 UTC [28] LOG:  checkpoint complete: wrote 34 buffers (0.2%); 0 WAL file(s) added, 0 removed, 0 recycled; write=3.311 s, sync=0.012 s, total=3.334 s; sync files=28, longest=0.003 s, average=0.001 s; distance=873 kB, estimate=933 kB; lsn=0/F781A620, redo lsn=0/F780E218"}
{"ts": "2026-08-12T23:43:42.087483026Z", "container": "prefect-postgres", "msg": "2026-08-12 23:43:42.087 UTC [28] LOG:  checkpoint starting: time"}
{"ts": "2026-08-12T23:43:44.916692546Z", "container": "prefect-postgres", "msg": "2026-08-12 23:43:44.916 UTC [28] LOG:  checkpoint complete: wrote 29 buffers (0.2%); 0 WAL file(s) added, 0 removed, 0 recycled; write=2.811 s, sync=0.008 s, total=2.830 s; sync files=27, longest=0.004 s, average=0.001 s; distance=893 kB, estimate=929 kB; lsn=0/F78F5918, redo lsn=0/F78ED890"}
{"ts": "2026-08-12T23:48:43.016770969Z", "container": "prefect-postgres", "msg": "2026-08-12 23:48:43.016 UTC [28] LOG:  checkpoint starting: time"}
{"ts": "2026-08-12T23:48:47.842046593Z", "container": "prefect-postgres", "msg": "2026-08-12 23:48:47.841 UTC [28] LOG:  checkpoint complete: wrote 48 buffers (0.3%); 0 WAL file(s) added, 0 removed, 0 recycled; write=4.811 s, sync=0.005 s, total=4.826 s; sync files=28, longest=0.003 s, average=0.001 s; distance=905 kB, estimate=927 kB; lsn=0/F79DF818, redo lsn=0/F79D0060"}
{"ts": "2026-08-12T23:53:43.939460500Z", "container": "prefect-postgres", "msg": "2026-08-12 23:53:43.939 UTC [28] LOG:  checkpoint starting: time"}
{"ts": "2026-08-12T23:53:47.168668804Z", "container": "prefect-postgres", "msg": "2026-08-12 23:53:47.168 UTC [28] LOG:  checkpoint complete: wrote 30 buffers (0.2%); 0 WAL file(s) added, 0 removed, 0 recycled; write=3.212 s, sync=0.007 s, total=3.230 s; sync files=29, longest=0.004 s, average=0.001 s; distance=890 kB, estimate=923 kB; lsn=0/F7AB6BA8, redo lsn=0/F7AAEC20"}
{"ts": "2026-08-12T23:58:43.268741825Z", "container": "prefect-postgres", "msg": "2026-08-12 23:58:43.268 UTC [28] LOG:  checkpoint starting: time"}
{"ts": "2026-08-12T23:58:47.710797698Z", "container": "prefect-postgres", "msg": "2026-08-12 23:58:47.710 UTC [28] LOG:  checkpoint complete: wrote 39 buffers (0.2%); 0 WAL file(s) added, 0 removed, 0 recycled; write=4.413 s, sync=0.018 s, total=4.443 s; sync files=28, longest=0.004 s, average=0.001 s; distance=873 kB, estimate=918 kB; lsn=0/F7B97B10, redo lsn=0/F7B892C0"}
