{"ts": "2026-08-15T00:03:12.883497854Z", "container": "prefect-postgres", "msg": "2026-08-15 00:03:12.883 UTC [27] LOG:  checkpoint starting: time"}
{"ts": "2026-08-15T00:03:16.627854899Z", "container": "prefect-postgres", "msg": "2026-08-15 00:03:16.627 UTC [27] LOG:  checkpoint complete: wrote 31 buffers (0.2%); 0 WAL file(s) added, 0 removed, 0 recycled; write=3.713 s, sync=0.019 s, total=3.745 s; sync files=145, longest=0.003 s, average=0.001 s; distance=3048 kB, estimate=3048 kB; lsn=1/1EE63E58, redo lsn=1/1EE55448"}
{"ts": "2026-08-15T00:08:12.727456318Z", "container": "prefect-postgres", "msg": "2026-08-15 00:08:12.727 UTC [27] LOG:  checkpoint starting: time"}
{"ts": "2026-08-15T00:08:16.668207359Z", "container": "prefect-postgres", "msg": "2026-08-15 00:08:16.668 UTC [27] LOG:  checkpoint complete: wrote 39 buffers (0.2%); 0 WAL file(s) added, 0 removed, 0 recycled; write=3.912 s, sync=0.019 s, total=3.941 s; sync files=28, longest=0.003 s, average=0.001 s; distance=935 kB, estimate=2836 kB; lsn=1/1EF44FC8, redo lsn=1/1EF3F268"}
{"ts": "2026-08-15T00:13:12.767569311Z", "container": "prefect-postgres", "msg": "2026-08-15 00:13:12.767 UTC [27] LOG:  checkpoint starting: time"}
{"ts": "2026-08-15T00:13:17.503025668Z", "container": "prefect-postgres", "msg": "2026-08-15 00:13:17.502 UTC [27] LOG:  checkpoint complete: wrote 42 buffers (0.3%); 0 WAL file(s) added, 0 removed, 1 recycled; write=4.710 s, sync=0.013 s, total=4.736 s; sync files=27, longest=0.004 s, average=0.001 s; distance=956 kB, estimate=2648 kB; lsn=1/1F040748, redo lsn=1/1F02E460"}
{"ts": "2026-08-15T00:18:12.599785704Z", "container": "prefect-postgres", "msg": "2026-08-15 00:18:12.599 UTC [27] LOG:  checkpoint starting: time"}
{"ts": "2026-08-15T00:18:17.731162904Z", "container": "prefect-postgres", "msg": "2026-08-15 00:18:17.731 UTC [27] LOG:  checkpoint complete: wrote 47 buffers (0.3%); 0 WAL file(s) added, 0 removed, 0 recycled; write=5.113 s, sync=0.008 s, total=5.132 s; sync files=139, longest=0.002 s, average=0.001 s; distance=3040 kB, estimate=3040 kB; lsn=1/1F32CF38, redo lsn=1/1F326498"}
{"ts": "2026-08-15T00:23:12.831286936Z", "container": "prefect-postgres", "msg": "2026-08-15 00:23:12.831 UTC [27] LOG:  checkpoint starting: time"}
{"ts": "2026-08-15T00:23:17.662869441Z", "container": "prefect-postgres", "msg": "2026-08-15 00:23:17.662 UTC [27] LOG:  checkpoint complete: wrote 48 buffers (0.3%); 0 WAL file(s) added, 0 removed, 0 recycled; write=4.811 s, sync=0.011 s, total=4.832 s; sync files=28, longest=0.003 s, average=0.001 s; distance=956 kB, estimate=2831 kB; lsn=1/1F41DE98, redo lsn=1/1F415520"}
{"ts": "2026-08-15T00:28:12.759488216Z", "container": "prefect-postgres", "msg": "2026-08-15 00:28:12.759 UTC [27] LOG:  checkpoint starting: time"}
{"ts": "2026-08-15T00:28:19.405660577Z", "container": "prefect-postgres", "msg": "2026-08-15 00:28:19.405 UTC [27] LOG:  checkpoint complete: wrote 53 buffers (0.3%); 0 WAL file(s) added, 0 removed, 0 recycled; write=6.617 s, sync=0.019 s, total=6.647 s; sync files=39, longest=0.004 s, average=0.001 s; distance=1248 kB, estimate=2673 kB; lsn=1/1F55A290, redo lsn=1/1F54D800"}
{"ts": "2026-08-15T00:33:12.500766637Z", "container": "prefect-postgres", "msg": "2026-08-15 00:33:12.500 UTC [27] LOG:  checkpoint starting: time"}
{"ts": "2026-08-15T00:33:17.331017422Z", "container": "prefect-postgres", "msg": "2026-08-15 00:33:17.330 UTC [27] LOG:  checkpoint complete: wrote 42 buffers (0.3%); 0 WAL file(s) added, 0 removed, 0 recycled; write=4.811 s, sync=0.008 s, total=4.831 s; sync files=134, longest=0.004 s, average=0.001 s; distance=2770 kB, estimate=2770 kB; lsn=1/1F80AC88, redo lsn=1/1F802200"}
{"ts": "2026-08-15T00:38:12.428075409Z", "container": "prefect-postgres", "msg": "2026-08-15 00:38:12.427 UTC [27] LOG:  checkpoint starting: time"}
{"ts": "2026-08-15T00:38:18.161573056Z", "container": "prefect-postgres", "msg": "2026-08-15 00:38:18.161 UTC [27] LOG:  checkpoint complete: wrote 49 buffers (0.3%); 0 WAL file(s) added, 0 removed, 0 recycled; write=5.714 s, sync=0.007 s, total=5.734 s; sync files=28, longest=0.003 s, average=0.001 s; distance=976 kB, estimate=2591 kB; lsn=1/1F902368, redo lsn=1/1F8F6598"}
{"ts": "2026-08-15T00:43:12.259445774Z", "container": "prefect-postgres", "msg": "2026-08-15 00:43:12.259 UTC [27] LOG:  checkpoint starting: time"}
{"ts": "2026-08-15T00:43:16.087824312Z", "container": "prefect-postgres", "msg": "2026-08-15 00:43:16.087 UTC [27] LOG:  checkpoint complete: wrote 34 buffers (0.2%); 0 WAL file(s) added, 0 removed, 0 recycled; write=3.809 s, sync=0.009 s, total=3.829 s; sync files=27, longest=0.003 s, average=0.001 s; distance=962 kB, estimate=2428 kB; lsn=1/1F9F4408, redo lsn=1/1F9E6FE0"}
{"ts": "2026-08-15T00:48:12.187483455Z", "container": "prefect-postgres", "msg": "2026-08-15 00:48:12.187 UTC [27] LOG:  checkpoint starting: time"}
{"ts": "2026-08-15T00:48:15.513379775Z", "container": "prefect-postgres", "msg": "2026-08-15 00:48:15.513 UTC [27] LOG:  checkpoint complete: wrote 30 buffers (0.2%); 0 WAL file(s) added, 0 removed, 0 recycled; write=3.309 s, sync=0.007 s, total=3.326 s; sync files=132, longest=0.003 s, average=0.001 s; distance=2482 kB, estimate=2482 kB; lsn=1/1FC5DD98, redo lsn=1/1FC53BC8"}
{"ts": "2026-08-15T00:53:12.611413211Z", "container": "prefect-postgres", "msg": "2026-08-15 00:53:12.611 UTC [27] LOG:  checkpoint starting: time"}
{"ts": "2026-08-15T00:53:16.652287650Z", "container": "prefect-postgres", "msg": "2026-08-15 00:53:16.652 UTC [27] LOG:  checkpoint complete: wrote 29 buffers (0.2%); 0 WAL file(s) added, 0 removed, 0 recycled; write=4.013 s, sync=0.016 s, total=4.041 s; sync files=29, longest=0.004 s, average=0.001 s; distance=966 kB, estimate=2331 kB; lsn=1/1FD51C38, redo lsn=1/1FD454C8"}
{"ts": "2026-08-15T00:58:12.726478027Z", "container": "prefect-postgres", "msg": "2026-08-15 00:58:12.726 UTC [27] LOG:  checkpoint starting: time"}
{"ts": "2026-08-15T00:58:16.059282765Z", "container": "prefect-postgres", "msg": "2026-08-15 00:58:16.059 UTC [27] LOG:  checkpoint complete: wrote 26 buffers (0.2%); 0 WAL file(s) added, 0 removed, 0 recycled; write=3.310 s, sync=0.012 s, total=3.333 s; sync files=28, longest=0.003 s, average=0.001 s; distance=954 kB, estimate=2193 kB; lsn=1/1FE38D18, redo lsn=1/1FE34018"}
{"ts": "2026-08-15T01:03:12.159380002Z", "container": "prefect-postgres", "msg": "2026-08-15 01:03:12.159 UTC [27] LOG:  checkpoint starting: time"}
{"ts": "2026-08-15T01:03:16.096645665Z", "container": "prefect-postgres", "msg": "2026-08-15 01:03:16.096 UTC [27] LOG:  checkpoint complete: wrote 35 buffers (0.2%); 0 WAL file(s) added, 0 removed, 0 recycled; write=3.911 s, sync=0.014 s, total=3.938 s; sync files=29, longest=0.003 s, average=0.001 s; distance=954 kB, estimate=2069 kB; lsn=1/1FF27288, redo lsn=1/1FF22BB0"}
{"ts": "2026-08-15T01:08:12.196738200Z", "container": "prefect-postgres", "msg": "2026-08-15 01:08:12.196 UTC [27] LOG:  checkpoint starting: time"}
{"ts": "2026-08-15T01:08:17.329500168Z", "container": "prefect-postgres", "msg": "2026-08-15 01:08:17.329 UTC [27] LOG:  checkpoint complete: wrote 42 buffers (0.3%); 0 WAL file(s) added, 0 removed, 1 recycled; write=5.113 s, sync=0.004 s, total=5.133 s; sync files=27, longest=0.001 s, average=0.001 s; distance=958 kB, estimate=1958 kB; lsn=1/2001A6B8, redo lsn=1/20012718"}
{"ts": "2026-08-15T01:13:12.427452810Z", "container": "prefect-postgres", "msg": "2026-08-15 01:13:12.427 UTC [27] LOG:  checkpoint starting: time"}
{"ts": "2026-08-15T01:13:17.668660300Z", "container": "prefect-postgres", "msg": "2026-08-15 01:13:17.668 UTC [27] LOG:  checkpoint complete: wrote 48 buffers (0.3%); 0 WAL file(s) added, 0 removed, 0 recycled; write=5.214 s, sync=0.017 s, total=5.242 s; sync files=29, longest=0.003 s, average=0.001 s; distance=985 kB, estimate=1861 kB; lsn=1/20111910, redo lsn=1/20108F10"}
{"ts": "2026-08-15T01:18:12.767451131Z", "container": "prefect-postgres", "msg": "2026-08-15 01:18:12.767 UTC [27] LOG:  checkpoint starting: time"}
{"ts": "2026-08-15T01:18:15.704631694Z", "container": "prefect-postgres", "msg": "2026-08-15 01:18:15.704 UTC [27] LOG:  checkpoint complete: wrote 26 buffers (0.2%); 0 WAL file(s) added, 0 removed, 0 recycled; write=2.914 s, sync=0.013 s, total=2.938 s; sync files=28, longest=0.003 s, average=0.001 s; distance=938 kB, estimate=1769 kB; lsn=1/201F8FF8, redo lsn=1/201F39E0"}
{"ts": "2026-08-15T01:23:12.803393637Z", "container": "prefect-postgres", "msg": "2026-08-15 01:23:12.803 UTC [27] LOG:  checkpoint starting: time"}
{"ts": "2026-08-15T01:23:18.438269679Z", "container": "prefect-postgres", "msg": "2026-08-15 01:23:18.438 UTC [27] LOG:  checkpoint complete: wrote 47 buffers (0.3%); 0 WAL file(s) added, 0 removed, 0 recycled; write=5.613 s, sync=0.012 s, total=5.635 s; sync files=30, longest=0.002 s, average=0.001 s; distance=975 kB, estimate=1689 kB; lsn=1/202F7968, redo lsn=1/202E79D8"}
{"ts": "2026-08-15T01:28:12.535468266Z", "container": "prefect-postgres", "msg": "2026-08-15 01:28:12.535 UTC [27] LOG:  checkpoint starting: time"}
{"ts": "2026-08-15T01:28:16.882513656Z", "container": "prefect-postgres", "msg": "2026-08-15 01:28:16.882 UTC [27] LOG:  checkpoint complete: wrote 40 buffers (0.2%); 0 WAL file(s) added, 0 removed, 0 recycled; write=4.314 s, sync=0.021 s, total=4.348 s; sync files=39, longest=0.004 s, average=0.001 s; distance=1073 kB, estimate=1628 kB; lsn=1/203FE720, redo lsn=1/203F4050"}
{"ts": "2026-08-15T01:33:12.982616463Z", "container": "prefect-postgres", "msg": "2026-08-15 01:33:12.982 UTC [27] LOG:  checkpoint starting: time"}
{"ts": "2026-08-15T01:33:16.107505961Z", "container": "prefect-postgres", "msg": "2026-08-15 01:33:16.107 UTC [27] LOG:  checkpoint complete: wrote 31 buffers (0.2%); 0 WAL file(s) added, 0 removed, 0 recycled; write=3.107 s, sync=0.007 s, total=3.125 s; sync files=28, longest=0.004 s, average=0.001 s; distance=984 kB, estimate=1563 kB; lsn=1/204EDAE8, redo lsn=1/204EA368"}
{"ts": "2026-08-15T01:38:12.207491074Z", "container": "prefect-postgres", "msg": "2026-08-15 01:38:12.207 UTC [27] LOG:  checkpoint starting: time"}
{"ts": "2026-08-15T01:38:15.943057327Z", "container": "prefect-postgres", "msg": "2026-08-15 01:38:15.942 UTC [27] LOG:  checkpoint complete: wrote 36 buffers (0.2%); 0 WAL file(s) added, 0 removed, 0 recycled; write=3.714 s, sync=0.011 s, total=3.736 s; sync files=28, longest=0.003 s, average=0.001 s; distance=990 kB, estimate=1506 kB; lsn=1/205E7488, redo lsn=1/205E1BD0"}
{"ts": "2026-08-15T01:43:13.043147547Z", "container": "prefect-postgres", "msg": "2026-08-15 01:43:13.043 UTC [27] LOG:  checkpoint starting: time"}
{"ts": "2026-08-15T01:43:16.086765255Z", "container": "prefect-postgres", "msg": "2026-08-15 01:43:16.086 UTC [27] LOG:  checkpoint complete: wrote 31 buffers (0.2%); 0 WAL file(s) added, 0 removed, 0 recycled; write=3.014 s, sync=0.017 s, total=3.044 s; sync files=29, longest=0.003 s, average=0.001 s; distance=980 kB, estimate=1453 kB; lsn=1/206DE2E0, redo lsn=1/206D6CA0"}
{"ts": "2026-08-15T01:48:13.183469341Z", "container": "prefect-postgres", "msg": "2026-08-15 01:48:13.183 UTC [27] LOG:  checkpoint starting: time"}
{"ts": "2026-08-15T01:48:16.118648626Z", "container": "prefect-postgres", "msg": "2026-08-15 01:48:16.118 UTC [27] LOG:  checkpoint complete: wrote 18 buffers (0.1%); 0 WAL file(s) added, 0 removed, 0 recycled; write=2.908 s, sync=0.017 s, total=2.936 s; sync files=29, longest=0.004 s, average=0.001 s; distance=930 kB, estimate=1401 kB; lsn=1/207C5B48, redo lsn=1/207BF590"}
{"ts": "2026-08-15T01:53:13.215427211Z", "container": "prefect-postgres", "msg": "2026-08-15 01:53:13.215 UTC [27] LOG:  checkpoint starting: time"}
{"ts": "2026-08-15T01:53:18.157335410Z", "container": "prefect-postgres", "msg": "2026-08-15 01:53:18.157 UTC [27] LOG:  checkpoint complete: wrote 41 buffers (0.3%); 0 WAL file(s) added, 0 removed, 0 recycled; write=4.916 s, sync=0.015 s, total=4.942 s; sync files=30, longest=0.004 s, average=0.001 s; distance=999 kB, estimate=1361 kB; lsn=1/208BE7D0, redo lsn=1/208B9270"}
{"ts": "2026-08-15T01:58:13.246561391Z", "container": "prefect-postgres", "msg": "2026-08-15 01:58:13.246 UTC [27] LOG:  checkpoint starting: time"}
{"ts": "2026-08-15T01:58:18.283773089Z", "container": "prefect-postgres", "msg": "2026-08-15 01:58:18.283 UTC [27] LOG:  checkpoint complete: wrote 41 buffers (0.3%); 0 WAL file(s) added, 0 removed, 0 recycled; write=5.015 s, sync=0.012 s, total=5.038 s; sync files=31, longest=0.002 s, average=0.001 s; distance=972 kB, estimate=1322 kB; lsn=1/209B4CF0, redo lsn=1/209AC2C8"}
{"ts": "2026-08-15T02:03:13.383461244Z", "container": "prefect-postgres", "msg": "2026-08-15 02:03:13.383 UTC [27] LOG:  checkpoint starting: time"}
{"ts": "2026-08-15T02:03:17.113719811Z", "container": "prefect-postgres", "msg": "2026-08-15 02:03:17.113 UTC [27] LOG:  checkpoint complete: wrote 29 buffers (0.2%); 0 WAL file(s) added, 0 removed, 0 recycled; write=3.714 s, sync=0.007 s, total=3.731 s; sync files=29, longest=0.004 s, average=0.001 s; distance=963 kB, estimate=1286 kB; lsn=1/20AAA238, redo lsn=1/20A9D258"}
{"ts": "2026-08-15T02:08:13.211443897Z", "container": "prefect-postgres", "msg": "2026-08-15 02:08:13.211 UTC [27] LOG:  checkpoint starting: time"}
{"ts": "2026-08-15T02:08:18.647549909Z", "container": "prefect-postgres", "msg": "2026-08-15 02:08:18.647 UTC [27] LOG:  checkpoint complete: wrote 51 buffers (0.3%); 0 WAL file(s) added, 0 removed, 0 recycled; write=5.412 s, sync=0.012 s, total=5.437 s; sync files=30, longest=0.002 s, average=0.001 s; distance=1028 kB, estimate=1260 kB; lsn=1/20BA5EF8, redo lsn=1/20B9E580"}
{"ts": "2026-08-15T02:13:13.747663301Z", "container": "prefect-postgres", "msg": "2026-08-15 02:13:13.747 UTC [27] LOG:  checkpoint starting: time"}
{"ts": "2026-08-15T02:13:18.389705280Z", "container": "prefect-postgres", "msg": "2026-08-15 02:13:18.389 UTC [27] LOG:  checkpoint complete: wrote 43 buffers (0.3%); 0 WAL file(s) added, 0 removed, 0 recycled; write=4.614 s, sync=0.018 s, total=4.643 s; sync files=30, longest=0.004 s, average=0.001 s; distance=970 kB, estimate=1231 kB; lsn=1/20C96218, redo lsn=1/20C91170"}
{"ts": "2026-08-15T02:18:13.487484062Z", "container": "prefect-postgres", "msg": "2026-08-15 02:18:13.487 UTC [27] LOG:  checkpoint starting: time"}
{"ts": "2026-08-15T02:18:17.522000912Z", "container": "prefect-postgres", "msg": "2026-08-15 02:18:17.521 UTC [27] LOG:  checkpoint complete: wrote 37 buffers (0.2%); 0 WAL file(s) added, 0 removed, 0 recycled; write=4.014 s, sync=0.009 s, total=4.035 s; sync files=31, longest=0.003 s, average=0.001 s; distance=1060 kB, estimate=1214 kB; lsn=1/20D9FAF8, redo lsn=1/20D9A548"}
{"ts": "2026-08-15T02:23:13.619457894Z", "container": "prefect-postgres", "msg": "2026-08-15 02:23:13.619 UTC [27] LOG:  checkpoint starting: time"}
{"ts": "2026-08-15T02:23:18.964409772Z", "container": "prefect-postgres", "msg": "2026-08-15 02:23:18.964 UTC [27] LOG:  checkpoint complete: wrote 45 buffers (0.3%); 0 WAL file(s) added, 0 removed, 0 recycled; write=5.316 s, sync=0.018 s, total=5.345 s; sync files=29, longest=0.003 s, average=0.001 s; distance=966 kB, estimate=1189 kB; lsn=1/20E9DF48, redo lsn=1/20E8BF18"}
{"ts": "2026-08-15T02:28:14.063447524Z", "container": "prefect-postgres", "msg": "2026-08-15 02:28:14.063 UTC [27] LOG:  checkpoint starting: time"}
{"ts": "2026-08-15T02:28:18.612680755Z", "container": "prefect-postgres", "msg": "2026-08-15 02:28:18.612 UTC [27] LOG:  checkpoint complete: wrote 42 buffers (0.3%); 0 WAL file(s) added, 0 removed, 0 recycled; write=4.516 s, sync=0.024 s, total=4.550 s; sync files=35, longest=0.003 s, average=0.001 s; distance=956 kB, estimate=1166 kB; lsn=1/20F83190, redo lsn=1/20F7B060"}
{"ts": "2026-08-15T02:33:14.711464796Z", "container": "prefect-postgres", "msg": "2026-08-15 02:33:14.711 UTC [27] LOG:  checkpoint starting: time"}
{"ts": "2026-08-15T02:33:18.250748807Z", "container": "prefect-postgres", "msg": "2026-08-15 02:33:18.250 UTC [27] LOG:  checkpoint complete: wrote 33 buffers (0.2%); 0 WAL file(s) added, 0 removed, 1 recycled; write=3.510 s, sync=0.016 s, total=3.540 s; sync files=28, longest=0.003 s, average=0.001 s; distance=959 kB, estimate=1145 kB; lsn=1/21072D10, redo lsn=1/2106AD20"}
{"ts": "2026-08-15T02:38:14.350932414Z", "container": "prefect-postgres", "msg": "2026-08-15 02:38:14.350 UTC [27] LOG:  checkpoint starting: time"}
{"ts": "2026-08-15T02:38:17.088404296Z", "container": "prefect-postgres", "msg": "2026-08-15 02:38:17.088 UTC [27] LOG:  checkpoint complete: wrote 27 buffers (0.2%); 0 WAL file(s) added, 0 removed, 0 recycled; write=2.707 s, sync=0.019 s, total=2.738 s; sync files=29, longest=0.004 s, average=0.001 s; distance=1002 kB, estimate=1131 kB; lsn=1/2116EF08, redo lsn=1/21165788"}
{"ts": "2026-08-15T02:43:14.187475473Z", "container": "prefect-postgres", "msg": "2026-08-15 02:43:14.187 UTC [27] LOG:  checkpoint starting: time"}
{"ts": "2026-08-15T02:43:17.927778072Z", "container": "prefect-postgres", "msg": "2026-08-15 02:43:17.927 UTC [27] LOG:  checkpoint complete: wrote 26 buffers (0.2%); 0 WAL file(s) added, 0 removed, 0 recycled; write=3.710 s, sync=0.019 s, total=3.741 s; sync files=29, longest=0.003 s, average=0.001 s; distance=964 kB, estimate=1114 kB; lsn=1/21264500, redo lsn=1/212567A0"}
{"ts": "2026-08-15T02:48:15.027870861Z", "container": "prefect-postgres", "msg": "2026-08-15 02:48:15.027 UTC [27] LOG:  checkpoint starting: time"}
{"ts": "2026-08-15T02:48:17.942775750Z", "container": "prefect-postgres", "msg": "2026-08-15 02:48:17.942 UTC [27] LOG:  checkpoint complete: wrote 29 buffers (0.2%); 0 WAL file(s) added, 0 removed, 0 recycled; write=2.907 s, sync=0.004 s, total=2.915 s; sync files=28, longest=0.001 s, average=0.001 s; distance=938 kB, estimate=1097 kB; lsn=1/21345D48, redo lsn=1/213412D0"}
{"ts": "2026-08-15T02:53:16.041297942Z", "container": "prefect-postgres", "msg": "2026-08-15 02:53:16.041 UTC [27] LOG:  checkpoint starting: time"}
{"ts": "2026-08-15T02:53:19.558493830Z", "container": "prefect-postgres", "msg": "2026-08-15 02:53:19.558 UTC [27] LOG:  checkpoint complete: wrote 36 buffers (0.2%); 0 WAL file(s) added, 0 removed, 0 recycled; write=3.507 s, sync=0.006 s, total=3.518 s; sync files=28, longest=0.002 s, average=0.001 s; distance=973 kB, estimate=1084 kB; lsn=1/2143E038, redo lsn=1/214349E8"}
{"ts": "2026-08-15T02:58:16.656377141Z", "container": "prefect-postgres", "msg": "2026-08-15 02:58:16.656 UTC [27] LOG:  checkpoint starting: time"}
{"ts": "2026-08-15T02:58:21.593913332Z", "container": "prefect-postgres", "msg": "2026-08-15 02:58:21.593 UTC [27] LOG:  checkpoint complete: wrote 47 buffers (0.3%); 0 WAL file(s) added, 0 removed, 0 recycled; write=4.911 s, sync=0.016 s, total=4.938 s; sync files=28, longest=0.003 s, average=0.001 s; distance=994 kB, estimate=1075 kB; lsn=1/21535978, redo lsn=1/2152D4D8"}
{"ts": "2026-08-15T03:03:16.691420935Z", "container": "prefect-postgres", "msg": "2026-08-15 03:03:16.691 UTC [27] LOG:  checkpoint starting: time"}
{"ts": "2026-08-15T03:03:19.920896580Z", "container": "prefect-postgres", "msg": "2026-08-15 03:03:19.920 UTC [27] LOG:  checkpoint complete: wrote 32 buffers (0.2%); 0 WAL file(s) added, 0 removed, 0 recycled; write=3.209 s, sync=0.011 s, total=3.230 s; sync files=28, longest=0.003 s, average=0.001 s; distance=946 kB, estimate=1062 kB; lsn=1/216217F8, redo lsn=1/2161A0B0"}
{"ts": "2026-08-15T03:08:17.000705788Z", "container": "prefect-postgres", "msg": "2026-08-15 03:08:17.000 UTC [27] LOG:  checkpoint starting: time"}
{"ts": "2026-08-15T03:08:21.437827619Z", "container": "prefect-postgres", "msg": "2026-08-15 03:08:21.437 UTC [27] LOG:  checkpoint complete: wrote 46 buffers (0.3%); 0 WAL file(s) added, 0 removed, 0 recycled; write=4.411 s, sync=0.013 s, total=4.438 s; sync files=29, longest=0.004 s, average=0.001 s; distance=991 kB, estimate=1055 kB; lsn=1/2171B9C0, redo lsn=1/21711D30"}
{"ts": "2026-08-15T03:13:17.458066323Z", "container": "prefect-postgres", "msg": "2026-08-15 03:13:17.457 UTC [27] LOG:  checkpoint starting: time"}
{"ts": "2026-08-15T03:13:21.693701361Z", "container": "prefect-postgres", "msg": "2026-08-15 03:13:21.693 UTC [27] LOG:  checkpoint complete: wrote 40 buffers (0.2%); 0 WAL file(s) added, 0 removed, 0 recycled; write=4.211 s, sync=0.015 s, total=4.236 s; sync files=27, longest=0.003 s, average=0.001 s; distance=998 kB, estimate=1049 kB; lsn=1/2180FE90, redo lsn=1/2180B580"}
{"ts": "2026-08-15T03:18:17.791431289Z", "container": "prefect-postgres", "msg": "2026-08-15 03:18:17.791 UTC [27] LOG:  checkpoint starting: time"}
{"ts": "2026-08-15T03:18:21.631835329Z", "container": "prefect-postgres", "msg": "2026-08-15 03:18:21.631 UTC [27] LOG:  checkpoint complete: wrote 33 buffers (0.2%); 0 WAL file(s) added, 0 removed, 0 recycled; write=3.816 s, sync=0.015 s, total=3.841 s; sync files=28, longest=0.003 s, average=0.001 s; distance=946 kB, estimate=1039 kB; lsn=1/218FCEA8, redo lsn=1/218F7F10"}
{"ts": "2026-08-15T03:23:17.731467315Z", "container": "prefect-postgres", "msg": "2026-08-15 03:23:17.731 UTC [27] LOG:  checkpoint starting: time"}
{"ts": "2026-08-15T03:23:22.377393405Z", "container": "prefect-postgres", "msg": "2026-08-15 03:23:22.377 UTC [27] LOG:  checkpoint complete: wrote 44 buffers (0.3%); 0 WAL file(s) added, 0 removed, 0 recycled; write=4.613 s, sync=0.021 s, total=4.646 s; sync files=28, longest=0.004 s, average=0.001 s; distance=964 kB, estimate=1032 kB; lsn=1/219F2888, redo lsn=1/219E9148"}
{"ts": "2026-08-15T03:28:17.477496855Z", "container": "prefect-postgres", "msg": "2026-08-15 03:28:17.477 UTC [27] LOG:  checkpoint starting: time"}
{"ts": "2026-08-15T03:28:20.809242238Z", "container": "prefect-postgres", "msg": "2026-08-15 03:28:20.809 UTC [27] LOG:  checkpoint complete: wrote 32 buffers (0.2%); 0 WAL file(s) added, 0 removed, 0 recycled; write=3.311 s, sync=0.010 s, total=3.332 s; sync files=27, longest=0.003 s, average=0.001 s; distance=934 kB, estimate=1022 kB; lsn=1/21ADD9C0, redo lsn=1/21AD2B80"}
{"ts": "2026-08-15T03:33:17.907440195Z", "container": "prefect-postgres", "msg": "2026-08-15 03:33:17.907 UTC [27] LOG:  checkpoint starting: time"}
{"ts": "2026-08-15T03:33:21.638480956Z", "container": "prefect-postgres", "msg": "2026-08-15 03:33:21.638 UTC [27] LOG:  checkpoint complete: wrote 34 buffers (0.2%); 0 WAL file(s) added, 0 removed, 0 recycled; write=3.708 s, sync=0.012 s, total=3.732 s; sync files=29, longest=0.003 s, average=0.001 s; distance=993 kB, estimate=1019 kB; lsn=1/21BD8CF0, redo lsn=1/21BCAFB0"}
{"ts": "2026-08-15T03:38:17.738605478Z", "container": "prefect-postgres", "msg": "2026-08-15 03:38:17.738 UTC [27] LOG:  checkpoint starting: time"}
{"ts": "2026-08-15T03:38:21.776193377Z", "container": "prefect-postgres", "msg": "2026-08-15 03:38:21.776 UTC [27] LOG:  checkpoint complete: wrote 37 buffers (0.2%); 0 WAL file(s) added, 0 removed, 0 recycled; write=4.016 s, sync=0.012 s, total=4.038 s; sync files=29, longest=0.003 s, average=0.001 s; distance=962 kB, estimate=1013 kB; lsn=1/21CC1070, redo lsn=1/21CBB7D8"}
{"ts": "2026-08-15T03:43:17.875454204Z", "container": "prefect-postgres", "msg": "2026-08-15 03:43:17.875 UTC [27] LOG:  checkpoint starting: time"}
{"ts": "2026-08-15T03:43:20.804073568Z", "container": "prefect-postgres", "msg": "2026-08-15 03:43:20.803 UTC [27] LOG:  checkpoint complete: wrote 30 buffers (0.2%); 0 WAL file(s) added, 0 removed, 0 recycled; write=2.908 s, sync=0.012 s, total=2.929 s; sync files=28, longest=0.003 s, average=0.001 s; distance=951 kB, estimate=1007 kB; lsn=1/21DAC4F8, redo lsn=1/21DA9650"}
{"ts": "2026-08-15T03:48:17.903456818Z", "container": "prefect-postgres", "msg": "2026-08-15 03:48:17.903 UTC [27] LOG:  checkpoint starting: time"}
{"ts": "2026-08-15T03:48:19.542988438Z", "container": "prefect-postgres", "msg": "2026-08-15 03:48:19.542 UTC [27] LOG:  checkpoint complete: wrote 13 buffers (0.1%); 0 WAL file(s) added, 0 removed, 0 recycled; write=1.611 s, sync=0.017 s, total=1.640 s; sync files=28, longest=0.003 s, average=0.001 s; distance=959 kB, estimate=1002 kB; lsn=1/21EA01B8, redo lsn=1/21E99368"}
{"ts": "2026-08-15T03:53:17.639458330Z", "container": "prefect-postgres", "msg": "2026-08-15 03:53:17.639 UTC [27] LOG:  checkpoint starting: time"}
{"ts": "2026-08-15T03:53:21.970224460Z", "container": "prefect-postgres", "msg": "2026-08-15 03:53:21.970 UTC [27] LOG:  checkpoint complete: wrote 36 buffers (0.2%); 0 WAL file(s) added, 0 removed, 0 recycled; write=4.310 s, sync=0.009 s, total=4.331 s; sync files=28, longest=0.003 s, average=0.001 s; distance=973 kB, estimate=999 kB; lsn=1/21F97AD8, redo lsn=1/21F8CA80"}
{"ts": "2026-08-15T03:58:18.067423838Z", "container": "prefect-postgres", "msg": "2026-08-15 03:58:18.067 UTC [27] LOG:  checkpoint starting: time"}
{"ts": "2026-08-15T03:58:22.514820900Z", "container": "prefect-postgres", "msg": "2026-08-15 03:58:22.514 UTC [27] LOG:  checkpoint complete: wrote 36 buffers (0.2%); 0 WAL file(s) added, 0 removed, 1 recycled; write=4.416 s, sync=0.018 s, total=4.448 s; sync files=28, longest=0.004 s, average=0.001 s; distance=950 kB, estimate=994 kB; lsn=1/220829B0, redo lsn=1/2207A410"}
{"ts": "2026-08-15T04:03:18.605767506Z", "container": "prefect-postgres", "msg": "2026-08-15 04:03:18.605 UTC [27] LOG:  checkpoint starting: time"}
{"ts": "2026-08-15T04:03:21.736935414Z", "container": "prefect-postgres", "msg": "2026-08-15 04:03:21.736 UTC [27] LOG:  checkpoint complete: wrote 26 buffers (0.2%); 0 WAL file(s) added, 0 removed, 0 recycled; write=3.110 s, sync=0.010 s, total=3.132 s; sync files=142, longest=0.003 s, average=0.001 s; distance=3067 kB, estimate=3067 kB; lsn=1/22388D58, redo lsn=1/223791F8"}
{"ts": "2026-08-15T04:08:18.835445383Z", "container": "prefect-postgres", "msg": "2026-08-15 04:08:18.835 UTC [27] LOG:  checkpoint starting: time"}
{"ts": "2026-08-15T04:08:22.556837767Z", "container": "prefect-postgres", "msg": "2026-08-15 04:08:22.556 UTC [27] LOG:  checkpoint complete: wrote 37 buffers (0.2%); 0 WAL file(s) added, 0 removed, 0 recycled; write=3.709 s, sync=0.005 s, total=3.722 s; sync files=27, longest=0.003 s, average=0.001 s; distance=984 kB, estimate=2859 kB; lsn=1/224738A0, redo lsn=1/2246F278"}
{"ts": "2026-08-15T04:13:18.655424703Z", "container": "prefect-postgres", "msg": "2026-08-15 04:13:18.655 UTC [27] LOG:  checkpoint starting: time"}
{"ts": "2026-08-15T04:13:21.991039715Z", "container": "prefect-postgres", "msg": "2026-08-15 04:13:21.990 UTC [27] LOG:  checkpoint complete: wrote 32 buffers (0.2%); 0 WAL file(s) added, 0 removed, 0 recycled; write=3.310 s, sync=0.015 s, total=3.336 s; sync files=28, longest=0.004 s, average=0.001 s; distance=968 kB, estimate=2670 kB; lsn=1/22565C20, redo lsn=1/225612E0"}
{"ts": "2026-08-15T04:18:19.091080327Z", "container": "prefect-postgres", "msg": "2026-08-15 04:18:19.090 UTC [27] LOG:  checkpoint starting: time"}
{"ts": "2026-08-15T04:18:21.823600830Z", "container": "prefect-postgres", "msg": "2026-08-15 04:18:21.823 UTC [27] LOG:  checkpoint complete: wrote 28 buffers (0.2%); 0 WAL file(s) added, 0 removed, 0 recycled; write=2.714 s, sync=0.009 s, total=2.733 s; sync files=148, longest=0.003 s, average=0.001 s; distance=3225 kB, estimate=3225 kB; lsn=1/2288D970, redo lsn=1/22887838"}
{"ts": "2026-08-15T04:23:19.923759022Z", "container": "prefect-postgres", "msg": "2026-08-15 04:23:19.923 UTC [27] LOG:  checkpoint starting: time"}
{"ts": "2026-08-15T04:23:24.152947384Z", "container": "prefect-postgres", "msg": "2026-08-15 04:23:24.152 UTC [27] LOG:  checkpoint complete: wrote 38 buffers (0.2%); 0 WAL file(s) added, 0 removed, 0 recycled; write=4.210 s, sync=0.007 s, total=4.230 s; sync files=29, longest=0.004 s, average=0.001 s; distance=975 kB, estimate=3000 kB; lsn=1/22984888, redo lsn=1/2297B658"}
{"ts": "2026-08-15T04:28:19.251446103Z", "container": "prefect-postgres", "msg": "2026-08-15 04:28:19.251 UTC [27] LOG:  checkpoint starting: time"}
{"ts": "2026-08-15T04:28:24.798063403Z", "container": "prefect-postgres", "msg": "2026-08-15 04:28:24.797 UTC [27] LOG:  checkpoint complete: wrote 42 buffers (0.3%); 0 WAL file(s) added, 0 removed, 0 recycled; write=5.518 s, sync=0.018 s, total=5.547 s; sync files=34, longest=0.003 s, average=0.001 s; distance=1199 kB, estimate=2820 kB; lsn=1/22AB8298, redo lsn=1/22AA72C8"}
{"ts": "2026-08-15T04:33:19.896351927Z", "container": "prefect-postgres", "msg": "2026-08-15 04:33:19.896 UTC [27] LOG:  checkpoint starting: time"}
{"ts": "2026-08-15T04:33:23.837096804Z", "container": "prefect-postgres", "msg": "2026-08-15 04:33:23.837 UTC [27] LOG:  checkpoint complete: wrote 34 buffers (0.2%); 0 WAL file(s) added, 0 removed, 0 recycled; write=3.914 s, sync=0.016 s, total=3.941 s; sync files=138, longest=0.004 s, average=0.001 s; distance=2463 kB, estimate=2784 kB; lsn=1/22D1B038, redo lsn=1/22D0F0B0"}
{"ts": "2026-08-15T04:38:19.935438211Z", "container": "prefect-postgres", "msg": "2026-08-15 04:38:19.935 UTC [27] LOG:  checkpoint starting: time"}
{"ts": "2026-08-15T04:38:23.879094521Z", "container": "prefect-postgres", "msg": "2026-08-15 04:38:23.878 UTC [27] LOG:  checkpoint complete: wrote 39 buffers (0.2%); 0 WAL file(s) added, 0 removed, 0 recycled; write=3.913 s, sync=0.019 s, total=3.944 s; sync files=30, longest=0.004 s, average=0.001 s; distance=977 kB, estimate=2603 kB; lsn=1/22E0E670, redo lsn=1/22E034E0"}
{"ts": "2026-08-15T04:43:19.956121407Z", "container": "prefect-postgres", "msg": "2026-08-15 04:43:19.956 UTC [27] LOG:  checkpoint starting: time"}
{"ts": "2026-08-15T04:43:23.786781737Z", "container": "prefect-postgres", "msg": "2026-08-15 04:43:23.786 UTC [27] LOG:  checkpoint complete: wrote 35 buffers (0.2%); 0 WAL file(s) added, 0 removed, 0 recycled; write=3.810 s, sync=0.011 s, total=3.831 s; sync files=29, longest=0.003 s, average=0.001 s; distance=968 kB, estimate=2440 kB; lsn=1/22F06768, redo lsn=1/22EF5880"}
{"ts": "2026-08-15T04:48:19.879492635Z", "container": "prefect-postgres", "msg": "2026-08-15 04:48:19.879 UTC [27] LOG:  checkpoint starting: time"}
{"ts": "2026-08-15T04:48:24.225375858Z", "container": "prefect-postgres", "msg": "2026-08-15 04:48:24.225 UTC [27] LOG:  checkpoint complete: wrote 39 buffers (0.2%); 0 WAL file(s) added, 0 removed, 1 recycled; write=4.316 s, sync=0.016 s, total=4.346 s; sync files=130, longest=0.003 s, average=0.001 s; distance=2482 kB, estimate=2482 kB; lsn=1/23168430, redo lsn=1/23162118"}
{"ts": "2026-08-15T04:53:19.323461389Z", "container": "prefect-postgres", "msg": "2026-08-15 04:53:19.323 UTC [27] LOG:  checkpoint starting: time"}
{"ts": "2026-08-15T04:53:24.365112545Z", "container": "prefect-postgres", "msg": "2026-08-15 04:53:24.364 UTC [27] LOG:  checkpoint complete: wrote 48 buffers (0.3%); 0 WAL file(s) added, 0 removed, 0 recycled; write=5.015 s, sync=0.015 s, total=5.042 s; sync files=30, longest=0.002 s, average=0.001 s; distance=996 kB, estimate=2333 kB; lsn=1/23265048, redo lsn=1/2325B290"}
{"ts": "2026-08-15T04:58:19.463632313Z", "container": "prefect-postgres", "msg": "2026-08-15 04:58:19.463 UTC [27] LOG:  checkpoint starting: time"}
{"ts": "2026-08-15T04:58:24.497211964Z", "container": "prefect-postgres", "msg": "2026-08-15 04:58:24.497 UTC [27] LOG:  checkpoint complete: wrote 49 buffers (0.3%); 0 WAL file(s) added, 0 removed, 0 recycled; write=5.012 s, sync=0.012 s, total=5.034 s; sync files=32, longest=0.003 s, average=0.001 s; distance=1035 kB, estimate=2203 kB; lsn=1/23363308, redo lsn=1/2335DEF8"}
{"ts": "2026-08-15T05:03:19.596982244Z", "container": "prefect-postgres", "msg": "2026-08-15 05:03:19.596 UTC [27] LOG:  checkpoint starting: time"}
{"ts": "2026-08-15T05:03:22.039311275Z", "container": "prefect-postgres", "msg": "2026-08-15 05:03:22.039 UTC [27] LOG:  checkpoint complete: wrote 25 buffers (0.2%); 0 WAL file(s) added, 0 removed, 0 recycled; write=2.408 s, sync=0.023 s, total=2.443 s; sync files=90, longest=0.004 s, average=0.001 s; distance=1744 kB, estimate=2157 kB; lsn=1/2351E480, redo lsn=1/235120C0"}
{"ts": "2026-08-15T05:08:19.136489488Z", "container": "prefect-postgres", "msg": "2026-08-15 05:08:19.136 UTC [27] LOG:  checkpoint starting: time"}
{"ts": "2026-08-15T05:08:23.481864975Z", "container": "prefect-postgres", "msg": "2026-08-15 05:08:23.481 UTC [27] LOG:  checkpoint complete: wrote 40 buffers (0.2%); 0 WAL file(s) added, 0 removed, 0 recycled; write=4.311 s, sync=0.023 s, total=4.346 s; sync files=30, longest=0.004 s, average=0.001 s; distance=983 kB, estimate=2040 kB; lsn=1/23612288, redo lsn=1/23607E20"}
{"ts": "2026-08-15T05:13:19.574715400Z", "container": "prefect-postgres", "msg": "2026-08-15 05:13:19.574 UTC [27] LOG:  checkpoint starting: time"}
{"ts": "2026-08-15T05:13:23.499705502Z", "container": "prefect-postgres", "msg": "2026-08-15 05:13:23.499 UTC [27] LOG:  checkpoint complete: wrote 40 buffers (0.2%); 0 WAL file(s) added, 0 removed, 0 recycled; write=3.909 s, sync=0.007 s, total=3.926 s; sync files=28, longest=0.003 s, average=0.001 s; distance=1003 kB, estimate=1936 kB; lsn=1/23708210, redo lsn=1/23702C88"}
{"ts": "2026-08-15T05:18:19.599486682Z", "container": "prefect-postgres", "msg": "2026-08-15 05:18:19.599 UTC [27] LOG:  checkpoint starting: time"}
{"ts": "2026-08-15T05:18:22.746368334Z", "container": "prefect-postgres", "msg": "2026-08-15 05:18:22.746 UTC [27] LOG:  checkpoint complete: wrote 26 buffers (0.2%); 0 WAL file(s) added, 0 removed, 0 recycled; write=3.115 s, sync=0.019 s, total=3.147 s; sync files=30, longest=0.003 s, average=0.001 s; distance=970 kB, estimate=1840 kB; lsn=1/23801080, redo lsn=1/237F5848"}
{"ts": "2026-08-15T05:23:19.844153801Z", "container": "prefect-postgres", "msg": "2026-08-15 05:23:19.844 UTC [27] LOG:  checkpoint starting: time"}
{"ts": "2026-08-15T05:23:24.079336058Z", "container": "prefect-postgres", "msg": "2026-08-15 05:23:24.079 UTC [27] LOG:  checkpoint complete: wrote 42 buffers (0.3%); 0 WAL file(s) added, 0 removed, 0 recycled; write=4.215 s, sync=0.010 s, total=4.236 s; sync files=94, longest=0.003 s, average=0.001 s; distance=1781 kB, estimate=1834 kB; lsn=1/239B9A88, redo lsn=1/239B2EB0"}
{"ts": "2026-08-15T05:28:19.176658428Z", "container": "prefect-postgres", "msg": "2026-08-15 05:28:19.176 UTC [27] LOG:  checkpoint starting: time"}
{"ts": "2026-08-15T05:28:21.816213929Z", "container": "prefect-postgres", "msg": "2026-08-15 05:28:21.816 UTC [27] LOG:  checkpoint complete: wrote 26 buffers (0.2%); 0 WAL file(s) added, 0 removed, 0 recycled; write=2.607 s, sync=0.021 s, total=2.640 s; sync files=41, longest=0.003 s, average=0.001 s; distance=1208 kB, estimate=1771 kB; lsn=1/23AE5918, redo lsn=1/23AE1280"}
{"ts": "2026-08-15T05:33:19.913993378Z", "container": "prefect-postgres", "msg": "2026-08-15 05:33:19.913 UTC [27] LOG:  checkpoint starting: time"}
{"ts": "2026-08-15T05:33:24.551928923Z", "container": "prefect-postgres", "msg": "2026-08-15 05:33:24.551 UTC [27] LOG:  checkpoint complete: wrote 45 buffers (0.3%); 0 WAL file(s) added, 0 removed, 0 recycled; write=4.610 s, sync=0.017 s, total=4.638 s; sync files=28, longest=0.004 s, average=0.001 s; distance=942 kB, estimate=1688 kB; lsn=1/23BD7938, redo lsn=1/23BCCBD8"}
{"ts": "2026-08-15T05:38:19.651470026Z", "container": "prefect-postgres", "msg": "2026-08-15 05:38:19.651 UTC [27] LOG:  checkpoint starting: time"}
{"ts": "2026-08-15T05:38:24.788214758Z", "container": "prefect-postgres", "msg": "2026-08-15 05:38:24.788 UTC [27] LOG:  checkpoint complete: wrote 52 buffers (0.3%); 0 WAL file(s) added, 0 removed, 0 recycled; write=5.115 s, sync=0.009 s, total=5.137 s; sync files=28, longest=0.003 s, average=0.001 s; distance=960 kB, estimate=1615 kB; lsn=1/23CC2908, redo lsn=1/23CBCE40"}
{"ts": "2026-08-15T05:43:19.888307165Z", "container": "prefect-postgres", "msg": "2026-08-15 05:43:19.888 UTC [27] LOG:  checkpoint starting: time"}
{"ts": "2026-08-15T05:43:23.517745126Z", "container": "prefect-postgres", "msg": "2026-08-15 05:43:23.517 UTC [27] LOG:  checkpoint complete: wrote 37 buffers (0.2%); 0 WAL file(s) added, 0 removed, 0 recycled; write=3.610 s, sync=0.009 s, total=3.630 s; sync files=28, longest=0.003 s, average=0.001 s; distance=955 kB, estimate=1549 kB; lsn=1/23DB1C88, redo lsn=1/23DABB10"}
{"ts": "2026-08-15T05:48:19.608512918Z", "container": "prefect-postgres", "msg": "2026-08-15 05:48:19.608 UTC [27] LOG:  checkpoint starting: time"}
{"ts": "2026-08-15T05:48:22.137327986Z", "container": "prefect-postgres", "msg": "2026-08-15 05:48:22.137 UTC [27] LOG:  checkpoint complete: wrote 26 buffers (0.2%); 0 WAL file(s) added, 0 removed, 0 recycled; write=2.508 s, sync=0.009 s, total=2.529 s; sync files=28, longest=0.004 s, average=0.001 s; distance=950 kB, estimate=1489 kB; lsn=1/23EA7DE8, redo lsn=1/23E99610"}
{"ts": "2026-08-15T05:53:19.235849605Z", "container": "prefect-postgres", "msg": "2026-08-15 05:53:19.235 UTC [27] LOG:  checkpoint starting: time"}
{"ts": "2026-08-15T05:53:22.577106801Z", "container": "prefect-postgres", "msg": "2026-08-15 05:53:22.576 UTC [27] LOG:  checkpoint complete: wrote 26 buffers (0.2%); 0 WAL file(s) added, 0 removed, 0 recycled; write=3.310 s, sync=0.022 s, total=3.342 s; sync files=29, longest=0.003 s, average=0.001 s; distance=1003 kB, estimate=1441 kB; lsn=1/23F997E0, redo lsn=1/23F94570"}
{"ts": "2026-08-15T05:58:19.675409005Z", "container": "prefect-postgres", "msg": "2026-08-15 05:58:19.675 UTC [27] LOG:  checkpoint starting: time"}
{"ts": "2026-08-15T05:58:23.322534302Z", "container": "prefect-postgres", "msg": "2026-08-15 05:58:23.322 UTC [27] LOG:  checkpoint complete: wrote 34 buffers (0.2%); 0 WAL file(s) added, 0 removed, 1 recycled; write=3.613 s, sync=0.018 s, total=3.648 s; sync files=28, longest=0.004 s, average=0.001 s; distance=948 kB, estimate=1392 kB; lsn=1/24088A60, redo lsn=1/24081890"}
{"ts": "2026-08-15T06:03:19.419441985Z", "container": "prefect-postgres", "msg": "2026-08-15 06:03:19.419 UTC [27] LOG:  checkpoint starting: time"}
{"ts": "2026-08-15T06:03:23.655853955Z", "container": "prefect-postgres", "msg": "2026-08-15 06:03:23.655 UTC [27] LOG:  checkpoint complete: wrote 38 buffers (0.2%); 0 WAL file(s) added, 0 removed, 0 recycled; write=4.211 s, sync=0.016 s, total=4.237 s; sync files=28, longest=0.003 s, average=0.001 s; distance=977 kB, estimate=1350 kB; lsn=1/2417E5C8, redo lsn=1/24175EB8"}
{"ts": "2026-08-15T06:08:19.755499678Z", "container": "prefect-postgres", "msg": "2026-08-15 06:08:19.755 UTC [27] LOG:  checkpoint starting: time"}
{"ts": "2026-08-15T06:08:22.999634434Z", "container": "prefect-postgres", "msg": "2026-08-15 06:08:22.999 UTC [27] LOG:  checkpoint complete: wrote 28 buffers (0.2%); 0 WAL file(s) added, 0 removed, 0 recycled; write=3.214 s, sync=0.018 s, total=3.245 s; sync files=28, longest=0.004 s, average=0.001 s; distance=987 kB, estimate=1314 kB; lsn=1/24271A40, redo lsn=1/2426CD80"}
{"ts": "2026-08-15T06:13:20.099450452Z", "container": "prefect-postgres", "msg": "2026-08-15 06:13:20.099 UTC [27] LOG:  checkpoint starting: time"}
{"ts": "2026-08-15T06:13:22.728099155Z", "container": "prefect-postgres", "msg": "2026-08-15 06:13:22.727 UTC [27] LOG:  checkpoint complete: wrote 27 buffers (0.2%); 0 WAL file(s) added, 0 removed, 0 recycled; write=2.611 s, sync=0.005 s, total=2.629 s; sync files=28, longest=0.003 s, average=0.001 s; distance=985 kB, estimate=1281 kB; lsn=1/2436A4D0, redo lsn=1/24363390"}
{"ts": "2026-08-15T06:18:20.828193262Z", "container": "prefect-postgres", "msg": "2026-08-15 06:18:20.828 UTC [27] LOG:  checkpoint starting: time"}
{"ts": "2026-08-15T06:18:24.561416400Z", "container": "prefect-postgres", "msg": "2026-08-15 06:18:24.561 UTC [27] LOG:  checkpoint complete: wrote 32 buffers (0.2%); 0 WAL file(s) added, 0 removed, 0 recycled; write=3.711 s, sync=0.012 s, total=3.734 s; sync files=27, longest=0.003 s, average=0.001 s; distance=1004 kB, estimate=1253 kB; lsn=1/2446A0F0, redo lsn=1/2445E460"}
{"ts": "2026-08-15T06:23:20.653424478Z", "container": "prefect-postgres", "msg": "2026-08-15 06:23:20.653 UTC [27] LOG:  checkpoint starting: time"}
{"ts": "2026-08-15T06:23:24.497814944Z", "container": "prefect-postgres", "msg": "2026-08-15 06:23:24.497 UTC [27] LOG:  checkpoint complete: wrote 33 buffers (0.2%); 0 WAL file(s) added, 0 removed, 0 recycled; write=3.809 s, sync=0.025 s, total=3.845 s; sync files=29, longest=0.004 s, average=0.001 s; distance=977 kB, estimate=1226 kB; lsn=1/2455F5F0, redo lsn=1/245529C0"}
{"ts": "2026-08-15T06:28:20.591494697Z", "container": "prefect-postgres", "msg": "2026-08-15 06:28:20.591 UTC [27] LOG:  checkpoint starting: time"}
{"ts": "2026-08-15T06:28:23.925898299Z", "container": "prefect-postgres", "msg": "2026-08-15 06:28:23.925 UTC [27] LOG:  checkpoint complete: wrote 31 buffers (0.2%); 0 WAL file(s) added, 0 removed, 0 recycled; write=3.312 s, sync=0.010 s, total=3.335 s; sync files=35, longest=0.003 s, average=0.001 s; distance=995 kB, estimate=1202 kB; lsn=1/24650990, redo lsn=1/2464B5E0"}
{"ts": "2026-08-15T06:33:21.025991295Z", "container": "prefect-postgres", "msg": "2026-08-15 06:33:21.025 UTC [27] LOG:  checkpoint starting: time"}
{"ts": "2026-08-15T06:33:25.463403425Z", "container": "prefect-postgres", "msg": "2026-08-15 06:33:25.463 UTC [27] LOG:  checkpoint complete: wrote 39 buffers (0.2%); 0 WAL file(s) added, 0 removed, 0 recycled; write=4.412 s, sync=0.014 s, total=4.438 s; sync files=28, longest=0.004 s, average=0.001 s; distance=981 kB, estimate=1180 kB; lsn=1/2474B0E0, redo lsn=1/24740A00"}
{"ts": "2026-08-15T06:38:21.563466990Z", "container": "prefect-postgres", "msg": "2026-08-15 06:38:21.563 UTC [27] LOG:  checkpoint starting: time"}
{"ts": "2026-08-15T06:38:26.299018501Z", "container": "prefect-postgres", "msg": "2026-08-15 06:38:26.298 UTC [27] LOG:  checkpoint complete: wrote 46 buffers (0.3%); 0 WAL file(s) added, 0 removed, 0 recycled; write=4.712 s, sync=0.014 s, total=4.736 s; sync files=28, longest=0.003 s, average=0.001 s; distance=974 kB, estimate=1160 kB; lsn=1/2483D948, redo lsn=1/24834430"}
{"ts": "2026-08-15T06:43:21.393227420Z", "container": "prefect-postgres", "msg": "2026-08-15 06:43:21.393 UTC [27] LOG:  checkpoint starting: time"}
{"ts": "2026-08-15T06:43:26.530169821Z", "container": "prefect-postgres", "msg": "2026-08-15 06:43:26.530 UTC [27] LOG:  checkpoint complete: wrote 50 buffers (0.3%); 0 WAL file(s) added, 0 removed, 0 recycled; write=5.114 s, sync=0.012 s, total=5.137 s; sync files=28, longest=0.002 s, average=0.001 s; distance=944 kB, estimate=1138 kB; lsn=1/24925BA8, redo lsn=1/24920820"}
{"ts": "2026-08-15T06:48:21.630281928Z", "container": "prefect-postgres", "msg": "2026-08-15 06:48:21.630 UTC [27] LOG:  checkpoint starting: time"}
{"ts": "2026-08-15T06:48:26.479534358Z", "container": "prefect-postgres", "msg": "2026-08-15 06:48:26.479 UTC [27] LOG:  checkpoint complete: wrote 48 buffers (0.3%); 0 WAL file(s) added, 0 removed, 0 recycled; write=4.815 s, sync=0.022 s, total=4.850 s; sync files=28, longest=0.004 s, average=0.001 s; distance=957 kB, estimate=1120 kB; lsn=1/24A1BB88, redo lsn=1/24A0FD78"}
{"ts": "2026-08-15T06:53:21.579606042Z", "container": "prefect-postgres", "msg": "2026-08-15 06:53:21.579 UTC [27] LOG:  checkpoint starting: time"}
{"ts": "2026-08-15T06:53:26.118974703Z", "container": "prefect-postgres", "msg": "2026-08-15 06:53:26.118 UTC [27] LOG:  checkpoint complete: wrote 40 buffers (0.2%); 0 WAL file(s) added, 0 removed, 0 recycled; write=4.515 s, sync=0.014 s, total=4.540 s; sync files=28, longest=0.004 s, average=0.001 s; distance=939 kB, estimate=1102 kB; lsn=1/24B03AE8, redo lsn=1/24AFAC90"}
{"ts": "2026-08-15T06:58:21.215445822Z", "container": "prefect-postgres", "msg": "2026-08-15 06:58:21.215 UTC [27] LOG:  checkpoint starting: time"}
{"ts": "2026-08-15T06:58:24.752413920Z", "container": "prefect-postgres", "msg": "2026-08-15 06:58:24.752 UTC [27] LOG:  checkpoint complete: wrote 34 buffers (0.2%); 0 WAL file(s) added, 0 removed, 0 recycled; write=3.516 s, sync=0.011 s, total=3.537 s; sync files=28, longest=0.003 s, average=0.001 s; distance=1000 kB, estimate=1092 kB; lsn=1/24BFC2C8, redo lsn=1/24BF4CE8"}
{"ts": "2026-08-15T07:03:21.851656604Z", "container": "prefect-postgres", "msg": "2026-08-15 07:03:21.851 UTC [27] LOG:  checkpoint starting: time"}
{"ts": "2026-08-15T07:03:25.190340158Z", "container": "prefect-postgres", "msg": "2026-08-15 07:03:25.190 UTC [27] LOG:  checkpoint complete: wrote 33 buffers (0.2%); 0 WAL file(s) added, 0 removed, 0 recycled; write=3.316 s, sync=0.010 s, total=3.339 s; sync files=28, longest=0.003 s, average=0.001 s; distance=938 kB, estimate=1076 kB; lsn=1/24CE3058, redo lsn=1/24CDF8E0"}
{"ts": "2026-08-15T07:08:21.287502667Z", "container": "prefect-postgres", "msg": "2026-08-15 07:08:21.287 UTC [27] LOG:  checkpoint starting: time"}
{"ts": "2026-08-15T07:08:23.914131377Z", "container": "prefect-postgres", "msg": "2026-08-15 07:08:23.914 UTC [27] LOG:  checkpoint complete: wrote 26 buffers (0.2%); 0 WAL file(s) added, 0 removed, 0 recycled; write=2.607 s, sync=0.009 s, total=2.627 s; sync files=27, longest=0.004 s, average=0.001 s; distance=942 kB, estimate=1063 kB; lsn=1/24DD08B0, redo lsn=1/24DCB3A0"}
{"ts": "2026-08-15T07:13:22.011486908Z", "container": "prefect-postgres", "msg": "2026-08-15 07:13:22.011 UTC [27] LOG:  checkpoint starting: time"}
{"ts": "2026-08-15T07:13:23.941116967Z", "container": "prefect-postgres", "msg": "2026-08-15 07:13:23.940 UTC [27] LOG:  checkpoint complete: wrote 20 buffers (0.1%); 0 WAL file(s) added, 0 removed, 0 recycled; write=1.910 s, sync=0.009 s, total=1.930 s; sync files=28, longest=0.002 s, average=0.001 s; distance=1016 kB, estimate=1058 kB; lsn=1/24ED00F0, redo lsn=1/24EC9430"}
{"ts": "2026-08-15T07:18:23.011074278Z", "container": "prefect-postgres", "msg": "2026-08-15 07:18:23.010 UTC [27] LOG:  checkpoint starting: time"}
{"ts": "2026-08-15T07:18:26.440049398Z", "container": "prefect-postgres", "msg": "2026-08-15 07:18:26.439 UTC [27] LOG:  checkpoint complete: wrote 35 buffers (0.2%); 0 WAL file(s) added, 0 removed, 0 recycled; write=3.411 s, sync=0.007 s, total=3.429 s; sync files=29, longest=0.003 s, average=0.001 s; distance=1032 kB, estimate=1056 kB; lsn=1/24FD0AB8, redo lsn=1/24FCB6A0"}
{"ts": "2026-08-15T07:23:23.528751687Z", "container": "prefect-postgres", "msg": "2026-08-15 07:23:23.528 UTC [27] LOG:  checkpoint starting: time"}
{"ts": "2026-08-15T07:23:27.974932548Z", "container": "prefect-postgres", "msg": "2026-08-15 07:23:27.974 UTC [27] LOG:  checkpoint complete: wrote 43 buffers (0.3%); 0 WAL file(s) added, 0 removed, 1 recycled; write=4.413 s, sync=0.018 s, total=4.447 s; sync files=27, longest=0.003 s, average=0.001 s; distance=959 kB, estimate=1046 kB; lsn=1/250CA4F0, redo lsn=1/250BB2D8"}
{"ts": "2026-08-15T07:28:24.071458175Z", "container": "prefect-postgres", "msg": "2026-08-15 07:28:24.071 UTC [27] LOG:  checkpoint starting: time"}
{"ts": "2026-08-15T07:28:26.513066242Z", "container": "prefect-postgres", "msg": "2026-08-15 07:28:26.512 UTC [27] LOG:  checkpoint complete: wrote 24 buffers (0.1%); 0 WAL file(s) added, 0 removed, 0 recycled; write=2.412 s, sync=0.018 s, total=2.442 s; sync files=28, longest=0.004 s, average=0.001 s; distance=964 kB, estimate=1038 kB; lsn=1/251B8C30, redo lsn=1/251AC4A8"}
{"ts": "2026-08-15T07:33:24.611640085Z", "container": "prefect-postgres", "msg": "2026-08-15 07:33:24.611 UTC [27] LOG:  checkpoint starting: time"}
{"ts": "2026-08-15T07:33:28.437863827Z", "container": "prefect-postgres", "msg": "2026-08-15 07:33:28.437 UTC [27] LOG:  checkpoint complete: wrote 38 buffers (0.2%); 0 WAL file(s) added, 0 removed, 0 recycled; write=3.810 s, sync=0.007 s, total=3.827 s; sync files=28, longest=0.003 s, average=0.001 s; distance=963 kB, estimate=1030 kB; lsn=1/252A62E0, redo lsn=1/2529D480"}
{"ts": "2026-08-15T07:38:24.535445722Z", "container": "prefect-postgres", "msg": "2026-08-15 07:38:24.535 UTC [27] LOG:  checkpoint starting: time"}
{"ts": "2026-08-15T07:38:27.072178408Z", "container": "prefect-postgres", "msg": "2026-08-15 07:38:27.072 UTC [27] LOG:  checkpoint complete: wrote 25 buffers (0.2%); 0 WAL file(s) added, 0 removed, 0 recycled; write=2.512 s, sync=0.013 s, total=2.537 s; sync files=28, longest=0.003 s, average=0.001 s; distance=990 kB, estimate=1026 kB; lsn=1/2539E930, redo lsn=1/25395060"}
{"ts": "2026-08-15T07:43:24.155555784Z", "container": "prefect-postgres", "msg": "2026-08-15 07:43:24.155 UTC [27] LOG:  checkpoint starting: time"}
{"ts": "2026-08-15T07:43:28.000951484Z", "container": "prefect-postgres", "msg": "2026-08-15 07:43:28.000 UTC [27] LOG:  checkpoint complete: wrote 37 buffers (0.2%); 0 WAL file(s) added, 0 removed, 0 recycled; write=3.813 s, sync=0.021 s, total=3.846 s; sync files=28, longest=0.003 s, average=0.001 s; distance=972 kB, estimate=1021 kB; lsn=1/25497E10, redo lsn=1/254882E0"}
{"ts": "2026-08-15T07:48:24.047457926Z", "container": "prefect-postgres", "msg": "2026-08-15 07:48:24.047 UTC [27] LOG:  checkpoint starting: time"}
{"ts": "2026-08-15T07:48:27.887010021Z", "container": "prefect-postgres", "msg": "2026-08-15 07:48:27.886 UTC [27] LOG:  checkpoint complete: wrote 35 buffers (0.2%); 0 WAL file(s) added, 0 removed, 0 recycled; write=3.815 s, sync=0.014 s, total=3.840 s; sync files=29, longest=0.004 s, average=0.001 s; distance=1039 kB, estimate=1039 kB; lsn=1/25594840, redo lsn=1/2558C1F0"}
{"ts": "2026-08-15T07:53:24.983991458Z", "container": "prefect-postgres", "msg": "2026-08-15 07:53:24.983 UTC [27] LOG:  checkpoint starting: time"}
{"ts": "2026-08-15T07:53:27.217255719Z", "container": "prefect-postgres", "msg": "2026-08-15 07:53:27.217 UTC [27] LOG:  checkpoint complete: wrote 23 buffers (0.1%); 0 WAL file(s) added, 0 removed, 0 recycled; write=2.210 s, sync=0.014 s, total=2.234 s; sync files=28, longest=0.003 s, average=0.001 s; distance=966 kB, estimate=1032 kB; lsn=1/25682158, redo lsn=1/2567DAB0"}
{"ts": "2026-08-15T07:58:24.315457117Z", "container": "prefect-postgres", "msg": "2026-08-15 07:58:24.315 UTC [27] LOG:  checkpoint starting: time"}
{"ts": "2026-08-15T07:58:27.249638402Z", "container": "prefect-postgres", "msg": "2026-08-15 07:58:27.249 UTC [27] LOG:  checkpoint complete: wrote 30 buffers (0.2%); 0 WAL file(s) added, 0 removed, 0 recycled; write=2.908 s, sync=0.016 s, total=2.935 s; sync files=28, longest=0.003 s, average=0.001 s; distance=992 kB, estimate=1028 kB; lsn=1/2577B4E0, redo lsn=1/25775E68"}
{"ts": "2026-08-15T08:03:24.318246094Z", "container": "prefect-postgres", "msg": "2026-08-15 08:03:24.318 UTC [27] LOG:  checkpoint starting: time"}
{"ts": "2026-08-15T08:03:27.458057328Z", "container": "prefect-postgres", "msg": "2026-08-15 08:03:27.457 UTC [27] LOG:  checkpoint complete: wrote 31 buffers (0.2%); 0 WAL file(s) added, 0 removed, 0 recycled; write=3.108 s, sync=0.020 s, total=3.140 s; sync files=147, longest=0.003 s, average=0.001 s; distance=3229 kB, estimate=3229 kB; lsn=1/25AA6248, redo lsn=1/25A9D470"}
{"ts": "2026-08-15T08:08:24.555443117Z", "container": "prefect-postgres", "msg": "2026-08-15 08:08:24.555 UTC [27] LOG:  checkpoint starting: time"}
{"ts": "2026-08-15T08:08:29.701034338Z", "container": "prefect-postgres", "msg": "2026-08-15 08:08:29.700 UTC [27] LOG:  checkpoint complete: wrote 45 buffers (0.3%); 0 WAL file(s) added, 0 removed, 0 recycled; write=5.116 s, sync=0.019 s, total=5.146 s; sync files=28, longest=0.004 s, average=0.001 s; distance=991 kB, estimate=3005 kB; lsn=1/25BA6A90, redo lsn=1/25B95400"}
{"ts": "2026-08-15T08:13:24.800201056Z", "container": "prefect-postgres", "msg": "2026-08-15 08:13:24.800 UTC [27] LOG:  checkpoint starting: time"}
{"ts": "2026-08-15T08:13:28.036462624Z", "container": "prefect-postgres", "msg": "2026-08-15 08:13:28.036 UTC [27] LOG:  checkpoint complete: wrote 29 buffers (0.2%); 0 WAL file(s) added, 0 removed, 0 recycled; write=3.208 s, sync=0.016 s, total=3.237 s; sync files=29, longest=0.004 s, average=0.001 s; distance=1003 kB, estimate=2805 kB; lsn=1/25C985B8, redo lsn=1/25C90130"}
{"ts": "2026-08-15T08:18:24.136540919Z", "container": "prefect-postgres", "msg": "2026-08-15 08:18:24.136 UTC [27] LOG:  checkpoint starting: time"}
{"ts": "2026-08-15T08:18:26.581308708Z", "container": "prefect-postgres", "msg": "2026-08-15 08:18:26.581 UTC [27] LOG:  checkpoint complete: wrote 25 buffers (0.2%); 0 WAL file(s) added, 0 removed, 0 recycled; write=2.409 s, sync=0.023 s, total=2.445 s; sync files=141, longest=0.006 s, average=0.001 s; distance=3063 kB, estimate=3063 kB; lsn=1/25F98930, redo lsn=1/25F8E128"}
{"ts": "2026-08-15T08:23:24.642695510Z", "container": "prefect-postgres", "msg": "2026-08-15 08:23:24.642 UTC [27] LOG:  checkpoint starting: time"}
{"ts": "2026-08-15T08:23:26.681013724Z", "container": "prefect-postgres", "msg": "2026-08-15 08:23:26.680 UTC [27] LOG:  checkpoint complete: wrote 21 buffers (0.1%); 0 WAL file(s) added, 0 removed, 1 recycled; write=2.008 s, sync=0.018 s, total=2.039 s; sync files=28, longest=0.003 s, average=0.001 s; distance=986 kB, estimate=2856 kB; lsn=1/2608ED88, redo lsn=1/26084C80"}
{"ts": "2026-08-15T08:28:24.780886536Z", "container": "prefect-postgres", "msg": "2026-08-15 08:28:24.780 UTC [27] LOG:  checkpoint starting: time"}
{"ts": "2026-08-15T08:28:28.715056881Z", "container": "prefect-postgres", "msg": "2026-08-15 08:28:28.714 UTC [27] LOG:  checkpoint complete: wrote 30 buffers (0.2%); 0 WAL file(s) added, 0 removed, 0 recycled; write=3.913 s, sync=0.010 s, total=3.935 s; sync files=34, longest=0.003 s, average=0.001 s; distance=1240 kB, estimate=2694 kB; lsn=1/261C21E0, redo lsn=1/261BAD18"}
{"ts": "2026-08-15T08:33:24.808196561Z", "container": "prefect-postgres", "msg": "2026-08-15 08:33:24.808 UTC [27] LOG:  checkpoint starting: time"}
{"ts": "2026-08-15T08:33:27.340385166Z", "container": "prefect-postgres", "msg": "2026-08-15 08:33:27.340 UTC [27] LOG:  checkpoint complete: wrote 24 buffers (0.1%); 0 WAL file(s) added, 0 removed, 0 recycled; write=2.509 s, sync=0.011 s, total=2.533 s; sync files=138, longest=0.004 s, average=0.001 s; distance=3006 kB, estimate=3006 kB; lsn=1/264B41C0, redo lsn=1/264AA7D0"}
{"ts": "2026-08-15T08:38:24.439475325Z", "container": "prefect-postgres", "msg": "2026-08-15 08:38:24.439 UTC [27] LOG:  checkpoint starting: time"}
{"ts": "2026-08-15T08:38:27.371256115Z", "container": "prefect-postgres", "msg": "2026-08-15 08:38:27.371 UTC [27] LOG:  checkpoint complete: wrote 29 buffers (0.2%); 0 WAL file(s) added, 0 removed, 0 recycled; write=2.909 s, sync=0.014 s, total=2.932 s; sync files=31, longest=0.003 s, average=0.001 s; distance=988 kB, estimate=2804 kB; lsn=1/265AA6E8, redo lsn=1/265A18C0"}
{"ts": "2026-08-15T08:43:24.471370994Z", "container": "prefect-postgres", "msg": "2026-08-15 08:43:24.471 UTC [27] LOG:  checkpoint starting: time"}
{"ts": "2026-08-15T08:43:27.204845753Z", "container": "prefect-postgres", "msg": "2026-08-15 08:43:27.204 UTC [27] LOG:  checkpoint complete: wrote 27 buffers (0.2%); 0 WAL file(s) added, 0 removed, 0 recycled; write=2.709 s, sync=0.015 s, total=2.734 s; sync files=29, longest=0.003 s, average=0.001 s; distance=948 kB, estimate=2619 kB; lsn=1/26698DD8, redo lsn=1/2668EB48"}
{"ts": "2026-08-15T08:48:24.271506905Z", "container": "prefect-postgres", "msg": "2026-08-15 08:48:24.271 UTC [27] LOG:  checkpoint starting: time"}
{"ts": "2026-08-15T08:48:29.009311646Z", "container": "prefect-postgres", "msg": "2026-08-15 08:48:29.009 UTC [27] LOG:  checkpoint complete: wrote 39 buffers (0.2%); 0 WAL file(s) added, 0 removed, 0 recycled; write=4.710 s, sync=0.019 s, total=4.738 s; sync files=132, longest=0.003 s, average=0.001 s; distance=2495 kB, estimate=2606 kB; lsn=1/269047B0, redo lsn=1/268FE7E0"}
{"ts": "2026-08-15T08:53:24.108950821Z", "container": "prefect-postgres", "msg": "2026-08-15 08:53:24.108 UTC [27] LOG:  checkpoint starting: time"}
{"ts": "2026-08-15T08:53:27.046899289Z", "container": "prefect-postgres", "msg": "2026-08-15 08:53:27.046 UTC [27] LOG:  checkpoint complete: wrote 30 buffers (0.2%); 0 WAL file(s) added, 0 removed, 0 recycled; write=2.910 s, sync=0.015 s, total=2.938 s; sync files=29, longest=0.003 s, average=0.001 s; distance=993 kB, estimate=2445 kB; lsn=1/269FE928, redo lsn=1/269F6CA0"}
{"ts": "2026-08-15T08:58:24.139952101Z", "container": "prefect-postgres", "msg": "2026-08-15 08:58:24.139 UTC [27] LOG:  checkpoint starting: time"}
{"ts": "2026-08-15T08:58:27.282298100Z", "container": "prefect-postgres", "msg": "2026-08-15 08:58:27.282 UTC [27] LOG:  checkpoint complete: wrote 27 buffers (0.2%); 0 WAL file(s) added, 0 removed, 0 recycled; write=3.113 s, sync=0.019 s, total=3.143 s; sync files=28, longest=0.003 s, average=0.001 s; distance=990 kB, estimate=2299 kB; lsn=1/26AF2750, redo lsn=1/26AEE7F8"}
{"ts": "2026-08-15T09:03:24.360768501Z", "container": "prefect-postgres", "msg": "2026-08-15 09:03:24.360 UTC [27] LOG:  checkpoint starting: time"}
{"ts": "2026-08-15T09:03:28.093403371Z", "container": "prefect-postgres", "msg": "2026-08-15 09:03:28.093 UTC [27] LOG:  checkpoint complete: wrote 36 buffers (0.2%); 0 WAL file(s) added, 0 removed, 0 recycled; write=3.709 s, sync=0.013 s, total=3.733 s; sync files=28, longest=0.003 s, average=0.001 s; distance=992 kB, estimate=2169 kB; lsn=1/26BEE470, redo lsn=1/26BE6818"}
{"ts": "2026-08-15T09:08:24.192946658Z", "container": "prefect-postgres", "msg": "2026-08-15 09:08:24.192 UTC [27] LOG:  checkpoint starting: time"}
{"ts": "2026-08-15T09:08:26.732776194Z", "container": "prefect-postgres", "msg": "2026-08-15 09:08:26.732 UTC [27] LOG:  checkpoint complete: wrote 26 buffers (0.2%); 0 WAL file(s) added, 0 removed, 0 recycled; write=2.512 s, sync=0.016 s, total=2.540 s; sync files=28, longest=0.003 s, average=0.001 s; distance=959 kB, estimate=2048 kB; lsn=1/26CDA3D8, redo lsn=1/26CD6428"}
{"ts": "2026-08-15T09:13:24.824040727Z", "container": "prefect-postgres", "msg": "2026-08-15 09:13:24.823 UTC [27] LOG:  checkpoint starting: time"}
{"ts": "2026-08-15T09:13:27.962286533Z", "container": "prefect-postgres", "msg": "2026-08-15 09:13:27.962 UTC [27] LOG:  checkpoint complete: wrote 32 buffers (0.2%); 0 WAL file(s) added, 0 removed, 0 recycled; write=3.114 s, sync=0.015 s, total=3.139 s; sync files=29, longest=0.003 s, average=0.001 s; distance=1029 kB, estimate=1946 kB; lsn=1/26DE1918, redo lsn=1/26DD7A10"}
{"ts": "2026-08-15T09:18:25.059480205Z", "container": "prefect-postgres", "msg": "2026-08-15 09:18:25.059 UTC [27] LOG:  checkpoint starting: time"}
{"ts": "2026-08-15T09:18:29.291868237Z", "container": "prefect-postgres", "msg": "2026-08-15 09:18:29.291 UTC [27] LOG:  checkpoint complete: wrote 40 buffers (0.2%); 0 WAL file(s) added, 0 removed, 0 recycled; write=4.209 s, sync=0.014 s, total=4.233 s; sync files=31, longest=0.003 s, average=0.001 s; distance=1054 kB, estimate=1857 kB; lsn=1/26EE6E10, redo lsn=1/26EDF530"}
{"ts": "2026-08-15T09:23:25.391436331Z", "container": "prefect-postgres", "msg": "2026-08-15 09:23:25.391 UTC [27] LOG:  checkpoint starting: time"}
{"ts": "2026-08-15T09:23:29.323760460Z", "container": "prefect-postgres", "msg": "2026-08-15 09:23:29.323 UTC [27] LOG:  checkpoint complete: wrote 36 buffers (0.2%); 0 WAL file(s) added, 0 removed, 0 recycled; write=3.910 s, sync=0.013 s, total=3.933 s; sync files=28, longest=0.003 s, average=0.001 s; distance=938 kB, estimate=1765 kB; lsn=1/26FCF8B0, redo lsn=1/26FCA0E8"}
{"ts": "2026-08-15T09:28:25.407325951Z", "container": "prefect-postgres", "msg": "2026-08-15 09:28:25.407 UTC [27] LOG:  checkpoint starting: time"}
{"ts": "2026-08-15T09:28:27.857135178Z", "container": "prefect-postgres", "msg": "2026-08-15 09:28:27.857 UTC [27] LOG:  checkpoint complete: wrote 24 buffers (0.1%); 0 WAL file(s) added, 0 removed, 1 recycled; write=2.410 s, sync=0.024 s, total=2.450 s; sync files=40, longest=0.003 s, average=0.001 s; distance=1110 kB, estimate=1699 kB; lsn=1/270E6528, redo lsn=1/270DFA60"}
{"ts": "2026-08-15T09:33:25.955428208Z", "container": "prefect-postgres", "msg": "2026-08-15 09:33:25.955 UTC [27] LOG:  checkpoint starting: time"}
{"ts": "2026-08-15T09:33:30.091324997Z", "container": "prefect-postgres", "msg": "2026-08-15 09:33:30.091 UTC [27] LOG:  checkpoint complete: wrote 41 buffers (0.3%); 0 WAL file(s) added, 0 removed, 0 recycled; write=4.111 s, sync=0.012 s, total=4.136 s; sync files=27, longest=0.003 s, average=0.001 s; distance=978 kB, estimate=1627 kB; lsn=1/271DE180, redo lsn=1/271D4468"}
{"ts": "2026-08-15T09:38:25.180722340Z", "container": "prefect-postgres", "msg": "2026-08-15 09:38:25.180 UTC [27] LOG:  checkpoint starting: time"}
{"ts": "2026-08-15T09:38:29.120278794Z", "container": "prefect-postgres", "msg": "2026-08-15 09:38:29.120 UTC [27] LOG:  checkpoint complete: wrote 38 buffers (0.2%); 0 WAL file(s) added, 0 removed, 0 recycled; write=3.915 s, sync=0.013 s, total=3.940 s; sync files=29, longest=0.004 s, average=0.001 s; distance=984 kB, estimate=1563 kB; lsn=1/272D32B0, redo lsn=1/272CA6C0"}
{"ts": "2026-08-15T09:43:25.219456050Z", "container": "prefect-postgres", "msg": "2026-08-15 09:43:25.219 UTC [27] LOG:  checkpoint starting: time"}
{"ts": "2026-08-15T09:43:27.856223241Z", "container": "prefect-postgres", "msg": "2026-08-15 09:43:27.856 UTC [27] LOG:  checkpoint complete: wrote 27 buffers (0.2%); 0 WAL file(s) added, 0 removed, 0 recycled; write=2.610 s, sync=0.015 s, total=2.637 s; sync files=28, longest=0.003 s, average=0.001 s; distance=956 kB, estimate=1502 kB; lsn=1/273BDC18, redo lsn=1/273B9A48"}
{"ts": "2026-08-15T09:48:25.955444598Z", "container": "prefect-postgres", "msg": "2026-08-15 09:48:25.955 UTC [27] LOG:  checkpoint starting: time"}
{"ts": "2026-08-15T09:48:29.982679105Z", "container": "prefect-postgres", "msg": "2026-08-15 09:48:29.982 UTC [27] LOG:  checkpoint complete: wrote 40 buffers (0.2%); 0 WAL file(s) added, 0 removed, 0 recycled; write=4.010 s, sync=0.005 s, total=4.028 s; sync files=28, longest=0.003 s, average=0.001 s; distance=977 kB, estimate=1450 kB; lsn=1/274B5948, redo lsn=1/274AE100"}
{"ts": "2026-08-15T09:53:26.066017481Z", "container": "prefect-postgres", "msg": "2026-08-15 09:53:26.065 UTC [27] LOG:  checkpoint starting: time"}
{"ts": "2026-08-15T09:53:30.902356167Z", "container": "prefect-postgres", "msg": "2026-08-15 09:53:30.902 UTC [27] LOG:  checkpoint complete: wrote 47 buffers (0.3%); 0 WAL file(s) added, 0 removed, 0 recycled; write=4.810 s, sync=0.015 s, total=4.837 s; sync files=28, longest=0.003 s, average=0.001 s; distance=993 kB, estimate=1404 kB; lsn=1/275ACE78, redo lsn=1/275A66F0"}
{"ts": "2026-08-15T09:58:27.000135333Z", "container": "prefect-postgres", "msg": "2026-08-15 09:58:26.999 UTC [27] LOG:  checkpoint starting: time"}
{"ts": "2026-08-15T09:58:29.439115037Z", "container": "prefect-postgres", "msg": "2026-08-15 09:58:29.438 UTC [27] LOG:  checkpoint complete: wrote 25 buffers (0.2%); 0 WAL file(s) added, 0 removed, 0 recycled; write=2.407 s, sync=0.024 s, total=2.440 s; sync files=28, longest=0.004 s, average=0.001 s; distance=952 kB, estimate=1359 kB; lsn=1/2769E7C0, redo lsn=1/276949A8"}
{"ts": "2026-08-15T10:03:26.535451827Z", "container": "prefect-postgres", "msg": "2026-08-15 10:03:26.535 UTC [27] LOG:  checkpoint starting: time"}
{"ts": "2026-08-15T10:03:29.170224326Z", "container": "prefect-postgres", "msg": "2026-08-15 10:03:29.170 UTC [27] LOG:  checkpoint complete: wrote 27 buffers (0.2%); 0 WAL file(s) added, 0 removed, 0 recycled; write=2.612 s, sync=0.010 s, total=2.635 s; sync files=28, longest=0.004 s, average=0.001 s; distance=966 kB, estimate=1320 kB; lsn=1/2778B448, redo lsn=1/277862D0"}
{"ts": "2026-08-15T10:08:26.267814370Z", "container": "prefect-postgres", "msg": "2026-08-15 10:08:26.267 UTC [27] LOG:  checkpoint starting: time"}
{"ts": "2026-08-15T10:08:30.201426219Z", "container": "prefect-postgres", "msg": "2026-08-15 10:08:30.201 UTC [27] LOG:  checkpoint complete: wrote 31 buffers (0.2%); 0 WAL file(s) added, 0 removed, 0 recycled; write=3.908 s, sync=0.013 s, total=3.934 s; sync files=29, longest=0.004 s, average=0.001 s; distance=984 kB, estimate=1286 kB; lsn=1/27882E98, redo lsn=1/2787C568"}
{"ts": "2026-08-15T10:13:26.299463661Z", "container": "prefect-postgres", "msg": "2026-08-15 10:13:26.299 UTC [27] LOG:  checkpoint starting: time"}
{"ts": "2026-08-15T10:13:30.742688586Z", "container": "prefect-postgres", "msg": "2026-08-15 10:13:30.742 UTC [27] LOG:  checkpoint complete: wrote 41 buffers (0.3%); 0 WAL file(s) added, 0 removed, 0 recycled; write=4.412 s, sync=0.021 s, total=4.444 s; sync files=28, longest=0.004 s, average=0.001 s; distance=985 kB, estimate=1256 kB; lsn=1/2797F3C0, redo lsn=1/27972BF8"}
{"ts": "2026-08-15T10:18:26.839436862Z", "container": "prefect-postgres", "msg": "2026-08-15 10:18:26.839 UTC [27] LOG:  checkpoint starting: time"}
{"ts": "2026-08-15T10:18:28.379779530Z", "container": "prefect-postgres", "msg": "2026-08-15 10:18:28.379 UTC [27] LOG:  checkpoint complete: wrote 14 buffers (0.1%); 0 WAL file(s) added, 0 removed, 0 recycled; write=1.510 s, sync=0.020 s, total=1.541 s; sync files=27, longest=0.003 s, average=0.001 s; distance=968 kB, estimate=1227 kB; lsn=1/27A66EC0, redo lsn=1/27A64CA8"}
{"ts": "2026-08-15T10:23:26.479501029Z", "container": "prefect-postgres", "msg": "2026-08-15 10:23:26.479 UTC [27] LOG:  checkpoint starting: time"}
{"ts": "2026-08-15T10:23:28.309642743Z", "container": "prefect-postgres", "msg": "2026-08-15 10:23:28.309 UTC [27] LOG:  checkpoint complete: wrote 19 buffers (0.1%); 0 WAL file(s) added, 0 removed, 0 recycled; write=1.810 s, sync=0.010 s, total=1.831 s; sync files=28, longest=0.003 s, average=0.001 s; distance=1007 kB, estimate=1205 kB; lsn=1/27B622C8, redo lsn=1/27B60C28"}
{"ts": "2026-08-15T10:28:26.407441740Z", "container": "prefect-postgres", "msg": "2026-08-15 10:28:26.407 UTC [27] LOG:  checkpoint starting: time"}
{"ts": "2026-08-15T10:28:30.140487034Z", "container": "prefect-postgres", "msg": "2026-08-15 10:28:30.140 UTC [27] LOG:  checkpoint complete: wrote 37 buffers (0.2%); 0 WAL file(s) added, 0 removed, 0 recycled; write=3.714 s, sync=0.007 s, total=3.734 s; sync files=35, longest=0.003 s, average=0.001 s; distance=1035 kB, estimate=1188 kB; lsn=1/27C692F8, redo lsn=1/27C63BA8"}
{"ts": "2026-08-15T10:33:26.239453782Z", "container": "prefect-postgres", "msg": "2026-08-15 10:33:26.239 UTC [27] LOG:  checkpoint starting: time"}
{"ts": "2026-08-15T10:33:28.764457631Z", "container": "prefect-postgres", "msg": "2026-08-15 10:33:28.764 UTC [27] LOG:  checkpoint complete: wrote 23 buffers (0.1%); 0 WAL file(s) added, 0 removed, 0 recycled; write=2.507 s, sync=0.008 s, total=2.526 s; sync files=29, longest=0.004 s, average=0.001 s; distance=980 kB, estimate=1167 kB; lsn=1/27D61B40, redo lsn=1/27D58DB8"}
{"ts": "2026-08-15T10:38:26.863449586Z", "container": "prefect-postgres", "msg": "2026-08-15 10:38:26.863 UTC [27] LOG:  checkpoint starting: time"}
{"ts": "2026-08-15T10:38:31.098523223Z", "container": "prefect-postgres", "msg": "2026-08-15 10:38:31.098 UTC [27] LOG:  checkpoint complete: wrote 42 buffers (0.3%); 0 WAL file(s) added, 0 removed, 0 recycled; write=4.212 s, sync=0.013 s, total=4.236 s; sync files=28, longest=0.003 s, average=0.001 s; distance=992 kB, estimate=1150 kB; lsn=1/27E5ABC0, redo lsn=1/27E50FA8"}
{"ts": "2026-08-15T10:43:26.198616551Z", "container": "prefect-postgres", "msg": "2026-08-15 10:43:26.198 UTC [27] LOG:  checkpoint starting: time"}
{"ts": "2026-08-15T10:43:28.739625511Z", "container": "prefect-postgres", "msg": "2026-08-15 10:43:28.739 UTC [27] LOG:  checkpoint complete: wrote 22 buffers (0.1%); 0 WAL file(s) added, 0 removed, 0 recycled; write=2.507 s, sync=0.024 s, total=2.542 s; sync files=28, longest=0.003 s, average=0.001 s; distance=981 kB, estimate=1133 kB; lsn=1/27F53E48, redo lsn=1/27F464C0"}
{"ts": "2026-08-15T10:48:26.806489820Z", "container": "prefect-postgres", "msg": "2026-08-15 10:48:26.806 UTC [27] LOG:  checkpoint starting: time"}
{"ts": "2026-08-15T10:48:29.342068257Z", "container": "prefect-postgres", "msg": "2026-08-15 10:48:29.341 UTC [27] LOG:  checkpoint complete: wrote 22 buffers (0.1%); 0 WAL file(s) added, 0 removed, 1 recycled; write=2.507 s, sync=0.012 s, total=2.536 s; sync files=28, longest=0.004 s, average=0.001 s; distance=1006 kB, estimate=1120 kB; lsn=1/280449D8, redo lsn=1/28041F88"}
{"ts": "2026-08-15T10:53:26.442144694Z", "container": "prefect-postgres", "msg": "2026-08-15 10:53:26.442 UTC [27] LOG:  checkpoint starting: time"}
{"ts": "2026-08-15T10:53:30.275833853Z", "container": "prefect-postgres", "msg": "2026-08-15 10:53:30.275 UTC [27] LOG:  checkpoint complete: wrote 33 buffers (0.2%); 0 WAL file(s) added, 0 removed, 0 recycled; write=3.814 s, sync=0.009 s, total=3.834 s; sync files=28, longest=0.003 s, average=0.001 s; distance=978 kB, estimate=1106 kB; lsn=1/281414B0, redo lsn=1/28136A50"}
{"ts": "2026-08-15T10:58:26.375462389Z", "container": "prefect-postgres", "msg": "2026-08-15 10:58:26.375 UTC [27] LOG:  checkpoint starting: time"}
{"ts": "2026-08-15T10:58:32.110736300Z", "container": "prefect-postgres", "msg": "2026-08-15 10:58:32.110 UTC [27] LOG:  checkpoint complete: wrote 58 buffers (0.4%); 0 WAL file(s) added, 0 removed, 0 recycled; write=5.716 s, sync=0.008 s, total=5.736 s; sync files=28, longest=0.003 s, average=0.001 s; distance=995 kB, estimate=1095 kB; lsn=1/28239F78, redo lsn=1/2822F8B0"}
{"ts": "2026-08-15T11:03:26.207471079Z", "container": "prefect-postgres", "msg": "2026-08-15 11:03:26.207 UTC [27] LOG:  checkpoint starting: time"}
{"ts": "2026-08-15T11:03:31.240351213Z", "container": "prefect-postgres", "msg": "2026-08-15 11:03:31.240 UTC [27] LOG:  checkpoint complete: wrote 48 buffers (0.3%); 0 WAL file(s) added, 0 removed, 0 recycled; write=5.015 s, sync=0.006 s, total=5.033 s; sync files=29, longest=0.003 s, average=0.001 s; distance=1015 kB, estimate=1087 kB; lsn=1/28336130, redo lsn=1/2832D818"}
{"ts": "2026-08-15T11:08:26.340428015Z", "container": "prefect-postgres", "msg": "2026-08-15 11:08:26.340 UTC [27] LOG:  checkpoint starting: time"}
{"ts": "2026-08-15T11:08:31.281481853Z", "container": "prefect-postgres", "msg": "2026-08-15 11:08:31.281 UTC [27] LOG:  checkpoint complete: wrote 43 buffers (0.3%); 0 WAL file(s) added, 0 removed, 0 recycled; write=4.915 s, sync=0.016 s, total=4.942 s; sync files=28, longest=0.003 s, average=0.001 s; distance=1002 kB, estimate=1078 kB; lsn=1/28436220, redo lsn=1/28428120"}
{"ts": "2026-08-15T11:13:26.379460180Z", "container": "prefect-postgres", "msg": "2026-08-15 11:13:26.379 UTC [27] LOG:  checkpoint starting: time"}
{"ts": "2026-08-15T11:13:31.717885167Z", "container": "prefect-postgres", "msg": "2026-08-15 11:13:31.717 UTC [27] LOG:  checkpoint complete: wrote 52 buffers (0.3%); 0 WAL file(s) added, 0 removed, 0 recycled; write=5.312 s, sync=0.016 s, total=5.339 s; sync files=28, longest=0.003 s, average=0.001 s; distance=969 kB, estimate=1067 kB; lsn=1/28524888, redo lsn=1/2851A598"}
{"ts": "2026-08-15T11:18:26.816262567Z", "container": "prefect-postgres", "msg": "2026-08-15 11:18:26.816 UTC [27] LOG:  checkpoint starting: time"}
{"ts": "2026-08-15T11:18:31.557467692Z", "container": "prefect-postgres", "msg": "2026-08-15 11:18:31.557 UTC [27] LOG:  checkpoint complete: wrote 47 buffers (0.3%); 0 WAL file(s) added, 0 removed, 0 recycled; write=4.713 s, sync=0.016 s, total=4.742 s; sync files=28, longest=0.003 s, average=0.001 s; distance=989 kB, estimate=1060 kB; lsn=1/28619E50, redo lsn=1/28611CB8"}
{"ts": "2026-08-15T11:23:26.655476682Z", "container": "prefect-postgres", "msg": "2026-08-15 11:23:26.655 UTC [27] LOG:  checkpoint starting: time"}
{"ts": "2026-08-15T11:23:31.792325825Z", "container": "prefect-postgres", "msg": "2026-08-15 11:23:31.792 UTC [27] LOG:  checkpoint complete: wrote 51 buffers (0.3%); 0 WAL file(s) added, 0 removed, 0 recycled; write=5.113 s, sync=0.012 s, total=5.137 s; sync files=28, longest=0.003 s, average=0.001 s; distance=989 kB, estimate=1053 kB; lsn=1/28712900, redo lsn=1/28709408"}
{"ts": "2026-08-15T11:28:26.891439198Z", "container": "prefect-postgres", "msg": "2026-08-15 11:28:26.891 UTC [27] LOG:  checkpoint starting: time"}
{"ts": "2026-08-15T11:28:32.933155644Z", "container": "prefect-postgres", "msg": "2026-08-15 11:28:32.933 UTC [27] LOG:  checkpoint complete: wrote 55 buffers (0.3%); 0 WAL file(s) added, 0 removed, 0 recycled; write=6.017 s, sync=0.015 s, total=6.042 s; sync files=28, longest=0.002 s, average=0.001 s; distance=991 kB, estimate=1046 kB; lsn=1/2880B9D0, redo lsn=1/28801040"}
{"ts": "2026-08-15T11:33:26.975466048Z", "container": "prefect-postgres", "msg": "2026-08-15 11:33:26.975 UTC [27] LOG:  checkpoint starting: time"}
{"ts": "2026-08-15T11:33:30.613390590Z", "container": "prefect-postgres", "msg": "2026-08-15 11:33:30.613 UTC [27] LOG:  checkpoint complete: wrote 32 buffers (0.2%); 0 WAL file(s) added, 0 removed, 0 recycled; write=3.612 s, sync=0.016 s, total=3.638 s; sync files=29, longest=0.003 s, average=0.001 s; distance=1004 kB, estimate=1042 kB; lsn=1/288FF908, redo lsn=1/288FC2E8"}
{"ts": "2026-08-15T11:38:26.713469910Z", "container": "prefect-postgres", "msg": "2026-08-15 11:38:26.713 UTC [27] LOG:  checkpoint starting: time"}
{"ts": "2026-08-15T11:38:32.251583287Z", "container": "prefect-postgres", "msg": "2026-08-15 11:38:32.251 UTC [27] LOG:  checkpoint complete: wrote 53 buffers (0.3%); 0 WAL file(s) added, 0 removed, 0 recycled; write=5.516 s, sync=0.012 s, total=5.539 s; sync files=28, longest=0.003 s, average=0.001 s; distance=977 kB, estimate=1036 kB; lsn=1/289FB9F8, redo lsn=1/289F0A48"}
{"ts": "2026-08-15T11:43:26.351530775Z", "container": "prefect-postgres", "msg": "2026-08-15 11:43:26.351 UTC [27] LOG:  checkpoint starting: time"}
{"ts": "2026-08-15T11:43:33.197246536Z", "container": "prefect-postgres", "msg": "2026-08-15 11:43:33.197 UTC [27] LOG:  checkpoint complete: wrote 66 buffers (0.4%); 0 WAL file(s) added, 0 removed, 0 recycled; write=6.817 s, sync=0.017 s, total=6.846 s; sync files=35, longest=0.003 s, average=0.001 s; distance=1118 kB, estimate=1118 kB; lsn=1/28B10128, redo lsn=1/28B08338"}
{"ts": "2026-08-15T11:48:26.270702646Z", "container": "prefect-postgres", "msg": "2026-08-15 11:48:26.270 UTC [27] LOG:  checkpoint starting: time"}
{"ts": "2026-08-15T11:48:31.206534058Z", "container": "prefect-postgres", "msg": "2026-08-15 11:48:31.206 UTC [27] LOG:  checkpoint complete: wrote 52 buffers (0.3%); 0 WAL file(s) added, 0 removed, 0 recycled; write=4.915 s, sync=0.008 s, total=4.936 s; sync files=28, longest=0.003 s, average=0.001 s; distance=954 kB, estimate=1101 kB; lsn=1/28C08D80, redo lsn=1/28BF6C40"}
{"ts": "2026-08-15T11:53:26.303444511Z", "container": "prefect-postgres", "msg": "2026-08-15 11:53:26.303 UTC [27] LOG:  checkpoint starting: time"}
{"ts": "2026-08-15T11:53:31.842244768Z", "container": "prefect-postgres", "msg": "2026-08-15 11:53:31.842 UTC [27] LOG:  checkpoint complete: wrote 52 buffers (0.3%); 0 WAL file(s) added, 0 removed, 0 recycled; write=5.512 s, sync=0.016 s, total=5.539 s; sync files=28, longest=0.003 s, average=0.001 s; distance=1038 kB, estimate=1095 kB; lsn=1/28D00FB8, redo lsn=1/28CFA548"}
{"ts": "2026-08-15T11:58:26.924330376Z", "container": "prefect-postgres", "msg": "2026-08-15 11:58:26.924 UTC [27] LOG:  checkpoint starting: time"}
{"ts": "2026-08-15T11:58:31.056550915Z", "container": "prefect-postgres", "msg": "2026-08-15 11:58:31.056 UTC [27] LOG:  checkpoint complete: wrote 37 buffers (0.2%); 0 WAL file(s) added, 0 removed, 0 recycled; write=4.110 s, sync=0.011 s, total=4.133 s; sync files=29, longest=0.003 s, average=0.001 s; distance=1007 kB, estimate=1086 kB; lsn=1/28E00110, redo lsn=1/28DF6400"}
{"ts": "2026-08-15T12:03:26.156574573Z", "container": "prefect-postgres", "msg": "2026-08-15 12:03:26.156 UTC [27] LOG:  checkpoint starting: time"}
{"ts": "2026-08-15T12:03:30.096399957Z", "container": "prefect-postgres", "msg": "2026-08-15 12:03:30.096 UTC [27] LOG:  checkpoint complete: wrote 39 buffers (0.2%); 0 WAL file(s) added, 0 removed, 1 recycled; write=3.912 s, sync=0.014 s, total=3.940 s; sync files=144, longest=0.004 s, average=0.001 s; distance=3324 kB, estimate=3324 kB; lsn=1/2913B0A8, redo lsn=1/291355F0"}
{"ts": "2026-08-15T12:08:26.195480228Z", "container": "prefect-postgres", "msg": "2026-08-15 12:08:26.195 UTC [27] LOG:  checkpoint starting: time"}
{"ts": "2026-08-15T12:08:28.520938849Z", "container": "prefect-postgres", "msg": "2026-08-15 12:08:28.520 UTC [27] LOG:  checkpoint complete: wrote 18 buffers (0.1%); 0 WAL file(s) added, 0 removed, 0 recycled; write=2.307 s, sync=0.008 s, total=2.326 s; sync files=30, longest=0.004 s, average=0.001 s; distance=988 kB, estimate=3090 kB; lsn=1/29236C08, redo lsn=1/2922C9C0"}
{"ts": "2026-08-15T12:13:26.581514665Z", "container": "prefect-postgres", "msg": "2026-08-15 12:13:26.581 UTC [27] LOG:  checkpoint starting: time"}
{"ts": "2026-08-15T12:13:31.914939842Z", "container": "prefect-postgres", "msg": "2026-08-15 12:13:31.914 UTC [27] LOG:  checkpoint complete: wrote 50 buffers (0.3%); 0 WAL file(s) added, 0 removed, 0 recycled; write=5.317 s, sync=0.005 s, total=5.334 s; sync files=28, longest=0.003 s, average=0.001 s; distance=958 kB, estimate=2877 kB; lsn=1/2932CBE0, redo lsn=1/2931C3B8"}
{"ts": "2026-08-15T12:18:26.952299422Z", "container": "prefect-postgres", "msg": "2026-08-15 12:18:26.952 UTC [27] LOG:  checkpoint starting: time"}
{"ts": "2026-08-15T12:18:30.187632205Z", "container": "prefect-postgres", "msg": "2026-08-15 12:18:30.187 UTC [27] LOG:  checkpoint complete: wrote 32 buffers (0.2%); 0 WAL file(s) added, 0 removed, 0 recycled; write=3.207 s, sync=0.018 s, total=3.236 s; sync files=146, longest=0.003 s, average=0.001 s; distance=3257 kB, estimate=3257 kB; lsn=1/2965A020, redo lsn=1/2964A838"}
{"ts": "2026-08-15T12:23:26.252023699Z", "container": "prefect-postgres", "msg": "2026-08-15 12:23:26.251 UTC [27] LOG:  checkpoint starting: time"}
{"ts": "2026-08-15T12:23:29.783980563Z", "container": "prefect-postgres", "msg": "2026-08-15 12:23:29.783 UTC [27] LOG:  checkpoint complete: wrote 36 buffers (0.2%); 0 WAL file(s) added, 0 removed, 0 recycled; write=3.509 s, sync=0.010 s, total=3.532 s; sync files=28, longest=0.003 s, average=0.001 s; distance=1019 kB, estimate=3033 kB; lsn=1/29758958, redo lsn=1/297496F0"}
{"ts": "2026-08-15T12:28:26.883424668Z", "container": "prefect-postgres", "msg": "2026-08-15 12:28:26.883 UTC [27] LOG:  checkpoint starting: time"}
{"ts": "2026-08-15T12:28:38.033554268Z", "container": "prefect-postgres", "msg": "2026-08-15 12:28:38.033 UTC [27] LOG:  checkpoint complete: wrote 112 buffers (0.7%); 0 WAL file(s) added, 0 removed, 0 recycled; write=11.132 s, sync=0.006 s, total=11.151 s; sync files=36, longest=0.003 s, average=0.001 s; distance=1279 kB, estimate=2857 kB; lsn=1/2989A618, redo lsn=1/29889330"}
{"ts": "2026-08-15T12:33:26.124766565Z", "container": "prefect-postgres", "msg": "2026-08-15 12:33:26.124 UTC [27] LOG:  checkpoint starting: time"}
{"ts": "2026-08-15T12:33:30.662919721Z", "container": "prefect-postgres", "msg": "2026-08-15 12:33:30.662 UTC [27] LOG:  checkpoint complete: wrote 45 buffers (0.3%); 0 WAL file(s) added, 0 removed, 0 recycled; write=4.512 s, sync=0.016 s, total=4.539 s; sync files=135, longest=0.004 s, average=0.001 s; distance=2844 kB, estimate=2856 kB; lsn=1/29B5B9A8, redo lsn=1/29B50678"}
{"ts": "2026-08-15T12:38:26.762585924Z", "container": "prefect-postgres", "msg": "2026-08-15 12:38:26.762 UTC [27] LOG:  checkpoint starting: time"}
{"ts": "2026-08-15T12:38:29.510426892Z", "container": "prefect-postgres", "msg": "2026-08-15 12:38:29.510 UTC [27] LOG:  checkpoint complete: wrote 25 buffers (0.2%); 0 WAL file(s) added, 0 removed, 0 recycled; write=2.713 s, sync=0.024 s, total=2.748 s; sync files=29, longest=0.003 s, average=0.001 s; distance=983 kB, estimate=2669 kB; lsn=1/29C4E8E8, redo lsn=1/29C46390"}
{"ts": "2026-08-15T12:43:26.610560312Z", "container": "prefect-postgres", "msg": "2026-08-15 12:43:26.610 UTC [27] LOG:  checkpoint starting: time"}
{"ts": "2026-08-15T12:43:30.948956039Z", "container": "prefect-postgres", "msg": "2026-08-15 12:43:30.948 UTC [27] LOG:  checkpoint complete: wrote 36 buffers (0.2%); 0 WAL file(s) added, 0 removed, 0 recycled; write=4.310 s, sync=0.017 s, total=4.339 s; sync files=27, longest=0.004 s, average=0.001 s; distance=952 kB, estimate=2497 kB; lsn=1/29D3A730, redo lsn=1/29D34710"}
{"ts": "2026-08-15T12:48:27.031380048Z", "container": "prefect-postgres", "msg": "2026-08-15 12:48:27.031 UTC [27] LOG:  checkpoint starting: time"}
{"ts": "2026-08-15T12:48:29.961556042Z", "container": "prefect-postgres", "msg": "2026-08-15 12:48:29.961 UTC [27] LOG:  checkpoint complete: wrote 26 buffers (0.2%); 0 WAL file(s) added, 0 removed, 0 recycled; write=2.909 s, sync=0.011 s, total=2.931 s; sync files=132, longest=0.004 s, average=0.001 s; distance=2493 kB, estimate=2497 kB; lsn=1/29FAC178, redo lsn=1/29FA3EB0"}
{"ts": "2026-08-15T12:53:28.060549552Z", "container": "prefect-postgres", "msg": "2026-08-15 12:53:28.060 UTC [27] LOG:  checkpoint starting: time"}
{"ts": "2026-08-15T12:53:31.502090375Z", "container": "prefect-postgres", "msg": "2026-08-15 12:53:31.501 UTC [27] LOG:  checkpoint complete: wrote 28 buffers (0.2%); 0 WAL file(s) added, 0 removed, 1 recycled; write=3.408 s, sync=0.020 s, total=3.442 s; sync files=29, longest=0.003 s, average=0.001 s; distance=1013 kB, estimate=2348 kB; lsn=1/2A0AD880, redo lsn=1/2A0A1420"}
{"ts": "2026-08-15T12:58:28.599454493Z", "container": "prefect-postgres", "msg": "2026-08-15 12:58:28.599 UTC [27] LOG:  checkpoint starting: time"}
{"ts": "2026-08-15T12:58:33.741359479Z", "container": "prefect-postgres", "msg": "2026-08-15 12:58:33.741 UTC [27] LOG:  checkpoint complete: wrote 45 buffers (0.3%); 0 WAL file(s) added, 0 removed, 0 recycled; write=5.112 s, sync=0.019 s, total=5.142 s; sync files=28, longest=0.003 s, average=0.001 s; distance=959 kB, estimate=2209 kB; lsn=1/2A19EBA8, redo lsn=1/2A1911E0"}
{"ts": "2026-08-15T13:03:28.837644858Z", "container": "prefect-postgres", "msg": "2026-08-15 13:03:28.837 UTC [27] LOG:  checkpoint starting: time"}
{"ts": "2026-08-15T13:03:31.870585880Z", "container": "prefect-postgres", "msg": "2026-08-15 13:03:31.870 UTC [27] LOG:  checkpoint complete: wrote 31 buffers (0.2%); 0 WAL file(s) added, 0 removed, 0 recycled; write=3.008 s, sync=0.014 s, total=3.033 s; sync files=29, longest=0.004 s, average=0.001 s; distance=995 kB, estimate=2088 kB; lsn=1/2A28E888, redo lsn=1/2A28A090"}
{"ts": "2026-08-15T13:08:28.969298554Z", "container": "prefect-postgres", "msg": "2026-08-15 13:08:28.969 UTC [27] LOG:  checkpoint starting: time"}
{"ts": "2026-08-15T13:08:32.307184382Z", "container": "prefect-postgres", "msg": "2026-08-15 13:08:32.307 UTC [27] LOG:  checkpoint complete: wrote 32 buffers (0.2%); 0 WAL file(s) added, 0 removed, 0 recycled; write=3.309 s, sync=0.017 s, total=3.338 s; sync files=28, longest=0.003 s, average=0.001 s; distance=999 kB, estimate=1979 kB; lsn=1/2A38CB38, redo lsn=1/2A383E00"}
{"ts": "2026-08-15T13:13:28.404504846Z", "container": "prefect-postgres", "msg": "2026-08-15 13:13:28.404 UTC [27] LOG:  checkpoint starting: time"}
{"ts": "2026-08-15T13:13:33.644595491Z", "container": "prefect-postgres", "msg": "2026-08-15 13:13:33.644 UTC [27] LOG:  checkpoint complete: wrote 47 buffers (0.3%); 0 WAL file(s) added, 0 removed, 0 recycled; write=5.217 s, sync=0.011 s, total=5.241 s; sync files=28, longest=0.003 s, average=0.001 s; distance=971 kB, estimate=1878 kB; lsn=1/2A47EA20, redo lsn=1/2A476AB8"}
{"ts": "2026-08-15T13:18:28.743451332Z", "container": "prefect-postgres", "msg": "2026-08-15 13:18:28.743 UTC [27] LOG:  checkpoint starting: time"}
{"ts": "2026-08-15T13:18:32.186444110Z", "container": "prefect-postgres", "msg": "2026-08-15 13:18:32.186 UTC [27] LOG:  checkpoint complete: wrote 35 buffers (0.2%); 0 WAL file(s) added, 0 removed, 0 recycled; write=3.414 s, sync=0.019 s, total=3.443 s; sync files=28, longest=0.003 s, average=0.001 s; distance=961 kB, estimate=1787 kB; lsn=1/2A572B00, redo lsn=1/2A566FE0"}
{"ts": "2026-08-15T13:23:28.286327809Z", "container": "prefect-postgres", "msg": "2026-08-15 13:23:28.286 UTC [27] LOG:  checkpoint starting: time"}
{"ts": "2026-08-15T13:23:32.627189612Z", "container": "prefect-postgres", "msg": "2026-08-15 13:23:32.627 UTC [27] LOG:  checkpoint complete: wrote 44 buffers (0.3%); 0 WAL file(s) added, 0 removed, 0 recycled; write=4.315 s, sync=0.014 s, total=4.341 s; sync files=29, longest=0.003 s, average=0.001 s; distance=1024 kB, estimate=1710 kB; lsn=1/2A679400, redo lsn=1/2A6673C8"}
{"ts": "2026-08-15T13:28:28.723411117Z", "container": "prefect-postgres", "msg": "2026-08-15 13:28:28.723 UTC [27] LOG:  checkpoint starting: time"}
{"ts": "2026-08-15T13:28:38.462378342Z", "container": "prefect-postgres", "msg": "2026-08-15 13:28:38.462 UTC [27] LOG:  checkpoint complete: wrote 97 buffers (0.6%); 0 WAL file(s) added, 0 removed, 0 recycled; write=9.721 s, sync=0.008 s, total=9.739 s; sync files=38, longest=0.003 s, average=0.001 s; distance=1130 kB, estimate=1652 kB; lsn=1/2A78F0E8, redo lsn=1/2A781DE0"}
{"ts": "2026-08-15T13:33:28.512131785Z", "container": "prefect-postgres", "msg": "2026-08-15 13:33:28.512 UTC [27] LOG:  checkpoint starting: time"}
{"ts": "2026-08-15T13:33:32.950368401Z", "container": "prefect-postgres", "msg": "2026-08-15 13:33:32.950 UTC [27] LOG:  checkpoint complete: wrote 37 buffers (0.2%); 0 WAL file(s) added, 0 removed, 0 recycled; write=4.415 s, sync=0.014 s, total=4.439 s; sync files=29, longest=0.004 s, average=0.001 s; distance=993 kB, estimate=1586 kB; lsn=1/2A886AC0, redo lsn=1/2A87A430"}
{"ts": "2026-08-15T13:38:29.049524403Z", "container": "prefect-postgres", "msg": "2026-08-15 13:38:29.049 UTC [27] LOG:  checkpoint starting: time"}
{"ts": "2026-08-15T13:38:33.289201977Z", "container": "prefect-postgres", "msg": "2026-08-15 13:38:33.289 UTC [27] LOG:  checkpoint complete: wrote 39 buffers (0.2%); 0 WAL file(s) added, 0 removed, 0 recycled; write=4.211 s, sync=0.017 s, total=4.240 s; sync files=31, longest=0.003 s, average=0.001 s; distance=1077 kB, estimate=1535 kB; lsn=1/2A993620, redo lsn=1/2A987BB0"}
{"ts": "2026-08-15T13:43:29.388105134Z", "container": "prefect-postgres", "msg": "2026-08-15 13:43:29.387 UTC [27] LOG:  checkpoint starting: time"}
{"ts": "2026-08-15T13:43:35.028562218Z", "container": "prefect-postgres", "msg": "2026-08-15 13:43:35.028 UTC [27] LOG:  checkpoint complete: wrote 56 buffers (0.3%); 0 WAL file(s) added, 0 removed, 0 recycled; write=5.611 s, sync=0.017 s, total=5.641 s; sync files=29, longest=0.004 s, average=0.001 s; distance=971 kB, estimate=1479 kB; lsn=1/2AA841F8, redo lsn=1/2AA7AB88"}
{"ts": "2026-08-15T13:48:29.127682640Z", "container": "prefect-postgres", "msg": "2026-08-15 13:48:29.127 UTC [27] LOG:  checkpoint starting: time"}
{"ts": "2026-08-15T13:48:33.964537959Z", "container": "prefect-postgres", "msg": "2026-08-15 13:48:33.964 UTC [27] LOG:  checkpoint complete: wrote 46 buffers (0.3%); 0 WAL file(s) added, 0 removed, 0 recycled; write=4.818 s, sync=0.008 s, total=4.837 s; sync files=28, longest=0.003 s, average=0.001 s; distance=961 kB, estimate=1427 kB; lsn=1/2AB70C10, redo lsn=1/2AB6B188"}
{"ts": "2026-08-15T13:53:30.063412448Z", "container": "prefect-postgres", "msg": "2026-08-15 13:53:30.063 UTC [27] LOG:  checkpoint starting: time"}
{"ts": "2026-08-15T13:53:33.201668783Z", "container": "prefect-postgres", "msg": "2026-08-15 13:53:33.201 UTC [27] LOG:  checkpoint complete: wrote 31 buffers (0.2%); 0 WAL file(s) added, 0 removed, 0 recycled; write=3.112 s, sync=0.014 s, total=3.139 s; sync files=29, longest=0.003 s, average=0.001 s; distance=981 kB, estimate=1383 kB; lsn=1/2AC6C348, redo lsn=1/2AC60828"}
{"ts": "2026-08-15T13:58:30.299455743Z", "container": "prefect-postgres", "msg": "2026-08-15 13:58:30.299 UTC [27] LOG:  checkpoint starting: time"}
{"ts": "2026-08-15T13:58:34.331100897Z", "container": "prefect-postgres", "msg": "2026-08-15 13:58:34.331 UTC [27] LOG:  checkpoint complete: wrote 41 buffers (0.3%); 0 WAL file(s) added, 0 removed, 0 recycled; write=4.013 s, sync=0.007 s, total=4.032 s; sync files=29, longest=0.004 s, average=0.001 s; distance=1018 kB, estimate=1346 kB; lsn=1/2AD626B0, redo lsn=1/2AD5F408"}
{"ts": "2026-08-15T14:03:30.427465327Z", "container": "prefect-postgres", "msg": "2026-08-15 14:03:30.427 UTC [27] LOG:  checkpoint starting: time"}
{"ts": "2026-08-15T14:03:34.159910771Z", "container": "prefect-postgres", "msg": "2026-08-15 14:03:34.159 UTC [27] LOG:  checkpoint complete: wrote 38 buffers (0.2%); 0 WAL file(s) added, 0 removed, 0 recycled; write=3.710 s, sync=0.010 s, total=3.733 s; sync files=28, longest=0.003 s, average=0.001 s; distance=946 kB, estimate=1306 kB; lsn=1/2AE54C30, redo lsn=1/2AE4BC38"}
{"ts": "2026-08-15T14:08:30.259464347Z", "container": "prefect-postgres", "msg": "2026-08-15 14:08:30.259 UTC [27] LOG:  checkpoint starting: time"}
{"ts": "2026-08-15T14:08:32.391013851Z", "container": "prefect-postgres", "msg": "2026-08-15 14:08:32.390 UTC [27] LOG:  checkpoint complete: wrote 22 buffers (0.1%); 0 WAL file(s) added, 0 removed, 0 recycled; write=2.107 s, sync=0.015 s, total=2.132 s; sync files=28, longest=0.003 s, average=0.001 s; distance=958 kB, estimate=1271 kB; lsn=1/2AF486B0, redo lsn=1/2AF3B560"}
{"ts": "2026-08-15T14:13:30.490969211Z", "container": "prefect-postgres", "msg": "2026-08-15 14:13:30.490 UTC [27] LOG:  checkpoint starting: time"}
{"ts": "2026-08-15T14:13:34.930217512Z", "container": "prefect-postgres", "msg": "2026-08-15 14:13:34.930 UTC [27] LOG:  checkpoint complete: wrote 42 buffers (0.3%); 0 WAL file(s) added, 0 removed, 1 recycled; write=4.409 s, sync=0.014 s, total=4.440 s; sync files=28, longest=0.003 s, average=0.001 s; distance=996 kB, estimate=1244 kB; lsn=1/2B03BA78, redo lsn=1/2B034750"}
{"ts": "2026-08-15T14:18:31.027459173Z", "container": "prefect-postgres", "msg": "2026-08-15 14:18:31.027 UTC [27] LOG:  checkpoint starting: time"}
{"ts": "2026-08-15T14:18:34.262794396Z", "container": "prefect-postgres", "msg": "2026-08-15 14:18:34.262 UTC [27] LOG:  checkpoint complete: wrote 24 buffers (0.1%); 0 WAL file(s) added, 0 removed, 0 recycled; write=3.208 s, sync=0.016 s, total=3.236 s; sync files=29, longest=0.004 s, average=0.001 s; distance=974 kB, estimate=1217 kB; lsn=1/2B133738, redo lsn=1/2B1282A0"}
{"ts": "2026-08-15T14:23:31.359455336Z", "container": "prefect-postgres", "msg": "2026-08-15 14:23:31.359 UTC [27] LOG:  checkpoint starting: time"}
{"ts": "2026-08-15T14:23:36.303528280Z", "container": "prefect-postgres", "msg": "2026-08-15 14:23:36.303 UTC [27] LOG:  checkpoint complete: wrote 44 buffers (0.3%); 0 WAL file(s) added, 0 removed, 0 recycled; write=4.912 s, sync=0.022 s, total=4.945 s; sync files=28, longest=0.003 s, average=0.001 s; distance=1010 kB, estimate=1196 kB; lsn=1/2B2348D8, redo lsn=1/2B224AD8"}
{"ts": "2026-08-15T14:28:31.401777199Z", "container": "prefect-postgres", "msg": "2026-08-15 14:28:31.401 UTC [27] LOG:  checkpoint starting: time"}
{"ts": "2026-08-15T14:28:35.037788410Z", "container": "prefect-postgres", "msg": "2026-08-15 14:28:35.037 UTC [27] LOG:  checkpoint complete: wrote 31 buffers (0.2%); 0 WAL file(s) added, 0 removed, 0 recycled; write=3.615 s, sync=0.010 s, total=3.636 s; sync files=34, longest=0.004 s, average=0.001 s; distance=1006 kB, estimate=1177 kB; lsn=1/2B328250, redo lsn=1/2B320498"}
{"ts": "2026-08-15T14:33:31.137568739Z", "container": "prefect-postgres", "msg": "2026-08-15 14:33:31.137 UTC [27] LOG:  checkpoint starting: time"}
{"ts": "2026-08-15T14:33:35.174054430Z", "container": "prefect-postgres", "msg": "2026-08-15 14:33:35.173 UTC [27] LOG:  checkpoint complete: wrote 40 buffers (0.2%); 0 WAL file(s) added, 0 removed, 0 recycled; write=4.010 s, sync=0.014 s, total=4.037 s; sync files=28, longest=0.003 s, average=0.001 s; distance=981 kB, estimate=1157 kB; lsn=1/2B41BFE8, redo lsn=1/2B415A48"}
{"ts": "2026-08-15T14:38:31.271444750Z", "container": "prefect-postgres", "msg": "2026-08-15 14:38:31.271 UTC [27] LOG:  checkpoint starting: time"}
{"ts": "2026-08-15T14:38:36.207778562Z", "container": "prefect-postgres", "msg": "2026-08-15 14:38:36.207 UTC [27] LOG:  checkpoint complete: wrote 44 buffers (0.3%); 0 WAL file(s) added, 0 removed, 0 recycled; write=4.913 s, sync=0.011 s, total=4.937 s; sync files=28, longest=0.003 s, average=0.001 s; distance=994 kB, estimate=1141 kB; lsn=1/2B51CEA0, redo lsn=1/2B50E408"}
{"ts": "2026-08-15T14:43:31.307457537Z", "container": "prefect-postgres", "msg": "2026-08-15 14:43:31.307 UTC [27] LOG:  checkpoint starting: time"}
{"ts": "2026-08-15T14:43:35.738534500Z", "container": "prefect-postgres", "msg": "2026-08-15 14:43:35.738 UTC [27] LOG:  checkpoint complete: wrote 41 buffers (0.3%); 0 WAL file(s) added, 0 removed, 0 recycled; write=4.411 s, sync=0.010 s, total=4.432 s; sync files=28, longest=0.004 s, average=0.001 s; distance=1024 kB, estimate=1129 kB; lsn=1/2B618110, redo lsn=1/2B60E528"}
{"ts": "2026-08-15T14:48:31.789369025Z", "container": "prefect-postgres", "msg": "2026-08-15 14:48:31.789 UTC [27] LOG:  checkpoint starting: time"}
{"ts": "2026-08-15T14:48:35.414200948Z", "container": "prefect-postgres", "msg": "2026-08-15 14:48:35.414 UTC [27] LOG:  checkpoint complete: wrote 37 buffers (0.2%); 0 WAL file(s) added, 0 removed, 0 recycled; write=3.609 s, sync=0.006 s, total=3.625 s; sync files=29, longest=0.003 s, average=0.001 s; distance=1020 kB, estimate=1118 kB; lsn=1/2B712510, redo lsn=1/2B70D760"}
{"ts": "2026-08-15T14:53:31.511454489Z", "container": "prefect-postgres", "msg": "2026-08-15 14:53:31.511 UTC [27] LOG:  checkpoint starting: time"}
{"ts": "2026-08-15T14:53:36.440417431Z", "container": "prefect-postgres", "msg": "2026-08-15 14:53:36.440 UTC [27] LOG:  checkpoint complete: wrote 49 buffers (0.3%); 0 WAL file(s) added, 0 removed, 0 recycled; write=4.911 s, sync=0.007 s, total=4.929 s; sync files=28, longest=0.003 s, average=0.001 s; distance=999 kB, estimate=1107 kB; lsn=1/2B80C870, redo lsn=1/2B8076E0"}
{"ts": "2026-08-15T14:58:31.540517744Z", "container": "prefect-postgres", "msg": "2026-08-15 14:58:31.540 UTC [27] LOG:  checkpoint starting: time"}
{"ts": "2026-08-15T14:58:36.375735727Z", "container": "prefect-postgres", "msg": "2026-08-15 14:58:36.375 UTC [27] LOG:  checkpoint complete: wrote 45 buffers (0.3%); 0 WAL file(s) added, 0 removed, 0 recycled; write=4.811 s, sync=0.012 s, total=4.836 s; sync files=28, longest=0.003 s, average=0.001 s; distance=978 kB, estimate=1094 kB; lsn=1/2B8FF910, redo lsn=1/2B8FC020"}
{"ts": "2026-08-15T15:03:31.475639259Z", "container": "prefect-postgres", "msg": "2026-08-15 15:03:31.475 UTC [27] LOG:  checkpoint starting: time"}
{"ts": "2026-08-15T15:03:34.692837728Z", "container": "prefect-postgres", "msg": "2026-08-15 15:03:34.692 UTC [27] LOG:  checkpoint complete: wrote 26 buffers (0.2%); 0 WAL file(s) added, 0 removed, 0 recycled; write=3.207 s, sync=0.004 s, total=3.218 s; sync files=29, longest=0.002 s, average=0.001 s; distance=1213 kB, estimate=1213 kB; lsn=1/2BA39450, redo lsn=1/2BA2B720"}
{"ts": "2026-08-15T15:08:31.766431560Z", "container": "prefect-postgres", "msg": "2026-08-15 15:08:31.766 UTC [27] LOG:  checkpoint starting: time"}
{"ts": "2026-08-15T15:08:35.182671214Z", "container": "prefect-postgres", "msg": "2026-08-15 15:08:35.182 UTC [27] LOG:  checkpoint complete: wrote 34 buffers (0.2%); 0 WAL file(s) added, 0 removed, 0 recycled; write=3.406 s, sync=0.006 s, total=3.417 s; sync files=28, longest=0.002 s, average=0.001 s; distance=994 kB, estimate=1191 kB; lsn=1/2BB2D880, redo lsn=1/2BB24210"}
{"ts": "2026-08-15T15:13:31.282758444Z", "container": "prefect-postgres", "msg": "2026-08-15 15:13:31.282 UTC [27] LOG:  checkpoint starting: time"}
{"ts": "2026-08-15T15:13:37.026623267Z", "container": "prefect-postgres", "msg": "2026-08-15 15:13:37.026 UTC [27] LOG:  checkpoint complete: wrote 51 buffers (0.3%); 0 WAL file(s) added, 0 removed, 0 recycled; write=5.714 s, sync=0.018 s, total=5.744 s; sync files=29, longest=0.003 s, average=0.001 s; distance=1029 kB, estimate=1175 kB; lsn=1/2BC2E808, redo lsn=1/2BC25918"}
{"ts": "2026-08-15T15:18:31.124209772Z", "container": "prefect-postgres", "msg": "2026-08-15 15:18:31.124 UTC [27] LOG:  checkpoint starting: time"}
{"ts": "2026-08-15T15:18:36.067015880Z", "container": "prefect-postgres", "msg": "2026-08-15 15:18:36.066 UTC [27] LOG:  checkpoint complete: wrote 48 buffers (0.3%); 0 WAL file(s) added, 0 removed, 0 recycled; write=4.914 s, sync=0.017 s, total=4.943 s; sync files=27, longest=0.003 s, average=0.001 s; distance=991 kB, estimate=1157 kB; lsn=1/2BD2ED70, redo lsn=1/2BD1D8E0"}
{"ts": "2026-08-15T15:23:31.163453426Z", "container": "prefect-postgres", "msg": "2026-08-15 15:23:31.163 UTC [27] LOG:  checkpoint starting: time"}
{"ts": "2026-08-15T15:23:34.296228156Z", "container": "prefect-postgres", "msg": "2026-08-15 15:23:34.296 UTC [27] LOG:  checkpoint complete: wrote 30 buffers (0.2%); 0 WAL file(s) added, 0 removed, 0 recycled; write=3.114 s, sync=0.009 s, total=3.133 s; sync files=28, longest=0.003 s, average=0.001 s; distance=975 kB, estimate=1139 kB; lsn=1/2BE1E9F0, redo lsn=1/2BE11638"}
{"ts": "2026-08-15T15:28:31.395470100Z", "container": "prefect-postgres", "msg": "2026-08-15 15:28:31.395 UTC [27] LOG:  checkpoint starting: time"}
{"ts": "2026-08-15T15:28:37.833323989Z", "container": "prefect-postgres", "msg": "2026-08-15 15:28:37.833 UTC [27] LOG:  checkpoint complete: wrote 60 buffers (0.4%); 0 WAL file(s) added, 0 removed, 0 recycled; write=6.413 s, sync=0.016 s, total=6.438 s; sync files=28, longest=0.004 s, average=0.001 s; distance=996 kB, estimate=1124 kB; lsn=1/2BF150F0, redo lsn=1/2BF0A768"}
{"ts": "2026-08-15T15:33:31.913956110Z", "container": "prefect-postgres", "msg": "2026-08-15 15:33:31.913 UTC [27] LOG:  checkpoint starting: time"}
{"ts": "2026-08-15T15:33:35.840243160Z", "container": "prefect-postgres", "msg": "2026-08-15 15:33:35.840 UTC [27] LOG:  checkpoint complete: wrote 39 buffers (0.2%); 0 WAL file(s) added, 0 removed, 0 recycled; write=3.909 s, sync=0.007 s, total=3.927 s; sync files=28, longest=0.003 s, average=0.001 s; distance=943 kB, estimate=1106 kB; lsn=1/2C005C68, redo lsn=1/2BFF63A0"}
{"ts": "2026-08-15T15:38:31.939454053Z", "container": "prefect-postgres", "msg": "2026-08-15 15:38:31.939 UTC [27] LOG:  checkpoint starting: time"}
{"ts": "2026-08-15T15:38:36.274801780Z", "container": "prefect-postgres", "msg": "2026-08-15 15:38:36.274 UTC [27] LOG:  checkpoint complete: wrote 43 buffers (0.3%); 0 WAL file(s) added, 0 removed, 1 recycled; write=4.310 s, sync=0.013 s, total=4.336 s; sync files=28, longest=0.004 s, average=0.001 s; distance=997 kB, estimate=1095 kB; lsn=1/2C0F8D60, redo lsn=1/2C0EFB68"}
{"ts": "2026-08-15T15:43:31.371462351Z", "container": "prefect-postgres", "msg": "2026-08-15 15:43:31.371 UTC [27] LOG:  checkpoint starting: time"}
{"ts": "2026-08-15T15:43:35.807387162Z", "container": "prefect-postgres", "msg": "2026-08-15 15:43:35.807 UTC [27] LOG:  checkpoint complete: wrote 44 buffers (0.3%); 0 WAL file(s) added, 0 removed, 0 recycled; write=4.412 s, sync=0.014 s, total=4.436 s; sync files=29, longest=0.003 s, average=0.001 s; distance=1018 kB, estimate=1087 kB; lsn=1/2C1F7EB0, redo lsn=1/2C1EE378"}
{"ts": "2026-08-15T15:48:31.907464150Z", "container": "prefect-postgres", "msg": "2026-08-15 15:48:31.907 UTC [27] LOG:  checkpoint starting: time"}
{"ts": "2026-08-15T15:48:35.039678516Z", "container": "prefect-postgres", "msg": "2026-08-15 15:48:35.039 UTC [27] LOG:  checkpoint complete: wrote 32 buffers (0.2%); 0 WAL file(s) added, 0 removed, 0 recycled; write=3.110 s, sync=0.013 s, total=3.133 s; sync files=28, longest=0.003 s, average=0.001 s; distance=993 kB, estimate=1078 kB; lsn=1/2C2F4D58, redo lsn=1/2C2E6838"}
{"ts": "2026-08-15T15:53:31.139457644Z", "container": "prefect-postgres", "msg": "2026-08-15 15:53:31.139 UTC [27] LOG:  checkpoint starting: time"}
{"ts": "2026-08-15T15:53:34.682411127Z", "container": "prefect-postgres", "msg": "2026-08-15 15:53:34.682 UTC [27] LOG:  checkpoint complete: wrote 34 buffers (0.2%); 0 WAL file(s) added, 0 removed, 0 recycled; write=3.515 s, sync=0.018 s, total=3.543 s; sync files=28, longest=0.003 s, average=0.001 s; distance=1020 kB, estimate=1072 kB; lsn=1/2C3EFE48, redo lsn=1/2C3E59B8"}
{"ts": "2026-08-15T15:58:31.713081107Z", "container": "prefect-postgres", "msg": "2026-08-15 15:58:31.712 UTC [27] LOG:  checkpoint starting: time"}
{"ts": "2026-08-15T15:58:34.856467758Z", "container": "prefect-postgres", "msg": "2026-08-15 15:58:34.856 UTC [27] LOG:  checkpoint complete: wrote 32 buffers (0.2%); 0 WAL file(s) added, 0 removed, 0 recycled; write=3.114 s, sync=0.017 s, total=3.144 s; sync files=29, longest=0.003 s, average=0.001 s; distance=994 kB, estimate=1064 kB; lsn=1/2C4EA580, redo lsn=1/2C4DE1B8"}
{"ts": "2026-08-15T16:03:31.948432687Z", "container": "prefect-postgres", "msg": "2026-08-15 16:03:31.948 UTC [27] LOG:  checkpoint starting: time"}
{"ts": "2026-08-15T16:03:34.589729925Z", "container": "prefect-postgres", "msg": "2026-08-15 16:03:34.589 UTC [27] LOG:  checkpoint complete: wrote 25 buffers (0.2%); 0 WAL file(s) added, 0 removed, 0 recycled; write=2.613 s, sync=0.017 s, total=2.642 s; sync files=136, longest=0.003 s, average=0.001 s; distance=3127 kB, estimate=3127 kB; lsn=1/2C7F1BC8, redo lsn=1/2C7EC178"}
{"ts": "2026-08-15T16:08:31.689135256Z", "container": "prefect-postgres", "msg": "2026-08-15 16:08:31.689 UTC [27] LOG:  checkpoint starting: time"}
{"ts": "2026-08-15T16:08:34.835232209Z", "container": "prefect-postgres", "msg": "2026-08-15 16:08:34.835 UTC [27] LOG:  checkpoint complete: wrote 27 buffers (0.2%); 0 WAL file(s) added, 0 removed, 0 recycled; write=3.112 s, sync=0.022 s, total=3.147 s; sync files=29, longest=0.004 s, average=0.001 s; distance=1055 kB, estimate=2920 kB; lsn=1/2C8FC7D8, redo lsn=1/2C8F3F58"}
{"ts": "2026-08-15T16:13:31.930193004Z", "container": "prefect-postgres", "msg": "2026-08-15 16:13:31.930 UTC [27] LOG:  checkpoint starting: time"}
{"ts": "2026-08-15T16:13:36.971273850Z", "container": "prefect-postgres", "msg": "2026-08-15 16:13:36.971 UTC [27] LOG:  checkpoint complete: wrote 42 buffers (0.3%); 0 WAL file(s) added, 0 removed, 0 recycled; write=5.016 s, sync=0.014 s, total=5.042 s; sync files=30, longest=0.002 s, average=0.001 s; distance=1027 kB, estimate=2731 kB; lsn=1/2C9FB360, redo lsn=1/2C9F4E80"}
{"ts": "2026-08-15T16:18:32.067522120Z", "container": "prefect-postgres", "msg": "2026-08-15 16:18:32.067 UTC [27] LOG:  checkpoint starting: time"}
{"ts": "2026-08-15T16:18:36.701792284Z", "container": "prefect-postgres", "msg": "2026-08-15 16:18:36.701 UTC [27] LOG:  checkpoint complete: wrote 43 buffers (0.3%); 0 WAL file(s) added, 0 removed, 0 recycled; write=4.612 s, sync=0.012 s, total=4.635 s; sync files=142, longest=0.004 s, average=0.001 s; distance=3537 kB, estimate=3537 kB; lsn=1/2CD7A8D8, redo lsn=1/2CD69338"}
{"ts": "2026-08-15T16:23:32.801970520Z", "container": "prefect-postgres", "msg": "2026-08-15 16:23:32.801 UTC [27] LOG:  checkpoint starting: time"}
{"ts": "2026-08-15T16:23:36.234800802Z", "container": "prefect-postgres", "msg": "2026-08-15 16:23:36.234 UTC [27] LOG:  checkpoint complete: wrote 34 buffers (0.2%); 0 WAL file(s) added, 0 removed, 0 recycled; write=3.409 s, sync=0.013 s, total=3.433 s; sync files=28, longest=0.003 s, average=0.001 s; distance=1002 kB, estimate=3283 kB; lsn=1/2CE69B68, redo lsn=1/2CE63D58"}
{"ts": "2026-08-15T16:28:32.331505961Z", "container": "prefect-postgres", "msg": "2026-08-15 16:28:32.331 UTC [27] LOG:  checkpoint starting: time"}
{"ts": "2026-08-15T16:29:02.126516687Z", "container": "prefect-postgres", "msg": "2026-08-15 16:29:02.126 UTC [27] LOG:  checkpoint complete: wrote 127 buffers (0.8%); 0 WAL file(s) added, 0 removed, 1 recycled; write=29.755 s, sync=0.023 s, total=29.796 s; sync files=49, longest=0.004 s, average=0.001 s; distance=2447 kB, estimate=3200 kB; lsn=1/2D0EBF10, redo lsn=1/2D0C79B8"}
{"ts": "2026-08-15T16:33:32.223505868Z", "container": "prefect-postgres", "msg": "2026-08-15 16:33:32.223 UTC [27] LOG:  checkpoint starting: time"}
{"ts": "2026-08-15T16:33:35.358471571Z", "container": "prefect-postgres", "msg": "2026-08-15 16:33:35.358 UTC [27] LOG:  checkpoint complete: wrote 24 buffers (0.1%); 0 WAL file(s) added, 0 removed, 0 recycled; write=3.108 s, sync=0.015 s, total=3.135 s; sync files=137, longest=0.003 s, average=0.001 s; distance=2416 kB, estimate=3121 kB; lsn=1/2D330F80, redo lsn=1/2D323A30"}
{"ts": "2026-08-15T16:38:32.457726000Z", "container": "prefect-postgres", "msg": "2026-08-15 16:38:32.457 UTC [27] LOG:  checkpoint starting: time"}
{"ts": "2026-08-15T16:38:36.899640913Z", "container": "prefect-postgres", "msg": "2026-08-15 16:38:36.899 UTC [27] LOG:  checkpoint complete: wrote 36 buffers (0.2%); 0 WAL file(s) added, 0 removed, 0 recycled; write=4.415 s, sync=0.015 s, total=4.442 s; sync files=29, longest=0.003 s, average=0.001 s; distance=1073 kB, estimate=2916 kB; lsn=1/2D43C828, redo lsn=1/2D42FEC8"}
{"ts": "2026-08-15T16:43:32.911490019Z", "container": "prefect-postgres", "msg": "2026-08-15 16:43:32.911 UTC [27] LOG:  checkpoint starting: time"}
{"ts": "2026-08-15T16:43:37.557338532Z", "container": "prefect-postgres", "msg": "2026-08-15 16:43:37.557 UTC [27] LOG:  checkpoint complete: wrote 41 buffers (0.3%); 0 WAL file(s) added, 0 removed, 0 recycled; write=4.614 s, sync=0.020 s, total=4.646 s; sync files=28, longest=0.004 s, average=0.001 s; distance=1013 kB, estimate=2726 kB; lsn=1/2D5322D8, redo lsn=1/2D52D300"}
{"ts": "2026-08-15T16:48:32.621787286Z", "container": "prefect-postgres", "msg": "2026-08-15 16:48:32.621 UTC [27] LOG:  checkpoint starting: time"}
{"ts": "2026-08-15T16:48:35.564842015Z", "container": "prefect-postgres", "msg": "2026-08-15 16:48:35.564 UTC [27] LOG:  checkpoint complete: wrote 26 buffers (0.2%); 0 WAL file(s) added, 0 removed, 0 recycled; write=2.913 s, sync=0.018 s, total=2.944 s; sync files=135, longest=0.003 s, average=0.001 s; distance=2440 kB, estimate=2697 kB; lsn=1/2D794DD0, redo lsn=1/2D78F328"}
{"ts": "2026-08-15T16:53:32.592648856Z", "container": "prefect-postgres", "msg": "2026-08-15 16:53:32.592 UTC [27] LOG:  checkpoint starting: time"}
{"ts": "2026-08-15T16:53:37.028043964Z", "container": "prefect-postgres", "msg": "2026-08-15 16:53:37.027 UTC [27] LOG:  checkpoint complete: wrote 44 buffers (0.3%); 0 WAL file(s) added, 0 removed, 0 recycled; write=4.412 s, sync=0.012 s, total=4.436 s; sync files=28, longest=0.003 s, average=0.001 s; distance=993 kB, estimate=2527 kB; lsn=1/2D894C20, redo lsn=1/2D887730"}
{"ts": "2026-08-15T16:58:32.127483322Z", "container": "prefect-postgres", "msg": "2026-08-15 16:58:32.127 UTC [27] LOG:  checkpoint starting: time"}
{"ts": "2026-08-15T16:58:38.067285949Z", "container": "prefect-postgres", "msg": "2026-08-15 16:58:38.067 UTC [27] LOG:  checkpoint complete: wrote 58 buffers (0.4%); 0 WAL file(s) added, 0 removed, 0 recycled; write=5.916 s, sync=0.012 s, total=5.940 s; sync files=28, longest=0.002 s, average=0.001 s; distance=1003 kB, estimate=2374 kB; lsn=1/2D98EDC0, redo lsn=1/2D982430"}
{"ts": "2026-08-15T17:03:32.163463006Z", "container": "prefect-postgres", "msg": "2026-08-15 17:03:32.163 UTC [27] LOG:  checkpoint starting: time"}
{"ts": "2026-08-15T17:03:35.896873524Z", "container": "prefect-postgres", "msg": "2026-08-15 17:03:35.896 UTC [27] LOG:  checkpoint complete: wrote 36 buffers (0.2%); 0 WAL file(s) added, 0 removed, 0 recycled; write=3.708 s, sync=0.015 s, total=3.734 s; sync files=27, longest=0.003 s, average=0.001 s; distance=1033 kB, estimate=2240 kB; lsn=1/2DA91F40, redo lsn=1/2DA84910"}
{"ts": "2026-08-15T17:08:32.995477882Z", "container": "prefect-postgres", "msg": "2026-08-15 17:08:32.995 UTC [27] LOG:  checkpoint starting: time"}
{"ts": "2026-08-15T17:08:37.727838623Z", "container": "prefect-postgres", "msg": "2026-08-15 17:08:37.727 UTC [27] LOG:  checkpoint complete: wrote 44 buffers (0.3%); 0 WAL file(s) added, 0 removed, 0 recycled; write=4.712 s, sync=0.010 s, total=4.733 s; sync files=29, longest=0.003 s, average=0.001 s; distance=1073 kB, estimate=2124 kB; lsn=1/2DB98D00, redo lsn=1/2DB90E88"}
{"ts": "2026-08-15T17:13:32.827452204Z", "container": "prefect-postgres", "msg": "2026-08-15 17:13:32.827 UTC [27] LOG:  checkpoint starting: time"}
{"ts": "2026-08-15T17:13:36.869097397Z", "container": "prefect-postgres", "msg": "2026-08-15 17:13:36.868 UTC [27] LOG:  checkpoint complete: wrote 38 buffers (0.2%); 0 WAL file(s) added, 0 removed, 0 recycled; write=4.014 s, sync=0.017 s, total=4.042 s; sync files=28, longest=0.003 s, average=0.001 s; distance=1006 kB, estimate=2012 kB; lsn=1/2DC93160, redo lsn=1/2DC8C938"}
{"ts": "2026-08-15T17:18:32.967479217Z", "container": "prefect-postgres", "msg": "2026-08-15 17:18:32.967 UTC [27] LOG:  checkpoint starting: time"}
{"ts": "2026-08-15T17:18:36.710805745Z", "container": "prefect-postgres", "msg": "2026-08-15 17:18:36.710 UTC [27] LOG:  checkpoint complete: wrote 31 buffers (0.2%); 0 WAL file(s) added, 0 removed, 0 recycled; write=3.714 s, sync=0.019 s, total=3.744 s; sync files=28, longest=0.003 s, average=0.001 s; distance=1007 kB, estimate=1911 kB; lsn=1/2DD94098, redo lsn=1/2DD88790"}
{"ts": "2026-08-15T17:23:32.810931153Z", "container": "prefect-postgres", "msg": "2026-08-15 17:23:32.810 UTC [27] LOG:  checkpoint starting: time"}
{"ts": "2026-08-15T17:23:36.047860814Z", "container": "prefect-postgres", "msg": "2026-08-15 17:23:36.047 UTC [27] LOG:  checkpoint complete: wrote 33 buffers (0.2%); 0 WAL file(s) added, 0 removed, 0 recycled; write=3.215 s, sync=0.010 s, total=3.237 s; sync files=28, longest=0.003 s, average=0.001 s; distance=1008 kB, estimate=1821 kB; lsn=1/2DE8DBD0, redo lsn=1/2DE849B8"}
{"ts": "2026-08-15T17:28:32.147753507Z", "container": "prefect-postgres", "msg": "2026-08-15 17:28:32.147 UTC [27] LOG:  checkpoint starting: time"}
{"ts": "2026-08-15T17:28:36.583842772Z", "container": "prefect-postgres", "msg": "2026-08-15 17:28:36.583 UTC [27] LOG:  checkpoint complete: wrote 38 buffers (0.2%); 0 WAL file(s) added, 0 removed, 0 recycled; write=4.410 s, sync=0.016 s, total=4.437 s; sync files=35, longest=0.004 s, average=0.001 s; distance=1093 kB, estimate=1748 kB; lsn=1/2DF9FDA0, redo lsn=1/2DF96138"}
{"ts": "2026-08-15T17:33:32.683678014Z", "container": "prefect-postgres", "msg": "2026-08-15 17:33:32.683 UTC [27] LOG:  checkpoint starting: time"}
{"ts": "2026-08-15T17:33:36.526066543Z", "container": "prefect-postgres", "msg": "2026-08-15 17:33:36.525 UTC [27] LOG:  checkpoint complete: wrote 39 buffers (0.2%); 0 WAL file(s) added, 0 removed, 1 recycled; write=3.809 s, sync=0.017 s, total=3.843 s; sync files=29, longest=0.003 s, average=0.001 s; distance=1025 kB, estimate=1676 kB; lsn=1/2E09B2C0, redo lsn=1/2E096800"}
{"ts": "2026-08-15T17:38:32.623521904Z", "container": "prefect-postgres", "msg": "2026-08-15 17:38:32.623 UTC [27] LOG:  checkpoint starting: time"}
{"ts": "2026-08-15T17:38:37.760639303Z", "container": "prefect-postgres", "msg": "2026-08-15 17:38:37.760 UTC [27] LOG:  checkpoint complete: wrote 50 buffers (0.3%); 0 WAL file(s) added, 0 removed, 0 recycled; write=5.113 s, sync=0.014 s, total=5.138 s; sync files=28, longest=0.002 s, average=0.001 s; distance=955 kB, estimate=1604 kB; lsn=1/2E18DCF8, redo lsn=1/2E185618"}
{"ts": "2026-08-15T17:43:32.853019197Z", "container": "prefect-postgres", "msg": "2026-08-15 17:43:32.852 UTC [27] LOG:  checkpoint starting: time"}
{"ts": "2026-08-15T17:43:36.883508628Z", "container": "prefect-postgres", "msg": "2026-08-15 17:43:36.883 UTC [27] LOG:  checkpoint complete: wrote 36 buffers (0.2%); 0 WAL file(s) added, 0 removed, 0 recycled; write=4.009 s, sync=0.013 s, total=4.031 s; sync files=28, longest=0.003 s, average=0.001 s; distance=1023 kB, estimate=1546 kB; lsn=1/2E290CF0, redo lsn=1/2E285258"}
{"ts": "2026-08-15T17:48:32.983668435Z", "container": "prefect-postgres", "msg": "2026-08-15 17:48:32.983 UTC [27] LOG:  checkpoint starting: time"}
{"ts": "2026-08-15T17:48:36.422589616Z", "container": "prefect-postgres", "msg": "2026-08-15 17:48:36.422 UTC [27] LOG:  checkpoint complete: wrote 28 buffers (0.2%); 0 WAL file(s) added, 0 removed, 0 recycled; write=3.413 s, sync=0.015 s, total=3.439 s; sync files=26, longest=0.004 s, average=0.001 s; distance=986 kB, estimate=1490 kB; lsn=1/2E382378, redo lsn=1/2E37BE10"}
{"ts": "2026-08-15T17:53:32.522757937Z", "container": "prefect-postgres", "msg": "2026-08-15 17:53:32.522 UTC [27] LOG:  checkpoint starting: time"}
{"ts": "2026-08-15T17:53:37.754180381Z", "container": "prefect-postgres", "msg": "2026-08-15 17:53:37.754 UTC [27] LOG:  checkpoint complete: wrote 50 buffers (0.3%); 0 WAL file(s) added, 0 removed, 0 recycled; write=5.212 s, sync=0.009 s, total=5.232 s; sync files=28, longest=0.003 s, average=0.001 s; distance=992 kB, estimate=1440 kB; lsn=1/2E47A2F8, redo lsn=1/2E473E60"}
{"ts": "2026-08-15T17:58:32.851502849Z", "container": "prefect-postgres", "msg": "2026-08-15 17:58:32.851 UTC [27] LOG:  checkpoint starting: time"}
{"ts": "2026-08-15T17:58:37.790063522Z", "container": "prefect-postgres", "msg": "2026-08-15 17:58:37.789 UTC [27] LOG:  checkpoint complete: wrote 47 buffers (0.3%); 0 WAL file(s) added, 0 removed, 0 recycled; write=4.918 s, sync=0.011 s, total=4.939 s; sync files=28, longest=0.003 s, average=0.001 s; distance=996 kB, estimate=1396 kB; lsn=1/2E572988, redo lsn=1/2E56CF70"}
{"ts": "2026-08-15T18:03:32.890205846Z", "container": "prefect-postgres", "msg": "2026-08-15 18:03:32.890 UTC [27] LOG:  checkpoint starting: time"}
{"ts": "2026-08-15T18:03:37.126722041Z", "container": "prefect-postgres", "msg": "2026-08-15 18:03:37.126 UTC [27] LOG:  checkpoint complete: wrote 38 buffers (0.2%); 0 WAL file(s) added, 0 removed, 0 recycled; write=4.209 s, sync=0.015 s, total=4.237 s; sync files=29, longest=0.003 s, average=0.001 s; distance=995 kB, estimate=1355 kB; lsn=1/2E66B658, redo lsn=1/2E665BD0"}
{"ts": "2026-08-15T18:08:32.223443844Z", "container": "prefect-postgres", "msg": "2026-08-15 18:08:32.223 UTC [27] LOG:  checkpoint starting: time"}
{"ts": "2026-08-15T18:08:34.853802539Z", "container": "prefect-postgres", "msg": "2026-08-15 18:08:34.853 UTC [27] LOG:  checkpoint complete: wrote 25 buffers (0.2%); 0 WAL file(s) added, 0 removed, 0 recycled; write=2.607 s, sync=0.013 s, total=2.631 s; sync files=28, longest=0.004 s, average=0.001 s; distance=982 kB, estimate=1318 kB; lsn=1/2E767858, redo lsn=1/2E75B3D8"}
{"ts": "2026-08-15T18:13:32.951451127Z", "container": "prefect-postgres", "msg": "2026-08-15 18:13:32.951 UTC [27] LOG:  checkpoint starting: time"}
{"ts": "2026-08-15T18:13:36.988986770Z", "container": "prefect-postgres", "msg": "2026-08-15 18:13:36.988 UTC [27] LOG:  checkpoint complete: wrote 29 buffers (0.2%); 0 WAL file(s) added, 0 removed, 0 recycled; write=4.008 s, sync=0.019 s, total=4.038 s; sync files=28, longest=0.004 s, average=0.001 s; distance=987 kB, estimate=1285 kB; lsn=1/2E860370, redo lsn=1/2E8521B8"}
{"ts": "2026-08-15T18:18:33.088678390Z", "container": "prefect-postgres", "msg": "2026-08-15 18:18:33.088 UTC [27] LOG:  checkpoint starting: time"}
{"ts": "2026-08-15T18:18:36.324713179Z", "container": "prefect-postgres", "msg": "2026-08-15 18:18:36.324 UTC [27] LOG:  checkpoint complete: wrote 30 buffers (0.2%); 0 WAL file(s) added, 0 removed, 0 recycled; write=3.215 s, sync=0.009 s, total=3.237 s; sync files=27, longest=0.003 s, average=0.001 s; distance=1008 kB, estimate=1257 kB; lsn=1/2E9522E0, redo lsn=1/2E94E218"}
{"ts": "2026-08-15T18:23:33.424809026Z", "container": "prefect-postgres", "msg": "2026-08-15 18:23:33.424 UTC [27] LOG:  checkpoint starting: time"}
{"ts": "2026-08-15T18:23:37.766814103Z", "container": "prefect-postgres", "msg": "2026-08-15 18:23:37.766 UTC [27] LOG:  checkpoint complete: wrote 40 buffers (0.2%); 0 WAL file(s) added, 0 removed, 0 recycled; write=4.311 s, sync=0.022 s, total=4.343 s; sync files=28, longest=0.004 s, average=0.001 s; distance=981 kB, estimate=1230 kB; lsn=1/2EA4FD68, redo lsn=1/2EA43920"}
{"ts": "2026-08-15T18:28:33.863472873Z", "container": "prefect-postgres", "msg": "2026-08-15 18:28:33.863 UTC [27] LOG:  checkpoint starting: time"}
{"ts": "2026-08-15T18:28:37.797804951Z", "container": "prefect-postgres", "msg": "2026-08-15 18:28:37.797 UTC [27] LOG:  checkpoint complete: wrote 40 buffers (0.2%); 0 WAL file(s) added, 0 removed, 0 recycled; write=3.910 s, sync=0.014 s, total=3.935 s; sync files=34, longest=0.003 s, average=0.001 s; distance=1051 kB, estimate=1212 kB; lsn=1/2EB534B8, redo lsn=1/2EB4A5B0"}
{"ts": "2026-08-15T18:33:33.895918080Z", "container": "prefect-postgres", "msg": "2026-08-15 18:33:33.895 UTC [27] LOG:  checkpoint starting: time"}
{"ts": "2026-08-15T18:33:36.025034262Z", "container": "prefect-postgres", "msg": "2026-08-15 18:33:36.024 UTC [27] LOG:  checkpoint complete: wrote 22 buffers (0.1%); 0 WAL file(s) added, 0 removed, 0 recycled; write=2.108 s, sync=0.011 s, total=2.130 s; sync files=29, longest=0.003 s, average=0.001 s; distance=1007 kB, estimate=1191 kB; lsn=1/2EC4BDC0, redo lsn=1/2EC46460"}
{"ts": "2026-08-15T18:38:33.123417332Z", "container": "prefect-postgres", "msg": "2026-08-15 18:38:33.123 UTC [27] LOG:  checkpoint starting: time"}
{"ts": "2026-08-15T18:38:38.960178840Z", "container": "prefect-postgres", "msg": "2026-08-15 18:38:38.960 UTC [27] LOG:  checkpoint complete: wrote 58 buffers (0.4%); 0 WAL file(s) added, 0 removed, 0 recycled; write=5.812 s, sync=0.015 s, total=5.837 s; sync files=28, longest=0.003 s, average=0.001 s; distance=1020 kB, estimate=1174 kB; lsn=1/2ED4C4C8, redo lsn=1/2ED45538"}
{"ts": "2026-08-15T18:43:34.059467994Z", "container": "prefect-postgres", "msg": "2026-08-15 18:43:34.059 UTC [27] LOG:  checkpoint starting: time"}
{"ts": "2026-08-15T18:43:38.305165394Z", "container": "prefect-postgres", "msg": "2026-08-15 18:43:38.305 UTC [27] LOG:  checkpoint complete: wrote 43 buffers (0.3%); 0 WAL file(s) added, 0 removed, 0 recycled; write=4.218 s, sync=0.016 s, total=4.246 s; sync files=28, longest=0.003 s, average=0.001 s; distance=1025 kB, estimate=1159 kB; lsn=1/2EE4B348, redo lsn=1/2EE459B8"}
{"ts": "2026-08-15T18:48:34.404386265Z", "container": "prefect-postgres", "msg": "2026-08-15 18:48:34.404 UTC [27] LOG:  checkpoint starting: time"}
{"ts": "2026-08-15T18:48:38.139948107Z", "container": "prefect-postgres", "msg": "2026-08-15 18:48:38.139 UTC [27] LOG:  checkpoint complete: wrote 34 buffers (0.2%); 0 WAL file(s) added, 0 removed, 0 recycled; write=3.712 s, sync=0.014 s, total=3.736 s; sync files=27, longest=0.003 s, average=0.001 s; distance=1002 kB, estimate=1143 kB; lsn=1/2EF43E38, redo lsn=1/2EF404C8"}
{"ts": "2026-08-15T18:53:34.240080106Z", "container": "prefect-postgres", "msg": "2026-08-15 18:53:34.239 UTC [27] LOG:  checkpoint starting: time"}
{"ts": "2026-08-15T18:53:37.966519318Z", "container": "prefect-postgres", "msg": "2026-08-15 18:53:37.966 UTC [27] LOG:  checkpoint complete: wrote 32 buffers (0.2%); 0 WAL file(s) added, 0 removed, 1 recycled; write=3.711 s, sync=0.005 s, total=3.727 s; sync files=28, longest=0.002 s, average=0.001 s; distance=1047 kB, estimate=1134 kB; lsn=1/2F04FBB0, redo lsn=1/2F046318"}
{"ts": "2026-08-15T18:58:35.063495058Z", "container": "prefect-postgres", "msg": "2026-08-15 18:58:35.063 UTC [27] LOG:  checkpoint starting: time"}
{"ts": "2026-08-15T18:58:39.202803863Z", "container": "prefect-postgres", "msg": "2026-08-15 18:58:39.202 UTC [27] LOG:  checkpoint complete: wrote 40 buffers (0.2%); 0 WAL file(s) added, 0 removed, 0 recycled; write=4.113 s, sync=0.014 s, total=4.140 s; sync files=29, longest=0.003 s, average=0.001 s; distance=1016 kB, estimate=1122 kB; lsn=1/2F14C290, redo lsn=1/2F144538"}
{"ts": "2026-08-15T19:03:35.299444738Z", "container": "prefect-postgres", "msg": "2026-08-15 19:03:35.299 UTC [27] LOG:  checkpoint starting: time"}
{"ts": "2026-08-15T19:03:38.040562869Z", "container": "prefect-postgres", "msg": "2026-08-15 19:03:38.040 UTC [27] LOG:  checkpoint complete: wrote 20 buffers (0.1%); 0 WAL file(s) added, 0 removed, 0 recycled; write=2.715 s, sync=0.014 s, total=2.742 s; sync files=27, longest=0.004 s, average=0.001 s; distance=1034 kB, estimate=1113 kB; lsn=1/2F254718, redo lsn=1/2F246DE0"}
{"ts": "2026-08-15T19:08:35.139432677Z", "container": "prefect-postgres", "msg": "2026-08-15 19:08:35.139 UTC [27] LOG:  checkpoint starting: time"}
{"ts": "2026-08-15T19:08:40.575114760Z", "container": "prefect-postgres", "msg": "2026-08-15 19:08:40.575 UTC [27] LOG:  checkpoint complete: wrote 54 buffers (0.3%); 0 WAL file(s) added, 0 removed, 0 recycled; write=5.414 s, sync=0.012 s, total=5.436 s; sync files=28, longest=0.003 s, average=0.001 s; distance=1028 kB, estimate=1105 kB; lsn=1/2F34B678, redo lsn=1/2F347FD8"}
{"ts": "2026-08-15T19:13:35.630279508Z", "container": "prefect-postgres", "msg": "2026-08-15 19:13:35.630 UTC [27] LOG:  checkpoint starting: time"}
{"ts": "2026-08-15T19:13:40.270357689Z", "container": "prefect-postgres", "msg": "2026-08-15 19:13:40.270 UTC [27] LOG:  checkpoint complete: wrote 42 buffers (0.3%); 0 WAL file(s) added, 0 removed, 0 recycled; write=4.609 s, sync=0.021 s, total=4.641 s; sync files=28, longest=0.004 s, average=0.001 s; distance=977 kB, estimate=1092 kB; lsn=1/2F44A220, redo lsn=1/2F43C6B0"}
{"ts": "2026-08-15T19:18:35.336000693Z", "container": "prefect-postgres", "msg": "2026-08-15 19:18:35.335 UTC [27] LOG:  checkpoint starting: time"}
{"ts": "2026-08-15T19:18:38.968511083Z", "container": "prefect-postgres", "msg": "2026-08-15 19:18:38.968 UTC [27] LOG:  checkpoint complete: wrote 35 buffers (0.2%); 0 WAL file(s) added, 0 removed, 0 recycled; write=3.609 s, sync=0.014 s, total=3.633 s; sync files=28, longest=0.003 s, average=0.001 s; distance=960 kB, estimate=1079 kB; lsn=1/2F532700, redo lsn=1/2F52CA00"}
{"ts": "2026-08-15T19:23:36.067465582Z", "container": "prefect-postgres", "msg": "2026-08-15 19:23:36.067 UTC [27] LOG:  checkpoint starting: time"}
{"ts": "2026-08-15T19:23:40.608814951Z", "container": "prefect-postgres", "msg": "2026-08-15 19:23:40.608 UTC [27] LOG:  checkpoint complete: wrote 45 buffers (0.3%); 0 WAL file(s) added, 0 removed, 0 recycled; write=4.515 s, sync=0.014 s, total=4.542 s; sync files=28, longest=0.004 s, average=0.001 s; distance=1032 kB, estimate=1074 kB; lsn=1/2F6353D8, redo lsn=1/2F62EB80"}
{"ts": "2026-08-15T19:28:36.708940728Z", "container": "prefect-postgres", "msg": "2026-08-15 19:28:36.708 UTC [27] LOG:  checkpoint starting: time"}
{"ts": "2026-08-15T19:28:40.245088898Z", "container": "prefect-postgres", "msg": "2026-08-15 19:28:40.244 UTC [27] LOG:  checkpoint complete: wrote 33 buffers (0.2%); 0 WAL file(s) added, 0 removed, 0 recycled; write=3.510 s, sync=0.013 s, total=3.537 s; sync files=29, longest=0.003 s, average=0.001 s; distance=1044 kB, estimate=1071 kB; lsn=1/2F738D60, redo lsn=1/2F733C28"}
{"ts": "2026-08-15T19:33:36.343728302Z", "container": "prefect-postgres", "msg": "2026-08-15 19:33:36.343 UTC [27] LOG:  checkpoint starting: time"}
{"ts": "2026-08-15T19:33:38.478774383Z", "container": "prefect-postgres", "msg": "2026-08-15 19:33:38.478 UTC [27] LOG:  checkpoint complete: wrote 21 buffers (0.1%); 0 WAL file(s) added, 0 removed, 0 recycled; write=2.112 s, sync=0.013 s, total=2.136 s; sync files=27, longest=0.003 s, average=0.001 s; distance=998 kB, estimate=1064 kB; lsn=1/2F832AF8, redo lsn=1/2F82D630"}
{"ts": "2026-08-15T19:38:36.578934744Z", "container": "prefect-postgres", "msg": "2026-08-15 19:38:36.578 UTC [27] LOG:  checkpoint starting: time"}
{"ts": "2026-08-15T19:38:39.613089903Z", "container": "prefect-postgres", "msg": "2026-08-15 19:38:39.612 UTC [27] LOG:  checkpoint complete: wrote 31 buffers (0.2%); 0 WAL file(s) added, 0 removed, 0 recycled; write=3.008 s, sync=0.017 s, total=3.035 s; sync files=28, longest=0.003 s, average=0.001 s; distance=1010 kB, estimate=1058 kB; lsn=1/2F9341B0, redo lsn=1/2F92A120"}
{"ts": "2026-08-15T19:43:36.711432115Z", "container": "prefect-postgres", "msg": "2026-08-15 19:43:36.711 UTC [27] LOG:  checkpoint starting: time"}
{"ts": "2026-08-15T19:43:39.244282852Z", "container": "prefect-postgres", "msg": "2026-08-15 19:43:39.244 UTC [27] LOG:  checkpoint complete: wrote 26 buffers (0.2%); 0 WAL file(s) added, 0 removed, 0 recycled; write=2.516 s, sync=0.006 s, total=2.533 s; sync files=28, longest=0.003 s, average=0.001 s; distance=1017 kB, estimate=1054 kB; lsn=1/2FA31030, redo lsn=1/2FA28688"}
{"ts": "2026-08-15T19:48:36.332397705Z", "container": "prefect-postgres", "msg": "2026-08-15 19:48:36.332 UTC [27] LOG:  checkpoint starting: time"}
{"ts": "2026-08-15T19:48:40.563070441Z", "container": "prefect-postgres", "msg": "2026-08-15 19:48:40.562 UTC [27] LOG:  checkpoint complete: wrote 43 buffers (0.3%); 0 WAL file(s) added, 0 removed, 0 recycled; write=4.214 s, sync=0.006 s, total=4.231 s; sync files=28, longest=0.004 s, average=0.001 s; distance=1008 kB, estimate=1050 kB; lsn=1/2FB2DF78, redo lsn=1/2FB249D8"}
{"ts": "2026-08-15T19:53:36.663201423Z", "container": "prefect-postgres", "msg": "2026-08-15 19:53:36.663 UTC [27] LOG:  checkpoint starting: time"}
{"ts": "2026-08-15T19:53:39.702002975Z", "container": "prefect-postgres", "msg": "2026-08-15 19:53:39.701 UTC [27] LOG:  checkpoint complete: wrote 30 buffers (0.2%); 0 WAL file(s) added, 0 removed, 0 recycled; write=3.015 s, sync=0.012 s, total=3.039 s; sync files=29, longest=0.003 s, average=0.001 s; distance=1018 kB, estimate=1047 kB; lsn=1/2FC29ED8, redo lsn=1/2FC23578"}
{"ts": "2026-08-15T19:58:36.800191449Z", "container": "prefect-postgres", "msg": "2026-08-15 19:58:36.800 UTC [27] LOG:  checkpoint starting: time"}
{"ts": "2026-08-15T19:58:40.842026218Z", "container": "prefect-postgres", "msg": "2026-08-15 19:58:40.841 UTC [27] LOG:  checkpoint complete: wrote 37 buffers (0.2%); 0 WAL file(s) added, 0 removed, 0 recycled; write=4.011 s, sync=0.019 s, total=4.042 s; sync files=28, longest=0.003 s, average=0.001 s; distance=955 kB, estimate=1037 kB; lsn=1/2FD1C128, redo lsn=1/2FD12188"}
{"ts": "2026-08-15T20:03:36.939500515Z", "container": "prefect-postgres", "msg": "2026-08-15 20:03:36.939 UTC [27] LOG:  checkpoint starting: time"}
{"ts": "2026-08-15T20:03:40.684905017Z", "container": "prefect-postgres", "msg": "2026-08-15 20:03:40.684 UTC [27] LOG:  checkpoint complete: wrote 36 buffers (0.2%); 0 WAL file(s) added, 0 removed, 1 recycled; write=3.714 s, sync=0.017 s, total=3.746 s; sync files=140, longest=0.003 s, average=0.001 s; distance=3125 kB, estimate=3125 kB; lsn=1/3002D820, redo lsn=1/3001F778"}
{"ts": "2026-08-15T20:08:36.783497009Z", "container": "prefect-postgres", "msg": "2026-08-15 20:08:36.783 UTC [27] LOG:  checkpoint starting: time"}
{"ts": "2026-08-15T20:08:39.323000701Z", "container": "prefect-postgres", "msg": "2026-08-15 20:08:39.322 UTC [27] LOG:  checkpoint complete: wrote 26 buffers (0.2%); 0 WAL file(s) added, 0 removed, 0 recycled; write=2.514 s, sync=0.014 s, total=2.540 s; sync files=28, longest=0.003 s, average=0.001 s; distance=1000 kB, estimate=2912 kB; lsn=1/3011E0F0, redo lsn=1/30119968"}
{"ts": "2026-08-15T20:13:36.419489399Z", "container": "prefect-postgres", "msg": "2026-08-15 20:13:36.419 UTC [27] LOG:  checkpoint starting: time"}
{"ts": "2026-08-15T20:13:38.163919919Z", "container": "prefect-postgres", "msg": "2026-08-15 20:13:38.163 UTC [27] LOG:  checkpoint complete: wrote 16 buffers (0.1%); 0 WAL file(s) added, 0 removed, 0 recycled; write=1.712 s, sync=0.022 s, total=1.745 s; sync files=28, longest=0.004 s, average=0.001 s; distance=998 kB, estimate=2721 kB; lsn=1/30216D90, redo lsn=1/30213210"}
{"ts": "2026-08-15T20:18:36.263522100Z", "container": "prefect-postgres", "msg": "2026-08-15 20:18:36.263 UTC [27] LOG:  checkpoint starting: time"}
{"ts": "2026-08-15T20:18:41.102491853Z", "container": "prefect-postgres", "msg": "2026-08-15 20:18:41.102 UTC [27] LOG:  checkpoint complete: wrote 35 buffers (0.2%); 0 WAL file(s) added, 0 removed, 0 recycled; write=4.814 s, sync=0.013 s, total=4.840 s; sync files=150, longest=0.004 s, average=0.001 s; distance=3366 kB, estimate=3366 kB; lsn=1/30563D98, redo lsn=1/3055CB80"}
{"ts": "2026-08-15T20:23:36.200054787Z", "container": "prefect-postgres", "msg": "2026-08-15 20:23:36.199 UTC [27] LOG:  checkpoint starting: time"}
{"ts": "2026-08-15T20:23:39.437245064Z", "container": "prefect-postgres", "msg": "2026-08-15 20:23:39.437 UTC [27] LOG:  checkpoint complete: wrote 34 buffers (0.2%); 0 WAL file(s) added, 0 removed, 0 recycled; write=3.211 s, sync=0.015 s, total=3.238 s; sync files=29, longest=0.003 s, average=0.001 s; distance=1011 kB, estimate=3130 kB; lsn=1/3065D688, redo lsn=1/30659830"}
{"ts": "2026-08-15T20:28:36.535482139Z", "container": "prefect-postgres", "msg": "2026-08-15 20:28:36.535 UTC [27] LOG:  checkpoint starting: time"}
{"ts": "2026-08-15T20:28:44.080314756Z", "container": "prefect-postgres", "msg": "2026-08-15 20:28:44.080 UTC [27] LOG:  checkpoint complete: wrote 63 buffers (0.4%); 0 WAL file(s) added, 0 removed, 0 recycled; write=7.523 s, sync=0.011 s, total=7.545 s; sync files=46, longest=0.003 s, average=0.001 s; distance=1721 kB, estimate=2989 kB; lsn=1/30816390, redo lsn=1/30807CB8"}
{"ts": "2026-08-15T20:33:36.179500271Z", "container": "prefect-postgres", "msg": "2026-08-15 20:33:36.179 UTC [27] LOG:  checkpoint starting: time"}
{"ts": "2026-08-15T20:33:40.515953670Z", "container": "prefect-postgres", "msg": "2026-08-15 20:33:40.515 UTC [27] LOG:  checkpoint complete: wrote 43 buffers (0.3%); 0 WAL file(s) added, 0 removed, 0 recycled; write=4.315 s, sync=0.012 s, total=4.337 s; sync files=138, longest=0.004 s, average=0.001 s; distance=2510 kB, estimate=2941 kB; lsn=1/30A81350, redo lsn=1/30A7B750"}
{"ts": "2026-08-15T20:38:36.615490554Z", "container": "prefect-postgres", "msg": "2026-08-15 20:38:36.615 UTC [27] LOG:  checkpoint starting: time"}
{"ts": "2026-08-15T20:38:40.357039139Z", "container": "prefect-postgres", "msg": "2026-08-15 20:38:40.356 UTC [27] LOG:  checkpoint complete: wrote 32 buffers (0.2%); 0 WAL file(s) added, 0 removed, 0 recycled; write=3.713 s, sync=0.018 s, total=3.742 s; sync files=28, longest=0.003 s, average=0.001 s; distance=983 kB, estimate=2746 kB; lsn=1/30B7D498, redo lsn=1/30B715D0"}
{"ts": "2026-08-15T20:43:36.455483327Z", "container": "prefect-postgres", "msg": "2026-08-15 20:43:36.455 UTC [27] LOG:  checkpoint starting: time"}
{"ts": "2026-08-15T20:43:40.203615632Z", "container": "prefect-postgres", "msg": "2026-08-15 20:43:40.203 UTC [27] LOG:  checkpoint complete: wrote 38 buffers (0.2%); 0 WAL file(s) added, 0 removed, 0 recycled; write=3.716 s, sync=0.019 s, total=3.749 s; sync files=28, longest=0.004 s, average=0.001 s; distance=1014 kB, estimate=2572 kB; lsn=1/30C77F58, redo lsn=1/30C6F108"}
{"ts": "2026-08-15T20:48:36.303544026Z", "container": "prefect-postgres", "msg": "2026-08-15 20:48:36.303 UTC [27] LOG:  checkpoint starting: time"}
{"ts": "2026-08-15T20:48:41.842827887Z", "container": "prefect-postgres", "msg": "2026-08-15 20:48:41.842 UTC [27] LOG:  checkpoint complete: wrote 53 buffers (0.3%); 0 WAL file(s) added, 0 removed, 0 recycled; write=5.514 s, sync=0.015 s, total=5.540 s; sync files=131, longest=0.003 s, average=0.001 s; distance=2509 kB, estimate=2566 kB; lsn=1/30EEF180, redo lsn=1/30EE26E8"}
{"ts": "2026-08-15T20:53:36.939446293Z", "container": "prefect-postgres", "msg": "2026-08-15 20:53:36.939 UTC [27] LOG:  checkpoint starting: time"}
{"ts": "2026-08-15T20:53:41.075720418Z", "container": "prefect-postgres", "msg": "2026-08-15 20:53:41.075 UTC [27] LOG:  checkpoint complete: wrote 33 buffers (0.2%); 0 WAL file(s) added, 0 removed, 0 recycled; write=4.111 s, sync=0.014 s, total=4.137 s; sync files=29, longest=0.003 s, average=0.001 s; distance=1030 kB, estimate=2413 kB; lsn=1/30FE9910, redo lsn=1/30FE40E8"}
{"ts": "2026-08-15T20:58:36.175448915Z", "container": "prefect-postgres", "msg": "2026-08-15 20:58:36.175 UTC [27] LOG:  checkpoint starting: time"}
{"ts": "2026-08-15T20:58:42.015686155Z", "container": "prefect-postgres", "msg": "2026-08-15 20:58:42.015 UTC [27] LOG:  checkpoint complete: wrote 53 buffers (0.3%); 0 WAL file(s) added, 0 removed, 1 recycled; write=5.812 s, sync=0.015 s, total=5.841 s; sync files=29, longest=0.003 s, average=0.001 s; distance=977 kB, estimate=2269 kB; lsn=1/310E2718, redo lsn=1/310D8748"}
{"ts": "2026-08-15T21:03:36.115439271Z", "container": "prefect-postgres", "msg": "2026-08-15 21:03:36.115 UTC [27] LOG:  checkpoint starting: time"}
{"ts": "2026-08-15T21:03:40.951551778Z", "container": "prefect-postgres", "msg": "2026-08-15 21:03:40.951 UTC [27] LOG:  checkpoint complete: wrote 42 buffers (0.3%); 0 WAL file(s) added, 0 removed, 0 recycled; write=4.811 s, sync=0.015 s, total=4.837 s; sync files=27, longest=0.003 s, average=0.001 s; distance=1006 kB, estimate=2143 kB; lsn=1/311D8DF8, redo lsn=1/311D4050"}
{"ts": "2026-08-15T21:08:37.051491191Z", "container": "prefect-postgres", "msg": "2026-08-15 21:08:37.051 UTC [27] LOG:  checkpoint starting: time"}
{"ts": "2026-08-15T21:08:39.891021190Z", "container": "prefect-postgres", "msg": "2026-08-15 21:08:39.890 UTC [27] LOG:  checkpoint complete: wrote 25 buffers (0.2%); 0 WAL file(s) added, 0 removed, 0 recycled; write=2.812 s, sync=0.015 s, total=2.840 s; sync files=28, longest=0.003 s, average=0.001 s; distance=1037 kB, estimate=2032 kB; lsn=1/312DB650, redo lsn=1/312D7730"}
{"ts": "2026-08-15T21:13:37.987542207Z", "container": "prefect-postgres", "msg": "2026-08-15 21:13:37.987 UTC [27] LOG:  checkpoint starting: time"}
{"ts": "2026-08-15T21:13:42.321285808Z", "container": "prefect-postgres", "msg": "2026-08-15 21:13:42.321 UTC [27] LOG:  checkpoint complete: wrote 44 buffers (0.3%); 0 WAL file(s) added, 0 removed, 0 recycled; write=4.314 s, sync=0.010 s, total=4.334 s; sync files=28, longest=0.004 s, average=0.001 s; distance=1028 kB, estimate=1932 kB; lsn=1/313E58E0, redo lsn=1/313D8B28"}
{"ts": "2026-08-15T21:18:37.419533879Z", "container": "prefect-postgres", "msg": "2026-08-15 21:18:37.419 UTC [27] LOG:  checkpoint starting: time"}
{"ts": "2026-08-15T21:18:41.251627922Z", "container": "prefect-postgres", "msg": "2026-08-15 21:18:41.251 UTC [27] LOG:  checkpoint complete: wrote 39 buffers (0.2%); 0 WAL file(s) added, 0 removed, 0 recycled; write=3.808 s, sync=0.010 s, total=3.833 s; sync files=28, longest=0.002 s, average=0.001 s; distance=1024 kB, estimate=1841 kB; lsn=1/314DE5F8, redo lsn=1/314D8C40"}
{"ts": "2026-08-15T21:23:37.331304854Z", "container": "prefect-postgres", "msg": "2026-08-15 21:23:37.331 UTC [27] LOG:  checkpoint starting: time"}
{"ts": "2026-08-15T21:23:41.061310392Z", "container": "prefect-postgres", "msg": "2026-08-15 21:23:41.061 UTC [27] LOG:  checkpoint complete: wrote 37 buffers (0.2%); 0 WAL file(s) added, 0 removed, 0 recycled; write=3.716 s, sync=0.004 s, total=3.731 s; sync files=28, longest=0.003 s, average=0.001 s; distance=965 kB, estimate=1753 kB; lsn=1/315CE578, redo lsn=1/315CA3A8"}
{"ts": "2026-08-15T21:28:37.159509130Z", "container": "prefect-postgres", "msg": "2026-08-15 21:28:37.159 UTC [27] LOG:  checkpoint starting: time"}
{"ts": "2026-08-15T21:28:42.500362212Z", "container": "prefect-postgres", "msg": "2026-08-15 21:28:42.500 UTC [27] LOG:  checkpoint complete: wrote 48 buffers (0.3%); 0 WAL file(s) added, 0 removed, 0 recycled; write=5.313 s, sync=0.018 s, total=5.341 s; sync files=38, longest=0.003 s, average=0.001 s; distance=1100 kB, estimate=1688 kB; lsn=1/316E4BA8, redo lsn=1/316DD3D0"}
{"ts": "2026-08-15T21:33:37.599466998Z", "container": "prefect-postgres", "msg": "2026-08-15 21:33:37.599 UTC [27] LOG:  checkpoint starting: time"}
{"ts": "2026-08-15T21:33:41.231213766Z", "container": "prefect-postgres", "msg": "2026-08-15 21:33:41.231 UTC [27] LOG:  checkpoint complete: wrote 37 buffers (0.2%); 0 WAL file(s) added, 0 removed, 0 recycled; write=3.611 s, sync=0.011 s, total=3.632 s; sync files=27, longest=0.003 s, average=0.001 s; distance=999 kB, estimate=1619 kB; lsn=1/317DBBB0, redo lsn=1/317D71D0"}
{"ts": "2026-08-15T21:38:37.327485600Z", "container": "prefect-postgres", "msg": "2026-08-15 21:38:37.327 UTC [27] LOG:  checkpoint starting: time"}
{"ts": "2026-08-15T21:38:40.353050176Z", "container": "prefect-postgres", "msg": "2026-08-15 21:38:40.352 UTC [27] LOG:  checkpoint complete: wrote 31 buffers (0.2%); 0 WAL file(s) added, 0 removed, 0 recycled; write=3.009 s, sync=0.006 s, total=3.026 s; sync files=28, longest=0.003 s, average=0.001 s; distance=1042 kB, estimate=1561 kB; lsn=1/318E44D8, redo lsn=1/318DBD20"}
{"ts": "2026-08-15T21:43:37.451482461Z", "container": "prefect-postgres", "msg": "2026-08-15 21:43:37.451 UTC [27] LOG:  checkpoint starting: time"}
{"ts": "2026-08-15T21:43:41.183177006Z", "container": "prefect-postgres", "msg": "2026-08-15 21:43:41.183 UTC [27] LOG:  checkpoint complete: wrote 37 buffers (0.2%); 0 WAL file(s) added, 0 removed, 0 recycled; write=3.711 s, sync=0.011 s, total=3.732 s; sync files=28, longest=0.003 s, average=0.001 s; distance=1023 kB, estimate=1508 kB; lsn=1/319E26C0, redo lsn=1/319DBAB8"}
{"ts": "2026-08-15T21:48:37.275115299Z", "container": "prefect-postgres", "msg": "2026-08-15 21:48:37.274 UTC [27] LOG:  checkpoint starting: time"}
{"ts": "2026-08-15T21:48:40.704295007Z", "container": "prefect-postgres", "msg": "2026-08-15 21:48:40.704 UTC [27] LOG:  checkpoint complete: wrote 35 buffers (0.2%); 0 WAL file(s) added, 0 removed, 0 recycled; write=3.411 s, sync=0.008 s, total=3.430 s; sync files=28, longest=0.003 s, average=0.001 s; distance=1025 kB, estimate=1459 kB; lsn=1/31AE1350, redo lsn=1/31ADC0C8"}
{"ts": "2026-08-15T21:53:37.743483595Z", "container": "prefect-postgres", "msg": "2026-08-15 21:53:37.743 UTC [27] LOG:  checkpoint starting: time"}
{"ts": "2026-08-15T21:53:42.671247680Z", "container": "prefect-postgres", "msg": "2026-08-15 21:53:42.671 UTC [27] LOG:  checkpoint complete: wrote 50 buffers (0.3%); 0 WAL file(s) added, 0 removed, 0 recycled; write=4.910 s, sync=0.008 s, total=4.928 s; sync files=28, longest=0.004 s, average=0.001 s; distance=983 kB, estimate=1412 kB; lsn=1/31BDA368, redo lsn=1/31BD1E80"}
{"ts": "2026-08-15T21:58:37.771345805Z", "container": "prefect-postgres", "msg": "2026-08-15 21:58:37.771 UTC [27] LOG:  checkpoint starting: time"}
{"ts": "2026-08-15T21:58:42.106026822Z", "container": "prefect-postgres", "msg": "2026-08-15 21:58:42.105 UTC [27] LOG:  checkpoint complete: wrote 42 buffers (0.3%); 0 WAL file(s) added, 0 removed, 0 recycled; write=4.310 s, sync=0.012 s, total=4.335 s; sync files=28, longest=0.004 s, average=0.001 s; distance=1026 kB, estimate=1373 kB; lsn=1/31CD8CC8, redo lsn=1/31CD2A48"}
{"ts": "2026-08-15T22:03:37.203488794Z", "container": "prefect-postgres", "msg": "2026-08-15 22:03:37.203 UTC [27] LOG:  checkpoint starting: time"}
{"ts": "2026-08-15T22:03:40.134864383Z", "container": "prefect-postgres", "msg": "2026-08-15 22:03:40.134 UTC [27] LOG:  checkpoint complete: wrote 29 buffers (0.2%); 0 WAL file(s) added, 0 removed, 0 recycled; write=2.908 s, sync=0.013 s, total=2.932 s; sync files=28, longest=0.003 s, average=0.001 s; distance=1017 kB, estimate=1338 kB; lsn=1/31DD3D98, redo lsn=1/31DD1028"}
{"ts": "2026-08-15T22:08:37.233757538Z", "container": "prefect-postgres", "msg": "2026-08-15 22:08:37.233 UTC [27] LOG:  checkpoint starting: time"}
{"ts": "2026-08-15T22:08:40.868780214Z", "container": "prefect-postgres", "msg": "2026-08-15 22:08:40.868 UTC [27] LOG:  checkpoint complete: wrote 37 buffers (0.2%); 0 WAL file(s) added, 0 removed, 0 recycled; write=3.612 s, sync=0.010 s, total=3.635 s; sync files=28, longest=0.003 s, average=0.001 s; distance=984 kB, estimate=1302 kB; lsn=1/31ECCB18, redo lsn=1/31EC72E0"}
{"ts": "2026-08-15T22:13:37.967470507Z", "container": "prefect-postgres", "msg": "2026-08-15 22:13:37.967 UTC [27] LOG:  checkpoint starting: time"}
{"ts": "2026-08-15T22:13:40.902784264Z", "container": "prefect-postgres", "msg": "2026-08-15 22:13:40.902 UTC [27] LOG:  checkpoint complete: wrote 30 buffers (0.2%); 0 WAL file(s) added, 0 removed, 0 recycled; write=2.909 s, sync=0.016 s, total=2.936 s; sync files=28, longest=0.003 s, average=0.001 s; distance=1007 kB, estimate=1273 kB; lsn=1/31FC89E8, redo lsn=1/31FC3200"}
{"ts": "2026-08-15T22:18:37.999490632Z", "container": "prefect-postgres", "msg": "2026-08-15 22:18:37.999 UTC [27] LOG:  checkpoint starting: time"}
{"ts": "2026-08-15T22:18:42.143906716Z", "container": "prefect-postgres", "msg": "2026-08-15 22:18:42.143 UTC [27] LOG:  checkpoint complete: wrote 31 buffers (0.2%); 0 WAL file(s) added, 0 removed, 1 recycled; write=4.113 s, sync=0.018 s, total=4.145 s; sync files=28, longest=0.004 s, average=0.001 s; distance=997 kB, estimate=1245 kB; lsn=1/320CB5A0, redo lsn=1/320BC9A0"}
{"ts": "2026-08-15T22:23:37.243440596Z", "container": "prefect-postgres", "msg": "2026-08-15 22:23:37.243 UTC [27] LOG:  checkpoint starting: time"}
{"ts": "2026-08-15T22:23:41.981775760Z", "container": "prefect-postgres", "msg": "2026-08-15 22:23:41.981 UTC [27] LOG:  checkpoint complete: wrote 42 buffers (0.3%); 0 WAL file(s) added, 0 removed, 0 recycled; write=4.711 s, sync=0.015 s, total=4.739 s; sync files=28, longest=0.004 s, average=0.001 s; distance=1073 kB, estimate=1228 kB; lsn=1/321CEF90, redo lsn=1/321C9070"}
{"ts": "2026-08-15T22:28:38.079701846Z", "container": "prefect-postgres", "msg": "2026-08-15 22:28:38.079 UTC [27] LOG:  checkpoint starting: time"}
{"ts": "2026-08-15T22:28:41.922196844Z", "container": "prefect-postgres", "msg": "2026-08-15 22:28:41.922 UTC [27] LOG:  checkpoint complete: wrote 38 buffers (0.2%); 0 WAL file(s) added, 0 removed, 0 recycled; write=3.811 s, sync=0.022 s, total=3.843 s; sync files=34, longest=0.004 s, average=0.001 s; distance=1002 kB, estimate=1205 kB; lsn=1/322CF3D8, redo lsn=1/322C39A0"}
{"ts": "2026-08-15T22:33:39.019423807Z", "container": "prefect-postgres", "msg": "2026-08-15 22:33:39.019 UTC [27] LOG:  checkpoint starting: time"}
{"ts": "2026-08-15T22:33:42.546268140Z", "container": "prefect-postgres", "msg": "2026-08-15 22:33:42.546 UTC [27] LOG:  checkpoint complete: wrote 36 buffers (0.2%); 0 WAL file(s) added, 0 removed, 0 recycled; write=3.510 s, sync=0.006 s, total=3.527 s; sync files=28, longest=0.003 s, average=0.001 s; distance=1018 kB, estimate=1187 kB; lsn=1/323C69A0, redo lsn=1/323C2470"}
{"ts": "2026-08-15T22:38:39.636951780Z", "container": "prefect-postgres", "msg": "2026-08-15 22:38:39.636 UTC [27] LOG:  checkpoint starting: time"}
{"ts": "2026-08-15T22:38:43.470776963Z", "container": "prefect-postgres", "msg": "2026-08-15 22:38:43.470 UTC [27] LOG:  checkpoint complete: wrote 37 buffers (0.2%); 0 WAL file(s) added, 0 removed, 0 recycled; write=3.810 s, sync=0.013 s, total=3.834 s; sync files=28, longest=0.004 s, average=0.001 s; distance=997 kB, estimate=1168 kB; lsn=1/324C62D8, redo lsn=1/324BBAB8"}
{"ts": "2026-08-15T22:43:39.567482916Z", "container": "prefect-postgres", "msg": "2026-08-15 22:43:39.567 UTC [27] LOG:  checkpoint starting: time"}
{"ts": "2026-08-15T22:43:42.301890240Z", "container": "prefect-postgres", "msg": "2026-08-15 22:43:42.301 UTC [27] LOG:  checkpoint complete: wrote 28 buffers (0.2%); 0 WAL file(s) added, 0 removed, 0 recycled; write=2.709 s, sync=0.016 s, total=2.735 s; sync files=28, longest=0.004 s, average=0.001 s; distance=1028 kB, estimate=1154 kB; lsn=1/325C6588, redo lsn=1/325BCE48"}
{"ts": "2026-08-15T22:48:39.402016594Z", "container": "prefect-postgres", "msg": "2026-08-15 22:48:39.401 UTC [27] LOG:  checkpoint starting: time"}
{"ts": "2026-08-15T22:48:43.126525239Z", "container": "prefect-postgres", "msg": "2026-08-15 22:48:43.126 UTC [27] LOG:  checkpoint complete: wrote 37 buffers (0.2%); 0 WAL file(s) added, 0 removed, 0 recycled; write=3.708 s, sync=0.011 s, total=3.725 s; sync files=28, longest=0.003 s, average=0.001 s; distance=983 kB, estimate=1137 kB; lsn=1/326BF4D8, redo lsn=1/326B2B50"}
{"ts": "2026-08-15T22:53:39.223443252Z", "container": "prefect-postgres", "msg": "2026-08-15 22:53:39.223 UTC [27] LOG:  checkpoint starting: time"}
{"ts": "2026-08-15T22:53:41.963583158Z", "container": "prefect-postgres", "msg": "2026-08-15 22:53:41.963 UTC [27] LOG:  checkpoint complete: wrote 27 buffers (0.2%); 0 WAL file(s) added, 0 removed, 0 recycled; write=2.710 s, sync=0.018 s, total=2.741 s; sync files=28, longest=0.003 s, average=0.001 s; distance=1037 kB, estimate=1127 kB; lsn=1/327C1460, redo lsn=1/327B6200"}
{"ts": "2026-08-15T22:58:40.063491321Z", "container": "prefect-postgres", "msg": "2026-08-15 22:58:40.063 UTC [27] LOG:  checkpoint starting: time"}
{"ts": "2026-08-15T22:58:43.506732629Z", "container": "prefect-postgres", "msg": "2026-08-15 22:58:43.506 UTC [27] LOG:  checkpoint complete: wrote 35 buffers (0.2%); 0 WAL file(s) added, 0 removed, 0 recycled; write=3.412 s, sync=0.017 s, total=3.444 s; sync files=28, longest=0.003 s, average=0.001 s; distance=1029 kB, estimate=1117 kB; lsn=1/328BC448, redo lsn=1/328B79F0"}
{"ts": "2026-08-15T23:03:40.603445621Z", "container": "prefect-postgres", "msg": "2026-08-15 23:03:40.603 UTC [27] LOG:  checkpoint starting: time"}
{"ts": "2026-08-15T23:03:43.934714831Z", "container": "prefect-postgres", "msg": "2026-08-15 23:03:43.934 UTC [27] LOG:  checkpoint complete: wrote 34 buffers (0.2%); 0 WAL file(s) added, 0 removed, 0 recycled; write=3.311 s, sync=0.008 s, total=3.332 s; sync files=27, longest=0.003 s, average=0.001 s; distance=995 kB, estimate=1105 kB; lsn=1/329B7E98, redo lsn=1/329B0668"}
{"ts": "2026-08-15T23:08:41.031479922Z", "container": "prefect-postgres", "msg": "2026-08-15 23:08:41.031 UTC [27] LOG:  checkpoint starting: time"}
{"ts": "2026-08-15T23:08:43.764340525Z", "container": "prefect-postgres", "msg": "2026-08-15 23:08:43.764 UTC [27] LOG:  checkpoint complete: wrote 28 buffers (0.2%); 0 WAL file(s) added, 0 removed, 0 recycled; write=2.714 s, sync=0.009 s, total=2.733 s; sync files=28, longest=0.003 s, average=0.001 s; distance=1004 kB, estimate=1095 kB; lsn=1/32AB3258, redo lsn=1/32AAB790"}
{"ts": "2026-08-15T23:13:41.863838165Z", "container": "prefect-postgres", "msg": "2026-08-15 23:13:41.863 UTC [27] LOG:  checkpoint starting: time"}
{"ts": "2026-08-15T23:13:45.804678274Z", "container": "prefect-postgres", "msg": "2026-08-15 23:13:45.804 UTC [27] LOG:  checkpoint complete: wrote 38 buffers (0.2%); 0 WAL file(s) added, 0 removed, 0 recycled; write=3.910 s, sync=0.018 s, total=3.941 s; sync files=30, longest=0.004 s, average=0.001 s; distance=1021 kB, estimate=1087 kB; lsn=1/32BB4698, redo lsn=1/32BAAC50"}
{"ts": "2026-08-15T23:18:41.903444811Z", "container": "prefect-postgres", "msg": "2026-08-15 23:18:41.903 UTC [27] LOG:  checkpoint starting: time"}
{"ts": "2026-08-15T23:18:45.436746202Z", "container": "prefect-postgres", "msg": "2026-08-15 23:18:45.436 UTC [27] LOG:  checkpoint complete: wrote 35 buffers (0.2%); 0 WAL file(s) added, 0 removed, 0 recycled; write=3.515 s, sync=0.006 s, total=3.534 s; sync files=28, longest=0.003 s, average=0.001 s; distance=999 kB, estimate=1078 kB; lsn=1/32CA9CA0, redo lsn=1/32CA4980"}
{"ts": "2026-08-15T23:23:41.535486085Z", "container": "prefect-postgres", "msg": "2026-08-15 23:23:41.535 UTC [27] LOG:  checkpoint starting: time"}
{"ts": "2026-08-15T23:23:46.673410494Z", "container": "prefect-postgres", "msg": "2026-08-15 23:23:46.673 UTC [27] LOG:  checkpoint complete: wrote 48 buffers (0.3%); 0 WAL file(s) added, 0 removed, 0 recycled; write=5.117 s, sync=0.009 s, total=5.138 s; sync files=28, longest=0.003 s, average=0.001 s; distance=1047 kB, estimate=1075 kB; lsn=1/32DB1CB0, redo lsn=1/32DAA748"}
{"ts": "2026-08-15T23:28:41.771456871Z", "container": "prefect-postgres", "msg": "2026-08-15 23:28:41.771 UTC [27] LOG:  checkpoint starting: time"}
{"ts": "2026-08-15T23:28:45.803537107Z", "container": "prefect-postgres", "msg": "2026-08-15 23:28:45.803 UTC [27] LOG:  checkpoint complete: wrote 38 buffers (0.2%); 0 WAL file(s) added, 0 removed, 0 recycled; write=4.009 s, sync=0.011 s, total=4.033 s; sync files=28, longest=0.004 s, average=0.001 s; distance=1037 kB, estimate=1071 kB; lsn=1/32EB3768, redo lsn=1/32EADC48"}
{"ts": "2026-08-15T23:33:41.903619411Z", "container": "prefect-postgres", "msg": "2026-08-15 23:33:41.903 UTC [27] LOG:  checkpoint starting: time"}
{"ts": "2026-08-15T23:33:45.030967793Z", "container": "prefect-postgres", "msg": "2026-08-15 23:33:45.030 UTC [27] LOG:  checkpoint complete: wrote 26 buffers (0.2%); 0 WAL file(s) added, 0 removed, 0 recycled; write=3.107 s, sync=0.009 s, total=3.128 s; sync files=28, longest=0.004 s, average=0.001 s; distance=962 kB, estimate=1060 kB; lsn=1/32FA3EA0, redo lsn=1/32F9E738"}
{"ts": "2026-08-15T23:38:41.131093091Z", "container": "prefect-postgres", "msg": "2026-08-15 23:38:41.130 UTC [27] LOG:  checkpoint starting: time"}
{"ts": "2026-08-15T23:38:44.663324106Z", "container": "prefect-postgres", "msg": "2026-08-15 23:38:44.663 UTC [27] LOG:  checkpoint complete: wrote 36 buffers (0.2%); 0 WAL file(s) added, 0 removed, 1 recycled; write=3.513 s, sync=0.005 s, total=3.533 s; sync files=30, longest=0.003 s, average=0.001 s; distance=991 kB, estimate=1054 kB; lsn=1/330A18F8, redo lsn=1/330963A0"}
{"ts": "2026-08-15T23:43:41.763500116Z", "container": "prefect-postgres", "msg": "2026-08-15 23:43:41.763 UTC [27] LOG:  checkpoint starting: time"}
{"ts": "2026-08-15T23:43:45.697314368Z", "container": "prefect-postgres", "msg": "2026-08-15 23:43:45.697 UTC [27] LOG:  checkpoint complete: wrote 40 buffers (0.2%); 0 WAL file(s) added, 0 removed, 0 recycled; write=3.911 s, sync=0.012 s, total=3.934 s; sync files=28, longest=0.003 s, average=0.001 s; distance=1038 kB, estimate=1052 kB; lsn=1/331A72F8, redo lsn=1/33199C08"}
{"ts": "2026-08-15T23:48:41.795507702Z", "container": "prefect-postgres", "msg": "2026-08-15 23:48:41.795 UTC [27] LOG:  checkpoint starting: time"}
{"ts": "2026-08-15T23:48:45.434394187Z", "container": "prefect-postgres", "msg": "2026-08-15 23:48:45.434 UTC [27] LOG:  checkpoint complete: wrote 35 buffers (0.2%); 0 WAL file(s) added, 0 removed, 0 recycled; write=3.613 s, sync=0.014 s, total=3.639 s; sync files=28, longest=0.003 s, average=0.001 s; distance=994 kB, estimate=1046 kB; lsn=1/3329C6D0, redo lsn=1/332927E8"}
{"ts": "2026-08-15T23:53:41.531469743Z", "container": "prefect-postgres", "msg": "2026-08-15 23:53:41.531 UTC [27] LOG:  checkpoint starting: time"}
{"ts": "2026-08-15T23:53:45.062520970Z", "container": "prefect-postgres", "msg": "2026-08-15 23:53:45.062 UTC [27] LOG:  checkpoint complete: wrote 33 buffers (0.2%); 0 WAL file(s) added, 0 removed, 0 recycled; write=3.510 s, sync=0.010 s, total=3.532 s; sync files=28, longest=0.003 s, average=0.001 s; distance=1019 kB, estimate=1043 kB; lsn=1/333963D8, redo lsn=1/33391648"}
{"ts": "2026-08-15T23:58:41.159491074Z", "container": "prefect-postgres", "msg": "2026-08-15 23:58:41.159 UTC [27] LOG:  checkpoint starting: time"}
{"ts": "2026-08-15T23:58:43.689926623Z", "container": "prefect-postgres", "msg": "2026-08-15 23:58:43.689 UTC [27] LOG:  checkpoint complete: wrote 26 buffers (0.2%); 0 WAL file(s) added, 0 removed, 0 recycled; write=2.513 s, sync=0.008 s, total=2.531 s; sync files=28, longest=0.003 s, average=0.001 s; distance=1054 kB, estimate=1054 kB; lsn=1/3349D4D0, redo lsn=1/33499048"}
