{"ts": "2026-08-11T09:41:57.710934481Z", "container": "prefect-postgres", "msg": "2026-08-11 09:41:57.710 UTC [1] LOG:  received fast shutdown request"}
{"ts": "2026-08-11T09:41:57.712026209Z", "container": "prefect-postgres", "msg": "2026-08-11 09:41:57.711 UTC [1] LOG:  aborting any active transactions"}
{"ts": "2026-08-11T09:41:57.714097246Z", "container": "prefect-postgres", "msg": "2026-08-11 09:41:57.714 UTC [1] LOG:  background worker \"logical replication launcher\" (PID 32) exited with exit code 1"}
{"ts": "2026-08-11T09:41:57.717857516Z", "container": "prefect-postgres", "msg": "2026-08-11 09:41:57.717 UTC [27] LOG:  shutting down"}
{"ts": "2026-08-11T09:41:57.719023705Z", "container": "prefect-postgres", "msg": "2026-08-11 09:41:57.718 UTC [27] LOG:  checkpoint starting: shutdown immediate"}
{"ts": "2026-08-11T09:41:57.727612545Z", "container": "prefect-postgres", "msg": "2026-08-11 09:41:57.727 UTC [27] LOG:  checkpoint complete: wrote 102 buffers (0.6%); 0 WAL file(s) added, 0 removed, 0 recycled; write=0.003 s, sync=0.002 s, total=0.010 s; sync files=60, longest=0.001 s, average=0.001 s; distance=1529 kB, estimate=2670 kB; lsn=0/A7752F08, redo lsn=0/A7752F08"}
{"ts": "2026-08-11T09:41:57.758387833Z", "container": "prefect-postgres", "msg": "2026-08-11 09:41:57.758 UTC [1] LOG:  database system is shut down"}
{"ts": "2026-08-11T09:44:31.596709744Z", "container": "prefect-postgres", "msg": ""}
{"ts": "2026-08-11T09:44:31.596753114Z", "container": "prefect-postgres", "msg": "PostgreSQL Database directory appears to contain a database; Skipping initialization"}
{"ts": "2026-08-11T09:44:31.596757244Z", "container": "prefect-postgres", "msg": ""}
{"ts": "2026-08-11T09:44:31.623572271Z", "container": "prefect-postgres", "msg": "2026-08-11 09:44:31.623 UTC [1] LOG:  starting PostgreSQL 16.14 on x86_64-pc-linux-musl, compiled by gcc (Alpine 15.2.0) 15.2.0, 64-bit"}
{"ts": "2026-08-11T09:44:31.623606091Z", "container": "prefect-postgres", "msg": "2026-08-11 09:44:31.623 UTC [1] LOG:  listening on IPv4 address \"0.0.0.0\", port 5432"}
{"ts": "2026-08-11T09:44:31.623619031Z", "container": "prefect-postgres", "msg": "2026-08-11 09:44:31.623 UTC [1] LOG:  listening on IPv6 address \"::\", port 5432"}
{"ts": "2026-08-11T09:44:31.629750991Z", "container": "prefect-postgres", "msg": "2026-08-11 09:44:31.629 UTC [1] LOG:  listening on Unix socket \"/var/run/postgresql/.s.PGSQL.5432\""}
{"ts": "2026-08-11T09:44:31.638249069Z", "container": "prefect-postgres", "msg": "2026-08-11 09:44:31.637 UTC [29] LOG:  database system was shut down at 2026-08-11 09:41:57 UTC"}
{"ts": "2026-08-11T09:44:31.645110765Z", "container": "prefect-postgres", "msg": "2026-08-11 09:44:31.645 UTC [1] LOG:  database system is ready to accept connections"}
{"ts": "2026-08-11T09:44:47.141090803Z", "container": "prefect-postgres", "msg": "2026-08-11 09:44:47.140 UTC [70] ERROR:  duplicate key value violates unique constraint \"uq_work_queue__work_pool_id_name\""}
{"ts": "2026-08-11T09:44:47.141118294Z", "container": "prefect-postgres", "msg": "2026-08-11 09:44:47.140 UTC [70] DETAIL:  Key (work_pool_id, name)=(39ec39e1-9474-4f11-8d83-5fab43991140, default) already exists."}
{"ts": "2026-08-11T09:44:47.141122194Z", "container": "prefect-postgres", "msg": "2026-08-11 09:44:47.140 UTC [70] STATEMENT:  INSERT INTO work_queue (name, filter, description, is_paused, concurrency_limit, priority, last_polled, status, work_pool_id, id, created, updated) VALUES ($1::VARCHAR, $2, $3::VARCHAR, $4::BOOLEAN, $5::INTEGER, $6::INTEGER, $7::TIMESTAMP WITH TIME ZONE, $8::work_queue_status, $9::UUID, $10::UUID, $11::TIMESTAMP WITH TIME ZONE, $12::TIMESTAMP WITH TIME ZONE)"}
{"ts": "2026-08-11T09:44:48.179164934Z", "container": "prefect-postgres", "msg": "2026-08-11 09:44:48.179 UTC [70] ERROR:  duplicate key value violates unique constraint \"uq_work_queue__work_pool_id_name\""}
{"ts": "2026-08-11T09:44:48.179191044Z", "container": "prefect-postgres", "msg": "2026-08-11 09:44:48.179 UTC [70] DETAIL:  Key (work_pool_id, name)=(39ec39e1-9474-4f11-8d83-5fab43991140, features) already exists."}
{"ts": "2026-08-11T09:44:48.179195124Z", "container": "prefect-postgres", "msg": "2026-08-11 09:44:48.179 UTC [70] STATEMENT:  INSERT INTO work_queue (name, filter, description, is_paused, concurrency_limit, priority, last_polled, status, work_pool_id, id, created, updated) VALUES ($1::VARCHAR, $2, $3::VARCHAR, $4::BOOLEAN, $5::INTEGER, $6::INTEGER, $7::TIMESTAMP WITH TIME ZONE, $8::work_queue_status, $9::UUID, $10::UUID, $11::TIMESTAMP WITH TIME ZONE, $12::TIMESTAMP WITH TIME ZONE)"}
{"ts": "2026-08-11T09:44:49.243497387Z", "container": "prefect-postgres", "msg": "2026-08-11 09:44:49.243 UTC [70] ERROR:  duplicate key value violates unique constraint \"uq_work_queue__work_pool_id_name\""}
{"ts": "2026-08-11T09:44:49.243522407Z", "container": "prefect-postgres", "msg": "2026-08-11 09:44:49.243 UTC [70] DETAIL:  Key (work_pool_id, name)=(39ec39e1-9474-4f11-8d83-5fab43991140, training) already exists."}
{"ts": "2026-08-11T09:44:49.243526557Z", "container": "prefect-postgres", "msg": "2026-08-11 09:44:49.243 UTC [70] STATEMENT:  INSERT INTO work_queue (name, filter, description, is_paused, concurrency_limit, priority, last_polled, status, work_pool_id, id, created, updated) VALUES ($1::VARCHAR, $2, $3::VARCHAR, $4::BOOLEAN, $5::INTEGER, $6::INTEGER, $7::TIMESTAMP WITH TIME ZONE, $8::work_queue_status, $9::UUID, $10::UUID, $11::TIMESTAMP WITH TIME ZONE, $12::TIMESTAMP WITH TIME ZONE)"}
{"ts": "2026-08-11T09:49:31.735425618Z", "container": "prefect-postgres", "msg": "2026-08-11 09:49:31.735 UTC [27] LOG:  checkpoint starting: time"}
{"ts": "2026-08-11T09:50:36.886103098Z", "container": "prefect-postgres", "msg": "2026-08-11 09:50:36.886 UTC [27] LOG:  checkpoint complete: wrote 654 buffers (4.0%); 0 WAL file(s) added, 0 removed, 0 recycled; write=65.131 s, sync=0.010 s, total=65.151 s; sync files=126, longest=0.004 s, average=0.001 s; distance=3941 kB, estimate=3941 kB; lsn=0/A7BA8D20, redo lsn=0/A7B2C408"}
{"ts": "2026-08-11T09:54:31.983630044Z", "container": "prefect-postgres", "msg": "2026-08-11 09:54:31.983 UTC [27] LOG:  checkpoint starting: time"}
{"ts": "2026-08-11T09:54:49.789069594Z", "container": "prefect-postgres", "msg": "2026-08-11 09:54:49.788 UTC [71] ERROR:  duplicate key value violates unique constraint \"pk_task_run\""}
{"ts": "2026-08-11T09:54:49.789097204Z", "container": "prefect-postgres", "msg": "2026-08-11 09:54:49.788 UTC [71] DETAIL:  Key (id)=(019ff03f-04f7-70c7-a814-aaa4d9111273) already exists."}
{"ts": "2026-08-11T09:54:49.789103154Z", "container": "prefect-postgres", "msg": "2026-08-11 09:54:49.788 UTC [71] STATEMENT:  INSERT INTO task_run (flow_run_id, task_key, dynamic_key, flow_run_run_count, empirical_policy, task_inputs, tags, labels, state_id, name, state_type, state_name, state_timestamp, run_count, expected_start_time, start_time, total_run_time, id, created, updated) VALUES ($1::UUID, $2::VARCHAR, $3::VARCHAR, $4::INTEGER, $5, $6, $7::JSONB, $8::JSONB, $9::UUID, $10::VARCHAR, $11::state_type, $12::VARCHAR, $13::TIMESTAMP WITH TIME ZONE, $14::INTEGER, $15::TIMESTAMP WITH TIME ZONE, $16::TIMESTAMP WITH TIME ZONE, $17::INTERVAL, $18::UUID, $19::TIMESTAMP WITH TIME ZONE, $20::TIMESTAMP WITH TIME ZONE) ON CONFLICT (flow_run_id, task_key, dynamic_key) DO UPDATE SET flow_run_id = excluded.flow_run_id, task_key = excluded.task_key, dynamic_key = excluded.dynamic_key, flow_run_run_count = excluded.flow_run_run_count, empirical_policy = excluded.empirical_policy, task_inputs = excluded.task_inputs, tags = excluded.tags, labels = excluded.labels, state_id = excluded.state_id, name = excluded.name, state_type = excluded.state_type, state_name = excluded.state_name, state_timestamp = excluded.state_timestamp, run_count = excluded.run_count, expected_start_time = excluded.expected_start_time, start_time = excluded.start_time, total_run_time = excluded.total_run_time, updated = excluded.updated WHERE task_run.state_timestamp < excluded.state_timestamp"}
{"ts": "2026-08-11T09:55:07.298641547Z", "container": "prefect-postgres", "msg": "2026-08-11 09:55:07.298 UTC [27] LOG:  checkpoint complete: wrote 354 buffers (2.2%); 0 WAL file(s) added, 0 removed, 0 recycled; write=35.274 s, sync=0.028 s, total=35.315 s; sync files=48, longest=0.004 s, average=0.001 s; distance=2274 kB, estimate=3774 kB; lsn=0/A7F6ABE8, redo lsn=0/A7D64D38"}
{"ts": "2026-08-11T09:59:31.395484212Z", "container": "prefect-postgres", "msg": "2026-08-11 09:59:31.395 UTC [27] LOG:  checkpoint starting: time"}
{"ts": "2026-08-11T09:59:58.602486805Z", "container": "prefect-postgres", "msg": "2026-08-11 09:59:58.602 UTC [27] LOG:  checkpoint complete: wrote 134 buffers (0.8%); 0 WAL file(s) added, 0 removed, 1 recycled; write=27.152 s, sync=0.038 s, total=27.207 s; sync files=145, longest=0.004 s, average=0.001 s; distance=4667 kB, estimate=4667 kB; lsn=0/A82DF368, redo lsn=0/A81F3C28"}
{"ts": "2026-08-11T10:04:31.699506637Z", "container": "prefect-postgres", "msg": "2026-08-11 10:04:31.699 UTC [27] LOG:  checkpoint starting: time"}
{"ts": "2026-08-11T10:04:42.537697698Z", "container": "prefect-postgres", "msg": "2026-08-11 10:04:42.537 UTC [27] LOG:  checkpoint complete: wrote 96 buffers (0.6%); 0 WAL file(s) added, 0 removed, 0 recycled; write=10.826 s, sync=0.007 s, total=10.839 s; sync files=58, longest=0.002 s, average=0.001 s; distance=3020 kB, estimate=4503 kB; lsn=0/A8507818, redo lsn=0/A84E6E88"}
{"ts": "2026-08-11T10:06:22.434811164Z", "container": "prefect-postgres", "msg": "2026-08-11 10:06:22.434 UTC [2069] ERROR:  duplicate key value violates unique constraint \"metric_pk\""}
{"ts": "2026-08-11T10:06:22.434841834Z", "container": "prefect-postgres", "msg": "2026-08-11 10:06:22.434 UTC [2069] DETAIL:  Key (key, \"timestamp\", step, run_uuid, value, is_nan)=(roc_auc, 1786442782234, 0, 86b18dfcab954181a730129dd0d133fc, 0.9233997821776402, f) already exists."}
{"ts": "2026-08-11T10:06:22.434865414Z", "container": "prefect-postgres", "msg": "2026-08-11 10:06:22.434 UTC [2069] STATEMENT:  INSERT INTO metrics (key, value, timestamp, step, is_nan, run_uuid) VALUES ('roc_auc', 0.9233997821776402, 1786442782234, 0, false, '86b18dfcab954181a730129dd0d133fc'), ('pr_auc', 0.8679632852917317, 1786442782249, 0, false, '86b18dfcab954181a730129dd0d133fc'), ('log_loss', 0.32184529668158984, 1786442782252, 0, false, '86b18dfcab954181a730129dd0d133fc'), ('brier_score', 0.10586382356880777, 1786442782254, 0, false, '86b18dfcab954181a730129dd0d133fc'), ('accuracy', 0.8444698192699925, 1786442782257, 0, false, '86b18dfcab954181a730129dd0d133fc'), ('precision', 0.784484091401008, 1786442782260, 0, false, '86b18dfcab954181a730129dd0d133fc'), ('recall', 0.74182041460776, 1786442782262, 0, false, '86b18dfcab954181a730129dd0d133fc'), ('f1', 0.7625559796820054, 1786442782265, 0, false, '86b18dfcab954181a730129dd0d133fc'), ('f2', 0.7499778296727659, 1786442782267, 0, false, '86b18dfcab954181a730129dd0d133fc'), ('observed_win_rate', 0.3366637791865181, 1786442782270, 0, false, '86b18dfcab954181a730129dd0d133fc'), ('predicted_current_bid_win_rate', 0.3433896430376533, 1786442782272, 0, false, '86b18dfcab954181a730129dd0d133fc'), ('calibration_error', 0.0067258638511352165, 1786442782275, 0, false, '86b18dfcab954181a730129dd0d133fc'), ('predicted_recommended_bid_win_rate', 0.40345402138342884, 1786442782277, 0, false, '86b18dfcab954181a730129dd0d133fc'), ('optimizer_optimizer_rows', 101588.0, 1786442782280, 0, false, '86b18dfcab954181a730129dd0d133fc'), ('optimizer_target_cm', 0.25, 1786442782282, 0, false, '86b18dfcab954181a730129dd0d133fc'), ('optimizer_current_bid_total_expected_profit', 394237.37994107115, 1786442782285, 0, false, '86b18dfcab954181a730129dd0d133fc'), ('optimizer_recommended_bid_total_expected_profit', 558312.2352595654, 1786442782287, 0, false, '86b18dfcab954181a730129dd0d133fc'), ('optimizer_expected_profit_lift_total', 164074.85531849426, 1786442782290, 0, false, '86b18dfcab954181a730129dd0d133fc'), ('optimizer_expected_profit_lift_pct', 0.41618289808799824, 1786442782293, 0, false, '86b18dfcab954181a730129dd0d133fc'), ('optimizer_avg_current_bid_predicted_win_rate', 0.3433896430376533, 1786442782295, 0, false, '86b18dfcab954181a730129dd0d133fc'), ('optimizer_avg_recommended_bid_predicted_win_rate', 0.40345402138342884, 1786442782297, 0, false, '86b18dfcab954181a730129dd0d133fc'), ('optimizer_avg_bid_change', 0.24171073355120679, 1786442782300, 0, false, '86b18dfcab954181a730129dd0d133fc'), ('optimizer_median_bid_change',  -0.07, 1786442782302, 0, false, '86b18dfcab954181a730129dd0d133fc'), ('optimizer_bid_increase_pct', 47.54400125999133, 1786442782304, 0, false, '86b18dfcab954181a730129dd0d133fc'), ('optimizer_bid_decrease_pct', 51.17927314249715, 1786442782307, 0, false, '86b18dfcab954181a730129dd0d133fc'), ('optimizer_bid_unchanged_pct', 1.276725597511517, 1786442782309, 0, false, '86b18dfcab954181a730129dd0d133fc'), ('optimizer_avg_recommended_bid_cm_if_won', 0.622148749104443, 1786442782312, 0, false, '86b18dfcab954181a730129dd0d133fc')"}
{"ts": "2026-08-11T10:09:31.633617511Z", "container": "prefect-postgres", "msg": "2026-08-11 10:09:31.633 UTC [27] LOG:  checkpoint starting: time"}
{"ts": "2026-08-11T10:09:41.959159312Z", "container": "prefect-postgres", "msg": "2026-08-11 10:09:41.959 UTC [27] LOG:  checkpoint complete: wrote 104 buffers (0.6%); 0 WAL file(s) added, 0 removed, 0 recycled; write=10.318 s, sync=0.004 s, total=10.326 s; sync files=158, longest=0.001 s, average=0.001 s; distance=3364 kB, estimate=4389 kB; lsn=0/A884A1C0, redo lsn=0/A8830158"}
{"ts": "2026-08-11T10:14:32.055448776Z", "container": "prefect-postgres", "msg": "2026-08-11 10:14:32.055 UTC [27] LOG:  checkpoint starting: time"}
{"ts": "2026-08-11T10:14:44.406456468Z", "container": "prefect-postgres", "msg": "2026-08-11 10:14:44.406 UTC [27] LOG:  checkpoint complete: wrote 120 buffers (0.7%); 0 WAL file(s) added, 0 removed, 0 recycled; write=12.326 s, sync=0.012 s, total=12.351 s; sync files=27, longest=0.004 s, average=0.001 s; distance=2151 kB, estimate=4165 kB; lsn=0/A8A68BE8, redo lsn=0/A8A49F50"}
{"ts": "2026-08-11T10:19:32.503481400Z", "container": "prefect-postgres", "msg": "2026-08-11 10:19:32.503 UTC [27] LOG:  checkpoint starting: time"}
{"ts": "2026-08-11T10:19:42.757287104Z", "container": "prefect-postgres", "msg": "2026-08-11 10:19:42.757 UTC [27] LOG:  checkpoint complete: wrote 97 buffers (0.6%); 0 WAL file(s) added, 0 removed, 0 recycled; write=10.219 s, sync=0.022 s, total=10.254 s; sync files=27, longest=0.003 s, average=0.001 s; distance=2181 kB, estimate=3966 kB; lsn=0/A8C85A38, redo lsn=0/A8C6B420"}
{"ts": "2026-08-11T10:24:32.857439191Z", "container": "prefect-postgres", "msg": "2026-08-11 10:24:32.857 UTC [27] LOG:  checkpoint starting: time"}
{"ts": "2026-08-11T10:24:47.612425140Z", "container": "prefect-postgres", "msg": "2026-08-11 10:24:47.612 UTC [27] LOG:  checkpoint complete: wrote 140 buffers (0.9%); 0 WAL file(s) added, 0 removed, 0 recycled; write=14.727 s, sync=0.016 s, total=14.755 s; sync files=27, longest=0.003 s, average=0.001 s; distance=2187 kB, estimate=3789 kB; lsn=0/A8EAAB40, redo lsn=0/A8E8E280"}
{"ts": "2026-08-11T10:29:32.711465970Z", "container": "prefect-postgres", "msg": "2026-08-11 10:29:32.711 UTC [27] LOG:  checkpoint starting: time"}
{"ts": "2026-08-11T10:29:43.466636745Z", "container": "prefect-postgres", "msg": "2026-08-11 10:29:43.466 UTC [27] LOG:  checkpoint complete: wrote 100 buffers (0.6%); 0 WAL file(s) added, 0 removed, 1 recycled; write=10.723 s, sync=0.018 s, total=10.756 s; sync files=26, longest=0.003 s, average=0.001 s; distance=2178 kB, estimate=3627 kB; lsn=0/A90CA940, redo lsn=0/A90AEB70"}
{"ts": "2026-08-11T10:34:32.563961535Z", "container": "prefect-postgres", "msg": "2026-08-11 10:34:32.563 UTC [27] LOG:  checkpoint starting: time"}
{"ts": "2026-08-11T10:34:37.402494384Z", "container": "prefect-postgres", "msg": "2026-08-11 10:34:37.402 UTC [27] LOG:  checkpoint complete: wrote 44 buffers (0.3%); 0 WAL file(s) added, 0 removed, 0 recycled; write=4.812 s, sync=0.014 s, total=4.839 s; sync files=27, longest=0.004 s, average=0.001 s; distance=2239 kB, estimate=3489 kB; lsn=0/A92EA208, redo lsn=0/A92DEAF8"}
{"ts": "2026-08-11T10:39:32.502642527Z", "container": "prefect-postgres", "msg": "2026-08-11 10:39:32.502 UTC [27] LOG:  checkpoint starting: time"}
{"ts": "2026-08-11T10:39:41.157024013Z", "container": "prefect-postgres", "msg": "2026-08-11 10:39:41.156 UTC [27] LOG:  checkpoint complete: wrote 78 buffers (0.5%); 0 WAL file(s) added, 0 removed, 0 recycled; write=8.622 s, sync=0.021 s, total=8.655 s; sync files=28, longest=0.004 s, average=0.001 s; distance=2208 kB, estimate=3361 kB; lsn=0/A951CD78, redo lsn=0/A9506AF8"}
{"ts": "2026-08-11T10:44:21.998246164Z", "container": "prefect-postgres", "msg": "2026-08-11 10:44:21.998 UTC [1] LOG:  received fast shutdown request"}
{"ts": "2026-08-11T10:44:21.999465284Z", "container": "prefect-postgres", "msg": "2026-08-11 10:44:21.999 UTC [1] LOG:  aborting any active transactions"}
{"ts": "2026-08-11T10:44:22.000830645Z", "container": "prefect-postgres", "msg": "2026-08-11 10:44:21.999 UTC [51] FATAL:  terminating connection due to administrator command"}
{"ts": "2026-08-11T10:44:22.000840865Z", "container": "prefect-postgres", "msg": "2026-08-11 10:44:21.999 UTC [53] FATAL:  terminating connection due to administrator command"}
{"ts": "2026-08-11T10:44:22.000844775Z", "container": "prefect-postgres", "msg": "2026-08-11 10:44:21.999 UTC [50] FATAL:  terminating connection due to administrator command"}
{"ts": "2026-08-11T10:44:22.000848045Z", "container": "prefect-postgres", "msg": "2026-08-11 10:44:21.999 UTC [49] FATAL:  terminating connection due to administrator command"}
{"ts": "2026-08-11T10:44:22.001784872Z", "container": "prefect-postgres", "msg": "2026-08-11 10:44:22.001 UTC [1] LOG:  background worker \"logical replication launcher\" (PID 32) exited with exit code 1"}
{"ts": "2026-08-11T10:44:22.005058269Z", "container": "prefect-postgres", "msg": "2026-08-11 10:44:22.005 UTC [27] LOG:  shutting down"}
{"ts": "2026-08-11T10:44:22.006158977Z", "container": "prefect-postgres", "msg": "2026-08-11 10:44:22.006 UTC [27] LOG:  checkpoint starting: shutdown immediate"}
{"ts": "2026-08-11T10:44:22.013707658Z", "container": "prefect-postgres", "msg": "2026-08-11 10:44:22.013 UTC [27] LOG:  checkpoint complete: wrote 85 buffers (0.5%); 0 WAL file(s) added, 0 removed, 0 recycled; write=0.003 s, sync=0.002 s, total=0.009 s; sync files=45, longest=0.002 s, average=0.001 s; distance=2171 kB, estimate=3242 kB; lsn=0/A9725878, redo lsn=0/A9725878"}
{"ts": "2026-08-11T10:44:22.040355682Z", "container": "prefect-postgres", "msg": "2026-08-11 10:44:22.040 UTC [1] LOG:  database system is shut down"}
{"ts": "2026-08-11T10:47:00.958942161Z", "container": "prefect-postgres", "msg": ""}
{"ts": "2026-08-11T10:47:00.958981152Z", "container": "prefect-postgres", "msg": "PostgreSQL Database directory appears to contain a database; Skipping initialization"}
{"ts": "2026-08-11T10:47:00.958985652Z", "container": "prefect-postgres", "msg": ""}
{"ts": "2026-08-11T10:47:00.999723009Z", "container": "prefect-postgres", "msg": "2026-08-11 10:47:00.999 UTC [1] LOG:  starting PostgreSQL 16.14 on x86_64-pc-linux-musl, compiled by gcc (Alpine 15.2.0) 15.2.0, 64-bit"}
{"ts": "2026-08-11T10:47:00.999738589Z", "container": "prefect-postgres", "msg": "2026-08-11 10:47:00.999 UTC [1] LOG:  listening on IPv4 address \"0.0.0.0\", port 5432"}
{"ts": "2026-08-11T10:47:00.999742349Z", "container": "prefect-postgres", "msg": "2026-08-11 10:47:00.999 UTC [1] LOG:  listening on IPv6 address \"::\", port 5432"}
{"ts": "2026-08-11T10:47:01.005688917Z", "container": "prefect-postgres", "msg": "2026-08-11 10:47:01.005 UTC [1] LOG:  listening on Unix socket \"/var/run/postgresql/.s.PGSQL.5432\""}
{"ts": "2026-08-11T10:47:01.013662941Z", "container": "prefect-postgres", "msg": "2026-08-11 10:47:01.013 UTC [29] LOG:  database system was shut down at 2026-08-11 10:44:22 UTC"}
{"ts": "2026-08-11T10:47:01.021075031Z", "container": "prefect-postgres", "msg": "2026-08-11 10:47:01.020 UTC [1] LOG:  database system is ready to accept connections"}
{"ts": "2026-08-11T10:47:16.794109482Z", "container": "prefect-postgres", "msg": "2026-08-11 10:47:16.794 UTC [71] ERROR:  duplicate key value violates unique constraint \"uq_work_queue__work_pool_id_name\""}
{"ts": "2026-08-11T10:47:16.794137773Z", "container": "prefect-postgres", "msg": "2026-08-11 10:47:16.794 UTC [71] DETAIL:  Key (work_pool_id, name)=(39ec39e1-9474-4f11-8d83-5fab43991140, default) already exists."}
{"ts": "2026-08-11T10:47:16.794145403Z", "container": "prefect-postgres", "msg": "2026-08-11 10:47:16.794 UTC [71] STATEMENT:  INSERT INTO work_queue (name, filter, description, is_paused, concurrency_limit, priority, last_polled, status, work_pool_id, id, created, updated) VALUES ($1::VARCHAR, $2, $3::VARCHAR, $4::BOOLEAN, $5::INTEGER, $6::INTEGER, $7::TIMESTAMP WITH TIME ZONE, $8::work_queue_status, $9::UUID, $10::UUID, $11::TIMESTAMP WITH TIME ZONE, $12::TIMESTAMP WITH TIME ZONE)"}
{"ts": "2026-08-11T10:47:17.821842614Z", "container": "prefect-postgres", "msg": "2026-08-11 10:47:17.821 UTC [71] ERROR:  duplicate key value violates unique constraint \"uq_work_queue__work_pool_id_name\""}
{"ts": "2026-08-11T10:47:17.821874465Z", "container": "prefect-postgres", "msg": "2026-08-11 10:47:17.821 UTC [71] DETAIL:  Key (work_pool_id, name)=(39ec39e1-9474-4f11-8d83-5fab43991140, features) already exists."}
{"ts": "2026-08-11T10:47:17.821878575Z", "container": "prefect-postgres", "msg": "2026-08-11 10:47:17.821 UTC [71] STATEMENT:  INSERT INTO work_queue (name, filter, description, is_paused, concurrency_limit, priority, last_polled, status, work_pool_id, id, created, updated) VALUES ($1::VARCHAR, $2, $3::VARCHAR, $4::BOOLEAN, $5::INTEGER, $6::INTEGER, $7::TIMESTAMP WITH TIME ZONE, $8::work_queue_status, $9::UUID, $10::UUID, $11::TIMESTAMP WITH TIME ZONE, $12::TIMESTAMP WITH TIME ZONE)"}
{"ts": "2026-08-11T10:47:18.859562806Z", "container": "prefect-postgres", "msg": "2026-08-11 10:47:18.859 UTC [71] ERROR:  duplicate key value violates unique constraint \"uq_work_queue__work_pool_id_name\""}
{"ts": "2026-08-11T10:47:18.859586417Z", "container": "prefect-postgres", "msg": "2026-08-11 10:47:18.859 UTC [71] DETAIL:  Key (work_pool_id, name)=(39ec39e1-9474-4f11-8d83-5fab43991140, training) already exists."}
{"ts": "2026-08-11T10:47:18.859590457Z", "container": "prefect-postgres", "msg": "2026-08-11 10:47:18.859 UTC [71] STATEMENT:  INSERT INTO work_queue (name, filter, description, is_paused, concurrency_limit, priority, last_polled, status, work_pool_id, id, created, updated) VALUES ($1::VARCHAR, $2, $3::VARCHAR, $4::BOOLEAN, $5::INTEGER, $6::INTEGER, $7::TIMESTAMP WITH TIME ZONE, $8::work_queue_status, $9::UUID, $10::UUID, $11::TIMESTAMP WITH TIME ZONE, $12::TIMESTAMP WITH TIME ZONE)"}
{"ts": "2026-08-11T10:48:29.997329787Z", "container": "prefect-postgres", "msg": "2026-08-11 10:48:29.997 UTC [73] ERROR:  duplicate key value violates unique constraint \"pk_task_run\""}
{"ts": "2026-08-11T10:48:29.997356937Z", "container": "prefect-postgres", "msg": "2026-08-11 10:48:29.997 UTC [73] DETAIL:  Key (id)=(019ff070-27e7-7200-ac94-00fd64eb39c2) already exists."}
{"ts": "2026-08-11T10:48:29.997372347Z", "container": "prefect-postgres", "msg": "2026-08-11 10:48:29.997 UTC [73] STATEMENT:  INSERT INTO task_run (flow_run_id, task_key, dynamic_key, flow_run_run_count, empirical_policy, task_inputs, tags, labels, state_id, name, state_type, state_name, state_timestamp, run_count, expected_start_time, total_run_time, id, created, updated) VALUES ($1::UUID, $2::VARCHAR, $3::VARCHAR, $4::INTEGER, $5, $6, $7::JSONB, $8::JSONB, $9::UUID, $10::VARCHAR, $11::state_type, $12::VARCHAR, $13::TIMESTAMP WITH TIME ZONE, $14::INTEGER, $15::TIMESTAMP WITH TIME ZONE, $16::INTERVAL, $17::UUID, $18::TIMESTAMP WITH TIME ZONE, $19::TIMESTAMP WITH TIME ZONE) ON CONFLICT (flow_run_id, task_key, dynamic_key) DO UPDATE SET flow_run_id = excluded.flow_run_id, task_key = excluded.task_key, dynamic_key = excluded.dynamic_key, flow_run_run_count = excluded.flow_run_run_count, empirical_policy = excluded.empirical_policy, task_inputs = excluded.task_inputs, tags = excluded.tags, labels = excluded.labels, state_id = excluded.state_id, name = excluded.name, state_type = excluded.state_type, state_name = excluded.state_name, state_timestamp = excluded.state_timestamp, run_count = excluded.run_count, expected_start_time = excluded.expected_start_time, total_run_time = excluded.total_run_time, updated = excluded.updated WHERE task_run.state_timestamp < excluded.state_timestamp"}
{"ts": "2026-08-11T10:52:01.111479478Z", "container": "prefect-postgres", "msg": "2026-08-11 10:52:01.111 UTC [27] LOG:  checkpoint starting: time"}
{"ts": "2026-08-11T10:52:01.193611030Z", "container": "prefect-postgres", "msg": "2026-08-11 10:52:01.193 UTC [71] ERROR:  duplicate key value violates unique constraint \"pk_task_run\""}
{"ts": "2026-08-11T10:52:01.193635181Z", "container": "prefect-postgres", "msg": "2026-08-11 10:52:01.193 UTC [71] DETAIL:  Key (id)=(019ff073-60b6-76c7-bea4-319fdd52a18a) already exists."}
{"ts": "2026-08-11T10:52:01.193640791Z", "container": "prefect-postgres", "msg": "2026-08-11 10:52:01.193 UTC [71] STATEMENT:  INSERT INTO task_run (flow_run_id, task_key, dynamic_key, flow_run_run_count, empirical_policy, task_inputs, tags, labels, state_id, name, state_type, state_name, state_timestamp, run_count, expected_start_time, total_run_time, id, created, updated) VALUES ($1::UUID, $2::VARCHAR, $3::VARCHAR, $4::INTEGER, $5, $6, $7::JSONB, $8::JSONB, $9::UUID, $10::VARCHAR, $11::state_type, $12::VARCHAR, $13::TIMESTAMP WITH TIME ZONE, $14::INTEGER, $15::TIMESTAMP WITH TIME ZONE, $16::INTERVAL, $17::UUID, $18::TIMESTAMP WITH TIME ZONE, $19::TIMESTAMP WITH TIME ZONE) ON CONFLICT (flow_run_id, task_key, dynamic_key) DO UPDATE SET flow_run_id = excluded.flow_run_id, task_key = excluded.task_key, dynamic_key = excluded.dynamic_key, flow_run_run_count = excluded.flow_run_run_count, empirical_policy = excluded.empirical_policy, task_inputs = excluded.task_inputs, tags = excluded.tags, labels = excluded.labels, state_id = excluded.state_id, name = excluded.name, state_type = excluded.state_type, state_name = excluded.state_name, state_timestamp = excluded.state_timestamp, run_count = excluded.run_count, expected_start_time = excluded.expected_start_time, total_run_time = excluded.total_run_time, updated = excluded.updated WHERE task_run.state_timestamp < excluded.state_timestamp"}
{"ts": "2026-08-11T10:53:28.274787842Z", "container": "prefect-postgres", "msg": "2026-08-11 10:53:28.274 UTC [27] LOG:  checkpoint complete: wrote 873 buffers (5.3%); 0 WAL file(s) added, 0 removed, 0 recycled; write=87.156 s, sync=0.004 s, total=87.164 s; sync files=179, longest=0.001 s, average=0.001 s; distance=5305 kB, estimate=5305 kB; lsn=0/A9E5DF98, redo lsn=0/A9C54060"}
{"ts": "2026-08-11T10:57:01.371511813Z", "container": "prefect-postgres", "msg": "2026-08-11 10:57:01.371 UTC [27] LOG:  checkpoint starting: time"}
{"ts": "2026-08-11T10:58:03.736992602Z", "container": "prefect-postgres", "msg": "2026-08-11 10:58:03.736 UTC [27] LOG:  checkpoint complete: wrote 624 buffers (3.8%); 0 WAL file(s) added, 0 removed, 1 recycled; write=62.344 s, sync=0.007 s, total=62.366 s; sync files=122, longest=0.004 s, average=0.001 s; distance=4272 kB, estimate=5202 kB; lsn=0/AA1061B8, redo lsn=0/AA0802F0"}
{"ts": "2026-08-11T11:02:01.837062094Z", "container": "prefect-postgres", "msg": "2026-08-11 11:02:01.836 UTC [27] LOG:  checkpoint starting: time"}
{"ts": "2026-08-11T11:02:22.997090170Z", "container": "prefect-postgres", "msg": "2026-08-11 11:02:22.996 UTC [27] LOG:  checkpoint complete: wrote 181 buffers (1.1%); 0 WAL file(s) added, 0 removed, 0 recycled; write=21.141 s, sync=0.004 s, total=21.160 s; sync files=46, longest=0.004 s, average=0.001 s; distance=2413 kB, estimate=4923 kB; lsn=0/AA307B68, redo lsn=0/AA2DB720"}
{"ts": "2026-08-11T11:07:02.095614699Z", "container": "prefect-postgres", "msg": "2026-08-11 11:07:02.095 UTC [27] LOG:  checkpoint starting: time"}
{"ts": "2026-08-11T11:07:12.146242491Z", "container": "prefect-postgres", "msg": "2026-08-11 11:07:12.146 UTC [27] LOG:  checkpoint complete: wrote 98 buffers (0.6%); 0 WAL file(s) added, 0 removed, 0 recycled; write=10.027 s, sync=0.014 s, total=10.051 s; sync files=49, longest=0.004 s, average=0.001 s; distance=2430 kB, estimate=4674 kB; lsn=0/AA550E88, redo lsn=0/AA53B1B0"}
{"ts": "2026-08-11T11:10:01.242138218Z", "container": "prefect-postgres", "msg": "2026-08-11 11:10:01.242 UTC [72] ERROR:  duplicate key value violates unique constraint \"uq_work_queue__work_pool_id_name\""}
{"ts": "2026-08-11T11:10:01.242166138Z", "container": "prefect-postgres", "msg": "2026-08-11 11:10:01.242 UTC [72] DETAIL:  Key (work_pool_id, name)=(39ec39e1-9474-4f11-8d83-5fab43991140, default) already exists."}
{"ts": "2026-08-11T11:10:01.242172128Z", "container": "prefect-postgres", "msg": "2026-08-11 11:10:01.242 UTC [72] STATEMENT:  INSERT INTO work_queue (name, filter, description, is_paused, concurrency_limit, priority, last_polled, status, work_pool_id, id, created, updated) VALUES ($1::VARCHAR, $2, $3::VARCHAR, $4::BOOLEAN, $5::INTEGER, $6::INTEGER, $7::TIMESTAMP WITH TIME ZONE, $8::work_queue_status, $9::UUID, $10::UUID, $11::TIMESTAMP WITH TIME ZONE, $12::TIMESTAMP WITH TIME ZONE)"}
{"ts": "2026-08-11T11:10:02.279093237Z", "container": "prefect-postgres", "msg": "2026-08-11 11:10:02.279 UTC [72] ERROR:  duplicate key value violates unique constraint \"uq_work_queue__work_pool_id_name\""}
{"ts": "2026-08-11T11:10:02.279118197Z", "container": "prefect-postgres", "msg": "2026-08-11 11:10:02.279 UTC [72] DETAIL:  Key (work_pool_id, name)=(39ec39e1-9474-4f11-8d83-5fab43991140, features) already exists."}
{"ts": "2026-08-11T11:10:02.279122677Z", "container": "prefect-postgres", "msg": "2026-08-11 11:10:02.279 UTC [72] STATEMENT:  INSERT INTO work_queue (name, filter, description, is_paused, concurrency_limit, priority, last_polled, status, work_pool_id, id, created, updated) VALUES ($1::VARCHAR, $2, $3::VARCHAR, $4::BOOLEAN, $5::INTEGER, $6::INTEGER, $7::TIMESTAMP WITH TIME ZONE, $8::work_queue_status, $9::UUID, $10::UUID, $11::TIMESTAMP WITH TIME ZONE, $12::TIMESTAMP WITH TIME ZONE)"}
{"ts": "2026-08-11T11:10:03.328135904Z", "container": "prefect-postgres", "msg": "2026-08-11 11:10:03.328 UTC [70] ERROR:  duplicate key value violates unique constraint \"uq_work_queue__work_pool_id_name\""}
{"ts": "2026-08-11T11:10:03.328160684Z", "container": "prefect-postgres", "msg": "2026-08-11 11:10:03.328 UTC [70] DETAIL:  Key (work_pool_id, name)=(39ec39e1-9474-4f11-8d83-5fab43991140, training) already exists."}
{"ts": "2026-08-11T11:10:03.328164694Z", "container": "prefect-postgres", "msg": "2026-08-11 11:10:03.328 UTC [70] STATEMENT:  INSERT INTO work_queue (name, filter, description, is_paused, concurrency_limit, priority, last_polled, status, work_pool_id, id, created, updated) VALUES ($1::VARCHAR, $2, $3::VARCHAR, $4::BOOLEAN, $5::INTEGER, $6::INTEGER, $7::TIMESTAMP WITH TIME ZONE, $8::work_queue_status, $9::UUID, $10::UUID, $11::TIMESTAMP WITH TIME ZONE, $12::TIMESTAMP WITH TIME ZONE)"}
{"ts": "2026-08-11T11:12:02.244757352Z", "container": "prefect-postgres", "msg": "2026-08-11 11:12:02.244 UTC [27] LOG:  checkpoint starting: time"}
{"ts": "2026-08-11T11:12:07.667106003Z", "container": "prefect-postgres", "msg": "2026-08-11 11:12:07.667 UTC [27] LOG:  checkpoint complete: wrote 48 buffers (0.3%); 0 WAL file(s) added, 0 removed, 0 recycled; write=5.412 s, sync=0.006 s, total=5.423 s; sync files=107, longest=0.002 s, average=0.001 s; distance=3131 kB, estimate=4520 kB; lsn=0/AA85DCE0, redo lsn=0/AA849F58"}
{"ts": "2026-08-11T11:13:12.433659261Z", "container": "prefect-postgres", "msg": "2026-08-11 11:13:12.433 UTC [67] ERROR:  duplicate key value violates unique constraint \"uq_work_queue__work_pool_id_name\""}
{"ts": "2026-08-11T11:13:12.433685491Z", "container": "prefect-postgres", "msg": "2026-08-11 11:13:12.433 UTC [67] DETAIL:  Key (work_pool_id, name)=(39ec39e1-9474-4f11-8d83-5fab43991140, default) already exists."}
{"ts": "2026-08-11T11:13:12.433689842Z", "container": "prefect-postgres", "msg": "2026-08-11 11:13:12.433 UTC [67] STATEMENT:  INSERT INTO work_queue (name, filter, description, is_paused, concurrency_limit, priority, last_polled, status, work_pool_id, id, created, updated) VALUES ($1::VARCHAR, $2, $3::VARCHAR, $4::BOOLEAN, $5::INTEGER, $6::INTEGER, $7::TIMESTAMP WITH TIME ZONE, $8::work_queue_status, $9::UUID, $10::UUID, $11::TIMESTAMP WITH TIME ZONE, $12::TIMESTAMP WITH TIME ZONE)"}
{"ts": "2026-08-11T11:13:13.477179165Z", "container": "prefect-postgres", "msg": "2026-08-11 11:13:13.477 UTC [67] ERROR:  duplicate key value violates unique constraint \"uq_work_queue__work_pool_id_name\""}
{"ts": "2026-08-11T11:13:13.477203916Z", "container": "prefect-postgres", "msg": "2026-08-11 11:13:13.477 UTC [67] DETAIL:  Key (work_pool_id, name)=(39ec39e1-9474-4f11-8d83-5fab43991140, features) already exists."}
{"ts": "2026-08-11T11:13:13.477208016Z", "container": "prefect-postgres", "msg": "2026-08-11 11:13:13.477 UTC [67] STATEMENT:  INSERT INTO work_queue (name, filter, description, is_paused, concurrency_limit, priority, last_polled, status, work_pool_id, id, created, updated) VALUES ($1::VARCHAR, $2, $3::VARCHAR, $4::BOOLEAN, $5::INTEGER, $6::INTEGER, $7::TIMESTAMP WITH TIME ZONE, $8::work_queue_status, $9::UUID, $10::UUID, $11::TIMESTAMP WITH TIME ZONE, $12::TIMESTAMP WITH TIME ZONE)"}
{"ts": "2026-08-11T11:13:14.514694081Z", "container": "prefect-postgres", "msg": "2026-08-11 11:13:14.514 UTC [67] ERROR:  duplicate key value violates unique constraint \"uq_work_queue__work_pool_id_name\""}
{"ts": "2026-08-11T11:13:14.514720281Z", "container": "prefect-postgres", "msg": "2026-08-11 11:13:14.514 UTC [67] DETAIL:  Key (work_pool_id, name)=(39ec39e1-9474-4f11-8d83-5fab43991140, training) already exists."}
{"ts": "2026-08-11T11:13:14.514724501Z", "container": "prefect-postgres", "msg": "2026-08-11 11:13:14.514 UTC [67] STATEMENT:  INSERT INTO work_queue (name, filter, description, is_paused, concurrency_limit, priority, last_polled, status, work_pool_id, id, created, updated) VALUES ($1::VARCHAR, $2, $3::VARCHAR, $4::BOOLEAN, $5::INTEGER, $6::INTEGER, $7::TIMESTAMP WITH TIME ZONE, $8::work_queue_status, $9::UUID, $10::UUID, $11::TIMESTAMP WITH TIME ZONE, $12::TIMESTAMP WITH TIME ZONE)"}
{"ts": "2026-08-11T11:17:02.763505805Z", "container": "prefect-postgres", "msg": "2026-08-11 11:17:02.763 UTC [27] LOG:  checkpoint starting: time"}
{"ts": "2026-08-11T11:17:10.993725495Z", "container": "prefect-postgres", "msg": "2026-08-11 11:17:10.993 UTC [27] LOG:  checkpoint complete: wrote 74 buffers (0.5%); 0 WAL file(s) added, 0 removed, 0 recycled; write=8.220 s, sync=0.005 s, total=8.231 s; sync files=101, longest=0.002 s, average=0.001 s; distance=2705 kB, estimate=4338 kB; lsn=0/AAB010D8, redo lsn=0/AAAEE578"}
{"ts": "2026-08-11T11:21:51.983970179Z", "container": "prefect-postgres", "msg": "2026-08-11 11:21:51.983 UTC [1] LOG:  received fast shutdown request"}
{"ts": "2026-08-11T11:21:51.985155389Z", "container": "prefect-postgres", "msg": "2026-08-11 11:21:51.985 UTC [1] LOG:  aborting any active transactions"}
{"ts": "2026-08-11T11:21:51.986662131Z", "container": "prefect-postgres", "msg": "2026-08-11 11:21:51.985 UTC [53] FATAL:  terminating connection due to administrator command"}
{"ts": "2026-08-11T11:21:51.986674491Z", "container": "prefect-postgres", "msg": "2026-08-11 11:21:51.985 UTC [51] FATAL:  terminating connection due to administrator command"}
{"ts": "2026-08-11T11:21:51.986678401Z", "container": "prefect-postgres", "msg": "2026-08-11 11:21:51.985 UTC [48] FATAL:  terminating connection due to administrator command"}
{"ts": "2026-08-11T11:21:51.986689011Z", "container": "prefect-postgres", "msg": "2026-08-11 11:21:51.985 UTC [47] FATAL:  terminating connection due to administrator command"}
{"ts": "2026-08-11T11:21:51.987604648Z", "container": "prefect-postgres", "msg": "2026-08-11 11:21:51.987 UTC [1] LOG:  background worker \"logical replication launcher\" (PID 32) exited with exit code 1"}
{"ts": "2026-08-11T11:21:51.989553074Z", "container": "prefect-postgres", "msg": "2026-08-11 11:21:51.989 UTC [27] LOG:  shutting down"}
{"ts": "2026-08-11T11:21:51.990677203Z", "container": "prefect-postgres", "msg": "2026-08-11 11:21:51.990 UTC [27] LOG:  checkpoint starting: shutdown immediate"}
{"ts": "2026-08-11T11:21:51.999008460Z", "container": "prefect-postgres", "msg": "2026-08-11 11:21:51.998 UTC [27] LOG:  checkpoint complete: wrote 125 buffers (0.8%); 0 WAL file(s) added, 0 removed, 0 recycled; write=0.003 s, sync=0.002 s, total=0.010 s; sync files=111, longest=0.001 s, average=0.001 s; distance=3171 kB, estimate=4221 kB; lsn=0/AAE07320, redo lsn=0/AAE07320"}
{"ts": "2026-08-11T11:21:52.026202509Z", "container": "prefect-postgres", "msg": "2026-08-11 11:21:52.026 UTC [1] LOG:  database system is shut down"}
{"ts": "2026-08-11T11:24:31.514604274Z", "container": "prefect-postgres", "msg": ""}
{"ts": "2026-08-11T11:24:31.514628454Z", "container": "prefect-postgres", "msg": "PostgreSQL Database directory appears to contain a database; Skipping initialization"}
{"ts": "2026-08-11T11:24:31.514632404Z", "container": "prefect-postgres", "msg": ""}
{"ts": "2026-08-11T11:24:31.546521950Z", "container": "prefect-postgres", "msg": "2026-08-11 11:24:31.546 UTC [1] LOG:  starting PostgreSQL 16.14 on x86_64-pc-linux-musl, compiled by gcc (Alpine 15.2.0) 15.2.0, 64-bit"}
{"ts": "2026-08-11T11:24:31.546539280Z", "container": "prefect-postgres", "msg": "2026-08-11 11:24:31.546 UTC [1] LOG:  listening on IPv4 address \"0.0.0.0\", port 5432"}
{"ts": "2026-08-11T11:24:31.546543060Z", "container": "prefect-postgres", "msg": "2026-08-11 11:24:31.546 UTC [1] LOG:  listening on IPv6 address \"::\", port 5432"}
{"ts": "2026-08-11T11:24:31.552911861Z", "container": "prefect-postgres", "msg": "2026-08-11 11:24:31.552 UTC [1] LOG:  listening on Unix socket \"/var/run/postgresql/.s.PGSQL.5432\""}
{"ts": "2026-08-11T11:24:31.560786194Z", "container": "prefect-postgres", "msg": "2026-08-11 11:24:31.560 UTC [29] LOG:  database system was shut down at 2026-08-11 11:21:51 UTC"}
{"ts": "2026-08-11T11:24:31.568288864Z", "container": "prefect-postgres", "msg": "2026-08-11 11:24:31.568 UTC [1] LOG:  database system is ready to accept connections"}
{"ts": "2026-08-11T11:24:47.259938195Z", "container": "prefect-postgres", "msg": "2026-08-11 11:24:47.259 UTC [70] ERROR:  duplicate key value violates unique constraint \"uq_work_queue__work_pool_id_name\""}
{"ts": "2026-08-11T11:24:47.259962925Z", "container": "prefect-postgres", "msg": "2026-08-11 11:24:47.259 UTC [70] DETAIL:  Key (work_pool_id, name)=(39ec39e1-9474-4f11-8d83-5fab43991140, default) already exists."}
{"ts": "2026-08-11T11:24:47.259966995Z", "container": "prefect-postgres", "msg": "2026-08-11 11:24:47.259 UTC [70] STATEMENT:  INSERT INTO work_queue (name, filter, description, is_paused, concurrency_limit, priority, last_polled, status, work_pool_id, id, created, updated) VALUES ($1::VARCHAR, $2, $3::VARCHAR, $4::BOOLEAN, $5::INTEGER, $6::INTEGER, $7::TIMESTAMP WITH TIME ZONE, $8::work_queue_status, $9::UUID, $10::UUID, $11::TIMESTAMP WITH TIME ZONE, $12::TIMESTAMP WITH TIME ZONE)"}
{"ts": "2026-08-11T11:24:48.285574055Z", "container": "prefect-postgres", "msg": "2026-08-11 11:24:48.285 UTC [70] ERROR:  duplicate key value violates unique constraint \"uq_work_queue__work_pool_id_name\""}
{"ts": "2026-08-11T11:24:48.285601826Z", "container": "prefect-postgres", "msg": "2026-08-11 11:24:48.285 UTC [70] DETAIL:  Key (work_pool_id, name)=(39ec39e1-9474-4f11-8d83-5fab43991140, features) already exists."}
{"ts": "2026-08-11T11:24:48.285606036Z", "container": "prefect-postgres", "msg": "2026-08-11 11:24:48.285 UTC [70] STATEMENT:  INSERT INTO work_queue (name, filter, description, is_paused, concurrency_limit, priority, last_polled, status, work_pool_id, id, created, updated) VALUES ($1::VARCHAR, $2, $3::VARCHAR, $4::BOOLEAN, $5::INTEGER, $6::INTEGER, $7::TIMESTAMP WITH TIME ZONE, $8::work_queue_status, $9::UUID, $10::UUID, $11::TIMESTAMP WITH TIME ZONE, $12::TIMESTAMP WITH TIME ZONE)"}
{"ts": "2026-08-11T11:24:49.348012220Z", "container": "prefect-postgres", "msg": "2026-08-11 11:24:49.347 UTC [70] ERROR:  duplicate key value violates unique constraint \"uq_work_queue__work_pool_id_name\""}
{"ts": "2026-08-11T11:24:49.348037651Z", "container": "prefect-postgres", "msg": "2026-08-11 11:24:49.347 UTC [70] DETAIL:  Key (work_pool_id, name)=(39ec39e1-9474-4f11-8d83-5fab43991140, training) already exists."}
{"ts": "2026-08-11T11:24:49.348041481Z", "container": "prefect-postgres", "msg": "2026-08-11 11:24:49.347 UTC [70] STATEMENT:  INSERT INTO work_queue (name, filter, description, is_paused, concurrency_limit, priority, last_polled, status, work_pool_id, id, created, updated) VALUES ($1::VARCHAR, $2, $3::VARCHAR, $4::BOOLEAN, $5::INTEGER, $6::INTEGER, $7::TIMESTAMP WITH TIME ZONE, $8::work_queue_status, $9::UUID, $10::UUID, $11::TIMESTAMP WITH TIME ZONE, $12::TIMESTAMP WITH TIME ZONE)"}
{"ts": "2026-08-11T11:27:22.765838972Z", "container": "prefect-postgres", "msg": "2026-08-11 11:27:22.765 UTC [71] ERROR:  duplicate key value violates unique constraint \"pk_task_run\""}
{"ts": "2026-08-11T11:27:22.765866422Z", "container": "prefect-postgres", "msg": "2026-08-11 11:27:22.765 UTC [71] DETAIL:  Key (id)=(019ff093-c05f-731a-85a1-8196bcbd6544) already exists."}
{"ts": "2026-08-11T11:27:22.765882192Z", "container": "prefect-postgres", "msg": "2026-08-11 11:27:22.765 UTC [71] STATEMENT:  INSERT INTO task_run (flow_run_id, task_key, dynamic_key, flow_run_run_count, empirical_policy, task_inputs, tags, labels, state_id, name, state_type, state_name, state_timestamp, run_count, expected_start_time, total_run_time, id, created, updated) VALUES ($1::UUID, $2::VARCHAR, $3::VARCHAR, $4::INTEGER, $5, $6, $7::JSONB, $8::JSONB, $9::UUID, $10::VARCHAR, $11::state_type, $12::VARCHAR, $13::TIMESTAMP WITH TIME ZONE, $14::INTEGER, $15::TIMESTAMP WITH TIME ZONE, $16::INTERVAL, $17::UUID, $18::TIMESTAMP WITH TIME ZONE, $19::TIMESTAMP WITH TIME ZONE) ON CONFLICT (flow_run_id, task_key, dynamic_key) DO UPDATE SET flow_run_id = excluded.flow_run_id, task_key = excluded.task_key, dynamic_key = excluded.dynamic_key, flow_run_run_count = excluded.flow_run_run_count, empirical_policy = excluded.empirical_policy, task_inputs = excluded.task_inputs, tags = excluded.tags, labels = excluded.labels, state_id = excluded.state_id, name = excluded.name, state_type = excluded.state_type, state_name = excluded.state_name, state_timestamp = excluded.state_timestamp, run_count = excluded.run_count, expected_start_time = excluded.expected_start_time, total_run_time = excluded.total_run_time, updated = excluded.updated WHERE task_run.state_timestamp < excluded.state_timestamp"}
{"ts": "2026-08-11T11:29:31.659524231Z", "container": "prefect-postgres", "msg": "2026-08-11 11:29:31.659 UTC [27] LOG:  checkpoint starting: time"}
{"ts": "2026-08-11T11:30:47.432381691Z", "container": "prefect-postgres", "msg": "2026-08-11 11:30:47.432 UTC [27] LOG:  checkpoint complete: wrote 760 buffers (4.6%); 0 WAL file(s) added, 0 removed, 1 recycled; write=75.754 s, sync=0.009 s, total=75.773 s; sync files=163, longest=0.003 s, average=0.001 s; distance=4271 kB, estimate=4271 kB; lsn=0/AB2C4CC8, redo lsn=0/AB233250"}
{"ts": "2026-08-11T11:32:39.734260638Z", "container": "prefect-postgres", "msg": "2026-08-11 11:32:39.734 UTC [818] ERROR:  duplicate key value violates unique constraint \"metric_pk\""}
{"ts": "2026-08-11T11:32:39.734291479Z", "container": "prefect-postgres", "msg": "2026-08-11 11:32:39.734 UTC [818] DETAIL:  Key (key, \"timestamp\", step, run_uuid, value, is_nan)=(roc_auc, 1786447959519, 0, 6652de94b6c74b3a84096f4daffa3986, 0.9305363744345914, f) already exists."}
{"ts": "2026-08-11T11:32:39.734322599Z", "container": "prefect-postgres", "msg": "2026-08-11 11:32:39.734 UTC [818] STATEMENT:  INSERT INTO metrics (key, value, timestamp, step, is_nan, run_uuid) VALUES ('roc_auc', 0.9305363744345914, 1786447959519, 0, false, '6652de94b6c74b3a84096f4daffa3986'), ('pr_auc', 0.8788336970549752, 1786447959537, 0, false, '6652de94b6c74b3a84096f4daffa3986'), ('log_loss', 0.30298178212794996, 1786447959539, 0, false, '6652de94b6c74b3a84096f4daffa3986'), ('brier_score', 0.10094359315724899, 1786447959542, 0, false, '6652de94b6c74b3a84096f4daffa3986'), ('accuracy', 0.8480729525120441, 1786447959545, 0, false, '6652de94b6c74b3a84096f4daffa3986'), ('precision', 0.7823334438183626, 1786447959547, 0, false, '6652de94b6c74b3a84096f4daffa3986'), ('recall', 0.7573803106148119, 1786447959550, 0, false, '6652de94b6c74b3a84096f4daffa3986'), ('f1', 0.769654677666547, 1786447959552, 0, false, '6652de94b6c74b3a84096f4daffa3986'), ('f2', 0.762242775761177, 1786447959554, 0, false, '6652de94b6c74b3a84096f4daffa3986'), ('observed_win_rate', 0.33512560220234, 1786447959557, 0, false, '6652de94b6c74b3a84096f4daffa3986'), ('predicted_current_bid_win_rate', 0.3420183354937101, 1786447959559, 0, false, '6652de94b6c74b3a84096f4daffa3986'), ('calibration_error', 0.006892733291370079, 1786447959562, 0, false, '6652de94b6c74b3a84096f4daffa3986'), ('predicted_recommended_bid_win_rate', 0.43061352526007596, 1786447959564, 0, false, '6652de94b6c74b3a84096f4daffa3986'), ('optimizer_optimizer_rows', 92992.0, 1786447959567, 0, false, '6652de94b6c74b3a84096f4daffa3986'), ('optimizer_target_cm', 0.25, 1786447959569, 0, false, '6652de94b6c74b3a84096f4daffa3986'), ('optimizer_current_bid_total_expected_profit', 367157.1378339453, 1786447959571, 0, false, '6652de94b6c74b3a84096f4daffa3986'), ('optimizer_recommended_bid_total_expected_profit', 555909.8722442059, 1786447959574, 0, false, '6652de94b6c74b3a84096f4daffa3986'), ('optimizer_expected_profit_lift_total', 188752.73441026063, 1786447959576, 0, false, '6652de94b6c74b3a84096f4daffa3986'), ('optimizer_expected_profit_lift_pct', 0.5140925096099538, 1786447959579, 0, false, '6652de94b6c74b3a84096f4daffa3986'), ('optimizer_avg_current_bid_predicted_win_rate', 0.3420183354937101, 1786447959581, 0, false, '6652de94b6c74b3a84096f4daffa3986'), ('optimizer_avg_recommended_bid_predicted_win_rate', 0.43061352526007596, 1786447959584, 0, false, '6652de94b6c74b3a84096f4daffa3986'), ('optimizer_avg_bid_change', 0.8908482450103234, 1786447959586, 0, false, '6652de94b6c74b3a84096f4daffa3986'), ('optimizer_median_bid_change', 0.25, 1786447959589, 0, false, '6652de94b6c74b3a84096f4daffa3986'), ('optimizer_bid_increase_pct', 54.69610289057123, 1786447959591, 0, false, '6652de94b6c74b3a84096f4daffa3986'), ('optimizer_bid_decrease_pct', 44.36080523055747, 1786447959594, 0, false, '6652de94b6c74b3a84096f4daffa3986'), ('optimizer_bid_unchanged_pct', 0.9430918788713007, 1786447959596, 0, false, '6652de94b6c74b3a84096f4daffa3986'), ('optimizer_avg_recommended_bid_cm_if_won', 0.6011306094082737, 1786447959599, 0, false, '6652de94b6c74b3a84096f4daffa3986')"}
{"ts": "2026-08-11T11:32:42.948159458Z", "container": "prefect-postgres", "msg": "2026-08-11 11:32:42.948 UTC [825] ERROR:  duplicate key value violates unique constraint \"registered_model_pk\""}
{"ts": "2026-08-11T11:32:42.948175369Z", "container": "prefect-postgres", "msg": "2026-08-11 11:32:42.948 UTC [825] DETAIL:  Key (workspace, name)=(default, anton-win-probability-model) already exists."}
{"ts": "2026-08-11T11:32:42.948179219Z", "container": "prefect-postgres", "msg": "2026-08-11 11:32:42.948 UTC [825] STATEMENT:  INSERT INTO registered_models (workspace, name, creation_time, last_updated_time, description) VALUES ('default', 'anton-win-probability-model', 1786447962945, 1786447962945, NULL)"}
{"ts": "2026-08-11T11:34:31.531426655Z", "container": "prefect-postgres", "msg": "2026-08-11 11:34:31.531 UTC [27] LOG:  checkpoint starting: time"}
{"ts": "2026-08-11T11:35:27.340702588Z", "container": "prefect-postgres", "msg": "2026-08-11 11:35:27.340 UTC [27] LOG:  checkpoint complete: wrote 559 buffers (3.4%); 0 WAL file(s) added, 0 removed, 0 recycled; write=55.803 s, sync=0.003 s, total=55.810 s; sync files=174, longest=0.002 s, average=0.001 s; distance=3215 kB, estimate=4166 kB; lsn=0/AB5E2ED0, redo lsn=0/AB557020"}
{"ts": "2026-08-11T11:39:31.440985053Z", "container": "prefect-postgres", "msg": "2026-08-11 11:39:31.440 UTC [27] LOG:  checkpoint starting: time"}
{"ts": "2026-08-11T11:39:51.105936406Z", "container": "prefect-postgres", "msg": "2026-08-11 11:39:51.105 UTC [27] LOG:  checkpoint complete: wrote 156 buffers (1.0%); 0 WAL file(s) added, 0 removed, 0 recycled; write=19.637 s, sync=0.015 s, total=19.665 s; sync files=33, longest=0.003 s, average=0.001 s; distance=2202 kB, estimate=3969 kB; lsn=0/AB7A5A70, redo lsn=0/AB77D830"}
{"ts": "2026-08-11T11:44:31.177195969Z", "container": "prefect-postgres", "msg": "2026-08-11 11:44:31.177 UTC [27] LOG:  checkpoint starting: time"}
{"ts": "2026-08-11T11:44:42.832224334Z", "container": "prefect-postgres", "msg": "2026-08-11 11:44:42.832 UTC [27] LOG:  checkpoint complete: wrote 106 buffers (0.6%); 0 WAL file(s) added, 0 removed, 0 recycled; write=11.624 s, sync=0.018 s, total=11.656 s; sync files=29, longest=0.003 s, average=0.001 s; distance=2176 kB, estimate=3790 kB; lsn=0/AB9BA6D0, redo lsn=0/AB99DA90"}
{"ts": "2026-08-11T11:49:31.931467754Z", "container": "prefect-postgres", "msg": "2026-08-11 11:49:31.931 UTC [27] LOG:  checkpoint starting: time"}
{"ts": "2026-08-11T11:49:42.484092850Z", "container": "prefect-postgres", "msg": "2026-08-11 11:49:42.483 UTC [27] LOG:  checkpoint complete: wrote 98 buffers (0.6%); 0 WAL file(s) added, 0 removed, 0 recycled; write=10.524 s, sync=0.015 s, total=10.553 s; sync files=27, longest=0.003 s, average=0.001 s; distance=2164 kB, estimate=3627 kB; lsn=0/ABBD65F0, redo lsn=0/ABBBAB28"}
{"ts": "2026-08-11T11:54:31.583476964Z", "container": "prefect-postgres", "msg": "2026-08-11 11:54:31.583 UTC [27] LOG:  checkpoint starting: time"}
{"ts": "2026-08-11T11:54:43.544371744Z", "container": "prefect-postgres", "msg": "2026-08-11 11:54:43.544 UTC [27] LOG:  checkpoint complete: wrote 109 buffers (0.7%); 0 WAL file(s) added, 0 removed, 0 recycled; write=11.925 s, sync=0.021 s, total=11.961 s; sync files=27, longest=0.006 s, average=0.001 s; distance=2229 kB, estimate=3487 kB; lsn=0/ABE04EA8, redo lsn=0/ABDE8180"}
{"ts": "2026-08-11T11:59:31.643521678Z", "container": "prefect-postgres", "msg": "2026-08-11 11:59:31.643 UTC [27] LOG:  checkpoint starting: time"}
{"ts": "2026-08-11T11:59:42.500654997Z", "container": "prefect-postgres", "msg": "2026-08-11 11:59:42.500 UTC [27] LOG:  checkpoint complete: wrote 98 buffers (0.6%); 0 WAL file(s) added, 0 removed, 1 recycled; write=10.825 s, sync=0.018 s, total=10.858 s; sync files=30, longest=0.003 s, average=0.001 s; distance=2311 kB, estimate=3370 kB; lsn=0/AC041EF0, redo lsn=0/AC029DB8"}
{"ts": "2026-08-11T12:00:00.843476880Z", "container": "prefect-postgres", "msg": "2026-08-11 12:00:00.843 UTC [67] ERROR:  duplicate key value violates unique constraint \"pk_task_run\""}
{"ts": "2026-08-11T12:00:00.843500971Z", "container": "prefect-postgres", "msg": "2026-08-11 12:00:00.843 UTC [67] DETAIL:  Key (id)=(019ff0b1-a10b-71da-8550-4bd16053911e) already exists."}
{"ts": "2026-08-11T12:00:00.843506141Z", "container": "prefect-postgres", "msg": "2026-08-11 12:00:00.843 UTC [67] STATEMENT:  INSERT INTO task_run (flow_run_id, task_key, dynamic_key, flow_run_run_count, empirical_policy, task_inputs, tags, labels, state_id, name, state_type, state_name, state_timestamp, run_count, expected_start_time, start_time, total_run_time, id, created, updated) VALUES ($1::UUID, $2::VARCHAR, $3::VARCHAR, $4::INTEGER, $5, $6, $7::JSONB, $8::JSONB, $9::UUID, $10::VARCHAR, $11::state_type, $12::VARCHAR, $13::TIMESTAMP WITH TIME ZONE, $14::INTEGER, $15::TIMESTAMP WITH TIME ZONE, $16::TIMESTAMP WITH TIME ZONE, $17::INTERVAL, $18::UUID, $19::TIMESTAMP WITH TIME ZONE, $20::TIMESTAMP WITH TIME ZONE) ON CONFLICT (flow_run_id, task_key, dynamic_key) DO UPDATE SET flow_run_id = excluded.flow_run_id, task_key = excluded.task_key, dynamic_key = excluded.dynamic_key, flow_run_run_count = excluded.flow_run_run_count, empirical_policy = excluded.empirical_policy, task_inputs = excluded.task_inputs, tags = excluded.tags, labels = excluded.labels, state_id = excluded.state_id, name = excluded.name, state_type = excluded.state_type, state_name = excluded.state_name, state_timestamp = excluded.state_timestamp, run_count = excluded.run_count, expected_start_time = excluded.expected_start_time, start_time = excluded.start_time, total_run_time = excluded.total_run_time, updated = excluded.updated WHERE task_run.state_timestamp < excluded.state_timestamp"}
{"ts": "2026-08-11T12:04:31.599436460Z", "container": "prefect-postgres", "msg": "2026-08-11 12:04:31.599 UTC [27] LOG:  checkpoint starting: time"}
{"ts": "2026-08-11T12:04:38.050474207Z", "container": "prefect-postgres", "msg": "2026-08-11 12:04:38.050 UTC [27] LOG:  checkpoint complete: wrote 59 buffers (0.4%); 0 WAL file(s) added, 0 removed, 0 recycled; write=6.417 s, sync=0.021 s, total=6.451 s; sync files=147, longest=0.003 s, average=0.001 s; distance=4218 kB, estimate=4218 kB; lsn=0/AC45F088, redo lsn=0/AC448778"}
{"ts": "2026-08-11T12:09:31.147509266Z", "container": "prefect-postgres", "msg": "2026-08-11 12:09:31.147 UTC [27] LOG:  checkpoint starting: time"}
{"ts": "2026-08-11T12:09:31.474049656Z", "container": "prefect-postgres", "msg": "2026-08-11 12:09:31.473 UTC [75] ERROR:  duplicate key value violates unique constraint \"uq_work_queue__work_pool_id_name\""}
{"ts": "2026-08-11T12:09:31.474079826Z", "container": "prefect-postgres", "msg": "2026-08-11 12:09:31.473 UTC [75] DETAIL:  Key (work_pool_id, name)=(39ec39e1-9474-4f11-8d83-5fab43991140, default) already exists."}
{"ts": "2026-08-11T12:09:31.474089416Z", "container": "prefect-postgres", "msg": "2026-08-11 12:09:31.473 UTC [75] STATEMENT:  INSERT INTO work_queue (name, filter, description, is_paused, concurrency_limit, priority, last_polled, status, work_pool_id, id, created, updated) VALUES ($1::VARCHAR, $2, $3::VARCHAR, $4::BOOLEAN, $5::INTEGER, $6::INTEGER, $7::TIMESTAMP WITH TIME ZONE, $8::work_queue_status, $9::UUID, $10::UUID, $11::TIMESTAMP WITH TIME ZONE, $12::TIMESTAMP WITH TIME ZONE)"}
{"ts": "2026-08-11T12:09:32.718735969Z", "container": "prefect-postgres", "msg": "2026-08-11 12:09:32.718 UTC [75] ERROR:  duplicate key value violates unique constraint \"uq_work_queue__work_pool_id_name\""}
{"ts": "2026-08-11T12:09:32.718766969Z", "container": "prefect-postgres", "msg": "2026-08-11 12:09:32.718 UTC [75] DETAIL:  Key (work_pool_id, name)=(39ec39e1-9474-4f11-8d83-5fab43991140, features) already exists."}
{"ts": "2026-08-11T12:09:32.718771169Z", "container": "prefect-postgres", "msg": "2026-08-11 12:09:32.718 UTC [75] STATEMENT:  INSERT INTO work_queue (name, filter, description, is_paused, concurrency_limit, priority, last_polled, status, work_pool_id, id, created, updated) VALUES ($1::VARCHAR, $2, $3::VARCHAR, $4::BOOLEAN, $5::INTEGER, $6::INTEGER, $7::TIMESTAMP WITH TIME ZONE, $8::work_queue_status, $9::UUID, $10::UUID, $11::TIMESTAMP WITH TIME ZONE, $12::TIMESTAMP WITH TIME ZONE)"}
{"ts": "2026-08-11T12:09:33.872141268Z", "container": "prefect-postgres", "msg": "2026-08-11 12:09:33.871 UTC [75] ERROR:  duplicate key value violates unique constraint \"uq_work_queue__work_pool_id_name\""}
{"ts": "2026-08-11T12:09:33.872172938Z", "container": "prefect-postgres", "msg": "2026-08-11 12:09:33.871 UTC [75] DETAIL:  Key (work_pool_id, name)=(39ec39e1-9474-4f11-8d83-5fab43991140, training) already exists."}
{"ts": "2026-08-11T12:09:33.872176858Z", "container": "prefect-postgres", "msg": "2026-08-11 12:09:33.871 UTC [75] STATEMENT:  INSERT INTO work_queue (name, filter, description, is_paused, concurrency_limit, priority, last_polled, status, work_pool_id, id, created, updated) VALUES ($1::VARCHAR, $2, $3::VARCHAR, $4::BOOLEAN, $5::INTEGER, $6::INTEGER, $7::TIMESTAMP WITH TIME ZONE, $8::work_queue_status, $9::UUID, $10::UUID, $11::TIMESTAMP WITH TIME ZONE, $12::TIMESTAMP WITH TIME ZONE)"}
{"ts": "2026-08-11T12:09:39.988407582Z", "container": "prefect-postgres", "msg": "2026-08-11 12:09:39.988 UTC [27] LOG:  checkpoint complete: wrote 80 buffers (0.5%); 0 WAL file(s) added, 0 removed, 0 recycled; write=8.819 s, sync=0.009 s, total=8.841 s; sync files=51, longest=0.002 s, average=0.001 s; distance=1950 kB, estimate=3991 kB; lsn=0/AC6A5F90, redo lsn=0/AC62FFE0"}
{"ts": "2026-08-11T12:14:32.087488450Z", "container": "prefect-postgres", "msg": "2026-08-11 12:14:32.087 UTC [27] LOG:  checkpoint starting: time"}
{"ts": "2026-08-11T12:14:40.597830143Z", "container": "prefect-postgres", "msg": "2026-08-11 12:14:40.597 UTC [27] LOG:  checkpoint complete: wrote 78 buffers (0.5%); 0 WAL file(s) added, 0 removed, 0 recycled; write=8.234 s, sync=0.138 s, total=8.511 s; sync files=108, longest=0.137 s, average=0.002 s; distance=2865 kB, estimate=3878 kB; lsn=0/AC90D410, redo lsn=0/AC8FC600"}
{"ts": "2026-08-11T12:16:43.202626353Z", "container": "prefect-postgres", "msg": "2026-08-11 12:16:43.202 UTC [74] ERROR:  duplicate key value violates unique constraint \"uq_work_queue__work_pool_id_name\""}
{"ts": "2026-08-11T12:16:43.202656664Z", "container": "prefect-postgres", "msg": "2026-08-11 12:16:43.202 UTC [74] DETAIL:  Key (work_pool_id, name)=(39ec39e1-9474-4f11-8d83-5fab43991140, default) already exists."}
{"ts": "2026-08-11T12:16:43.202660834Z", "container": "prefect-postgres", "msg": "2026-08-11 12:16:43.202 UTC [74] STATEMENT:  INSERT INTO work_queue (name, filter, description, is_paused, concurrency_limit, priority, last_polled, status, work_pool_id, id, created, updated) VALUES ($1::VARCHAR, $2, $3::VARCHAR, $4::BOOLEAN, $5::INTEGER, $6::INTEGER, $7::TIMESTAMP WITH TIME ZONE, $8::work_queue_status, $9::UUID, $10::UUID, $11::TIMESTAMP WITH TIME ZONE, $12::TIMESTAMP WITH TIME ZONE)"}
{"ts": "2026-08-11T12:16:44.383652379Z", "container": "prefect-postgres", "msg": "2026-08-11 12:16:44.383 UTC [74] ERROR:  duplicate key value violates unique constraint \"uq_work_queue__work_pool_id_name\""}
{"ts": "2026-08-11T12:16:44.385279802Z", "container": "prefect-postgres", "msg": "2026-08-11 12:16:44.383 UTC [74] DETAIL:  Key (work_pool_id, name)=(39ec39e1-9474-4f11-8d83-5fab43991140, features) already exists."}
{"ts": "2026-08-11T12:16:44.385304392Z", "container": "prefect-postgres", "msg": "2026-08-11 12:16:44.383 UTC [74] STATEMENT:  INSERT INTO work_queue (name, filter, description, is_paused, concurrency_limit, priority, last_polled, status, work_pool_id, id, created, updated) VALUES ($1::VARCHAR, $2, $3::VARCHAR, $4::BOOLEAN, $5::INTEGER, $6::INTEGER, $7::TIMESTAMP WITH TIME ZONE, $8::work_queue_status, $9::UUID, $10::UUID, $11::TIMESTAMP WITH TIME ZONE, $12::TIMESTAMP WITH TIME ZONE)"}
{"ts": "2026-08-11T12:16:45.588873549Z", "container": "prefect-postgres", "msg": "2026-08-11 12:16:45.588 UTC [75] ERROR:  duplicate key value violates unique constraint \"uq_work_queue__work_pool_id_name\""}
{"ts": "2026-08-11T12:16:45.588898749Z", "container": "prefect-postgres", "msg": "2026-08-11 12:16:45.588 UTC [75] DETAIL:  Key (work_pool_id, name)=(39ec39e1-9474-4f11-8d83-5fab43991140, training) already exists."}
{"ts": "2026-08-11T12:16:45.588902729Z", "container": "prefect-postgres", "msg": "2026-08-11 12:16:45.588 UTC [75] STATEMENT:  INSERT INTO work_queue (name, filter, description, is_paused, concurrency_limit, priority, last_polled, status, work_pool_id, id, created, updated) VALUES ($1::VARCHAR, $2, $3::VARCHAR, $4::BOOLEAN, $5::INTEGER, $6::INTEGER, $7::TIMESTAMP WITH TIME ZONE, $8::work_queue_status, $9::UUID, $10::UUID, $11::TIMESTAMP WITH TIME ZONE, $12::TIMESTAMP WITH TIME ZONE)"}
{"ts": "2026-08-11T12:19:32.695619835Z", "container": "prefect-postgres", "msg": "2026-08-11 12:19:32.695 UTC [27] LOG:  checkpoint starting: time"}
{"ts": "2026-08-11T12:19:41.224731819Z", "container": "prefect-postgres", "msg": "2026-08-11 12:19:41.224 UTC [27] LOG:  checkpoint complete: wrote 84 buffers (0.5%); 0 WAL file(s) added, 0 removed, 0 recycled; write=8.518 s, sync=0.007 s, total=8.530 s; sync files=163, longest=0.002 s, average=0.001 s; distance=4346 kB, estimate=4346 kB; lsn=0/ACD53718, redo lsn=0/ACD3AF30"}
{"ts": "2026-08-11T12:24:32.323500424Z", "container": "prefect-postgres", "msg": "2026-08-11 12:24:32.323 UTC [27] LOG:  checkpoint starting: time"}
{"ts": "2026-08-11T12:24:37.566645212Z", "container": "prefect-postgres", "msg": "2026-08-11 12:24:37.566 UTC [27] LOG:  checkpoint complete: wrote 44 buffers (0.3%); 0 WAL file(s) added, 0 removed, 0 recycled; write=5.216 s, sync=0.016 s, total=5.244 s; sync files=30, longest=0.003 s, average=0.001 s; distance=2266 kB, estimate=4138 kB; lsn=0/ACF814B0, redo lsn=0/ACF71AF8"}
{"ts": "2026-08-11T12:29:32.663448854Z", "container": "prefect-postgres", "msg": "2026-08-11 12:29:32.663 UTC [27] LOG:  checkpoint starting: time"}
{"ts": "2026-08-11T12:29:41.329991632Z", "container": "prefect-postgres", "msg": "2026-08-11 12:29:41.329 UTC [27] LOG:  checkpoint complete: wrote 77 buffers (0.5%); 0 WAL file(s) added, 0 removed, 1 recycled; write=8.340 s, sync=0.319 s, total=8.667 s; sync files=30, longest=0.072 s, average=0.011 s; distance=2049 kB, estimate=3929 kB; lsn=0/AD186248, redo lsn=0/AD172110"}
{"ts": "2026-08-11T12:30:00.248208995Z", "container": "prefect-postgres", "msg": "2026-08-11 12:30:00.248 UTC [5634] ERROR:  duplicate key value violates unique constraint \"pk_task_run\""}
{"ts": "2026-08-11T12:30:00.248236655Z", "container": "prefect-postgres", "msg": "2026-08-11 12:30:00.248 UTC [5634] DETAIL:  Key (id)=(019ff0cd-158a-7f43-ad9a-1476657d66bd) already exists."}
{"ts": "2026-08-11T12:30:00.248241695Z", "container": "prefect-postgres", "msg": "2026-08-11 12:30:00.248 UTC [5634] STATEMENT:  INSERT INTO task_run (flow_run_id, task_key, dynamic_key, flow_run_run_count, empirical_policy, task_inputs, tags, labels, state_id, name, state_type, state_name, state_timestamp, run_count, expected_start_time, total_run_time, id, created, updated) VALUES ($1::UUID, $2::VARCHAR, $3::VARCHAR, $4::INTEGER, $5, $6, $7::JSONB, $8::JSONB, $9::UUID, $10::VARCHAR, $11::state_type, $12::VARCHAR, $13::TIMESTAMP WITH TIME ZONE, $14::INTEGER, $15::TIMESTAMP WITH TIME ZONE, $16::INTERVAL, $17::UUID, $18::TIMESTAMP WITH TIME ZONE, $19::TIMESTAMP WITH TIME ZONE) ON CONFLICT (flow_run_id, task_key, dynamic_key) DO UPDATE SET flow_run_id = excluded.flow_run_id, task_key = excluded.task_key, dynamic_key = excluded.dynamic_key, flow_run_run_count = excluded.flow_run_run_count, empirical_policy = excluded.empirical_policy, task_inputs = excluded.task_inputs, tags = excluded.tags, labels = excluded.labels, state_id = excluded.state_id, name = excluded.name, state_type = excluded.state_type, state_name = excluded.state_name, state_timestamp = excluded.state_timestamp, run_count = excluded.run_count, expected_start_time = excluded.expected_start_time, total_run_time = excluded.total_run_time, updated = excluded.updated WHERE task_run.state_timestamp < excluded.state_timestamp"}
{"ts": "2026-08-11T12:31:07.649552600Z", "container": "prefect-postgres", "msg": "2026-08-11 12:31:07.649 UTC [5634] ERROR:  duplicate key value violates unique constraint \"uq_work_queue__work_pool_id_name\""}
{"ts": "2026-08-11T12:31:07.649579820Z", "container": "prefect-postgres", "msg": "2026-08-11 12:31:07.649 UTC [5634] DETAIL:  Key (work_pool_id, name)=(39ec39e1-9474-4f11-8d83-5fab43991140, default) already exists."}
{"ts": "2026-08-11T12:31:07.649584110Z", "container": "prefect-postgres", "msg": "2026-08-11 12:31:07.649 UTC [5634] STATEMENT:  INSERT INTO work_queue (name, filter, description, is_paused, concurrency_limit, priority, last_polled, status, work_pool_id, id, created, updated) VALUES ($1::VARCHAR, $2, $3::VARCHAR, $4::BOOLEAN, $5::INTEGER, $6::INTEGER, $7::TIMESTAMP WITH TIME ZONE, $8::work_queue_status, $9::UUID, $10::UUID, $11::TIMESTAMP WITH TIME ZONE, $12::TIMESTAMP WITH TIME ZONE)"}
{"ts": "2026-08-11T12:31:08.822899544Z", "container": "prefect-postgres", "msg": "2026-08-11 12:31:08.822 UTC [5633] ERROR:  duplicate key value violates unique constraint \"uq_work_queue__work_pool_id_name\""}
{"ts": "2026-08-11T12:31:08.822928504Z", "container": "prefect-postgres", "msg": "2026-08-11 12:31:08.822 UTC [5633] DETAIL:  Key (work_pool_id, name)=(39ec39e1-9474-4f11-8d83-5fab43991140, features) already exists."}
{"ts": "2026-08-11T12:31:08.822932584Z", "container": "prefect-postgres", "msg": "2026-08-11 12:31:08.822 UTC [5633] STATEMENT:  INSERT INTO work_queue (name, filter, description, is_paused, concurrency_limit, priority, last_polled, status, work_pool_id, id, created, updated) VALUES ($1::VARCHAR, $2, $3::VARCHAR, $4::BOOLEAN, $5::INTEGER, $6::INTEGER, $7::TIMESTAMP WITH TIME ZONE, $8::work_queue_status, $9::UUID, $10::UUID, $11::TIMESTAMP WITH TIME ZONE, $12::TIMESTAMP WITH TIME ZONE)"}
{"ts": "2026-08-11T12:31:10.028400604Z", "container": "prefect-postgres", "msg": "2026-08-11 12:31:10.028 UTC [5633] ERROR:  duplicate key value violates unique constraint \"uq_work_queue__work_pool_id_name\""}
{"ts": "2026-08-11T12:31:10.028426995Z", "container": "prefect-postgres", "msg": "2026-08-11 12:31:10.028 UTC [5633] DETAIL:  Key (work_pool_id, name)=(39ec39e1-9474-4f11-8d83-5fab43991140, training) already exists."}
{"ts": "2026-08-11T12:31:10.028431025Z", "container": "prefect-postgres", "msg": "2026-08-11 12:31:10.028 UTC [5633] STATEMENT:  INSERT INTO work_queue (name, filter, description, is_paused, concurrency_limit, priority, last_polled, status, work_pool_id, id, created, updated) VALUES ($1::VARCHAR, $2, $3::VARCHAR, $4::BOOLEAN, $5::INTEGER, $6::INTEGER, $7::TIMESTAMP WITH TIME ZONE, $8::work_queue_status, $9::UUID, $10::UUID, $11::TIMESTAMP WITH TIME ZONE, $12::TIMESTAMP WITH TIME ZONE)"}
{"ts": "2026-08-11T12:34:32.427511358Z", "container": "prefect-postgres", "msg": "2026-08-11 12:34:32.427 UTC [27] LOG:  checkpoint starting: time"}
{"ts": "2026-08-11T12:34:39.767622553Z", "container": "prefect-postgres", "msg": "2026-08-11 12:34:39.767 UTC [27] LOG:  checkpoint complete: wrote 58 buffers (0.4%); 0 WAL file(s) added, 0 removed, 0 recycled; write=7.316 s, sync=0.014 s, total=7.341 s; sync files=159, longest=0.004 s, average=0.001 s; distance=4230 kB, estimate=4230 kB; lsn=0/AD5A3660, redo lsn=0/AD593A58"}
{"ts": "2026-08-11T12:35:06.822040751Z", "container": "prefect-postgres", "msg": "2026-08-11 12:35:06.821 UTC [6500] ERROR:  duplicate key value violates unique constraint \"pk_task_run\""}
{"ts": "2026-08-11T12:35:06.822084841Z", "container": "prefect-postgres", "msg": "2026-08-11 12:35:06.821 UTC [6500] DETAIL:  Key (id)=(019ff0d1-c391-70a9-878e-2421c8e9b679) already exists."}
{"ts": "2026-08-11T12:35:06.822099891Z", "container": "prefect-postgres", "msg": "2026-08-11 12:35:06.821 UTC [6500] STATEMENT:  INSERT INTO task_run (flow_run_id, task_key, dynamic_key, flow_run_run_count, empirical_policy, task_inputs, tags, labels, state_id, name, state_type, state_name, state_timestamp, run_count, expected_start_time, total_run_time, id, created, updated) VALUES ($1::UUID, $2::VARCHAR, $3::VARCHAR, $4::INTEGER, $5, $6, $7::JSONB, $8::JSONB, $9::UUID, $10::VARCHAR, $11::state_type, $12::VARCHAR, $13::TIMESTAMP WITH TIME ZONE, $14::INTEGER, $15::TIMESTAMP WITH TIME ZONE, $16::INTERVAL, $17::UUID, $18::TIMESTAMP WITH TIME ZONE, $19::TIMESTAMP WITH TIME ZONE) ON CONFLICT (flow_run_id, task_key, dynamic_key) DO UPDATE SET flow_run_id = excluded.flow_run_id, task_key = excluded.task_key, dynamic_key = excluded.dynamic_key, flow_run_run_count = excluded.flow_run_run_count, empirical_policy = excluded.empirical_policy, task_inputs = excluded.task_inputs, tags = excluded.tags, labels = excluded.labels, state_id = excluded.state_id, name = excluded.name, state_type = excluded.state_type, state_name = excluded.state_name, state_timestamp = excluded.state_timestamp, run_count = excluded.run_count, expected_start_time = excluded.expected_start_time, total_run_time = excluded.total_run_time, updated = excluded.updated WHERE task_run.state_timestamp < excluded.state_timestamp"}
{"ts": "2026-08-11T12:39:32.867485079Z", "container": "prefect-postgres", "msg": "2026-08-11 12:39:32.867 UTC [27] LOG:  checkpoint starting: time"}
{"ts": "2026-08-11T12:39:40.703278972Z", "container": "prefect-postgres", "msg": "2026-08-11 12:39:40.703 UTC [27] LOG:  checkpoint complete: wrote 74 buffers (0.5%); 0 WAL file(s) added, 0 removed, 0 recycled; write=7.819 s, sync=0.005 s, total=7.836 s; sync files=124, longest=0.002 s, average=0.001 s; distance=3351 kB, estimate=4142 kB; lsn=0/AD8E8678, redo lsn=0/AD8D97A0"}
{"ts": "2026-08-11T12:39:41.935317991Z", "container": "prefect-postgres", "msg": "2026-08-11 12:39:41.935 UTC [7025] ERROR:  duplicate key value violates unique constraint \"metric_pk\""}
{"ts": "2026-08-11T12:39:41.935345611Z", "container": "prefect-postgres", "msg": "2026-08-11 12:39:41.935 UTC [7025] DETAIL:  Key (key, \"timestamp\", step, run_uuid, value, is_nan)=(roc_auc, 1786451981718, 0, 7054c76e8310430d8774ee81bd3e4bc2, 0.9308357690044035, f) already exists."}
{"ts": "2026-08-11T12:39:41.935352861Z", "container": "prefect-postgres", "msg": "2026-08-11 12:39:41.935 UTC [7025] STATEMENT:  INSERT INTO metrics (key, value, timestamp, step, is_nan, run_uuid) VALUES ('roc_auc', 0.9308357690044035, 1786451981718, 0, false, '7054c76e8310430d8774ee81bd3e4bc2'), ('pr_auc', 0.8794498419388268, 1786451981730, 0, false, '7054c76e8310430d8774ee81bd3e4bc2'), ('log_loss', 0.3025470888929357, 1786451981733, 0, false, '7054c76e8310430d8774ee81bd3e4bc2'), ('brier_score', 0.10076149170814436, 1786451981736, 0, false, '7054c76e8310430d8774ee81bd3e4bc2'), ('accuracy', 0.8486250874455147, 1786451981740, 0, false, '7054c76e8310430d8774ee81bd3e4bc2'), ('precision', 0.7834829562394409, 1786451981742, 0, false, '7054c76e8310430d8774ee81bd3e4bc2'), ('recall', 0.7585311096856959, 1786451981745, 0, false, '7054c76e8310430d8774ee81bd3e4bc2'), ('f1', 0.7708051558655303, 1786451981748, 0, false, '7054c76e8310430d8774ee81bd3e4bc2'), ('f2', 0.7633935199829576, 1786451981751, 0, false, '7054c76e8310430d8774ee81bd3e4bc2'), ('observed_win_rate', 0.3355755260184039, 1786451981754, 0, false, '7054c76e8310430d8774ee81bd3e4bc2'), ('predicted_current_bid_win_rate', 0.3423210468927726, 1786451981757, 0, false, '7054c76e8310430d8774ee81bd3e4bc2'), ('calibration_error', 0.006745520874368693, 1786451981760, 0, false, '7054c76e8310430d8774ee81bd3e4bc2'), ('predicted_recommended_bid_win_rate', 0.4306467169037838, 1786451981763, 0, false, '7054c76e8310430d8774ee81bd3e4bc2'), ('optimizer_optimizer_rows', 92915.0, 1786451981766, 0, false, '7054c76e8310430d8774ee81bd3e4bc2'), ('optimizer_target_cm', 0.25, 1786451981769, 0, false, '7054c76e8310430d8774ee81bd3e4bc2'), ('optimizer_current_bid_total_expected_profit', 367553.2403015146, 1786451981772, 0, false, '7054c76e8310430d8774ee81bd3e4bc2'), ('optimizer_recommended_bid_total_expected_profit', 556707.8673840339, 1786451981774, 0, false, '7054c76e8310430d8774ee81bd3e4bc2'), ('optimizer_expected_profit_lift_total', 189154.62708251923, 1786451981777, 0, false, '7054c76e8310430d8774ee81bd3e4bc2'), ('optimizer_expected_profit_lift_pct', 0.5146319127192299, 1786451981780, 0, false, '7054c76e8310430d8774ee81bd3e4bc2'), ('optimizer_avg_current_bid_predicted_win_rate', 0.3423210468927726, 1786451981783, 0, false, '7054c76e8310430d8774ee81bd3e4bc2'), ('optimizer_avg_recommended_bid_predicted_win_rate', 0.4306467169037838, 1786451981786, 0, false, '7054c76e8310430d8774ee81bd3e4bc2'), ('optimizer_avg_bid_change', 0.8459870849701342, 1786451981789, 0, false, '7054c76e8310430d8774ee81bd3e4bc2'), ('optimizer_median_bid_change', 0.23000000000000043, 1786451981792, 0, false, '7054c76e8310430d8774ee81bd3e4bc2'), ('optimizer_bid_increase_pct', 54.216219125006724, 1786451981795, 0, false, '7054c76e8310430d8774ee81bd3e4bc2'), ('optimizer_bid_decrease_pct', 44.86573750201797, 1786451981798, 0, false, '7054c76e8310430d8774ee81bd3e4bc2'), ('optimizer_bid_unchanged_pct', 0.9180433729752999, 1786451981801, 0, false, '7054c76e8310430d8774ee81bd3e4bc2'), ('optimizer_avg_recommended_bid_cm_if_won', 0.6012401644989921, 1786451981804, 0, false, '7054c76e8310430d8774ee81bd3e4bc2')"}
{"ts": "2026-08-11T12:39:45.064538057Z", "container": "prefect-postgres", "msg": "2026-08-11 12:39:45.064 UTC [7034] ERROR:  duplicate key value violates unique constraint \"registered_model_pk\""}
{"ts": "2026-08-11T12:39:45.064561947Z", "container": "prefect-postgres", "msg": "2026-08-11 12:39:45.064 UTC [7034] DETAIL:  Key (workspace, name)=(default, anton-win-probability-model) already exists."}
{"ts": "2026-08-11T12:39:45.064565947Z", "container": "prefect-postgres", "msg": "2026-08-11 12:39:45.064 UTC [7034] STATEMENT:  INSERT INTO registered_models (workspace, name, creation_time, last_updated_time, description) VALUES ('default', 'anton-win-probability-model', 1786451985063, 1786451985063, NULL)"}
{"ts": "2026-08-11T12:44:32.803460959Z", "container": "prefect-postgres", "msg": "2026-08-11 12:44:32.803 UTC [27] LOG:  checkpoint starting: time"}
{"ts": "2026-08-11T12:44:36.732300257Z", "container": "prefect-postgres", "msg": "2026-08-11 12:44:36.732 UTC [27] LOG:  checkpoint complete: wrote 33 buffers (0.2%); 0 WAL file(s) added, 0 removed, 0 recycled; write=3.912 s, sync=0.006 s, total=3.929 s; sync files=170, longest=0.002 s, average=0.001 s; distance=3308 kB, estimate=4059 kB; lsn=0/ADC1D3E0, redo lsn=0/ADC14A10"}
{"ts": "2026-08-11T12:49:32.831492785Z", "container": "prefect-postgres", "msg": "2026-08-11 12:49:32.831 UTC [27] LOG:  checkpoint starting: time"}
{"ts": "2026-08-11T12:49:57.706217718Z", "container": "prefect-postgres", "msg": "2026-08-11 12:49:57.706 UTC [27] LOG:  checkpoint complete: wrote 83 buffers (0.5%); 0 WAL file(s) added, 0 removed, 1 recycled; write=24.844 s, sync=0.014 s, total=24.875 s; sync files=138, longest=0.002 s, average=0.001 s; distance=4095 kB, estimate=4095 kB; lsn=0/AE0504D0, redo lsn=0/AE0148F8"}
{"ts": "2026-08-11T12:54:32.805635955Z", "container": "prefect-postgres", "msg": "2026-08-11 12:54:32.805 UTC [27] LOG:  checkpoint starting: time"}
{"ts": "2026-08-11T12:54:39.346788506Z", "container": "prefect-postgres", "msg": "2026-08-11 12:54:39.346 UTC [27] LOG:  checkpoint complete: wrote 58 buffers (0.4%); 0 WAL file(s) added, 0 removed, 0 recycled; write=6.514 s, sync=0.015 s, total=6.542 s; sync files=147, longest=0.003 s, average=0.001 s; distance=5312 kB, estimate=5312 kB; lsn=0/AE551940, redo lsn=0/AE544C10"}
{"ts": "2026-08-11T12:59:32.446969671Z", "container": "prefect-postgres", "msg": "2026-08-11 12:59:32.446 UTC [27] LOG:  checkpoint starting: time"}
{"ts": "2026-08-11T13:00:01.327379495Z", "container": "prefect-postgres", "msg": "2026-08-11 13:00:01.327 UTC [27] LOG:  checkpoint complete: wrote 157 buffers (1.0%); 0 WAL file(s) added, 0 removed, 0 recycled; write=28.853 s, sync=0.017 s, total=28.881 s; sync files=132, longest=0.004 s, average=0.001 s; distance=3558 kB, estimate=5137 kB; lsn=0/AE8F7DE0, redo lsn=0/AE8BE520"}
{"ts": "2026-08-11T13:04:32.427587518Z", "container": "prefect-postgres", "msg": "2026-08-11 13:04:32.427 UTC [27] LOG:  checkpoint starting: time"}
{"ts": "2026-08-11T13:04:40.473251454Z", "container": "prefect-postgres", "msg": "2026-08-11 13:04:40.473 UTC [27] LOG:  checkpoint complete: wrote 74 buffers (0.5%); 0 WAL file(s) added, 0 removed, 0 recycled; write=8.022 s, sync=0.012 s, total=8.046 s; sync files=38, longest=0.003 s, average=0.001 s; distance=2428 kB, estimate=4866 kB; lsn=0/AEB347E8, redo lsn=0/AEB1D568"}
{"ts": "2026-08-11T13:09:32.504854741Z", "container": "prefect-postgres", "msg": "2026-08-11 13:09:32.504 UTC [27] LOG:  checkpoint starting: time"}
{"ts": "2026-08-11T13:09:44.957893025Z", "container": "prefect-postgres", "msg": "2026-08-11 13:09:44.957 UTC [27] LOG:  checkpoint complete: wrote 113 buffers (0.7%); 0 WAL file(s) added, 0 removed, 0 recycled; write=12.428 s, sync=0.012 s, total=12.454 s; sync files=28, longest=0.004 s, average=0.001 s; distance=2228 kB, estimate=4602 kB; lsn=0/AED665E0, redo lsn=0/AED4A798"}
{"ts": "2026-08-11T13:14:33.039513692Z", "container": "prefect-postgres", "msg": "2026-08-11 13:14:33.039 UTC [27] LOG:  checkpoint starting: time"}
{"ts": "2026-08-11T13:14:46.193775405Z", "container": "prefect-postgres", "msg": "2026-08-11 13:14:46.193 UTC [27] LOG:  checkpoint complete: wrote 125 buffers (0.8%); 0 WAL file(s) added, 0 removed, 0 recycled; write=13.124 s, sync=0.019 s, total=13.155 s; sync files=28, longest=0.004 s, average=0.001 s; distance=2271 kB, estimate=4369 kB; lsn=0/AEF9E4C0, redo lsn=0/AEF82720"}
{"ts": "2026-08-11T13:19:33.291506162Z", "container": "prefect-postgres", "msg": "2026-08-11 13:19:33.291 UTC [27] LOG:  checkpoint starting: time"}
{"ts": "2026-08-11T13:19:42.342731793Z", "container": "prefect-postgres", "msg": "2026-08-11 13:19:42.342 UTC [27] LOG:  checkpoint complete: wrote 84 buffers (0.5%); 0 WAL file(s) added, 0 removed, 1 recycled; write=9.023 s, sync=0.013 s, total=9.052 s; sync files=26, longest=0.004 s, average=0.001 s; distance=2251 kB, estimate=4157 kB; lsn=0/AF1CF3E0, redo lsn=0/AF1B5640"}
{"ts": "2026-08-11T13:24:33.439499538Z", "container": "prefect-postgres", "msg": "2026-08-11 13:24:33.439 UTC [27] LOG:  checkpoint starting: time"}
{"ts": "2026-08-11T13:24:47.397738107Z", "container": "prefect-postgres", "msg": "2026-08-11 13:24:47.397 UTC [27] LOG:  checkpoint complete: wrote 136 buffers (0.8%); 0 WAL file(s) added, 0 removed, 0 recycled; write=13.926 s, sync=0.021 s, total=13.959 s; sync files=28, longest=0.003 s, average=0.001 s; distance=2267 kB, estimate=3968 kB; lsn=0/AF40FC18, redo lsn=0/AF3EC2B8"}
{"ts": "2026-08-11T13:29:33.495445328Z", "container": "prefect-postgres", "msg": "2026-08-11 13:29:33.495 UTC [27] LOG:  checkpoint starting: time"}
{"ts": "2026-08-11T13:29:43.646974288Z", "container": "prefect-postgres", "msg": "2026-08-11 13:29:43.646 UTC [27] LOG:  checkpoint complete: wrote 96 buffers (0.6%); 0 WAL file(s) added, 0 removed, 0 recycled; write=10.125 s, sync=0.014 s, total=10.152 s; sync files=27, longest=0.003 s, average=0.001 s; distance=2253 kB, estimate=3797 kB; lsn=0/AF635EC0, redo lsn=0/AF61F870"}
{"ts": "2026-08-11T13:34:33.740477860Z", "container": "prefect-postgres", "msg": "2026-08-11 13:34:33.740 UTC [27] LOG:  checkpoint starting: time"}
{"ts": "2026-08-11T13:34:45.090331795Z", "container": "prefect-postgres", "msg": "2026-08-11 13:34:45.090 UTC [27] LOG:  checkpoint complete: wrote 107 buffers (0.7%); 0 WAL file(s) added, 0 removed, 0 recycled; write=11.324 s, sync=0.013 s, total=11.350 s; sync files=27, longest=0.003 s, average=0.001 s; distance=2222 kB, estimate=3639 kB; lsn=0/AF866F80, redo lsn=0/AF84B3F8"}
{"ts": "2026-08-11T13:39:33.182780102Z", "container": "prefect-postgres", "msg": "2026-08-11 13:39:33.182 UTC [27] LOG:  checkpoint starting: time"}
{"ts": "2026-08-11T13:39:45.337075921Z", "container": "prefect-postgres", "msg": "2026-08-11 13:39:45.336 UTC [27] LOG:  checkpoint complete: wrote 110 buffers (0.7%); 0 WAL file(s) added, 0 removed, 0 recycled; write=12.128 s, sync=0.015 s, total=12.155 s; sync files=28, longest=0.003 s, average=0.001 s; distance=2306 kB, estimate=3506 kB; lsn=0/AFAABA78, redo lsn=0/AFA8BCF8"}
{"ts": "2026-08-11T13:44:33.435477461Z", "container": "prefect-postgres", "msg": "2026-08-11 13:44:33.435 UTC [27] LOG:  checkpoint starting: time"}
{"ts": "2026-08-11T13:44:41.885119207Z", "container": "prefect-postgres", "msg": "2026-08-11 13:44:41.885 UTC [27] LOG:  checkpoint complete: wrote 75 buffers (0.5%); 0 WAL file(s) added, 0 removed, 0 recycled; write=8.419 s, sync=0.020 s, total=8.450 s; sync files=27, longest=0.004 s, average=0.001 s; distance=2271 kB, estimate=3382 kB; lsn=0/AFCDD970, redo lsn=0/AFCC3A98"}
{"ts": "2026-08-11T13:49:33.983442428Z", "container": "prefect-postgres", "msg": "2026-08-11 13:49:33.983 UTC [27] LOG:  checkpoint starting: time"}
{"ts": "2026-08-11T13:49:42.335028132Z", "container": "prefect-postgres", "msg": "2026-08-11 13:49:42.334 UTC [27] LOG:  checkpoint complete: wrote 76 buffers (0.5%); 0 WAL file(s) added, 0 removed, 0 recycled; write=8.322 s, sync=0.016 s, total=8.352 s; sync files=30, longest=0.004 s, average=0.001 s; distance=2318 kB, estimate=3276 kB; lsn=0/AFF1D8B8, redo lsn=0/AFF07628"}
{"ts": "2026-08-11T13:54:33.431884464Z", "container": "prefect-postgres", "msg": "2026-08-11 13:54:33.431 UTC [27] LOG:  checkpoint starting: time"}
{"ts": "2026-08-11T13:54:45.393244803Z", "container": "prefect-postgres", "msg": "2026-08-11 13:54:45.393 UTC [27] LOG:  checkpoint complete: wrote 110 buffers (0.7%); 0 WAL file(s) added, 0 removed, 1 recycled; write=11.926 s, sync=0.021 s, total=11.962 s; sync files=27, longest=0.004 s, average=0.001 s; distance=2256 kB, estimate=3174 kB; lsn=0/B0157E38, redo lsn=0/B013B7E0"}
{"ts": "2026-08-11T13:59:33.491472269Z", "container": "prefect-postgres", "msg": "2026-08-11 13:59:33.491 UTC [27] LOG:  checkpoint starting: time"}
{"ts": "2026-08-11T13:59:47.841016112Z", "container": "prefect-postgres", "msg": "2026-08-11 13:59:47.840 UTC [27] LOG:  checkpoint complete: wrote 136 buffers (0.8%); 0 WAL file(s) added, 0 removed, 0 recycled; write=14.328 s, sync=0.009 s, total=14.350 s; sync files=27, longest=0.003 s, average=0.001 s; distance=2251 kB, estimate=3082 kB; lsn=0/B0393BA0, redo lsn=0/B036E3F0"}
{"ts": "2026-08-11T14:04:33.941125777Z", "container": "prefect-postgres", "msg": "2026-08-11 14:04:33.941 UTC [27] LOG:  checkpoint starting: time"}
{"ts": "2026-08-11T14:04:48.603989918Z", "container": "prefect-postgres", "msg": "2026-08-11 14:04:48.603 UTC [27] LOG:  checkpoint complete: wrote 137 buffers (0.8%); 0 WAL file(s) added, 0 removed, 0 recycled; write=14.629 s, sync=0.021 s, total=14.663 s; sync files=27, longest=0.003 s, average=0.001 s; distance=2172 kB, estimate=2991 kB; lsn=0/B05B62C8, redo lsn=0/B058D570"}
{"ts": "2026-08-11T14:09:33.703480710Z", "container": "prefect-postgres", "msg": "2026-08-11 14:09:33.703 UTC [27] LOG:  checkpoint starting: time"}
{"ts": "2026-08-11T14:09:43.643936758Z", "container": "prefect-postgres", "msg": "2026-08-11 14:09:43.643 UTC [27] LOG:  checkpoint complete: wrote 93 buffers (0.6%); 0 WAL file(s) added, 0 removed, 0 recycled; write=9.921 s, sync=0.009 s, total=9.941 s; sync files=27, longest=0.004 s, average=0.001 s; distance=2129 kB, estimate=2904 kB; lsn=0/B07B56B8, redo lsn=0/B07A1B38"}
{"ts": "2026-08-11T14:14:33.744069476Z", "container": "prefect-postgres", "msg": "2026-08-11 14:14:33.743 UTC [27] LOG:  checkpoint starting: time"}
{"ts": "2026-08-11T14:14:47.300986532Z", "container": "prefect-postgres", "msg": "2026-08-11 14:14:47.300 UTC [27] LOG:  checkpoint complete: wrote 128 buffers (0.8%); 0 WAL file(s) added, 0 removed, 0 recycled; write=13.526 s, sync=0.017 s, total=13.557 s; sync files=27, longest=0.004 s, average=0.001 s; distance=2115 kB, estimate=2826 kB; lsn=0/B09D3FD8, redo lsn=0/B09B2AA8"}
{"ts": "2026-08-11T14:19:33.399504409Z", "container": "prefect-postgres", "msg": "2026-08-11 14:19:33.399 UTC [27] LOG:  checkpoint starting: time"}
{"ts": "2026-08-11T14:19:46.652371125Z", "container": "prefect-postgres", "msg": "2026-08-11 14:19:46.652 UTC [27] LOG:  checkpoint complete: wrote 128 buffers (0.8%); 0 WAL file(s) added, 0 removed, 0 recycled; write=13.226 s, sync=0.014 s, total=13.253 s; sync files=28, longest=0.004 s, average=0.001 s; distance=2057 kB, estimate=2749 kB; lsn=0/B0BD3D40, redo lsn=0/B0BB4F28"}
{"ts": "2026-08-11T14:24:33.751470560Z", "container": "prefect-postgres", "msg": "2026-08-11 14:24:33.751 UTC [27] LOG:  checkpoint starting: time"}
{"ts": "2026-08-11T14:24:39.694578207Z", "container": "prefect-postgres", "msg": "2026-08-11 14:24:39.694 UTC [27] LOG:  checkpoint complete: wrote 50 buffers (0.3%); 0 WAL file(s) added, 0 removed, 0 recycled; write=5.913 s, sync=0.017 s, total=5.944 s; sync files=27, longest=0.004 s, average=0.001 s; distance=2172 kB, estimate=2691 kB; lsn=0/B0DE7B78, redo lsn=0/B0DD40D8"}
{"ts": "2026-08-11T14:29:33.793016702Z", "container": "prefect-postgres", "msg": "2026-08-11 14:29:33.792 UTC [27] LOG:  checkpoint starting: time"}
{"ts": "2026-08-11T14:29:44.847177224Z", "container": "prefect-postgres", "msg": "2026-08-11 14:29:44.847 UTC [27] LOG:  checkpoint complete: wrote 108 buffers (0.7%); 0 WAL file(s) added, 0 removed, 0 recycled; write=11.024 s, sync=0.017 s, total=11.055 s; sync files=27, longest=0.004 s, average=0.001 s; distance=2040 kB, estimate=2626 kB; lsn=0/B0FEE258, redo lsn=0/B0FD2290"}
{"ts": "2026-08-11T14:34:33.944636955Z", "container": "prefect-postgres", "msg": "2026-08-11 14:34:33.944 UTC [27] LOG:  checkpoint starting: time"}
{"ts": "2026-08-11T14:34:43.993154161Z", "container": "prefect-postgres", "msg": "2026-08-11 14:34:43.993 UTC [27] LOG:  checkpoint complete: wrote 98 buffers (0.6%); 0 WAL file(s) added, 0 removed, 1 recycled; write=10.023 s, sync=0.011 s, total=10.049 s; sync files=27, longest=0.003 s, average=0.001 s; distance=2148 kB, estimate=2578 kB; lsn=0/B12048A0, redo lsn=0/B11EB2B0"}
{"ts": "2026-08-11T14:39:34.060608173Z", "container": "prefect-postgres", "msg": "2026-08-11 14:39:34.060 UTC [27] LOG:  checkpoint starting: time"}
{"ts": "2026-08-11T14:39:43.911897036Z", "container": "prefect-postgres", "msg": "2026-08-11 14:39:43.911 UTC [27] LOG:  checkpoint complete: wrote 95 buffers (0.6%); 0 WAL file(s) added, 0 removed, 0 recycled; write=9.825 s, sync=0.013 s, total=9.852 s; sync files=27, longest=0.004 s, average=0.001 s; distance=2156 kB, estimate=2536 kB; lsn=0/B141B820, redo lsn=0/B1406600"}
{"ts": "2026-08-11T14:44:35.011475293Z", "container": "prefect-postgres", "msg": "2026-08-11 14:44:35.011 UTC [27] LOG:  checkpoint starting: time"}
{"ts": "2026-08-11T14:44:49.276174589Z", "container": "prefect-postgres", "msg": "2026-08-11 14:44:49.276 UTC [27] LOG:  checkpoint complete: wrote 132 buffers (0.8%); 0 WAL file(s) added, 0 removed, 0 recycled; write=14.225 s, sync=0.025 s, total=14.265 s; sync files=27, longest=0.004 s, average=0.001 s; distance=2070 kB, estimate=2489 kB; lsn=0/B162D1F8, redo lsn=0/B160C160"}
{"ts": "2026-08-11T14:49:35.376089935Z", "container": "prefect-postgres", "msg": "2026-08-11 14:49:35.375 UTC [27] LOG:  checkpoint starting: time"}
{"ts": "2026-08-11T14:49:50.032095726Z", "container": "prefect-postgres", "msg": "2026-08-11 14:49:50.031 UTC [27] LOG:  checkpoint complete: wrote 135 buffers (0.8%); 0 WAL file(s) added, 0 removed, 0 recycled; write=14.627 s, sync=0.019 s, total=14.657 s; sync files=28, longest=0.004 s, average=0.001 s; distance=2136 kB, estimate=2454 kB; lsn=0/B1846F58, redo lsn=0/B1822538"}
{"ts": "2026-08-11T14:54:35.131484778Z", "container": "prefect-postgres", "msg": "2026-08-11 14:54:35.131 UTC [27] LOG:  checkpoint starting: time"}
{"ts": "2026-08-11T14:54:41.263968265Z", "container": "prefect-postgres", "msg": "2026-08-11 14:54:41.263 UTC [27] LOG:  checkpoint complete: wrote 58 buffers (0.4%); 0 WAL file(s) added, 0 removed, 0 recycled; write=6.113 s, sync=0.007 s, total=6.133 s; sync files=27, longest=0.003 s, average=0.001 s; distance=2103 kB, estimate=2419 kB; lsn=0/B1A40938, redo lsn=0/B1A30178"}
{"ts": "2026-08-11T14:59:35.362368467Z", "container": "prefect-postgres", "msg": "2026-08-11 14:59:35.362 UTC [27] LOG:  checkpoint starting: time"}
{"ts": "2026-08-11T14:59:40.504721525Z", "container": "prefect-postgres", "msg": "2026-08-11 14:59:40.504 UTC [27] LOG:  checkpoint complete: wrote 48 buffers (0.3%); 0 WAL file(s) added, 0 removed, 0 recycled; write=5.116 s, sync=0.014 s, total=5.143 s; sync files=27, longest=0.003 s, average=0.001 s; distance=2093 kB, estimate=2386 kB; lsn=0/B1C48210, redo lsn=0/B1C3B7E8"}
{"ts": "2026-08-11T15:04:35.558786628Z", "container": "prefect-postgres", "msg": "2026-08-11 15:04:35.558 UTC [27] LOG:  checkpoint starting: time"}
{"ts": "2026-08-11T15:04:45.005713236Z", "container": "prefect-postgres", "msg": "2026-08-11 15:04:45.005 UTC [27] LOG:  checkpoint complete: wrote 83 buffers (0.5%); 0 WAL file(s) added, 0 removed, 0 recycled; write=9.417 s, sync=0.021 s, total=9.447 s; sync files=27, longest=0.004 s, average=0.001 s; distance=2120 kB, estimate=2360 kB; lsn=0/B1E64B90, redo lsn=0/B1E4D950"}
{"ts": "2026-08-11T15:09:35.100851801Z", "container": "prefect-postgres", "msg": "2026-08-11 15:09:35.100 UTC [27] LOG:  checkpoint starting: time"}
{"ts": "2026-08-11T15:09:45.329020482Z", "container": "prefect-postgres", "msg": "2026-08-11 15:09:45.328 UTC [27] LOG:  checkpoint complete: wrote 97 buffers (0.6%); 0 WAL file(s) added, 0 removed, 1 recycled; write=10.218 s, sync=0.004 s, total=10.229 s; sync files=27, longest=0.002 s, average=0.001 s; distance=2024 kB, estimate=2326 kB; lsn=0/B2065730, redo lsn=0/B2047C68"}
{"ts": "2026-08-11T15:14:35.429141321Z", "container": "prefect-postgres", "msg": "2026-08-11 15:14:35.429 UTC [27] LOG:  checkpoint starting: time"}
{"ts": "2026-08-11T15:14:47.580979408Z", "container": "prefect-postgres", "msg": "2026-08-11 15:14:47.580 UTC [27] LOG:  checkpoint complete: wrote 116 buffers (0.7%); 0 WAL file(s) added, 0 removed, 0 recycled; write=12.127 s, sync=0.014 s, total=12.152 s; sync files=29, longest=0.003 s, average=0.001 s; distance=2184 kB, estimate=2312 kB; lsn=0/B2286D70, redo lsn=0/B2269E68"}
{"ts": "2026-08-11T15:19:35.651701933Z", "container": "prefect-postgres", "msg": "2026-08-11 15:19:35.651 UTC [27] LOG:  checkpoint starting: time"}
{"ts": "2026-08-11T15:19:48.208105301Z", "container": "prefect-postgres", "msg": "2026-08-11 15:19:48.208 UTC [27] LOG:  checkpoint complete: wrote 113 buffers (0.7%); 0 WAL file(s) added, 0 removed, 0 recycled; write=12.527 s, sync=0.016 s, total=12.557 s; sync files=27, longest=0.003 s, average=0.001 s; distance=2181 kB, estimate=2299 kB; lsn=0/B24A9E58, redo lsn=0/B248B2B0"}
{"ts": "2026-08-11T15:24:35.307477974Z", "container": "prefect-postgres", "msg": "2026-08-11 15:24:35.307 UTC [27] LOG:  checkpoint starting: time"}
{"ts": "2026-08-11T15:24:44.552293142Z", "container": "prefect-postgres", "msg": "2026-08-11 15:24:44.552 UTC [27] LOG:  checkpoint complete: wrote 75 buffers (0.5%); 0 WAL file(s) added, 0 removed, 0 recycled; write=9.219 s, sync=0.012 s, total=9.245 s; sync files=27, longest=0.004 s, average=0.001 s; distance=2173 kB, estimate=2286 kB; lsn=0/B26C44C8, redo lsn=0/B26AA990"}
{"ts": "2026-08-11T15:29:35.651494804Z", "container": "prefect-postgres", "msg": "2026-08-11 15:29:35.651 UTC [27] LOG:  checkpoint starting: time"}
{"ts": "2026-08-11T15:29:46.391941574Z", "container": "prefect-postgres", "msg": "2026-08-11 15:29:46.391 UTC [27] LOG:  checkpoint complete: wrote 104 buffers (0.6%); 0 WAL file(s) added, 0 removed, 0 recycled; write=10.719 s, sync=0.009 s, total=10.741 s; sync files=27, longest=0.003 s, average=0.001 s; distance=2178 kB, estimate=2275 kB; lsn=0/B28E4B58, redo lsn=0/B28CB378"}
{"ts": "2026-08-11T15:34:35.491457935Z", "container": "prefect-postgres", "msg": "2026-08-11 15:34:35.491 UTC [27] LOG:  checkpoint starting: time"}
{"ts": "2026-08-11T15:34:44.433204940Z", "container": "prefect-postgres", "msg": "2026-08-11 15:34:44.433 UTC [27] LOG:  checkpoint complete: wrote 85 buffers (0.5%); 0 WAL file(s) added, 0 removed, 0 recycled; write=8.918 s, sync=0.012 s, total=8.942 s; sync files=27, longest=0.003 s, average=0.001 s; distance=2057 kB, estimate=2254 kB; lsn=0/B2AE1290, redo lsn=0/B2ACDB58"}
{"ts": "2026-08-11T15:39:35.533281176Z", "container": "prefect-postgres", "msg": "2026-08-11 15:39:35.533 UTC [27] LOG:  checkpoint starting: time"}
{"ts": "2026-08-11T15:39:42.675761801Z", "container": "prefect-postgres", "msg": "2026-08-11 15:39:42.675 UTC [27] LOG:  checkpoint complete: wrote 65 buffers (0.4%); 0 WAL file(s) added, 0 removed, 0 recycled; write=7.115 s, sync=0.014 s, total=7.143 s; sync files=28, longest=0.004 s, average=0.001 s; distance=2183 kB, estimate=2247 kB; lsn=0/B2D06CF8, redo lsn=0/B2CEF990"}
{"ts": "2026-08-11T15:44:35.775902513Z", "container": "prefect-postgres", "msg": "2026-08-11 15:44:35.775 UTC [27] LOG:  checkpoint starting: time"}
{"ts": "2026-08-11T15:44:41.110032140Z", "container": "prefect-postgres", "msg": "2026-08-11 15:44:41.109 UTC [27] LOG:  checkpoint complete: wrote 50 buffers (0.3%); 0 WAL file(s) added, 0 removed, 0 recycled; write=5.310 s, sync=0.011 s, total=5.335 s; sync files=28, longest=0.004 s, average=0.001 s; distance=2115 kB, estimate=2233 kB; lsn=0/B2F0CD98, redo lsn=0/B2F00658"}
{"ts": "2026-08-11T15:49:35.208173149Z", "container": "prefect-postgres", "msg": "2026-08-11 15:49:35.208 UTC [27] LOG:  checkpoint starting: time"}
{"ts": "2026-08-11T15:49:44.559890686Z", "container": "prefect-postgres", "msg": "2026-08-11 15:49:44.559 UTC [27] LOG:  checkpoint complete: wrote 63 buffers (0.4%); 0 WAL file(s) added, 0 removed, 1 recycled; write=9.322 s, sync=0.013 s, total=9.352 s; sync files=27, longest=0.004 s, average=0.001 s; distance=2133 kB, estimate=2223 kB; lsn=0/B3131600, redo lsn=0/B3115D20"}
{"ts": "2026-08-11T15:54:35.660004218Z", "container": "prefect-postgres", "msg": "2026-08-11 15:54:35.659 UTC [27] LOG:  checkpoint starting: time"}
{"ts": "2026-08-11T15:54:45.695998685Z", "container": "prefect-postgres", "msg": "2026-08-11 15:54:45.695 UTC [27] LOG:  checkpoint complete: wrote 41 buffers (0.3%); 0 WAL file(s) added, 0 removed, 0 recycled; write=10.021 s, sync=0.003 s, total=10.036 s; sync files=27, longest=0.001 s, average=0.001 s; distance=2186 kB, estimate=2220 kB; lsn=0/B3351600, redo lsn=0/B3338870"}
{"ts": "2026-08-11T15:59:35.795474197Z", "container": "prefect-postgres", "msg": "2026-08-11 15:59:35.795 UTC [27] LOG:  checkpoint starting: time"}
{"ts": "2026-08-11T15:59:46.746965225Z", "container": "prefect-postgres", "msg": "2026-08-11 15:59:46.746 UTC [27] LOG:  checkpoint complete: wrote 102 buffers (0.6%); 0 WAL file(s) added, 0 removed, 0 recycled; write=10.923 s, sync=0.015 s, total=10.952 s; sync files=27, longest=0.004 s, average=0.001 s; distance=2119 kB, estimate=2210 kB; lsn=0/B3567DC0, redo lsn=0/B354A608"}
{"ts": "2026-08-11T16:04:35.847105073Z", "container": "prefect-postgres", "msg": "2026-08-11 16:04:35.846 UTC [27] LOG:  checkpoint starting: time"}
{"ts": "2026-08-11T16:04:45.200264465Z", "container": "prefect-postgres", "msg": "2026-08-11 16:04:45.200 UTC [27] LOG:  checkpoint complete: wrote 83 buffers (0.5%); 0 WAL file(s) added, 0 removed, 0 recycled; write=9.325 s, sync=0.014 s, total=9.354 s; sync files=145, longest=0.004 s, average=0.001 s; distance=4234 kB, estimate=4234 kB; lsn=0/B39874E8, redo lsn=0/B396D180"}
{"ts": "2026-08-11T16:09:35.299491159Z", "container": "prefect-postgres", "msg": "2026-08-11 16:09:35.299 UTC [27] LOG:  checkpoint starting: time"}
{"ts": "2026-08-11T16:09:40.639632378Z", "container": "prefect-postgres", "msg": "2026-08-11 16:09:40.639 UTC [27] LOG:  checkpoint complete: wrote 47 buffers (0.3%); 0 WAL file(s) added, 0 removed, 0 recycled; write=5.310 s, sync=0.017 s, total=5.341 s; sync files=29, longest=0.004 s, average=0.001 s; distance=2073 kB, estimate=4018 kB; lsn=0/B3B88400, redo lsn=0/B3B738B0"}
{"ts": "2026-08-11T16:14:35.739479800Z", "container": "prefect-postgres", "msg": "2026-08-11 16:14:35.739 UTC [27] LOG:  checkpoint starting: time"}
{"ts": "2026-08-11T16:14:46.594152549Z", "container": "prefect-postgres", "msg": "2026-08-11 16:14:46.594 UTC [27] LOG:  checkpoint complete: wrote 102 buffers (0.6%); 0 WAL file(s) added, 0 removed, 0 recycled; write=10.820 s, sync=0.022 s, total=10.855 s; sync files=27, longest=0.004 s, average=0.001 s; distance=2127 kB, estimate=3829 kB; lsn=0/B3DA3330, redo lsn=0/B3D87720"}
{"ts": "2026-08-11T16:19:35.687506772Z", "container": "prefect-postgres", "msg": "2026-08-11 16:19:35.687 UTC [27] LOG:  checkpoint starting: time"}
{"ts": "2026-08-11T16:19:41.626227386Z", "container": "prefect-postgres", "msg": "2026-08-11 16:19:41.626 UTC [27] LOG:  checkpoint complete: wrote 57 buffers (0.3%); 0 WAL file(s) added, 0 removed, 1 recycled; write=5.916 s, sync=0.009 s, total=5.939 s; sync files=137, longest=0.003 s, average=0.001 s; distance=3977 kB, estimate=3977 kB; lsn=0/B4175F20, redo lsn=0/B4169CD0"}
{"ts": "2026-08-11T16:24:35.726345816Z", "container": "prefect-postgres", "msg": "2026-08-11 16:24:35.726 UTC [27] LOG:  checkpoint starting: time"}
{"ts": "2026-08-11T16:24:40.759447600Z", "container": "prefect-postgres", "msg": "2026-08-11 16:24:40.759 UTC [27] LOG:  checkpoint complete: wrote 49 buffers (0.3%); 0 WAL file(s) added, 0 removed, 0 recycled; write=5.010 s, sync=0.010 s, total=5.034 s; sync files=27, longest=0.003 s, average=0.001 s; distance=2150 kB, estimate=3794 kB; lsn=0/B43901B0, redo lsn=0/B4383700"}
{"ts": "2026-08-11T16:29:35.859494502Z", "container": "prefect-postgres", "msg": "2026-08-11 16:29:35.859 UTC [27] LOG:  checkpoint starting: time"}
{"ts": "2026-08-11T16:29:43.007949005Z", "container": "prefect-postgres", "msg": "2026-08-11 16:29:43.007 UTC [27] LOG:  checkpoint complete: wrote 66 buffers (0.4%); 0 WAL file(s) added, 0 removed, 0 recycled; write=7.119 s, sync=0.017 s, total=7.149 s; sync files=29, longest=0.003 s, average=0.001 s; distance=1985 kB, estimate=3613 kB; lsn=0/B457E930, redo lsn=0/B4573B78"}
{"ts": "2026-08-11T16:34:35.096974831Z", "container": "prefect-postgres", "msg": "2026-08-11 16:34:35.096 UTC [27] LOG:  checkpoint starting: time"}
{"ts": "2026-08-11T16:34:39.728942556Z", "container": "prefect-postgres", "msg": "2026-08-11 16:34:39.728 UTC [27] LOG:  checkpoint complete: wrote 47 buffers (0.3%); 0 WAL file(s) added, 0 removed, 0 recycled; write=4.615 s, sync=0.008 s, total=4.632 s; sync files=134, longest=0.003 s, average=0.001 s; distance=2437 kB, estimate=3496 kB; lsn=0/B47D9BF0, redo lsn=0/B47D5118"}
{"ts": "2026-08-11T16:39:35.827473025Z", "container": "prefect-postgres", "msg": "2026-08-11 16:39:35.827 UTC [27] LOG:  checkpoint starting: time"}
{"ts": "2026-08-11T16:39:41.160972048Z", "container": "prefect-postgres", "msg": "2026-08-11 16:39:41.160 UTC [27] LOG:  checkpoint complete: wrote 48 buffers (0.3%); 0 WAL file(s) added, 0 removed, 0 recycled; write=5.310 s, sync=0.012 s, total=5.334 s; sync files=29, longest=0.002 s, average=0.001 s; distance=977 kB, estimate=3244 kB; lsn=0/B48D6968, redo lsn=0/B48C96F0"}
{"ts": "2026-08-11T16:44:35.242312214Z", "container": "prefect-postgres", "msg": "2026-08-11 16:44:35.242 UTC [27] LOG:  checkpoint starting: time"}
{"ts": "2026-08-11T16:44:40.177248114Z", "container": "prefect-postgres", "msg": "2026-08-11 16:44:40.177 UTC [27] LOG:  checkpoint complete: wrote 48 buffers (0.3%); 0 WAL file(s) added, 0 removed, 0 recycled; write=4.913 s, sync=0.011 s, total=4.935 s; sync files=27, longest=0.003 s, average=0.001 s; distance=1006 kB, estimate=3020 kB; lsn=0/B49CF8C8, redo lsn=0/B49C50B0"}
{"ts": "2026-08-11T16:49:35.277312895Z", "container": "prefect-postgres", "msg": "2026-08-11 16:49:35.277 UTC [27] LOG:  checkpoint starting: time"}
{"ts": "2026-08-11T16:49:40.816118731Z", "container": "prefect-postgres", "msg": "2026-08-11 16:49:40.816 UTC [27] LOG:  checkpoint complete: wrote 55 buffers (0.3%); 0 WAL file(s) added, 0 removed, 0 recycled; write=5.515 s, sync=0.011 s, total=5.539 s; sync files=131, longest=0.003 s, average=0.001 s; distance=2715 kB, estimate=2989 kB; lsn=0/B4C74B18, redo lsn=0/B4C6BE70"}
{"ts": "2026-08-11T16:54:35.916280076Z", "container": "prefect-postgres", "msg": "2026-08-11 16:54:35.916 UTC [27] LOG:  checkpoint starting: time"}
{"ts": "2026-08-11T16:54:40.559349536Z", "container": "prefect-postgres", "msg": "2026-08-11 16:54:40.559 UTC [27] LOG:  checkpoint complete: wrote 44 buffers (0.3%); 0 WAL file(s) added, 0 removed, 0 recycled; write=4.616 s, sync=0.014 s, total=4.644 s; sync files=27, longest=0.004 s, average=0.001 s; distance=998 kB, estimate=2790 kB; lsn=0/B4D6BEC8, redo lsn=0/B4D65978"}
{"ts": "2026-08-11T16:59:35.657355622Z", "container": "prefect-postgres", "msg": "2026-08-11 16:59:35.657 UTC [27] LOG:  checkpoint starting: time"}
{"ts": "2026-08-11T16:59:38.983805876Z", "container": "prefect-postgres", "msg": "2026-08-11 16:59:38.983 UTC [27] LOG:  checkpoint complete: wrote 34 buffers (0.2%); 0 WAL file(s) added, 0 removed, 0 recycled; write=3.310 s, sync=0.006 s, total=3.327 s; sync files=27, longest=0.003 s, average=0.001 s; distance=976 kB, estimate=2609 kB; lsn=0/B4E609C8, redo lsn=0/B4E59C90"}
{"ts": "2026-08-11T17:04:36.083912110Z", "container": "prefect-postgres", "msg": "2026-08-11 17:04:36.083 UTC [27] LOG:  checkpoint starting: time"}
{"ts": "2026-08-11T17:04:41.820462793Z", "container": "prefect-postgres", "msg": "2026-08-11 17:04:41.820 UTC [27] LOG:  checkpoint complete: wrote 55 buffers (0.3%); 0 WAL file(s) added, 0 removed, 0 recycled; write=5.715 s, sync=0.008 s, total=5.737 s; sync files=28, longest=0.003 s, average=0.001 s; distance=1010 kB, estimate=2449 kB; lsn=0/B4F5D288, redo lsn=0/B4F56560"}
{"ts": "2026-08-11T17:09:36.919492102Z", "container": "prefect-postgres", "msg": "2026-08-11 17:09:36.919 UTC [27] LOG:  checkpoint starting: time"}
{"ts": "2026-08-11T17:09:41.367028351Z", "container": "prefect-postgres", "msg": "2026-08-11 17:09:41.366 UTC [27] LOG:  checkpoint complete: wrote 43 buffers (0.3%); 0 WAL file(s) added, 0 removed, 1 recycled; write=4.417 s, sync=0.015 s, total=4.448 s; sync files=27, longest=0.004 s, average=0.001 s; distance=962 kB, estimate=2300 kB; lsn=0/B504F3E8, redo lsn=0/B5046E30"}
{"ts": "2026-08-11T17:14:36.463477517Z", "container": "prefect-postgres", "msg": "2026-08-11 17:14:36.463 UTC [27] LOG:  checkpoint starting: time"}
{"ts": "2026-08-11T17:14:39.398003036Z", "container": "prefect-postgres", "msg": "2026-08-11 17:14:39.397 UTC [27] LOG:  checkpoint complete: wrote 29 buffers (0.2%); 0 WAL file(s) added, 0 removed, 0 recycled; write=2.910 s, sync=0.012 s, total=2.935 s; sync files=27, longest=0.004 s, average=0.001 s; distance=982 kB, estimate=2169 kB; lsn=0/B5141698, redo lsn=0/B513C9E0"}
{"ts": "2026-08-11T17:19:36.495499757Z", "container": "prefect-postgres", "msg": "2026-08-11 17:19:36.495 UTC [27] LOG:  checkpoint starting: time"}
{"ts": "2026-08-11T17:19:39.529292802Z", "container": "prefect-postgres", "msg": "2026-08-11 17:19:39.529 UTC [27] LOG:  checkpoint complete: wrote 29 buffers (0.2%); 0 WAL file(s) added, 0 removed, 0 recycled; write=3.008 s, sync=0.014 s, total=3.034 s; sync files=27, longest=0.004 s, average=0.001 s; distance=1016 kB, estimate=2053 kB; lsn=0/B5242D58, redo lsn=0/B523AAB8"}
{"ts": "2026-08-11T17:24:36.627493344Z", "container": "prefect-postgres", "msg": "2026-08-11 17:24:36.627 UTC [27] LOG:  checkpoint starting: time"}
{"ts": "2026-08-11T17:24:39.866912820Z", "container": "prefect-postgres", "msg": "2026-08-11 17:24:39.866 UTC [27] LOG:  checkpoint complete: wrote 32 buffers (0.2%); 0 WAL file(s) added, 0 removed, 0 recycled; write=3.214 s, sync=0.014 s, total=3.240 s; sync files=27, longest=0.004 s, average=0.001 s; distance=979 kB, estimate=1946 kB; lsn=0/B53378A0, redo lsn=0/B532F8A8"}
{"ts": "2026-08-11T17:29:36.967032490Z", "container": "prefect-postgres", "msg": "2026-08-11 17:29:36.966 UTC [27] LOG:  checkpoint starting: time"}
{"ts": "2026-08-11T17:29:38.700574957Z", "container": "prefect-postgres", "msg": "2026-08-11 17:29:38.700 UTC [27] LOG:  checkpoint complete: wrote 18 buffers (0.1%); 0 WAL file(s) added, 0 removed, 0 recycled; write=1.707 s, sync=0.012 s, total=1.734 s; sync files=30, longest=0.003 s, average=0.001 s; distance=973 kB, estimate=1849 kB; lsn=0/B5428240, redo lsn=0/B5422F48"}
{"ts": "2026-08-11T17:34:36.799458022Z", "container": "prefect-postgres", "msg": "2026-08-11 17:34:36.799 UTC [27] LOG:  checkpoint starting: time"}
{"ts": "2026-08-11T17:34:42.637863443Z", "container": "prefect-postgres", "msg": "2026-08-11 17:34:42.637 UTC [27] LOG:  checkpoint complete: wrote 59 buffers (0.4%); 0 WAL file(s) added, 0 removed, 0 recycled; write=5.818 s, sync=0.007 s, total=5.839 s; sync files=27, longest=0.003 s, average=0.001 s; distance=1033 kB, estimate=1767 kB; lsn=0/B552ABA0, redo lsn=0/B5525610"}
{"ts": "2026-08-11T17:39:36.735472860Z", "container": "prefect-postgres", "msg": "2026-08-11 17:39:36.735 UTC [27] LOG:  checkpoint starting: time"}
{"ts": "2026-08-11T17:39:41.775878464Z", "container": "prefect-postgres", "msg": "2026-08-11 17:39:41.775 UTC [27] LOG:  checkpoint complete: wrote 47 buffers (0.3%); 0 WAL file(s) added, 0 removed, 0 recycled; write=5.017 s, sync=0.010 s, total=5.041 s; sync files=27, longest=0.002 s, average=0.001 s; distance=976 kB, estimate=1688 kB; lsn=0/B561FD10, redo lsn=0/B5619708"}
{"ts": "2026-08-11T17:44:36.875428484Z", "container": "prefect-postgres", "msg": "2026-08-11 17:44:36.875 UTC [27] LOG:  checkpoint starting: time"}
{"ts": "2026-08-11T17:44:42.117223411Z", "container": "prefect-postgres", "msg": "2026-08-11 17:44:42.117 UTC [27] LOG:  checkpoint complete: wrote 50 buffers (0.3%); 0 WAL file(s) added, 0 removed, 0 recycled; write=5.219 s, sync=0.013 s, total=5.242 s; sync files=27, longest=0.002 s, average=0.001 s; distance=978 kB, estimate=1617 kB; lsn=0/B571A550, redo lsn=0/B570E0E0"}
{"ts": "2026-08-11T17:49:36.217358342Z", "container": "prefect-postgres", "msg": "2026-08-11 17:49:36.217 UTC [27] LOG:  checkpoint starting: time"}
{"ts": "2026-08-11T17:49:42.260194157Z", "container": "prefect-postgres", "msg": "2026-08-11 17:49:42.260 UTC [27] LOG:  checkpoint complete: wrote 59 buffers (0.4%); 0 WAL file(s) added, 0 removed, 0 recycled; write=6.016 s, sync=0.013 s, total=6.043 s; sync files=27, longest=0.003 s, average=0.001 s; distance=1033 kB, estimate=1559 kB; lsn=0/B5815AD8, redo lsn=0/B5810868"}
{"ts": "2026-08-11T17:54:36.359579251Z", "container": "prefect-postgres", "msg": "2026-08-11 17:54:36.359 UTC [27] LOG:  checkpoint starting: time"}
{"ts": "2026-08-11T17:54:42.110854879Z", "container": "prefect-postgres", "msg": "2026-08-11 17:54:42.110 UTC [27] LOG:  checkpoint complete: wrote 58 buffers (0.4%); 0 WAL file(s) added, 0 removed, 0 recycled; write=5.714 s, sync=0.025 s, total=5.752 s; sync files=27, longest=0.004 s, average=0.001 s; distance=1003 kB, estimate=1503 kB; lsn=0/B591AFC0, redo lsn=0/B590B7B0"}
{"ts": "2026-08-11T17:59:36.190926476Z", "container": "prefect-postgres", "msg": "2026-08-11 17:59:36.190 UTC [27] LOG:  checkpoint starting: time"}
{"ts": "2026-08-11T17:59:40.626658122Z", "container": "prefect-postgres", "msg": "2026-08-11 17:59:40.626 UTC [27] LOG:  checkpoint complete: wrote 42 buffers (0.3%); 0 WAL file(s) added, 0 removed, 0 recycled; write=4.416 s, sync=0.009 s, total=4.436 s; sync files=28, longest=0.003 s, average=0.001 s; distance=1004 kB, estimate=1453 kB; lsn=0/B5A0CEC0, redo lsn=0/B5A06AD0"}
{"ts": "2026-08-11T18:04:36.672113132Z", "container": "prefect-postgres", "msg": "2026-08-11 18:04:36.671 UTC [27] LOG:  checkpoint starting: time"}
{"ts": "2026-08-11T18:04:39.405701660Z", "container": "prefect-postgres", "msg": "2026-08-11 18:04:39.405 UTC [27] LOG:  checkpoint complete: wrote 23 buffers (0.1%); 0 WAL file(s) added, 0 removed, 0 recycled; write=2.712 s, sync=0.010 s, total=2.734 s; sync files=28, longest=0.003 s, average=0.001 s; distance=992 kB, estimate=1407 kB; lsn=0/B5B08C68, redo lsn=0/B5AFECC0"}
{"ts": "2026-08-11T18:09:36.441874379Z", "container": "prefect-postgres", "msg": "2026-08-11 18:09:36.441 UTC [27] LOG:  checkpoint starting: time"}
{"ts": "2026-08-11T18:09:40.272614924Z", "container": "prefect-postgres", "msg": "2026-08-11 18:09:40.272 UTC [27] LOG:  checkpoint complete: wrote 35 buffers (0.2%); 0 WAL file(s) added, 0 removed, 0 recycled; write=3.808 s, sync=0.012 s, total=3.831 s; sync files=27, longest=0.003 s, average=0.001 s; distance=990 kB, estimate=1365 kB; lsn=0/B5BFE5D0, redo lsn=0/B5BF65F8"}
{"ts": "2026-08-11T18:14:36.371453231Z", "container": "prefect-postgres", "msg": "2026-08-11 18:14:36.371 UTC [27] LOG:  checkpoint starting: time"}
{"ts": "2026-08-11T18:14:40.804441265Z", "container": "prefect-postgres", "msg": "2026-08-11 18:14:40.804 UTC [27] LOG:  checkpoint complete: wrote 35 buffers (0.2%); 0 WAL file(s) added, 0 removed, 0 recycled; write=4.410 s, sync=0.012 s, total=4.434 s; sync files=27, longest=0.004 s, average=0.001 s; distance=961 kB, estimate=1325 kB; lsn=0/B5CEE550, redo lsn=0/B5CE6C18"}
{"ts": "2026-08-11T18:19:36.847470220Z", "container": "prefect-postgres", "msg": "2026-08-11 18:19:36.847 UTC [27] LOG:  checkpoint starting: time"}
{"ts": "2026-08-11T18:19:41.084595875Z", "container": "prefect-postgres", "msg": "2026-08-11 18:19:41.084 UTC [27] LOG:  checkpoint complete: wrote 38 buffers (0.2%); 0 WAL file(s) added, 0 removed, 0 recycled; write=4.210 s, sync=0.016 s, total=4.238 s; sync files=27, longest=0.004 s, average=0.001 s; distance=1036 kB, estimate=1296 kB; lsn=0/B5DF54C0, redo lsn=0/B5DE9F18"}
{"ts": "2026-08-11T18:24:36.183481985Z", "container": "prefect-postgres", "msg": "2026-08-11 18:24:36.183 UTC [27] LOG:  checkpoint starting: time"}
{"ts": "2026-08-11T18:24:42.325797714Z", "container": "prefect-postgres", "msg": "2026-08-11 18:24:42.325 UTC [27] LOG:  checkpoint complete: wrote 53 buffers (0.3%); 0 WAL file(s) added, 0 removed, 0 recycled; write=6.113 s, sync=0.016 s, total=6.143 s; sync files=27, longest=0.003 s, average=0.001 s; distance=982 kB, estimate=1265 kB; lsn=0/B5EEE9B8, redo lsn=0/B5EDFB10"}
{"ts": "2026-08-11T18:29:36.425885116Z", "container": "prefect-postgres", "msg": "2026-08-11 18:29:36.425 UTC [27] LOG:  checkpoint starting: time"}
{"ts": "2026-08-11T18:29:40.255777272Z", "container": "prefect-postgres", "msg": "2026-08-11 18:29:40.255 UTC [27] LOG:  checkpoint complete: wrote 34 buffers (0.2%); 0 WAL file(s) added, 0 removed, 0 recycled; write=3.810 s, sync=0.007 s, total=3.830 s; sync files=27, longest=0.003 s, average=0.001 s; distance=951 kB, estimate=1233 kB; lsn=0/B5FD31A0, redo lsn=0/B5FCD7E0"}
{"ts": "2026-08-11T18:34:36.355900160Z", "container": "prefect-postgres", "msg": "2026-08-11 18:34:36.355 UTC [27] LOG:  checkpoint starting: time"}
{"ts": "2026-08-11T18:34:41.394575892Z", "container": "prefect-postgres", "msg": "2026-08-11 18:34:41.394 UTC [27] LOG:  checkpoint complete: wrote 42 buffers (0.3%); 0 WAL file(s) added, 0 removed, 1 recycled; write=5.015 s, sync=0.011 s, total=5.039 s; sync files=27, longest=0.003 s, average=0.001 s; distance=1029 kB, estimate=1213 kB; lsn=0/B60D7918, redo lsn=0/B60CEC80"}
{"ts": "2026-08-11T18:39:36.467466507Z", "container": "prefect-postgres", "msg": "2026-08-11 18:39:36.467 UTC [27] LOG:  checkpoint starting: time"}
{"ts": "2026-08-11T18:39:42.414279186Z", "container": "prefect-postgres", "msg": "2026-08-11 18:39:42.414 UTC [27] LOG:  checkpoint complete: wrote 59 buffers (0.4%); 0 WAL file(s) added, 0 removed, 0 recycled; write=5.918 s, sync=0.016 s, total=5.947 s; sync files=27, longest=0.003 s, average=0.001 s; distance=971 kB, estimate=1189 kB; lsn=0/B61CAE90, redo lsn=0/B61C18A0"}
{"ts": "2026-08-11T18:44:36.511476133Z", "container": "prefect-postgres", "msg": "2026-08-11 18:44:36.511 UTC [27] LOG:  checkpoint starting: time"}
{"ts": "2026-08-11T18:44:40.851636843Z", "container": "prefect-postgres", "msg": "2026-08-11 18:44:40.851 UTC [27] LOG:  checkpoint complete: wrote 41 buffers (0.3%); 0 WAL file(s) added, 0 removed, 0 recycled; write=4.310 s, sync=0.016 s, total=4.341 s; sync files=27, longest=0.004 s, average=0.001 s; distance=956 kB, estimate=1165 kB; lsn=0/B62BD308, redo lsn=0/B62B0AE0"}
{"ts": "2026-08-11T18:49:36.951468474Z", "container": "prefect-postgres", "msg": "2026-08-11 18:49:36.951 UTC [27] LOG:  checkpoint starting: time"}
{"ts": "2026-08-11T18:49:41.883959566Z", "container": "prefect-postgres", "msg": "2026-08-11 18:49:41.883 UTC [27] LOG:  checkpoint complete: wrote 46 buffers (0.3%); 0 WAL file(s) added, 0 removed, 0 recycled; write=4.911 s, sync=0.011 s, total=4.933 s; sync files=27, longest=0.004 s, average=0.001 s; distance=1035 kB, estimate=1152 kB; lsn=0/B63BCE30, redo lsn=0/B63B3AA8"}
{"ts": "2026-08-11T18:54:36.984110665Z", "container": "prefect-postgres", "msg": "2026-08-11 18:54:36.983 UTC [27] LOG:  checkpoint starting: time"}
{"ts": "2026-08-11T18:54:40.815982751Z", "container": "prefect-postgres", "msg": "2026-08-11 18:54:40.815 UTC [27] LOG:  checkpoint complete: wrote 34 buffers (0.2%); 0 WAL file(s) added, 0 removed, 0 recycled; write=3.810 s, sync=0.011 s, total=3.832 s; sync files=29, longest=0.003 s, average=0.001 s; distance=1014 kB, estimate=1138 kB; lsn=0/B64BA988, redo lsn=0/B64B1468"}
{"ts": "2026-08-11T18:59:36.915494317Z", "container": "prefect-postgres", "msg": "2026-08-11 18:59:36.915 UTC [27] LOG:  checkpoint starting: time"}
{"ts": "2026-08-11T18:59:39.355033924Z", "container": "prefect-postgres", "msg": "2026-08-11 18:59:39.354 UTC [27] LOG:  checkpoint complete: wrote 18 buffers (0.1%); 0 WAL file(s) added, 0 removed, 0 recycled; write=2.407 s, sync=0.020 s, total=2.440 s; sync files=27, longest=0.003 s, average=0.001 s; distance=941 kB, estimate=1119 kB; lsn=0/B65A27B8, redo lsn=0/B659CBC0"}
{"ts": "2026-08-11T19:04:36.451468242Z", "container": "prefect-postgres", "msg": "2026-08-11 19:04:36.451 UTC [27] LOG:  checkpoint starting: time"}
{"ts": "2026-08-11T19:04:40.794181964Z", "container": "prefect-postgres", "msg": "2026-08-11 19:04:40.794 UTC [27] LOG:  checkpoint complete: wrote 38 buffers (0.2%); 0 WAL file(s) added, 0 removed, 0 recycled; write=4.316 s, sync=0.014 s, total=4.343 s; sync files=27, longest=0.004 s, average=0.001 s; distance=977 kB, estimate=1105 kB; lsn=0/B669DE50, redo lsn=0/B6691298"}
{"ts": "2026-08-11T19:09:36.840149255Z", "container": "prefect-postgres", "msg": "2026-08-11 19:09:36.840 UTC [27] LOG:  checkpoint starting: time"}
{"ts": "2026-08-11T19:09:43.476718062Z", "container": "prefect-postgres", "msg": "2026-08-11 19:09:43.476 UTC [27] LOG:  checkpoint complete: wrote 60 buffers (0.4%); 0 WAL file(s) added, 0 removed, 0 recycled; write=6.613 s, sync=0.011 s, total=6.637 s; sync files=27, longest=0.004 s, average=0.001 s; distance=987 kB, estimate=1093 kB; lsn=0/B6791568, redo lsn=0/B6788198"}
{"ts": "2026-08-11T19:14:36.526779699Z", "container": "prefect-postgres", "msg": "2026-08-11 19:14:36.526 UTC [27] LOG:  checkpoint starting: time"}
{"ts": "2026-08-11T19:14:42.560227078Z", "container": "prefect-postgres", "msg": "2026-08-11 19:14:42.560 UTC [27] LOG:  checkpoint complete: wrote 57 buffers (0.3%); 0 WAL file(s) added, 0 removed, 0 recycled; write=6.013 s, sync=0.009 s, total=6.034 s; sync files=26, longest=0.002 s, average=0.001 s; distance=1007 kB, estimate=1084 kB; lsn=0/B68890F0, redo lsn=0/B6884130"}
{"ts": "2026-08-11T19:19:36.659482709Z", "container": "prefect-postgres", "msg": "2026-08-11 19:19:36.659 UTC [27] LOG:  checkpoint starting: time"}
{"ts": "2026-08-11T19:19:42.598177587Z", "container": "prefect-postgres", "msg": "2026-08-11 19:19:42.598 UTC [27] LOG:  checkpoint complete: wrote 53 buffers (0.3%); 0 WAL file(s) added, 0 removed, 0 recycled; write=5.911 s, sync=0.016 s, total=5.939 s; sync files=28, longest=0.002 s, average=0.001 s; distance=1010 kB, estimate=1077 kB; lsn=0/B698F4D8, redo lsn=0/B6980B80"}
{"ts": "2026-08-11T19:24:36.697292373Z", "container": "prefect-postgres", "msg": "2026-08-11 19:24:36.697 UTC [27] LOG:  checkpoint starting: time"}
{"ts": "2026-08-11T19:24:42.933665402Z", "container": "prefect-postgres", "msg": "2026-08-11 19:24:42.933 UTC [27] LOG:  checkpoint complete: wrote 60 buffers (0.4%); 0 WAL file(s) added, 0 removed, 0 recycled; write=6.213 s, sync=0.012 s, total=6.237 s; sync files=27, longest=0.004 s, average=0.001 s; distance=972 kB, estimate=1066 kB; lsn=0/B6A820C0, redo lsn=0/B6A73F68"}
{"ts": "2026-08-11T19:29:37.031438461Z", "container": "prefect-postgres", "msg": "2026-08-11 19:29:37.031 UTC [27] LOG:  checkpoint starting: time"}
{"ts": "2026-08-11T19:29:41.974430472Z", "container": "prefect-postgres", "msg": "2026-08-11 19:29:41.974 UTC [27] LOG:  checkpoint complete: wrote 48 buffers (0.3%); 0 WAL file(s) added, 0 removed, 0 recycled; write=4.916 s, sync=0.014 s, total=4.943 s; sync files=27, longest=0.004 s, average=0.001 s; distance=970 kB, estimate=1057 kB; lsn=0/B6B722B0, redo lsn=0/B6B668F0"}
{"ts": "2026-08-11T19:34:38.071590717Z", "container": "prefect-postgres", "msg": "2026-08-11 19:34:38.071 UTC [27] LOG:  checkpoint starting: time"}
{"ts": "2026-08-11T19:34:43.304180635Z", "container": "prefect-postgres", "msg": "2026-08-11 19:34:43.304 UTC [27] LOG:  checkpoint complete: wrote 47 buffers (0.3%); 0 WAL file(s) added, 0 removed, 0 recycled; write=5.209 s, sync=0.012 s, total=5.233 s; sync files=27, longest=0.003 s, average=0.001 s; distance=1001 kB, estimate=1051 kB; lsn=0/B6C68360, redo lsn=0/B6C60F38"}
{"ts": "2026-08-11T19:39:38.376786050Z", "container": "prefect-postgres", "msg": "2026-08-11 19:39:38.376 UTC [27] LOG:  checkpoint starting: time"}
{"ts": "2026-08-11T19:39:44.720568330Z", "container": "prefect-postgres", "msg": "2026-08-11 19:39:44.720 UTC [27] LOG:  checkpoint complete: wrote 57 buffers (0.3%); 0 WAL file(s) added, 0 removed, 0 recycled; write=6.318 s, sync=0.014 s, total=6.344 s; sync files=27, longest=0.003 s, average=0.001 s; distance=991 kB, estimate=1045 kB; lsn=0/B6D62730, redo lsn=0/B6D58C88"}
{"ts": "2026-08-11T19:44:38.819453639Z", "container": "prefect-postgres", "msg": "2026-08-11 19:44:38.819 UTC [27] LOG:  checkpoint starting: time"}
{"ts": "2026-08-11T19:44:45.062415934Z", "container": "prefect-postgres", "msg": "2026-08-11 19:44:45.062 UTC [27] LOG:  checkpoint complete: wrote 59 buffers (0.4%); 0 WAL file(s) added, 0 removed, 0 recycled; write=6.218 s, sync=0.014 s, total=6.243 s; sync files=28, longest=0.003 s, average=0.001 s; distance=1007 kB, estimate=1041 kB; lsn=0/B6E5D3C0, redo lsn=0/B6E548B8"}
{"ts": "2026-08-11T19:49:38.159516951Z", "container": "prefect-postgres", "msg": "2026-08-11 19:49:38.159 UTC [27] LOG:  checkpoint starting: time"}
{"ts": "2026-08-11T19:49:43.390374933Z", "container": "prefect-postgres", "msg": "2026-08-11 19:49:43.390 UTC [27] LOG:  checkpoint complete: wrote 51 buffers (0.3%); 0 WAL file(s) added, 0 removed, 0 recycled; write=5.211 s, sync=0.010 s, total=5.231 s; sync files=28, longest=0.002 s, average=0.001 s; distance=985 kB, estimate=1036 kB; lsn=0/B6F5AFC8, redo lsn=0/B6F4B038"}
{"ts": "2026-08-11T19:54:38.487454167Z", "container": "prefect-postgres", "msg": "2026-08-11 19:54:38.487 UTC [27] LOG:  checkpoint starting: time"}
{"ts": "2026-08-11T19:54:44.429360778Z", "container": "prefect-postgres", "msg": "2026-08-11 19:54:44.429 UTC [27] LOG:  checkpoint complete: wrote 59 buffers (0.4%); 0 WAL file(s) added, 0 removed, 1 recycled; write=5.912 s, sync=0.017 s, total=5.942 s; sync files=27, longest=0.003 s, average=0.001 s; distance=993 kB, estimate=1031 kB; lsn=0/B704D7C8, redo lsn=0/B70436D0"}
{"ts": "2026-08-11T19:59:38.525271299Z", "container": "prefect-postgres", "msg": "2026-08-11 19:59:38.525 UTC [27] LOG:  checkpoint starting: time"}
{"ts": "2026-08-11T19:59:43.257405839Z", "container": "prefect-postgres", "msg": "2026-08-11 19:59:43.257 UTC [27] LOG:  checkpoint complete: wrote 43 buffers (0.3%); 0 WAL file(s) added, 0 removed, 0 recycled; write=4.715 s, sync=0.007 s, total=4.733 s; sync files=27, longest=0.003 s, average=0.001 s; distance=945 kB, estimate=1023 kB; lsn=0/B713B998, redo lsn=0/B712FD70"}
{"ts": "2026-08-11T20:04:38.355515419Z", "container": "prefect-postgres", "msg": "2026-08-11 20:04:38.355 UTC [27] LOG:  checkpoint starting: time"}
{"ts": "2026-08-11T20:04:44.892558277Z", "container": "prefect-postgres", "msg": "2026-08-11 20:04:44.892 UTC [27] LOG:  checkpoint complete: wrote 59 buffers (0.4%); 0 WAL file(s) added, 0 removed, 0 recycled; write=6.515 s, sync=0.012 s, total=6.538 s; sync files=145, longest=0.003 s, average=0.001 s; distance=2957 kB, estimate=2957 kB; lsn=0/B7419D38, redo lsn=0/B74131D0"}
{"ts": "2026-08-11T20:09:38.992648261Z", "container": "prefect-postgres", "msg": "2026-08-11 20:09:38.992 UTC [27] LOG:  checkpoint starting: time"}
{"ts": "2026-08-11T20:09:44.940130642Z", "container": "prefect-postgres", "msg": "2026-08-11 20:09:44.940 UTC [27] LOG:  checkpoint complete: wrote 60 buffers (0.4%); 0 WAL file(s) added, 0 removed, 0 recycled; write=5.917 s, sync=0.018 s, total=5.948 s; sync files=28, longest=0.003 s, average=0.001 s; distance=959 kB, estimate=2757 kB; lsn=0/B750BD40, redo lsn=0/B7502F48"}
{"ts": "2026-08-11T20:14:39.040245148Z", "container": "prefect-postgres", "msg": "2026-08-11 20:14:39.040 UTC [27] LOG:  checkpoint starting: time"}
{"ts": "2026-08-11T20:14:44.877663861Z", "container": "prefect-postgres", "msg": "2026-08-11 20:14:44.877 UTC [27] LOG:  checkpoint complete: wrote 58 buffers (0.4%); 0 WAL file(s) added, 0 removed, 0 recycled; write=5.819 s, sync=0.007 s, total=5.838 s; sync files=29, longest=0.003 s, average=0.001 s; distance=1056 kB, estimate=2587 kB; lsn=0/B7611FF8, redo lsn=0/B760B270"}
{"ts": "2026-08-11T20:19:39.941957463Z", "container": "prefect-postgres", "msg": "2026-08-11 20:19:39.941 UTC [27] LOG:  checkpoint starting: time"}
{"ts": "2026-08-11T20:19:44.076431079Z", "container": "prefect-postgres", "msg": "2026-08-11 20:19:44.076 UTC [27] LOG:  checkpoint complete: wrote 42 buffers (0.3%); 0 WAL file(s) added, 0 removed, 0 recycled; write=4.113 s, sync=0.011 s, total=4.135 s; sync files=139, longest=0.004 s, average=0.001 s; distance=2846 kB, estimate=2846 kB; lsn=0/B78DB480, redo lsn=0/B78D2E60"}
{"ts": "2026-08-11T20:24:39.175471406Z", "container": "prefect-postgres", "msg": "2026-08-11 20:24:39.175 UTC [27] LOG:  checkpoint starting: time"}
{"ts": "2026-08-11T20:24:43.209750347Z", "container": "prefect-postgres", "msg": "2026-08-11 20:24:43.209 UTC [27] LOG:  checkpoint complete: wrote 39 buffers (0.2%); 0 WAL file(s) added, 0 removed, 0 recycled; write=4.009 s, sync=0.014 s, total=4.035 s; sync files=27, longest=0.003 s, average=0.001 s; distance=933 kB, estimate=2655 kB; lsn=0/B79CC340, redo lsn=0/B79BC278"}
{"ts": "2026-08-11T20:29:39.307475895Z", "container": "prefect-postgres", "msg": "2026-08-11 20:29:39.307 UTC [27] LOG:  checkpoint starting: time"}
{"ts": "2026-08-11T20:29:42.047780119Z", "container": "prefect-postgres", "msg": "2026-08-11 20:29:42.047 UTC [27] LOG:  checkpoint complete: wrote 28 buffers (0.2%); 0 WAL file(s) added, 0 removed, 0 recycled; write=2.714 s, sync=0.014 s, total=2.741 s; sync files=29, longest=0.003 s, average=0.001 s; distance=1000 kB, estimate=2490 kB; lsn=0/B7ABECB0, redo lsn=0/B7AB65C8"}
{"ts": "2026-08-11T20:34:39.147509496Z", "container": "prefect-postgres", "msg": "2026-08-11 20:34:39.147 UTC [27] LOG:  checkpoint starting: time"}
{"ts": "2026-08-11T20:34:44.292069784Z", "container": "prefect-postgres", "msg": "2026-08-11 20:34:44.291 UTC [27] LOG:  checkpoint complete: wrote 44 buffers (0.3%); 0 WAL file(s) added, 0 removed, 0 recycled; write=5.112 s, sync=0.023 s, total=5.145 s; sync files=130, longest=0.003 s, average=0.001 s; distance=2382 kB, estimate=2479 kB; lsn=0/B7D15C60, redo lsn=0/B7D09F00"}
{"ts": "2026-08-11T20:39:39.391440597Z", "container": "prefect-postgres", "msg": "2026-08-11 20:39:39.391 UTC [27] LOG:  checkpoint starting: time"}
{"ts": "2026-08-11T20:39:42.530368456Z", "container": "prefect-postgres", "msg": "2026-08-11 20:39:42.530 UTC [27] LOG:  checkpoint complete: wrote 25 buffers (0.2%); 0 WAL file(s) added, 0 removed, 0 recycled; write=3.108 s, sync=0.020 s, total=3.139 s; sync files=30, longest=0.003 s, average=0.001 s; distance=1016 kB, estimate=2333 kB; lsn=0/B7E0DB68, redo lsn=0/B7E07FF8"}
{"ts": "2026-08-11T20:44:39.628998445Z", "container": "prefect-postgres", "msg": "2026-08-11 20:44:39.628 UTC [27] LOG:  checkpoint starting: time"}
{"ts": "2026-08-11T20:44:42.469619330Z", "container": "prefect-postgres", "msg": "2026-08-11 20:44:42.469 UTC [27] LOG:  checkpoint complete: wrote 26 buffers (0.2%); 0 WAL file(s) added, 0 removed, 0 recycled; write=2.810 s, sync=0.019 s, total=2.841 s; sync files=28, longest=0.004 s, average=0.001 s; distance=1012 kB, estimate=2201 kB; lsn=0/B7F08F58, redo lsn=0/B7F053B0"}
{"ts": "2026-08-11T20:49:39.567487161Z", "container": "prefect-postgres", "msg": "2026-08-11 20:49:39.567 UTC [27] LOG:  checkpoint starting: time"}
{"ts": "2026-08-11T20:49:44.507216075Z", "container": "prefect-postgres", "msg": "2026-08-11 20:49:44.507 UTC [27] LOG:  checkpoint complete: wrote 49 buffers (0.3%); 0 WAL file(s) added, 0 removed, 1 recycled; write=4.916 s, sync=0.011 s, total=4.940 s; sync files=142, longest=0.004 s, average=0.001 s; distance=3007 kB, estimate=3007 kB; lsn=0/B81FD438, redo lsn=0/B81F52C0"}
{"ts": "2026-08-11T20:54:39.603456690Z", "container": "prefect-postgres", "msg": "2026-08-11 20:54:39.603 UTC [27] LOG:  checkpoint starting: time"}
{"ts": "2026-08-11T20:54:43.444622558Z", "container": "prefect-postgres", "msg": "2026-08-11 20:54:43.444 UTC [27] LOG:  checkpoint complete: wrote 33 buffers (0.2%); 0 WAL file(s) added, 0 removed, 0 recycled; write=3.813 s, sync=0.018 s, total=3.842 s; sync files=26, longest=0.004 s, average=0.001 s; distance=946 kB, estimate=2801 kB; lsn=0/B82EE110, redo lsn=0/B82E1E58"}
{"ts": "2026-08-11T20:59:39.543502440Z", "container": "prefect-postgres", "msg": "2026-08-11 20:59:39.543 UTC [27] LOG:  checkpoint starting: time"}
{"ts": "2026-08-11T20:59:43.781126497Z", "container": "prefect-postgres", "msg": "2026-08-11 20:59:43.781 UTC [27] LOG:  checkpoint complete: wrote 43 buffers (0.3%); 0 WAL file(s) added, 0 removed, 0 recycled; write=4.216 s, sync=0.010 s, total=4.238 s; sync files=27, longest=0.003 s, average=0.001 s; distance=1077 kB, estimate=2629 kB; lsn=0/B83F2D20, redo lsn=0/B83EF2B0"}
{"ts": "2026-08-11T21:04:39.879521168Z", "container": "prefect-postgres", "msg": "2026-08-11 21:04:39.879 UTC [27] LOG:  checkpoint starting: time"}
{"ts": "2026-08-11T21:04:45.715313977Z", "container": "prefect-postgres", "msg": "2026-08-11 21:04:45.715 UTC [27] LOG:  checkpoint complete: wrote 58 buffers (0.4%); 0 WAL file(s) added, 0 removed, 0 recycled; write=5.815 s, sync=0.010 s, total=5.836 s; sync files=27, longest=0.003 s, average=0.001 s; distance=1005 kB, estimate=2466 kB; lsn=0/B84F5518, redo lsn=0/B84EA8C0"}
{"ts": "2026-08-11T21:09:39.811467734Z", "container": "prefect-postgres", "msg": "2026-08-11 21:09:39.811 UTC [27] LOG:  checkpoint starting: time"}
{"ts": "2026-08-11T21:09:45.051105409Z", "container": "prefect-postgres", "msg": "2026-08-11 21:09:45.050 UTC [27] LOG:  checkpoint complete: wrote 53 buffers (0.3%); 0 WAL file(s) added, 0 removed, 0 recycled; write=5.215 s, sync=0.014 s, total=5.240 s; sync files=27, longest=0.004 s, average=0.001 s; distance=991 kB, estimate=2319 kB; lsn=0/B85ECE30, redo lsn=0/B85E2718"}
{"ts": "2026-08-11T21:14:39.149228279Z", "container": "prefect-postgres", "msg": "2026-08-11 21:14:39.149 UTC [27] LOG:  checkpoint starting: time"}
{"ts": "2026-08-11T21:14:42.580689696Z", "container": "prefect-postgres", "msg": "2026-08-11 21:14:42.580 UTC [27] LOG:  checkpoint complete: wrote 30 buffers (0.2%); 0 WAL file(s) added, 0 removed, 0 recycled; write=3.411 s, sync=0.009 s, total=3.432 s; sync files=27, longest=0.003 s, average=0.001 s; distance=996 kB, estimate=2187 kB; lsn=0/B86E4918, redo lsn=0/B86DBA98"}
{"ts": "2026-08-11T21:19:39.679512924Z", "container": "prefect-postgres", "msg": "2026-08-11 21:19:39.679 UTC [27] LOG:  checkpoint starting: time"}
{"ts": "2026-08-11T21:19:43.315386857Z", "container": "prefect-postgres", "msg": "2026-08-11 21:19:43.315 UTC [27] LOG:  checkpoint complete: wrote 36 buffers (0.2%); 0 WAL file(s) added, 0 removed, 0 recycled; write=3.611 s, sync=0.014 s, total=3.636 s; sync files=26, longest=0.003 s, average=0.001 s; distance=1012 kB, estimate=2069 kB; lsn=0/B87DE0B8, redo lsn=0/B87D8D28"}
{"ts": "2026-08-11T21:24:39.386317956Z", "container": "prefect-postgres", "msg": "2026-08-11 21:24:39.386 UTC [27] LOG:  checkpoint starting: time"}
{"ts": "2026-08-11T21:24:44.123992528Z", "container": "prefect-postgres", "msg": "2026-08-11 21:24:44.123 UTC [27] LOG:  checkpoint complete: wrote 47 buffers (0.3%); 0 WAL file(s) added, 0 removed, 0 recycled; write=4.713 s, sync=0.013 s, total=4.738 s; sync files=27, longest=0.003 s, average=0.001 s; distance=960 kB, estimate=1958 kB; lsn=0/B88D3A30, redo lsn=0/B88C8F60"}
{"ts": "2026-08-11T21:29:39.223465737Z", "container": "prefect-postgres", "msg": "2026-08-11 21:29:39.223 UTC [27] LOG:  checkpoint starting: time"}
{"ts": "2026-08-11T21:29:40.558196833Z", "container": "prefect-postgres", "msg": "2026-08-11 21:29:40.558 UTC [27] LOG:  checkpoint complete: wrote 12 buffers (0.1%); 0 WAL file(s) added, 0 removed, 0 recycled; write=1.305 s, sync=0.018 s, total=1.335 s; sync files=28, longest=0.003 s, average=0.001 s; distance=992 kB, estimate=1862 kB; lsn=0/B89CD1C8, redo lsn=0/B89C10C0"}
{"ts": "2026-08-11T21:34:39.657258200Z", "container": "prefect-postgres", "msg": "2026-08-11 21:34:39.657 UTC [27] LOG:  checkpoint starting: time"}
{"ts": "2026-08-11T21:34:42.596630693Z", "container": "prefect-postgres", "msg": "2026-08-11 21:34:42.596 UTC [27] LOG:  checkpoint complete: wrote 30 buffers (0.2%); 0 WAL file(s) added, 0 removed, 0 recycled; write=2.907 s, sync=0.020 s, total=2.940 s; sync files=29, longest=0.004 s, average=0.001 s; distance=1018 kB, estimate=1777 kB; lsn=0/B8AC9230, redo lsn=0/B8ABFA68"}
{"ts": "2026-08-11T21:39:39.695472204Z", "container": "prefect-postgres", "msg": "2026-08-11 21:39:39.695 UTC [27] LOG:  checkpoint starting: time"}
{"ts": "2026-08-11T21:39:42.226209287Z", "container": "prefect-postgres", "msg": "2026-08-11 21:39:42.226 UTC [27] LOG:  checkpoint complete: wrote 24 buffers (0.1%); 0 WAL file(s) added, 0 removed, 0 recycled; write=2.510 s, sync=0.013 s, total=2.531 s; sync files=27, longest=0.003 s, average=0.001 s; distance=947 kB, estimate=1694 kB; lsn=0/B8BB7E40, redo lsn=0/B8BAC7B8"}
{"ts": "2026-08-11T21:44:39.323474872Z", "container": "prefect-postgres", "msg": "2026-08-11 21:44:39.323 UTC [27] LOG:  checkpoint starting: time"}
{"ts": "2026-08-11T21:44:42.253056434Z", "container": "prefect-postgres", "msg": "2026-08-11 21:44:42.252 UTC [27] LOG:  checkpoint complete: wrote 29 buffers (0.2%); 0 WAL file(s) added, 0 removed, 0 recycled; write=2.908 s, sync=0.012 s, total=2.930 s; sync files=27, longest=0.003 s, average=0.001 s; distance=982 kB, estimate=1623 kB; lsn=0/B8CA7718, redo lsn=0/B8CA2108"}
{"ts": "2026-08-11T21:49:39.351502403Z", "container": "prefect-postgres", "msg": "2026-08-11 21:49:39.351 UTC [27] LOG:  checkpoint starting: time"}
{"ts": "2026-08-11T21:49:43.293747045Z", "container": "prefect-postgres", "msg": "2026-08-11 21:49:43.293 UTC [27] LOG:  checkpoint complete: wrote 32 buffers (0.2%); 0 WAL file(s) added, 0 removed, 0 recycled; write=3.910 s, sync=0.022 s, total=3.943 s; sync files=27, longest=0.004 s, average=0.001 s; distance=977 kB, estimate=1558 kB; lsn=0/B8D9F198, redo lsn=0/B8D96520"}
{"ts": "2026-08-11T21:54:39.392178766Z", "container": "prefect-postgres", "msg": "2026-08-11 21:54:39.392 UTC [27] LOG:  checkpoint starting: time"}
{"ts": "2026-08-11T21:54:45.118673194Z", "container": "prefect-postgres", "msg": "2026-08-11 21:54:45.118 UTC [27] LOG:  checkpoint complete: wrote 52 buffers (0.3%); 0 WAL file(s) added, 0 removed, 0 recycled; write=5.709 s, sync=0.012 s, total=5.727 s; sync files=26, longest=0.002 s, average=0.001 s; distance=984 kB, estimate=1501 kB; lsn=0/B8E959A8, redo lsn=0/B8E8C568"}
{"ts": "2026-08-11T21:59:39.215529562Z", "container": "prefect-postgres", "msg": "2026-08-11 21:59:39.215 UTC [27] LOG:  checkpoint starting: time"}
{"ts": "2026-08-11T21:59:43.649344040Z", "container": "prefect-postgres", "msg": "2026-08-11 21:59:43.649 UTC [27] LOG:  checkpoint complete: wrote 44 buffers (0.3%); 0 WAL file(s) added, 0 removed, 0 recycled; write=4.412 s, sync=0.012 s, total=4.434 s; sync files=27, longest=0.004 s, average=0.001 s; distance=1018 kB, estimate=1453 kB; lsn=0/B8F90D70, redo lsn=0/B8F8B100"}
{"ts": "2026-08-11T22:04:39.749316952Z", "container": "prefect-postgres", "msg": "2026-08-11 22:04:39.749 UTC [27] LOG:  checkpoint starting: time"}
{"ts": "2026-08-11T22:04:44.292665290Z", "container": "prefect-postgres", "msg": "2026-08-11 22:04:44.292 UTC [27] LOG:  checkpoint complete: wrote 44 buffers (0.3%); 0 WAL file(s) added, 0 removed, 1 recycled; write=4.513 s, sync=0.017 s, total=4.544 s; sync files=29, longest=0.004 s, average=0.001 s; distance=1035 kB, estimate=1411 kB; lsn=0/B909B120, redo lsn=0/B908DF80"}
{"ts": "2026-08-11T22:09:39.392807872Z", "container": "prefect-postgres", "msg": "2026-08-11 22:09:39.392 UTC [27] LOG:  checkpoint starting: time"}
{"ts": "2026-08-11T22:09:44.230536637Z", "container": "prefect-postgres", "msg": "2026-08-11 22:09:44.230 UTC [27] LOG:  checkpoint complete: wrote 48 buffers (0.3%); 0 WAL file(s) added, 0 removed, 0 recycled; write=4.813 s, sync=0.011 s, total=4.838 s; sync files=27, longest=0.004 s, average=0.001 s; distance=981 kB, estimate=1368 kB; lsn=0/B9190F90, redo lsn=0/B9183688"}
{"ts": "2026-08-11T22:14:39.327479438Z", "container": "prefect-postgres", "msg": "2026-08-11 22:14:39.327 UTC [27] LOG:  checkpoint starting: time"}
{"ts": "2026-08-11T22:14:42.376451232Z", "container": "prefect-postgres", "msg": "2026-08-11 22:14:42.376 UTC [27] LOG:  checkpoint complete: wrote 27 buffers (0.2%); 0 WAL file(s) added, 0 removed, 0 recycled; write=3.012 s, sync=0.025 s, total=3.049 s; sync files=27, longest=0.007 s, average=0.001 s; distance=977 kB, estimate=1329 kB; lsn=0/B927D7E8, redo lsn=0/B9277D70"}
{"ts": "2026-08-11T22:19:39.476521949Z", "container": "prefect-postgres", "msg": "2026-08-11 22:19:39.476 UTC [27] LOG:  checkpoint starting: time"}
{"ts": "2026-08-11T22:19:44.612645016Z", "container": "prefect-postgres", "msg": "2026-08-11 22:19:44.612 UTC [27] LOG:  checkpoint complete: wrote 50 buffers (0.3%); 0 WAL file(s) added, 0 removed, 0 recycled; write=5.114 s, sync=0.010 s, total=5.137 s; sync files=27, longest=0.003 s, average=0.001 s; distance=1017 kB, estimate=1298 kB; lsn=0/B937F4A8, redo lsn=0/B9376338"}
{"ts": "2026-08-11T22:24:39.712019347Z", "container": "prefect-postgres", "msg": "2026-08-11 22:24:39.711 UTC [27] LOG:  checkpoint starting: time"}
{"ts": "2026-08-11T22:24:45.348890909Z", "container": "prefect-postgres", "msg": "2026-08-11 22:24:45.348 UTC [27] LOG:  checkpoint complete: wrote 50 buffers (0.3%); 0 WAL file(s) added, 0 removed, 0 recycled; write=5.612 s, sync=0.015 s, total=5.637 s; sync files=27, longest=0.003 s, average=0.001 s; distance=1014 kB, estimate=1269 kB; lsn=0/B947DF60, redo lsn=0/B9473CB0"}
{"ts": "2026-08-11T22:29:39.431993861Z", "container": "prefect-postgres", "msg": "2026-08-11 22:29:39.431 UTC [27] LOG:  checkpoint starting: time"}
{"ts": "2026-08-11T22:29:43.266305632Z", "container": "prefect-postgres", "msg": "2026-08-11 22:29:43.266 UTC [27] LOG:  checkpoint complete: wrote 37 buffers (0.2%); 0 WAL file(s) added, 0 removed, 0 recycled; write=3.815 s, sync=0.009 s, total=3.835 s; sync files=28, longest=0.004 s, average=0.001 s; distance=992 kB, estimate=1242 kB; lsn=0/B9574370, redo lsn=0/B956BFF8"}
{"ts": "2026-08-11T22:34:39.366384810Z", "container": "prefect-postgres", "msg": "2026-08-11 22:34:39.366 UTC [27] LOG:  checkpoint starting: time"}
{"ts": "2026-08-11T22:34:44.301646009Z", "container": "prefect-postgres", "msg": "2026-08-11 22:34:44.301 UTC [27] LOG:  checkpoint complete: wrote 47 buffers (0.3%); 0 WAL file(s) added, 0 removed, 0 recycled; write=4.911 s, sync=0.014 s, total=4.936 s; sync files=27, longest=0.004 s, average=0.001 s; distance=951 kB, estimate=1213 kB; lsn=0/B9660F38, redo lsn=0/B9659DF0"}
{"ts": "2026-08-11T22:39:39.401816705Z", "container": "prefect-postgres", "msg": "2026-08-11 22:39:39.401 UTC [27] LOG:  checkpoint starting: time"}
{"ts": "2026-08-11T22:39:41.929371197Z", "container": "prefect-postgres", "msg": "2026-08-11 22:39:41.929 UTC [27] LOG:  checkpoint complete: wrote 26 buffers (0.2%); 0 WAL file(s) added, 0 removed, 0 recycled; write=2.509 s, sync=0.007 s, total=2.528 s; sync files=27, longest=0.003 s, average=0.001 s; distance=1033 kB, estimate=1195 kB; lsn=0/B9766848, redo lsn=0/B975C350"}
{"ts": "2026-08-11T22:44:40.029282773Z", "container": "prefect-postgres", "msg": "2026-08-11 22:44:40.029 UTC [27] LOG:  checkpoint starting: time"}
{"ts": "2026-08-11T22:44:42.668475996Z", "container": "prefect-postgres", "msg": "2026-08-11 22:44:42.668 UTC [27] LOG:  checkpoint complete: wrote 27 buffers (0.2%); 0 WAL file(s) added, 0 removed, 0 recycled; write=2.608 s, sync=0.019 s, total=2.640 s; sync files=27, longest=0.003 s, average=0.001 s; distance=962 kB, estimate=1171 kB; lsn=0/B9858468, redo lsn=0/B984CB90"}
{"ts": "2026-08-11T22:49:40.767498667Z", "container": "prefect-postgres", "msg": "2026-08-11 22:49:40.767 UTC [27] LOG:  checkpoint starting: time"}
{"ts": "2026-08-11T22:49:45.202813191Z", "container": "prefect-postgres", "msg": "2026-08-11 22:49:45.202 UTC [27] LOG:  checkpoint complete: wrote 40 buffers (0.2%); 0 WAL file(s) added, 0 removed, 0 recycled; write=4.412 s, sync=0.013 s, total=4.436 s; sync files=27, longest=0.004 s, average=0.001 s; distance=1022 kB, estimate=1156 kB; lsn=0/B99529B0, redo lsn=0/B994C5F0"}
{"ts": "2026-08-11T22:54:40.302935228Z", "container": "prefect-postgres", "msg": "2026-08-11 22:54:40.302 UTC [27] LOG:  checkpoint starting: time"}
{"ts": "2026-08-11T22:54:42.743219179Z", "container": "prefect-postgres", "msg": "2026-08-11 22:54:42.743 UTC [27] LOG:  checkpoint complete: wrote 19 buffers (0.1%); 0 WAL file(s) added, 0 removed, 0 recycled; write=2.409 s, sync=0.022 s, total=2.441 s; sync files=27, longest=0.004 s, average=0.001 s; distance=968 kB, estimate=1137 kB; lsn=0/B9A48F08, redo lsn=0/B9A3E698"}
{"ts": "2026-08-11T22:59:40.840898007Z", "container": "prefect-postgres", "msg": "2026-08-11 22:59:40.840 UTC [27] LOG:  checkpoint starting: time"}
{"ts": "2026-08-11T22:59:45.380183391Z", "container": "prefect-postgres", "msg": "2026-08-11 22:59:45.380 UTC [27] LOG:  checkpoint complete: wrote 35 buffers (0.2%); 0 WAL file(s) added, 0 removed, 0 recycled; write=4.517 s, sync=0.011 s, total=4.540 s; sync files=29, longest=0.003 s, average=0.001 s; distance=1012 kB, estimate=1125 kB; lsn=0/B9B41F88, redo lsn=0/B9B3BA48"}
{"ts": "2026-08-11T23:04:40.479509639Z", "container": "prefect-postgres", "msg": "2026-08-11 23:04:40.479 UTC [27] LOG:  checkpoint starting: time"}
{"ts": "2026-08-11T23:04:45.711522181Z", "container": "prefect-postgres", "msg": "2026-08-11 23:04:45.711 UTC [27] LOG:  checkpoint complete: wrote 51 buffers (0.3%); 0 WAL file(s) added, 0 removed, 0 recycled; write=5.215 s, sync=0.007 s, total=5.233 s; sync files=27, longest=0.002 s, average=0.001 s; distance=959 kB, estimate=1108 kB; lsn=0/B9C3C930, redo lsn=0/B9C2B890"}
{"ts": "2026-08-11T23:09:40.779493971Z", "container": "prefect-postgres", "msg": "2026-08-11 23:09:40.779 UTC [27] LOG:  checkpoint starting: time"}
{"ts": "2026-08-11T23:09:46.219064914Z", "container": "prefect-postgres", "msg": "2026-08-11 23:09:46.218 UTC [27] LOG:  checkpoint complete: wrote 53 buffers (0.3%); 0 WAL file(s) added, 0 removed, 0 recycled; write=5.416 s, sync=0.013 s, total=5.440 s; sync files=27, longest=0.003 s, average=0.001 s; distance=1029 kB, estimate=1100 kB; lsn=0/B9D395A8, redo lsn=0/B9D2D088"}
{"ts": "2026-08-11T23:14:40.266677057Z", "container": "prefect-postgres", "msg": "2026-08-11 23:14:40.266 UTC [27] LOG:  checkpoint starting: time"}
{"ts": "2026-08-11T23:14:44.606187822Z", "container": "prefect-postgres", "msg": "2026-08-11 23:14:44.606 UTC [27] LOG:  checkpoint complete: wrote 43 buffers (0.3%); 0 WAL file(s) added, 0 removed, 0 recycled; write=4.313 s, sync=0.014 s, total=4.340 s; sync files=27, longest=0.003 s, average=0.001 s; distance=974 kB, estimate=1088 kB; lsn=0/B9E28468, redo lsn=0/B9E20A68"}
{"ts": "2026-08-11T23:19:40.703420286Z", "container": "prefect-postgres", "msg": "2026-08-11 23:19:40.703 UTC [27] LOG:  checkpoint starting: time"}
{"ts": "2026-08-11T23:19:43.940242017Z", "container": "prefect-postgres", "msg": "2026-08-11 23:19:43.940 UTC [27] LOG:  checkpoint complete: wrote 32 buffers (0.2%); 0 WAL file(s) added, 0 removed, 0 recycled; write=3.213 s, sync=0.011 s, total=3.237 s; sync files=27, longest=0.003 s, average=0.001 s; distance=1011 kB, estimate=1080 kB; lsn=0/B9F22930, redo lsn=0/B9F1DA20"}
{"ts": "2026-08-11T23:24:41.039490669Z", "container": "prefect-postgres", "msg": "2026-08-11 23:24:41.039 UTC [27] LOG:  checkpoint starting: time"}
{"ts": "2026-08-11T23:24:47.583542446Z", "container": "prefect-postgres", "msg": "2026-08-11 23:24:47.583 UTC [27] LOG:  checkpoint complete: wrote 61 buffers (0.4%); 0 WAL file(s) added, 0 removed, 1 recycled; write=6.518 s, sync=0.013 s, total=6.545 s; sync files=29, longest=0.003 s, average=0.001 s; distance=1073 kB, estimate=1079 kB; lsn=0/BA030798, redo lsn=0/BA029E30"}
{"ts": "2026-08-11T23:29:41.683662393Z", "container": "prefect-postgres", "msg": "2026-08-11 23:29:41.683 UTC [27] LOG:  checkpoint starting: time"}
{"ts": "2026-08-11T23:29:45.526942219Z", "container": "prefect-postgres", "msg": "2026-08-11 23:29:45.526 UTC [27] LOG:  checkpoint complete: wrote 33 buffers (0.2%); 0 WAL file(s) added, 0 removed, 0 recycled; write=3.814 s, sync=0.018 s, total=3.844 s; sync files=27, longest=0.004 s, average=0.001 s; distance=946 kB, estimate=1066 kB; lsn=0/BA11D990, redo lsn=0/BA1169F8"}
{"ts": "2026-08-11T23:34:41.590914285Z", "container": "prefect-postgres", "msg": "2026-08-11 23:34:41.590 UTC [27] LOG:  checkpoint starting: time"}
{"ts": "2026-08-11T23:34:46.124339430Z", "container": "prefect-postgres", "msg": "2026-08-11 23:34:46.124 UTC [27] LOG:  checkpoint complete: wrote 45 buffers (0.3%); 0 WAL file(s) added, 0 removed, 0 recycled; write=4.512 s, sync=0.010 s, total=4.534 s; sync files=27, longest=0.004 s, average=0.001 s; distance=990 kB, estimate=1058 kB; lsn=0/BA218EB8, redo lsn=0/BA20E2E8"}
{"ts": "2026-08-11T23:39:41.223648686Z", "container": "prefect-postgres", "msg": "2026-08-11 23:39:41.223 UTC [27] LOG:  checkpoint starting: time"}
{"ts": "2026-08-11T23:39:46.753447833Z", "container": "prefect-postgres", "msg": "2026-08-11 23:39:46.753 UTC [27] LOG:  checkpoint complete: wrote 52 buffers (0.3%); 0 WAL file(s) added, 0 removed, 0 recycled; write=5.510 s, sync=0.009 s, total=5.530 s; sync files=27, longest=0.004 s, average=0.001 s; distance=1002 kB, estimate=1053 kB; lsn=0/BA317418, redo lsn=0/BA308BA8"}
{"ts": "2026-08-11T23:44:41.851510011Z", "container": "prefect-postgres", "msg": "2026-08-11 23:44:41.851 UTC [27] LOG:  checkpoint starting: time"}
{"ts": "2026-08-11T23:44:44.995687861Z", "container": "prefect-postgres", "msg": "2026-08-11 23:44:44.995 UTC [27] LOG:  checkpoint complete: wrote 33 buffers (0.2%); 0 WAL file(s) added, 0 removed, 0 recycled; write=3.111 s, sync=0.021 s, total=3.145 s; sync files=27, longest=0.003 s, average=0.001 s; distance=1012 kB, estimate=1049 kB; lsn=0/BA413888, redo lsn=0/BA405E38"}
{"ts": "2026-08-11T23:49:42.095816886Z", "container": "prefect-postgres", "msg": "2026-08-11 23:49:42.095 UTC [27] LOG:  checkpoint starting: time"}
{"ts": "2026-08-11T23:49:48.029690414Z", "container": "prefect-postgres", "msg": "2026-08-11 23:49:48.029 UTC [27] LOG:  checkpoint complete: wrote 55 buffers (0.3%); 0 WAL file(s) added, 0 removed, 0 recycled; write=5.911 s, sync=0.015 s, total=5.934 s; sync files=26, longest=0.003 s, average=0.001 s; distance=1016 kB, estimate=1045 kB; lsn=0/BA50C6C8, redo lsn=0/BA503EC0"}
{"ts": "2026-08-11T23:54:42.129806160Z", "container": "prefect-postgres", "msg": "2026-08-11 23:54:42.129 UTC [27] LOG:  checkpoint starting: time"}
{"ts": "2026-08-11T23:54:47.771651009Z", "container": "prefect-postgres", "msg": "2026-08-11 23:54:47.771 UTC [27] LOG:  checkpoint complete: wrote 57 buffers (0.3%); 0 WAL file(s) added, 0 removed, 0 recycled; write=5.618 s, sync=0.014 s, total=5.642 s; sync files=28, longest=0.003 s, average=0.001 s; distance=1023 kB, estimate=1043 kB; lsn=0/BA60CCB0, redo lsn=0/BA603E10"}
{"ts": "2026-08-11T23:59:42.870367564Z", "container": "prefect-postgres", "msg": "2026-08-11 23:59:42.870 UTC [27] LOG:  checkpoint starting: time"}
{"ts": "2026-08-11T23:59:47.702269112Z", "container": "prefect-postgres", "msg": "2026-08-11 23:59:47.702 UTC [27] LOG:  checkpoint complete: wrote 47 buffers (0.3%); 0 WAL file(s) added, 0 removed, 0 recycled; write=4.813 s, sync=0.007 s, total=4.832 s; sync files=27, longest=0.003 s, average=0.001 s; distance=1027 kB, estimate=1042 kB; lsn=0/BA710948, redo lsn=0/BA704CB8"}
