time,cpu_total_pct,cores_of_work,cores_busy,ram_used_mb,ram_pct,cpu0,cpu1,cpu2,cpu3,cpu4,cpu5,cpu6,cpu7
09:25:58,315,3.15,0,7123,23,49,28,66,40,28,32,35,36
09:26:00,319,3.19,0,7121,23,33,26,30,41,53,78,26,32
09:26:02,316,3.16,0,7132,23,37,60,29,41,28,30,53,38
09:26:04,314,3.14,0,7121,23,38,49,44,24,42,26,35,57
09:26:06,313,3.13,0,7129,23,34,35,56,30,75,32,29,22
09:26:08,311,3.11,0,7138,23,79,37,34,49,36,34,20,22
09:26:10,321,3.21,0,7123,23,44,74,49,46,23,33,24,27
09:26:12,317,3.17,0,7129,23,26,38,33,30,35,46,58,51
09:26:14,383,3.83,0,7130,23,53,55,37,67,25,43,49,53
09:26:16,370,3.70,0,7162,23,54,71,41,43,41,38,31,52
09:26:18,396,3.96,0,7123,23,37,43,71,66,38,56,35,51
09:26:20,319,3.19,0,7119,23,35,34,27,67,48,50,30,27
09:26:22,304,3.04,0,7139,23,39,57,28,54,24,53,21,29
09:26:24,311,3.11,0,7117,23,58,34,32,36,19,27,40,64
09:26:26,319,3.19,0,7141,23,53,55,45,41,41,30,23,31
09:26:28,312,3.12,0,7150,23,25,38,26,68,40,53,32,30
09:26:30,311,3.11,0,7110,23,30,67,37,29,37,51,21,39
09:26:32,308,3.08,0,7119,23,32,49,29,24,35,33,32,73
09:26:34,328,3.28,0,7134,23,38,39,32,55,27,72,30,36
09:26:36,342,3.42,0,7111,23,39,38,46,32,52,53,26,56
09:26:38,310,3.10,0,7146,23,33,50,54,27,34,22,54,36
09:26:40,332,3.32,0,7120,23,62,54,31,32,38,35,27,54
09:26:42,311,3.11,1,7118,23,40,98,23,24,33,25,41,27
09:26:44,307,3.07,0,7128,23,27,68,52,33,24,38,32,32
09:26:46,324,3.24,0,7123,23,28,29,29,59,37,35,32,74
09:26:48,310,3.10,0,7138,23,20,56,30,27,59,54,32,32
09:26:50,323,3.23,1,7109,23,42,46,21,30,83,33,30,38
09:26:52,329,3.29,0,7120,23,33,31,34,26,68,58,37,42
09:26:54,317,3.17,0,7130,23,33,40,30,56,38,75,20,25
09:26:56,321,3.21,0,7107,23,28,44,44,21,75,44,39,26
09:26:58,316,3.16,0,7108,23,28,36,69,33,37,61,28,23
09:27:00,314,3.14,0,7102,23,40,41,24,41,36,77,25,29
09:27:02,325,3.25,1,7102,23,32,25,39,27,91,38,41,32
09:27:04,307,3.07,0,7115,23,27,37,37,29,22,73,54,28
09:27:06,325,3.25,0,7115,23,26,47,54,47,50,48,26,28
09:27:08,316,3.16,0,7115,23,33,24,78,33,53,31,38,27
09:27:10,336,3.36,0,7119,23,34,34,49,36,64,29,32,58
09:27:12,300,3.00,1,7126,23,34,32,24,26,93,27,23,41
09:27:14,308,3.08,0,7124,23,52,27,29,77,27,38,28,30
09:27:16,339,3.39,0,7111,23,40,23,47,59,35,56,37,42
09:27:18,347,3.47,0,7128,23,34,44,31,54,50,29,50,55
09:27:20,419,4.19,1,7127,23,74,36,37,48,97,27,53,47
09:27:22,310,3.10,0,7128,23,38,54,32,40,35,29,48,33
09:27:24,308,3.08,0,7122,23,35,33,53,29,35,51,47,24
09:27:26,316,3.16,1,7111,23,26,29,97,31,39,37,33,24
09:27:28,317,3.17,0,7107,23,33,40,21,61,77,30,22,33
09:27:30,316,3.16,0,7125,23,61,32,26,27,73,32,34,31
09:27:32,308,3.08,0,7125,23,55,51,24,36,37,45,38,23
09:27:34,307,3.07,0,7118,23,78,61,39,29,27,26,28,20
09:27:36,373,3.73,0,7109,23,35,41,34,34,45,62,60,63
09:27:38,301,3.01,0,7109,23,16,23,26,69,32,68,36,31
09:27:40,325,3.25,0,7111,23,38,50,60,26,33,57,34,26
09:27:42,308,3.08,0,7113,23,24,31,56,27,30,36,35,69
09:27:44,301,3.01,1,7120,23,48,24,26,32,30,34,24,82
09:27:46,319,3.19,0,7101,23,47,16,31,26,45,30,61,64
09:27:48,301,3.01,0,7100,23,77,52,40,19,28,23,31,32
09:27:50,317,3.17,0,7113,23,43,31,35,36,57,63,25,27
09:27:52,322,3.22,0,7109,23,43,38,33,33,21,63,32,59
09:27:54,308,3.08,0,7109,23,38,23,34,31,31,52,24,74
09:27:56,322,3.22,0,7107,23,48,36,41,45,19,45,54,33
09:27:58,346,3.46,1,7110,23,35,30,27,36,33,39,49,97
09:28:00,320,3.20,0,7116,23,74,39,33,31,53,32,31,27
09:28:02,314,3.14,0,7116,23,74,56,30,36,22,31,28,37
09:28:04,305,3.05,0,7121,23,43,41,38,48,31,30,25,50
09:28:06,308,3.08,1,7121,23,25,83,45,29,33,26,31,36
09:28:08,317,3.17,0,7140,23,38,37,34,55,28,27,46,53
09:28:10,329,3.29,0,7125,23,50,40,57,25,28,40,42,47
09:28:12,320,3.20,0,7122,23,32,65,41,32,26,44,59,23
09:28:14,313,3.13,0,7126,23,31,50,55,40,22,34,25,55
09:28:16,317,3.17,1,7122,23,22,28,55,43,30,83,37,20
09:28:18,323,3.23,0,7122,23,61,33,33,56,53,29,29,29
09:28:20,321,3.21,1,7137,23,99,28,34,30,35,33,34,28
09:28:22,438,4.38,2,7443,24,38,94,57,40,81,43,50,35
09:28:24,325,3.25,0,7130,23,30,42,25,51,55,47,36,38
09:28:26,366,3.66,0,7125,23,34,42,39,34,58,71,53,34
09:28:28,331,3.31,1,7133,23,35,36,30,41,34,37,36,82
09:28:31,305,3.05,0,7143,23,27,20,33,41,56,31,57,40
09:28:33,313,3.13,0,7133,23,40,37,27,42,22,50,23,72
09:28:35,305,3.05,1,7141,23,44,28,86,40,25,27,25,30
09:28:37,335,3.35,0,7110,23,31,32,30,40,76,47,31,48
09:28:39,330,3.30,0,7127,23,48,26,40,39,33,51,38,56
09:28:41,317,3.17,0,7130,23,29,52,30,46,50,19,34,57
09:28:43,310,3.10,0,7129,23,61,36,38,35,26,27,22,65
09:28:45,309,3.09,0,7131,23,46,26,28,23,79,34,25,48
09:28:47,314,3.14,0,7136,23,40,29,33,32,30,63,51,37
09:28:49,316,3.16,0,7128,23,35,33,32,33,32,46,80,25
09:28:51,304,3.04,0,7130,23,33,36,23,59,50,55,22,26
09:28:53,317,3.17,0,7123,23,23,23,32,76,41,26,40,55
09:28:55,307,3.07,0,7137,23,50,30,22,30,30,50,39,54
09:28:57,319,3.19,0,7136,23,35,37,29,31,54,42,30,61
09:28:59,328,3.28,0,7142,23,60,44,51,33,37,51,22,29
09:29:01,323,3.23,0,7147,23,31,27,60,38,35,51,55,26
09:29:03,312,3.12,0,7113,23,36,26,40,70,17,27,57,39
09:29:05,311,3.11,0,7115,23,62,25,34,25,28,28,77,32
09:29:07,310,3.10,0,7137,23,38,53,23,34,69,30,27,36
09:29:09,321,3.21,1,7106,23,42,26,20,41,35,41,81,35
09:29:11,316,3.16,1,7114,23,38,37,37,90,25,42,19,28
09:29:13,316,3.16,0,7123,23,31,41,54,60,27,41,22,40
09:29:15,304,3.04,0,7132,23,59,34,48,36,30,45,31,22
09:29:17,318,3.18,1,7121,23,26,27,30,82,28,50,50,26
09:29:19,339,3.39,0,7112,23,65,29,42,44,51,42,32,33
09:29:21,308,3.08,0,7117,23,28,40,48,28,61,29,26,49
09:29:23,312,3.12,1,7118,23,22,99,36,36,29,36,26,28
09:29:25,412,4.12,0,7392,24,42,61,78,33,42,66,57,33
09:29:27,355,3.55,0,7128,23,36,66,45,51,39,33,32,53
09:29:29,314,3.14,0,7111,23,24,39,77,39,18,43,42,32
09:29:31,313,3.13,1,7113,23,21,22,34,28,39,44,32,93
09:29:33,310,3.10,0,7122,23,58,24,52,29,35,26,30,56
09:29:35,306,3.06,1,7122,23,25,24,26,38,24,42,29,100
09:29:37,352,3.52,0,7131,23,74,42,46,36,32,27,58,37
09:29:39,312,3.12,0,7129,23,34,33,32,60,59,43,18,34
09:29:41,322,3.22,0,7131,23,39,35,54,32,64,46,22,30
09:29:43,315,3.15,0,7111,23,26,28,34,55,77,35,34,26
09:29:45,311,3.11,0,7109,23,56,74,35,29,29,38,21,29
09:29:47,308,3.08,0,7116,23,26,35,26,60,53,52,30,26
09:29:49,326,3.26,0,7100,23,54,28,32,27,39,43,66,36
09:29:51,316,3.16,1,7107,23,33,19,25,34,30,33,54,88
09:29:53,308,3.08,0,7116,23,53,30,22,22,37,33,54,57
09:29:55,302,3.02,0,7127,23,29,58,36,26,30,37,25,61
09:29:57,315,3.15,1,7138,23,35,35,44,85,29,27,27,33
09:29:59,316,3.16,0,7130,23,32,23,25,41,70,32,66,26
09:30:01,305,3.05,0,7137,23,29,34,51,74,31,31,23,33
09:30:03,320,3.20,0,7117,23,50,50,49,28,28,57,23,35
09:30:05,304,3.04,1,7126,23,42,38,90,27,27,26,25,29
09:30:07,359,3.59,0,7125,23,59,32,71,35,52,37,38,34
09:30:09,364,3.64,0,7129,23,52,32,65,58,44,31,37,44
09:30:11,320,3.20,0,7139,23,34,27,58,46,34,31,31,59
09:30:13,305,3.05,0,7143,23,31,31,25,68,41,23,36,51
09:30:15,324,3.24,1,7126,23,36,38,32,25,98,27,33,35
09:30:17,307,3.07,0,7126,23,52,43,29,38,30,19,24,71
09:30:19,338,3.38,1,7129,23,29,40,28,94,40,35,31,42
09:30:21,308,3.08,0,7139,23,60,34,22,34,37,36,48,36
09:30:23,310,3.10,0,7140,23,74,31,32,48,29,34,30,33
09:30:25,318,3.18,1,7128,23,38,37,25,99,30,30,29,30
09:30:27,402,4.02,0,7334,23,68,46,57,56,32,62,51,31
09:30:29,375,3.75,0,7121,23,62,63,38,38,36,36,72,30
09:30:31,302,3.02,0,7131,23,70,20,24,40,44,29,52,23
09:30:33,308,3.08,0,7138,23,43,68,36,53,18,30,33,30
09:30:35,313,3.13,0,7150,23,39,36,34,37,54,32,59,23
09:30:37,327,3.27,1,7119,23,32,46,80,42,33,39,30,25
09:30:39,317,3.17,0,7098,23,41,32,54,65,21,24,38,42
09:30:41,314,3.14,1,7132,23,32,81,39,44,17,16,37,47
09:30:43,308,3.08,1,7123,23,81,29,34,25,35,26,35,41
09:30:45,346,3.46,0,7111,23,60,30,32,37,44,31,40,72
09:30:47,312,3.12,0,7128,23,23,43,24,22,64,27,67,42
09:30:49,317,3.17,0,7128,23,22,63,29,31,41,42,35,54
09:30:51,301,3.01,0,7136,23,43,36,73,29,19,56,21,23
09:30:53,314,3.14,0,7152,23,25,41,72,31,27,25,56,37
09:30:55,309,3.09,0,7126,23,26,31,26,62,35,33,49,48
09:30:57,314,3.14,1,7127,23,22,27,36,98,36,29,34,34
09:30:59,314,3.14,0,7105,23,26,38,70,36,41,24,28,53
09:31:01,306,3.06,1,7095,23,28,27,99,40,25,37,31,19
09:31:03,308,3.08,0,7105,23,64,30,71,38,34,17,25,28
09:31:05,324,3.24,0,7110,23,56,54,40,58,28,28,31,28
09:31:07,304,3.04,1,7110,23,99,34,39,25,23,27,22,35
09:31:09,321,3.21,0,7114,23,56,57,48,27,18,24,33,58
09:31:11,324,3.24,0,7112,23,20,32,27,42,62,34,68,40
09:31:13,317,3.17,0,7110,23,35,30,32,35,65,32,49,38
09:31:15,312,3.12,1,7134,23,64,23,42,26,82,25,25,25
09:31:17,314,3.14,0,7136,23,38,32,25,55,67,30,27,39
09:31:19,314,3.14,0,7113,23,58,40,62,34,35,25,24,37
09:31:21,302,3.02,0,7111,23,58,49,27,41,42,27,32,26
09:31:23,310,3.10,0,7115,23,35,59,38,28,57,25,37,32
09:31:25,309,3.09,0,7114,23,44,37,30,79,29,40,18,32
09:31:27,306,3.06,1,7115,23,33,26,54,38,27,18,28,83
09:31:29,407,4.07,1,7207,23,62,55,27,48,36,94,42,42
09:31:31,401,4.01,1,7132,23,81,60,35,36,44,56,35,53
09:31:33,311,3.11,0,7135,23,28,78,47,29,24,27,47,31
09:31:35,316,3.16,1,7130,23,49,26,37,85,32,29,30,27
09:31:37,328,3.28,1,7129,23,38,80,34,45,34,35,26,36
09:31:39,307,3.07,0,7132,23,61,41,28,29,58,35,22,34
09:31:41,320,3.20,0,7122,23,39,62,62,39,29,28,35,25
09:31:43,315,3.15,0,7124,23,23,54,42,52,37,29,35,43
09:31:45,312,3.12,1,7128,23,27,20,34,42,98,40,26,26
09:31:47,321,3.21,0,7135,23,36,32,33,37,41,33,58,52
09:31:49,304,3.04,0,7136,23,18,24,29,40,29,50,78,36
09:31:51,321,3.21,1,7112,23,25,31,32,85,46,30,37,35
09:31:53,316,3.16,1,7117,23,30,31,39,32,40,31,28,86
09:31:55,306,3.06,0,7124,23,17,58,36,34,27,39,41,54
09:31:57,306,3.06,0,7132,23,53,33,25,22,35,42,39,58
09:31:59,331,3.31,0,7140,23,42,49,35,40,53,31,57,25
09:32:01,322,3.22,0,7127,23,53,25,26,28,42,33,50,64
09:32:03,308,3.08,0,7131,23,30,55,34,40,36,18,67,28
09:32:05,315,3.15,0,7132,23,39,57,28,33,48,26,56,28
09:32:07,301,3.01,0,7133,23,53,40,27,16,64,18,24,59
09:32:09,343,3.43,0,7140,23,43,41,38,36,54,27,30,75
09:32:11,315,3.15,0,7141,23,50,38,19,26,70,47,46,20
09:32:13,330,3.30,0,7172,23,41,55,24,42,62,33,42,30
09:32:15,377,3.77,1,7114,23,32,34,34,33,98,62,33,52
09:32:17,306,3.06,0,7126,23,34,25,37,56,60,26,25,44
09:32:19,307,3.07,0,7140,23,16,55,29,56,36,31,34,50
09:32:21,316,3.16,0,7131,23,42,28,31,23,78,20,53,40
09:32:23,313,3.13,0,7141,23,24,28,62,24,32,42,69,32
09:32:25,308,3.08,0,7116,23,30,44,47,33,46,47,31,28
09:32:27,312,3.12,0,7129,23,34,32,80,24,46,29,39,29
09:32:29,357,3.57,0,7155,23,54,64,24,34,41,70,37,33
09:32:31,385,3.85,0,7132,23,68,42,63,49,51,46,30,36
09:32:33,403,4.03,2,7136,23,35,85,33,95,37,35,36,47
09:32:35,322,3.22,0,7131,23,42,31,34,20,71,28,62,33
09:32:37,322,3.22,1,7122,23,24,24,36,89,39,39,36,33
09:32:39,297,2.97,0,7130,23,27,25,21,76,28,25,70,26
09:32:41,315,3.15,0,7116,23,25,28,41,34,57,32,60,38
09:32:43,321,3.21,0,7129,23,25,63,46,59,34,27,35,32
09:32:45,317,3.17,0,7141,23,39,53,54,52,35,39,25,21
09:32:47,377,3.77,0,7144,23,59,69,41,47,35,39,40,48
09:32:49,298,2.98,0,7143,23,24,18,59,37,80,17,26,38
09:32:51,315,3.15,0,7135,23,39,28,66,57,27,35,39,23
09:32:53,309,3.09,0,7135,23,27,32,48,75,29,40,30,28
09:32:55,305,3.05,0,7158,23,34,39,32,36,34,52,26,53
09:32:57,309,3.09,1,7128,23,24,41,20,24,32,30,99,40
09:32:59,327,3.27,0,7127,23,36,32,25,37,68,41,27,61
09:33:01,315,3.15,1,7127,23,24,25,85,37,36,46,37,25
09:33:03,297,2.97,1,7132,23,24,23,32,33,36,26,87,36
09:33:05,317,3.17,1,7141,23,26,17,47,46,31,85,29,36
09:33:07,306,3.06,0,7144,23,40,44,26,45,28,44,25,55
09:33:09,312,3.12,1,7143,23,93,28,43,44,24,27,15,38
09:33:11,330,3.30,0,7119,23,30,30,31,64,35,63,50,27
09:33:13,321,3.21,1,7126,23,36,25,31,26,43,40,38,83
09:33:15,303,3.03,1,7125,23,27,30,31,33,100,32,22,29
09:33:17,313,3.13,0,7143,23,68,42,25,39,68,27,20,23
09:33:19,305,3.05,0,7146,23,54,16,35,35,46,29,51,39
09:33:21,316,3.16,1,7119,23,40,19,37,84,34,23,48,29
09:33:23,309,3.09,0,7118,23,55,31,55,27,35,56,26,24
09:33:25,309,3.09,0,7127,23,21,37,30,33,60,48,27,52
09:33:27,330,3.30,0,7119,23,39,26,42,49,22,69,39,43
09:33:29,304,3.04,0,7127,23,34,42,55,32,33,27,29,52
09:33:31,323,3.23,0,7120,23,27,47,44,62,22,38,30,53
09:33:33,337,3.37,1,7125,23,29,28,35,42,35,97,32,39
09:33:35,415,4.15,1,7243,23,38,39,65,43,37,69,92,33
09:33:37,334,3.34,1,7125,23,98,28,38,32,32,31,31,44
09:33:39,329,3.29,0,7137,23,46,28,30,60,56,41,41,26
09:33:41,354,3.54,0,7112,23,59,40,33,33,42,31,63,53
09:33:43,323,3.23,1,7113,23,37,36,32,33,24,34,30,99
09:33:45,323,3.23,0,7133,23,34,24,31,64,56,37,35,41
09:33:47,321,3.21,0,7133,23,44,26,38,25,30,70,54,34
09:33:49,304,3.04,0,7143,23,22,57,27,35,25,48,36,55
09:33:51,333,3.33,0,7131,23,58,34,32,59,34,49,25,41
09:33:53,310,3.10,0,7131,23,59,28,33,32,42,25,32,58
09:33:55,309,3.09,1,7139,23,31,36,28,30,45,85,31,24
09:33:57,305,3.05,0,7136,23,31,26,30,29,52,66,37,34
09:33:59,312,3.12,0,7141,23,52,27,33,28,30,51,41,50
09:34:01,327,3.27,0,7136,23,36,57,35,66,35,24,40,32
09:34:03,303,3.03,1,7140,23,31,27,31,34,83,30,42,26
09:34:05,302,3.02,0,7152,23,30,41,32,65,65,29,13,26
09:34:07,309,3.09,0,7138,23,57,20,77,32,22,32,28,39
09:34:09,322,3.22,1,7143,23,31,37,30,31,95,31,34,32
09:34:11,307,3.07,1,7151,23,22,23,26,40,58,20,83,34
09:34:13,339,3.39,0,7151,23,68,54,41,38,33,30,43,32
09:34:15,308,3.08,0,7160,23,30,36,31,77,28,27,50,29
09:34:17,319,3.19,1,7138,23,40,26,25,30,84,35,46,33
09:34:19,305,3.05,0,7145,23,32,35,51,17,50,46,46,27
09:34:21,307,3.07,0,7143,23,30,35,22,36,66,52,29,36
09:34:23,393,3.93,0,7138,23,48,53,41,44,51,34,67,55
09:34:25,314,3.14,0,7158,23,33,57,34,32,59,26,32,40
09:34:27,317,3.17,0,7148,23,47,37,26,50,57,29,41,29
09:34:29,317,3.17,0,7148,23,50,56,22,43,33,26,62,26
09:34:31,313,3.13,1,7148,23,42,23,28,35,83,33,34,35
09:34:33,387,3.87,1,7136,23,99,32,32,43,43,40,55,45
09:34:35,312,3.12,1,7142,23,29,37,20,99,31,30,29,37
09:34:37,456,4.56,2,7418,24,39,53,48,67,80,88,36,44
09:34:39,340,3.40,0,7139,23,30,31,33,67,45,46,53,36
09:34:41,307,3.07,0,7147,23,16,28,41,71,60,29,31,31
09:34:43,334,3.34,0,7141,23,60,32,31,66,40,25,30,50
09:34:45,307,3.07,1,7147,23,84,32,35,28,28,27,45,27
09:34:47,304,3.04,0,7139,23,54,62,36,40,27,23,36,26
09:34:49,310,3.10,1,7145,23,32,29,86,32,24,27,29,52
09:34:51,310,3.10,1,7154,23,37,30,25,32,82,31,36,37
09:34:53,317,3.17,0,7132,23,29,22,73,29,43,68,27,27
09:34:55,312,3.12,0,7144,23,35,29,53,29,31,21,37,76
09:34:57,311,3.11,1,7123,23,30,28,33,92,24,36,24,44
09:34:59,304,3.04,1,7133,23,29,41,40,86,20,45,29,15
09:35:01,306,3.06,1,7133,23,29,94,27,47,27,23,29,29
09:35:03,336,3.36,1,7150,23,38,87,30,30,34,48,41,28
09:35:05,297,2.97,0,7145,23,31,24,27,59,38,68,30,21
09:35:07,313,3.13,0,7126,23,54,27,27,26,78,42,32,28
09:35:09,347,3.47,1,7128,23,35,85,35,36,54,35,32,36
09:35:11,314,3.14,1,7138,23,29,28,30,22,88,46,36,36
09:35:13,326,3.26,0,7130,23,54,33,27,43,40,58,34,38
09:35:15,312,3.12,0,7138,23,55,28,29,73,31,25,42,29
09:35:17,319,3.19,0,7136,23,59,30,37,38,34,56,28,37
09:35:19,314,3.14,1,7137,23,34,40,34,99,26,29,25,27
09:35:21,309,3.09,1,7134,23,27,29,34,36,27,87,34,35
09:35:23,313,3.13,0,7145,23,20,21,32,49,31,39,58,64
09:35:25,310,3.10,0,7143,23,35,21,40,70,25,27,33,60
09:35:27,310,3.10,0,7147,23,28,26,60,35,23,37,36,66
09:35:29,312,3.12,0,7132,23,36,62,49,34,26,26,28,52
09:35:31,309,3.09,0,7142,23,57,34,39,32,61,30,29,26
09:35:33,321,3.21,1,7129,23,100,24,28,36,35,39,39,21
09:35:35,308,3.08,0,7134,23,78,25,61,30,33,22,24,35
09:35:37,334,3.34,0,7131,23,67,39,28,29,34,41,37,60
09:35:39,413,4.13,1,7343,23,59,44,84,46,34,32,36,78
09:35:41,356,3.56,0,7142,23,34,24,73,31,65,29,46,55
09:35:43,350,3.50,1,7145,23,36,31,34,38,98,43,40,30
09:35:45,313,3.13,0,7146,23,61,32,38,19,51,41,23,48
09:35:47,315,3.15,1,7150,23,90,35,38,27,23,33,29,39
09:35:49,313,3.13,0,7140,23,50,34,29,54,56,28,33,29
09:35:51,309,3.09,0,7145,23,37,29,60,26,52,32,35,38
09:35:53,320,3.20,1,7125,23,30,96,30,41,30,33,35,24
09:35:55,300,3.00,1,7126,23,27,99,37,36,40,23,18,19
09:35:57,304,3.04,1,7135,23,49,41,28,23,26,23,87,27
09:35:59,321,3.21,0,7138,23,69,26,31,28,43,36,64,23
09:36:01,338,3.38,0,7143,23,53,46,76,32,42,32,30,25
09:36:03,323,3.23,0,7129,23,34,30,68,61,44,29,23,34
09:36:05,305,3.05,0,7142,23,56,47,56,39,31,34,23,19
09:36:07,299,2.99,1,7141,23,41,100,14,28,28,36,38,15
09:36:09,313,3.13,1,7142,23,35,36,38,30,91,26,27,31
09:36:11,308,3.08,0,7153,23,29,23,55,30,35,25,72,39
09:36:13,321,3.21,1,7140,23,25,23,34,82,34,30,42,51
09:36:15,319,3.19,1,7139,23,95,27,29,29,44,32,27,36
09:36:17,307,3.07,0,7152,23,50,20,35,57,60,33,22,32
09:36:19,315,3.15,0,7147,23,27,35,34,30,37,60,30,63
09:36:21,311,3.11,1,7157,23,88,32,50,24,29,24,32,31
09:36:23,317,3.17,1,7137,23,34,29,99,34,28,31,36,28
09:36:25,321,3.21,1,7148,23,25,35,51,34,38,92,29,18
09:36:27,330,3.30,0,7152,23,42,38,36,38,26,58,30,64
09:36:29,347,3.47,0,7135,23,61,33,37,60,38,31,30,56
09:36:31,317,3.17,0,7152,23,63,34,28,60,35,30,34,32
09:36:33,320,3.20,0,7128,23,36,25,33,38,59,34,30,66
09:36:35,304,3.04,0,7152,23,60,14,23,22,34,40,52,59
09:36:37,329,3.29,0,7137,23,60,32,31,29,33,34,39,72
09:36:39,312,3.12,0,7120,23,46,38,40,60,51,31,24,22
09:36:41,386,3.86,0,7261,23,61,35,36,42,79,35,38,61
09:36:43,382,3.82,0,7154,23,44,72,36,38,32,70,28,63
09:36:45,333,3.33,1,7143,23,37,25,29,49,38,34,89,32
09:36:47,324,3.24,0,7154,23,63,43,40,45,39,27,34,34
09:36:49,308,3.08,1,7140,23,26,99,20,27,28,35,36,36
09:36:51,316,3.16,1,7134,23,24,99,30,31,34,35,30,32
09:36:53,326,3.26,0,7158,23,27,61,59,56,38,26,29,31
09:36:55,314,3.14,0,7151,23,26,29,34,48,23,54,39,61
09:36:57,307,3.07,0,7162,23,32,53,14,30,33,66,44,36
09:36:59,314,3.14,0,7137,23,56,35,76,18,37,24,35,33
09:37:01,317,3.17,0,7148,23,41,58,44,34,36,19,36,50
09:37:03,311,3.11,0,7154,23,25,26,55,19,31,67,52,35
09:37:05,323,3.23,0,7123,23,29,78,52,27,24,31,32,50
09:37:07,300,3.00,0,7141,23,30,45,34,58,58,28,26,22
09:37:09,319,3.19,0,7138,23,68,30,38,67,18,31,30,38
09:37:11,313,3.13,0,7141,23,54,31,24,67,39,24,40,34
09:37:13,298,2.98,0,7147,23,27,29,22,30,47,31,55,56
09:37:15,367,3.67,0,7126,23,38,56,35,34,34,31,71,68
09:37:17,312,3.12,0,7137,23,24,62,80,20,35,37,33,20
09:37:19,315,3.15,1,7137,23,27,27,82,46,29,41,34,28
09:37:21,310,3.10,0,7137,23,57,35,28,54,22,20,32,62
09:37:23,309,3.09,0,7137,23,60,33,28,33,64,23,29,39
09:37:25,317,3.17,0,7133,23,37,29,71,28,34,46,42,31
09:37:27,320,3.20,0,7130,23,38,53,41,67,39,23,38,20
09:37:29,313,3.13,0,7135,23,62,38,26,59,25,26,33,44
09:37:31,308,3.08,1,7138,23,34,32,30,35,24,35,36,82
09:37:33,304,3.04,0,7144,23,28,50,18,36,25,36,37,74
09:37:35,320,3.20,1,7146,23,35,99,32,21,37,29,31,37
09:37:37,329,3.29,0,7133,23,64,58,48,38,26,27,27,41
09:37:39,354,3.54,1,7121,23,35,50,55,81,32,37,29,35
09:37:41,309,3.09,0,7128,23,29,24,34,73,27,27,37,58
09:37:43,372,3.72,0,7158,23,42,45,74,44,36,61,33,36
09:37:45,418,4.18,2,7150,23,33,87,54,40,41,89,34,41
09:37:47,305,3.05,0,7151,23,29,36,44,29,36,58,48,26
09:37:49,307,3.07,0,7146,23,21,33,27,54,39,30,40,63
09:37:51,307,3.07,1,7142,23,26,37,26,30,29,99,19,41
09:37:53,304,3.04,0,7149,23,31,43,39,67,28,53,24,19
09:37:55,310,3.10,1,7131,23,29,48,24,81,39,28,29,32
09:37:57,313,3.13,0,7148,23,77,38,31,47,23,30,22,46
09:37:59,303,3.03,0,7149,23,23,28,39,64,24,62,20,42
09:38:01,310,3.10,0,7139,23,37,35,19,52,77,27,24,40
09:38:03,309,3.09,0,7154,23,59,43,33,22,42,19,32,59
09:38:05,321,3.21,1,7144,23,32,25,44,29,31,30,40,90
09:38:07,306,3.06,0,7146,23,59,65,26,26,36,31,29,34
09:38:09,305,3.05,0,7152,23,33,35,23,34,80,51,21,28
09:38:11,309,3.09,0,7152,23,70,38,36,26,20,69,28,23
09:38:13,311,3.11,0,7196,23,66,31,36,30,31,33,18,66
09:38:15,391,3.91,1,7135,23,41,28,48,62,35,44,44,88
09:38:17,304,3.04,1,7144,23,22,26,38,81,31,41,36,28
09:38:19,304,3.04,0,7162,23,30,29,24,69,28,36,64,22
09:38:21,318,3.18,0,7168,23,31,34,29,55,64,40,44,22
09:38:23,302,3.02,1,7175,23,24,25,27,32,25,60,81,28
09:38:25,321,3.21,0,7149,23,41,27,52,61,25,38,45,32
09:38:27,303,3.03,0,7165,23,27,59,32,63,24,31,36,30
09:38:29,314,3.14,0,7169,23,36,28,28,41,21,67,30,64
09:38:31,318,3.18,0,7159,23,45,50,32,31,62,36,28,34
09:38:33,309,3.09,0,7148,23,47,64,49,27,38,33,25,26
09:38:35,329,3.29,0,7146,23,31,36,47,26,61,38,63,27
09:38:37,336,3.36,1,7148,23,26,48,26,91,45,36,31,34
09:38:39,311,3.11,1,7148,23,28,44,28,32,35,27,100,18
09:38:41,306,3.06,0,7151,23,30,25,37,37,66,22,70,20
09:38:43,309,3.09,0,7162,23,31,33,28,62,31,29,42,53
09:38:45,388,3.88,0,7150,23,41,38,50,44,48,34,72,60
09:38:47,427,4.27,1,7157,23,61,96,41,38,60,37,47,46
09:38:49,302,3.02,0,7163,23,37,20,18,73,25,31,32,66
09:38:51,311,3.11,0,7149,23,36,38,34,46,44,21,60,32
09:38:53,298,2.98,1,7167,23,31,32,31,88,34,22,18,42
09:38:55,321,3.21,0,7135,23,36,28,24,39,59,72,28,35
09:38:57,312,3.12,1,7135,23,24,26,28,30,37,99,44,25
09:38:59,315,3.15,0,7135,23,34,48,68,27,44,43,21,30
09:39:01,313,3.13,0,7147,23,37,33,26,55,78,29,30,25
09:39:03,310,3.10,1,7152,23,25,27,30,100,50,26,20,33
09:39:05,314,3.14,0,7147,23,32,34,19,65,74,30,26,34
09:39:07,315,3.15,1,7143,23,28,24,47,30,81,40,28,36
09:39:09,329,3.29,0,7136,23,35,39,59,32,64,32,36,32
09:39:11,317,3.17,0,7134,23,30,33,65,29,45,37,54,24
09:39:13,308,3.08,1,7138,23,26,33,21,27,61,32,82,25
09:39:15,328,3.28,0,7122,23,34,67,30,32,64,31,40,30
09:39:17,315,3.15,1,7120,23,36,90,44,35,29,29,23,29
09:39:19,334,3.34,0,7129,23,39,36,49,38,27,31,63,52
09:39:21,315,3.15,0,7132,23,33,26,35,71,22,29,26,73
09:39:23,311,3.11,1,7137,23,32,23,27,26,93,35,36,39
09:39:25,306,3.06,1,7130,23,32,34,30,28,19,99,38,26
09:39:27,309,3.09,1,7120,23,32,33,31,35,28,100,21,29
09:39:29,302,3.02,0,7131,23,22,69,26,43,37,47,33,27
09:39:31,313,3.13,1,7135,23,60,26,29,81,40,26,25,28
09:39:33,305,3.05,0,7144,23,28,34,58,35,29,64,28,28
09:39:35,317,3.17,0,7150,23,36,61,38,64,37,27,22,31
09:39:37,332,3.32,1,7125,23,29,31,30,38,90,40,30,43
09:39:39,316,3.16,0,7132,23,77,33,32,35,26,33,30,51
09:39:41,317,3.17,0,7131,23,37,29,62,34,59,28,35,32
09:39:43,300,3.00,1,7137,23,21,24,94,29,37,40,30,23
09:39:45,325,3.25,1,7131,23,42,30,27,98,32,29,25,42
09:39:47,315,3.15,1,7134,23,37,29,29,92,21,32,40,34
09:39:49,427,4.27,1,7433,24,53,38,38,76,86,46,50,40
09:39:51,348,3.48,1,7120,23,35,29,31,25,48,37,98,43
09:39:53,360,3.60,0,7136,23,38,70,38,58,32,34,44,45
09:39:55,314,3.14,0,7143,23,24,26,44,70,35,61,30,25
09:39:57,315,3.15,0,7131,23,32,31,27,63,41,28,31,62
09:39:59,307,3.07,0,7135,23,25,77,20,49,24,23,30,59
09:40:01,313,3.13,0,7141,23,22,52,47,64,27,37,34,29
09:40:03,306,3.06,0,7149,23,49,20,42,23,49,30,24,68
09:40:05,309,3.09,1,7149,23,100,28,30,27,34,34,27,30
09:40:07,318,3.18,0,7144,23,35,64,28,48,25,29,39,49
09:40:09,316,3.16,0,7156,23,66,33,28,45,60,35,34,14
09:40:11,314,3.14,0,7147,23,26,26,28,59,35,62,34,44
09:40:13,310,3.10,0,7146,23,59,43,43,29,24,29,28,55
09:40:15,343,3.43,1,7140,23,40,32,92,37,36,35,36,35
09:40:17,316,3.16,0,7147,23,74,23,57,31,30,37,38,25
09:40:19,309,3.09,0,7151,23,32,31,73,62,34,26,27,24
09:40:21,314,3.14,0,7160,23,23,24,73,34,27,63,35,36
09:40:23,311,3.11,0,7159,23,36,72,22,40,35,20,58,29
09:40:25,308,3.08,0,7170,23,30,57,63,38,34,30,19,37
09:40:27,313,3.13,0,7159,23,29,25,28,35,46,71,41,38
09:40:29,298,2.98,0,7160,23,42,30,24,26,25,47,25,79
09:40:31,305,3.05,0,7174,23,25,34,33,49,25,50,63,28
09:40:33,309,3.09,1,7147,23,29,30,32,38,90,32,24,34
09:40:35,317,3.17,0,7144,23,21,63,38,26,35,60,32,40
09:40:37,336,3.36,0,7135,23,30,41,66,69,23,23,44,40
09:40:39,310,3.10,0,7136,23,21,37,27,71,30,71,27,27
09:40:41,351,3.51,0,7142,23,45,37,44,29,36,47,79,34
09:40:43,308,3.08,0,7155,23,37,27,28,33,31,41,49,61
09:40:45,312,3.12,1,7162,23,38,84,24,28,40,42,33,23
09:40:47,339,3.39,0,7138,23,23,48,39,68,36,56,41,27
09:40:49,310,3.10,0,7148,23,32,38,28,22,31,69,64,25
09:40:51,430,4.30,0,7343,23,43,72,68,68,39,47,40,52
09:40:53,369,3.69,1,7132,23,38,51,70,83,31,21,40,35
09:40:55,300,3.00,0,7139,23,26,41,44,55,65,24,23,22
09:40:57,324,3.24,0,7128,23,25,28,43,62,52,37,38,39
09:40:59,305,3.05,0,7148,23,61,21,45,26,28,44,54,28
09:41:01,307,3.07,0,7151,23,40,77,23,27,33,23,48,36
09:41:03,311,3.11,1,7131,23,25,48,34,34,85,28,31,26
09:41:05,311,3.11,1,7141,23,26,90,41,32,35,26,33,28
09:41:07,324,3.24,0,7120,23,39,70,22,29,26,41,50,47
09:41:09,302,3.02,0,7138,23,33,32,33,56,31,29,20,67
09:41:11,314,3.14,0,7141,23,34,31,67,68,19,28,32,36
09:41:13,322,3.22,0,7147,23,69,34,58,34,45,22,32,28
09:41:15,323,3.23,0,7146,23,35,57,72,31,32,47,14,35
09:41:17,326,3.26,0,7140,23,22,30,53,75,26,58,28,34
09:41:19,304,3.04,0,7143,23,27,27,60,60,29,42,36,22
09:41:21,306,3.06,1,7141,23,51,25,30,80,22,42,25,32
09:41:23,306,3.06,0,7135,23,70,33,25,42,22,60,31,22
09:41:25,306,3.06,0,7140,23,59,27,34,55,32,42,28,31
09:41:27,313,3.13,1,7157,23,29,25,45,29,40,24,86,36
09:41:29,323,3.23,0,7140,23,34,22,24,77,36,26,36,68
09:41:31,310,3.10,1,7141,23,99,37,35,23,29,26,28,33
09:41:33,309,3.09,0,7136,23,62,26,21,26,73,41,28,32
09:41:35,325,3.25,0,7135,23,38,32,28,33,29,55,65,44
09:41:37,324,3.24,0,7141,23,37,26,32,33,31,50,65,50
09:41:39,311,3.11,0,7139,23,76,28,35,41,34,47,26,26
09:41:41,305,3.05,0,7139,23,62,29,31,23,30,60,34,35
09:41:43,325,3.25,0,7136,23,68,32,34,36,31,63,22,38
09:41:45,305,3.05,0,7147,23,37,58,24,53,23,43,40,27
09:41:47,329,3.29,1,7141,23,88,35,38,36,33,25,30,44
09:41:49,316,3.16,0,7151,23,39,36,26,33,53,32,65,32
09:41:51,307,3.07,0,7158,23,71,31,35,66,28,27,28,23
09:41:53,396,3.96,0,7243,23,73,32,63,36,43,52,36,61
09:41:55,382,3.82,0,7146,23,36,64,36,30,70,43,41,62
09:41:57,308,3.08,0,7147,23,23,35,38,64,67,25,34,21
09:41:59,309,3.09,0,7148,23,27,39,30,37,68,23,62,24
09:42:01,306,3.06,0,7163,23,35,18,28,36,52,64,27,45
09:42:03,313,3.13,0,7155,23,30,28,25,64,43,50,34,39
09:42:05,313,3.13,0,7154,23,63,22,31,40,54,31,36,36
09:42:07,333,3.33,1,7140,23,30,31,31,86,33,28,36,57
09:42:09,307,3.07,1,7138,23,26,36,34,34,24,31,22,100
09:42:11,309,3.09,0,7155,23,66,29,35,25,51,31,24,47
09:42:13,325,3.25,0,7138,23,32,32,34,34,42,53,38,60
09:42:15,314,3.14,0,7151,23,31,69,24,30,62,44,26,28
09:42:17,326,3.26,1,7145,23,29,24,41,22,95,30,46,40
09:42:19,346,3.46,0,7137,23,35,27,70,56,42,30,38,49
09:42:21,311,3.11,1,7147,23,32,24,32,31,29,97,31,35
09:42:23,325,3.25,0,7144,23,33,22,66,32,22,48,65,38
09:42:25,306,3.06,0,7156,23,28,29,73,31,33,30,58,24
09:42:27,317,3.17,0,7162,23,27,42,63,29,60,42,25,29
09:42:29,319,3.19,0,7145,23,31,64,25,47,37,24,62,28
09:42:31,329,3.29,0,7150,23,70,61,28,29,40,30,36,35
09:42:33,313,3.13,0,7148,23,27,29,52,25,32,29,55,64
09:42:35,321,3.21,0,7156,23,33,29,64,66,38,19,31,39
09:42:37,330,3.30,0,7141,23,73,32,64,23,31,33,31,43
09:42:39,313,3.13,0,7153,23,65,21,32,32,28,49,31,56
09:42:41,307,3.07,0,7162,23,37,78,26,23,38,54,30,21
09:42:43,316,3.16,1,7141,23,28,99,29,28,29,41,32,29
09:42:45,309,3.09,0,7157,23,32,67,36,21,32,23,37,62
09:42:47,329,3.29,0,7147,23,28,58,36,36,25,34,41,70
09:42:49,314,3.14,1,7148,23,32,82,28,52,33,21,32,33
09:42:51,315,3.15,1,7144,23,39,29,38,51,25,25,85,22
09:42:53,311,3.11,0,7162,23,31,23,50,30,27,66,53,32
09:42:55,370,3.70,1,7167,23,52,28,88,39,50,35,39,40
09:42:57,406,4.06,1,7174,23,80,36,66,42,54,33,58,36
09:42:59,317,3.17,0,7159,23,27,64,31,35,22,27,54,57
09:43:01,306,3.06,0,7169,23,36,26,19,27,43,40,34,79
09:43:03,305,3.05,0,7170,23,33,29,28,18,78,28,61,30
09:43:05,310,3.10,0,7171,23,53,18,20,62,34,29,45,49
09:43:07,303,3.03,1,7175,23,35,86,30,35,29,41,26,21
09:43:09,319,3.19,0,7142,23,27,37,33,68,24,28,46,56
09:43:11,308,3.08,0,7133,23,27,26,33,50,31,73,34,34
09:43:13,311,3.11,0,7146,23,32,26,31,78,54,27,34,29
09:43:15,326,3.26,1,7150,23,30,30,34,27,49,39,27,90
09:43:17,342,3.42,1,7136,23,35,92,36,26,38,38,42,35
09:43:19,318,3.18,0,7151,23,24,33,66,61,38,47,27,22
09:43:21,299,2.99,0,7151,23,28,28,35,43,23,66,51,25
09:43:23,300,3.00,1,7154,23,29,92,19,21,26,39,38,36
09:43:25,315,3.15,0,7143,23,24,36,63,39,45,35,53,20
09:43:27,316,3.16,1,7144,23,28,32,28,90,39,42,42,14
09:43:29,317,3.17,0,7146,23,33,31,62,69,34,21,43,25
09:43:31,310,3.10,1,7151,23,29,36,22,37,93,38,25,31
09:43:33,304,3.04,1,7152,23,16,26,25,90,31,48,29,39
09:43:35,335,3.35,0,7159,23,25,28,35,74,32,57,42,41
09:43:37,314,3.14,1,7152,23,28,30,31,34,25,38,34,94
09:43:39,325,3.25,0,7149,23,69,40,30,54,25,38,28,41
09:43:41,310,3.10,0,7153,23,24,36,38,60,63,21,44,23
09:43:43,306,3.06,0,7160,23,24,28,63,72,26,27,29,38
09:43:45,313,3.13,0,7155,23,33,56,30,39,31,62,30,30
09:43:47,317,3.17,0,7155,23,57,37,39,63,33,22,28,37
09:43:49,315,3.15,0,7155,23,17,27,37,71,56,31,34,42
09:43:51,329,3.29,0,7168,23,26,37,28,32,45,74,58,30
09:43:53,311,3.11,1,7167,23,25,92,32,38,33,22,44,26
09:43:55,328,3.28,1,7174,23,29,40,52,92,23,27,29,36
09:43:57,346,3.46,0,7166,23,44,30,36,45,71,57,27,35
09:43:59,435,4.35,1,7153,23,41,33,97,58,37,51,75,41
09:44:01,316,3.16,1,7152,23,26,89,23,41,38,39,30,29
09:44:03,306,3.06,1,7156,23,25,33,31,28,30,42,30,88
09:44:05,315,3.15,0,7145,23,22,32,36,31,56,32,27,79
09:44:07,310,3.10,0,7155,23,22,47,27,38,43,28,41,64
09:44:09,322,3.22,0,7154,23,36,38,35,36,34,66,42,36
09:44:11,311,3.11,0,7166,23,47,22,69,25,49,26,44,30
09:44:13,312,3.12,0,7166,23,26,38,40,29,78,37,48,15
09:44:15,311,3.11,0,7165,23,23,26,32,68,34,28,44,55
09:44:17,320,3.20,0,7156,23,32,32,68,25,51,32,29,52
09:44:19,314,3.14,0,7173,23,31,68,25,37,48,36,20,50
09:44:21,356,3.56,1,7171,23,58,37,28,40,39,36,34,84
09:44:23,314,3.14,1,7179,23,47,83,21,22,42,27,29,42
09:44:25,307,3.07,0,7170,23,30,43,25,27,46,66,24,46
09:44:27,305,3.05,0,7165,23,47,34,22,23,45,26,51,56
09:44:29,309,3.09,0,7161,23,32,22,38,28,53,27,64,45
09:44:31,313,3.13,0,7141,23,33,78,39,26,25,34,26,53
09:44:33,328,3.28,1,7152,23,32,58,30,27,43,82,20,36
09:44:35,333,3.33,0,7158,23,29,24,41,40,34,55,69,40
09:44:37,307,3.07,0,7158,23,29,30,25,56,27,78,40,24
09:44:39,318,3.18,0,7168,23,29,23,36,36,31,56,73,33
09:44:41,314,3.14,0,7170,23,41,42,29,22,29,65,54,33
09:44:43,302,3.02,0,7178,23,61,15,29,50,34,27,26,59
09:44:45,314,3.14,0,7151,23,63,28,34,68,24,25,37,35
09:44:47,322,3.22,0,7159,23,43,26,35,26,39,20,64,68
09:44:49,317,3.17,1,7159,23,33,27,32,98,28,34,37,27
09:44:51,311,3.11,1,7174,23,26,25,26,44,100,32,29,30
09:44:53,303,3.03,0,7193,23,28,58,24,35,39,61,30,27
09:44:55,322,3.22,0,7160,23,32,28,36,35,27,63,34,67
09:44:57,306,3.06,0,7164,23,42,27,67,24,23,63,30,29
09:44:59,312,3.12,0,7154,23,64,32,41,56,31,33,25,30
09:45:01,441,4.41,2,7443,24,42,49,86,95,40,32,45,51
09:45:03,333,3.33,0,7173,23,29,30,43,70,38,36,26,61
09:45:05,316,3.16,0,7171,23,27,26,62,44,52,29,34,43
09:45:07,318,3.18,0,7177,23,30,40,27,29,71,29,52,39
09:45:09,314,3.14,1,7162,23,28,38,32,25,23,53,80,33
09:45:11,321,3.21,0,7174,23,50,40,34,30,25,55,71,16
09:45:13,317,3.17,0,7214,23,45,33,41,32,23,80,30,32
09:45:15,379,3.79,1,7154,23,24,45,37,45,38,98,69,22
09:45:17,313,3.13,0,7169,23,66,33,50,26,26,52,26,35
09:45:19,326,3.26,1,7155,23,40,42,92,30,30,24,32,35
09:45:21,320,3.20,0,7162,23,40,56,45,32,29,60,31,26
09:45:23,304,3.04,1,7168,23,25,40,34,24,27,32,95,28
09:45:25,315,3.15,0,7176,23,36,24,32,46,27,68,21,61
09:45:27,317,3.17,0,7173,23,35,58,28,70,25,24,43,33
09:45:29,309,3.09,1,7158,23,25,100,23,46,29,32,28,27
09:45:31,323,3.23,0,7155,23,24,72,24,34,31,32,44,62
09:45:33,301,3.01,0,7166,23,31,21,27,41,34,56,62,29
09:45:35,327,3.27,0,7156,23,30,28,28,55,39,48,28,71
09:45:37,322,3.22,1,7153,23,47,31,29,28,30,37,83,37
09:45:39,309,3.09,0,7166,23,44,27,30,18,33,43,79,34
09:45:41,373,3.73,1,7153,23,55,29,47,42,38,85,41,36
09:45:43,314,3.14,0,7162,23,60,67,19,44,20,42,32,30
09:45:45,315,3.15,0,7156,23,31,66,37,35,30,53,34,30
09:45:47,322,3.22,1,7157,23,33,23,38,94,40,27,26,40
09:45:49,323,3.23,1,7152,23,41,27,31,28,100,35,31,30
09:45:51,313,3.13,1,7152,23,33,21,41,27,99,28,31,34
09:45:53,310,3.10,0,7163,23,36,30,35,23,31,22,66,68
09:45:55,307,3.07,0,7162,23,35,29,34,30,25,34,65,55
09:45:57,312,3.12,1,7169,23,93,27,35,32,30,21,37,36
09:45:59,381,3.81,0,7177,23,76,36,40,36,38,50,31,74
09:46:01,318,3.18,1,7150,23,28,21,31,38,29,40,30,100
09:46:03,414,4.14,1,7376,24,50,81,38,48,41,68,38,51
09:46:05,350,3.50,1,7171,23,41,49,85,37,26,47,30,34
09:46:07,317,3.17,1,7160,23,34,32,100,36,29,29,33,24
09:46:09,297,2.97,1,7164,23,30,28,96,29,22,26,37,29
09:46:11,327,3.27,0,7154,23,36,29,34,62,42,24,67,32
09:46:13,305,3.05,0,7166,23,34,30,34,64,64,24,23,31
09:46:15,306,3.06,0,7167,23,32,41,33,27,61,64,29,19
09:46:17,313,3.13,0,7171,23,58,68,38,30,27,33,27,33
09:46:19,324,3.24,0,7173,23,28,22,69,24,41,41,61,38
09:46:21,324,3.24,0,7180,23,69,30,29,29,34,53,55,26
09:46:23,307,3.07,0,7181,23,30,42,23,33,23,78,52,25
09:46:25,302,3.02,1,7182,23,27,28,43,21,24,33,100,26
09:46:27,307,3.07,0,7185,23,34,57,28,30,30,34,72,24
09:46:29,295,2.95,0,7192,23,51,35,20,20,31,24,38,76
09:46:31,323,3.23,0,7166,23,32,61,35,62,34,32,38,29
09:46:33,299,2.99,0,7171,23,28,19,59,75,32,30,35,21
09:46:35,330,3.30,0,7143,23,22,34,38,26,38,74,35,63
09:46:37,328,3.28,0,7159,23,37,28,35,71,34,27,34,62
09:46:39,316,3.16,0,7168,23,16,41,40,28,71,15,42,63
09:46:41,325,3.25,0,7154,23,67,55,25,35,32,44,32,37
09:46:43,306,3.06,0,7172,23,31,45,51,28,25,63,38,26
09:46:45,310,3.10,0,7173,23,25,51,43,71,27,36,26,30
09:46:48,313,3.13,0,7140,23,26,53,17,46,40,75,31,25
09:46:50,357,3.57,0,7163,23,29,60,33,43,41,41,35,76
09:46:52,304,3.04,0,7173,23,26,27,41,58,66,35,23,27
09:46:54,317,3.17,0,7169,23,27,32,45,60,60,33,32,28
09:46:56,311,3.11,0,7173,23,22,37,24,38,65,24,42,57
09:46:58,306,3.06,0,7152,23,33,26,23,28,68,31,34,63
09:47:00,325,3.25,1,7162,23,42,51,25,30,33,22,37,86
09:47:02,312,3.12,1,7162,23,23,88,23,30,44,37,33,34
09:47:04,319,3.19,0,7163,23,39,34,43,22,46,24,42,67
09:47:06,401,4.01,0,7246,23,33,68,70,51,34,42,62,42
09:47:08,375,3.75,0,7164,23,28,68,66,39,30,36,38,70
09:47:10,300,3.00,1,7164,23,33,29,27,25,98,31,27,30
09:47:12,317,3.17,0,7157,23,39,26,36,37,74,50,28,27
09:47:14,332,3.32,0,7160,23,73,56,34,36,27,41,37,27
09:47:16,317,3.17,0,7161,23,26,55,31,23,30,64,50,38
09:47:18,328,3.28,1,7162,23,32,26,37,46,36,31,89,32
09:47:20,320,3.20,0,7159,23,25,61,28,58,42,32,46,28
09:47:22,309,3.09,0,7159,23,34,30,56,63,41,28,30,26
09:47:24,314,3.14,0,7154,23,33,65,27,63,28,34,28,36
09:47:26,304,3.04,0,7154,23,40,67,32,54,32,30,27,20
09:47:28,333,3.33,0,7147,23,39,29,69,40,41,53,31,30
09:47:30,304,3.04,1,7149,23,26,34,38,28,35,81,33,30
09:47:32,315,3.15,1,7156,23,25,27,88,26,30,29,51,41
09:47:34,312,3.12,0,7163,23,37,30,69,27,32,29,55,33
09:47:36,331,3.31,0,7161,23,32,59,70,38,42,27,40,22
09:47:38,302,3.02,1,7165,23,28,30,39,100,30,23,20,32
09:47:40,327,3.27,0,7169,23,58,32,33,73,26,38,46,21
09:47:42,316,3.16,1,7168,23,47,35,30,92,24,27,30,31
09:47:44,315,3.15,0,7157,23,34,30,77,46,22,36,46,26
09:47:46,312,3.12,0,7166,23,30,34,37,31,33,67,53,27
09:47:48,311,3.11,0,7156,23,31,36,56,69,37,19,31,33
09:47:50,316,3.16,0,7156,23,26,25,37,38,58,66,32,35
09:47:52,312,3.12,0,7158,23,18,22,38,40,73,33,64,23
09:47:54,336,3.36,0,7156,23,65,26,44,36,34,32,66,33
09:47:56,303,3.03,0,7171,23,28,36,48,21,23,39,46,62
09:47:58,310,3.10,1,7175,23,37,32,52,31,30,82,22,24
09:48:00,315,3.15,1,7167,23,24,33,25,37,30,48,82,36
09:48:02,306,3.06,0,7158,23,26,29,36,30,23,32,65,65
09:48:04,334,3.34,0,7163,23,35,29,31,37,74,29,67,32
09:48:06,311,3.11,0,7165,23,42,59,29,27,73,27,32,21
09:48:08,436,4.36,1,7194,23,56,57,53,90,57,45,42,36
09:48:10,401,4.01,1,7165,23,31,38,39,56,80,81,41,35
09:48:12,317,3.17,1,7164,23,27,32,40,31,35,92,26,36
09:48:14,307,3.07,0,7165,23,30,58,25,64,31,40,34,24
09:48:16,309,3.09,0,7166,23,58,31,36,68,24,25,42,25
09:48:18,325,3.25,1,7175,23,81,28,35,21,62,31,31,36
09:48:20,319,3.19,0,7146,23,23,55,32,38,36,39,32,62
09:48:22,306,3.06,1,7142,23,26,56,28,36,32,81,26,21
09:48:24,322,3.22,0,7133,23,20,37,34,38,70,65,32,27
09:48:26,303,3.03,1,7142,23,23,25,21,39,100,28,34,34
09:48:28,308,3.08,0,7144,23,29,68,46,20,61,32,24,27
09:48:30,310,3.10,0,7172,23,52,30,31,36,41,64,26,30
09:48:32,342,3.42,0,7180,23,48,45,36,27,32,46,70,39
09:48:34,319,3.19,1,7166,23,30,89,39,23,19,28,32,60
09:48:36,330,3.30,0,7149,23,40,40,23,30,35,68,34,59
09:48:38,306,3.06,0,7160,23,65,30,21,33,27,70,32,27
09:48:40,309,3.09,0,7156,23,73,35,32,63,28,31,20,27
09:48:42,316,3.16,0,7154,23,48,19,22,77,31,34,40,42
09:48:44,351,3.51,0,7155,23,56,42,31,25,54,72,40,31
09:48:46,304,3.04,0,7171,23,54,29,66,40,21,28,31,35
09:48:48,304,3.04,0,7178,23,64,37,39,56,28,29,22,30
09:48:50,318,3.18,0,7146,23,67,32,28,37,77,23,19,36
09:48:52,303,3.03,0,7165,23,31,29,26,39,22,64,58,35
09:48:54,311,3.11,1,7142,23,18,29,36,31,25,35,86,50
09:48:56,348,3.48,0,7161,23,28,22,76,48,31,38,54,49
09:48:58,303,3.03,0,7163,23,69,42,20,29,22,36,58,28
09:49:00,302,3.02,0,7160,23,24,67,68,32,37,29,25,20
09:49:02,326,3.26,0,7169,23,22,75,34,60,28,31,44,31
09:49:04,317,3.17,1,7163,23,26,21,38,88,30,43,34,37
09:49:06,331,3.31,1,7173,23,45,36,36,29,26,93,22,45
09:49:08,324,3.24,0,7177,23,62,30,29,21,40,31,68,43
09:49:10,352,3.52,0,7168,23,77,38,64,32,35,34,31,40
09:49:12,418,4.18,1,7175,23,28,92,74,32,60,41,39,52
09:49:14,317,3.17,0,7157,23,56,54,34,29,39,64,19,20
09:49:16,322,3.22,0,7178,23,56,39,68,29,38,32,24,38
09:49:18,306,3.06,0,7178,23,30,34,19,68,60,26,34,36
09:49:20,314,3.14,0,7175,23,34,65,75,23,35,25,33,25
09:49:22,304,3.04,0,7175,23,67,63,21,30,31,31,30,31
09:49:24,315,3.15,0,7176,23,56,43,35,29,34,28,30,60
09:49:26,309,3.09,0,7167,23,48,76,34,26,28,28,48,22
09:49:28,303,3.03,0,7168,23,28,25,21,32,35,32,55,74
09:49:30,308,3.08,0,7167,23,33,24,24,61,69,34,37,26
09:49:32,309,3.09,1,7168,23,31,29,30,22,37,33,31,97
09:49:34,323,3.23,0,7158,23,32,32,34,32,69,30,30,64
09:49:36,350,3.50,0,7162,23,35,34,38,35,34,77,34,62
09:49:38,313,3.13,1,7161,23,40,35,25,37,25,96,33,23
09:49:40,312,3.12,0,7161,23,35,80,31,38,16,24,25,63
09:49:42,310,3.10,0,7161,23,22,74,25,54,34,36,35,31
09:49:44,306,3.06,0,7174,23,62,31,28,48,43,34,30,30
09:49:46,324,3.24,0,7164,23,63,52,27,32,52,33,39,26
09:49:48,325,3.25,0,7168,23,23,38,36,35,30,58,37,68
09:49:50,321,3.21,0,7172,23,65,40,31,31,33,65,29,27
09:49:52,307,3.07,0,7172,23,41,69,39,38,30,45,22,23
09:49:54,315,3.15,0,7161,23,64,30,45,35,20,54,42,25
09:49:56,312,3.12,0,7165,23,69,30,55,31,36,28,30,33
09:49:58,299,2.99,0,7171,23,25,61,41,23,19,31,24,76
09:50:00,323,3.23,0,7152,23,25,76,31,33,37,39,56,27
09:50:02,305,3.05,0,7171,23,22,33,32,47,24,35,41,71
09:50:04,308,3.08,0,7160,23,21,27,41,63,26,24,71,35
09:50:06,301,3.01,1,7162,23,31,26,39,44,29,16,16,100
09:50:08,301,3.01,0,7158,23,30,20,37,64,23,27,27,73
09:50:10,318,3.18,0,7153,23,27,72,39,39,52,37,35,18
09:50:12,331,3.31,0,7162,23,37,29,76,24,63,36,27,39
09:50:14,421,4.21,2,7468,24,38,43,43,40,99,30,34,94
09:50:16,340,3.40,0,7167,23,63,24,31,33,79,37,33,40
09:50:18,313,3.13,0,7182,23,42,30,40,33,32,40,77,20
09:50:20,310,3.10,0,7167,23,33,68,37,22,28,46,38,38
09:50:22,310,3.10,1,7145,23,17,35,27,32,20,46,33,100
09:50:24,314,3.14,1,7151,23,34,23,31,34,31,38,99,24
09:50:26,316,3.16,1,7159,23,18,30,31,88,27,32,55,35
09:50:28,313,3.13,1,7169,23,31,33,30,37,28,26,92,36
09:50:30,298,2.98,0,7164,23,31,30,31,57,29,31,21,69
09:50:32,331,3.31,1,7175,23,99,30,46,24,34,38,27,32
09:50:34,318,3.18,0,7184,23,33,41,69,43,31,46,28,27
09:50:36,346,3.46,0,7146,23,33,44,32,40,36,50,80,31
09:50:38,302,3.02,0,7161,23,18,21,45,41,29,66,53,28
09:50:40,310,3.10,0,7173,23,33,65,36,28,35,22,37,55
09:50:42,331,3.31,0,7162,23,37,61,31,34,27,33,30,78
09:50:44,310,3.10,0,7162,23,21,48,32,44,27,47,28,63
09:50:46,332,3.32,1,7168,23,34,31,32,31,34,99,33,38
09:50:48,303,3.03,0,7167,23,54,30,36,27,26,34,30,66
09:50:50,298,2.98,1,7167,23,99,23,13,19,42,32,37,32
09:50:52,325,3.25,0,7167,23,46,44,31,72,37,27,40,29
09:50:54,312,3.12,1,7174,23,34,29,29,39,22,31,98,30
09:50:56,325,3.25,0,7158,23,39,37,30,46,67,41,38,29
09:50:58,308,3.08,1,7159,23,24,28,25,99,38,31,31,31
09:51:00,316,3.16,0,7160,23,44,37,37,43,35,24,28,66
09:51:02,305,3.05,0,7156,23,49,70,31,41,26,23,35,30
09:51:04,302,3.02,0,7167,23,34,25,22,62,38,58,34,28
09:51:06,309,3.09,0,7160,23,76,33,56,26,25,34,28,31
09:51:08,302,3.02,0,7158,23,26,43,39,28,65,47,29,24
09:51:10,304,3.04,1,7163,23,26,29,33,40,25,96,31,24
09:51:12,312,3.12,0,7172,23,29,34,36,64,32,36,57,25
09:51:14,346,3.46,1,7162,23,24,42,43,30,31,40,99,38
09:51:16,435,4.35,1,7364,23,44,48,36,78,47,40,99,44
09:51:18,346,3.46,0,7167,23,75,36,27,55,40,35,56,22
09:51:20,310,3.10,1,7166,23,25,28,99,31,24,33,37,32
09:51:22,322,3.22,1,7159,23,48,32,80,32,21,31,28,49
09:51:24,314,3.14,1,7164,23,32,44,25,26,25,27,83,52
09:51:26,317,3.17,0,7154,23,26,31,73,39,37,32,55,24
09:51:28,303,3.03,0,7161,23,59,74,24,22,28,29,39,28
09:51:30,318,3.18,0,7160,23,60,68,32,46,30,31,26,24
09:51:32,333,3.33,0,7149,23,61,33,71,29,32,43,35,30
09:51:34,324,3.24,0,7156,23,36,31,35,36,30,62,66,27
09:51:36,341,3.41,0,7162,23,33,76,35,27,34,56,42,39
09:51:38,312,3.12,1,7166,23,42,47,22,24,34,89,32,22
09:51:40,302,3.02,0,7167,23,23,30,22,67,60,26,46,29
09:51:42,316,3.16,1,7159,23,25,34,29,100,29,35,33,30
09:51:44,306,3.06,1,7154,23,21,24,46,40,32,86,19,38
09:51:46,312,3.12,0,7159,23,28,35,37,35,19,48,75,35
09:51:48,306,3.06,0,7163,23,28,34,24,30,30,27,68,66
09:51:50,305,3.05,0,7170,23,27,36,31,53,22,31,35,70
09:51:52,339,3.39,1,7167,23,44,24,38,87,29,38,29,50
09:51:54,304,3.04,0,7172,23,57,76,43,19,21,36,32,19
09:51:56,309,3.09,0,7177,23,25,38,73,31,26,20,57,40
09:51:58,313,3.13,1,7163,23,29,41,26,26,30,36,85,41
09:52:00,300,3.00,0,7168,23,21,56,28,32,45,19,67,33
09:52:02,303,3.03,0,7168,23,33,33,26,61,16,26,32,77
09:52:04,322,3.22,0,7169,23,26,28,34,46,36,30,50,71
09:52:06,313,3.13,1,7165,23,34,33,24,39,29,84,47,23
09:52:08,317,3.17,0,7176,23,78,37,30,22,22,66,21,39
09:52:10,302,3.02,1,7174,23,41,25,100,23,31,25,26,30
09:52:12,304,3.04,1,7168,23,31,27,100,25,31,25,38,26
09:52:14,347,3.47,0,7223,23,48,70,54,24,26,31,45,50
09:52:16,363,3.63,0,7153,23,27,69,36,45,64,31,29,60
09:52:18,404,4.04,1,7310,23,38,98,48,35,57,41,47,38
09:52:20,374,3.74,1,7179,23,42,42,44,88,62,34,24,40
09:52:22,334,3.34,0,7177,23,31,77,32,62,31,35,39,28
09:52:24,309,3.09,0,7182,23,48,29,68,26,29,53,20,35
09:52:26,305,3.05,0,7169,23,32,32,72,32,22,51,33,30
09:52:28,314,3.14,0,7169,23,52,22,44,35,67,35,26,34
09:52:30,304,3.04,1,7170,23,35,43,38,100,23,18,22,25
09:52:32,309,3.09,0,7161,23,44,30,21,27,38,37,41,71
09:52:34,309,3.09,0,7168,23,56,33,23,31,23,35,40,69
09:52:36,360,3.60,0,7145,23,72,70,42,43,32,28,33,40
09:52:38,317,3.17,0,7164,23,72,27,32,47,19,41,51,28
09:52:40,305,3.05,0,7170,23,36,29,26,31,68,34,56,27
09:52:42,307,3.07,0,7170,23,19,30,28,31,28,41,56,74
09:52:44,306,3.06,0,7167,23,27,28,36,72,26,24,36,57
09:52:46,319,3.19,1,7172,23,83,37,42,42,25,34,32,24
09:52:48,307,3.07,0,7188,23,72,27,59,23,40,31,30,25
09:52:50,295,2.95,0,7190,23,23,63,34,19,34,27,26,69
09:52:52,330,3.30,0,7176,23,27,39,35,30,34,62,36,67
09:52:54,326,3.26,0,7172,23,26,39,28,29,72,68,28,35
09:52:56,303,3.03,1,7149,23,37,41,17,30,21,99,32,26
09:52:58,303,3.03,0,7164,23,22,69,28,26,49,45,31,32
09:53:00,303,3.03,1,7169,23,31,24,28,82,52,16,35,35
09:53:02,305,3.05,0,7179,23,31,37,34,59,28,28,65,23
09:53:04,314,3.14,1,7168,23,29,23,32,81,40,31,25,54
09:53:06,350,3.50,0,7164,23,36,38,29,32,35,49,73,58
09:53:08,306,3.06,1,7172,23,34,42,28,31,18,100,23,30
09:53:10,310,3.10,0,7173,23,42,60,22,23,40,63,31,30
09:53:12,309,3.09,1,7167,23,27,32,35,28,35,85,27,40
09:53:14,320,3.20,1,7173,23,30,41,35,35,28,32,20,99
09:53:16,318,3.18,1,7159,23,98,31,24,36,32,38,31,29
09:53:18,307,3.07,1,7158,23,54,86,28,18,19,41,32,29
09:53:20,362,3.62,1,7180,23,39,100,52,41,28,36,39,28
09:53:22,414,4.14,2,7163,23,42,39,88,39,98,44,33,31
09:53:24,317,3.17,1,7157,23,40,33,21,29,99,32,32,31
09:53:26,311,3.11,1,7154,23,27,33,46,34,92,27,26,26
09:53:28,310,3.10,0,7162,23,34,24,71,62,34,31,31,23
09:53:30,302,3.02,1,7164,23,22,22,88,42,34,25,41,29
09:53:32,296,2.96,0,7165,23,37,30,57,22,25,28,73,24
09:53:34,328,3.28,0,7161,23,30,69,65,31,35,29,40,28
09:53:36,337,3.37,0,7154,23,34,29,51,71,30,43,36,45
09:53:38,307,3.07,1,7157,23,31,37,28,27,30,31,22,100
09:53:40,305,3.05,0,7160,23,32,69,28,20,61,22,41,32
09:53:42,311,3.11,0,7162,23,29,43,29,68,46,30,31,35
09:53:44,309,3.09,0,7177,23,30,56,31,33,25,28,32,73
09:53:46,320,3.20,0,7157,23,32,33,38,56,35,26,72,28
09:53:48,324,3.24,1,7167,23,38,31,27,91,35,23,44,34
09:53:50,339,3.39,1,7176,23,19,39,34,37,100,28,36,45
09:53:52,322,3.22,0,7180,23,27,74,34,27,29,38,57,36
09:53:54,313,3.13,0,7163,23,29,28,35,44,25,25,58,70
09:53:56,305,3.05,0,7176,23,71,21,29,35,27,29,56,38
09:53:58,311,3.11,0,7171,23,33,32,36,32,26,72,54,28
09:54:00,309,3.09,1,7172,23,28,32,29,27,27,29,100,38
09:54:02,302,3.02,0,7179,23,29,27,16,30,73,30,63,34
09:54:04,310,3.10,1,7182,23,38,32,28,35,100,25,28,25
09:54:06,328,3.28,0,7174,23,36,43,39,41,41,76,24,28
09:54:08,308,3.08,0,7184,23,34,65,15,27,76,25,39,27
09:54:10,312,3.12,0,7176,23,27,23,34,48,72,37,33,37
09:54:12,307,3.07,0,7184,23,26,35,27,55,24,28,76,37
09:54:14,316,3.16,1,7156,23,29,36,38,32,28,32,21,100
09:54:16,302,3.02,1,7162,23,35,22,37,49,39,16,24,81
09:54:18,311,3.11,0,7181,23,73,39,24,60,34,24,26,30
09:54:20,311,3.11,0,7175,23,22,29,37,40,65,71,26,22
09:54:22,362,3.62,1,7190,23,45,35,37,34,46,90,40,34
09:54:24,428,4.28,2,7169,23,36,46,92,99,34,48,26,47
09:54:26,309,3.09,0,7178,23,61,37,31,68,24,28,26,35
09:54:28,320,3.20,0,7186,23,80,29,27,36,24,58,47,19
09:54:30,309,3.09,0,7188,23,29,28,37,24,23,38,54,75
09:54:32,305,3.05,0,7194,23,68,40,29,29,62,25,25,28
09:54:34,329,3.29,0,7173,23,75,37,36,37,36,28,45,35
09:54:36,330,3.30,0,7175,23,67,32,43,35,35,28,64,28
09:54:38,320,3.20,0,7173,23,78,21,30,31,28,36,63,32
09:54:40,330,3.30,0,7176,23,30,31,29,34,35,27,65,80
09:54:42,298,2.98,0,7176,23,26,30,26,30,27,23,62,74
09:54:44,314,3.14,0,7171,23,75,66,29,27,18,33,41,26
09:54:46,315,3.15,0,7170,23,30,52,79,29,31,40,26,28
09:54:48,304,3.04,1,7162,23,35,22,30,35,29,100,22,31
09:54:50,324,3.24,0,7180,23,44,32,32,33,48,36,31,68
09:54:52,312,3.12,0,7178,23,36,37,70,33,53,32,26,26
09:54:54,314,3.14,1,7146,23,27,24,28,44,28,100,37,27
09:54:56,300,3.00,1,7154,23,27,20,32,29,50,85,26,31
09:54:58,308,3.08,1,7162,23,25,39,26,36,100,22,32,27
09:55:00,318,3.18,1,7154,23,37,99,42,32,28,35,15,28
09:55:02,312,3.12,0,7173,23,37,50,35,41,74,27,22,25
09:55:04,313,3.13,0,7149,23,35,37,27,62,70,20,31,29
09:55:06,313,3.13,0,7160,23,37,34,30,68,76,26,16,26
09:55:08,309,3.09,1,7161,23,36,29,25,97,39,22,22,38
09:55:10,309,3.09,1,7158,23,100,31,28,23,36,27,30,36
09:55:12,305,3.05,1,7158,23,99,26,26,28,33,26,41,25
09:55:14,298,2.98,1,7161,23,99,35,33,22,22,24,28,34
09:55:16,315,3.15,1,7151,23,100,35,33,31,31,24,29,32
09:55:18,311,3.11,1,7157,23,84,32,40,41,27,31,35,21
09:55:20,308,3.08,0,7154,23,63,30,35,36,28,34,62,22
09:55:22,300,3.00,1,7154,23,100,40,19,34,20,23,35,30
09:55:24,348,3.48,1,7173,23,96,33,32,29,35,44,40,39
09:55:26,431,4.31,1,7472,24,30,46,37,40,76,70,41,92
09:55:28,333,3.33,1,7174,23,24,29,29,30,42,80,43,54
09:55:30,307,3.07,0,7161,23,29,19,23,36,34,39,74,53
09:55:32,314,3.14,0,7170,23,28,22,68,60,34,38,31,34
09:55:34,304,3.04,0,7172,23,26,68,32,52,31,32,29,34
09:55:36,338,3.38,0,7181,23,30,30,66,34,70,36,35,38
09:55:38,313,3.13,1,7177,23,32,49,82,33,23,20,30,43
09:55:40,306,3.06,0,7177,23,22,58,24,31,70,34,40,27
09:55:42,303,3.03,0,7178,23,23,37,35,67,31,28,27,55
09:55:44,303,3.03,1,7179,23,30,27,22,26,82,32,26,58
09:55:46,309,3.09,1,7161,23,31,34,44,28,30,21,22,100
09:55:48,305,3.05,0,7159,23,31,36,74,54,26,31,24,30
09:55:50,337,3.37,0,7185,23,34,34,32,64,71,26,37,40
09:55:52,306,3.06,0,7191,23,31,59,27,35,29,67,29,28
09:55:54,324,3.24,1,7174,23,34,99,26,42,32,31,32,28
09:55:56,312,3.12,1,7166,23,34,87,38,32,35,34,28,23
09:55:58,305,3.05,1,7169,23,94,27,27,37,28,37,32,23
09:56:00,315,3.15,0,7169,23,58,41,71,20,26,41,24,34
09:56:02,316,3.16,0,7172,23,71,29,66,24,31,31,27,38
09:56:04,313,3.13,0,7185,23,26,32,41,53,77,25,30,28
09:56:06,304,3.04,1,7186,23,33,37,21,100,29,22,29,33
09:56:08,312,3.12,0,7186,23,60,33,31,75,32,20,31,31
09:56:10,308,3.08,1,7184,23,95,17,30,36,35,42,19,34
09:56:12,341,3.41,1,7184,23,45,44,30,30,22,40,30,100
09:56:14,326,3.26,1,7187,23,49,42,27,27,27,37,32,84
09:56:16,302,3.02,0,7182,23,65,23,73,30,30,22,31,28
09:56:18,310,3.10,0,7188,23,28,29,39,72,27,57,30,28
09:56:20,305,3.05,0,7171,23,26,20,35,77,29,43,40,36
09:56:22,306,3.06,0,7158,23,32,21,30,23,62,30,70,38
09:56:24,313,3.13,1,7160,23,24,26,38,30,51,26,83,36
09:56:26,306,3.06,0,7174,23,28,58,25,44,61,20,29,42
09:56:28,418,4.18,1,7356,23,42,41,34,77,35,51,40,98
09:56:30,358,3.58,0,7189,23,36,44,38,55,73,26,21,64
09:56:32,299,2.99,0,7168,23,26,24,65,62,46,33,25,18
09:56:34,304,3.04,0,7175,23,23,29,32,36,35,42,80,26
09:56:36,337,3.37,0,7154,23,73,46,28,24,31,67,40,28
09:56:38,311,3.11,0,7162,23,28,74,29,52,38,26,26,37
09:56:40,310,3.10,0,7179,23,33,26,34,52,34,28,77,27
09:56:42,329,3.29,1,7161,23,100,40,34,27,38,36,26,29
09:56:44,302,3.02,1,7171,23,43,39,81,28,28,30,33,21
09:56:46,310,3.10,0,7172,23,37,34,65,24,23,65,33,28
09:56:48,307,3.07,0,7178,23,32,31,26,24,28,58,32,76
09:56:50,299,2.99,0,7191,23,39,33,26,68,23,59,31,20
09:56:52,306,3.06,1,7176,23,32,24,36,99,26,39,31,17
09:56:54,324,3.24,0,7169,23,34,32,34,44,72,39,35,34
09:56:56,318,3.18,0,7162,23,32,42,33,63,28,63,22,35
09:56:58,311,3.11,1,7150,23,18,36,42,99,22,30,30,36
09:57:00,303,3.03,0,7154,23,72,40,28,57,28,19,32,27
09:57:02,314,3.14,0,7164,23,33,32,29,27,38,37,71,46
09:57:04,307,3.07,1,7168,23,26,20,34,38,29,30,34,96
09:57:06,315,3.15,1,7164,23,25,30,27,34,31,100,28,40
09:57:08,307,3.07,1,7160,23,38,32,25,30,34,100,22,28
09:57:10,304,3.04,1,7153,23,24,26,34,34,33,100,22,32
09:57:12,319,3.19,1,7153,23,41,41,41,24,90,32,30,20
09:57:14,293,2.93,0,7159,23,66,30,29,24,61,27,32,24
09:57:16,312,3.12,0,7171,23,39,22,79,25,55,28,34,30
09:57:18,305,3.05,0,7173,23,32,25,71,32,56,28,21,40
09:57:20,303,3.03,0,7180,23,61,26,26,44,33,20,21,72
09:57:22,308,3.08,1,7156,23,42,33,18,31,33,37,29,86
09:57:24,360,3.60,0,7151,23,37,29,79,53,29,30,32,71
09:57:26,326,3.26,0,7157,23,34,25,48,36,32,76,42,33
09:57:28,295,2.95,0,7164,23,35,34,25,29,23,26,56,68
09:57:30,401,4.01,1,7298,23,49,38,42,57,39,54,39,83
09:57:32,385,3.85,1,7173,23,32,34,23,92,44,71,45,45
09:57:34,295,2.95,0,7180,23,51,22,29,40,25,28,30,70
09:57:36,377,3.77,0,7177,23,72,65,43,45,39,49,33,30
09:57:38,323,3.23,0,7161,23,33,40,66,40,19,62,33,31
09:57:40,306,3.06,0,7178,23,24,35,38,75,46,34,35,18
09:57:42,311,3.11,0,7186,23,27,38,40,24,63,24,20,76
09:57:44,298,2.98,0,7188,23,74,20,60,40,32,26,21,24
09:57:46,305,3.05,0,7193,23,26,29,55,32,71,30,37,25
09:57:48,314,3.14,1,7180,23,80,34,18,36,26,58,32,30
09:57:50,314,3.14,0,7182,23,28,31,37,35,73,49,29,32
09:57:52,303,3.03,0,7185,23,65,29,33,64,25,40,28,19
09:57:54,316,3.16,0,7178,23,46,33,44,25,69,33,24,42
09:57:56,301,3.01,1,7178,23,17,20,99,33,33,29,30,39
09:57:58,318,3.18,1,7174,23,33,32,40,27,36,28,89,32
09:58:00,295,2.95,0,7181,23,30,35,23,22,22,27,57,78
09:58:02,304,3.04,0,7165,23,26,33,30,75,32,47,35,26
09:58:04,337,3.37,0,7185,23,34,72,23,32,38,53,42,43
09:58:06,332,3.32,1,7185,23,33,48,35,100,36,28,27,26
09:58:08,316,3.16,0,7180,23,26,38,36,46,79,31,35,25
09:58:10,312,3.12,1,7175,23,40,18,100,27,36,32,28,30
09:58:12,309,3.09,0,7160,23,29,22,62,70,35,36,37,18
09:58:14,315,3.15,1,7150,23,29,28,100,27,45,29,28,28
09:58:16,330,3.30,1,7160,23,34,40,38,27,40,28,31,92
09:58:18,296,2.96,1,7167,23,21,24,35,31,36,18,32,100
09:58:20,328,3.28,1,7155,23,25,30,42,40,31,33,30,99
09:58:22,308,3.08,0,7167,23,28,70,36,29,44,23,28,51
09:58:24,320,3.20,1,7177,23,29,23,33,54,33,85,26,37
09:58:26,311,3.11,1,7178,23,23,40,33,46,28,28,34,80
09:58:28,304,3.04,0,7177,23,29,73,35,26,24,57,35,24
09:58:30,323,3.23,0,7175,23,23,30,43,27,40,46,36,79
09:58:32,374,3.74,1,7165,23,39,31,52,43,38,30,41,100
09:58:34,404,4.04,2,7183,23,38,30,86,47,36,45,30,92
09:58:36,328,3.28,0,7165,23,30,27,64,40,25,78,36,28
09:58:38,314,3.14,1,7178,23,27,93,47,29,21,24,40,33
09:58:40,318,3.18,0,7170,23,31,61,66,36,28,26,31,39
09:58:42,314,3.14,0,7186,23,38,73,42,32,27,24,38,39
09:58:44,312,3.12,1,7165,23,31,30,29,37,31,26,27,100
09:58:46,316,3.16,0,7173,23,76,56,26,37,25,39,27,30
09:58:48,311,3.11,0,7184,23,24,61,27,76,26,39,24,34
09:58:50,316,3.16,1,7172,23,27,34,30,99,22,29,36,38
09:58:52,312,3.12,0,7172,23,35,36,24,50,76,47,22,23
09:58:54,321,3.21,0,7164,23,31,22,47,35,41,25,48,72
09:58:56,310,3.10,1,7173,23,22,36,95,25,43,26,33,30
09:58:58,327,3.27,1,7176,23,27,45,29,31,100,27,40,27
09:59:00,315,3.15,0,7170,23,29,35,32,29,47,79,34,29
09:59:02,308,3.08,0,7168,23,28,64,28,25,37,67,31,29
09:59:04,317,3.17,0,7169,23,40,28,29,79,23,43,24,52
09:59:06,309,3.09,0,7169,23,54,68,25,30,22,29,39,42
09:59:08,310,3.10,1,7158,23,30,83,23,30,38,41,31,32
09:59:10,308,3.08,1,7162,23,29,38,40,21,18,100,36,26
09:59:12,310,3.10,0,7166,23,33,27,28,38,78,60,19,26
09:59:14,334,3.34,0,7161,23,38,72,42,35,42,52,29,23
09:59:16,315,3.15,1,7163,23,39,25,32,34,95,22,36,32
09:59:18,304,3.04,0,7184,23,26,30,31,33,50,21,43,69
09:59:20,309,3.09,0,7173,23,23,39,38,74,46,27,35,27
09:59:22,305,3.05,0,7184,23,36,29,79,27,50,29,29,26
09:59:24,343,3.43,0,7188,23,36,44,33,41,35,28,73,54
09:59:26,323,3.23,0,7185,23,77,28,21,42,42,35,28,52
09:59:28,309,3.09,0,7178,23,24,27,35,49,31,69,55,19
09:59:30,306,3.06,1,7174,23,16,21,43,39,37,29,97,23
09:59:32,312,3.12,0,7177,23,24,28,24,56,38,36,35,70
09:59:34,338,3.38,0,7185,23,41,77,23,64,39,37,24,34
09:59:36,447,4.47,1,7175,23,45,43,44,90,72,53,58,42
09:59:38,317,3.17,1,7166,23,81,26,30,36,24,40,54,27
09:59:40,301,3.01,0,7175,23,78,34,35,23,18,29,56,30
09:59:42,302,3.02,0,7175,23,31,24,36,74,32,24,55,26
09:59:44,307,3.07,0,7175,23,37,22,61,22,32,34,75,24
09:59:46,306,3.06,1,7177,23,34,28,43,30,29,89,22,31
09:59:48,307,3.07,0,7181,23,16,33,27,66,25,78,28,34
09:59:50,308,3.08,1,7167,23,26,25,32,100,31,29,33,32
09:59:52,302,3.02,0,7170,23,64,23,39,66,30,17,29,33
09:59:54,313,3.13,0,7179,23,40,43,72,20,29,40,27,41
09:59:56,314,3.14,1,7170,23,30,100,34,26,39,32,24,28
09:59:58,312,3.12,0,7176,23,80,48,29,25,22,28,31,48
10:00:00,314,3.14,0,7181,23,68,29,30,34,27,21,40,64
10:00:02,306,3.06,1,7183,23,48,30,21,26,82,25,41,33
10:00:04,308,3.08,0,7164,23,22,40,18,66,34,60,38,30
10:00:06,308,3.08,0,7180,23,26,45,27,48,37,32,75,18
10:00:08,300,3.00,0,7180,23,28,58,39,12,30,37,62,34
10:00:10,314,3.14,1,7156,23,25,19,27,29,32,47,99,36
10:00:12,312,3.12,0,7177,23,69,22,22,33,28,37,70,31
10:00:14,308,3.08,0,7181,23,38,78,23,27,36,19,46,40
10:00:16,325,3.25,1,7215,23,32,35,40,31,33,31,100,24
10:00:18,357,3.57,1,7162,23,74,36,30,35,42,26,81,34
10:00:20,320,3.20,1,7173,23,100,27,24,31,26,41,35,36
10:00:22,314,3.14,1,7175,23,37,32,29,95,42,24,31,24
10:00:24,308,3.08,0,7183,23,22,38,21,62,29,70,28,38
10:00:26,326,3.26,1,7184,23,35,33,30,30,30,84,40,44
10:00:28,306,3.06,1,7182,23,35,25,22,37,25,23,38,100
10:00:30,308,3.08,0,7180,23,27,72,21,29,46,47,27,39
10:00:32,305,3.05,0,7170,23,26,20,30,23,36,68,27,74
10:00:34,312,3.12,1,7155,23,88,35,31,31,31,26,30,38
10:00:36,349,3.49,0,7155,23,66,32,43,35,36,39,33,65
10:00:38,433,4.33,2,7471,24,38,41,85,90,46,42,49,42
10:00:40,336,3.36,1,7169,23,37,26,37,41,100,28,33,34
10:00:42,313,3.13,1,7174,23,27,30,34,30,50,32,23,86
10:00:44,302,3.02,1,7173,23,21,31,16,32,40,32,29,100
10:00:46,310,3.10,0,7184,23,73,38,32,27,31,28,40,41
10:00:48,303,3.03,0,7182,23,32,63,24,33,32,62,25,32
10:00:50,347,3.47,1,7173,23,42,30,26,39,39,90,36,44
10:00:52,304,3.04,0,7173,23,16,31,23,72,33,34,25,69
10:00:54,303,3.03,0,7161,23,44,24,43,48,75,19,32,17
10:00:56,317,3.17,0,7169,23,61,19,37,68,32,43,36,21
10:00:58,302,3.02,1,7169,23,99,43,24,20,20,31,31,34
10:01:00,324,3.24,0,7164,23,68,28,33,38,33,40,31,53
10:01:02,299,2.99,1,7158,23,31,32,21,20,22,37,38,99
10:01:04,311,3.11,0,7173,23,28,26,27,61,35,28,34,71
10:01:06,306,3.06,1,7175,23,35,18,29,95,24,24,37,44
10:01:08,298,2.98,0,7177,23,33,38,71,20,27,27,28,53
10:01:10,326,3.26,0,7171,23,27,42,37,52,76,27,25,42
10:01:12,309,3.09,0,7162,23,21,72,37,33,16,26,48,57
10:01:14,311,3.11,0,7175,23,28,37,30,79,28,22,37,48
10:01:16,318,3.18,0,7174,23,80,29,22,36,61,25,31,35
10:01:18,304,3.04,0,7176,23,30,33,24,73,50,31,27,35
10:01:20,321,3.21,0,7167,23,30,79,26,42,26,28,49,41
10:01:22,315,3.15,1,7165,23,23,100,35,30,36,25,38,29
10:01:24,305,3.05,1,7178,23,31,29,81,27,39,37,26,33
10:01:26,343,3.43,0,7168,23,41,42,34,23,55,38,34,75
10:01:28,312,3.12,1,7174,23,48,28,33,34,28,36,20,84
10:01:30,310,3.10,0,7180,23,63,65,36,40,24,24,32,25
10:01:32,348,3.48,0,7173,23,38,40,35,51,46,74,26,38
10:01:34,310,3.10,0,7178,23,38,67,23,41,67,23,21,30
10:01:36,344,3.44,1,7152,23,35,99,39,35,34,40,31,30
10:01:38,302,3.02,0,7160,23,18,73,30,22,21,46,53,38
10:01:40,416,4.16,2,7342,23,38,44,37,52,30,81,89,46
10:01:42,373,3.73,1,7165,23,38,35,38,46,29,37,50,99
10:01:44,308,3.08,1,7175,23,81,21,24,28,30,26,45,53
10:01:46,318,3.18,0,7180,23,37,73,29,25,25,42,57,29
10:01:48,299,2.99,1,7179,23,28,19,36,27,31,27,99,31
10:01:50,297,2.97,1,7189,23,80,39,42,23,20,40,28,24
10:01:52,328,3.28,1,7181,23,28,39,100,31,33,36,34,27
10:01:54,308,3.08,0,7186,23,32,75,36,36,34,23,40,32
10:01:56,327,3.27,0,7168,23,38,40,25,74,42,22,61,26
10:01:58,306,3.06,1,7178,23,83,24,43,40,31,28,26,29
10:02:00,307,3.07,0,7173,23,34,29,73,20,41,26,26,58
10:02:02,310,3.10,1,7168,23,85,32,22,21,40,29,32,49
10:02:04,307,3.07,0,7179,23,71,56,42,30,23,29,27,28
10:02:06,330,3.30,1,7167,23,30,40,26,81,31,41,40,42
10:02:08,298,2.98,1,7166,23,30,29,36,27,100,23,29,26
10:02:10,303,3.03,0,7182,23,32,30,22,70,53,41,29,27
10:02:12,309,3.09,0,7180,23,21,27,34,36,48,37,26,80
10:02:14,309,3.09,0,7191,23,78,21,25,33,57,32,34,28
10:02:16,319,3.19,1,7176,23,100,25,28,39,34,36,26,32
10:02:18,297,2.97,0,7182,23,51,30,33,19,25,79,24,36
10:02:20,301,3.01,1,7175,23,27,31,31,29,30,100,26,28
10:02:22,310,3.10,1,7164,23,22,35,23,40,37,100,26,27
10:02:24,304,3.04,0,7178,23,29,28,76,39,31,50,27,24
10:02:26,319,3.19,1,7156,23,21,31,35,100,32,38,23,39
10:02:28,303,3.03,1,7156,23,32,22,45,99,24,25,28,27
10:02:30,304,3.04,1,7156,23,22,33,36,100,23,26,25,40
10:02:32,313,3.13,0,7159,23,35,24,41,50,78,26,31,28
10:02:34,375,3.75,1,7175,23,56,41,46,30,39,38,37,88
10:02:36,336,3.36,0,7182,23,57,33,30,46,29,76,32,33
10:02:38,306,3.06,0,7184,23,33,20,35,35,22,57,74,30
10:02:40,301,3.01,1,7184,23,30,37,17,35,21,100,28,33
10:02:42,436,4.36,1,7252,23,43,75,44,41,44,83,67,38
10:02:44,373,3.73,1,7186,23,28,99,35,39,37,34,71,31
10:02:46,318,3.18,0,7171,23,39,41,75,36,30,28,37,30
10:02:48,295,2.95,1,7172,23,19,42,22,19,31,26,100,36
10:02:50,309,3.09,1,7173,23,25,34,26,32,30,34,92,36
10:02:52,321,3.21,0,7171,23,35,74,23,29,36,44,25,55
10:02:54,305,3.05,1,7173,23,83,43,20,29,22,29,26,54
10:02:56,347,3.47,1,7159,23,39,32,40,84,40,35,25,52
10:02:58,378,3.78,1,7161,23,41,42,40,39,43,38,36,100
10:03:00,311,3.11,0,7170,23,23,79,39,34,37,34,26,38
10:03:02,323,3.23,0,7173,23,33,30,63,66,26,39,33,33
10:03:04,317,3.17,0,7172,23,79,31,39,37,29,50,17,35
10:03:06,304,3.04,0,7187,23,30,22,21,34,60,29,39,69
10:03:08,303,3.03,1,7182,23,23,33,26,39,37,27,36,82
10:03:10,309,3.09,1,7182,23,31,35,34,100,29,28,29,23
10:03:12,305,3.05,0,7185,23,33,79,30,52,27,24,34,25
10:03:14,310,3.10,1,7177,23,32,34,98,30,31,36,22,27
10:03:16,345,3.45,0,7179,23,71,35,62,29,46,47,25,30
10:03:18,314,3.14,1,7178,23,35,28,37,91,22,42,31,28
10:03:20,302,3.02,1,7178,23,27,37,27,100,36,21,27,26
10:03:22,316,3.16,1,7171,23,30,50,23,39,30,86,36,22
10:03:24,313,3.13,0,7167,23,42,33,35,54,22,69,21,38
10:03:26,326,3.26,0,7169,23,28,40,42,51,76,38,25,27
10:03:28,291,2.91,0,7180,23,22,42,27,45,27,32,24,73
10:03:30,298,2.98,0,7188,23,20,28,25,51,71,24,37,41
10:03:32,343,3.43,1,7186,23,35,38,82,41,36,39,28,45
10:03:34,304,3.04,0,7179,23,20,29,29,67,23,29,34,72
10:03:36,335,3.35,1,7175,23,38,33,27,88,36,23,34,55
10:03:38,311,3.11,0,7183,23,35,27,29,72,29,34,29,57
10:03:40,306,3.06,1,7182,23,27,31,24,27,34,38,26,99
10:03:42,314,3.14,0,7177,23,55,22,38,35,27,28,30,78
10:03:44,383,3.83,0,7175,23,78,37,43,40,31,31,53,71
10:03:46,406,4.06,2,7191,23,32,82,35,48,37,34,82,54
10:03:48,319,3.19,1,7163,23,34,27,26,100,24,33,38,37
10:03:50,307,3.07,1,7181,23,41,25,35,40,30,27,29,80
10:03:52,312,3.12,0,7180,23,73,22,41,50,30,26,33,38
10:03:54,310,3.10,0,7191,23,31,36,32,44,38,22,28,79
10:03:56,304,3.04,0,7194,23,76,37,34,45,29,22,29,31
10:03:58,312,3.12,0,7175,23,26,21,43,54,70,35,37,27
10:04:00,308,3.08,1,7182,23,27,24,34,24,41,41,96,21
10:04:02,397,3.97,0,7175,23,43,66,34,37,42,45,77,54
10:04:04,314,3.14,1,7182,23,26,47,34,84,30,30,33,30
10:04:06,299,2.99,0,7193,23,35,30,52,77,28,32,24,22
10:04:08,308,3.08,1,7191,23,35,29,100,28,29,38,21,28
10:04:10,334,3.34,1,7174,23,26,42,38,98,27,31,29,42
10:04:12,301,3.01,0,7178,23,34,23,39,55,20,72,17,39
10:04:14,309,3.09,1,7171,23,28,28,25,33,27,55,23,88
10:04:16,297,2.97,1,7171,23,32,27,31,29,27,30,22,99
10:04:18,309,3.09,1,7194,23,21,24,32,27,28,42,37,97
10:04:20,296,2.96,0,7193,23,53,20,33,28,79,23,24,35
10:04:22,309,3.09,1,7166,23,100,31,29,27,31,34,34,24
10:04:24,316,3.16,0,7169,23,33,80,31,21,30,51,35,36
10:04:26,299,2.99,0,7182,23,19,34,40,20,31,71,28,57
10:04:28,327,3.27,1,7184,23,42,26,80,41,27,29,36,46
10:04:30,308,3.08,0,7192,23,36,24,28,78,63,24,30,24
10:04:32,310,3.10,0,7173,23,23,23,72,34,60,40,23,36
10:04:34,314,3.14,0,7188,23,24,76,23,31,38,28,45,49
10:04:36,339,3.39,1,7171,23,26,46,29,41,36,29,32,100
10:04:38,313,3.13,1,7191,23,36,82,42,32,23,22,37,39
10:04:40,293,2.93,0,7195,23,24,37,76,31,26,27,22,51
10:04:42,312,3.12,0,7200,23,22,34,39,80,44,22,25,47
10:04:44,322,3.22,0,7180,23,77,25,24,25,39,45,55,32
10:04:46,339,3.39,0,7193,23,63,27,41,36,37,39,65,30
10:04:48,430,4.30,2,7373,23,43,46,40,42,82,94,42,41
10:04:50,306,3.06,0,7187,23,37,37,72,56,29,22,27,26
10:04:52,309,3.09,0,7195,23,27,32,24,46,78,34,36,32
10:04:54,339,3.39,1,7165,23,38,32,24,30,94,42,45,34
10:04:56,323,3.23,0,7167,23,26,28,26,39,71,27,42,63
10:04:58,367,3.67,1,7169,23,29,47,41,41,46,36,34,93
10:05:00,309,3.09,0,7172,23,27,20,48,72,61,20,28,32
10:05:02,301,3.01,1,7181,23,29,82,21,28,57,36,22,25
10:05:04,310,3.10,1,7177,23,28,99,28,35,31,29,33,28
10:05:06,309,3.09,1,7178,23,32,100,24,30,19,29,35,41
10:05:08,317,3.17,0,7168,23,26,41,29,39,25,78,36,43
10:05:10,302,3.02,0,7175,23,32,37,28,71,24,27,64,21
10:05:12,306,3.06,0,7178,23,31,22,26,78,32,27,56,35
10:05:14,321,3.21,1,7170,23,40,36,50,22,35,83,24,32
10:05:16,314,3.14,0,7178,23,29,25,61,41,32,26,30,70
10:05:19,309,3.09,1,7181,23,29,37,84,32,28,38,28,34
10:05:21,298,2.98,0,7189,23,29,68,38,21,51,24,40,28
10:05:23,312,3.12,0,7203,23,23,30,21,80,53,42,32,30
10:05:25,316,3.16,1,7180,23,19,23,50,80,24,35,39,45
10:05:27,317,3.17,0,7186,23,63,33,37,37,26,32,28,62
10:05:29,322,3.22,1,7166,23,50,86,30,24,36,35,32,29
10:05:31,300,3.00,0,7174,23,42,72,31,24,49,34,21,27
10:05:33,309,3.09,1,7174,23,28,19,27,32,100,35,26,43
10:05:35,320,3.20,0,7186,23,36,29,30,35,35,78,27,50
10:05:37,331,3.31,0,7189,23,37,28,24,35,33,35,62,76
10:05:39,310,3.10,1,7191,23,43,30,26,36,30,15,98,32
10:05:41,303,3.03,0,7193,23,29,17,27,22,49,42,43,74
10:05:43,304,3.04,0,7195,23,26,38,66,21,55,31,39,28
10:05:45,319,3.19,1,7188,23,29,26,88,40,37,34,27,37
10:05:47,304,3.04,0,7190,23,30,35,33,71,27,25,62,22
10:05:49,304,3.04,1,7198,23,81,30,26,37,41,20,43,26
10:05:51,433,4.33,2,7422,24,35,83,40,55,42,47,88,42
10:05:53,341,3.41,0,7195,23,39,30,63,67,28,26,51,36
10:05:55,311,3.11,1,7188,23,34,22,46,31,81,30,27,41
10:05:57,303,3.03,0,7178,23,29,29,26,54,25,33,28,79
10:05:59,316,3.16,0,7179,23,24,29,49,48,77,25,30,33
10:06:01,308,3.08,1,7197,23,23,35,37,30,83,33,40,27
10:06:03,314,3.14,1,7197,23,38,34,33,25,33,23,100,29
10:06:05,310,3.10,0,7190,23,28,77,40,29,32,27,49,27
10:06:07,305,3.05,0,7190,23,30,18,30,55,28,31,34,80
10:06:09,305,3.05,0,7199,23,24,26,28,61,29,68,31,38
10:06:11,317,3.17,0,7189,23,32,34,23,77,31,46,32,42
10:06:13,310,3.10,1,7178,23,24,36,29,38,31,100,28,23
10:06:15,339,3.39,0,7186,23,75,36,39,38,33,57,25,37
10:06:17,314,3.14,1,7192,23,93,19,30,30,46,26,41,29
10:06:19,300,3.00,1,7191,23,30,36,24,24,100,27,28,32
10:06:21,314,3.14,1,7178,23,34,33,38,32,44,26,23,83
10:06:23,304,3.04,1,7179,23,34,32,23,30,39,26,22,99
10:06:25,317,3.17,1,7180,23,32,34,27,26,24,42,33,100
10:06:27,305,3.05,1,7191,23,41,25,28,40,19,35,26,90
10:06:29,312,3.12,0,7179,23,77,32,25,37,23,33,33,51
10:06:31,307,3.07,1,7187,23,26,35,24,16,33,42,31,99
10:06:33,307,3.07,0,7206,23,19,80,41,35,40,34,24,34
10:06:35,311,3.11,0,7199,23,62,34,76,31,34,31,25,18
10:06:37,360,3.60,0,7191,23,57,43,32,39,76,35,42,36
10:06:39,296,2.96,0,7192,23,37,22,37,31,27,27,76,40
10:06:41,334,3.34,0,7176,23,31,34,62,43,31,36,27,70
10:06:43,303,3.03,1,7178,23,37,27,43,25,28,82,19,41
10:06:45,316,3.16,0,7184,23,50,25,34,23,38,39,32,76
10:06:47,319,3.19,1,7173,23,100,25,31,37,25,38,31,32
10:06:49,301,3.01,0,7175,23,34,20,37,31,34,38,79,28
10:06:51,310,3.10,0,7182,23,28,37,25,61,33,65,40,21
10:06:53,397,3.97,2,7331,23,40,82,32,88,46,41,31,38
10:06:55,368,3.68,1,7196,23,24,40,45,67,30,81,41,40
10:06:57,306,3.06,1,7189,23,37,32,20,37,25,34,23,100
10:06:59,313,3.13,0,7190,23,35,31,35,40,19,30,76,47
10:07:01,312,3.12,0,7195,23,26,32,29,35,43,79,50,18
10:07:03,325,3.25,1,7194,23,39,31,30,30,43,31,99,22
10:07:05,304,3.04,1,7194,23,29,27,89,19,36,27,48,29
10:07:07,311,3.11,0,7191,23,24,37,54,32,31,78,30,26
10:07:09,305,3.05,0,7191,23,33,26,52,22,27,73,41,30
10:07:11,314,3.14,1,7187,23,40,80,30,27,26,39,41,31
10:07:13,300,3.00,0,7186,23,73,58,22,29,17,33,38,29
10:07:15,303,3.03,0,7184,23,32,50,74,27,43,26,24,25
10:07:17,323,3.23,1,7178,23,36,30,87,28,37,30,32,43
10:07:19,301,3.01,0,7187,23,32,23,31,20,67,30,30,68
10:07:21,318,3.18,1,7182,23,32,33,26,43,99,24,32,28
10:07:23,301,3.01,1,7179,23,24,23,38,37,100,25,27,28
10:07:25,303,3.03,1,7178,23,25,30,31,34,100,28,24,33
10:07:27,321,3.21,0,7171,23,61,39,36,34,50,29,21,52
10:07:29,314,3.14,1,7165,23,24,100,40,26,24,34,36,30
10:07:31,302,3.02,0,7167,23,29,55,32,22,71,31,30,32
10:07:33,305,3.05,1,7172,23,26,30,33,22,40,90,27,36
10:07:35,302,3.02,0,7173,23,25,26,29,35,51,72,28,36
10:07:37,344,3.44,0,7175,23,30,46,75,35,53,41,26,37
10:07:39,312,3.12,1,7174,23,24,23,36,24,37,48,31,89
10:07:41,304,3.04,1,7185,23,36,32,28,25,22,24,38,100
10:07:43,307,3.07,1,7185,23,33,32,26,31,38,22,25,100
10:07:45,310,3.10,1,7193,23,34,36,37,27,44,82,28,22
10:07:47,314,3.14,0,7189,23,24,32,27,35,80,61,28,26
10:07:49,308,3.08,0,7199,23,75,24,33,30,41,50,19,37
10:07:51,296,2.96,1,7197,23,30,21,87,26,19,57,20,36
10:07:53,311,3.11,0,7199,23,58,31,38,36,28,62,22,35
10:07:55,372,3.72,1,7232,23,64,61,80,30,39,31,29,37
10:07:57,399,3.99,2,7198,23,38,89,82,39,33,33,43,42
10:07:59,319,3.19,0,7179,23,30,61,28,76,32,32,32,28
10:08:01,306,3.06,1,7194,23,35,28,29,46,34,24,82,28
10:08:03,311,3.11,1,7199,23,82,49,27,34,32,28,30,28
10:08:05,303,3.03,0,7198,23,41,34,35,21,62,32,30,51
10:08:07,322,3.22,1,7184,23,33,34,31,27,45,34,83,35
10:08:09,305,3.05,0,7194,23,25,74,26,28,32,30,32,57
10:08:11,312,3.12,0,7197,23,68,35,27,25,29,38,32,58
10:08:13,316,3.16,1,7185,23,94,20,28,45,36,33,31,29
10:08:15,309,3.09,0,7196,23,44,23,28,76,36,16,27,60
10:08:17,320,3.20,0,7192,23,38,25,68,26,36,27,35,65
10:08:19,310,3.10,0,7197,23,43,35,41,33,38,28,78,14
10:08:21,305,3.05,0,7206,23,42,77,22,42,48,20,24,29
10:08:23,308,3.08,1,7184,23,26,33,20,40,100,31,27,31
10:08:25,309,3.09,1,7191,23,29,89,28,33,34,35,37,24
10:08:27,323,3.23,1,7167,23,32,99,21,34,40,30,34,33
10:08:29,313,3.13,0,7180,23,40,55,77,26,20,32,28,36
10:08:31,307,3.07,1,7177,23,19,23,90,31,45,27,37,35
10:08:33,321,3.21,0,7182,23,56,33,42,19,75,28,33,35
10:08:35,312,3.12,1,7184,23,100,29,25,41,32,27,29,29
10:08:37,354,3.54,1,7168,23,99,36,36,41,35,39,32,36
10:08:39,300,3.00,0,7172,23,72,25,44,36,18,23,25,57
10:08:41,306,3.06,0,7177,23,32,69,29,30,33,29,24,59
10:08:43,311,3.11,1,7171,23,33,31,16,82,39,49,33,27
10:08:45,305,3.05,1,7176,23,53,21,26,24,33,81,31,36
10:08:47,327,3.27,0,7192,23,51,76,29,29,23,42,30,46
10:08:49,307,3.07,0,7177,23,79,42,33,24,27,35,34,33
10:08:51,299,2.99,0,7181,23,25,34,68,30,30,19,33,60
10:08:53,305,3.05,0,7181,23,24,24,32,41,30,26,70,59
10:08:55,299,2.99,1,7178,23,27,39,23,34,19,24,88,44
10:08:57,374,3.74,0,7184,23,38,29,58,38,35,49,48,79
10:08:59,422,4.22,1,7183,23,38,42,64,60,42,95,49,33
10:09:01,321,3.21,1,7178,23,26,38,38,40,33,30,81,33
10:09:03,310,3.10,0,7181,23,61,74,32,15,23,30,39,35
10:09:05,300,3.00,0,7184,23,52,23,80,30,25,30,31,30
10:09:07,309,3.09,1,7187,23,26,84,39,35,22,32,39,32
10:09:09,318,3.18,0,7178,23,29,30,55,73,29,30,37,35
10:09:11,304,3.04,1,7178,23,23,27,32,37,100,27,35,22
10:09:13,314,3.14,1,7192,23,84,22,35,48,40,24,29,32
10:09:15,361,3.61,1,7243,23,36,100,28,37,22,50,48,41
10:09:17,314,3.14,0,7181,23,22,53,26,44,25,29,42,73
10:09:19,314,3.14,1,7184,23,81,33,43,38,26,20,32,40
10:09:21,308,3.08,0,7189,23,26,73,54,39,38,22,34,22
10:09:23,324,3.24,0,7181,23,64,24,61,37,39,37,23,38
10:09:25,353,3.53,1,7187,23,97,34,42,28,45,42,26,40
10:09:27,310,3.10,1,7195,23,22,38,23,23,84,44,25,50
10:09:29,308,3.08,1,7182,23,32,27,27,34,29,32,28,100
10:09:31,320,3.20,1,7190,23,32,37,28,30,34,26,38,97
10:09:33,309,3.09,0,7177,23,31,31,79,21,25,34,47,40
10:09:35,301,3.01,1,7185,23,23,44,36,24,21,32,23,100
10:09:37,347,3.47,1,7184,23,39,32,21,43,86,33,37,56
10:09:39,324,3.24,1,7175,23,26,36,34,28,36,99,31,34
10:09:41,300,3.00,1,7175,23,21,27,21,29,44,99,35,24
10:09:43,314,3.14,1,7171,23,34,32,33,34,39,100,22,21
10:09:45,311,3.11,0,7180,23,66,27,40,29,51,39,31,29
10:09:47,299,2.99,1,7180,23,30,27,28,35,27,100,19,33
10:09:49,322,3.22,0,7172,23,33,48,22,27,30,55,34,73
10:09:51,301,3.01,0,7186,23,17,80,19,36,48,27,34,41
10:09:53,304,3.04,0,7166,23,56,28,28,29,78,28,28,29
10:09:55,317,3.17,0,7171,23,59,28,27,22,78,32,33,36
10:09:57,311,3.11,1,7181,23,27,32,32,34,49,89,28,20
10:09:59,330,3.30,0,7203,23,31,61,38,28,29,77,32,34
10:10:01,434,4.34,2,7469,24,38,99,39,32,45,43,47,91
10:10:03,333,3.33,1,7182,23,33,31,43,32,87,35,33,38
10:10:05,302,3.02,0,7192,23,21,37,23,28,27,29,72,66
10:10:07,304,3.04,0,7199,23,23,20,77,18,47,27,23,69
10:10:09,314,3.14,1,7177,23,30,41,49,20,24,40,26,83
10:10:11,302,3.02,0,7187,23,20,77,25,21,56,32,42,29
10:10:13,335,3.35,0,7184,23,29,38,72,32,33,42,61,28
10:10:15,305,3.05,0,7188,23,29,33,53,20,27,80,30,34
10:10:17,303,3.03,1,7180,23,32,33,44,40,21,88,23,21
10:10:19,322,3.22,1,7184,23,31,30,100,20,38,32,35,37
10:10:21,306,3.06,0,7194,23,24,28,48,80,33,26,44,22
10:10:23,319,3.19,1,7208,23,36,38,31,35,35,80,30,33
10:10:25,311,3.11,0,7182,23,78,25,25,57,30,35,27,35
10:10:27,310,3.10,0,7184,23,30,29,28,59,38,74,27,25
10:10:29,317,3.17,1,7198,23,32,44,27,29,20,95,34,36
10:10:31,312,3.12,0,7192,23,31,31,27,80,29,32,27,54
10:10:33,308,3.08,0,7196,23,40,29,68,31,29,21,24,66
10:10:35,310,3.10,1,7210,23,82,33,38,24,36,38,36,23
10:10:37,337,3.37,1,7191,23,36,30,36,48,33,42,27,84
10:10:39,315,3.15,1,7165,23,32,33,31,100,29,32,34,24
10:10:41,307,3.07,0,7172,23,36,33,27,45,27,37,37,65
10:10:43,310,3.10,1,7173,23,36,35,29,94,22,34,34,26
10:10:45,308,3.08,0,7174,23,60,31,27,73,37,21,27,32
10:10:47,308,3.08,0,7178,23,53,74,26,37,38,25,27,28
10:10:49,308,3.08,1,7179,23,30,94,33,34,28,36,23,31
10:10:51,302,3.02,0,7179,23,20,34,32,35,24,76,42,38
10:10:53,319,3.19,0,7185,23,24,67,28,44,27,39,61,28
10:10:55,301,3.01,1,7192,23,31,86,33,26,29,30,47,18
10:10:57,306,3.06,1,7197,23,27,27,24,81,34,36,51,29
10:10:59,305,3.05,1,7179,23,31,24,32,33,33,27,100,26
10:11:01,334,3.34,0,7182,23,26,29,48,42,32,32,50,76
10:11:03,419,4.19,1,7334,23,32,46,75,46,38,85,46,50
10:11:05,364,3.64,0,7190,23,38,38,55,37,72,31,60,34
10:11:07,303,3.03,0,7196,23,36,27,31,30,30,21,55,74
10:11:09,312,3.12,1,7198,23,24,41,84,31,35,19,28,50
10:11:11,299,2.99,1,7198,23,33,38,99,24,27,19,26,33
10:11:13,305,3.05,1,7199,23,43,32,100,15,26,22,37,29
10:11:15,310,3.10,1,7185,23,25,29,100,25,26,36,38,31
10:11:17,310,3.10,1,7196,23,40,38,40,26,25,34,24,82
10:11:19,306,3.06,0,7200,23,39,23,35,34,23,76,49,28
10:11:21,307,3.07,0,7194,23,20,31,37,40,44,17,48,69
10:11:23,299,2.99,1,7209,23,27,84,26,34,24,21,27,55
10:11:25,307,3.07,1,7191,23,26,30,21,99,28,38,38,28
10:11:27,306,3.06,1,7190,23,29,34,29,99,15,36,27,37
10:11:29,311,3.11,1,7192,23,28,34,84,43,39,30,25,29
10:11:31,312,3.12,1,7191,23,23,35,40,82,37,49,23,23
10:11:33,303,3.03,0,7199,23,22,27,32,36,67,30,27,62
10:11:35,307,3.07,1,7205,23,33,36,39,26,17,29,28,100
10:11:37,347,3.47,1,7208,23,28,37,41,38,41,34,32,96
10:11:39,310,3.10,1,7196,23,29,18,30,82,59,28,37,29
10:11:41,308,3.08,0,7192,23,27,30,28,32,61,67,34,28
10:11:43,300,3.00,1,7202,23,28,25,82,32,26,41,29,36
10:11:45,315,3.15,1,7188,23,21,31,42,30,38,94,32,27
10:11:47,299,2.99,0,7192,23,25,24,22,33,60,70,24,41
10:11:49,323,3.23,0,7184,23,27,26,35,38,60,78,27,32
10:11:51,312,3.12,1,7202,23,35,22,28,50,20,98,33,26
10:11:53,299,2.99,1,7206,23,45,30,31,32,22,30,80,30
10:11:55,315,3.15,1,7208,23,90,39,30,29,37,34,23,32
10:11:57,305,3.05,0,7216,23,53,78,23,26,31,28,35,30
10:11:59,310,3.10,1,7216,23,41,29,96,27,28,25,29,34
10:12:01,335,3.35,1,7169,23,32,30,100,32,36,35,31,39
10:12:03,305,3.05,0,7180,23,33,29,60,40,33,22,66,22
10:12:05,392,3.92,1,7248,23,32,31,42,49,51,40,64,82
10:12:07,388,3.88,1,7178,23,34,43,39,33,67,32,42,99
10:12:09,298,2.98,0,7178,23,30,15,27,38,27,31,56,73
10:12:11,315,3.15,0,7178,23,31,31,31,33,74,35,54,27
10:12:13,310,3.10,1,7174,23,34,28,27,88,47,21,35,30
10:12:15,316,3.16,1,7184,23,32,26,32,100,28,27,44,28
10:12:17,334,3.34,1,7175,23,34,34,23,99,38,39,34,34
10:12:19,304,3.04,0,7182,23,28,26,25,57,74,21,27,46
10:12:21,318,3.18,1,7187,23,95,27,31,32,38,32,34,28
10:12:23,301,3.01,1,7187,23,100,27,33,33,34,22,34,18
10:12:25,314,3.14,0,7183,23,68,46,32,40,24,32,29,42
10:12:27,306,3.06,0,7199,23,32,40,30,44,76,33,23,28
10:12:29,306,3.06,1,7203,23,35,27,31,31,24,96,22,39
10:12:31,324,3.24,1,7182,23,37,32,31,42,22,100,32,28
10:12:33,307,3.07,1,7183,23,31,27,27,33,25,100,37,27
10:12:35,304,3.04,1,7203,23,32,31,42,80,20,46,29,23
10:12:37,341,3.41,1,7175,23,82,37,26,35,31,43,35,52
10:12:39,300,3.00,0,7179,23,18,52,28,38,24,17,47,76
10:12:41,320,3.20,1,7179,23,39,100,32,26,30,29,33,32
10:12:43,311,3.11,1,7183,23,30,40,83,28,32,34,36,29
10:12:45,317,3.17,1,7191,23,21,82,30,40,27,30,37,51
10:12:47,299,2.99,1,7186,23,30,26,33,29,31,26,23,100
10:12:49,298,2.98,0,7186,23,35,23,78,24,21,34,31,52
10:12:51,318,3.18,1,7187,23,36,34,33,87,21,31,32,45
10:12:53,342,3.42,0,7187,23,43,31,55,79,35,36,26,37
10:12:55,304,3.04,1,7187,23,33,31,100,23,23,36,27,32
10:12:57,311,3.11,1,7190,23,31,27,99,32,30,37,31,23
10:12:59,312,3.12,1,7196,23,34,22,47,29,86,26,45,22
10:13:01,326,3.26,0,7190,23,27,38,76,40,38,44,31,32
10:13:03,310,3.10,0,7188,23,25,68,34,30,20,65,39,29
10:13:05,307,3.07,1,7187,23,42,100,28,24,21,34,29,29
10:13:07,360,3.60,1,7200,23,40,36,41,36,51,35,28,92
10:13:09,410,4.10,2,7201,23,39,38,47,33,99,39,31,84
10:13:11,315,3.15,0,7186,23,32,69,32,24,66,26,42,24
10:13:13,309,3.09,1,7194,23,27,47,36,25,28,31,81,34
10:13:15,317,3.17,1,7182,23,33,38,96,42,25,32,23,25
10:13:17,302,3.02,0,7172,23,27,56,77,26,36,22,21,37
10:13:19,315,3.15,0,7174,23,37,53,75,41,23,25,29,31
10:13:21,312,3.12,1,7193,23,35,18,50,34,32,83,29,31
10:13:23,309,3.09,1,7186,23,27,27,33,45,32,85,26,34
10:13:25,298,2.98,0,7192,23,27,28,29,73,30,23,32,56
10:13:27,309,3.09,0,7185,23,32,32,30,30,30,66,31,58
10:13:29,305,3.05,1,7187,23,30,28,50,26,22,100,30,20
10:13:31,326,3.26,1,7185,23,38,48,29,21,28,35,39,87
10:13:33,332,3.32,1,7183,23,29,100,30,34,32,34,34,39
10:13:35,306,3.06,1,7187,23,38,99,29,26,24,31,32,27
10:13:37,347,3.47,1,7192,23,38,100,27,39,36,39,34,36
10:13:39,310,3.10,1,7196,23,24,36,40,84,23,29,29,46
10:13:41,334,3.34,1,7181,23,34,33,80,33,32,54,44,24
10:13:43,297,2.97,0,7188,23,34,29,32,19,32,51,70,29
10:13:45,315,3.15,1,7199,23,31,30,34,28,29,92,39,31
10:13:47,309,3.09,1,7181,23,28,32,25,37,42,38,82,25
10:13:49,296,2.96,0,7191,23,23,51,30,24,27,76,37,28
10:13:51,303,3.03,0,7200,23,32,60,40,27,67,20,23,33
10:13:53,318,3.18,1,7204,23,36,32,32,44,41,84,22,28
10:13:55,306,3.06,1,7203,23,28,33,31,84,45,32,27,26
10:13:57,321,3.21,0,7181,23,42,26,36,53,79,34,24,28
10:13:59,369,3.69,1,7182,23,26,35,49,100,41,40,34,45
10:14:01,316,3.16,1,7189,23,32,36,36,39,25,36,30,83
10:14:03,326,3.26,1,7192,23,30,41,36,86,30,28,42,34
10:14:05,311,3.11,0,7192,23,18,31,66,34,36,23,73,29
10:14:07,303,3.03,0,7171,23,21,26,61,30,35,27,33,68
10:14:09,336,3.36,1,7190,23,29,28,87,37,41,24,33,57
10:14:11,431,4.31,2,7436,24,47,44,93,93,46,34,39,35
10:14:13,318,3.18,1,7203,23,30,34,24,32,82,54,31,32
10:14:15,312,3.12,0,7194,23,53,28,30,30,25,44,65,37
10:14:17,299,2.99,0,7202,23,24,38,76,30,24,26,51,31
10:14:19,311,3.11,1,7202,23,34,23,44,33,30,23,37,88
10:14:21,312,3.12,1,7180,23,28,28,49,38,29,32,84,25
10:14:23,342,3.42,0,7191,23,41,28,59,31,38,30,44,71
10:14:25,308,3.08,1,7199,23,34,29,27,19,85,29,27,58
10:14:27,314,3.14,1,7196,23,29,49,34,32,33,26,29,82
10:14:29,308,3.08,1,7187,23,23,85,38,39,43,30,29,21
10:14:31,309,3.09,0,7182,23,34,27,36,22,65,39,59,28
10:14:33,319,3.19,0,7194,23,43,28,22,28,40,28,53,78
10:14:35,316,3.16,1,7189,23,31,29,32,26,86,44,33,36
10:14:37,333,3.33,1,7174,23,42,42,32,20,99,28,28,42
10:14:39,297,2.97,0,7175,23,62,32,30,22,75,27,25,22
10:14:41,306,3.06,0,7183,23,64,25,28,72,35,27,31,25
10:14:43,305,3.05,1,7197,23,29,29,30,40,90,20,27,39
10:14:45,312,3.12,1,7193,23,32,32,40,84,29,30,33,32
10:14:47,318,3.18,0,7198,23,33,22,77,36,31,34,58,26
10:14:49,301,3.01,0,7203,23,21,62,23,37,22,50,62,24
10:14:51,308,3.08,1,7202,23,19,99,32,35,29,26,37,30
10:14:53,326,3.26,1,7195,23,23,99,23,23,41,36,47,35
10:14:55,294,2.94,1,7191,23,26,81,18,25,22,41,50,30
10:14:57,307,3.07,0,7185,23,43,65,35,23,26,19,70,26
10:14:59,320,3.20,0,7193,23,29,54,31,37,39,74,32,24
10:15:01,305,3.05,1,7193,23,29,87,32,44,29,35,27,22
10:15:03,316,3.16,1,7190,23,37,44,25,27,26,15,56,85
10:15:05,304,3.04,0,7193,23,39,55,30,34,26,27,73,20
10:15:07,289,2.89,0,7193,23,19,62,37,27,23,31,20,71
10:15:09,321,3.21,1,7189,23,83,33,27,21,47,48,24,39
10:15:11,308,3.08,1,7197,23,41,26,26,36,33,28,28,89
10:15:13,443,4.43,1,7405,24,50,40,80,100,46,45,39,43
10:15:15,353,3.53,1,7185,23,31,40,51,99,28,32,39,33
10:15:17,294,2.94,1,7184,23,32,31,31,100,27,29,16,26
10:15:19,314,3.14,1,7184,23,31,36,88,42,31,34,18,34
10:15:21,297,2.97,1,7192,23,34,83,23,24,42,31,31,29
10:15:23,312,3.12,0,7203,23,72,28,22,25,70,27,41,27
10:15:25,306,3.06,0,7208,23,55,66,32,19,39,25,36,33
10:15:27,304,3.04,1,7211,23,27,41,80,38,26,30,29,31
10:15:29,315,3.15,1,7203,23,31,29,88,37,33,32,34,30
10:15:31,309,3.09,0,7203,23,38,31,24,77,49,30,32,27
10:15:33,321,3.21,1,7184,23,40,27,34,26,99,31,27,37
10:15:35,316,3.16,0,7190,23,29,28,75,32,64,32,27,30
10:15:37,326,3.26,1,7186,23,30,21,36,92,38,29,34,46
10:15:39,325,3.25,1,7191,23,23,37,32,52,27,86,37,30
10:15:41,310,3.10,1,7194,23,31,42,42,81,37,24,34,18
10:15:43,305,3.05,0,7200,23,32,29,59,31,27,72,23,32
10:15:45,309,3.09,1,7203,23,37,27,42,30,86,46,19,22
10:15:47,305,3.05,1,7213,23,41,27,31,87,37,31,23,28
10:15:49,307,3.07,1,7189,23,20,33,100,29,33,20,43,30
10:15:51,321,3.21,0,7194,23,35,25,64,32,31,61,33,40
10:15:53,301,3.01,0,7177,23,46,32,73,27,22,46,24,32
10:15:55,304,3.04,1,7194,23,22,27,39,38,39,24,27,87
10:15:57,304,3.04,1,7194,23,26,24,28,36,29,34,28,100
10:15:59,333,3.33,0,7200,23,50,37,37,32,35,31,39,73
10:16:01,330,3.30,0,7209,23,59,32,42,31,37,71,31,28
10:16:03,324,3.24,1,7189,23,28,36,26,28,40,100,33,33
10:16:05,308,3.08,1,7197,23,30,30,30,29,34,97,38,21
10:16:07,305,3.05,1,7200,23,33,30,81,27,34,27,28,45
10:16:09,309,3.09,0,7199,23,57,18,36,33,33,31,28,73
10:16:11,313,3.13,1,7199,23,100,28,27,29,26,28,33,42
10:16:13,320,3.20,1,7185,23,47,84,34,28,33,31,32,31
10:16:15,408,4.08,1,7271,23,44,38,45,64,96,28,49,42
10:16:17,381,3.81,0,7209,23,37,50,32,68,79,47,34,35
10:16:19,310,3.10,0,7188,23,28,70,25,32,60,24,39,33
10:16:21,302,3.02,0,7199,23,71,33,37,19,51,25,36,29
10:16:23,309,3.09,1,7188,23,100,32,32,31,30,34,17,33
10:16:25,311,3.11,1,7197,23,29,27,25,45,30,30,92,33
10:16:27,306,3.06,0,7192,23,53,33,31,51,27,24,32,56
10:16:29,315,3.15,0,7186,23,71,30,26,66,24,28,38,32
10:16:31,311,3.11,1,7188,23,34,31,35,100,27,26,23,36
10:16:33,319,3.19,1,7189,23,35,31,32,100,35,36,26,25
10:16:35,323,3.23,1,7189,23,33,34,98,35,29,32,33,29
10:16:37,319,3.19,0,7195,23,22,31,76,22,58,29,41,40
10:16:39,330,3.30,1,7199,23,37,29,30,53,100,34,22,26
10:16:41,320,3.20,0,7199,23,76,32,29,40,49,29,25,39
10:16:43,305,3.05,1,7205,23,45,28,87,27,24,39,25,30
10:16:45,321,3.21,1,7191,23,24,21,99,41,37,27,39,35
10:16:47,300,3.00,0,7194,23,51,34,80,32,24,36,23,20
10:16:49,310,3.10,0,7199,23,64,33,29,58,29,42,26,30
10:16:51,310,3.10,0,7191,23,76,24,26,55,39,35,26,29
10:16:53,310,3.10,1,7193,23,35,28,26,34,89,43,31,24
10:16:55,311,3.11,1,7198,23,99,37,34,24,32,29,31,25
10:16:57,302,3.02,0,7202,23,50,37,16,48,33,58,27,33
10:16:59,322,3.22,0,7209,23,30,29,38,32,70,70,31,23
10:17:01,315,3.15,0,7203,23,29,56,38,34,53,24,30,52
10:17:03,321,3.21,1,7219,23,88,28,29,37,33,29,35,42
10:17:05,316,3.16,1,7208,23,32,33,88,36,42,34,22,29
10:17:07,302,3.02,1,7208,23,32,44,16,25,23,99,30,34
10:17:09,299,2.99,1,7210,23,39,40,24,13,29,100,29,25
10:17:11,307,3.07,1,7210,23,49,26,30,29,27,100,24,22
10:17:13,307,3.07,1,7205,23,30,85,29,29,30,39,33,31
10:17:15,325,3.25,1,7204,23,36,28,90,31,51,36,32,22
10:17:17,363,3.63,0,7208,23,80,50,41,44,31,36,42,40
10:17:19,400,4.00,1,7204,23,44,99,35,33,33,37,75,44
10:17:21,306,3.06,0,7205,23,27,54,32,27,33,35,72,26
10:17:23,313,3.13,1,7196,23,35,30,31,28,36,24,100,28
10:17:25,314,3.14,1,7213,23,33,36,31,37,30,30,31,87
10:17:27,308,3.08,0,7217,23,39,77,53,26,37,27,22,28
10:17:29,307,3.07,0,7204,23,37,30,73,54,31,21,28,32
10:17:31,301,3.01,0,7190,23,38,24,29,54,30,18,79,29
10:17:33,321,3.21,1,7190,23,35,22,38,35,25,26,100,41
10:17:35,325,3.25,1,7202,23,32,40,27,91,28,29,40,38
10:17:37,319,3.19,1,7202,23,37,23,26,36,50,30,36,80
10:17:39,300,3.00,0,7205,23,25,35,22,31,77,18,26,66
10:17:41,308,3.08,0,7207,23,33,21,34,26,34,63,24,74
10:17:43,313,3.13,1,7214,23,82,36,29,25,37,48,26,30
10:17:45,318,3.18,1,7214,23,43,42,27,28,30,93,20,35
10:17:47,312,3.12,1,7204,23,38,89,31,34,20,33,28,39
10:17:49,299,2.99,1,7204,23,100,27,40,19,35,26,30,24
10:17:51,316,3.16,0,7190,23,66,24,23,66,32,34,43,28
10:17:53,301,3.01,1,7190,23,36,83,29,51,32,28,27,15
10:17:55,313,3.13,1,7179,23,42,99,26,27,36,32,30,21
10:17:57,312,3.12,1,7187,23,34,33,26,20,43,90,36,30
10:17:59,302,3.02,1,7188,23,32,30,24,28,100,23,34,32
10:18:01,312,3.12,0,7183,23,26,28,27,30,72,20,64,45
10:18:03,307,3.07,1,7197,23,22,29,37,27,27,37,99,29
10:18:05,326,3.26,1,7184,23,36,35,37,36,29,30,100,23
10:18:07,313,3.13,1,7186,23,23,34,92,39,24,36,39,27
10:18:09,322,3.22,1,7187,23,26,32,100,24,22,43,39,36
10:18:11,310,3.10,0,7200,23,38,18,74,44,55,28,31,22
10:18:13,306,3.06,0,7210,23,26,30,30,68,64,27,35,25
10:18:15,315,3.15,0,7195,23,78,32,21,49,42,26,30,36
10:18:17,307,3.07,1,7206,23,42,29,33,32,29,25,86,31
10:18:19,347,3.47,1,7196,23,35,33,34,38,29,45,43,90
10:18:21,446,4.46,2,7310,23,43,35,55,55,98,87,38,36
10:18:23,319,3.19,0,7191,23,28,36,27,71,26,36,36,59
10:18:25,312,3.12,0,7185,23,31,32,32,27,27,73,27,62
10:18:27,308,3.08,1,7191,23,31,21,30,84,34,55,27,28
10:18:29,308,3.08,1,7188,23,91,24,27,47,25,21,42,32
10:18:31,319,3.19,1,7193,23,38,30,25,87,31,28,39,40
10:18:33,335,3.35,1,7180,23,30,26,42,30,55,31,38,82
10:18:35,344,3.44,0,7213,23,29,27,31,40,69,72,34,42
10:18:37,319,3.19,1,7198,23,30,28,27,34,34,100,25,40
10:18:39,305,3.05,1,7203,23,27,27,16,37,30,45,83,39
10:18:41,313,3.13,1,7194,23,98,27,28,31,25,25,46,34
10:18:43,316,3.16,1,7191,23,83,22,36,27,45,35,24,45
10:18:45,311,3.11,1,7183,23,24,35,37,30,23,34,28,100
10:18:47,347,3.47,0,7174,23,38,27,72,38,31,35,42,64
10:18:49,314,3.14,0,7180,23,25,29,49,31,72,30,34,42
10:18:51,299,2.99,1,7192,23,17,25,34,26,52,30,91,24
10:18:53,310,3.10,1,7203,23,34,21,29,88,24,42,35,36
10:18:55,309,3.09,1,7182,23,39,46,30,31,23,80,28,31
10:18:57,304,3.04,0,7190,23,62,70,22,31,32,25,26,36
10:18:59,311,3.11,0,7198,23,57,45,33,73,27,26,31,19
10:19:01,302,3.02,1,7206,23,28,30,29,62,27,19,22,84
10:19:03,332,3.32,1,7196,23,44,32,28,91,37,35,29,37
10:19:05,336,3.36,1,7190,23,29,29,34,34,99,34,43,32
10:19:07,300,3.00,1,7201,23,28,29,31,40,84,20,40,28
10:19:09,302,3.02,0,7201,23,59,36,24,26,36,24,68,29
10:19:11,306,3.06,0,7201,23,58,29,23,38,28,72,28,29
10:19:13,312,3.12,1,7213,23,30,30,36,37,26,100,26,28
10:19:15,375,3.75,1,7185,23,37,66,87,40,33,41,33,38
10:19:17,310,3.10,1,7199,23,42,38,86,29,31,32,20,31
10:19:19,306,3.06,1,7209,23,23,82,36,52,20,27,39,27
10:19:21,307,3.07,0,7198,23,28,32,22,71,35,19,33,68
10:19:23,435,4.35,2,7412,24,39,42,32,48,91,41,42,100
10:19:25,353,3.53,1,7207,23,38,40,33,29,43,36,35,100
10:19:27,303,3.03,1,7206,23,35,31,92,18,35,27,32,31
10:19:29,306,3.06,1,7209,23,29,32,20,22,45,21,90,46
10:19:31,311,3.11,0,7204,23,32,58,26,33,28,30,28,76
10:19:33,307,3.07,1,7209,23,25,100,37,40,31,28,21,26
10:19:35,379,3.79,0,7204,23,79,68,46,39,38,36,31,42
10:19:37,318,3.18,1,7209,23,57,27,80,26,29,44,29,25
10:19:39,307,3.07,1,7211,23,21,27,44,34,28,35,92,27
10:19:41,304,3.04,1,7222,23,24,21,21,90,29,29,47,43
10:19:43,305,3.05,1,7189,23,31,26,24,53,26,39,26,80
10:19:45,315,3.15,0,7200,23,31,32,62,69,31,29,37,24
10:19:47,304,3.04,0,7209,23,39,17,64,65,30,27,30,32
10:19:49,312,3.12,1,7211,23,30,85,33,47,35,28,25,30
10:19:51,328,3.28,1,7211,23,32,35,42,32,92,31,30,34
10:19:53,305,3.05,1,7214,23,17,41,37,25,100,30,38,18
10:19:55,300,3.00,1,7207,23,35,18,28,26,99,30,24,39
10:19:57,302,3.02,0,7214,23,24,30,37,53,71,27,26,34
10:19:59,308,3.08,1,7207,23,35,18,30,100,31,25,36,35
10:20:01,301,3.01,0,7218,23,26,23,25,61,36,75,31,25
10:20:03,368,3.68,1,7207,23,38,34,34,34,44,46,49,88
10:20:05,333,3.33,1,7202,23,39,36,24,20,40,53,30,91
10:20:07,309,3.09,1,7210,23,49,29,25,32,88,23,33,30
10:20:09,297,2.97,0,7222,23,74,28,38,27,22,28,56,24
10:20:11,308,3.08,0,7226,23,23,23,28,71,30,29,74,30
10:20:13,316,3.16,0,7223,23,26,32,78,62,29,27,39,24
10:20:15,312,3.12,0,7233,23,18,35,58,79,32,34,30,27
10:20:17,340,3.40,1,7224,23,56,39,32,99,30,27,34,24
10:20:19,307,3.07,1,7211,23,26,28,88,51,22,24,28,40
10:20:21,300,3.00,0,7208,23,49,40,33,79,22,29,29,18
10:20:23,311,3.11,0,7204,23,74,12,36,39,24,55,36,37
10:20:25,409,4.09,0,7301,23,41,40,39,66,73,73,32,45
10:20:27,400,4.00,0,7216,23,32,67,38,78,61,30,42,53
10:20:29,315,3.15,1,7197,23,32,39,36,30,34,37,83,23
10:20:31,305,3.05,1,7200,23,31,91,32,30,35,30,30,25
10:20:33,303,3.03,1,7209,23,26,35,89,39,39,17,24,34
10:20:35,352,3.52,1,7216,23,31,32,29,80,46,56,37,40
10:20:37,318,3.18,0,7203,23,61,33,32,30,25,67,43,27
10:20:39,295,2.95,0,7208,23,52,47,21,19,73,28,20,36
10:20:41,297,2.97,1,7213,23,35,26,81,32,49,32,16,24
10:20:43,307,3.07,1,7223,23,33,22,31,92,28,36,34,32
10:20:45,320,3.20,1,7207,23,27,30,29,48,91,39,30,25
10:20:47,313,3.13,0,7204,23,29,32,41,80,44,25,26,36
10:20:49,310,3.10,0,7208,23,40,34,18,22,72,24,68,33
10:20:51,311,3.11,0,7216,23,29,40,25,67,26,27,63,35
10:20:53,297,2.97,1,7227,23,24,32,26,51,25,30,28,81
10:20:55,313,3.13,1,7208,23,31,24,27,37,31,27,88,49
10:20:57,318,3.18,1,7208,23,39,35,34,31,22,31,37,90
10:20:59,305,3.05,1,7192,23,21,27,29,41,26,38,88,34
10:21:01,300,3.00,0,7193,23,52,17,29,34,23,31,37,77
10:21:03,302,3.02,0,7200,23,70,36,28,31,38,29,53,19
10:21:05,317,3.17,0,7202,23,37,38,21,28,68,30,74,23
10:21:07,304,3.04,0,7208,23,21,39,28,80,49,25,31,31
10:21:09,306,3.06,1,7218,23,30,18,38,52,34,23,86,25
10:21:11,311,3.11,1,7226,23,22,34,27,33,31,26,45,93
10:21:13,307,3.07,1,7219,23,31,30,35,31,22,89,39,30
10:21:15,310,3.10,1,7212,23,31,31,29,49,32,29,25,83
10:21:17,305,3.05,0,7217,23,30,36,19,76,51,27,31,36
10:21:19,294,2.94,0,7227,23,61,28,25,35,68,31,27,20
10:21:21,317,3.17,0,7238,23,63,25,70,44,39,23,25,28
10:21:23,300,3.00,0,7238,23,25,28,54,32,78,22,34,27
10:21:25,299,2.99,1,7230,23,17,20,33,36,100,27,29,38
10:21:27,378,3.78,1,7217,23,33,56,38,37,92,46,30,45
10:21:29,411,4.11,1,7207,23,41,95,48,41,41,78,39,29
10:21:31,316,3.16,0,7209,23,29,72,29,49,26,32,30,50
10:21:33,307,3.07,1,7208,23,29,29,28,39,45,19,19,100
10:21:35,355,3.55,0,7211,23,29,29,39,42,38,39,69,71
10:21:37,308,3.08,1,7208,23,43,25,25,31,32,29,100,23
10:21:39,333,3.33,1,7219,23,21,34,54,87,36,24,52,25
10:21:41,330,3.30,1,7222,23,29,38,27,39,45,28,94,30
10:21:43,303,3.03,1,7228,23,21,36,88,28,45,28,28,29
10:21:45,312,3.12,1,7220,23,47,81,30,38,31,36,30,20
10:21:47,306,3.06,1,7211,23,100,22,36,19,26,35,22,46
10:21:49,305,3.05,0,7222,23,65,19,27,26,59,32,46,31
10:21:51,306,3.06,0,7218,23,30,38,21,35,58,29,26,70
10:21:53,321,3.21,1,7232,23,24,28,86,24,40,25,41,53
10:21:55,319,3.19,1,7215,23,47,38,34,22,92,23,33,30
10:21:57,322,3.22,1,7217,23,28,41,27,37,38,91,30,31
10:21:59,300,3.00,1,7229,23,35,21,89,31,27,22,37,39
10:22:01,315,3.15,1,7201,23,37,34,38,36,26,25,100,20
10:22:03,302,3.02,0,7209,23,21,60,34,31,39,24,65,29
10:22:05,313,3.13,0,7210,23,32,64,36,28,30,29,22,73
10:22:07,309,3.09,0,7213,23,32,26,38,30,36,24,73,49
10:22:09,302,3.02,1,7200,23,23,26,26,30,27,88,48,34
10:22:11,316,3.16,1,7214,23,35,25,35,26,93,38,36,28
10:22:13,309,3.09,1,7217,23,28,35,33,31,34,91,32,26
10:22:15,365,3.65,1,7198,23,48,88,42,44,38,30,29,45
10:22:17,318,3.18,1,7198,23,83,58,35,26,26,27,34,29
10:22:19,299,2.99,1,7201,23,28,100,25,28,25,31,27,35
10:22:21,318,3.18,0,7207,23,30,58,30,73,27,27,33,38
10:22:23,311,3.11,0,7217,23,21,47,39,53,24,77,21,29
10:22:25,302,3.02,1,7225,23,88,31,27,25,32,46,25,28
10:22:27,324,3.24,1,7209,23,38,95,41,23,36,24,32,34
10:22:29,350,3.50,1,7238,23,30,27,48,33,89,47,32,44
10:22:31,426,4.26,2,7486,24,50,32,38,46,40,84,40,95
10:22:33,317,3.17,0,7212,23,66,40,48,28,53,23,20,38
10:22:35,351,3.51,1,7218,23,36,31,28,37,99,37,47,36
10:22:37,322,3.22,1,7217,23,44,27,35,33,51,22,81,29
10:22:39,307,3.07,0,7210,23,27,26,78,35,41,21,44,36
10:22:41,306,3.06,1,7217,23,30,27,37,31,28,27,91,34
10:22:43,302,3.02,1,7218,23,29,30,41,35,94,22,27,25
10:22:45,316,3.16,1,7221,23,35,100,33,43,28,21,23,32
10:22:47,310,3.10,0,7206,23,28,75,45,35,30,40,31,27
10:22:49,312,3.12,0,7212,23,23,60,69,29,26,33,29,43
10:22:51,307,3.07,0,7216,23,34,54,29,29,33,39,60,27
10:22:53,300,3.00,0,7220,23,35,37,21,24,74,33,52,24
10:22:55,307,3.07,1,7226,23,32,27,26,31,99,28,28,37
10:22:57,331,3.31,1,7223,23,90,23,28,36,46,33,33,41
10:22:59,332,3.32,1,7213,23,32,28,42,98,27,34,42,29
10:23:01,341,3.41,1,7198,23,42,33,32,85,41,33,24,51
10:23:03,315,3.15,1,7206,23,30,39,25,52,33,24,27,84
10:23:05,303,3.03,0,7211,23,61,33,35,71,26,20,25,33
10:23:07,322,3.22,0,7215,23,69,36,34,32,25,30,33,63
10:23:09,300,3.00,0,7212,23,23,44,69,29,19,32,32,51
10:23:12,305,3.05,0,7224,23,31,76,47,30,35,38,21,28
10:23:14,322,3.22,1,7231,23,30,41,34,88,44,26,23,34
10:23:16,306,3.06,1,7240,23,29,28,31,31,24,34,95,35
10:23:18,322,3.22,1,7217,23,31,32,42,31,22,30,38,95
10:23:20,309,3.09,1,7202,23,39,34,38,84,32,27,31,22
10:23:22,308,3.08,0,7213,23,80,34,37,32,34,20,45,27
10:23:24,308,3.08,0,7216,23,51,37,42,36,29,19,67,27
10:23:26,319,3.19,1,7197,23,100,29,30,25,41,29,31,35
10:23:28,321,3.21,0,7215,23,62,36,77,40,32,19,25,31
10:23:30,333,3.33,1,7215,23,40,33,100,20,35,43,31,31
10:23:32,309,3.09,1,7219,23,28,31,100,34,32,19,38,27
10:23:34,429,4.29,2,7404,24,30,39,99,35,51,42,48,84
10:23:36,384,3.84,1,7211,23,33,35,39,100,42,37,37,61
10:23:38,326,3.26,1,7217,23,40,38,39,85,32,29,33,30
10:23:40,309,3.09,1,7231,23,82,48,21,24,44,31,29,30
10:23:42,309,3.09,0,7231,23,65,72,31,31,34,26,31,19
10:23:44,306,3.06,0,7234,23,65,19,33,35,31,42,61,19
10:23:46,310,3.10,0,7223,23,36,70,35,16,34,29,58,34
10:23:48,313,3.13,1,7217,23,27,52,32,29,81,26,26,38
10:23:50,303,3.03,1,7219,23,27,23,25,32,49,29,84,34
10:23:52,317,3.17,1,7231,23,28,37,28,95,26,28,43,32
10:23:54,297,2.97,1,7220,23,21,28,32,27,27,30,39,92
10:23:56,295,2.95,1,7228,23,26,33,84,41,28,31,31,19
10:23:58,307,3.07,1,7224,23,55,24,28,80,28,37,21,34
10:24:00,307,3.07,0,7222,23,72,59,39,20,24,30,39,26
10:24:02,301,3.01,0,7215,23,33,64,16,32,24,27,66,38
10:24:04,319,3.19,0,7224,23,26,30,29,36,37,40,53,68
10:24:06,306,3.06,0,7227,23,50,19,18,26,34,75,29,55
10:24:08,335,3.35,1,7220,23,38,31,89,44,29,46,30,29
10:24:10,311,3.11,1,7227,23,29,26,42,24,32,93,30,35
10:24:12,306,3.06,1,7237,23,34,23,34,95,33,33,30,24
10:24:14,305,3.05,1,7228,23,24,26,89,28,43,38,29,28
10:24:16,320,3.20,1,7228,23,28,37,34,23,100,27,36,35
10:24:18,313,3.13,1,7222,23,24,30,24,30,100,39,27,39
10:24:20,312,3.12,1,7219,23,34,27,25,28,100,31,34,33
10:24:22,307,3.07,0,7220,23,27,29,15,38,62,77,29,30
10:24:24,310,3.10,1,7204,23,28,81,25,24,29,57,38,28
10:24:26,300,3.00,0,7213,23,48,44,26,80,30,22,29,21
10:24:28,332,3.32,1,7216,23,89,41,30,40,26,36,33,37
10:24:30,307,3.07,1,7210,23,100,37,19,33,34,23,23,39
10:24:32,303,3.03,1,7212,23,28,21,26,28,34,38,31,98
10:24:34,307,3.07,1,7216,23,30,29,41,40,33,24,19,92
10:24:36,426,4.26,1,7289,23,42,41,52,91,41,71,45,43
10:24:38,397,3.97,0,7213,23,38,42,33,29,43,75,60,78
10:24:40,317,3.17,0,7219,23,37,33,45,63,19,30,67,23
10:24:42,306,3.06,0,7218,23,39,33,29,59,63,24,29,29
10:24:44,309,3.09,0,7214,23,29,30,33,38,61,19,29,71
10:24:46,311,3.11,0,7221,23,77,29,15,28,38,37,24,62
10:24:48,301,3.01,1,7228,23,50,37,21,27,35,34,83,15
10:24:50,307,3.07,1,7209,23,35,33,21,28,90,41,35,24
10:24:52,303,3.03,1,7225,23,23,29,92,28,40,24,32,35
10:24:54,314,3.14,1,7214,23,29,24,37,93,27,34,38,34
10:24:56,303,3.03,1,7221,23,20,31,81,42,31,29,26,42
10:24:58,310,3.10,0,7229,23,35,25,27,26,28,34,57,77
10:25:00,306,3.06,1,7206,23,30,27,45,34,19,29,99,24
10:25:02,299,2.99,0,7213,23,56,23,23,34,36,32,67,28
10:25:04,306,3.06,1,7219,23,99,31,26,36,24,33,22,35
10:25:06,308,3.08,0,7221,23,62,30,28,33,74,28,27,26
10:25:08,326,3.26,1,7204,23,88,33,39,42,45,24,30,26
10:25:10,323,3.23,1,7218,23,51,25,32,91,30,26,33,35
10:25:12,304,3.04,1,7224,23,38,32,92,34,30,22,36,22
10:25:14,314,3.14,1,7214,23,38,94,33,27,28,37,31,26
10:25:16,307,3.07,1,7215,23,24,30,100,30,33,27,31,33
10:25:18,315,3.15,1,7222,23,34,31,37,81,40,37,29,26
10:25:20,324,3.24,0,7226,23,38,43,32,28,79,26,52,25
10:25:22,300,3.00,0,7234,23,23,24,63,32,30,36,68,24
10:25:24,309,3.09,1,7223,23,26,31,100,40,25,22,36,30
10:25:26,298,2.98,0,7224,23,33,27,55,28,78,21,19,37
10:25:28,376,3.76,1,7213,23,42,32,31,36,100,43,44,48
10:25:30,324,3.24,1,7198,23,32,36,26,33,100,39,27,31
10:25:32,312,3.12,1,7208,23,31,28,28,37,99,28,29,32
10:25:34,303,3.03,1,7215,23,33,27,93,34,38,30,18,31
10:25:36,341,3.41,1,7218,23,31,36,31,94,37,44,28,42
10:25:38,378,3.78,1,7235,23,35,95,37,43,42,40,36,49
10:25:40,441,4.41,2,7212,23,49,35,41,94,90,46,43,42
10:25:42,309,3.09,0,7219,23,77,32,33,24,27,26,36,54
10:25:44,308,3.08,1,7222,23,29,21,30,35,40,30,24,100
10:25:46,306,3.06,0,7232,23,29,36,34,22,19,35,71,61
10:25:48,308,3.08,1,7223,23,30,22,30,35,30,27,100,34
10:25:50,313,3.13,0,7216,23,71,34,41,30,25,24,57,31
10:25:52,323,3.23,1,7231,23,52,33,32,36,83,27,28,31
10:25:54,298,2.98,1,7232,23,84,24,24,31,50,27,27,30
10:25:56,304,3.04,1,7234,23,30,43,92,25,18,20,44,32
10:25:58,329,3.29,1,7233,23,28,34,44,36,29,27,36,95
10:26:00,321,3.21,1,7215,23,35,32,35,29,40,24,26,99
10:26:02,329,3.29,1,7216,23,27,28,30,35,50,32,27,100
10:26:04,301,3.01,1,7226,23,32,41,37,29,30,19,31,82
10:26:06,303,3.03,1,7215,23,31,100,26,40,21,30,36,20
10:26:08,309,3.09,0,7219,23,25,77,28,25,24,61,40,30
10:26:10,303,3.03,1,7226,23,31,41,23,22,33,100,25,29
10:26:12,304,3.04,0,7223,23,36,29,71,27,23,66,27,24
10:26:14,313,3.13,0,7227,23,31,29,51,27,25,72,41,37
10:26:16,307,3.07,1,7225,23,38,14,28,36,26,99,37,29
10:26:18,307,3.07,1,7217,23,38,29,32,32,21,41,84,31
10:26:20,306,3.06,1,7202,23,27,37,32,24,36,19,100,30
10:26:22,310,3.10,1,7209,23,37,33,41,32,25,24,100,19
10:26:24,365,3.65,1,7214,23,35,41,37,96,40,33,44,40
10:26:26,315,3.15,1,7213,23,34,39,23,26,37,95,37,25
10:26:28,304,3.04,1,7218,23,14,32,36,37,35,23,90,39
10:26:30,308,3.08,1,7206,23,24,47,27,28,37,29,35,82
10:26:32,305,3.05,1,7217,23,36,81,30,27,25,48,23,35
10:26:34,309,3.09,0,7217,23,24,28,56,37,19,69,44,31
10:26:36,331,3.31,0,7224,23,27,35,75,44,29,30,26,64
10:26:38,317,3.17,0,7219,23,18,37,31,40,70,27,32,62
10:26:40,369,3.69,1,7224,23,36,35,32,40,100,39,40,47
10:26:42,439,4.39,2,7479,24,41,81,33,89,59,40,56,41
10:26:44,329,3.29,1,7222,23,23,53,35,35,33,36,82,33
10:26:46,316,3.16,1,7230,23,89,24,27,26,32,38,48,31
10:26:48,304,3.04,1,7231,23,36,47,35,28,25,94,25,15
10:26:50,298,2.98,1,7221,23,26,29,20,29,34,34,30,97
10:26:52,315,3.15,1,7230,23,94,31,37,28,30,32,33,29
10:26:54,302,3.02,1,7225,23,33,30,91,31,36,26,24,31
10:26:56,304,3.04,1,7221,23,44,32,30,26,83,31,29,30
10:26:58,301,3.01,1,7225,23,85,28,26,30,45,24,27,35
10:27:00,301,3.01,0,7231,23,38,28,29,20,79,56,25,27
10:27:02,307,3.07,1,7212,23,30,24,36,40,36,90,21,31
10:27:04,311,3.11,0,7222,23,30,24,39,27,37,64,30,60
10:27:06,320,3.20,1,7209,23,44,44,35,23,21,24,29,100
10:27:08,318,3.18,0,7231,23,35,43,32,68,33,25,27,55
10:27:10,302,3.02,0,7216,23,77,28,30,58,31,26,23,30
10:27:12,310,3.10,0,7215,23,47,79,24,30,17,44,39,30
10:27:14,308,3.08,1,7199,23,31,100,33,24,25,35,34,26
10:27:16,310,3.10,1,7212,23,88,37,38,33,30,34,22,27
10:27:18,306,3.06,1,7234,23,47,24,32,24,26,96,32,26
10:27:20,306,3.06,1,7226,23,31,29,24,27,34,99,31,32
10:27:22,309,3.09,1,7222,23,37,22,34,36,25,94,27,34
10:27:24,316,3.16,1,7222,23,47,24,28,99,32,25,37,24
10:27:26,306,3.06,1,7212,23,27,26,52,82,27,37,31,25
10:27:28,307,3.07,0,7223,23,22,33,78,33,24,55,33,29
10:27:30,379,3.79,0,7234,23,48,51,31,38,66,75,33,38
10:27:32,309,3.09,0,7212,23,27,39,32,39,65,63,19,26
10:27:34,310,3.10,0,7209,23,28,31,36,24,34,68,58,30
10:27:36,343,3.43,1,7209,23,36,56,33,32,30,41,81,34
10:27:38,307,3.07,0,7213,23,25,62,28,77,27,39,28,22
10:27:40,313,3.13,1,7221,23,38,25,40,50,26,81,21,33
10:27:42,307,3.07,0,7214,23,37,25,28,27,38,52,78,22
10:27:44,433,4.33,2,7401,24,45,84,36,91,37,40,57,44
10:27:46,354,3.54,1,7229,23,40,45,30,99,32,39,38,31
10:27:48,306,3.06,1,7242,23,31,20,27,40,95,36,27,30
10:27:50,304,3.04,1,7245,23,32,31,37,34,28,96,26,20
10:27:52,306,3.06,1,7222,23,42,23,36,24,100,24,33,24
10:27:54,301,3.01,1,7227,23,28,36,28,18,89,32,33,36
10:27:56,308,3.08,0,7213,23,24,37,36,29,37,79,39,26
10:27:58,308,3.08,1,7223,23,35,32,38,17,25,30,81,49
10:28:00,309,3.09,0,7214,23,33,17,36,69,22,38,36,58
10:28:02,304,3.04,0,7215,23,31,31,63,72,26,30,19,32
10:28:04,314,3.14,0,7218,23,36,29,62,40,21,67,23,35
10:28:06,298,2.98,1,7217,23,25,42,24,21,26,100,30,30
10:28:08,312,3.12,1,7220,23,25,33,32,25,34,100,26,37
10:28:10,315,3.15,0,7224,23,28,80,38,28,32,44,28,37
10:28:12,313,3.13,1,7213,23,24,35,84,32,47,31,30,29
10:28:14,302,3.02,1,7218,23,32,33,40,21,23,43,26,84
10:28:16,303,3.03,1,7217,23,27,32,30,88,25,41,27,34
10:28:18,302,3.02,1,7232,23,24,92,36,37,28,28,36,22
10:28:20,311,3.11,1,7226,23,27,36,38,98,27,35,22,28
10:28:22,314,3.14,1,7209,23,31,38,36,100,32,24,23,30
10:28:24,306,3.06,1,7213,23,31,27,28,92,28,25,34,42
10:28:26,303,3.03,1,7218,23,30,40,34,32,26,27,88,26
10:28:28,296,2.96,1,7214,23,44,82,24,36,46,18,26,21
10:28:30,314,3.14,0,7219,23,44,32,23,45,79,28,45,18
10:28:32,310,3.10,0,7204,23,47,31,36,37,25,21,74,39
10:28:34,301,3.01,0,7205,23,71,31,29,35,29,31,18,58
10:28:36,346,3.46,1,7230,23,35,38,39,31,42,29,33,100
10:28:38,305,3.05,0,7236,23,21,24,68,34,33,27,32,67
10:28:40,315,3.15,1,7229,23,37,23,100,41,26,36,32,21
10:28:42,312,3.12,0,7218,23,25,33,53,31,71,27,31,40
10:28:44,318,3.18,1,7218,23,33,36,34,25,99,29,35,26
10:28:46,410,4.10,0,7277,23,34,78,42,33,64,38,64,56
10:28:48,379,3.79,1,7237,23,35,64,30,26,82,38,64,39
10:28:50,301,3.01,1,7237,23,33,43,34,31,99,17,22,21
10:28:52,312,3.12,1,7213,23,90,26,30,35,58,28,23,22
10:28:54,310,3.10,1,7221,23,42,27,35,32,38,87,21,28
10:28:56,303,3.03,1,7225,23,91,28,30,26,37,33,31,26
10:28:58,306,3.06,1,7223,23,32,22,96,29,28,33,37,29
10:29:00,308,3.08,1,7217,23,36,27,21,38,29,35,95,27
10:29:02,331,3.31,1,7220,23,100,32,39,27,40,33,26,36
10:29:04,310,3.10,1,7211,23,84,18,32,32,33,33,38,38
10:29:06,305,3.05,1,7215,23,36,35,24,25,31,25,99,30
10:29:08,303,3.03,1,7226,23,31,29,19,20,34,28,88,53
10:29:10,313,3.13,1,7207,23,29,30,31,30,44,21,27,99
10:29:12,335,3.35,0,7220,23,29,33,39,65,28,25,36,79
10:29:14,307,3.07,0,7209,23,29,25,26,73,72,29,27,25
10:29:16,313,3.13,0,7227,23,30,41,45,20,59,28,30,61
10:29:18,306,3.06,0,7230,23,66,20,29,29,31,28,29,73
10:29:20,310,3.10,1,7232,23,99,29,31,27,35,28,35,27
10:29:22,311,3.11,1,7239,23,57,20,34,27,25,80,26,42
10:29:24,316,3.16,1,7210,23,23,34,38,35,80,49,28,28
10:29:26,305,3.05,0,7218,23,28,77,34,25,45,32,34,30
10:29:28,307,3.07,1,7219,23,30,45,85,29,26,30,22,40
10:29:30,310,3.10,1,7226,23,34,25,49,81,33,32,17,40
10:29:32,301,3.01,1,7226,23,35,34,39,100,16,33,25,19
10:29:34,327,3.27,0,7209,23,24,37,40,57,28,32,78,31
10:29:36,339,3.39,1,7213,23,30,43,34,35,28,31,41,96
10:29:38,313,3.13,1,7229,23,32,37,42,23,96,33,23,28
10:29:40,321,3.21,1,7228,23,24,30,98,28,39,31,41,30
10:29:42,308,3.08,1,7236,23,20,28,45,98,30,44,21,23
10:29:44,332,3.32,1,7234,23,38,35,25,32,41,94,37,30
10:29:46,326,3.26,1,7231,23,26,26,34,33,44,35,93,34
10:29:48,368,3.68,1,7233,23,28,43,38,100,41,51,28,39
10:29:50,416,4.16,2,7235,23,40,41,44,84,31,87,41,49
10:29:52,299,2.99,1,7237,23,24,32,26,41,26,25,42,84
10:29:54,314,3.14,0,7233,23,36,33,30,78,29,23,37,46
10:29:56,314,3.14,0,7242,23,46,32,24,33,32,27,43,78
10:29:58,307,3.07,0,7246,23,72,34,26,33,32,28,48,34
10:30:00,407,4.07,1,7247,23,43,43,38,48,45,41,100,49
10:30:02,301,3.01,0,7228,23,27,27,28,34,32,71,63,19
10:30:04,304,3.04,0,7219,23,28,23,26,36,26,68,28,70
10:30:06,299,2.99,1,7218,23,30,26,28,25,37,32,29,92
10:30:08,304,3.04,0,7208,23,34,21,34,29,65,67,28,26
10:30:10,318,3.18,1,7212,23,36,47,25,24,21,100,37,28
10:30:12,298,2.98,0,7213,23,73,22,38,33,27,59,29,18
10:30:14,321,3.21,1,7272,23,100,24,34,40,28,24,44,26
10:30:16,369,3.69,1,7211,23,99,57,36,35,37,37,42,26
10:30:18,300,3.00,1,7220,23,46,81,29,22,27,31,34,30
10:30:20,305,3.05,0,7223,23,39,46,26,23,34,37,24,76
10:30:22,311,3.11,1,7222,23,28,82,28,31,26,44,27,46
10:30:24,307,3.07,1,7218,23,19,45,25,80,33,30,44,31
10:30:26,313,3.13,1,7225,23,84,25,25,39,33,21,42,42
10:30:28,298,2.98,1,7231,23,27,25,31,43,34,31,13,96
10:30:30,324,3.24,1,7225,23,36,32,26,33,38,34,26,99
10:30:32,302,3.02,1,7237,23,40,19,95,29,33,29,28,29
10:30:34,311,3.11,1,7224,23,31,34,34,39,29,19,99,25
10:30:36,342,3.42,1,7215,23,36,32,44,25,26,98,31,51
10:30:38,300,3.00,1,7214,23,22,29,33,25,25,41,25,100
10:30:40,317,3.17,1,7204,23,39,33,27,28,21,27,44,100
10:30:42,303,3.03,1,7212,23,21,32,35,33,21,29,33,100
10:30:44,317,3.17,1,7215,23,31,30,30,36,27,42,21,100
10:30:46,310,3.10,1,7219,23,21,38,23,47,29,28,37,86
10:30:48,310,3.10,1,7216,23,27,38,50,83,33,25,31,22
10:30:50,341,3.41,1,7231,23,38,43,93,38,28,28,38,35
10:30:52,425,4.25,1,7501,24,46,61,71,52,37,92,27,39
10:30:54,343,3.43,1,7237,23,38,30,100,37,26,41,27,43
10:30:56,317,3.17,1,7242,23,31,26,82,48,39,28,29,35
10:30:58,302,3.02,0,7243,23,34,31,20,78,44,31,32,32
10:31:00,312,3.12,0,7241,23,36,53,33,35,77,21,36,20
10:31:02,378,3.78,1,7244,23,36,100,51,37,36,37,39,43
10:31:04,334,3.34,0,7220,23,38,68,28,40,59,40,31,31
10:31:06,310,3.10,0,7234,23,24,59,28,37,70,35,25,32
10:31:08,310,3.10,1,7234,23,27,100,26,31,27,23,29,47
10:31:10,318,3.18,0,7240,23,67,72,23,23,34,38,26,35
10:31:12,302,3.02,0,7235,23,63,36,20,18,72,29,33,32
10:31:14,366,3.66,0,7220,23,36,42,30,33,69,69,41,47
10:31:16,296,2.96,0,7230,23,36,28,63,37,26,60,26,20
10:31:18,304,3.04,0,7240,23,69,33,59,40,31,23,21,29
10:31:20,313,3.13,0,7229,23,66,72,37,26,37,23,32,21
10:31:22,327,3.27,1,7236,23,20,100,26,41,41,34,39,27
10:31:24,318,3.18,1,7235,23,42,100,33,24,28,40,22,29
10:31:26,335,3.35,0,7223,23,40,55,45,29,65,39,23,38
10:31:28,315,3.15,0,7223,23,28,31,57,45,21,27,32,74
10:31:30,303,3.03,1,7228,23,23,32,19,38,31,39,23,100
10:31:32,300,3.00,1,7231,23,30,19,29,32,27,34,29,100
10:31:34,301,3.01,1,7236,23,32,49,27,36,21,17,20,99
10:31:36,338,3.38,1,7223,23,39,27,37,41,86,32,36,40
10:31:38,328,3.28,1,7236,23,36,28,33,29,52,36,29,84
10:31:40,313,3.13,1,7234,23,82,29,43,30,31,29,24,44
10:31:42,291,2.91,1,7237,23,31,33,31,15,86,25,30,41
10:31:44,312,3.12,1,7238,23,24,49,29,18,100,36,23,34
10:31:46,322,3.22,1,7232,23,36,41,88,24,40,24,31,39
10:31:48,303,3.03,1,7240,23,29,92,36,32,34,24,29,28
10:31:50,307,3.07,1,7243,23,34,100,37,32,23,24,29,28
10:31:52,305,3.05,1,7232,23,21,100,46,32,21,27,30,27
10:31:54,431,4.31,2,7410,24,35,47,43,47,44,92,41,82
10:31:56,368,3.68,1,7232,23,28,41,43,39,36,91,41,50
10:31:58,314,3.14,1,7241,23,38,31,42,31,27,100,27,18
10:32:00,312,3.12,1,7237,23,98,29,26,22,33,38,35,29
10:32:02,299,2.99,1,7243,23,27,20,32,34,38,99,31,18
10:32:04,312,3.12,1,7243,23,27,97,24,29,28,29,46,32
10:32:06,311,3.11,1,7232,23,24,34,29,24,34,39,95,31
10:32:08,310,3.10,1,7232,23,95,40,29,38,26,29,31,22
10:32:10,308,3.08,1,7235,23,24,26,26,100,35,40,21,37
10:32:12,315,3.15,1,7231,23,31,35,26,100,32,29,24,37
10:32:14,325,3.25,1,7234,23,32,30,22,100,29,32,46,36
10:32:16,315,3.15,1,7244,23,24,35,27,90,36,38,36,29
10:32:18,299,2.99,1,7245,23,23,27,38,33,32,29,89,28
10:32:20,328,3.28,1,7247,23,26,41,96,28,38,30,26,44
10:32:22,318,3.18,1,7252,23,23,27,47,31,27,42,36,86
10:32:24,309,3.09,1,7255,23,36,30,89,30,27,19,44,34
10:32:26,310,3.10,1,7241,23,31,32,24,38,41,35,88,21
10:32:28,310,3.10,1,7242,23,28,22,31,38,84,32,41,34
10:32:30,307,3.07,1,7241,23,37,26,26,86,41,37,29,23
10:32:32,303,3.03,1,7239,23,34,35,26,16,100,30,40,23
10:32:34,326,3.26,1,7232,23,42,34,25,46,82,22,45,28
10:32:36,348,3.48,1,7233,23,34,34,31,39,35,42,84,49
10:32:38,308,3.08,1,7239,23,33,33,22,29,28,26,37,100
10:32:40,303,3.03,0,7241,23,31,47,32,33,21,35,27,76
10:32:42,313,3.13,1,7224,23,16,100,28,29,30,37,38,37
10:32:44,304,3.04,1,7238,23,27,81,25,24,34,55,31,27
10:32:46,327,3.27,1,7226,23,25,26,31,60,31,81,35,37
10:32:48,302,3.02,1,7231,23,26,27,25,99,28,23,42,31
10:32:50,300,3.00,1,7239,23,21,34,26,82,23,31,53,30
10:32:52,313,3.13,0,7241,23,42,29,38,32,27,31,80,35
10:32:54,303,3.03,1,7231,23,100,22,30,24,30,35,43,20
10:32:56,413,4.13,1,7284,23,83,60,38,30,59,51,37,54
10:32:58,391,3.91,0,7243,23,56,69,34,35,38,44,39,77
10:33:00,298,2.98,0,7240,23,49,26,45,37,23,33,25,60
10:33:02,305,3.05,1,7243,23,23,15,82,23,50,27,32,55
10:33:04,294,2.94,0,7254,23,43,22,37,33,31,27,23,78
10:33:06,307,3.07,1,7230,23,100,31,43,26,23,19,31,33
10:33:08,300,3.00,1,7232,23,87,15,35,48,19,31,35,30
10:33:10,314,3.14,1,7242,23,35,29,27,84,28,28,52,31
10:33:12,313,3.13,1,7239,23,33,20,29,32,36,29,100,34
10:33:14,310,3.10,1,7251,23,23,35,40,39,20,27,81,44
10:33:16,310,3.10,1,7239,23,49,29,29,21,40,40,22,80
10:33:18,307,3.07,0,7245,23,74,26,35,29,30,27,27,59
10:33:20,305,3.05,0,7254,23,41,21,30,49,25,29,33,77
10:33:22,309,3.09,0,7253,23,28,34,35,70,55,31,31,25
10:33:24,309,3.09,1,7255,23,25,35,33,35,100,32,23,27
10:33:26,307,3.07,0,7236,23,32,29,16,55,73,41,32,29
10:33:28,311,3.11,0,7250,23,29,40,55,75,31,18,37,27
10:33:30,300,3.00,0,7250,23,31,25,71,58,21,33,32,30
10:33:32,318,3.18,0,7254,23,53,23,32,76,36,19,41,37
10:33:34,339,3.39,0,7249,23,79,27,30,43,32,59,38,31
10:33:36,387,3.87,1,7220,23,46,35,39,40,43,100,42,43
10:33:38,350,3.50,0,7225,23,36,38,42,41,28,72,63,30
10:33:40,292,2.92,0,7231,23,34,29,62,30,21,28,73,16
10:33:42,310,3.10,0,7242,23,25,49,71,32,55,24,22,32
10:33:44,300,3.00,1,7248,23,26,27,26,29,100,37,36,21
10:33:46,317,3.17,0,7234,23,27,40,26,55,77,30,28,33
10:33:48,303,3.03,1,7225,23,25,25,33,80,28,35,60,18
10:33:50,301,3.01,0,7238,23,31,36,33,39,49,25,72,16
10:33:52,322,3.22,1,7230,23,30,30,48,33,82,24,44,31
10:33:54,301,3.01,1,7234,23,29,38,81,31,30,52,23,17
10:33:56,315,3.15,1,7226,23,27,32,32,22,38,100,29,35
10:33:58,373,3.73,1,7241,23,40,36,44,34,27,100,46,46
10:34:00,431,4.31,2,7248,23,43,38,45,48,82,87,36,53
10:34:02,329,3.29,0,7229,23,34,32,52,34,25,32,41,78
10:34:04,309,3.09,1,7234,23,27,26,100,30,31,23,33,39
10:34:06,315,3.15,0,7228,23,30,32,79,48,37,28,26,34
10:34:08,319,3.19,1,7240,23,22,40,46,81,34,31,33,31
10:34:10,330,3.30,0,7244,23,36,32,80,56,25,34,33,34
10:34:12,310,3.10,0,7235,23,28,24,26,77,27,32,51,45
10:34:14,318,3.18,1,7235,23,28,34,37,30,38,22,33,97
10:34:16,305,3.05,1,7239,23,49,32,17,35,30,27,32,82
10:34:18,313,3.13,1,7245,23,81,36,23,24,39,39,27,43
10:34:20,324,3.24,1,7253,23,28,42,31,32,39,86,38,28
10:34:22,308,3.08,1,7238,23,24,34,40,30,36,24,99,22
10:34:24,313,3.13,1,7242,23,34,33,31,27,36,26,100,26
10:34:26,308,3.08,1,7244,23,38,28,29,29,25,32,86,42
10:34:28,318,3.18,1,7232,23,43,37,23,29,29,39,31,86
10:34:30,319,3.19,1,7239,23,100,36,35,35,25,33,26,29
10:34:32,314,3.14,1,7244,23,91,62,25,28,34,22,17,35
10:34:34,322,3.22,1,7253,23,34,47,34,27,28,28,95,28
10:34:36,340,3.40,1,7244,23,38,34,26,41,43,32,90,37
10:34:38,304,3.04,1,7239,23,26,37,25,29,93,28,38,29
10:34:40,310,3.10,1,7242,23,29,36,20,100,28,36,24,37
10:34:42,311,3.11,1,7251,23,29,36,28,92,33,26,34,34
10:34:44,303,3.03,1,7253,23,26,29,20,18,32,48,36,95
10:34:46,314,3.14,1,7246,23,34,95,25,28,38,38,33,23
10:34:48,299,2.99,1,7234,23,36,37,100,34,23,21,26,23
10:34:50,303,3.03,1,7241,23,39,37,100,27,28,25,32,16
10:34:52,312,3.12,1,7249,23,38,21,97,28,30,49,30,21
10:34:54,305,3.05,1,7247,23,24,25,32,31,33,100,28,32
10:34:56,303,3.03,1,7248,23,30,36,41,20,28,99,20,29
10:34:58,314,3.14,1,7235,23,100,36,30,31,31,28,28,30
10:35:00,332,3.32,1,7260,23,100,31,25,35,37,34,38,32
10:35:02,422,4.22,2,7511,24,39,100,92,39,44,35,35,39
10:35:04,337,3.37,1,7257,23,37,31,57,28,30,30,27,96
10:35:06,309,3.09,1,7246,23,30,32,85,18,35,25,29,54
10:35:08,317,3.17,1,7234,23,35,36,23,29,35,23,34,100
10:35:10,307,3.07,1,7251,23,29,91,20,35,32,33,27,40
10:35:12,319,3.19,1,7249,23,29,47,32,90,37,27,27,29
10:35:14,300,3.00,1,7238,23,28,27,31,45,88,26,25,30
10:35:16,352,3.52,1,7280,23,31,28,37,48,100,33,47,28
10:35:18,465,4.65,1,7425,24,35,41,55,72,76,43,97,46
10:35:20,423,4.23,2,8473,27,87,31,36,43,43,47,49,87
10:35:22,420,4.20,2,8524,27,46,86,43,29,40,39,44,93
10:35:24,415,4.15,1,8483,27,42,53,74,69,82,31,29,35
10:35:26,447,4.47,2,8852,28,38,47,37,100,65,36,41,84
10:35:28,529,5.29,1,8496,27,80,52,58,100,57,56,50,77
10:35:30,799,7.99,8,8489,27,100,100,100,100,100,100,100,100
10:35:32,799,7.99,8,8492,27,100,100,100,100,100,100,100,100
10:35:34,798,7.98,8,8495,27,100,100,100,100,100,100,99,100
10:35:36,798,7.98,8,8483,27,100,100,100,100,100,100,100,99
10:35:38,798,7.98,8,8491,27,100,100,100,100,100,100,100,100
10:35:40,800,8.00,8,8499,27,100,100,100,100,100,100,100,100
10:35:42,799,7.99,8,8497,27,100,100,100,100,100,100,100,100
10:35:44,800,8.00,8,8487,27,100,100,100,100,100,100,100,100
10:35:46,797,7.97,8,8481,27,100,99,100,99,100,100,100,100
10:35:48,799,7.99,8,8479,27,100,100,100,100,100,100,100,100
10:35:50,800,8.00,8,8490,27,100,100,100,100,100,100,100,100
10:35:52,798,7.98,8,8489,27,100,100,100,100,100,100,100,100
10:35:54,799,7.99,8,8493,27,100,100,100,100,100,100,99,100
10:35:56,797,7.97,8,8491,27,99,100,100,100,100,100,100,100
10:35:58,799,7.99,8,8481,27,100,100,100,100,100,100,100,100
10:36:00,799,7.99,8,8500,27,100,100,100,100,100,100,100,100
10:36:02,798,7.98,8,8502,27,100,100,100,100,100,99,100,100
10:36:04,799,7.99,8,8513,27,100,100,100,100,99,100,100,100
10:36:06,799,7.99,8,8503,27,100,100,100,100,100,100,100,100
10:36:08,799,7.99,8,8496,27,100,100,100,100,100,100,100,100
10:36:10,799,7.99,8,8499,27,100,100,100,100,100,100,100,100
10:36:12,799,7.99,8,8499,27,100,100,100,100,100,100,100,100
10:36:14,799,7.99,8,8495,27,99,100,100,100,100,100,100,100
10:36:16,797,7.97,8,8487,27,100,100,100,100,100,100,100,99
10:36:18,799,7.99,8,8499,27,100,100,100,100,100,100,100,100
10:36:20,798,7.98,8,8502,27,100,100,100,100,100,99,100,100
10:36:22,798,7.98,8,8500,27,100,100,99,100,100,100,100,100
10:36:24,799,7.99,8,8508,27,100,100,100,100,100,100,100,100
10:36:26,799,7.99,8,8478,27,100,100,100,100,100,100,100,100
10:36:28,798,7.98,8,8474,27,100,100,100,99,100,100,100,100
10:36:30,798,7.98,8,8480,27,100,100,100,100,100,100,100,100
10:36:32,798,7.99,8,8484,27,100,100,100,100,100,100,100,100
10:36:34,800,8.00,8,8491,27,100,100,100,100,100,100,100,100
10:36:36,797,7.97,8,8480,27,100,100,100,100,100,99,100,100
10:36:38,799,7.99,8,8483,27,99,100,100,100,100,100,100,100
10:36:40,799,7.99,8,8492,27,100,100,100,100,100,100,100,100
10:36:42,797,7.97,8,8489,27,100,100,100,100,99,99,100,100
10:36:44,799,7.99,8,8490,27,100,100,100,100,100,100,100,100
10:36:46,799,7.99,8,8504,27,100,100,100,100,100,100,100,100
10:36:48,798,7.98,8,8508,27,100,100,100,100,99,99,100,100
10:36:50,798,7.98,8,8498,27,100,100,100,100,100,100,100,100
10:36:52,798,7.98,8,8510,27,100,99,100,100,100,100,100,100
10:36:54,800,8.00,8,8517,27,100,100,100,100,100,100,100,100
10:36:56,797,7.97,8,8510,27,100,100,100,100,100,100,100,100
10:36:58,799,7.99,8,8500,27,100,100,99,100,100,100,100,100
10:37:00,798,7.98,8,8493,27,100,100,100,100,100,100,100,100
10:37:02,799,7.99,8,8503,27,100,100,100,100,100,100,100,100
10:37:04,798,7.98,8,8507,27,100,99,100,100,100,100,100,99
10:37:06,799,7.99,8,8526,27,100,100,99,100,100,100,100,100
10:37:08,799,7.99,8,8689,28,100,100,100,100,100,100,100,100
10:37:10,797,7.97,8,8508,27,100,100,100,100,99,99,100,100
10:37:12,800,8.00,8,8504,27,100,100,100,100,100,100,100,100
10:37:14,798,7.98,8,8498,27,100,100,100,100,99,100,100,100
10:37:16,797,7.97,8,8496,27,100,100,100,100,100,100,100,100
10:37:18,798,7.98,8,8503,27,100,100,100,100,100,99,99,100
10:37:20,800,8.00,8,8497,27,100,100,100,100,100,100,100,100
10:37:22,799,7.99,8,8497,27,100,100,100,100,100,100,100,100
10:37:24,798,7.98,8,8506,27,99,100,100,100,100,100,100,100
10:37:26,799,7.99,8,8512,27,100,100,100,100,100,100,100,100
10:37:28,799,7.99,8,8520,27,100,100,99,100,100,100,100,100
10:37:30,798,7.98,8,8500,27,100,100,100,100,100,100,100,100
10:37:32,799,7.99,8,8515,27,100,100,100,100,99,100,100,100
10:37:34,798,7.98,8,8507,27,100,100,100,100,100,100,99,100
10:37:36,799,7.99,8,8504,27,100,100,100,100,100,100,100,100
10:37:38,798,7.98,8,8494,27,100,100,100,100,100,100,100,99
10:37:40,799,7.99,8,8492,27,100,100,100,100,100,100,100,100
10:37:42,799,7.99,8,8510,27,100,100,100,100,100,100,100,100
10:37:44,799,7.99,8,8491,27,100,100,100,99,100,100,100,100
10:37:46,799,7.99,8,8495,27,100,100,100,100,100,100,100,100
10:37:48,799,7.99,8,8497,27,100,100,100,100,100,100,100,100
10:37:50,799,7.99,8,8489,27,100,100,100,100,100,100,100,100
10:37:52,800,8.00,8,8495,27,100,100,100,100,100,100,100,100
10:37:54,799,7.99,8,8498,27,100,100,100,100,100,100,100,100
10:37:56,799,7.99,8,8497,27,100,100,100,100,100,100,100,100
10:37:58,799,7.99,8,8500,27,100,100,100,100,100,100,100,100
10:38:00,797,7.97,8,8500,27,100,100,100,99,100,100,100,100
10:38:02,798,7.98,8,8505,27,100,100,100,100,100,100,99,100
10:38:04,799,7.99,8,8500,27,100,100,100,100,100,100,100,100
10:38:06,797,7.97,8,8502,27,100,100,100,99,100,100,100,100
10:38:08,798,7.98,8,8491,27,99,100,100,100,100,100,100,100
10:38:10,799,7.99,8,8515,27,100,100,100,100,100,100,100,100
10:38:12,800,8.00,8,8502,27,100,100,100,100,100,100,100,100
10:38:14,797,7.97,8,8497,27,100,100,99,100,100,100,100,100
10:38:16,799,7.99,8,8513,27,100,100,100,100,100,100,100,100
10:38:18,797,7.97,8,8517,27,100,100,99,100,100,100,100,100
10:38:20,798,7.98,8,8511,27,100,99,100,100,100,100,100,99
10:38:22,799,7.99,8,8514,27,100,100,100,100,100,100,100,100
10:38:24,799,7.99,8,8513,27,100,100,100,99,100,100,100,100
10:38:26,798,7.98,8,8514,27,100,100,100,100,100,100,100,100
10:38:28,799,7.99,8,8518,27,100,100,100,100,100,100,99,100
10:38:30,800,8.00,8,8505,27,100,100,100,100,100,100,100,100
10:38:32,797,7.97,8,8516,27,100,99,100,100,99,99,100,100
10:38:34,798,7.98,8,8521,27,100,100,100,100,100,100,100,100
10:38:36,800,8.00,8,8507,27,100,100,100,100,100,100,100,100
10:38:38,798,7.98,8,8512,27,100,100,100,100,100,99,100,100
10:38:40,798,7.98,8,8498,27,100,100,100,100,100,100,99,100
10:38:42,800,8.00,8,8507,27,100,100,100,100,100,100,100,100
10:38:44,797,7.97,8,8505,27,100,100,100,100,99,100,100,100
10:38:46,798,7.98,8,8495,27,100,100,99,100,100,100,100,100
10:38:48,798,7.98,8,8496,27,100,100,100,100,100,100,100,100
10:38:50,799,7.99,8,8490,27,100,100,100,100,100,100,100,100
10:38:52,799,7.99,8,8502,27,100,100,100,100,100,100,100,100
10:38:54,798,7.98,8,8492,27,100,100,100,100,100,100,100,100
10:38:56,799,7.99,8,8502,27,100,99,100,100,100,100,100,100
10:38:58,799,7.99,8,8509,27,100,100,100,100,100,100,100,100
10:39:00,798,7.98,8,8509,27,100,100,100,100,100,100,100,100
10:39:02,799,7.99,8,8504,27,100,99,100,100,100,100,100,100
10:39:04,799,7.99,8,8499,27,100,100,99,100,100,100,100,100
10:39:06,798,7.98,8,8507,27,100,100,100,100,100,100,100,99
10:39:08,799,7.99,8,8509,27,100,100,100,100,100,100,100,100
10:39:10,798,7.98,8,8510,27,100,100,99,100,100,100,100,100
10:39:12,799,7.99,8,8522,27,100,100,100,100,100,100,100,100
10:39:14,800,8.00,8,8707,28,100,100,100,100,100,100,100,100
10:39:16,798,7.98,8,8523,27,100,100,100,100,100,100,100,100
10:39:18,799,7.99,8,8522,27,100,100,100,100,100,100,100,100
10:39:20,799,7.99,8,8523,27,100,100,100,100,100,100,100,100
10:39:22,798,7.98,8,8509,27,100,100,100,100,100,99,100,99
10:39:24,799,7.99,8,8514,27,100,100,100,100,100,100,100,100
10:39:26,798,7.98,8,8511,27,100,100,100,100,100,100,100,100
10:39:28,797,7.97,8,8520,27,100,100,100,99,99,100,100,100
10:39:30,798,7.98,8,8494,27,100,100,100,100,100,99,100,100
10:39:32,799,7.99,8,8500,27,99,99,100,100,100,100,100,100
10:39:34,798,7.98,8,8515,27,100,100,100,100,100,100,100,100
10:39:36,798,7.98,8,8510,27,100,100,100,99,100,100,100,100
10:39:38,800,8.00,8,8509,27,100,100,100,100,100,100,100,100
10:39:40,797,7.97,8,8509,27,100,99,100,100,100,100,100,99
10:39:42,798,7.98,8,8496,27,100,100,100,100,100,100,100,100
10:39:44,799,7.99,8,8499,27,100,100,100,100,100,100,100,99
10:39:46,799,7.99,8,8495,27,100,100,100,100,100,100,100,100
10:39:48,798,7.98,8,8501,27,100,100,100,100,100,100,100,100
10:39:50,798,7.98,8,8509,27,100,99,99,100,100,100,100,100
10:39:52,799,7.99,8,8501,27,100,100,100,100,100,100,100,100
10:39:54,799,7.99,8,8500,27,100,99,100,100,100,100,100,100
10:39:56,798,7.98,8,8512,27,100,100,100,100,100,100,100,100
10:39:58,799,7.99,8,8520,27,100,100,100,100,100,100,100,100
10:40:00,798,7.98,8,8519,27,100,100,100,100,100,100,100,100
10:40:02,799,7.99,8,8508,27,100,100,100,99,100,100,100,100
10:40:04,798,7.98,8,8517,27,100,100,100,100,100,100,100,100
10:40:06,798,7.99,8,8507,27,100,100,100,100,100,100,100,100
10:40:08,799,7.99,8,8513,27,100,100,100,100,100,100,100,100
10:40:10,799,7.99,8,8516,27,100,100,100,100,100,100,100,100
10:40:12,797,7.97,8,8510,27,100,100,100,100,99,100,100,100
10:40:14,798,7.98,8,8505,27,100,100,100,100,100,99,100,100
10:40:16,798,7.98,8,8525,27,100,100,100,100,99,99,100,100
10:40:18,800,8.00,8,8526,27,100,100,100,100,100,100,100,100
10:40:20,798,7.98,8,8527,27,100,100,100,100,100,100,100,100
10:40:22,798,7.98,8,8525,27,99,99,100,100,100,100,100,100
10:40:24,800,8.00,8,8530,27,100,100,100,100,100,100,100,100
10:40:26,797,7.97,8,8514,27,100,99,100,100,100,100,100,99
10:40:28,799,7.99,8,8508,27,100,100,100,100,100,100,100,100
10:40:30,797,7.97,8,8512,27,100,100,100,100,99,100,99,100
10:40:32,799,7.99,8,8510,27,100,100,100,100,100,99,100,100
10:40:34,800,8.00,8,8522,27,100,100,100,100,100,100,100,100
10:40:36,798,7.98,8,8502,27,100,100,100,100,100,100,100,100
10:40:38,798,7.98,8,8517,27,100,100,100,100,100,100,99,100
10:40:40,798,7.98,8,8524,27,100,100,99,100,100,100,100,100
10:40:42,798,7.98,8,8503,27,100,100,100,100,100,99,100,100
10:40:44,798,7.98,8,8513,27,100,100,100,100,100,100,100,100
10:40:46,800,8.00,8,8521,27,100,100,100,100,100,100,100,100
10:40:48,798,7.98,8,8500,27,100,100,100,100,99,100,100,100
10:40:50,797,7.97,8,8511,27,100,100,99,100,100,100,100,100
10:40:52,800,8.00,8,8506,27,100,100,100,100,100,100,100,100
10:40:54,797,7.97,8,8511,27,100,100,100,100,100,100,99,100
10:40:56,799,7.99,8,8512,27,100,100,100,100,100,100,100,100
10:40:58,798,7.98,8,8502,27,100,100,100,100,100,100,100,100
10:41:00,799,7.99,8,8513,27,100,100,100,100,100,100,100,100
10:41:02,800,8.00,8,8498,27,100,100,100,100,100,100,100,100
10:41:04,798,7.98,8,8519,27,100,100,100,100,100,100,100,100
10:41:06,797,7.97,8,8525,27,100,100,100,100,100,100,100,99
10:41:08,799,7.99,8,8518,27,99,100,100,100,100,100,100,100
10:41:10,799,7.99,8,8509,27,100,100,100,100,100,100,100,99
10:41:12,798,7.98,8,8510,27,100,100,100,100,100,100,100,100
10:41:14,800,8.00,8,8520,27,100,100,100,100,100,100,100,100
10:41:16,798,7.98,8,8500,27,100,100,100,100,100,100,100,100
10:41:18,799,7.99,8,8513,27,100,100,100,100,100,100,100,100
10:41:20,797,7.97,8,8695,28,100,100,99,100,100,100,100,99
10:41:22,798,7.98,8,8515,27,100,100,100,100,100,100,100,100
10:41:24,799,7.99,8,8510,27,100,100,100,100,100,100,100,100
10:41:27,800,8.00,8,8520,27,100,100,100,100,100,100,100,100
10:41:29,799,7.99,8,8504,27,100,100,100,100,100,100,100,100
10:41:31,797,7.97,8,8508,27,100,100,100,100,100,100,100,100
10:41:33,799,7.99,8,8507,27,100,100,100,100,100,100,100,100
10:41:35,797,7.97,8,8512,27,100,100,100,99,100,100,100,100
10:41:37,800,8.00,8,8512,27,100,100,100,100,100,100,100,100
10:41:39,797,7.97,8,8506,27,100,100,100,100,100,99,100,100
10:41:41,799,7.99,8,8506,27,100,100,100,100,100,100,100,100
10:41:43,798,7.98,8,8511,27,100,99,100,100,100,99,100,100
10:41:45,797,7.97,8,8513,27,100,100,100,100,99,99,100,100
10:41:47,799,7.99,8,8502,27,100,100,100,100,100,100,100,100
10:41:49,799,7.99,8,8509,27,100,100,100,100,100,100,100,100
10:41:51,799,7.99,8,8518,27,100,100,100,100,100,100,100,100
10:41:53,798,7.99,8,8513,27,100,100,100,100,100,100,100,100
10:41:55,799,7.99,8,8504,27,100,100,100,100,100,100,100,100
10:41:57,800,8.00,8,8511,27,100,100,100,100,100,100,100,100
10:41:59,799,7.99,8,8511,27,100,99,100,100,100,100,100,100
10:42:01,798,7.98,8,8517,27,100,100,100,100,100,100,99,100
10:42:03,798,7.99,8,8501,27,100,100,100,100,100,100,100,100
10:42:05,799,7.99,8,8498,27,100,100,100,100,100,100,100,100
10:42:07,798,7.98,8,8499,27,100,100,100,100,100,100,100,100
10:42:09,799,7.99,8,8506,27,100,100,100,100,100,100,100,100
10:42:11,799,7.99,8,8503,27,100,100,100,100,100,100,100,100
10:42:13,798,7.98,8,8510,27,100,100,100,100,100,100,100,100
10:42:15,797,7.97,8,8570,27,100,100,100,100,100,100,99,100
10:42:17,799,7.99,8,8500,27,100,100,100,100,100,100,100,100
10:42:19,798,7.98,8,8501,27,100,99,100,100,100,100,100,100
10:42:21,798,7.98,8,8521,27,100,100,100,100,100,99,100,99
10:42:23,798,7.98,8,8504,27,100,100,100,100,100,100,100,100
10:42:25,800,8.00,8,8516,27,100,100,100,100,100,100,100,100
10:42:27,798,7.98,8,8516,27,100,100,100,100,100,100,100,100
10:42:29,800,8.00,8,8507,27,100,100,100,100,100,100,100,100
10:42:31,798,7.98,8,8503,27,99,100,99,100,100,99,100,100
10:42:33,798,7.98,8,8510,27,100,100,100,99,100,100,100,100
10:42:35,799,7.99,8,8511,27,100,100,100,100,100,100,100,100
10:42:37,799,7.99,8,8515,27,100,100,99,100,100,100,100,100
10:42:39,797,7.97,8,8512,27,100,99,100,100,100,100,100,99
10:42:41,800,8.00,8,8513,27,100,100,100,100,100,100,100,100
10:42:43,798,7.98,8,8521,27,100,100,100,100,100,100,100,100
10:42:45,798,7.98,8,8522,27,100,100,100,100,100,100,100,99
10:42:47,799,7.99,8,8512,27,100,100,100,100,100,100,99,100
10:42:49,799,7.99,8,8507,27,99,100,100,100,100,100,100,100
10:42:51,797,7.97,8,8506,27,100,100,100,100,99,100,100,100
10:42:53,798,7.98,8,8517,27,100,100,100,100,99,99,99,100
10:42:55,798,7.98,8,8513,27,100,100,100,100,100,100,100,100
10:42:57,799,7.99,8,8504,27,100,100,100,100,100,100,99,100
10:42:59,799,7.99,8,8510,27,100,100,100,99,100,100,100,100
10:43:01,800,8.00,8,8513,27,100,100,100,100,100,100,100,100
10:43:03,798,7.98,8,8509,27,100,100,100,100,100,100,100,100
10:43:05,799,7.99,8,8501,27,100,100,100,100,100,100,100,100
10:43:07,800,8.00,8,8507,27,100,100,100,100,100,100,100,100
10:43:09,800,8.00,8,8517,27,100,100,100,100,100,100,100,100
10:43:11,799,7.99,8,8513,27,100,100,100,100,100,100,100,100
10:43:13,799,7.99,8,8527,27,100,100,100,100,100,100,100,100
10:43:15,798,7.98,8,8501,27,100,99,100,100,100,100,100,100
10:43:17,798,7.98,8,8496,27,100,100,100,100,99,100,100,100
10:43:19,800,8.00,8,8501,27,100,100,100,100,100,100,100,100
10:43:21,797,7.97,8,8506,27,100,100,100,100,100,99,99,100
10:43:23,798,7.98,8,8515,27,100,100,99,100,100,100,100,100
10:43:25,800,8.00,8,8548,27,100,100,100,100,100,100,100,100
10:43:27,798,7.98,8,8787,28,100,100,99,100,100,100,100,100
10:43:29,799,7.99,8,8537,27,100,99,100,100,100,100,100,100
10:43:31,799,7.99,8,8522,27,100,100,100,100,100,100,100,100
10:43:33,798,7.98,8,8508,27,100,100,100,99,100,100,100,100
10:43:35,798,7.98,8,8518,27,100,100,100,100,100,99,100,100
10:43:37,798,7.98,8,8510,27,100,100,100,100,100,100,100,100
10:43:39,799,7.99,8,8511,27,99,100,100,100,100,100,100,100
10:43:41,799,7.99,8,8506,27,100,100,100,100,100,100,100,100
10:43:43,798,7.98,8,8508,27,100,100,99,100,100,100,100,100
10:43:45,798,7.98,8,8514,27,100,100,100,100,100,100,100,99
10:43:47,798,7.98,8,8506,27,99,100,100,100,100,100,100,100
10:43:49,798,7.98,8,8508,27,100,100,100,100,100,99,100,100
10:43:51,798,7.98,8,8506,27,100,100,100,100,100,99,100,100
10:43:53,798,7.98,8,8496,27,100,100,99,100,100,100,100,99
10:43:55,798,7.98,8,8503,27,100,100,100,100,100,100,100,100
10:43:57,799,7.99,8,8502,27,100,100,100,100,100,100,100,100
10:43:59,799,7.99,8,8504,27,100,100,100,99,100,100,100,100
10:44:01,798,7.98,8,8503,27,100,99,100,100,100,100,100,100
10:44:03,799,7.99,8,8507,27,100,100,100,100,99,100,100,100
10:44:05,799,7.99,8,8515,27,100,100,100,100,100,100,100,100
10:44:07,799,7.99,8,8517,27,100,100,100,100,100,100,100,100
10:44:09,798,7.98,8,8513,27,100,99,100,100,100,100,100,100
10:44:11,800,8.00,8,8514,27,100,100,100,100,100,100,100,100
10:44:13,797,7.97,8,8523,27,100,100,100,100,99,99,100,100
10:44:15,799,7.99,8,8518,27,100,100,100,100,100,100,100,99
10:44:17,799,7.99,8,8512,27,100,100,100,100,100,100,100,100
10:44:19,799,7.99,8,8513,27,100,100,100,100,100,100,100,99
10:44:21,800,8.00,8,8521,27,100,100,100,100,100,100,100,100
10:44:23,798,7.98,8,8527,27,100,100,100,100,100,100,100,100
10:44:25,800,8.00,8,8520,27,100,100,100,100,100,100,100,100
10:44:27,799,7.99,8,8507,27,100,100,100,100,100,100,100,100
10:44:29,798,7.98,8,8553,27,100,100,100,100,99,99,100,100
10:44:31,799,7.99,8,8525,27,100,100,100,100,100,100,99,100
10:44:33,798,7.98,8,8526,27,100,100,100,100,100,100,100,100
10:44:35,799,7.99,8,8527,27,100,100,100,100,100,100,100,100
10:44:37,799,7.99,8,8517,27,100,100,100,100,100,100,100,100
10:44:39,799,7.99,8,8524,27,100,100,100,100,100,100,100,100
10:44:41,799,7.99,8,8514,27,99,100,100,100,100,100,100,100
10:44:43,798,7.98,8,8521,27,100,100,99,100,100,100,100,100
10:44:45,799,7.99,8,8509,27,100,100,100,100,100,100,100,100
10:44:47,798,7.98,8,8499,27,99,100,100,100,100,100,100,100
10:44:49,799,7.99,8,8523,27,100,100,100,100,100,100,100,100
10:44:51,799,7.99,8,8514,27,100,100,100,100,100,100,100,100
10:44:53,798,7.98,8,8521,27,100,99,100,100,100,100,100,100
10:44:55,799,7.99,8,8510,27,100,100,100,100,100,100,100,100
10:44:57,800,8.00,8,8522,27,100,100,100,100,100,100,100,100
10:44:59,798,7.98,8,8513,27,100,100,100,100,100,100,99,100
10:45:01,798,7.98,8,8524,27,100,100,100,100,99,100,99,100
10:45:03,798,7.98,8,8521,27,100,100,100,100,100,100,99,100
10:45:05,799,7.99,8,8504,27,100,100,100,100,100,100,100,100
10:45:07,800,8.00,8,8508,27,100,100,100,100,100,100,100,100
10:45:09,798,7.98,8,8503,27,100,100,100,100,100,100,100,99
10:45:11,798,7.98,8,8513,27,100,100,100,100,100,100,99,100
10:45:13,799,7.99,8,8497,27,100,100,100,100,100,100,100,100
10:45:15,798,7.98,8,8508,27,100,100,100,100,100,100,100,100
10:45:17,799,7.99,8,8513,27,100,100,100,100,100,100,100,100
10:45:19,798,7.98,8,8500,27,100,100,100,99,100,100,100,100
10:45:21,799,7.99,8,8497,27,100,100,100,100,100,100,100,100
10:45:23,799,7.99,8,8516,27,100,100,100,100,100,100,100,100
10:45:25,799,7.99,8,8505,27,100,100,100,100,100,100,100,100
10:45:27,798,7.98,8,8500,27,100,100,100,100,100,100,100,100
10:45:29,798,7.98,8,8509,27,100,99,100,100,100,100,100,100
10:45:31,799,7.99,8,8545,27,100,100,100,99,100,100,100,100
10:45:33,799,7.99,8,8778,28,100,100,100,100,100,99,100,100
10:45:35,797,7.97,8,8523,27,100,100,100,99,100,100,100,100
10:45:37,800,8.00,8,8499,27,100,100,100,100,100,100,100,100
10:45:39,799,7.99,8,8511,27,100,100,100,100,100,100,99,100
10:45:41,799,7.99,8,8509,27,100,100,100,99,100,100,100,100
10:45:43,798,7.98,8,8505,27,100,100,100,100,100,100,99,99
10:45:45,797,7.97,8,8511,27,100,100,100,99,100,100,100,100
10:45:47,799,7.99,8,8516,27,100,100,100,100,100,100,100,100
10:45:49,799,7.99,8,8524,27,100,100,100,100,100,100,100,100
10:45:51,799,7.99,8,8516,27,100,100,100,100,100,100,100,99
10:45:53,798,7.98,8,8524,27,100,100,99,100,100,100,100,100
10:45:55,799,7.99,8,8524,27,100,100,100,100,100,100,100,100
10:45:57,798,7.98,8,8501,27,99,100,100,100,100,100,100,99
10:45:59,797,7.97,8,8499,27,100,100,100,100,100,99,100,100
10:46:01,799,7.99,8,8502,27,100,100,100,100,100,100,100,100
10:46:03,798,7.98,8,8498,27,99,100,100,100,100,100,100,100
10:46:05,798,7.98,8,8516,27,100,100,99,100,100,100,100,100
10:46:07,798,7.98,8,8503,27,100,100,99,100,100,100,100,100
10:46:09,799,7.99,8,8511,27,100,100,100,100,100,100,100,100
10:46:11,798,7.98,8,8519,27,100,100,100,100,100,100,100,100
10:46:13,799,7.99,8,8516,27,100,100,100,100,100,100,100,100
10:46:15,799,7.99,8,8515,27,100,100,100,100,100,100,100,100
10:46:17,798,7.98,8,8519,27,100,100,100,99,100,100,100,100
10:46:19,799,7.99,8,8520,27,100,100,100,100,100,100,100,100
10:46:21,798,7.98,8,8502,27,100,100,100,100,100,100,100,100
10:46:23,799,7.99,8,8512,27,100,100,100,100,100,100,100,100
10:46:25,798,7.98,8,8528,27,100,100,100,100,100,100,100,100
10:46:27,799,7.99,8,8524,27,100,100,100,100,100,100,100,100
10:46:29,799,7.99,8,8528,27,100,100,100,100,100,100,100,100
10:46:31,799,7.99,8,8518,27,100,100,100,100,100,100,100,100
10:46:33,799,7.99,8,8507,27,100,100,100,100,100,100,100,99
10:46:35,796,7.96,8,8548,27,100,99,100,100,100,99,99,100
10:46:37,800,8.00,8,8520,27,100,100,100,100,100,100,100,100
10:46:39,798,7.98,8,8517,27,100,99,100,100,100,100,100,100
10:46:41,799,7.99,8,8522,27,100,100,100,100,100,100,100,100
10:46:43,799,7.99,8,8517,27,100,100,100,100,100,100,100,100
10:46:45,800,8.00,8,8520,27,100,100,100,100,100,100,100,100
10:46:47,799,7.99,8,8521,27,100,100,100,100,100,100,100,100
10:46:49,799,7.99,8,8516,27,100,100,100,100,100,100,100,100
10:46:51,798,7.98,8,8507,27,100,100,100,100,100,100,100,100
10:46:53,800,8.00,8,8521,27,100,100,100,100,100,100,100,100
10:46:55,797,7.97,8,8521,27,100,100,99,100,100,100,100,100
10:46:57,799,7.99,8,8520,27,100,100,100,100,100,100,100,100
10:46:59,798,7.98,8,8525,27,100,100,100,100,100,100,100,100
10:47:01,798,7.98,8,8538,27,100,100,100,100,100,100,100,100
10:47:03,798,7.98,8,8530,27,100,100,100,100,100,100,100,100
10:47:05,799,7.99,8,8530,27,100,100,100,100,99,100,100,100
10:47:07,800,8.00,8,8519,27,100,100,100,100,100,100,100,100
10:47:09,797,7.97,8,8522,27,100,100,99,100,100,99,99,100
10:47:11,799,7.99,8,8523,27,100,99,100,100,100,100,100,100
10:47:13,799,7.99,8,8526,27,100,100,100,100,100,100,100,100
10:47:15,796,7.96,8,8517,27,100,100,100,100,99,100,99,100
10:47:17,799,7.99,8,8522,27,100,100,100,100,100,100,100,100
10:47:19,798,7.98,8,8526,27,100,100,100,100,100,100,99,100
10:47:21,799,7.99,8,8519,27,100,100,100,100,100,100,100,100
10:47:23,799,7.99,8,8510,27,100,100,100,100,100,100,100,100
10:47:25,798,7.98,8,8513,27,100,100,100,100,99,100,100,99
10:47:27,798,7.99,8,8513,27,100,100,100,100,100,100,100,100
10:47:29,798,7.98,8,8505,27,100,100,100,100,100,100,99,100
10:47:31,799,7.99,8,8519,27,99,100,100,100,100,100,100,100
10:47:33,798,7.98,8,8518,27,100,100,100,100,100,100,100,100
10:47:35,800,8.00,8,8533,27,100,100,100,100,100,100,100,100
10:47:37,799,7.99,8,8522,27,100,100,100,100,100,100,100,100
10:47:39,798,7.98,8,8739,28,100,100,100,100,100,100,100,100
10:47:41,799,7.99,8,8512,27,100,100,100,100,100,100,100,100
10:47:43,798,7.98,8,8512,27,100,100,100,100,100,100,100,100
10:47:45,799,7.99,8,8516,27,100,100,99,100,100,100,100,100
10:47:47,800,8.00,8,8528,27,100,100,100,100,100,100,100,100
10:47:49,796,7.96,8,8542,27,99,100,100,100,100,100,99,99
10:47:51,799,7.99,8,8521,27,100,100,100,100,100,100,100,100
10:47:53,799,7.99,8,8512,27,100,100,100,100,100,100,100,100
10:47:55,798,7.98,8,8526,27,100,100,99,100,100,100,100,100
10:47:57,800,8.00,8,8505,27,100,100,100,100,100,100,100,100
10:47:59,799,7.99,8,8510,27,100,100,100,100,100,100,100,100
10:48:01,799,7.99,8,8516,27,100,100,100,100,99,100,100,100
10:48:03,798,7.98,8,8529,27,100,100,100,100,100,100,100,100
10:48:05,798,7.98,8,8527,27,100,100,100,99,100,100,100,100
10:48:07,798,7.98,8,8538,27,100,100,100,100,100,100,100,100
10:48:09,799,7.99,8,8537,27,100,100,100,100,100,100,100,100
10:48:11,800,8.00,8,8535,27,100,100,100,100,100,100,100,100
10:48:13,798,7.98,8,8536,27,100,99,100,100,100,100,100,100
10:48:15,799,7.99,8,8540,27,100,100,100,100,100,100,100,100
10:48:17,800,8.00,8,8534,27,100,100,100,100,100,100,100,100
10:48:19,798,7.98,8,8534,27,100,100,100,100,100,100,99,100
10:48:21,798,7.98,8,8519,27,100,100,100,100,100,100,100,100
10:48:23,799,7.99,8,8516,27,100,100,100,100,100,100,100,100
10:48:25,799,7.99,8,8519,27,100,100,100,100,100,100,100,100
10:48:27,799,7.99,8,8518,27,100,100,100,100,100,100,100,100
10:48:29,799,7.99,8,8514,27,100,100,100,100,100,100,100,100
10:48:31,800,8.00,8,8526,27,100,100,100,100,100,100,100,100
10:48:33,800,8.00,8,8516,27,100,100,100,100,100,100,100,100
10:48:35,797,7.97,8,8529,27,100,100,100,100,100,99,100,100
10:48:37,799,7.99,8,8526,27,100,100,100,100,100,100,100,100
10:48:39,798,7.98,8,8539,27,100,100,100,100,100,100,100,100
10:48:41,798,7.98,8,8538,27,100,100,100,100,100,100,99,100
10:48:43,798,7.98,8,8530,27,100,100,100,100,100,100,100,100
10:48:45,798,7.98,8,8537,27,100,100,100,99,100,99,99,100
10:48:47,799,7.99,8,8523,27,100,100,100,100,100,100,100,100
10:48:49,800,8.00,8,8521,27,100,100,100,100,100,100,100,100
10:48:51,798,7.98,8,8520,27,100,100,100,100,100,100,100,100
10:48:53,798,7.98,8,8520,27,100,100,100,100,99,100,100,100
10:48:55,797,7.97,8,8529,27,100,100,99,100,100,100,100,100
10:48:57,798,7.98,8,8530,27,100,100,100,100,100,100,100,100
10:48:59,799,7.99,8,8536,27,100,100,100,100,100,100,100,100
10:49:01,798,7.98,8,8524,27,100,100,100,100,100,100,99,100
10:49:03,799,7.99,8,8533,27,100,100,100,100,100,100,100,100
10:49:05,799,7.99,8,8540,27,100,100,100,100,100,100,100,100
10:49:07,798,7.98,8,8534,27,100,100,100,100,100,100,100,100
10:49:09,798,7.98,8,8537,27,100,100,100,100,100,100,100,99
10:49:11,799,7.99,8,8541,27,100,100,100,100,100,100,100,100
10:49:13,799,7.99,8,8539,27,100,100,100,100,100,100,100,100
10:49:15,799,7.99,8,8538,27,100,100,100,100,100,100,100,100
10:49:17,796,7.96,8,8509,27,99,100,99,100,100,100,100,100
10:49:19,799,7.99,8,8533,27,100,100,100,100,100,100,100,100
10:49:21,797,7.97,8,8529,27,100,100,100,100,99,100,100,100
10:49:23,799,7.99,8,8527,27,100,100,100,100,100,100,100,99
10:49:25,799,7.99,8,8538,27,100,100,100,100,100,100,100,100
10:49:27,798,7.98,8,8536,27,100,100,100,100,100,100,100,100
10:49:29,798,7.98,8,8542,27,100,100,100,100,100,100,100,99
10:49:31,799,7.99,8,8538,27,100,100,100,100,100,100,100,100
10:49:33,799,7.99,8,8523,27,100,100,100,100,100,100,100,100
10:49:35,798,7.98,8,8525,27,100,100,100,100,99,100,99,100
10:49:37,798,7.98,8,8529,27,100,100,100,100,100,100,100,100
10:49:39,799,7.99,8,8540,27,100,100,100,100,100,100,100,100
10:49:41,799,7.99,8,8537,27,100,100,100,100,100,100,100,100
10:49:43,799,7.99,8,8554,27,100,100,100,100,100,100,100,100
10:49:45,799,7.99,8,8757,28,100,100,100,100,100,100,100,100
10:49:47,800,8.00,8,8532,27,100,100,100,100,100,100,100,100
10:49:49,798,7.98,8,8529,27,100,100,100,100,100,100,100,100
10:49:51,799,7.99,8,8533,27,99,100,99,100,100,100,100,100
10:49:53,798,7.98,8,8524,27,100,100,100,100,100,99,100,100
10:49:55,798,7.98,8,8529,27,100,100,100,100,100,100,100,99
10:49:57,799,7.99,8,8531,27,100,100,100,100,100,100,100,100
10:49:59,798,7.99,8,8520,27,100,100,100,100,100,100,100,100
10:50:01,798,7.98,8,8538,27,100,100,100,100,100,100,100,100
10:50:03,799,7.99,8,8544,27,100,100,100,100,100,100,100,100
10:50:05,797,7.97,8,8527,27,100,100,100,99,100,100,99,100
10:50:07,798,7.98,8,8531,27,100,100,100,100,100,100,99,100
10:50:09,799,7.99,8,8532,27,100,100,100,99,100,100,100,100
10:50:11,799,7.99,8,8543,27,100,100,99,100,100,100,100,100
10:50:13,799,7.99,8,8515,27,100,100,100,100,99,100,100,100
10:50:15,799,7.99,8,8523,27,100,100,100,100,100,100,100,100
10:50:17,799,7.99,8,8519,27,100,100,100,100,100,100,100,100
10:50:19,798,7.98,8,8531,27,100,100,100,99,100,100,100,100
10:50:21,800,8.00,8,8524,27,100,100,100,100,100,100,100,100
10:50:23,799,7.99,8,8533,27,100,100,100,100,100,100,100,100
10:50:25,798,7.98,8,8528,27,100,99,100,100,100,99,100,100
10:50:27,798,7.98,8,8530,27,100,100,100,100,100,100,100,100
10:50:29,799,7.99,8,8539,27,100,100,100,100,100,99,100,100
10:50:31,798,7.98,8,8526,27,100,100,100,100,100,100,100,100
10:50:33,798,7.98,8,8528,27,100,100,100,100,99,100,100,100
10:50:35,799,7.99,8,8532,27,100,100,100,100,100,100,100,100
10:50:37,798,7.98,8,8520,27,100,100,100,99,100,100,100,100
10:50:39,798,7.98,8,8515,27,100,100,100,100,100,100,100,100
10:50:41,799,7.99,8,8525,27,100,100,100,100,100,100,100,100
10:50:43,798,7.98,8,8515,27,100,100,100,100,100,99,100,100
10:50:45,800,8.00,8,8523,27,100,100,100,100,100,100,100,100
10:50:47,798,7.98,8,8546,27,100,100,100,100,100,100,100,100
10:50:49,799,7.99,8,8520,27,99,100,100,100,100,100,100,100
10:50:51,797,7.97,8,8533,27,100,100,100,100,100,100,100,99
10:50:53,799,7.99,8,8517,27,100,100,100,99,100,100,99,100
10:50:55,798,7.98,8,8528,27,100,100,100,100,100,100,100,100
10:50:57,799,7.99,8,8534,27,100,100,100,100,100,100,100,99
10:50:59,798,7.98,8,8525,27,100,100,100,100,100,100,100,100
10:51:01,799,7.99,8,8537,27,100,100,99,100,99,100,100,100
10:51:03,799,7.99,8,8540,27,100,100,100,100,100,100,100,100
10:51:05,797,7.97,8,8512,27,100,100,100,100,100,100,100,100
10:51:07,799,7.99,8,8513,27,100,99,100,100,100,100,100,100
10:51:09,799,7.99,8,8512,27,100,100,100,100,100,100,99,100
10:51:11,798,7.98,8,8523,27,99,100,100,100,100,100,100,100
10:51:13,799,7.99,8,8520,27,100,100,100,100,100,100,100,100
10:51:15,799,7.99,8,8524,27,100,100,100,100,100,100,100,100
10:51:17,797,7.97,8,8534,27,100,100,100,100,99,99,100,100
10:51:19,800,8.00,8,8527,27,100,100,100,100,100,100,100,100
10:51:21,797,7.97,8,8527,27,100,100,100,100,100,100,100,100
10:51:23,799,7.99,8,8523,27,100,100,100,100,100,100,100,100
10:51:25,798,7.98,8,8518,27,99,100,100,100,99,100,100,100
10:51:27,800,8.00,8,8530,27,100,100,100,100,100,100,100,100
10:51:29,798,7.98,8,8533,27,99,100,100,100,100,100,100,100
10:51:31,798,7.98,8,8520,27,100,99,100,100,99,100,100,100
10:51:33,798,7.98,8,8526,27,100,100,99,100,100,100,100,99
10:51:35,798,7.98,8,8532,27,100,100,100,100,100,100,100,100
10:51:37,799,7.99,8,8543,27,100,100,100,100,100,100,100,100
10:51:39,799,7.99,8,8542,27,100,99,100,100,100,100,100,100
10:51:41,800,8.00,8,8533,27,100,100,100,100,100,100,100,100
10:51:43,798,7.98,8,8533,27,100,100,100,100,100,100,100,100
10:51:45,798,7.98,8,8536,27,100,100,100,100,100,100,100,99
10:51:47,799,7.99,8,8512,27,100,100,100,100,100,100,100,100
10:51:49,797,7.97,8,8543,27,99,100,100,99,100,100,100,100
10:51:51,799,7.99,8,8757,28,100,100,100,100,100,100,99,100
10:51:53,800,8.00,8,8527,27,100,100,100,100,100,100,100,100
10:51:55,797,7.97,8,8514,27,99,100,100,100,100,100,100,100
10:51:57,799,7.99,8,8525,27,100,100,100,100,100,100,100,99
10:51:59,798,7.98,8,8530,27,100,100,100,100,100,100,100,100
10:52:01,798,7.98,8,8523,27,100,100,100,100,100,100,100,100
10:52:03,800,8.00,8,8515,27,100,100,100,100,100,100,100,100
10:52:05,799,7.99,8,8514,27,100,100,100,100,100,100,100,100
10:52:07,797,7.97,8,8521,27,100,99,100,100,100,100,100,100
10:52:09,799,7.99,8,8528,27,100,100,100,100,100,100,100,100
10:52:11,800,8.00,8,8527,27,100,100,100,100,100,100,100,100
10:52:13,796,7.96,8,8532,27,100,100,98,100,100,99,100,100
10:52:15,799,7.99,8,8523,27,100,100,100,100,100,100,100,100
10:52:17,798,7.98,8,8530,27,100,100,99,100,100,100,100,100
10:52:19,798,7.98,8,8541,27,100,100,100,99,100,100,100,100
10:52:21,799,7.99,8,8541,27,100,100,100,100,100,100,100,100
10:52:23,799,7.99,8,8540,27,100,100,100,100,100,100,100,100
10:52:25,797,7.97,8,8522,27,100,100,100,100,100,100,100,99
10:52:27,800,8.00,8,8519,27,100,100,100,100,100,100,100,100
10:52:29,799,7.99,8,8526,27,100,100,100,100,100,100,100,100
10:52:31,799,7.99,8,8525,27,100,100,100,100,100,100,100,100
10:52:33,799,7.99,8,8518,27,100,100,100,100,100,100,100,100
10:52:35,798,7.98,8,8540,27,100,100,100,100,100,100,100,100
10:52:37,799,7.99,8,8519,27,100,100,100,100,100,100,100,100
10:52:39,798,7.98,8,8518,27,100,100,100,99,100,100,100,100
10:52:41,799,7.99,8,8523,27,99,100,100,99,100,100,100,100
10:52:43,798,7.98,8,8528,27,100,100,100,99,100,100,100,100
10:52:45,798,7.98,8,8512,27,100,100,100,100,100,100,100,100
10:52:47,800,8.00,8,8521,27,100,100,100,100,100,100,100,100
10:52:49,798,7.98,8,8518,27,100,100,100,100,100,100,100,100
10:52:51,798,7.98,8,8507,27,100,100,100,100,100,99,100,100
10:52:53,797,7.97,8,8542,27,100,99,100,100,100,99,100,100
10:52:55,799,7.99,8,8533,27,100,100,100,100,100,100,99,100
10:52:57,800,8.00,8,8544,27,100,100,100,100,100,100,100,100
10:52:59,799,7.99,8,8539,27,100,100,100,100,100,100,100,100
10:53:01,797,7.97,8,8538,27,100,100,100,100,100,100,100,100
10:53:03,799,7.99,8,8521,27,100,100,100,100,100,100,100,100
10:53:05,798,7.98,8,8528,27,100,100,100,100,100,100,100,100
10:53:07,799,7.99,8,8530,27,100,100,100,100,100,100,100,100
10:53:09,798,7.98,8,8540,27,99,100,100,100,100,100,100,100
10:53:11,799,7.99,8,8534,27,100,100,100,100,100,100,100,100
10:53:13,798,7.98,8,8546,27,100,100,100,100,100,100,100,100
10:53:15,799,7.99,8,8544,27,100,100,100,100,100,100,100,100
10:53:17,799,7.99,8,8548,27,100,100,100,100,100,100,100,100
10:53:19,799,7.99,8,8557,27,100,100,100,100,100,100,100,100
10:53:21,798,7.98,8,8559,27,100,100,100,100,100,100,100,100
10:53:23,799,7.99,8,8552,27,100,100,100,100,100,100,100,100
10:53:25,799,7.99,8,8551,27,100,100,100,100,100,100,100,100
10:53:27,798,7.98,8,8529,27,99,100,100,100,100,100,99,100
10:53:29,798,7.98,8,8532,27,100,100,100,100,100,100,100,100
10:53:31,799,7.99,8,8533,27,100,99,100,100,100,100,100,100
10:53:33,799,7.99,8,8548,27,100,100,100,100,100,100,100,99
10:53:35,797,7.97,8,8549,27,99,100,100,100,100,100,100,100
10:53:37,798,7.98,8,8537,27,99,100,100,100,100,100,100,100
10:53:39,799,7.99,8,8541,27,100,100,100,100,100,100,100,100
10:53:41,797,7.97,8,8546,27,99,100,100,100,100,100,99,100
10:53:43,798,7.98,8,8554,27,100,100,100,100,100,100,99,100
10:53:45,799,7.99,8,8548,27,100,100,100,100,100,100,100,100
10:53:47,798,7.98,8,8554,27,100,100,100,100,100,100,100,100
10:53:49,798,7.99,8,8562,27,100,100,100,100,100,100,100,100
10:53:51,798,7.98,8,8569,27,100,100,100,100,100,100,100,100
10:53:53,798,7.98,8,8573,27,100,100,99,100,100,100,100,100
10:53:55,798,7.98,8,8578,27,100,100,100,100,100,100,100,100
10:53:57,798,7.98,8,8800,28,100,100,100,100,100,100,100,99
10:53:59,799,7.99,8,8535,27,100,100,100,100,100,100,100,99
10:54:01,797,7.97,8,8534,27,100,100,100,99,99,100,100,100
10:54:03,799,7.99,8,8538,27,100,100,100,100,100,100,100,100
10:54:05,800,8.00,8,8542,27,100,100,100,100,100,100,100,100
10:54:07,798,7.98,8,8537,27,100,100,100,100,100,100,100,100
10:54:09,799,7.99,8,8544,27,100,100,100,100,100,100,100,100
10:54:11,799,7.99,8,8551,27,100,100,100,100,100,100,100,100
10:54:13,799,7.99,8,8552,27,100,100,100,100,100,99,100,100
10:54:15,800,8.00,8,8533,27,100,100,100,100,100,100,100,100
10:54:17,799,7.99,8,8535,27,100,100,100,100,100,100,100,100
10:54:19,799,7.99,8,8536,27,100,100,100,100,100,100,100,100
10:54:21,799,7.99,8,8555,27,100,100,100,100,100,100,100,100
10:54:23,798,7.98,8,8560,27,100,99,100,100,100,100,100,100
10:54:25,799,7.99,8,8546,27,100,100,100,100,100,100,100,100
10:54:27,799,7.99,8,8548,27,100,100,100,100,100,100,100,100
10:54:29,799,7.99,8,8554,27,100,100,100,100,100,100,100,100
10:54:31,798,7.98,8,8548,27,100,100,100,100,100,100,100,100
10:54:33,798,7.98,8,8553,27,100,100,100,100,100,99,100,100
10:54:35,798,7.98,8,8581,27,100,100,100,100,100,100,100,100
10:54:37,800,8.00,8,8549,27,100,100,100,100,100,100,100,100
10:54:39,799,7.99,8,8549,27,100,100,100,100,100,100,100,100
10:54:41,799,7.99,8,8548,27,100,100,100,100,100,100,100,100
10:54:43,799,7.99,8,8553,27,100,100,100,100,100,100,100,100
10:54:45,797,7.97,8,8555,27,100,100,99,100,100,100,99,100
10:54:47,799,7.99,8,8554,27,100,100,99,100,100,100,100,100
10:54:49,799,7.99,8,8556,27,100,100,100,100,100,100,100,100
10:54:51,798,7.98,8,8565,27,100,100,100,100,100,100,100,100
10:54:53,800,8.00,8,8573,27,100,100,100,100,100,100,100,100
10:54:55,799,7.99,8,8554,27,100,100,100,100,100,100,100,100
10:54:57,797,7.97,8,8550,27,100,100,100,100,100,100,100,100
10:54:59,798,7.98,8,8589,27,100,100,100,100,100,99,100,100
10:55:01,799,7.99,8,8565,27,99,100,100,100,100,100,100,100
10:55:03,799,7.99,8,8571,27,100,100,100,100,100,100,100,100
10:55:05,798,7.98,8,8573,27,100,100,100,100,100,100,100,100
10:55:07,799,7.99,8,8563,27,100,100,100,100,100,100,100,100
10:55:09,799,7.99,8,8564,27,100,100,100,100,100,100,100,100
10:55:11,799,7.99,8,8575,27,100,100,100,100,100,100,100,100
10:55:13,799,7.99,8,8577,27,100,100,100,100,100,100,100,100
10:55:15,799,7.99,8,8568,27,100,100,99,100,100,100,100,100
10:55:17,798,7.98,8,8545,27,100,100,100,100,100,100,100,100
10:55:19,798,7.98,8,8549,27,100,100,100,100,100,100,100,99
10:55:21,799,7.99,8,8541,27,100,100,99,100,100,100,100,100
10:55:23,798,7.98,8,8540,27,100,100,100,100,100,100,100,100
10:55:25,798,7.98,8,8538,27,100,100,100,100,100,100,99,100
10:55:27,799,7.99,8,8549,27,100,100,99,100,100,100,100,100
10:55:29,799,7.99,8,8541,27,100,100,100,100,100,100,100,100
10:55:31,799,7.99,8,8545,27,100,100,100,100,100,100,100,100
10:55:33,799,7.99,8,8538,27,100,100,100,100,100,100,100,100
10:55:35,798,7.98,8,8554,27,100,100,99,100,100,100,100,100
10:55:37,800,8.00,8,8536,27,100,100,100,100,100,100,100,100
10:55:39,798,7.98,8,8541,27,100,100,100,100,100,100,100,100
10:55:41,797,7.97,8,8547,27,100,99,100,99,100,100,100,100
10:55:43,799,7.99,8,8537,27,100,100,100,100,100,100,100,100
10:55:45,798,7.98,8,8543,27,100,100,100,100,100,100,100,100
10:55:47,799,7.99,8,8536,27,100,100,100,100,100,100,100,100
10:55:49,800,8.00,8,8536,27,100,100,100,100,100,100,100,100
10:55:51,798,7.98,8,8540,27,100,100,100,100,100,100,100,100
10:55:53,798,7.98,8,8537,27,100,100,100,100,100,100,100,100
10:55:55,797,7.97,8,8544,27,100,100,100,100,99,100,100,100
10:55:57,799,7.99,8,8535,27,100,100,100,100,100,100,100,100
10:55:59,799,7.99,8,8539,27,100,100,100,100,100,100,100,100
10:56:01,799,7.99,8,8549,27,100,100,100,100,100,100,100,100
10:56:03,799,7.99,8,8792,28,100,100,100,100,100,100,100,100
10:56:05,798,7.98,8,8549,27,99,100,100,100,100,100,100,100
10:56:07,799,7.99,8,8554,27,100,100,100,100,100,100,100,100
10:56:09,799,7.99,8,8555,27,100,100,100,100,100,100,100,100
10:56:11,798,7.98,8,8563,27,100,100,100,100,100,100,100,100
10:56:13,798,7.98,8,8557,27,100,100,100,100,100,100,99,100
10:56:15,800,8.00,8,8618,27,100,100,100,100,100,100,100,100
10:56:17,799,7.99,8,8550,27,100,100,100,100,100,100,99,100
10:56:19,797,7.97,8,8555,27,100,100,100,100,100,100,100,100
10:56:21,799,7.99,8,8544,27,100,100,100,100,100,100,100,100
10:56:23,798,7.98,8,8548,27,100,100,100,100,100,100,100,99
10:56:25,798,7.98,8,8553,27,99,100,100,100,100,100,100,100
10:56:27,799,7.99,8,8555,27,100,100,100,100,100,100,100,100
10:56:29,799,7.99,8,8540,27,100,100,100,100,100,100,100,100
10:56:31,798,7.98,8,8537,27,100,100,100,100,100,100,100,100
10:56:33,799,7.99,8,8544,27,100,100,100,100,100,100,100,100
10:56:35,799,7.99,8,8568,27,100,100,100,100,100,100,100,100
10:56:37,798,7.98,8,8536,27,100,100,100,100,100,100,100,100
10:56:39,799,7.99,8,8540,27,100,100,100,100,100,100,100,100
10:56:41,798,7.98,8,8548,27,100,100,100,100,100,100,100,100
10:56:43,799,7.99,8,8561,27,100,100,100,100,100,100,100,100
10:56:45,798,7.98,8,8555,27,100,100,100,100,100,99,100,100
10:56:47,798,7.98,8,8556,27,100,100,100,100,99,100,100,99
10:56:49,799,7.99,8,8547,27,100,100,100,100,100,100,100,100
10:56:51,800,8.00,8,8547,27,100,100,100,100,100,100,100,100
10:56:53,798,7.98,8,8554,27,100,100,100,100,100,100,100,100
10:56:55,797,7.97,8,8548,27,100,99,100,100,100,100,100,99
10:56:57,800,8.00,8,8544,27,100,100,100,100,100,100,100,100
10:56:59,799,7.99,8,8553,27,100,100,100,100,100,99,100,100
10:57:01,800,8.00,8,8556,27,100,100,100,100,100,100,100,100
10:57:03,799,7.99,8,8565,27,100,100,100,100,100,100,100,100
10:57:05,797,7.97,8,8612,27,100,99,100,100,100,100,100,100
10:57:07,800,8.00,8,8564,27,100,100,100,100,100,100,100,100
10:57:09,798,7.98,8,8575,27,100,100,100,100,100,100,100,100
10:57:11,798,7.98,8,8557,27,100,100,100,99,100,100,100,100
10:57:13,798,7.98,8,8560,27,99,100,100,100,100,100,100,100
10:57:15,798,7.98,8,8566,27,100,100,100,100,100,100,100,99
10:57:17,799,7.99,8,8565,27,100,100,100,100,100,100,100,100
10:57:19,799,7.99,8,8573,27,100,100,100,100,100,100,100,100
10:57:21,798,7.99,8,8554,27,100,100,100,100,100,100,100,100
10:57:23,799,7.99,8,8554,27,100,100,100,100,100,100,100,100
10:57:25,798,7.98,8,8556,27,100,100,100,100,100,100,100,100
10:57:27,799,7.99,8,8562,27,100,100,100,100,100,100,100,100
10:57:29,798,7.98,8,8564,27,100,100,100,100,100,100,99,99
10:57:31,799,7.99,8,8551,27,100,100,100,100,100,100,100,100
10:57:33,798,7.99,8,8545,27,100,100,100,100,100,99,100,100
10:57:35,798,7.98,8,8554,27,100,100,100,100,100,100,100,100
10:57:37,799,7.99,8,8552,27,100,100,100,100,100,100,100,100
10:57:39,798,7.98,8,8573,27,100,100,100,100,100,100,100,100
10:57:41,799,7.99,8,8564,27,100,100,100,100,100,100,100,100
10:57:43,799,7.99,8,8560,27,100,100,100,100,100,100,100,100
10:57:45,800,8.00,8,8556,27,100,100,100,100,100,100,100,100
10:57:47,798,7.98,8,8549,27,100,100,100,100,100,100,100,100
10:57:49,800,8.00,8,8550,27,100,100,100,100,100,100,100,100
10:57:51,798,7.98,8,8552,27,100,100,100,100,100,100,100,100
10:57:53,799,7.99,8,8547,27,100,100,100,100,100,100,100,100
10:57:55,798,7.98,8,8548,27,100,100,100,99,100,100,100,100
10:57:57,799,7.99,8,8548,27,100,100,100,100,100,100,100,100
10:57:59,799,7.99,8,8555,27,100,100,99,100,100,100,100,100
10:58:01,799,7.99,8,8565,27,100,100,100,100,100,100,100,100
10:58:03,799,7.99,8,8563,27,100,100,100,100,100,100,100,100
10:58:05,799,7.99,8,8554,27,100,100,100,100,100,100,100,100
10:58:07,798,7.98,8,8581,27,100,100,100,100,100,100,99,100
10:58:09,800,8.00,8,8822,28,100,100,100,100,100,100,100,100
10:58:11,797,7.97,8,8552,27,100,100,99,99,100,100,100,100
10:58:13,799,7.99,8,8553,27,100,100,100,100,100,100,100,100
10:58:15,799,7.99,8,8548,27,100,100,100,100,100,100,100,100
10:58:17,798,7.98,8,8560,27,100,100,100,100,100,99,100,100
10:58:19,799,7.99,8,8547,27,100,100,100,100,100,100,100,100
10:58:21,798,7.98,8,8557,27,100,100,100,100,100,100,100,100
10:58:23,798,7.98,8,8554,27,100,100,100,100,100,99,100,100
10:58:25,799,7.99,8,8562,27,100,100,100,100,100,100,100,100
10:58:27,799,7.99,8,8563,27,100,100,100,100,100,100,100,100
10:58:29,798,7.98,8,8563,27,100,99,100,100,100,100,100,100
10:58:31,798,7.98,8,8564,27,100,100,100,99,100,100,100,100
10:58:33,798,7.98,8,8565,27,100,100,100,100,100,100,100,99
10:58:35,799,7.99,8,8593,27,100,100,100,100,100,100,100,100
10:58:37,799,7.99,8,8558,27,100,100,100,100,100,100,100,100
10:58:39,800,8.00,8,8551,27,100,100,100,100,100,100,100,100
10:58:41,798,7.98,8,8563,27,100,100,100,100,99,100,100,100
10:58:43,799,7.99,8,8556,27,100,100,100,100,100,100,100,100
10:58:45,799,7.99,8,8561,27,100,100,100,100,100,100,100,100
10:58:47,799,7.99,8,8567,27,100,100,100,100,100,100,100,100
10:58:49,799,7.99,8,8559,27,100,100,100,100,100,100,100,100
10:58:51,799,7.99,8,8564,27,100,100,100,99,100,100,100,100
10:58:53,797,7.97,8,8575,27,99,99,100,100,100,99,100,100
10:58:55,797,7.97,8,8566,27,100,99,100,100,100,100,100,100
10:58:57,798,7.98,8,8563,27,100,100,100,100,100,100,100,100
10:58:59,800,8.00,8,8562,27,100,100,100,100,100,100,100,100
10:59:01,799,7.99,8,8567,27,100,100,100,99,100,100,100,100
10:59:03,799,7.99,8,8575,27,100,100,100,100,100,100,99,100
10:59:05,797,7.97,8,8563,27,100,100,100,99,100,100,100,99
10:59:07,799,7.99,8,8558,27,100,100,100,100,100,100,100,100
10:59:09,799,7.99,8,8562,27,100,100,100,100,100,100,100,100
10:59:11,798,7.98,8,8654,28,100,100,100,100,100,100,100,100
10:59:13,800,8.00,8,8565,27,100,100,100,100,100,100,100,100
10:59:15,798,7.98,8,8570,27,100,100,100,100,100,100,100,99
10:59:17,799,7.99,8,8573,27,100,100,100,100,100,99,100,100
10:59:19,799,7.99,8,8567,27,100,100,100,100,100,100,100,100
10:59:21,799,7.99,8,8569,27,100,100,100,100,100,100,100,100
10:59:23,799,7.99,8,8558,27,100,100,100,100,100,100,100,100
10:59:25,797,7.97,8,8565,27,100,100,100,100,100,100,100,100
10:59:27,799,7.99,8,8565,27,100,100,100,100,100,100,100,100
10:59:29,798,7.98,8,8583,27,100,100,100,100,100,99,100,100
10:59:31,799,7.99,8,8559,27,100,100,100,100,100,100,100,100
10:59:34,799,7.99,8,8565,27,100,100,100,100,100,100,100,100
10:59:36,797,7.97,8,8577,27,100,100,100,100,100,99,100,100
10:59:38,799,7.99,8,8568,27,100,100,100,100,100,100,100,100
10:59:40,798,7.98,8,8556,27,100,100,100,100,100,100,100,100
10:59:42,798,7.98,8,8560,27,100,99,100,100,100,100,100,100
10:59:44,799,7.99,8,8556,27,100,100,100,100,100,100,100,100
10:59:46,797,7.97,8,8548,27,100,99,100,100,100,100,100,100
10:59:48,799,7.99,8,8553,27,100,100,100,99,100,100,100,100
10:59:50,798,7.98,8,8562,27,100,100,100,100,100,100,100,100
10:59:52,800,8.00,8,8550,27,100,100,100,100,100,100,100,100
10:59:54,799,7.99,8,8558,27,100,100,100,100,100,100,100,100
10:59:56,798,7.98,8,8563,27,100,100,100,100,100,100,100,100
10:59:58,798,7.98,8,8555,27,100,100,100,100,100,99,100,100
11:00:00,798,7.98,8,8563,27,99,100,100,100,100,100,100,99
11:00:02,800,8.00,8,8550,27,100,100,100,100,100,100,100,100
11:00:04,798,7.99,8,8558,27,100,100,100,100,100,100,100,99
11:00:06,799,7.99,8,8566,27,100,100,100,100,100,100,100,100
11:00:08,798,7.98,8,8565,27,100,100,100,100,100,100,100,100
11:00:10,799,7.99,8,8576,27,100,100,100,100,100,100,100,100
11:00:12,798,7.98,8,8576,27,100,100,100,100,100,100,100,100
11:00:14,798,7.98,8,8604,27,99,100,100,100,99,100,100,100
11:00:16,799,7.99,8,8813,28,100,100,100,100,100,100,100,100
11:00:18,800,8.00,8,8571,27,100,100,100,100,100,100,100,100
11:00:20,799,7.99,8,8580,27,100,100,100,100,100,100,100,100
11:00:22,797,7.97,8,8563,27,100,100,99,100,99,99,100,100
11:00:24,799,7.99,8,8564,27,100,100,100,100,100,100,100,100
11:00:26,799,7.99,8,8562,27,100,100,100,100,100,100,100,100
11:00:28,799,7.99,8,8557,27,100,100,100,100,100,100,100,100
11:00:30,799,7.99,8,8553,27,100,100,100,100,100,100,100,100
11:00:32,800,8.00,8,8558,27,100,100,100,100,100,100,100,100
11:00:34,798,7.98,8,8556,27,100,100,99,100,100,100,100,100
11:00:36,798,7.98,8,8584,27,100,100,100,100,100,100,100,100
11:00:38,799,7.99,8,8573,27,100,100,100,100,100,99,100,100
11:00:40,798,7.98,8,8577,27,100,100,100,100,100,100,100,100
11:00:42,799,7.99,8,8538,27,100,100,100,100,100,100,100,100
11:00:44,798,7.98,8,8549,27,100,100,100,100,100,100,100,100
11:00:46,799,7.99,8,8558,27,100,100,100,100,100,100,100,100
11:00:48,799,7.99,8,8550,27,100,100,100,100,100,100,100,100
11:00:50,798,7.98,8,8554,27,100,100,100,100,100,100,100,100
11:00:52,798,7.98,8,8545,27,100,100,100,99,100,100,100,100
11:00:54,799,7.99,8,8545,27,100,100,100,100,100,100,100,100
11:00:56,798,7.98,8,8541,27,100,100,100,100,100,100,100,100
11:00:58,799,7.99,8,8554,27,100,100,99,100,100,100,100,100
11:01:00,798,7.98,8,8550,27,100,100,99,100,100,100,100,100
11:01:02,799,7.99,8,8547,27,100,100,100,100,100,100,100,100
11:01:04,799,7.99,8,8551,27,100,100,100,100,100,100,100,99
11:01:06,799,7.99,8,8557,27,100,100,100,100,100,100,100,100
11:01:08,798,7.98,8,8550,27,100,100,100,99,100,100,100,100
11:01:10,798,7.98,8,8554,27,100,100,99,100,100,100,100,100
11:01:12,798,7.98,8,8564,27,100,99,100,100,100,100,100,100
11:01:14,799,7.99,8,8557,27,100,100,100,100,100,100,100,100
11:01:16,799,7.99,8,8558,27,100,100,100,100,100,100,100,100
11:01:18,799,7.99,8,8598,27,100,100,100,100,100,100,100,100
11:01:20,798,7.98,8,8560,27,100,100,100,100,100,100,100,100
11:01:22,798,7.98,8,8565,27,100,100,100,100,99,100,99,100
11:01:24,798,7.98,8,8572,27,100,100,100,100,100,100,100,100
11:01:26,799,7.99,8,8573,27,100,100,100,100,100,100,100,100
11:01:28,798,7.98,8,8566,27,100,100,100,100,100,100,100,100
11:01:30,799,7.99,8,8565,27,100,100,100,100,100,100,100,100
11:01:32,798,7.98,8,8560,27,99,100,100,100,100,100,100,100
11:01:34,799,7.99,8,8555,27,100,100,100,100,100,100,100,100
11:01:36,799,7.99,8,8567,27,100,100,100,100,100,100,100,100
11:01:38,798,7.98,8,8558,27,100,100,100,100,100,99,100,100
11:01:40,799,7.99,8,8558,27,100,100,100,100,100,100,100,100
11:01:42,799,7.99,8,8558,27,100,100,100,100,100,100,100,100
11:01:44,799,7.99,8,8562,27,100,100,100,100,100,100,100,100
11:01:46,798,7.98,8,8557,27,99,100,100,100,100,100,100,100
11:01:48,798,7.98,8,8561,27,100,99,100,100,100,100,100,100
11:01:50,797,7.97,8,8552,27,100,99,100,100,100,100,100,100
11:01:52,800,8.00,8,8559,27,100,100,100,100,100,100,100,100
11:01:54,798,7.98,8,8551,27,100,100,100,100,100,100,100,100
11:01:56,798,7.99,8,8553,27,100,100,100,100,100,100,100,99
11:01:58,796,7.96,8,8551,27,100,100,99,100,99,100,100,99
11:02:00,798,7.98,8,8549,27,99,100,100,100,100,100,100,100
11:02:02,797,7.97,8,8566,27,100,100,100,100,100,100,99,100
11:02:04,798,7.98,8,8556,27,100,100,100,100,99,100,100,99
11:02:06,799,7.99,8,8554,27,100,100,100,100,100,100,100,100
11:02:08,800,8.00,8,8555,27,100,100,100,100,100,100,100,100
11:02:10,799,7.99,8,8568,27,100,100,100,100,100,100,100,100
11:02:12,798,7.99,8,8573,27,100,100,100,100,100,100,100,100
11:02:14,799,7.99,8,8556,27,100,100,100,100,100,100,100,100
11:02:16,798,7.98,8,8552,27,100,100,100,100,99,100,100,100
11:02:18,797,7.97,8,8553,27,99,99,100,100,100,100,100,100
11:02:20,799,7.99,8,8560,27,99,100,100,100,100,100,100,100
11:02:22,799,7.99,8,8704,28,100,100,100,100,100,100,100,100
11:02:24,799,7.99,8,8553,27,100,100,100,100,100,100,100,100
11:02:26,798,7.99,8,8548,27,100,100,100,100,100,100,100,100
11:02:28,798,7.98,8,8554,27,100,100,100,99,100,100,100,100
11:02:30,800,8.00,8,8558,27,100,100,100,100,100,100,100,100
11:02:32,799,7.99,8,8561,27,100,100,100,100,100,100,100,100
11:02:34,800,8.00,8,8558,27,100,100,100,100,100,100,100,100
11:02:36,799,7.99,8,8581,27,100,100,100,100,100,100,100,100
11:02:38,797,7.97,8,8567,27,100,100,100,100,100,100,100,100
11:02:40,800,8.00,8,8557,27,100,100,100,100,100,100,100,100
11:02:42,797,7.97,8,8560,27,99,100,100,100,100,100,100,100
11:02:44,799,7.99,8,8564,27,100,100,100,100,100,100,100,100
11:02:46,800,8.00,8,8566,27,100,100,100,100,100,100,100,100
11:02:48,796,7.96,8,8568,27,100,100,100,99,100,100,100,99
11:02:50,799,7.99,8,8556,27,100,100,100,100,99,100,100,100
11:02:52,799,7.99,8,8564,27,100,100,100,100,100,100,100,100
11:02:54,800,8.00,8,8567,27,100,100,100,100,100,100,100,100
11:02:56,797,7.97,8,8562,27,100,100,100,99,99,100,100,100
11:02:58,797,7.97,8,8554,27,100,99,100,100,100,99,100,100
11:03:00,800,8.00,8,8559,27,100,100,100,100,100,100,100,100
11:03:02,799,7.99,8,8562,27,100,100,100,100,100,100,100,99
11:03:04,798,7.98,8,8561,27,100,100,100,100,100,100,100,100
11:03:06,798,7.98,8,8556,27,100,100,100,100,100,100,100,99
11:03:08,799,7.99,8,8559,27,100,99,100,100,100,100,100,100
11:03:10,798,7.98,8,8561,27,100,99,100,100,100,100,100,100
11:03:12,799,7.99,8,8556,27,100,99,100,100,100,100,100,100
11:03:14,797,7.97,8,8562,27,100,100,100,100,100,100,100,100
11:03:16,799,7.99,8,8569,27,100,100,100,100,99,100,100,100
11:03:18,798,7.98,8,8573,27,100,100,100,100,99,100,100,100
11:03:20,797,7.97,8,8565,27,100,100,100,100,100,100,100,100
11:03:22,799,7.99,8,8557,27,100,100,100,100,100,100,100,100
11:03:24,798,7.98,8,8597,27,100,100,99,100,100,100,100,99
11:03:26,799,7.99,8,8574,27,100,100,100,100,100,100,100,100
11:03:28,799,7.99,8,8577,27,100,100,100,100,100,100,100,100
11:03:30,799,7.99,8,8572,27,100,100,100,100,100,100,100,100
11:03:32,798,7.98,8,8573,27,100,100,100,100,100,100,100,100
11:03:34,800,8.00,8,8575,27,100,100,100,100,100,100,100,100
11:03:36,798,7.98,8,8569,27,100,100,100,100,100,100,100,100
11:03:38,798,7.98,8,8567,27,100,100,100,100,100,100,100,99
11:03:40,799,7.99,8,8578,27,100,100,100,100,100,100,100,100
11:03:42,798,7.99,8,8575,27,100,100,100,100,100,100,99,100
11:03:44,797,7.97,8,8577,27,99,100,100,100,100,100,99,100
11:03:46,799,7.99,8,8579,27,100,100,100,100,99,100,100,100
11:03:48,799,7.99,8,8571,27,100,100,100,100,100,100,100,100
11:03:50,800,8.00,8,8577,27,100,100,100,100,100,100,100,100
11:03:52,798,7.98,8,8576,27,100,100,100,100,100,100,100,100
11:03:54,800,8.00,8,8575,27,100,100,100,100,100,100,100,100
11:03:56,799,7.99,8,8581,27,100,100,100,100,100,100,100,100
11:03:58,798,7.99,8,8562,27,100,100,100,100,100,100,100,100
11:04:00,798,7.98,8,8564,27,99,100,100,100,100,100,100,100
11:04:02,799,7.99,8,8583,27,100,100,100,100,100,100,100,100
11:04:04,799,7.99,8,8583,27,100,100,100,100,100,100,100,100
11:04:06,798,7.98,8,8574,27,100,100,100,100,99,100,100,100
11:04:08,799,7.99,8,8577,27,100,100,100,100,100,100,100,100
11:04:10,798,7.98,8,8581,27,100,100,100,100,100,100,100,100
11:04:12,799,7.99,8,8584,27,100,100,100,100,100,100,100,100
11:04:14,798,7.98,8,8574,27,100,100,100,100,99,100,100,100
11:04:16,800,8.00,8,8571,27,100,100,100,100,100,100,100,100
11:04:18,798,7.98,8,8564,27,100,100,100,100,100,100,100,100
11:04:20,799,7.99,8,8574,27,100,100,100,100,100,100,100,100
11:04:22,798,7.98,8,8576,27,100,100,99,100,100,100,100,100
11:04:24,798,7.98,8,8581,27,100,99,100,100,100,100,100,100
11:04:26,798,7.98,8,8596,27,99,100,100,100,100,100,100,100
11:04:28,798,7.98,8,8823,28,100,100,100,100,100,100,100,100
11:04:30,800,8.00,8,8587,27,100,100,100,100,100,100,100,100
11:04:32,799,7.99,8,8570,27,100,100,100,100,99,100,100,100
11:04:34,799,7.99,8,8577,27,100,100,100,100,100,100,100,100
11:04:36,797,7.97,8,8588,27,100,100,100,99,100,100,100,100
11:04:38,799,7.99,8,8567,27,100,99,100,100,100,100,100,100
11:04:40,800,8.00,8,8570,27,100,100,100,100,100,100,100,100
11:04:42,798,7.98,8,8571,27,100,100,100,100,100,100,100,100
11:04:44,799,7.99,8,8567,27,100,100,100,100,100,100,100,100
11:04:46,799,7.99,8,8566,27,100,100,100,100,100,100,100,100
11:04:48,798,7.98,8,8573,27,100,100,99,100,100,100,100,100
11:04:50,799,7.99,8,8571,27,100,100,100,100,100,100,100,100
11:04:52,800,8.00,8,8570,27,100,100,100,100,100,100,100,100
11:04:54,798,7.98,8,8553,27,100,99,100,100,100,100,100,100
11:04:56,799,7.99,8,8547,27,100,100,100,100,100,100,100,100
11:04:58,799,7.99,8,8558,27,100,100,100,100,100,100,100,100
11:05:00,799,7.99,8,8548,27,100,100,100,100,100,100,100,100
11:05:02,798,7.98,8,8550,27,100,100,100,100,100,100,100,99
11:05:04,798,7.98,8,8562,27,100,100,100,100,100,100,100,99
11:05:06,799,7.99,8,8564,27,100,99,100,100,100,100,100,99
11:05:08,798,7.98,8,8554,27,100,100,100,100,100,100,100,99
11:05:10,799,7.99,8,8559,27,100,100,100,100,100,100,100,100
11:05:12,799,7.99,8,8567,27,100,100,100,100,100,100,100,100
11:05:14,800,8.00,8,8570,27,100,100,100,100,100,100,100,100
11:05:16,798,7.98,8,8558,27,100,100,100,100,100,100,100,100
11:05:18,799,7.99,8,8555,27,100,100,100,100,99,100,100,100
11:05:20,797,7.97,8,8558,27,99,100,100,100,100,100,100,100
11:05:22,798,7.98,8,8554,27,100,100,100,100,99,100,100,100
11:05:24,799,7.99,8,8545,27,100,100,100,100,100,100,100,100
11:05:26,798,7.98,8,8546,27,100,100,100,100,99,100,100,100
11:05:28,799,7.99,8,8548,27,99,100,100,100,100,100,100,100
11:05:30,797,7.97,8,8617,27,100,100,99,100,99,100,100,100
11:05:32,800,8.00,8,8559,27,100,100,100,100,100,100,100,100
11:05:34,799,7.99,8,8572,27,100,100,100,100,100,100,100,100
11:05:36,797,7.97,8,8581,27,100,100,100,100,99,100,100,100
11:05:38,799,7.99,8,8557,27,100,100,100,100,100,100,100,100
11:05:40,799,7.99,8,8563,27,100,100,100,100,100,100,100,100
11:05:42,799,7.99,8,8569,27,100,100,100,100,100,100,100,100
11:05:44,799,7.99,8,8573,27,100,100,100,99,100,100,100,100
11:05:46,799,7.99,8,8578,27,100,100,100,100,100,100,100,100
11:05:48,798,7.98,8,8567,27,100,100,100,100,100,100,100,100
11:05:50,799,7.99,8,8569,27,100,100,100,100,100,100,100,100
11:05:52,797,7.97,8,8565,27,99,100,100,100,100,100,100,100
11:05:54,800,8.00,8,8555,27,100,100,100,100,100,100,100,100
11:05:56,798,7.98,8,8565,27,100,100,100,100,100,100,100,100
11:05:58,800,8.00,8,8557,27,100,100,100,100,100,100,100,100
11:06:00,800,8.00,8,8563,27,100,100,100,100,100,100,100,100
11:06:02,798,7.98,8,8559,27,100,100,100,100,100,100,99,100
11:06:04,798,7.98,8,8559,27,100,100,100,100,100,100,100,100
11:06:06,799,7.99,8,8557,27,100,100,100,100,99,100,100,100
11:06:08,799,7.99,8,8555,27,100,100,100,100,100,100,100,100
11:06:10,798,7.98,8,8564,27,100,100,99,100,100,100,100,100
11:06:12,800,8.00,8,8560,27,100,100,100,100,100,100,100,100
11:06:14,799,7.99,8,8562,27,100,100,100,100,100,100,100,100
11:06:16,799,7.99,8,8547,27,100,100,100,100,100,100,100,100
11:06:18,797,7.97,8,8548,27,100,100,100,100,100,100,100,100
11:06:20,799,7.99,8,8547,27,100,100,100,100,99,100,100,100
11:06:22,799,7.99,8,8560,27,100,100,100,100,100,100,100,100
11:06:24,797,7.97,8,8551,27,100,100,100,100,99,100,100,99
11:06:26,799,7.99,8,8559,27,100,100,100,100,100,100,100,100
11:06:28,799,7.99,8,8560,27,100,100,100,100,100,100,100,100
11:06:30,798,7.98,8,8573,27,100,100,100,100,100,99,100,100
11:06:32,798,7.98,8,8590,27,100,100,100,100,100,99,100,100
11:06:34,800,8.00,8,8804,28,100,100,100,100,100,100,100,100
11:06:36,799,7.99,8,8601,27,100,100,99,100,100,100,100,100
11:06:38,799,7.99,8,8575,27,100,99,100,100,100,100,100,100
11:06:40,800,8.00,8,8576,27,100,100,100,100,100,100,100,100
11:06:42,797,7.97,8,8575,27,100,100,100,99,100,100,100,100
11:06:44,799,7.99,8,8579,27,100,100,100,100,100,100,100,100
11:06:46,799,7.99,8,8578,27,100,100,100,100,100,100,100,100
11:06:48,799,7.99,8,8577,27,100,100,100,100,100,99,100,100
11:06:50,800,8.00,8,8586,27,100,100,100,100,100,100,100,100
11:06:52,797,7.97,8,8576,27,100,100,100,99,100,99,100,100
11:06:54,799,7.99,8,8563,27,100,100,100,100,99,100,100,100
11:06:56,799,7.99,8,8569,27,100,100,100,100,100,100,100,100
11:06:58,798,7.98,8,8577,27,100,100,100,100,100,99,100,100
11:07:00,798,7.98,8,8582,27,100,100,100,100,100,100,100,100
11:07:02,798,7.98,8,8577,27,100,100,100,100,100,100,100,100
11:07:04,799,7.99,8,8576,27,100,100,100,100,100,100,100,100
11:07:06,798,7.98,8,8568,27,100,100,100,100,100,100,100,100
11:07:08,799,7.99,8,8571,27,100,100,100,100,100,100,100,100
11:07:10,798,7.98,8,8575,27,99,100,100,100,100,100,100,100
11:07:12,799,7.99,8,8574,27,100,100,100,100,100,100,100,100
11:07:14,800,8.00,8,8572,27,100,100,100,100,100,100,100,100
11:07:16,799,7.99,8,8566,27,100,100,100,100,100,100,100,100
11:07:18,798,7.98,8,8583,27,100,100,100,100,100,100,100,100
11:07:20,799,7.99,8,8587,27,100,100,100,100,100,100,100,100
11:07:22,798,7.98,8,8581,27,100,100,100,100,99,100,100,99
11:07:24,799,7.99,8,8578,27,100,100,100,100,100,100,100,100
11:07:26,798,7.98,8,8588,27,100,100,100,100,100,100,100,100
11:07:28,799,7.99,8,8588,27,100,100,100,100,100,100,100,100
11:07:30,800,8.00,8,8583,27,100,100,100,100,100,100,100,100
11:07:32,797,7.97,8,8582,27,100,100,100,100,100,100,100,100
11:07:34,800,8.00,8,8569,27,100,100,100,100,100,100,100,100
11:07:36,796,7.96,8,8537,27,100,100,100,99,99,99,100,99
11:07:38,799,7.99,8,8553,27,100,100,100,100,100,100,100,100
11:07:40,800,8.00,8,8556,27,100,100,100,100,100,100,100,100
11:07:42,800,8.00,8,8559,27,100,100,100,100,100,100,100,100
11:07:44,800,8.00,8,8565,27,100,100,100,100,100,100,100,100
11:07:46,797,7.97,8,8562,27,100,100,100,99,100,100,100,100
11:07:48,798,7.98,8,8564,27,100,100,100,100,100,100,100,100
11:07:50,800,8.00,8,8561,27,100,100,100,100,100,100,100,100
11:07:52,799,7.99,8,8571,27,100,100,100,100,100,100,100,100
11:07:54,800,8.00,8,8562,27,100,100,100,100,100,100,100,100
11:07:56,797,7.97,8,8562,27,100,100,100,100,100,100,99,100
11:07:58,800,8.00,8,8558,27,100,100,100,100,100,100,100,100
11:08:00,800,8.00,8,8546,27,100,100,100,100,100,100,100,100
11:08:02,797,7.97,8,8550,27,100,100,100,100,100,100,100,100
11:08:04,800,8.00,8,8558,27,100,100,100,100,100,100,100,100
11:08:06,800,8.00,8,8549,27,100,100,100,100,100,100,100,100
11:08:08,800,8.00,8,8559,27,100,100,100,100,100,100,100,100
11:08:10,800,8.00,8,8562,27,100,100,100,100,100,100,100,100
11:08:12,799,7.99,8,8562,27,100,100,100,100,100,100,100,99
11:08:14,800,8.00,8,8563,27,100,100,100,100,100,100,100,100
11:08:16,799,7.99,8,8562,27,100,100,100,100,100,100,100,100
11:08:18,800,8.00,8,8539,27,100,100,100,100,100,100,100,100
11:08:20,799,7.99,8,8549,27,100,100,100,100,100,100,100,100
11:08:22,800,8.00,8,8551,27,100,100,100,100,100,100,100,100
11:08:24,799,7.99,8,8552,27,100,100,100,100,100,100,100,100
11:08:26,799,7.99,8,8544,27,100,100,100,100,100,100,100,100
11:08:28,800,8.00,8,8538,27,100,100,100,100,100,100,100,100
11:08:30,799,7.99,8,8537,27,100,100,100,100,100,100,100,100
11:08:32,800,8.00,8,8539,27,100,100,100,100,100,100,100,100
11:08:34,799,7.99,8,8549,27,100,100,100,100,100,100,100,100
11:08:36,799,7.99,8,8550,27,100,100,100,100,100,100,100,100
11:08:38,800,8.00,8,8544,27,100,100,100,100,100,100,100,100
11:08:40,799,7.99,8,8549,27,100,100,100,100,100,100,100,100
11:08:42,800,8.00,8,8546,27,100,100,100,100,100,100,100,100
11:08:44,799,7.99,8,8550,27,100,100,100,100,100,100,100,100
11:08:46,800,8.00,8,8547,27,100,100,100,100,100,100,100,100
11:08:48,800,8.00,8,8553,27,100,100,100,100,100,100,100,100
11:08:50,798,7.98,8,8546,27,100,99,100,100,100,100,100,100
11:08:52,800,8.00,8,8541,27,100,100,100,100,100,100,100,100
11:08:54,799,7.99,8,8550,27,100,100,100,100,100,100,100,100
11:08:56,800,8.00,8,8552,27,100,100,100,100,100,100,100,100
11:08:58,799,7.99,8,8546,27,100,100,100,99,100,100,100,100
11:09:00,799,7.99,8,8543,27,100,100,100,100,100,100,100,100
11:09:02,794,7.94,8,8545,27,100,99,100,100,99,99,100,99
11:09:04,438,4.38,2,8570,27,38,42,47,87,42,44,100,37
11:09:06,800,8.00,8,8575,27,100,100,100,100,100,100,100,100
11:09:08,800,8.00,8,8573,27,100,100,100,100,100,100,100,100
11:09:10,797,7.97,8,8564,27,100,100,99,100,100,100,100,100
11:09:12,799,7.99,8,8569,27,100,100,100,100,100,100,100,100
11:09:14,800,8.00,8,8575,27,100,100,100,100,100,100,100,100
11:09:16,797,7.97,8,8582,27,100,100,100,100,100,100,100,100
11:09:18,799,7.99,8,8586,27,100,100,100,100,100,100,100,100
11:09:20,800,8.00,8,8582,27,100,100,100,100,100,100,100,100
11:09:22,799,7.99,8,8585,27,100,100,100,100,100,100,100,100
11:09:24,799,7.99,8,8596,27,100,100,100,100,100,100,100,100
11:09:26,799,7.99,8,8584,27,100,100,100,100,100,100,100,100
11:09:28,800,8.00,8,8585,27,100,100,100,100,100,100,100,100
11:09:30,798,7.99,8,8586,27,100,100,100,100,100,100,100,100
11:09:32,800,8.00,8,8495,27,100,100,100,100,100,100,100,100
11:09:34,798,7.98,8,8487,27,100,100,100,100,99,100,100,100
11:09:36,800,8.00,8,8485,27,100,100,100,100,100,100,100,100
11:09:38,799,7.99,8,8477,27,100,100,100,100,100,100,100,100
11:09:40,800,8.00,8,8493,27,100,100,100,100,100,100,100,100
11:09:42,798,7.98,8,8638,28,100,100,100,100,100,100,100,100
11:09:44,800,8.00,8,8492,27,100,100,100,100,100,100,100,100
11:09:46,800,8.00,8,8472,27,100,100,100,100,100,100,100,100
11:09:48,798,7.98,8,8471,27,100,100,100,100,100,100,100,100
11:09:50,799,7.99,8,8477,27,100,100,100,100,100,100,100,100
11:09:52,800,8.00,8,8470,27,100,100,100,100,100,100,100,100
11:09:54,798,7.98,8,8463,27,100,99,100,100,100,100,100,99
11:09:56,800,8.00,8,8455,27,100,100,100,100,100,100,100,100
11:09:58,799,7.99,8,8457,27,100,100,100,100,100,100,100,100
11:10:00,798,7.98,8,8468,27,100,100,100,99,100,100,100,100
11:10:02,800,8.00,8,8449,27,100,100,100,100,100,100,100,100
11:10:04,800,8.00,8,8464,27,100,100,100,100,100,100,100,100
11:10:06,800,8.00,8,8462,27,100,100,100,100,100,100,100,100
11:10:08,798,7.99,8,8465,27,100,100,99,100,100,100,100,100
11:10:10,799,7.99,8,8453,27,100,100,100,100,100,100,100,100
11:10:12,800,8.00,8,8466,27,100,100,100,100,100,100,100,100
11:10:14,799,7.99,8,8469,27,100,100,100,100,100,100,100,100
11:10:16,800,8.00,8,8471,27,100,100,100,100,100,100,100,100
11:10:18,800,8.00,8,8467,27,100,100,100,100,100,100,100,100
11:10:20,800,8.00,8,8482,27,100,100,100,100,100,100,100,100
11:10:22,800,8.00,8,8471,27,100,100,100,100,100,100,100,100
11:10:24,799,7.99,8,8470,27,100,100,100,100,100,100,100,100
11:10:26,799,7.99,8,8476,27,100,100,99,100,100,100,100,100
11:10:28,799,7.99,8,8484,27,100,99,100,100,100,100,100,100
11:10:30,799,7.99,8,8488,27,100,100,100,100,100,100,100,100
11:10:32,800,8.00,8,8476,27,100,100,100,100,100,100,100,100
11:10:34,800,8.00,8,8476,27,100,100,100,100,100,100,100,100
11:10:36,798,7.98,8,8471,27,100,100,100,100,100,99,100,100
11:10:38,800,8.00,8,8475,27,100,100,100,100,100,100,100,100
11:10:40,800,8.00,8,8476,27,100,100,100,100,100,100,100,100
11:10:42,800,8.00,8,8468,27,100,100,100,100,100,100,100,100
11:10:44,800,8.00,8,8560,27,100,100,100,100,100,100,100,100
11:10:46,798,7.98,8,8479,27,100,100,100,100,100,100,100,100
11:10:48,800,8.00,8,8486,27,100,100,100,100,100,100,100,100
11:10:50,800,8.00,8,8492,27,100,100,100,100,100,100,100,100
11:10:52,799,7.99,8,8471,27,100,100,100,100,100,100,100,100
11:10:54,800,8.00,8,8466,27,100,100,100,100,100,100,100,100
11:10:56,797,7.97,8,8464,27,100,99,100,100,100,100,100,100
11:10:58,800,8.00,8,8462,27,100,100,100,100,100,100,100,100
11:11:00,800,8.00,8,8462,27,100,100,100,100,100,100,100,100
11:11:02,798,7.98,8,8461,27,100,100,100,100,100,100,100,100
11:11:04,800,8.00,8,8464,27,100,100,100,100,100,100,100,100
11:11:06,800,8.00,8,8468,27,100,100,100,100,100,100,100,100
11:11:08,800,8.00,8,8459,27,100,100,100,100,100,100,100,100
11:11:10,800,8.00,8,8464,27,100,100,100,100,100,100,100,100
11:11:12,798,7.98,8,8468,27,100,100,100,100,100,100,100,100
11:11:14,800,8.00,8,8475,27,100,100,100,100,100,100,100,100
11:11:16,799,7.99,8,8475,27,100,100,100,100,100,100,100,99
11:11:18,800,8.00,8,8472,27,100,100,100,100,100,100,100,100
11:11:20,800,8.00,8,8473,27,100,100,100,100,100,100,100,100
11:11:22,800,8.00,8,8455,27,100,100,100,100,100,100,100,100
11:11:24,799,7.99,8,8469,27,100,100,100,100,99,100,100,100
11:11:26,798,7.98,8,8471,27,100,100,99,100,100,100,100,100
11:11:28,798,7.98,8,8474,27,100,100,100,100,100,100,100,100
11:11:30,799,7.99,8,8475,27,100,100,100,100,100,100,100,100
11:11:32,800,8.00,8,8473,27,100,100,100,100,100,100,100,100
11:11:34,799,7.99,8,8411,27,100,100,100,100,100,100,100,100
11:11:36,800,8.00,8,8420,27,100,100,100,100,100,100,100,100
11:11:38,799,7.99,8,8396,27,100,100,100,100,100,100,100,100
11:11:40,799,7.99,8,8396,27,100,100,100,100,100,100,100,100
11:11:42,800,8.00,8,8417,27,100,100,100,100,100,100,100,100
11:11:44,799,7.99,8,8403,27,100,100,100,100,100,100,100,100
11:11:46,799,7.99,8,8415,27,100,100,100,100,100,100,100,100
11:11:48,798,7.98,8,8425,27,100,100,100,100,100,100,100,100
11:11:50,800,8.00,8,8412,27,100,100,100,100,100,100,100,100
11:11:52,799,7.99,8,8400,27,100,100,100,100,100,100,100,100
11:11:54,800,8.00,8,8399,27,100,100,100,100,100,100,100,100
11:11:56,800,8.00,8,8398,27,100,100,100,100,100,100,100,100
11:11:58,800,8.00,8,8398,27,100,100,100,100,100,100,100,100
11:12:00,799,7.99,8,8406,27,100,100,100,100,100,100,100,100
11:12:02,800,8.00,8,8408,27,100,100,100,100,100,100,100,100
11:12:04,799,7.99,8,8396,27,100,100,100,100,100,100,100,100
11:12:06,800,8.00,8,8397,27,100,100,100,100,100,100,100,100
11:12:08,799,7.99,8,8408,27,100,100,100,100,100,100,100,100
11:12:10,799,7.99,8,8395,27,100,100,100,100,100,100,100,100
11:12:12,799,7.99,8,8405,27,100,100,99,100,100,100,100,100
11:12:14,800,8.00,8,8397,27,100,100,100,100,100,100,100,100
11:12:16,799,7.99,8,8409,27,100,100,100,100,100,100,100,100
11:12:18,798,7.99,8,8408,27,100,100,100,100,99,100,100,100
11:12:20,799,7.99,8,8402,27,100,100,100,100,100,100,100,100
11:12:22,800,8.00,8,8401,27,100,100,100,100,100,100,100,100
11:12:24,799,7.99,8,8415,27,100,100,100,100,100,100,100,100
11:12:26,799,7.99,8,8412,27,100,100,100,100,100,100,100,100
11:12:28,799,7.99,8,8410,27,100,100,100,100,100,100,100,100
11:12:30,800,8.00,8,8411,27,100,100,100,100,100,100,100,100
11:12:32,800,8.00,8,8406,27,100,100,100,100,100,100,100,100
11:12:34,800,8.00,8,8405,27,100,100,100,100,100,100,100,100
11:12:36,798,7.99,8,8415,27,99,100,100,100,100,100,100,100
11:12:38,799,7.99,8,8414,27,100,99,100,100,100,100,100,100
11:12:40,798,7.98,8,8415,27,100,100,100,100,100,100,100,100
11:12:42,800,8.00,8,8415,27,100,100,100,100,100,100,100,100
11:12:44,799,7.99,8,8415,27,100,100,100,100,100,100,100,100
11:12:46,800,8.00,8,8395,27,100,100,100,100,100,100,100,100
11:12:48,797,7.97,8,8403,27,100,100,100,100,100,100,100,100
11:12:50,800,8.00,8,8405,27,100,100,100,100,100,100,100,100
11:12:52,800,8.00,8,8396,27,100,100,100,100,100,100,100,100
11:12:54,800,8.00,8,8396,27,100,100,100,100,100,100,100,100
11:12:56,799,7.99,8,8404,27,100,100,100,100,100,100,100,100
11:12:58,800,8.00,8,8406,27,100,100,100,100,100,100,100,100
11:13:00,800,8.00,8,8411,27,100,100,100,100,100,100,100,100
11:13:02,799,7.99,8,8406,27,100,100,100,100,100,100,100,100
11:13:04,800,8.00,8,8395,27,100,100,100,100,100,100,100,100
11:13:06,798,7.98,8,8399,27,100,100,100,100,100,100,100,100
11:13:08,800,8.00,8,8397,27,100,100,100,100,100,100,100,100
11:13:10,798,7.98,8,8394,27,100,100,100,100,100,100,100,100
11:13:12,800,8.00,8,8420,27,100,100,100,100,100,100,100,100
11:13:14,800,8.00,8,8416,27,100,100,100,100,100,100,100,100
11:13:16,799,7.99,8,8406,27,100,100,100,100,100,100,100,100
11:13:18,800,8.00,8,8409,27,100,100,100,100,100,100,100,100
11:13:20,800,8.00,8,8413,27,100,100,100,100,100,100,100,100
11:13:22,800,8.00,8,8412,27,100,100,100,100,100,100,100,100
11:13:24,800,8.00,8,8407,27,100,100,100,100,100,100,100,100
11:13:26,800,8.00,8,8407,27,100,100,100,100,100,100,100,100
11:13:28,799,7.99,8,8392,27,100,99,100,100,100,100,100,100
11:13:30,800,8.00,8,8393,27,100,100,100,100,100,100,100,100
11:13:32,798,7.98,8,8408,27,100,100,100,100,100,100,100,99
