nohup: ignoring input
>> host monitor: 8 cores, interval=2.0s, duration=7200.0s
>> time      cpu_total%  (of 800)  cores_busy  ram_used_mb  ram%
>> 09:25:58      315   ( 3.1 cores)    0/8         7123      23%
>> 09:26:00      319   ( 3.2 cores)    0/8         7121      23%
>> 09:26:02      316   ( 3.2 cores)    0/8         7132      23%
>> 09:26:04      314   ( 3.1 cores)    0/8         7121      23%
>> 09:26:06      313   ( 3.1 cores)    0/8         7129      23%
>> 09:26:08      311   ( 3.1 cores)    0/8         7138      23%
>> 09:26:10      321   ( 3.2 cores)    0/8         7123      23%
>> 09:26:12      317   ( 3.2 cores)    0/8         7129      23%
>> 09:26:14      383   ( 3.8 cores)    0/8         7130      23%
>> 09:26:16      370   ( 3.7 cores)    0/8         7162      23%
>> 09:26:18      396   ( 4.0 cores)    0/8         7123      23%
>> 09:26:20      319   ( 3.2 cores)    0/8         7119      23%
>> 09:26:22      304   ( 3.0 cores)    0/8         7139      23%
>> 09:26:24      311   ( 3.1 cores)    0/8         7117      23%
>> 09:26:26      319   ( 3.2 cores)    0/8         7141      23%
>> 09:26:28      312   ( 3.1 cores)    0/8         7150      23%
>> 09:26:30      311   ( 3.1 cores)    0/8         7110      23%
>> 09:26:32      308   ( 3.1 cores)    0/8         7119      23%
>> 09:26:34      328   ( 3.3 cores)    0/8         7134      23%
>> 09:26:36      342   ( 3.4 cores)    0/8         7111      23%
>> 09:26:38      310   ( 3.1 cores)    0/8         7146      23%
>> 09:26:40      332   ( 3.3 cores)    0/8         7120      23%
>> 09:26:42      311   ( 3.1 cores)    1/8         7118      23%
>> 09:26:44      307   ( 3.1 cores)    0/8         7128      23%
>> 09:26:46      324   ( 3.2 cores)    0/8         7123      23%
>> 09:26:48      310   ( 3.1 cores)    0/8         7138      23%
>> 09:26:50      323   ( 3.2 cores)    1/8         7109      23%
>> 09:26:52      329   ( 3.3 cores)    0/8         7120      23%
>> 09:26:54      317   ( 3.2 cores)    0/8         7130      23%
>> 09:26:56      321   ( 3.2 cores)    0/8         7107      23%
>> 09:26:58      316   ( 3.2 cores)    0/8         7108      23%
>> 09:27:00      314   ( 3.1 cores)    0/8         7102      23%
>> 09:27:02      325   ( 3.2 cores)    1/8         7102      23%
>> 09:27:04      307   ( 3.1 cores)    0/8         7115      23%
>> 09:27:06      325   ( 3.3 cores)    0/8         7115      23%
>> 09:27:08      316   ( 3.2 cores)    0/8         7115      23%
>> 09:27:10      336   ( 3.4 cores)    0/8         7119      23%
>> 09:27:12      300   ( 3.0 cores)    1/8         7126      23%
>> 09:27:14      308   ( 3.1 cores)    0/8         7124      23%
>> 09:27:16      339   ( 3.4 cores)    0/8         7111      23%
>> 09:27:18      347   ( 3.5 cores)    0/8         7128      23%
>> 09:27:20      419   ( 4.2 cores)    1/8         7127      23%
>> 09:27:22      310   ( 3.1 cores)    0/8         7128      23%
>> 09:27:24      308   ( 3.1 cores)    0/8         7122      23%
>> 09:27:26      316   ( 3.2 cores)    1/8         7111      23%
>> 09:27:28      317   ( 3.2 cores)    0/8         7107      23%
>> 09:27:30      316   ( 3.2 cores)    0/8         7125      23%
>> 09:27:32      308   ( 3.1 cores)    0/8         7125      23%
>> 09:27:34      307   ( 3.1 cores)    0/8         7118      23%
>> 09:27:36      373   ( 3.7 cores)    0/8         7109      23%
>> 09:27:38      301   ( 3.0 cores)    0/8         7109      23%
>> 09:27:40      325   ( 3.2 cores)    0/8         7111      23%
>> 09:27:42      308   ( 3.1 cores)    0/8         7113      23%
>> 09:27:44      301   ( 3.0 cores)    1/8         7120      23%
>> 09:27:46      319   ( 3.2 cores)    0/8         7101      23%
>> 09:27:48      301   ( 3.0 cores)    0/8         7100      23%
>> 09:27:50      317   ( 3.2 cores)    0/8         7113      23%
>> 09:27:52      322   ( 3.2 cores)    0/8         7109      23%
>> 09:27:54      308   ( 3.1 cores)    0/8         7109      23%
>> 09:27:56      322   ( 3.2 cores)    0/8         7107      23%
>> 09:27:58      346   ( 3.5 cores)    1/8         7110      23%
>> 09:28:00      320   ( 3.2 cores)    0/8         7116      23%
>> 09:28:02      314   ( 3.1 cores)    0/8         7116      23%
>> 09:28:04      305   ( 3.1 cores)    0/8         7121      23%
>> 09:28:06      308   ( 3.1 cores)    1/8         7121      23%
>> 09:28:08      317   ( 3.2 cores)    0/8         7140      23%
>> 09:28:10      329   ( 3.3 cores)    0/8         7125      23%
>> 09:28:12      320   ( 3.2 cores)    0/8         7122      23%
>> 09:28:14      313   ( 3.1 cores)    0/8         7126      23%
>> 09:28:16      317   ( 3.2 cores)    1/8         7122      23%
>> 09:28:18      323   ( 3.2 cores)    0/8         7122      23%
>> 09:28:20      321   ( 3.2 cores)    1/8         7137      23%
>> 09:28:22      438   ( 4.4 cores)    2/8         7443      24%
>> 09:28:24      325   ( 3.2 cores)    0/8         7130      23%
>> 09:28:26      366   ( 3.7 cores)    0/8         7125      23%
>> 09:28:28      331   ( 3.3 cores)    1/8         7133      23%
>> 09:28:31      305   ( 3.1 cores)    0/8         7143      23%
>> 09:28:33      313   ( 3.1 cores)    0/8         7133      23%
>> 09:28:35      305   ( 3.0 cores)    1/8         7141      23%
>> 09:28:37      335   ( 3.3 cores)    0/8         7110      23%
>> 09:28:39      330   ( 3.3 cores)    0/8         7127      23%
>> 09:28:41      317   ( 3.2 cores)    0/8         7130      23%
>> 09:28:43      310   ( 3.1 cores)    0/8         7129      23%
>> 09:28:45      309   ( 3.1 cores)    0/8         7131      23%
>> 09:28:47      314   ( 3.1 cores)    0/8         7136      23%
>> 09:28:49      316   ( 3.2 cores)    0/8         7128      23%
>> 09:28:51      304   ( 3.0 cores)    0/8         7130      23%
>> 09:28:53      317   ( 3.2 cores)    0/8         7123      23%
>> 09:28:55      307   ( 3.1 cores)    0/8         7137      23%
>> 09:28:57      319   ( 3.2 cores)    0/8         7136      23%
>> 09:28:59      328   ( 3.3 cores)    0/8         7142      23%
>> 09:29:01      323   ( 3.2 cores)    0/8         7147      23%
>> 09:29:03      312   ( 3.1 cores)    0/8         7113      23%
>> 09:29:05      311   ( 3.1 cores)    0/8         7115      23%
>> 09:29:07      310   ( 3.1 cores)    0/8         7137      23%
>> 09:29:09      321   ( 3.2 cores)    1/8         7106      23%
>> 09:29:11      316   ( 3.2 cores)    1/8         7114      23%
>> 09:29:13      316   ( 3.2 cores)    0/8         7123      23%
>> 09:29:15      304   ( 3.0 cores)    0/8         7132      23%
>> 09:29:17      318   ( 3.2 cores)    1/8         7121      23%
>> 09:29:19      339   ( 3.4 cores)    0/8         7112      23%
>> 09:29:21      308   ( 3.1 cores)    0/8         7117      23%
>> 09:29:23      312   ( 3.1 cores)    1/8         7118      23%
>> 09:29:25      412   ( 4.1 cores)    0/8         7392      24%
>> 09:29:27      355   ( 3.6 cores)    0/8         7128      23%
>> 09:29:29      314   ( 3.1 cores)    0/8         7111      23%
>> 09:29:31      313   ( 3.1 cores)    1/8         7113      23%
>> 09:29:33      310   ( 3.1 cores)    0/8         7122      23%
>> 09:29:35      306   ( 3.1 cores)    1/8         7122      23%
>> 09:29:37      352   ( 3.5 cores)    0/8         7131      23%
>> 09:29:39      312   ( 3.1 cores)    0/8         7129      23%
>> 09:29:41      322   ( 3.2 cores)    0/8         7131      23%
>> 09:29:43      315   ( 3.2 cores)    0/8         7111      23%
>> 09:29:45      311   ( 3.1 cores)    0/8         7109      23%
>> 09:29:47      308   ( 3.1 cores)    0/8         7116      23%
>> 09:29:49      326   ( 3.3 cores)    0/8         7100      23%
>> 09:29:51      316   ( 3.2 cores)    1/8         7107      23%
>> 09:29:53      308   ( 3.1 cores)    0/8         7116      23%
>> 09:29:55      302   ( 3.0 cores)    0/8         7127      23%
>> 09:29:57      315   ( 3.1 cores)    1/8         7138      23%
>> 09:29:59      316   ( 3.2 cores)    0/8         7130      23%
>> 09:30:01      305   ( 3.1 cores)    0/8         7137      23%
>> 09:30:03      320   ( 3.2 cores)    0/8         7117      23%
>> 09:30:05      304   ( 3.0 cores)    1/8         7126      23%
>> 09:30:07      359   ( 3.6 cores)    0/8         7125      23%
>> 09:30:09      364   ( 3.6 cores)    0/8         7129      23%
>> 09:30:11      320   ( 3.2 cores)    0/8         7139      23%
>> 09:30:13      305   ( 3.0 cores)    0/8         7143      23%
>> 09:30:15      324   ( 3.2 cores)    1/8         7126      23%
>> 09:30:17      307   ( 3.1 cores)    0/8         7126      23%
>> 09:30:19      338   ( 3.4 cores)    1/8         7129      23%
>> 09:30:21      308   ( 3.1 cores)    0/8         7139      23%
>> 09:30:23      310   ( 3.1 cores)    0/8         7140      23%
>> 09:30:25      318   ( 3.2 cores)    1/8         7128      23%
>> 09:30:27      402   ( 4.0 cores)    0/8         7334      23%
>> 09:30:29      375   ( 3.7 cores)    0/8         7121      23%
>> 09:30:31      302   ( 3.0 cores)    0/8         7131      23%
>> 09:30:33      308   ( 3.1 cores)    0/8         7138      23%
>> 09:30:35      313   ( 3.1 cores)    0/8         7150      23%
>> 09:30:37      327   ( 3.3 cores)    1/8         7119      23%
>> 09:30:39      317   ( 3.2 cores)    0/8         7098      23%
>> 09:30:41      314   ( 3.1 cores)    1/8         7132      23%
>> 09:30:43      308   ( 3.1 cores)    1/8         7123      23%
>> 09:30:45      346   ( 3.5 cores)    0/8         7111      23%
>> 09:30:47      312   ( 3.1 cores)    0/8         7128      23%
>> 09:30:49      317   ( 3.2 cores)    0/8         7128      23%
>> 09:30:51      301   ( 3.0 cores)    0/8         7136      23%
>> 09:30:53      314   ( 3.1 cores)    0/8         7152      23%
>> 09:30:55      309   ( 3.1 cores)    0/8         7126      23%
>> 09:30:57      314   ( 3.1 cores)    1/8         7127      23%
>> 09:30:59      314   ( 3.1 cores)    0/8         7105      23%
>> 09:31:01      306   ( 3.1 cores)    1/8         7095      23%
>> 09:31:03      308   ( 3.1 cores)    0/8         7105      23%
>> 09:31:05      324   ( 3.2 cores)    0/8         7110      23%
>> 09:31:07      304   ( 3.0 cores)    1/8         7110      23%
>> 09:31:09      321   ( 3.2 cores)    0/8         7114      23%
>> 09:31:11      324   ( 3.2 cores)    0/8         7112      23%
>> 09:31:13      317   ( 3.2 cores)    0/8         7110      23%
>> 09:31:15      312   ( 3.1 cores)    1/8         7134      23%
>> 09:31:17      314   ( 3.1 cores)    0/8         7136      23%
>> 09:31:19      314   ( 3.1 cores)    0/8         7113      23%
>> 09:31:21      302   ( 3.0 cores)    0/8         7111      23%
>> 09:31:23      310   ( 3.1 cores)    0/8         7115      23%
>> 09:31:25      309   ( 3.1 cores)    0/8         7114      23%
>> 09:31:27      306   ( 3.1 cores)    1/8         7115      23%
>> 09:31:29      407   ( 4.1 cores)    1/8         7207      23%
>> 09:31:31      401   ( 4.0 cores)    1/8         7132      23%
>> 09:31:33      311   ( 3.1 cores)    0/8         7135      23%
>> 09:31:35      316   ( 3.2 cores)    1/8         7130      23%
>> 09:31:37      328   ( 3.3 cores)    1/8         7129      23%
>> 09:31:39      307   ( 3.1 cores)    0/8         7132      23%
>> 09:31:41      320   ( 3.2 cores)    0/8         7122      23%
>> 09:31:43      315   ( 3.2 cores)    0/8         7124      23%
>> 09:31:45      312   ( 3.1 cores)    1/8         7128      23%
>> 09:31:47      321   ( 3.2 cores)    0/8         7135      23%
>> 09:31:49      304   ( 3.0 cores)    0/8         7136      23%
>> 09:31:51      321   ( 3.2 cores)    1/8         7112      23%
>> 09:31:53      316   ( 3.2 cores)    1/8         7117      23%
>> 09:31:55      306   ( 3.1 cores)    0/8         7124      23%
>> 09:31:57      306   ( 3.1 cores)    0/8         7132      23%
>> 09:31:59      331   ( 3.3 cores)    0/8         7140      23%
>> 09:32:01      322   ( 3.2 cores)    0/8         7127      23%
>> 09:32:03      308   ( 3.1 cores)    0/8         7131      23%
>> 09:32:05      315   ( 3.2 cores)    0/8         7132      23%
>> 09:32:07      301   ( 3.0 cores)    0/8         7133      23%
>> 09:32:09      343   ( 3.4 cores)    0/8         7140      23%
>> 09:32:11      315   ( 3.2 cores)    0/8         7141      23%
>> 09:32:13      330   ( 3.3 cores)    0/8         7172      23%
>> 09:32:15      377   ( 3.8 cores)    1/8         7114      23%
>> 09:32:17      306   ( 3.1 cores)    0/8         7126      23%
>> 09:32:19      307   ( 3.1 cores)    0/8         7140      23%
>> 09:32:21      316   ( 3.2 cores)    0/8         7131      23%
>> 09:32:23      313   ( 3.1 cores)    0/8         7141      23%
>> 09:32:25      308   ( 3.1 cores)    0/8         7116      23%
>> 09:32:27      312   ( 3.1 cores)    0/8         7129      23%
>> 09:32:29      357   ( 3.6 cores)    0/8         7155      23%
>> 09:32:31      385   ( 3.9 cores)    0/8         7132      23%
>> 09:32:33      403   ( 4.0 cores)    2/8         7136      23%
>> 09:32:35      322   ( 3.2 cores)    0/8         7131      23%
>> 09:32:37      322   ( 3.2 cores)    1/8         7122      23%
>> 09:32:39      297   ( 3.0 cores)    0/8         7130      23%
>> 09:32:41      315   ( 3.1 cores)    0/8         7116      23%
>> 09:32:43      321   ( 3.2 cores)    0/8         7129      23%
>> 09:32:45      317   ( 3.2 cores)    0/8         7141      23%
>> 09:32:47      377   ( 3.8 cores)    0/8         7144      23%
>> 09:32:49      298   ( 3.0 cores)    0/8         7143      23%
>> 09:32:51      315   ( 3.1 cores)    0/8         7135      23%
>> 09:32:53      309   ( 3.1 cores)    0/8         7135      23%
>> 09:32:55      305   ( 3.0 cores)    0/8         7158      23%
>> 09:32:57      309   ( 3.1 cores)    1/8         7128      23%
>> 09:32:59      327   ( 3.3 cores)    0/8         7127      23%
>> 09:33:01      315   ( 3.2 cores)    1/8         7127      23%
>> 09:33:03      297   ( 3.0 cores)    1/8         7132      23%
>> 09:33:05      317   ( 3.2 cores)    1/8         7141      23%
>> 09:33:07      306   ( 3.1 cores)    0/8         7144      23%
>> 09:33:09      312   ( 3.1 cores)    1/8         7143      23%
>> 09:33:11      330   ( 3.3 cores)    0/8         7119      23%
>> 09:33:13      321   ( 3.2 cores)    1/8         7126      23%
>> 09:33:15      303   ( 3.0 cores)    1/8         7125      23%
>> 09:33:17      313   ( 3.1 cores)    0/8         7143      23%
>> 09:33:19      305   ( 3.1 cores)    0/8         7146      23%
>> 09:33:21      316   ( 3.2 cores)    1/8         7119      23%
>> 09:33:23      309   ( 3.1 cores)    0/8         7118      23%
>> 09:33:25      309   ( 3.1 cores)    0/8         7127      23%
>> 09:33:27      330   ( 3.3 cores)    0/8         7119      23%
>> 09:33:29      304   ( 3.0 cores)    0/8         7127      23%
>> 09:33:31      323   ( 3.2 cores)    0/8         7120      23%
>> 09:33:33      337   ( 3.4 cores)    1/8         7125      23%
>> 09:33:35      415   ( 4.2 cores)    1/8         7243      23%
>> 09:33:37      334   ( 3.3 cores)    1/8         7125      23%
>> 09:33:39      329   ( 3.3 cores)    0/8         7137      23%
>> 09:33:41      354   ( 3.5 cores)    0/8         7112      23%
>> 09:33:43      323   ( 3.2 cores)    1/8         7113      23%
>> 09:33:45      323   ( 3.2 cores)    0/8         7133      23%
>> 09:33:47      321   ( 3.2 cores)    0/8         7133      23%
>> 09:33:49      304   ( 3.0 cores)    0/8         7143      23%
>> 09:33:51      333   ( 3.3 cores)    0/8         7131      23%
>> 09:33:53      310   ( 3.1 cores)    0/8         7131      23%
>> 09:33:55      309   ( 3.1 cores)    1/8         7139      23%
>> 09:33:57      305   ( 3.1 cores)    0/8         7136      23%
>> 09:33:59      312   ( 3.1 cores)    0/8         7141      23%
>> 09:34:01      327   ( 3.3 cores)    0/8         7136      23%
>> 09:34:03      303   ( 3.0 cores)    1/8         7140      23%
>> 09:34:05      302   ( 3.0 cores)    0/8         7152      23%
>> 09:34:07      309   ( 3.1 cores)    0/8         7138      23%
>> 09:34:09      322   ( 3.2 cores)    1/8         7143      23%
>> 09:34:11      307   ( 3.1 cores)    1/8         7151      23%
>> 09:34:13      339   ( 3.4 cores)    0/8         7151      23%
>> 09:34:15      308   ( 3.1 cores)    0/8         7160      23%
>> 09:34:17      319   ( 3.2 cores)    1/8         7138      23%
>> 09:34:19      305   ( 3.1 cores)    0/8         7145      23%
>> 09:34:21      307   ( 3.1 cores)    0/8         7143      23%
>> 09:34:23      393   ( 3.9 cores)    0/8         7138      23%
>> 09:34:25      314   ( 3.1 cores)    0/8         7158      23%
>> 09:34:27      317   ( 3.2 cores)    0/8         7148      23%
>> 09:34:29      317   ( 3.2 cores)    0/8         7148      23%
>> 09:34:31      313   ( 3.1 cores)    1/8         7148      23%
>> 09:34:33      387   ( 3.9 cores)    1/8         7136      23%
>> 09:34:35      312   ( 3.1 cores)    1/8         7142      23%
>> 09:34:37      456   ( 4.6 cores)    2/8         7418      24%
>> 09:34:39      340   ( 3.4 cores)    0/8         7139      23%
>> 09:34:41      307   ( 3.1 cores)    0/8         7147      23%
>> 09:34:43      334   ( 3.3 cores)    0/8         7141      23%
>> 09:34:45      307   ( 3.1 cores)    1/8         7147      23%
>> 09:34:47      304   ( 3.0 cores)    0/8         7139      23%
>> 09:34:49      310   ( 3.1 cores)    1/8         7145      23%
>> 09:34:51      310   ( 3.1 cores)    1/8         7154      23%
>> 09:34:53      317   ( 3.2 cores)    0/8         7132      23%
>> 09:34:55      312   ( 3.1 cores)    0/8         7144      23%
>> 09:34:57      311   ( 3.1 cores)    1/8         7123      23%
>> 09:34:59      304   ( 3.0 cores)    1/8         7133      23%
>> 09:35:01      306   ( 3.1 cores)    1/8         7133      23%
>> 09:35:03      336   ( 3.4 cores)    1/8         7150      23%
>> 09:35:05      297   ( 3.0 cores)    0/8         7145      23%
>> 09:35:07      313   ( 3.1 cores)    0/8         7126      23%
>> 09:35:09      347   ( 3.5 cores)    1/8         7128      23%
>> 09:35:11      314   ( 3.1 cores)    1/8         7138      23%
>> 09:35:13      326   ( 3.3 cores)    0/8         7130      23%
>> 09:35:15      312   ( 3.1 cores)    0/8         7138      23%
>> 09:35:17      319   ( 3.2 cores)    0/8         7136      23%
>> 09:35:19      314   ( 3.1 cores)    1/8         7137      23%
>> 09:35:21      309   ( 3.1 cores)    1/8         7134      23%
>> 09:35:23      313   ( 3.1 cores)    0/8         7145      23%
>> 09:35:25      310   ( 3.1 cores)    0/8         7143      23%
>> 09:35:27      310   ( 3.1 cores)    0/8         7147      23%
>> 09:35:29      312   ( 3.1 cores)    0/8         7132      23%
>> 09:35:31      309   ( 3.1 cores)    0/8         7142      23%
>> 09:35:33      321   ( 3.2 cores)    1/8         7129      23%
>> 09:35:35      308   ( 3.1 cores)    0/8         7134      23%
>> 09:35:37      334   ( 3.3 cores)    0/8         7131      23%
>> 09:35:39      413   ( 4.1 cores)    1/8         7343      23%
>> 09:35:41      356   ( 3.6 cores)    0/8         7142      23%
>> 09:35:43      350   ( 3.5 cores)    1/8         7145      23%
>> 09:35:45      313   ( 3.1 cores)    0/8         7146      23%
>> 09:35:47      315   ( 3.2 cores)    1/8         7150      23%
>> 09:35:49      313   ( 3.1 cores)    0/8         7140      23%
>> 09:35:51      309   ( 3.1 cores)    0/8         7145      23%
>> 09:35:53      320   ( 3.2 cores)    1/8         7125      23%
>> 09:35:55      300   ( 3.0 cores)    1/8         7126      23%
>> 09:35:57      304   ( 3.0 cores)    1/8         7135      23%
>> 09:35:59      321   ( 3.2 cores)    0/8         7138      23%
>> 09:36:01      338   ( 3.4 cores)    0/8         7143      23%
>> 09:36:03      323   ( 3.2 cores)    0/8         7129      23%
>> 09:36:05      305   ( 3.0 cores)    0/8         7142      23%
>> 09:36:07      299   ( 3.0 cores)    1/8         7141      23%
>> 09:36:09      313   ( 3.1 cores)    1/8         7142      23%
>> 09:36:11      308   ( 3.1 cores)    0/8         7153      23%
>> 09:36:13      321   ( 3.2 cores)    1/8         7140      23%
>> 09:36:15      319   ( 3.2 cores)    1/8         7139      23%
>> 09:36:17      307   ( 3.1 cores)    0/8         7152      23%
>> 09:36:19      315   ( 3.1 cores)    0/8         7147      23%
>> 09:36:21      311   ( 3.1 cores)    1/8         7157      23%
>> 09:36:23      317   ( 3.2 cores)    1/8         7137      23%
>> 09:36:25      321   ( 3.2 cores)    1/8         7148      23%
>> 09:36:27      330   ( 3.3 cores)    0/8         7152      23%
>> 09:36:29      347   ( 3.5 cores)    0/8         7135      23%
>> 09:36:31      317   ( 3.2 cores)    0/8         7152      23%
>> 09:36:33      320   ( 3.2 cores)    0/8         7128      23%
>> 09:36:35      304   ( 3.0 cores)    0/8         7152      23%
>> 09:36:37      329   ( 3.3 cores)    0/8         7137      23%
>> 09:36:39      312   ( 3.1 cores)    0/8         7120      23%
>> 09:36:41      386   ( 3.9 cores)    0/8         7261      23%
>> 09:36:43      382   ( 3.8 cores)    0/8         7154      23%
>> 09:36:45      333   ( 3.3 cores)    1/8         7143      23%
>> 09:36:47      324   ( 3.2 cores)    0/8         7154      23%
>> 09:36:49      308   ( 3.1 cores)    1/8         7140      23%
>> 09:36:51      316   ( 3.2 cores)    1/8         7134      23%
>> 09:36:53      326   ( 3.3 cores)    0/8         7158      23%
>> 09:36:55      314   ( 3.1 cores)    0/8         7151      23%
>> 09:36:57      307   ( 3.1 cores)    0/8         7162      23%
>> 09:36:59      314   ( 3.1 cores)    0/8         7137      23%
>> 09:37:01      317   ( 3.2 cores)    0/8         7148      23%
>> 09:37:03      311   ( 3.1 cores)    0/8         7154      23%
>> 09:37:05      323   ( 3.2 cores)    0/8         7123      23%
>> 09:37:07      300   ( 3.0 cores)    0/8         7141      23%
>> 09:37:09      319   ( 3.2 cores)    0/8         7138      23%
>> 09:37:11      313   ( 3.1 cores)    0/8         7141      23%
>> 09:37:13      298   ( 3.0 cores)    0/8         7147      23%
>> 09:37:15      367   ( 3.7 cores)    0/8         7126      23%
>> 09:37:17      312   ( 3.1 cores)    0/8         7137      23%
>> 09:37:19      315   ( 3.1 cores)    1/8         7137      23%
>> 09:37:21      310   ( 3.1 cores)    0/8         7137      23%
>> 09:37:23      309   ( 3.1 cores)    0/8         7137      23%
>> 09:37:25      317   ( 3.2 cores)    0/8         7133      23%
>> 09:37:27      320   ( 3.2 cores)    0/8         7130      23%
>> 09:37:29      313   ( 3.1 cores)    0/8         7135      23%
>> 09:37:31      308   ( 3.1 cores)    1/8         7138      23%
>> 09:37:33      304   ( 3.0 cores)    0/8         7144      23%
>> 09:37:35      320   ( 3.2 cores)    1/8         7146      23%
>> 09:37:37      329   ( 3.3 cores)    0/8         7133      23%
>> 09:37:39      354   ( 3.5 cores)    1/8         7121      23%
>> 09:37:41      309   ( 3.1 cores)    0/8         7128      23%
>> 09:37:43      372   ( 3.7 cores)    0/8         7158      23%
>> 09:37:45      418   ( 4.2 cores)    2/8         7150      23%
>> 09:37:47      305   ( 3.0 cores)    0/8         7151      23%
>> 09:37:49      307   ( 3.1 cores)    0/8         7146      23%
>> 09:37:51      307   ( 3.1 cores)    1/8         7142      23%
>> 09:37:53      304   ( 3.0 cores)    0/8         7149      23%
>> 09:37:55      310   ( 3.1 cores)    1/8         7131      23%
>> 09:37:57      313   ( 3.1 cores)    0/8         7148      23%
>> 09:37:59      303   ( 3.0 cores)    0/8         7149      23%
>> 09:38:01      310   ( 3.1 cores)    0/8         7139      23%
>> 09:38:03      309   ( 3.1 cores)    0/8         7154      23%
>> 09:38:05      321   ( 3.2 cores)    1/8         7144      23%
>> 09:38:07      306   ( 3.1 cores)    0/8         7146      23%
>> 09:38:09      305   ( 3.0 cores)    0/8         7152      23%
>> 09:38:11      309   ( 3.1 cores)    0/8         7152      23%
>> 09:38:13      311   ( 3.1 cores)    0/8         7196      23%
>> 09:38:15      391   ( 3.9 cores)    1/8         7135      23%
>> 09:38:17      304   ( 3.0 cores)    1/8         7144      23%
>> 09:38:19      304   ( 3.0 cores)    0/8         7162      23%
>> 09:38:21      318   ( 3.2 cores)    0/8         7168      23%
>> 09:38:23      302   ( 3.0 cores)    1/8         7175      23%
>> 09:38:25      321   ( 3.2 cores)    0/8         7149      23%
>> 09:38:27      303   ( 3.0 cores)    0/8         7165      23%
>> 09:38:29      314   ( 3.1 cores)    0/8         7169      23%
>> 09:38:31      318   ( 3.2 cores)    0/8         7159      23%
>> 09:38:33      309   ( 3.1 cores)    0/8         7148      23%
>> 09:38:35      329   ( 3.3 cores)    0/8         7146      23%
>> 09:38:37      336   ( 3.4 cores)    1/8         7148      23%
>> 09:38:39      311   ( 3.1 cores)    1/8         7148      23%
>> 09:38:41      306   ( 3.1 cores)    0/8         7151      23%
>> 09:38:43      309   ( 3.1 cores)    0/8         7162      23%
>> 09:38:45      388   ( 3.9 cores)    0/8         7150      23%
>> 09:38:47      427   ( 4.3 cores)    1/8         7157      23%
>> 09:38:49      302   ( 3.0 cores)    0/8         7163      23%
>> 09:38:51      311   ( 3.1 cores)    0/8         7149      23%
>> 09:38:53      298   ( 3.0 cores)    1/8         7167      23%
>> 09:38:55      321   ( 3.2 cores)    0/8         7135      23%
>> 09:38:57      312   ( 3.1 cores)    1/8         7135      23%
>> 09:38:59      315   ( 3.2 cores)    0/8         7135      23%
>> 09:39:01      313   ( 3.1 cores)    0/8         7147      23%
>> 09:39:03      310   ( 3.1 cores)    1/8         7152      23%
>> 09:39:05      314   ( 3.1 cores)    0/8         7147      23%
>> 09:39:07      315   ( 3.1 cores)    1/8         7143      23%
>> 09:39:09      329   ( 3.3 cores)    0/8         7136      23%
>> 09:39:11      317   ( 3.2 cores)    0/8         7134      23%
>> 09:39:13      308   ( 3.1 cores)    1/8         7138      23%
>> 09:39:15      328   ( 3.3 cores)    0/8         7122      23%
>> 09:39:17      315   ( 3.2 cores)    1/8         7120      23%
>> 09:39:19      334   ( 3.3 cores)    0/8         7129      23%
>> 09:39:21      315   ( 3.2 cores)    0/8         7132      23%
>> 09:39:23      311   ( 3.1 cores)    1/8         7137      23%
>> 09:39:25      306   ( 3.1 cores)    1/8         7130      23%
>> 09:39:27      309   ( 3.1 cores)    1/8         7120      23%
>> 09:39:29      302   ( 3.0 cores)    0/8         7131      23%
>> 09:39:31      313   ( 3.1 cores)    1/8         7135      23%
>> 09:39:33      305   ( 3.0 cores)    0/8         7144      23%
>> 09:39:35      317   ( 3.2 cores)    0/8         7150      23%
>> 09:39:37      332   ( 3.3 cores)    1/8         7125      23%
>> 09:39:39      316   ( 3.2 cores)    0/8         7132      23%
>> 09:39:41      317   ( 3.2 cores)    0/8         7131      23%
>> 09:39:43      300   ( 3.0 cores)    1/8         7137      23%
>> 09:39:45      325   ( 3.3 cores)    1/8         7131      23%
>> 09:39:47      315   ( 3.1 cores)    1/8         7134      23%
>> 09:39:49      427   ( 4.3 cores)    1/8         7433      24%
>> 09:39:51      348   ( 3.5 cores)    1/8         7120      23%
>> 09:39:53      360   ( 3.6 cores)    0/8         7136      23%
>> 09:39:55      314   ( 3.1 cores)    0/8         7143      23%
>> 09:39:57      315   ( 3.2 cores)    0/8         7131      23%
>> 09:39:59      307   ( 3.1 cores)    0/8         7135      23%
>> 09:40:01      313   ( 3.1 cores)    0/8         7141      23%
>> 09:40:03      306   ( 3.1 cores)    0/8         7149      23%
>> 09:40:05      309   ( 3.1 cores)    1/8         7149      23%
>> 09:40:07      318   ( 3.2 cores)    0/8         7144      23%
>> 09:40:09      316   ( 3.2 cores)    0/8         7156      23%
>> 09:40:11      314   ( 3.1 cores)    0/8         7147      23%
>> 09:40:13      310   ( 3.1 cores)    0/8         7146      23%
>> 09:40:15      343   ( 3.4 cores)    1/8         7140      23%
>> 09:40:17      316   ( 3.2 cores)    0/8         7147      23%
>> 09:40:19      309   ( 3.1 cores)    0/8         7151      23%
>> 09:40:21      314   ( 3.1 cores)    0/8         7160      23%
>> 09:40:23      311   ( 3.1 cores)    0/8         7159      23%
>> 09:40:25      308   ( 3.1 cores)    0/8         7170      23%
>> 09:40:27      313   ( 3.1 cores)    0/8         7159      23%
>> 09:40:29      298   ( 3.0 cores)    0/8         7160      23%
>> 09:40:31      305   ( 3.1 cores)    0/8         7174      23%
>> 09:40:33      309   ( 3.1 cores)    1/8         7147      23%
>> 09:40:35      317   ( 3.2 cores)    0/8         7144      23%
>> 09:40:37      336   ( 3.4 cores)    0/8         7135      23%
>> 09:40:39      310   ( 3.1 cores)    0/8         7136      23%
>> 09:40:41      351   ( 3.5 cores)    0/8         7142      23%
>> 09:40:43      308   ( 3.1 cores)    0/8         7155      23%
>> 09:40:45      312   ( 3.1 cores)    1/8         7162      23%
>> 09:40:47      339   ( 3.4 cores)    0/8         7138      23%
>> 09:40:49      310   ( 3.1 cores)    0/8         7148      23%
>> 09:40:51      430   ( 4.3 cores)    0/8         7343      23%
>> 09:40:53      369   ( 3.7 cores)    1/8         7132      23%
>> 09:40:55      300   ( 3.0 cores)    0/8         7139      23%
>> 09:40:57      324   ( 3.2 cores)    0/8         7128      23%
>> 09:40:59      305   ( 3.1 cores)    0/8         7148      23%
>> 09:41:01      307   ( 3.1 cores)    0/8         7151      23%
>> 09:41:03      311   ( 3.1 cores)    1/8         7131      23%
>> 09:41:05      311   ( 3.1 cores)    1/8         7141      23%
>> 09:41:07      324   ( 3.2 cores)    0/8         7120      23%
>> 09:41:09      302   ( 3.0 cores)    0/8         7138      23%
>> 09:41:11      314   ( 3.1 cores)    0/8         7141      23%
>> 09:41:13      322   ( 3.2 cores)    0/8         7147      23%
>> 09:41:15      323   ( 3.2 cores)    0/8         7146      23%
>> 09:41:17      326   ( 3.3 cores)    0/8         7140      23%
>> 09:41:19      304   ( 3.0 cores)    0/8         7143      23%
>> 09:41:21      306   ( 3.1 cores)    1/8         7141      23%
>> 09:41:23      306   ( 3.1 cores)    0/8         7135      23%
>> 09:41:25      306   ( 3.1 cores)    0/8         7140      23%
>> 09:41:27      313   ( 3.1 cores)    1/8         7157      23%
>> 09:41:29      323   ( 3.2 cores)    0/8         7140      23%
>> 09:41:31      310   ( 3.1 cores)    1/8         7141      23%
>> 09:41:33      309   ( 3.1 cores)    0/8         7136      23%
>> 09:41:35      325   ( 3.2 cores)    0/8         7135      23%
>> 09:41:37      324   ( 3.2 cores)    0/8         7141      23%
>> 09:41:39      311   ( 3.1 cores)    0/8         7139      23%
>> 09:41:41      305   ( 3.0 cores)    0/8         7139      23%
>> 09:41:43      325   ( 3.3 cores)    0/8         7136      23%
>> 09:41:45      305   ( 3.1 cores)    0/8         7147      23%
>> 09:41:47      329   ( 3.3 cores)    1/8         7141      23%
>> 09:41:49      316   ( 3.2 cores)    0/8         7151      23%
>> 09:41:51      307   ( 3.1 cores)    0/8         7158      23%
>> 09:41:53      396   ( 4.0 cores)    0/8         7243      23%
>> 09:41:55      382   ( 3.8 cores)    0/8         7146      23%
>> 09:41:57      308   ( 3.1 cores)    0/8         7147      23%
>> 09:41:59      309   ( 3.1 cores)    0/8         7148      23%
>> 09:42:01      306   ( 3.1 cores)    0/8         7163      23%
>> 09:42:03      313   ( 3.1 cores)    0/8         7155      23%
>> 09:42:05      313   ( 3.1 cores)    0/8         7154      23%
>> 09:42:07      333   ( 3.3 cores)    1/8         7140      23%
>> 09:42:09      307   ( 3.1 cores)    1/8         7138      23%
>> 09:42:11      309   ( 3.1 cores)    0/8         7155      23%
>> 09:42:13      325   ( 3.2 cores)    0/8         7138      23%
>> 09:42:15      314   ( 3.1 cores)    0/8         7151      23%
>> 09:42:17      326   ( 3.3 cores)    1/8         7145      23%
>> 09:42:19      346   ( 3.5 cores)    0/8         7137      23%
>> 09:42:21      311   ( 3.1 cores)    1/8         7147      23%
>> 09:42:23      325   ( 3.3 cores)    0/8         7144      23%
>> 09:42:25      306   ( 3.1 cores)    0/8         7156      23%
>> 09:42:27      317   ( 3.2 cores)    0/8         7162      23%
>> 09:42:29      319   ( 3.2 cores)    0/8         7145      23%
>> 09:42:31      329   ( 3.3 cores)    0/8         7150      23%
>> 09:42:33      313   ( 3.1 cores)    0/8         7148      23%
>> 09:42:35      321   ( 3.2 cores)    0/8         7156      23%
>> 09:42:37      330   ( 3.3 cores)    0/8         7141      23%
>> 09:42:39      313   ( 3.1 cores)    0/8         7153      23%
>> 09:42:41      307   ( 3.1 cores)    0/8         7162      23%
>> 09:42:43      316   ( 3.2 cores)    1/8         7141      23%
>> 09:42:45      309   ( 3.1 cores)    0/8         7157      23%
>> 09:42:47      329   ( 3.3 cores)    0/8         7147      23%
>> 09:42:49      314   ( 3.1 cores)    1/8         7148      23%
>> 09:42:51      315   ( 3.2 cores)    1/8         7144      23%
>> 09:42:53      311   ( 3.1 cores)    0/8         7162      23%
>> 09:42:55      370   ( 3.7 cores)    1/8         7167      23%
>> 09:42:57      406   ( 4.1 cores)    1/8         7174      23%
>> 09:42:59      317   ( 3.2 cores)    0/8         7159      23%
>> 09:43:01      306   ( 3.1 cores)    0/8         7169      23%
>> 09:43:03      305   ( 3.1 cores)    0/8         7170      23%
>> 09:43:05      310   ( 3.1 cores)    0/8         7171      23%
>> 09:43:07      303   ( 3.0 cores)    1/8         7175      23%
>> 09:43:09      319   ( 3.2 cores)    0/8         7142      23%
>> 09:43:11      308   ( 3.1 cores)    0/8         7133      23%
>> 09:43:13      311   ( 3.1 cores)    0/8         7146      23%
>> 09:43:15      326   ( 3.3 cores)    1/8         7150      23%
>> 09:43:17      342   ( 3.4 cores)    1/8         7136      23%
>> 09:43:19      318   ( 3.2 cores)    0/8         7151      23%
>> 09:43:21      299   ( 3.0 cores)    0/8         7151      23%
>> 09:43:23      300   ( 3.0 cores)    1/8         7154      23%
>> 09:43:25      315   ( 3.1 cores)    0/8         7143      23%
>> 09:43:27      316   ( 3.2 cores)    1/8         7144      23%
>> 09:43:29      317   ( 3.2 cores)    0/8         7146      23%
>> 09:43:31      310   ( 3.1 cores)    1/8         7151      23%
>> 09:43:33      304   ( 3.0 cores)    1/8         7152      23%
>> 09:43:35      335   ( 3.3 cores)    0/8         7159      23%
>> 09:43:37      314   ( 3.1 cores)    1/8         7152      23%
>> 09:43:39      325   ( 3.2 cores)    0/8         7149      23%
>> 09:43:41      310   ( 3.1 cores)    0/8         7153      23%
>> 09:43:43      306   ( 3.1 cores)    0/8         7160      23%
>> 09:43:45      313   ( 3.1 cores)    0/8         7155      23%
>> 09:43:47      317   ( 3.2 cores)    0/8         7155      23%
>> 09:43:49      315   ( 3.1 cores)    0/8         7155      23%
>> 09:43:51      329   ( 3.3 cores)    0/8         7168      23%
>> 09:43:53      311   ( 3.1 cores)    1/8         7167      23%
>> 09:43:55      328   ( 3.3 cores)    1/8         7174      23%
>> 09:43:57      346   ( 3.5 cores)    0/8         7166      23%
>> 09:43:59      435   ( 4.3 cores)    1/8         7153      23%
>> 09:44:01      316   ( 3.2 cores)    1/8         7152      23%
>> 09:44:03      306   ( 3.1 cores)    1/8         7156      23%
>> 09:44:05      315   ( 3.2 cores)    0/8         7145      23%
>> 09:44:07      310   ( 3.1 cores)    0/8         7155      23%
>> 09:44:09      322   ( 3.2 cores)    0/8         7154      23%
>> 09:44:11      311   ( 3.1 cores)    0/8         7166      23%
>> 09:44:13      312   ( 3.1 cores)    0/8         7166      23%
>> 09:44:15      311   ( 3.1 cores)    0/8         7165      23%
>> 09:44:17      320   ( 3.2 cores)    0/8         7156      23%
>> 09:44:19      314   ( 3.1 cores)    0/8         7173      23%
>> 09:44:21      356   ( 3.6 cores)    1/8         7171      23%
>> 09:44:23      314   ( 3.1 cores)    1/8         7179      23%
>> 09:44:25      307   ( 3.1 cores)    0/8         7170      23%
>> 09:44:27      305   ( 3.1 cores)    0/8         7165      23%
>> 09:44:29      309   ( 3.1 cores)    0/8         7161      23%
>> 09:44:31      313   ( 3.1 cores)    0/8         7141      23%
>> 09:44:33      328   ( 3.3 cores)    1/8         7152      23%
>> 09:44:35      333   ( 3.3 cores)    0/8         7158      23%
>> 09:44:37      307   ( 3.1 cores)    0/8         7158      23%
>> 09:44:39      318   ( 3.2 cores)    0/8         7168      23%
>> 09:44:41      314   ( 3.1 cores)    0/8         7170      23%
>> 09:44:43      302   ( 3.0 cores)    0/8         7178      23%
>> 09:44:45      314   ( 3.1 cores)    0/8         7151      23%
>> 09:44:47      322   ( 3.2 cores)    0/8         7159      23%
>> 09:44:49      317   ( 3.2 cores)    1/8         7159      23%
>> 09:44:51      311   ( 3.1 cores)    1/8         7174      23%
>> 09:44:53      303   ( 3.0 cores)    0/8         7193      23%
>> 09:44:55      322   ( 3.2 cores)    0/8         7160      23%
>> 09:44:57      306   ( 3.1 cores)    0/8         7164      23%
>> 09:44:59      312   ( 3.1 cores)    0/8         7154      23%
>> 09:45:01      441   ( 4.4 cores)    2/8         7443      24%
>> 09:45:03      333   ( 3.3 cores)    0/8         7173      23%
>> 09:45:05      316   ( 3.2 cores)    0/8         7171      23%
>> 09:45:07      318   ( 3.2 cores)    0/8         7177      23%
>> 09:45:09      314   ( 3.1 cores)    1/8         7162      23%
>> 09:45:11      321   ( 3.2 cores)    0/8         7174      23%
>> 09:45:13      317   ( 3.2 cores)    0/8         7214      23%
>> 09:45:15      379   ( 3.8 cores)    1/8         7154      23%
>> 09:45:17      313   ( 3.1 cores)    0/8         7169      23%
>> 09:45:19      326   ( 3.3 cores)    1/8         7155      23%
>> 09:45:21      320   ( 3.2 cores)    0/8         7162      23%
>> 09:45:23      304   ( 3.0 cores)    1/8         7168      23%
>> 09:45:25      315   ( 3.1 cores)    0/8         7176      23%
>> 09:45:27      317   ( 3.2 cores)    0/8         7173      23%
>> 09:45:29      309   ( 3.1 cores)    1/8         7158      23%
>> 09:45:31      323   ( 3.2 cores)    0/8         7155      23%
>> 09:45:33      301   ( 3.0 cores)    0/8         7166      23%
>> 09:45:35      327   ( 3.3 cores)    0/8         7156      23%
>> 09:45:37      322   ( 3.2 cores)    1/8         7153      23%
>> 09:45:39      309   ( 3.1 cores)    0/8         7166      23%
>> 09:45:41      373   ( 3.7 cores)    1/8         7153      23%
>> 09:45:43      314   ( 3.1 cores)    0/8         7162      23%
>> 09:45:45      315   ( 3.2 cores)    0/8         7156      23%
>> 09:45:47      322   ( 3.2 cores)    1/8         7157      23%
>> 09:45:49      323   ( 3.2 cores)    1/8         7152      23%
>> 09:45:51      313   ( 3.1 cores)    1/8         7152      23%
>> 09:45:53      310   ( 3.1 cores)    0/8         7163      23%
>> 09:45:55      307   ( 3.1 cores)    0/8         7162      23%
>> 09:45:57      312   ( 3.1 cores)    1/8         7169      23%
>> 09:45:59      381   ( 3.8 cores)    0/8         7177      23%
>> 09:46:01      318   ( 3.2 cores)    1/8         7150      23%
>> 09:46:03      414   ( 4.1 cores)    1/8         7376      24%
>> 09:46:05      350   ( 3.5 cores)    1/8         7171      23%
>> 09:46:07      317   ( 3.2 cores)    1/8         7160      23%
>> 09:46:09      297   ( 3.0 cores)    1/8         7164      23%
>> 09:46:11      327   ( 3.3 cores)    0/8         7154      23%
>> 09:46:13      305   ( 3.0 cores)    0/8         7166      23%
>> 09:46:15      306   ( 3.1 cores)    0/8         7167      23%
>> 09:46:17      313   ( 3.1 cores)    0/8         7171      23%
>> 09:46:19      324   ( 3.2 cores)    0/8         7173      23%
>> 09:46:21      324   ( 3.2 cores)    0/8         7180      23%
>> 09:46:23      307   ( 3.1 cores)    0/8         7181      23%
>> 09:46:25      302   ( 3.0 cores)    1/8         7182      23%
>> 09:46:27      307   ( 3.1 cores)    0/8         7185      23%
>> 09:46:29      295   ( 3.0 cores)    0/8         7192      23%
>> 09:46:31      323   ( 3.2 cores)    0/8         7166      23%
>> 09:46:33      299   ( 3.0 cores)    0/8         7171      23%
>> 09:46:35      330   ( 3.3 cores)    0/8         7143      23%
>> 09:46:37      328   ( 3.3 cores)    0/8         7159      23%
>> 09:46:39      316   ( 3.2 cores)    0/8         7168      23%
>> 09:46:41      325   ( 3.2 cores)    0/8         7154      23%
>> 09:46:43      306   ( 3.1 cores)    0/8         7172      23%
>> 09:46:45      310   ( 3.1 cores)    0/8         7173      23%
>> 09:46:48      313   ( 3.1 cores)    0/8         7140      23%
>> 09:46:50      357   ( 3.6 cores)    0/8         7163      23%
>> 09:46:52      304   ( 3.0 cores)    0/8         7173      23%
>> 09:46:54      317   ( 3.2 cores)    0/8         7169      23%
>> 09:46:56      311   ( 3.1 cores)    0/8         7173      23%
>> 09:46:58      306   ( 3.1 cores)    0/8         7152      23%
>> 09:47:00      325   ( 3.2 cores)    1/8         7162      23%
>> 09:47:02      312   ( 3.1 cores)    1/8         7162      23%
>> 09:47:04      319   ( 3.2 cores)    0/8         7163      23%
>> 09:47:06      401   ( 4.0 cores)    0/8         7246      23%
>> 09:47:08      375   ( 3.8 cores)    0/8         7164      23%
>> 09:47:10      300   ( 3.0 cores)    1/8         7164      23%
>> 09:47:12      317   ( 3.2 cores)    0/8         7157      23%
>> 09:47:14      332   ( 3.3 cores)    0/8         7160      23%
>> 09:47:16      317   ( 3.2 cores)    0/8         7161      23%
>> 09:47:18      328   ( 3.3 cores)    1/8         7162      23%
>> 09:47:20      320   ( 3.2 cores)    0/8         7159      23%
>> 09:47:22      309   ( 3.1 cores)    0/8         7159      23%
>> 09:47:24      314   ( 3.1 cores)    0/8         7154      23%
>> 09:47:26      304   ( 3.0 cores)    0/8         7154      23%
>> 09:47:28      333   ( 3.3 cores)    0/8         7147      23%
>> 09:47:30      304   ( 3.0 cores)    1/8         7149      23%
>> 09:47:32      315   ( 3.1 cores)    1/8         7156      23%
>> 09:47:34      312   ( 3.1 cores)    0/8         7163      23%
>> 09:47:36      331   ( 3.3 cores)    0/8         7161      23%
>> 09:47:38      302   ( 3.0 cores)    1/8         7165      23%
>> 09:47:40      327   ( 3.3 cores)    0/8         7169      23%
>> 09:47:42      316   ( 3.2 cores)    1/8         7168      23%
>> 09:47:44      315   ( 3.2 cores)    0/8         7157      23%
>> 09:47:46      312   ( 3.1 cores)    0/8         7166      23%
>> 09:47:48      311   ( 3.1 cores)    0/8         7156      23%
>> 09:47:50      316   ( 3.2 cores)    0/8         7156      23%
>> 09:47:52      312   ( 3.1 cores)    0/8         7158      23%
>> 09:47:54      336   ( 3.4 cores)    0/8         7156      23%
>> 09:47:56      303   ( 3.0 cores)    0/8         7171      23%
>> 09:47:58      310   ( 3.1 cores)    1/8         7175      23%
>> 09:48:00      315   ( 3.2 cores)    1/8         7167      23%
>> 09:48:02      306   ( 3.1 cores)    0/8         7158      23%
>> 09:48:04      334   ( 3.3 cores)    0/8         7163      23%
>> 09:48:06      311   ( 3.1 cores)    0/8         7165      23%
>> 09:48:08      436   ( 4.4 cores)    1/8         7194      23%
>> 09:48:10      401   ( 4.0 cores)    1/8         7165      23%
>> 09:48:12      317   ( 3.2 cores)    1/8         7164      23%
>> 09:48:14      307   ( 3.1 cores)    0/8         7165      23%
>> 09:48:16      309   ( 3.1 cores)    0/8         7166      23%
>> 09:48:18      325   ( 3.3 cores)    1/8         7175      23%
>> 09:48:20      319   ( 3.2 cores)    0/8         7146      23%
>> 09:48:22      306   ( 3.1 cores)    1/8         7142      23%
>> 09:48:24      322   ( 3.2 cores)    0/8         7133      23%
>> 09:48:26      303   ( 3.0 cores)    1/8         7142      23%
>> 09:48:28      308   ( 3.1 cores)    0/8         7144      23%
>> 09:48:30      310   ( 3.1 cores)    0/8         7172      23%
>> 09:48:32      342   ( 3.4 cores)    0/8         7180      23%
>> 09:48:34      319   ( 3.2 cores)    1/8         7166      23%
>> 09:48:36      330   ( 3.3 cores)    0/8         7149      23%
>> 09:48:38      306   ( 3.1 cores)    0/8         7160      23%
>> 09:48:40      309   ( 3.1 cores)    0/8         7156      23%
>> 09:48:42      316   ( 3.2 cores)    0/8         7154      23%
>> 09:48:44      351   ( 3.5 cores)    0/8         7155      23%
>> 09:48:46      304   ( 3.0 cores)    0/8         7171      23%
>> 09:48:48      304   ( 3.0 cores)    0/8         7178      23%
>> 09:48:50      318   ( 3.2 cores)    0/8         7146      23%
>> 09:48:52      303   ( 3.0 cores)    0/8         7165      23%
>> 09:48:54      311   ( 3.1 cores)    1/8         7142      23%
>> 09:48:56      348   ( 3.5 cores)    0/8         7161      23%
>> 09:48:58      303   ( 3.0 cores)    0/8         7163      23%
>> 09:49:00      302   ( 3.0 cores)    0/8         7160      23%
>> 09:49:02      326   ( 3.3 cores)    0/8         7169      23%
>> 09:49:04      317   ( 3.2 cores)    1/8         7163      23%
>> 09:49:06      331   ( 3.3 cores)    1/8         7173      23%
>> 09:49:08      324   ( 3.2 cores)    0/8         7177      23%
>> 09:49:10      352   ( 3.5 cores)    0/8         7168      23%
>> 09:49:12      418   ( 4.2 cores)    1/8         7175      23%
>> 09:49:14      317   ( 3.2 cores)    0/8         7157      23%
>> 09:49:16      322   ( 3.2 cores)    0/8         7178      23%
>> 09:49:18      306   ( 3.1 cores)    0/8         7178      23%
>> 09:49:20      314   ( 3.1 cores)    0/8         7175      23%
>> 09:49:22      304   ( 3.0 cores)    0/8         7175      23%
>> 09:49:24      315   ( 3.1 cores)    0/8         7176      23%
>> 09:49:26      309   ( 3.1 cores)    0/8         7167      23%
>> 09:49:28      303   ( 3.0 cores)    0/8         7168      23%
>> 09:49:30      308   ( 3.1 cores)    0/8         7167      23%
>> 09:49:32      309   ( 3.1 cores)    1/8         7168      23%
>> 09:49:34      323   ( 3.2 cores)    0/8         7158      23%
>> 09:49:36      350   ( 3.5 cores)    0/8         7162      23%
>> 09:49:38      313   ( 3.1 cores)    1/8         7161      23%
>> 09:49:40      312   ( 3.1 cores)    0/8         7161      23%
>> 09:49:42      310   ( 3.1 cores)    0/8         7161      23%
>> 09:49:44      306   ( 3.1 cores)    0/8         7174      23%
>> 09:49:46      324   ( 3.2 cores)    0/8         7164      23%
>> 09:49:48      325   ( 3.3 cores)    0/8         7168      23%
>> 09:49:50      321   ( 3.2 cores)    0/8         7172      23%
>> 09:49:52      307   ( 3.1 cores)    0/8         7172      23%
>> 09:49:54      315   ( 3.2 cores)    0/8         7161      23%
>> 09:49:56      312   ( 3.1 cores)    0/8         7165      23%
>> 09:49:58      299   ( 3.0 cores)    0/8         7171      23%
>> 09:50:00      323   ( 3.2 cores)    0/8         7152      23%
>> 09:50:02      305   ( 3.0 cores)    0/8         7171      23%
>> 09:50:04      308   ( 3.1 cores)    0/8         7160      23%
>> 09:50:06      301   ( 3.0 cores)    1/8         7162      23%
>> 09:50:08      301   ( 3.0 cores)    0/8         7158      23%
>> 09:50:10      318   ( 3.2 cores)    0/8         7153      23%
>> 09:50:12      331   ( 3.3 cores)    0/8         7162      23%
>> 09:50:14      421   ( 4.2 cores)    2/8         7468      24%
>> 09:50:16      340   ( 3.4 cores)    0/8         7167      23%
>> 09:50:18      313   ( 3.1 cores)    0/8         7182      23%
>> 09:50:20      310   ( 3.1 cores)    0/8         7167      23%
>> 09:50:22      310   ( 3.1 cores)    1/8         7145      23%
>> 09:50:24      314   ( 3.1 cores)    1/8         7151      23%
>> 09:50:26      316   ( 3.2 cores)    1/8         7159      23%
>> 09:50:28      313   ( 3.1 cores)    1/8         7169      23%
>> 09:50:30      298   ( 3.0 cores)    0/8         7164      23%
>> 09:50:32      331   ( 3.3 cores)    1/8         7175      23%
>> 09:50:34      318   ( 3.2 cores)    0/8         7184      23%
>> 09:50:36      346   ( 3.5 cores)    0/8         7146      23%
>> 09:50:38      302   ( 3.0 cores)    0/8         7161      23%
>> 09:50:40      310   ( 3.1 cores)    0/8         7173      23%
>> 09:50:42      331   ( 3.3 cores)    0/8         7162      23%
>> 09:50:44      310   ( 3.1 cores)    0/8         7162      23%
>> 09:50:46      332   ( 3.3 cores)    1/8         7168      23%
>> 09:50:48      303   ( 3.0 cores)    0/8         7167      23%
>> 09:50:50      298   ( 3.0 cores)    1/8         7167      23%
>> 09:50:52      325   ( 3.3 cores)    0/8         7167      23%
>> 09:50:54      312   ( 3.1 cores)    1/8         7174      23%
>> 09:50:56      325   ( 3.3 cores)    0/8         7158      23%
>> 09:50:58      308   ( 3.1 cores)    1/8         7159      23%
>> 09:51:00      316   ( 3.2 cores)    0/8         7160      23%
>> 09:51:02      305   ( 3.0 cores)    0/8         7156      23%
>> 09:51:04      302   ( 3.0 cores)    0/8         7167      23%
>> 09:51:06      309   ( 3.1 cores)    0/8         7160      23%
>> 09:51:08      302   ( 3.0 cores)    0/8         7158      23%
>> 09:51:10      304   ( 3.0 cores)    1/8         7163      23%
>> 09:51:12      312   ( 3.1 cores)    0/8         7172      23%
>> 09:51:14      346   ( 3.5 cores)    1/8         7162      23%
>> 09:51:16      435   ( 4.4 cores)    1/8         7364      23%
>> 09:51:18      346   ( 3.5 cores)    0/8         7167      23%
>> 09:51:20      310   ( 3.1 cores)    1/8         7166      23%
>> 09:51:22      322   ( 3.2 cores)    1/8         7159      23%
>> 09:51:24      314   ( 3.1 cores)    1/8         7164      23%
>> 09:51:26      317   ( 3.2 cores)    0/8         7154      23%
>> 09:51:28      303   ( 3.0 cores)    0/8         7161      23%
>> 09:51:30      318   ( 3.2 cores)    0/8         7160      23%
>> 09:51:32      333   ( 3.3 cores)    0/8         7149      23%
>> 09:51:34      324   ( 3.2 cores)    0/8         7156      23%
>> 09:51:36      341   ( 3.4 cores)    0/8         7162      23%
>> 09:51:38      312   ( 3.1 cores)    1/8         7166      23%
>> 09:51:40      302   ( 3.0 cores)    0/8         7167      23%
>> 09:51:42      316   ( 3.2 cores)    1/8         7159      23%
>> 09:51:44      306   ( 3.1 cores)    1/8         7154      23%
>> 09:51:46      312   ( 3.1 cores)    0/8         7159      23%
>> 09:51:48      306   ( 3.1 cores)    0/8         7163      23%
>> 09:51:50      305   ( 3.0 cores)    0/8         7170      23%
>> 09:51:52      339   ( 3.4 cores)    1/8         7167      23%
>> 09:51:54      304   ( 3.0 cores)    0/8         7172      23%
>> 09:51:56      309   ( 3.1 cores)    0/8         7177      23%
>> 09:51:58      313   ( 3.1 cores)    1/8         7163      23%
>> 09:52:00      300   ( 3.0 cores)    0/8         7168      23%
>> 09:52:02      303   ( 3.0 cores)    0/8         7168      23%
>> 09:52:04      322   ( 3.2 cores)    0/8         7169      23%
>> 09:52:06      313   ( 3.1 cores)    1/8         7165      23%
>> 09:52:08      317   ( 3.2 cores)    0/8         7176      23%
>> 09:52:10      302   ( 3.0 cores)    1/8         7174      23%
>> 09:52:12      304   ( 3.0 cores)    1/8         7168      23%
>> 09:52:14      347   ( 3.5 cores)    0/8         7223      23%
>> 09:52:16      363   ( 3.6 cores)    0/8         7153      23%
>> 09:52:18      404   ( 4.0 cores)    1/8         7310      23%
>> 09:52:20      374   ( 3.7 cores)    1/8         7179      23%
>> 09:52:22      334   ( 3.3 cores)    0/8         7177      23%
>> 09:52:24      309   ( 3.1 cores)    0/8         7182      23%
>> 09:52:26      305   ( 3.1 cores)    0/8         7169      23%
>> 09:52:28      314   ( 3.1 cores)    0/8         7169      23%
>> 09:52:30      304   ( 3.0 cores)    1/8         7170      23%
>> 09:52:32      309   ( 3.1 cores)    0/8         7161      23%
>> 09:52:34      309   ( 3.1 cores)    0/8         7168      23%
>> 09:52:36      360   ( 3.6 cores)    0/8         7145      23%
>> 09:52:38      317   ( 3.2 cores)    0/8         7164      23%
>> 09:52:40      305   ( 3.1 cores)    0/8         7170      23%
>> 09:52:42      307   ( 3.1 cores)    0/8         7170      23%
>> 09:52:44      306   ( 3.1 cores)    0/8         7167      23%
>> 09:52:46      319   ( 3.2 cores)    1/8         7172      23%
>> 09:52:48      307   ( 3.1 cores)    0/8         7188      23%
>> 09:52:50      295   ( 2.9 cores)    0/8         7190      23%
>> 09:52:52      330   ( 3.3 cores)    0/8         7176      23%
>> 09:52:54      326   ( 3.3 cores)    0/8         7172      23%
>> 09:52:56      303   ( 3.0 cores)    1/8         7149      23%
>> 09:52:58      303   ( 3.0 cores)    0/8         7164      23%
>> 09:53:00      303   ( 3.0 cores)    1/8         7169      23%
>> 09:53:02      305   ( 3.1 cores)    0/8         7179      23%
>> 09:53:04      314   ( 3.1 cores)    1/8         7168      23%
>> 09:53:06      350   ( 3.5 cores)    0/8         7164      23%
>> 09:53:08      306   ( 3.1 cores)    1/8         7172      23%
>> 09:53:10      310   ( 3.1 cores)    0/8         7173      23%
>> 09:53:12      309   ( 3.1 cores)    1/8         7167      23%
>> 09:53:14      320   ( 3.2 cores)    1/8         7173      23%
>> 09:53:16      318   ( 3.2 cores)    1/8         7159      23%
>> 09:53:18      307   ( 3.1 cores)    1/8         7158      23%
>> 09:53:20      362   ( 3.6 cores)    1/8         7180      23%
>> 09:53:22      414   ( 4.1 cores)    2/8         7163      23%
>> 09:53:24      317   ( 3.2 cores)    1/8         7157      23%
>> 09:53:26      311   ( 3.1 cores)    1/8         7154      23%
>> 09:53:28      310   ( 3.1 cores)    0/8         7162      23%
>> 09:53:30      302   ( 3.0 cores)    1/8         7164      23%
>> 09:53:32      296   ( 3.0 cores)    0/8         7165      23%
>> 09:53:34      328   ( 3.3 cores)    0/8         7161      23%
>> 09:53:36      337   ( 3.4 cores)    0/8         7154      23%
>> 09:53:38      307   ( 3.1 cores)    1/8         7157      23%
>> 09:53:40      305   ( 3.0 cores)    0/8         7160      23%
>> 09:53:42      311   ( 3.1 cores)    0/8         7162      23%
>> 09:53:44      309   ( 3.1 cores)    0/8         7177      23%
>> 09:53:46      320   ( 3.2 cores)    0/8         7157      23%
>> 09:53:48      324   ( 3.2 cores)    1/8         7167      23%
>> 09:53:50      339   ( 3.4 cores)    1/8         7176      23%
>> 09:53:52      322   ( 3.2 cores)    0/8         7180      23%
>> 09:53:54      313   ( 3.1 cores)    0/8         7163      23%
>> 09:53:56      305   ( 3.1 cores)    0/8         7176      23%
>> 09:53:58      311   ( 3.1 cores)    0/8         7171      23%
>> 09:54:00      309   ( 3.1 cores)    1/8         7172      23%
>> 09:54:02      302   ( 3.0 cores)    0/8         7179      23%
>> 09:54:04      310   ( 3.1 cores)    1/8         7182      23%
>> 09:54:06      328   ( 3.3 cores)    0/8         7174      23%
>> 09:54:08      308   ( 3.1 cores)    0/8         7184      23%
>> 09:54:10      312   ( 3.1 cores)    0/8         7176      23%
>> 09:54:12      307   ( 3.1 cores)    0/8         7184      23%
>> 09:54:14      316   ( 3.2 cores)    1/8         7156      23%
>> 09:54:16      302   ( 3.0 cores)    1/8         7162      23%
>> 09:54:18      311   ( 3.1 cores)    0/8         7181      23%
>> 09:54:20      311   ( 3.1 cores)    0/8         7175      23%
>> 09:54:22      362   ( 3.6 cores)    1/8         7190      23%
>> 09:54:24      428   ( 4.3 cores)    2/8         7169      23%
>> 09:54:26      309   ( 3.1 cores)    0/8         7178      23%
>> 09:54:28      320   ( 3.2 cores)    0/8         7186      23%
>> 09:54:30      309   ( 3.1 cores)    0/8         7188      23%
>> 09:54:32      305   ( 3.1 cores)    0/8         7194      23%
>> 09:54:34      329   ( 3.3 cores)    0/8         7173      23%
>> 09:54:36      330   ( 3.3 cores)    0/8         7175      23%
>> 09:54:38      320   ( 3.2 cores)    0/8         7173      23%
>> 09:54:40      330   ( 3.3 cores)    0/8         7176      23%
>> 09:54:42      298   ( 3.0 cores)    0/8         7176      23%
>> 09:54:44      314   ( 3.1 cores)    0/8         7171      23%
>> 09:54:46      315   ( 3.1 cores)    0/8         7170      23%
>> 09:54:48      304   ( 3.0 cores)    1/8         7162      23%
>> 09:54:50      324   ( 3.2 cores)    0/8         7180      23%
>> 09:54:52      312   ( 3.1 cores)    0/8         7178      23%
>> 09:54:54      314   ( 3.1 cores)    1/8         7146      23%
>> 09:54:56      300   ( 3.0 cores)    1/8         7154      23%
>> 09:54:58      308   ( 3.1 cores)    1/8         7162      23%
>> 09:55:00      318   ( 3.2 cores)    1/8         7154      23%
>> 09:55:02      312   ( 3.1 cores)    0/8         7173      23%
>> 09:55:04      313   ( 3.1 cores)    0/8         7149      23%
>> 09:55:06      313   ( 3.1 cores)    0/8         7160      23%
>> 09:55:08      309   ( 3.1 cores)    1/8         7161      23%
>> 09:55:10      309   ( 3.1 cores)    1/8         7158      23%
>> 09:55:12      305   ( 3.1 cores)    1/8         7158      23%
>> 09:55:14      298   ( 3.0 cores)    1/8         7161      23%
>> 09:55:16      315   ( 3.1 cores)    1/8         7151      23%
>> 09:55:18      311   ( 3.1 cores)    1/8         7157      23%
>> 09:55:20      308   ( 3.1 cores)    0/8         7154      23%
>> 09:55:22      300   ( 3.0 cores)    1/8         7154      23%
>> 09:55:24      348   ( 3.5 cores)    1/8         7173      23%
>> 09:55:26      431   ( 4.3 cores)    1/8         7472      24%
>> 09:55:28      333   ( 3.3 cores)    1/8         7174      23%
>> 09:55:30      307   ( 3.1 cores)    0/8         7161      23%
>> 09:55:32      314   ( 3.1 cores)    0/8         7170      23%
>> 09:55:34      304   ( 3.0 cores)    0/8         7172      23%
>> 09:55:36      338   ( 3.4 cores)    0/8         7181      23%
>> 09:55:38      313   ( 3.1 cores)    1/8         7177      23%
>> 09:55:40      306   ( 3.1 cores)    0/8         7177      23%
>> 09:55:42      303   ( 3.0 cores)    0/8         7178      23%
>> 09:55:44      303   ( 3.0 cores)    1/8         7179      23%
>> 09:55:46      309   ( 3.1 cores)    1/8         7161      23%
>> 09:55:48      305   ( 3.1 cores)    0/8         7159      23%
>> 09:55:50      337   ( 3.4 cores)    0/8         7185      23%
>> 09:55:52      306   ( 3.1 cores)    0/8         7191      23%
>> 09:55:54      324   ( 3.2 cores)    1/8         7174      23%
>> 09:55:56      312   ( 3.1 cores)    1/8         7166      23%
>> 09:55:58      305   ( 3.1 cores)    1/8         7169      23%
>> 09:56:00      315   ( 3.2 cores)    0/8         7169      23%
>> 09:56:02      316   ( 3.2 cores)    0/8         7172      23%
>> 09:56:04      313   ( 3.1 cores)    0/8         7185      23%
>> 09:56:06      304   ( 3.0 cores)    1/8         7186      23%
>> 09:56:08      312   ( 3.1 cores)    0/8         7186      23%
>> 09:56:10      308   ( 3.1 cores)    1/8         7184      23%
>> 09:56:12      341   ( 3.4 cores)    1/8         7184      23%
>> 09:56:14      326   ( 3.3 cores)    1/8         7187      23%
>> 09:56:16      302   ( 3.0 cores)    0/8         7182      23%
>> 09:56:18      310   ( 3.1 cores)    0/8         7188      23%
>> 09:56:20      305   ( 3.0 cores)    0/8         7171      23%
>> 09:56:22      306   ( 3.1 cores)    0/8         7158      23%
>> 09:56:24      313   ( 3.1 cores)    1/8         7160      23%
>> 09:56:26      306   ( 3.1 cores)    0/8         7174      23%
>> 09:56:28      418   ( 4.2 cores)    1/8         7356      23%
>> 09:56:30      358   ( 3.6 cores)    0/8         7189      23%
>> 09:56:32      299   ( 3.0 cores)    0/8         7168      23%
>> 09:56:34      304   ( 3.0 cores)    0/8         7175      23%
>> 09:56:36      337   ( 3.4 cores)    0/8         7154      23%
>> 09:56:38      311   ( 3.1 cores)    0/8         7162      23%
>> 09:56:40      310   ( 3.1 cores)    0/8         7179      23%
>> 09:56:42      329   ( 3.3 cores)    1/8         7161      23%
>> 09:56:44      302   ( 3.0 cores)    1/8         7171      23%
>> 09:56:46      310   ( 3.1 cores)    0/8         7172      23%
>> 09:56:48      307   ( 3.1 cores)    0/8         7178      23%
>> 09:56:50      299   ( 3.0 cores)    0/8         7191      23%
>> 09:56:52      306   ( 3.1 cores)    1/8         7176      23%
>> 09:56:54      324   ( 3.2 cores)    0/8         7169      23%
>> 09:56:56      318   ( 3.2 cores)    0/8         7162      23%
>> 09:56:58      311   ( 3.1 cores)    1/8         7150      23%
>> 09:57:00      303   ( 3.0 cores)    0/8         7154      23%
>> 09:57:02      314   ( 3.1 cores)    0/8         7164      23%
>> 09:57:04      307   ( 3.1 cores)    1/8         7168      23%
>> 09:57:06      315   ( 3.1 cores)    1/8         7164      23%
>> 09:57:08      307   ( 3.1 cores)    1/8         7160      23%
>> 09:57:10      304   ( 3.0 cores)    1/8         7153      23%
>> 09:57:12      319   ( 3.2 cores)    1/8         7153      23%
>> 09:57:14      293   ( 2.9 cores)    0/8         7159      23%
>> 09:57:16      312   ( 3.1 cores)    0/8         7171      23%
>> 09:57:18      305   ( 3.0 cores)    0/8         7173      23%
>> 09:57:20      303   ( 3.0 cores)    0/8         7180      23%
>> 09:57:22      308   ( 3.1 cores)    1/8         7156      23%
>> 09:57:24      360   ( 3.6 cores)    0/8         7151      23%
>> 09:57:26      326   ( 3.3 cores)    0/8         7157      23%
>> 09:57:28      295   ( 2.9 cores)    0/8         7164      23%
>> 09:57:30      401   ( 4.0 cores)    1/8         7298      23%
>> 09:57:32      385   ( 3.8 cores)    1/8         7173      23%
>> 09:57:34      295   ( 3.0 cores)    0/8         7180      23%
>> 09:57:36      377   ( 3.8 cores)    0/8         7177      23%
>> 09:57:38      323   ( 3.2 cores)    0/8         7161      23%
>> 09:57:40      306   ( 3.1 cores)    0/8         7178      23%
>> 09:57:42      311   ( 3.1 cores)    0/8         7186      23%
>> 09:57:44      298   ( 3.0 cores)    0/8         7188      23%
>> 09:57:46      305   ( 3.0 cores)    0/8         7193      23%
>> 09:57:48      314   ( 3.1 cores)    1/8         7180      23%
>> 09:57:50      314   ( 3.1 cores)    0/8         7182      23%
>> 09:57:52      303   ( 3.0 cores)    0/8         7185      23%
>> 09:57:54      316   ( 3.2 cores)    0/8         7178      23%
>> 09:57:56      301   ( 3.0 cores)    1/8         7178      23%
>> 09:57:58      318   ( 3.2 cores)    1/8         7174      23%
>> 09:58:00      295   ( 3.0 cores)    0/8         7181      23%
>> 09:58:02      304   ( 3.0 cores)    0/8         7165      23%
>> 09:58:04      337   ( 3.4 cores)    0/8         7185      23%
>> 09:58:06      332   ( 3.3 cores)    1/8         7185      23%
>> 09:58:08      316   ( 3.2 cores)    0/8         7180      23%
>> 09:58:10      312   ( 3.1 cores)    1/8         7175      23%
>> 09:58:12      309   ( 3.1 cores)    0/8         7160      23%
>> 09:58:14      315   ( 3.2 cores)    1/8         7150      23%
>> 09:58:16      330   ( 3.3 cores)    1/8         7160      23%
>> 09:58:18      296   ( 3.0 cores)    1/8         7167      23%
>> 09:58:20      328   ( 3.3 cores)    1/8         7155      23%
>> 09:58:22      308   ( 3.1 cores)    0/8         7167      23%
>> 09:58:24      320   ( 3.2 cores)    1/8         7177      23%
>> 09:58:26      311   ( 3.1 cores)    1/8         7178      23%
>> 09:58:28      304   ( 3.0 cores)    0/8         7177      23%
>> 09:58:30      323   ( 3.2 cores)    0/8         7175      23%
>> 09:58:32      374   ( 3.7 cores)    1/8         7165      23%
>> 09:58:34      404   ( 4.0 cores)    2/8         7183      23%
>> 09:58:36      328   ( 3.3 cores)    0/8         7165      23%
>> 09:58:38      314   ( 3.1 cores)    1/8         7178      23%
>> 09:58:40      318   ( 3.2 cores)    0/8         7170      23%
>> 09:58:42      314   ( 3.1 cores)    0/8         7186      23%
>> 09:58:44      312   ( 3.1 cores)    1/8         7165      23%
>> 09:58:46      316   ( 3.2 cores)    0/8         7173      23%
>> 09:58:48      311   ( 3.1 cores)    0/8         7184      23%
>> 09:58:50      316   ( 3.2 cores)    1/8         7172      23%
>> 09:58:52      312   ( 3.1 cores)    0/8         7172      23%
>> 09:58:54      321   ( 3.2 cores)    0/8         7164      23%
>> 09:58:56      310   ( 3.1 cores)    1/8         7173      23%
>> 09:58:58      327   ( 3.3 cores)    1/8         7176      23%
>> 09:59:00      315   ( 3.2 cores)    0/8         7170      23%
>> 09:59:02      308   ( 3.1 cores)    0/8         7168      23%
>> 09:59:04      317   ( 3.2 cores)    0/8         7169      23%
>> 09:59:06      309   ( 3.1 cores)    0/8         7169      23%
>> 09:59:08      310   ( 3.1 cores)    1/8         7158      23%
>> 09:59:10      308   ( 3.1 cores)    1/8         7162      23%
>> 09:59:12      310   ( 3.1 cores)    0/8         7166      23%
>> 09:59:14      334   ( 3.3 cores)    0/8         7161      23%
>> 09:59:16      315   ( 3.2 cores)    1/8         7163      23%
>> 09:59:18      304   ( 3.0 cores)    0/8         7184      23%
>> 09:59:20      309   ( 3.1 cores)    0/8         7173      23%
>> 09:59:22      305   ( 3.1 cores)    0/8         7184      23%
>> 09:59:24      343   ( 3.4 cores)    0/8         7188      23%
>> 09:59:26      323   ( 3.2 cores)    0/8         7185      23%
>> 09:59:28      309   ( 3.1 cores)    0/8         7178      23%
>> 09:59:30      306   ( 3.1 cores)    1/8         7174      23%
>> 09:59:32      312   ( 3.1 cores)    0/8         7177      23%
>> 09:59:34      338   ( 3.4 cores)    0/8         7185      23%
>> 09:59:36      447   ( 4.5 cores)    1/8         7175      23%
>> 09:59:38      317   ( 3.2 cores)    1/8         7166      23%
>> 09:59:40      301   ( 3.0 cores)    0/8         7175      23%
>> 09:59:42      302   ( 3.0 cores)    0/8         7175      23%
>> 09:59:44      307   ( 3.1 cores)    0/8         7175      23%
>> 09:59:46      306   ( 3.1 cores)    1/8         7177      23%
>> 09:59:48      307   ( 3.1 cores)    0/8         7181      23%
>> 09:59:50      308   ( 3.1 cores)    1/8         7167      23%
>> 09:59:52      302   ( 3.0 cores)    0/8         7170      23%
>> 09:59:54      313   ( 3.1 cores)    0/8         7179      23%
>> 09:59:56      314   ( 3.1 cores)    1/8         7170      23%
>> 09:59:58      312   ( 3.1 cores)    0/8         7176      23%
>> 10:00:00      314   ( 3.1 cores)    0/8         7181      23%
>> 10:00:02      306   ( 3.1 cores)    1/8         7183      23%
>> 10:00:04      308   ( 3.1 cores)    0/8         7164      23%
>> 10:00:06      308   ( 3.1 cores)    0/8         7180      23%
>> 10:00:08      300   ( 3.0 cores)    0/8         7180      23%
>> 10:00:10      314   ( 3.1 cores)    1/8         7156      23%
>> 10:00:12      312   ( 3.1 cores)    0/8         7177      23%
>> 10:00:14      308   ( 3.1 cores)    0/8         7181      23%
>> 10:00:16      325   ( 3.2 cores)    1/8         7215      23%
>> 10:00:18      357   ( 3.6 cores)    1/8         7162      23%
>> 10:00:20      320   ( 3.2 cores)    1/8         7173      23%
>> 10:00:22      314   ( 3.1 cores)    1/8         7175      23%
>> 10:00:24      308   ( 3.1 cores)    0/8         7183      23%
>> 10:00:26      326   ( 3.3 cores)    1/8         7184      23%
>> 10:00:28      306   ( 3.1 cores)    1/8         7182      23%
>> 10:00:30      308   ( 3.1 cores)    0/8         7180      23%
>> 10:00:32      305   ( 3.1 cores)    0/8         7170      23%
>> 10:00:34      312   ( 3.1 cores)    1/8         7155      23%
>> 10:00:36      349   ( 3.5 cores)    0/8         7155      23%
>> 10:00:38      433   ( 4.3 cores)    2/8         7471      24%
>> 10:00:40      336   ( 3.4 cores)    1/8         7169      23%
>> 10:00:42      313   ( 3.1 cores)    1/8         7174      23%
>> 10:00:44      302   ( 3.0 cores)    1/8         7173      23%
>> 10:00:46      310   ( 3.1 cores)    0/8         7184      23%
>> 10:00:48      303   ( 3.0 cores)    0/8         7182      23%
>> 10:00:50      347   ( 3.5 cores)    1/8         7173      23%
>> 10:00:52      304   ( 3.0 cores)    0/8         7173      23%
>> 10:00:54      303   ( 3.0 cores)    0/8         7161      23%
>> 10:00:56      317   ( 3.2 cores)    0/8         7169      23%
>> 10:00:58      302   ( 3.0 cores)    1/8         7169      23%
>> 10:01:00      324   ( 3.2 cores)    0/8         7164      23%
>> 10:01:02      299   ( 3.0 cores)    1/8         7158      23%
>> 10:01:04      311   ( 3.1 cores)    0/8         7173      23%
>> 10:01:06      306   ( 3.1 cores)    1/8         7175      23%
>> 10:01:08      298   ( 3.0 cores)    0/8         7177      23%
>> 10:01:10      326   ( 3.3 cores)    0/8         7171      23%
>> 10:01:12      309   ( 3.1 cores)    0/8         7162      23%
>> 10:01:14      311   ( 3.1 cores)    0/8         7175      23%
>> 10:01:16      318   ( 3.2 cores)    0/8         7174      23%
>> 10:01:18      304   ( 3.0 cores)    0/8         7176      23%
>> 10:01:20      321   ( 3.2 cores)    0/8         7167      23%
>> 10:01:22      315   ( 3.2 cores)    1/8         7165      23%
>> 10:01:24      305   ( 3.0 cores)    1/8         7178      23%
>> 10:01:26      343   ( 3.4 cores)    0/8         7168      23%
>> 10:01:28      312   ( 3.1 cores)    1/8         7174      23%
>> 10:01:30      310   ( 3.1 cores)    0/8         7180      23%
>> 10:01:32      348   ( 3.5 cores)    0/8         7173      23%
>> 10:01:34      310   ( 3.1 cores)    0/8         7178      23%
>> 10:01:36      344   ( 3.4 cores)    1/8         7152      23%
>> 10:01:38      302   ( 3.0 cores)    0/8         7160      23%
>> 10:01:40      416   ( 4.2 cores)    2/8         7342      23%
>> 10:01:42      373   ( 3.7 cores)    1/8         7165      23%
>> 10:01:44      308   ( 3.1 cores)    1/8         7175      23%
>> 10:01:46      318   ( 3.2 cores)    0/8         7180      23%
>> 10:01:48      299   ( 3.0 cores)    1/8         7179      23%
>> 10:01:50      297   ( 3.0 cores)    1/8         7189      23%
>> 10:01:52      328   ( 3.3 cores)    1/8         7181      23%
>> 10:01:54      308   ( 3.1 cores)    0/8         7186      23%
>> 10:01:56      327   ( 3.3 cores)    0/8         7168      23%
>> 10:01:58      306   ( 3.1 cores)    1/8         7178      23%
>> 10:02:00      307   ( 3.1 cores)    0/8         7173      23%
>> 10:02:02      310   ( 3.1 cores)    1/8         7168      23%
>> 10:02:04      307   ( 3.1 cores)    0/8         7179      23%
>> 10:02:06      330   ( 3.3 cores)    1/8         7167      23%
>> 10:02:08      298   ( 3.0 cores)    1/8         7166      23%
>> 10:02:10      303   ( 3.0 cores)    0/8         7182      23%
>> 10:02:12      309   ( 3.1 cores)    0/8         7180      23%
>> 10:02:14      309   ( 3.1 cores)    0/8         7191      23%
>> 10:02:16      319   ( 3.2 cores)    1/8         7176      23%
>> 10:02:18      297   ( 3.0 cores)    0/8         7182      23%
>> 10:02:20      301   ( 3.0 cores)    1/8         7175      23%
>> 10:02:22      310   ( 3.1 cores)    1/8         7164      23%
>> 10:02:24      304   ( 3.0 cores)    0/8         7178      23%
>> 10:02:26      319   ( 3.2 cores)    1/8         7156      23%
>> 10:02:28      303   ( 3.0 cores)    1/8         7156      23%
>> 10:02:30      304   ( 3.0 cores)    1/8         7156      23%
>> 10:02:32      313   ( 3.1 cores)    0/8         7159      23%
>> 10:02:34      375   ( 3.7 cores)    1/8         7175      23%
>> 10:02:36      336   ( 3.4 cores)    0/8         7182      23%
>> 10:02:38      306   ( 3.1 cores)    0/8         7184      23%
>> 10:02:40      301   ( 3.0 cores)    1/8         7184      23%
>> 10:02:42      436   ( 4.4 cores)    1/8         7252      23%
>> 10:02:44      373   ( 3.7 cores)    1/8         7186      23%
>> 10:02:46      318   ( 3.2 cores)    0/8         7171      23%
>> 10:02:48      295   ( 2.9 cores)    1/8         7172      23%
>> 10:02:50      309   ( 3.1 cores)    1/8         7173      23%
>> 10:02:52      321   ( 3.2 cores)    0/8         7171      23%
>> 10:02:54      305   ( 3.0 cores)    1/8         7173      23%
>> 10:02:56      347   ( 3.5 cores)    1/8         7159      23%
>> 10:02:58      378   ( 3.8 cores)    1/8         7161      23%
>> 10:03:00      311   ( 3.1 cores)    0/8         7170      23%
>> 10:03:02      323   ( 3.2 cores)    0/8         7173      23%
>> 10:03:04      317   ( 3.2 cores)    0/8         7172      23%
>> 10:03:06      304   ( 3.0 cores)    0/8         7187      23%
>> 10:03:08      303   ( 3.0 cores)    1/8         7182      23%
>> 10:03:10      309   ( 3.1 cores)    1/8         7182      23%
>> 10:03:12      305   ( 3.0 cores)    0/8         7185      23%
>> 10:03:14      310   ( 3.1 cores)    1/8         7177      23%
>> 10:03:16      345   ( 3.5 cores)    0/8         7179      23%
>> 10:03:18      314   ( 3.1 cores)    1/8         7178      23%
>> 10:03:20      302   ( 3.0 cores)    1/8         7178      23%
>> 10:03:22      316   ( 3.2 cores)    1/8         7171      23%
>> 10:03:24      313   ( 3.1 cores)    0/8         7167      23%
>> 10:03:26      326   ( 3.3 cores)    0/8         7169      23%
>> 10:03:28      291   ( 2.9 cores)    0/8         7180      23%
>> 10:03:30      298   ( 3.0 cores)    0/8         7188      23%
>> 10:03:32      343   ( 3.4 cores)    1/8         7186      23%
>> 10:03:34      304   ( 3.0 cores)    0/8         7179      23%
>> 10:03:36      335   ( 3.3 cores)    1/8         7175      23%
>> 10:03:38      311   ( 3.1 cores)    0/8         7183      23%
>> 10:03:40      306   ( 3.1 cores)    1/8         7182      23%
>> 10:03:42      314   ( 3.1 cores)    0/8         7177      23%
>> 10:03:44      383   ( 3.8 cores)    0/8         7175      23%
>> 10:03:46      406   ( 4.1 cores)    2/8         7191      23%
>> 10:03:48      319   ( 3.2 cores)    1/8         7163      23%
>> 10:03:50      307   ( 3.1 cores)    1/8         7181      23%
>> 10:03:52      312   ( 3.1 cores)    0/8         7180      23%
>> 10:03:54      310   ( 3.1 cores)    0/8         7191      23%
>> 10:03:56      304   ( 3.0 cores)    0/8         7194      23%
>> 10:03:58      312   ( 3.1 cores)    0/8         7175      23%
>> 10:04:00      308   ( 3.1 cores)    1/8         7182      23%
>> 10:04:02      397   ( 4.0 cores)    0/8         7175      23%
>> 10:04:04      314   ( 3.1 cores)    1/8         7182      23%
>> 10:04:06      299   ( 3.0 cores)    0/8         7193      23%
>> 10:04:08      308   ( 3.1 cores)    1/8         7191      23%
>> 10:04:10      334   ( 3.3 cores)    1/8         7174      23%
>> 10:04:12      301   ( 3.0 cores)    0/8         7178      23%
>> 10:04:14      309   ( 3.1 cores)    1/8         7171      23%
>> 10:04:16      297   ( 3.0 cores)    1/8         7171      23%
>> 10:04:18      309   ( 3.1 cores)    1/8         7194      23%
>> 10:04:20      296   ( 3.0 cores)    0/8         7193      23%
>> 10:04:22      309   ( 3.1 cores)    1/8         7166      23%
>> 10:04:24      316   ( 3.2 cores)    0/8         7169      23%
>> 10:04:26      299   ( 3.0 cores)    0/8         7182      23%
>> 10:04:28      327   ( 3.3 cores)    1/8         7184      23%
>> 10:04:30      308   ( 3.1 cores)    0/8         7192      23%
>> 10:04:32      310   ( 3.1 cores)    0/8         7173      23%
>> 10:04:34      314   ( 3.1 cores)    0/8         7188      23%
>> 10:04:36      339   ( 3.4 cores)    1/8         7171      23%
>> 10:04:38      313   ( 3.1 cores)    1/8         7191      23%
>> 10:04:40      293   ( 2.9 cores)    0/8         7195      23%
>> 10:04:42      312   ( 3.1 cores)    0/8         7200      23%
>> 10:04:44      322   ( 3.2 cores)    0/8         7180      23%
>> 10:04:46      339   ( 3.4 cores)    0/8         7193      23%
>> 10:04:48      430   ( 4.3 cores)    2/8         7373      23%
>> 10:04:50      306   ( 3.1 cores)    0/8         7187      23%
>> 10:04:52      309   ( 3.1 cores)    0/8         7195      23%
>> 10:04:54      339   ( 3.4 cores)    1/8         7165      23%
>> 10:04:56      323   ( 3.2 cores)    0/8         7167      23%
>> 10:04:58      367   ( 3.7 cores)    1/8         7169      23%
>> 10:05:00      309   ( 3.1 cores)    0/8         7172      23%
>> 10:05:02      301   ( 3.0 cores)    1/8         7181      23%
>> 10:05:04      310   ( 3.1 cores)    1/8         7177      23%
>> 10:05:06      309   ( 3.1 cores)    1/8         7178      23%
>> 10:05:08      317   ( 3.2 cores)    0/8         7168      23%
>> 10:05:10      302   ( 3.0 cores)    0/8         7175      23%
>> 10:05:12      306   ( 3.1 cores)    0/8         7178      23%
>> 10:05:14      321   ( 3.2 cores)    1/8         7170      23%
>> 10:05:16      314   ( 3.1 cores)    0/8         7178      23%
>> 10:05:19      309   ( 3.1 cores)    1/8         7181      23%
>> 10:05:21      298   ( 3.0 cores)    0/8         7189      23%
>> 10:05:23      312   ( 3.1 cores)    0/8         7203      23%
>> 10:05:25      316   ( 3.2 cores)    1/8         7180      23%
>> 10:05:27      317   ( 3.2 cores)    0/8         7186      23%
>> 10:05:29      322   ( 3.2 cores)    1/8         7166      23%
>> 10:05:31      300   ( 3.0 cores)    0/8         7174      23%
>> 10:05:33      309   ( 3.1 cores)    1/8         7174      23%
>> 10:05:35      320   ( 3.2 cores)    0/8         7186      23%
>> 10:05:37      331   ( 3.3 cores)    0/8         7189      23%
>> 10:05:39      310   ( 3.1 cores)    1/8         7191      23%
>> 10:05:41      303   ( 3.0 cores)    0/8         7193      23%
>> 10:05:43      304   ( 3.0 cores)    0/8         7195      23%
>> 10:05:45      319   ( 3.2 cores)    1/8         7188      23%
>> 10:05:47      304   ( 3.0 cores)    0/8         7190      23%
>> 10:05:49      304   ( 3.0 cores)    1/8         7198      23%
>> 10:05:51      433   ( 4.3 cores)    2/8         7422      24%
>> 10:05:53      341   ( 3.4 cores)    0/8         7195      23%
>> 10:05:55      311   ( 3.1 cores)    1/8         7188      23%
>> 10:05:57      303   ( 3.0 cores)    0/8         7178      23%
>> 10:05:59      316   ( 3.2 cores)    0/8         7179      23%
>> 10:06:01      308   ( 3.1 cores)    1/8         7197      23%
>> 10:06:03      314   ( 3.1 cores)    1/8         7197      23%
>> 10:06:05      310   ( 3.1 cores)    0/8         7190      23%
>> 10:06:07      305   ( 3.0 cores)    0/8         7190      23%
>> 10:06:09      305   ( 3.0 cores)    0/8         7199      23%
>> 10:06:11      317   ( 3.2 cores)    0/8         7189      23%
>> 10:06:13      310   ( 3.1 cores)    1/8         7178      23%
>> 10:06:15      339   ( 3.4 cores)    0/8         7186      23%
>> 10:06:17      314   ( 3.1 cores)    1/8         7192      23%
>> 10:06:19      300   ( 3.0 cores)    1/8         7191      23%
>> 10:06:21      314   ( 3.1 cores)    1/8         7178      23%
>> 10:06:23      304   ( 3.0 cores)    1/8         7179      23%
>> 10:06:25      317   ( 3.2 cores)    1/8         7180      23%
>> 10:06:27      305   ( 3.1 cores)    1/8         7191      23%
>> 10:06:29      312   ( 3.1 cores)    0/8         7179      23%
>> 10:06:31      307   ( 3.1 cores)    1/8         7187      23%
>> 10:06:33      307   ( 3.1 cores)    0/8         7206      23%
>> 10:06:35      311   ( 3.1 cores)    0/8         7199      23%
>> 10:06:37      360   ( 3.6 cores)    0/8         7191      23%
>> 10:06:39      296   ( 3.0 cores)    0/8         7192      23%
>> 10:06:41      334   ( 3.3 cores)    0/8         7176      23%
>> 10:06:43      303   ( 3.0 cores)    1/8         7178      23%
>> 10:06:45      316   ( 3.2 cores)    0/8         7184      23%
>> 10:06:47      319   ( 3.2 cores)    1/8         7173      23%
>> 10:06:49      301   ( 3.0 cores)    0/8         7175      23%
>> 10:06:51      310   ( 3.1 cores)    0/8         7182      23%
>> 10:06:53      397   ( 4.0 cores)    2/8         7331      23%
>> 10:06:55      368   ( 3.7 cores)    1/8         7196      23%
>> 10:06:57      306   ( 3.1 cores)    1/8         7189      23%
>> 10:06:59      313   ( 3.1 cores)    0/8         7190      23%
>> 10:07:01      312   ( 3.1 cores)    0/8         7195      23%
>> 10:07:03      325   ( 3.3 cores)    1/8         7194      23%
>> 10:07:05      304   ( 3.0 cores)    1/8         7194      23%
>> 10:07:07      311   ( 3.1 cores)    0/8         7191      23%
>> 10:07:09      305   ( 3.0 cores)    0/8         7191      23%
>> 10:07:11      314   ( 3.1 cores)    1/8         7187      23%
>> 10:07:13      300   ( 3.0 cores)    0/8         7186      23%
>> 10:07:15      303   ( 3.0 cores)    0/8         7184      23%
>> 10:07:17      323   ( 3.2 cores)    1/8         7178      23%
>> 10:07:19      301   ( 3.0 cores)    0/8         7187      23%
>> 10:07:21      318   ( 3.2 cores)    1/8         7182      23%
>> 10:07:23      301   ( 3.0 cores)    1/8         7179      23%
>> 10:07:25      303   ( 3.0 cores)    1/8         7178      23%
>> 10:07:27      321   ( 3.2 cores)    0/8         7171      23%
>> 10:07:29      314   ( 3.1 cores)    1/8         7165      23%
>> 10:07:31      302   ( 3.0 cores)    0/8         7167      23%
>> 10:07:33      305   ( 3.0 cores)    1/8         7172      23%
>> 10:07:35      302   ( 3.0 cores)    0/8         7173      23%
>> 10:07:37      344   ( 3.4 cores)    0/8         7175      23%
>> 10:07:39      312   ( 3.1 cores)    1/8         7174      23%
>> 10:07:41      304   ( 3.0 cores)    1/8         7185      23%
>> 10:07:43      307   ( 3.1 cores)    1/8         7185      23%
>> 10:07:45      310   ( 3.1 cores)    1/8         7193      23%
>> 10:07:47      314   ( 3.1 cores)    0/8         7189      23%
>> 10:07:49      308   ( 3.1 cores)    0/8         7199      23%
>> 10:07:51      296   ( 3.0 cores)    1/8         7197      23%
>> 10:07:53      311   ( 3.1 cores)    0/8         7199      23%
>> 10:07:55      372   ( 3.7 cores)    1/8         7232      23%
>> 10:07:57      399   ( 4.0 cores)    2/8         7198      23%
>> 10:07:59      319   ( 3.2 cores)    0/8         7179      23%
>> 10:08:01      306   ( 3.1 cores)    1/8         7194      23%
>> 10:08:03      311   ( 3.1 cores)    1/8         7199      23%
>> 10:08:05      303   ( 3.0 cores)    0/8         7198      23%
>> 10:08:07      322   ( 3.2 cores)    1/8         7184      23%
>> 10:08:09      305   ( 3.0 cores)    0/8         7194      23%
>> 10:08:11      312   ( 3.1 cores)    0/8         7197      23%
>> 10:08:13      316   ( 3.2 cores)    1/8         7185      23%
>> 10:08:15      309   ( 3.1 cores)    0/8         7196      23%
>> 10:08:17      320   ( 3.2 cores)    0/8         7192      23%
>> 10:08:19      310   ( 3.1 cores)    0/8         7197      23%
>> 10:08:21      305   ( 3.0 cores)    0/8         7206      23%
>> 10:08:23      308   ( 3.1 cores)    1/8         7184      23%
>> 10:08:25      309   ( 3.1 cores)    1/8         7191      23%
>> 10:08:27      323   ( 3.2 cores)    1/8         7167      23%
>> 10:08:29      313   ( 3.1 cores)    0/8         7180      23%
>> 10:08:31      307   ( 3.1 cores)    1/8         7177      23%
>> 10:08:33      321   ( 3.2 cores)    0/8         7182      23%
>> 10:08:35      312   ( 3.1 cores)    1/8         7184      23%
>> 10:08:37      354   ( 3.5 cores)    1/8         7168      23%
>> 10:08:39      300   ( 3.0 cores)    0/8         7172      23%
>> 10:08:41      306   ( 3.1 cores)    0/8         7177      23%
>> 10:08:43      311   ( 3.1 cores)    1/8         7171      23%
>> 10:08:45      305   ( 3.1 cores)    1/8         7176      23%
>> 10:08:47      327   ( 3.3 cores)    0/8         7192      23%
>> 10:08:49      307   ( 3.1 cores)    0/8         7177      23%
>> 10:08:51      299   ( 3.0 cores)    0/8         7181      23%
>> 10:08:53      305   ( 3.0 cores)    0/8         7181      23%
>> 10:08:55      299   ( 3.0 cores)    1/8         7178      23%
>> 10:08:57      374   ( 3.7 cores)    0/8         7184      23%
>> 10:08:59      422   ( 4.2 cores)    1/8         7183      23%
>> 10:09:01      321   ( 3.2 cores)    1/8         7178      23%
>> 10:09:03      310   ( 3.1 cores)    0/8         7181      23%
>> 10:09:05      300   ( 3.0 cores)    0/8         7184      23%
>> 10:09:07      309   ( 3.1 cores)    1/8         7187      23%
>> 10:09:09      318   ( 3.2 cores)    0/8         7178      23%
>> 10:09:11      304   ( 3.0 cores)    1/8         7178      23%
>> 10:09:13      314   ( 3.1 cores)    1/8         7192      23%
>> 10:09:15      361   ( 3.6 cores)    1/8         7243      23%
>> 10:09:17      314   ( 3.1 cores)    0/8         7181      23%
>> 10:09:19      314   ( 3.1 cores)    1/8         7184      23%
>> 10:09:21      308   ( 3.1 cores)    0/8         7189      23%
>> 10:09:23      324   ( 3.2 cores)    0/8         7181      23%
>> 10:09:25      353   ( 3.5 cores)    1/8         7187      23%
>> 10:09:27      310   ( 3.1 cores)    1/8         7195      23%
>> 10:09:29      308   ( 3.1 cores)    1/8         7182      23%
>> 10:09:31      320   ( 3.2 cores)    1/8         7190      23%
>> 10:09:33      309   ( 3.1 cores)    0/8         7177      23%
>> 10:09:35      301   ( 3.0 cores)    1/8         7185      23%
>> 10:09:37      347   ( 3.5 cores)    1/8         7184      23%
>> 10:09:39      324   ( 3.2 cores)    1/8         7175      23%
>> 10:09:41      300   ( 3.0 cores)    1/8         7175      23%
>> 10:09:43      314   ( 3.1 cores)    1/8         7171      23%
>> 10:09:45      311   ( 3.1 cores)    0/8         7180      23%
>> 10:09:47      299   ( 3.0 cores)    1/8         7180      23%
>> 10:09:49      322   ( 3.2 cores)    0/8         7172      23%
>> 10:09:51      301   ( 3.0 cores)    0/8         7186      23%
>> 10:09:53      304   ( 3.0 cores)    0/8         7166      23%
>> 10:09:55      317   ( 3.2 cores)    0/8         7171      23%
>> 10:09:57      311   ( 3.1 cores)    1/8         7181      23%
>> 10:09:59      330   ( 3.3 cores)    0/8         7203      23%
>> 10:10:01      434   ( 4.3 cores)    2/8         7469      24%
>> 10:10:03      333   ( 3.3 cores)    1/8         7182      23%
>> 10:10:05      302   ( 3.0 cores)    0/8         7192      23%
>> 10:10:07      304   ( 3.0 cores)    0/8         7199      23%
>> 10:10:09      314   ( 3.1 cores)    1/8         7177      23%
>> 10:10:11      302   ( 3.0 cores)    0/8         7187      23%
>> 10:10:13      335   ( 3.3 cores)    0/8         7184      23%
>> 10:10:15      305   ( 3.0 cores)    0/8         7188      23%
>> 10:10:17      303   ( 3.0 cores)    1/8         7180      23%
>> 10:10:19      322   ( 3.2 cores)    1/8         7184      23%
>> 10:10:21      306   ( 3.1 cores)    0/8         7194      23%
>> 10:10:23      319   ( 3.2 cores)    1/8         7208      23%
>> 10:10:25      311   ( 3.1 cores)    0/8         7182      23%
>> 10:10:27      310   ( 3.1 cores)    0/8         7184      23%
>> 10:10:29      317   ( 3.2 cores)    1/8         7198      23%
>> 10:10:31      312   ( 3.1 cores)    0/8         7192      23%
>> 10:10:33      308   ( 3.1 cores)    0/8         7196      23%
>> 10:10:35      310   ( 3.1 cores)    1/8         7210      23%
>> 10:10:37      337   ( 3.4 cores)    1/8         7191      23%
>> 10:10:39      315   ( 3.1 cores)    1/8         7165      23%
>> 10:10:41      307   ( 3.1 cores)    0/8         7172      23%
>> 10:10:43      310   ( 3.1 cores)    1/8         7173      23%
>> 10:10:45      308   ( 3.1 cores)    0/8         7174      23%
>> 10:10:47      308   ( 3.1 cores)    0/8         7178      23%
>> 10:10:49      308   ( 3.1 cores)    1/8         7179      23%
>> 10:10:51      302   ( 3.0 cores)    0/8         7179      23%
>> 10:10:53      319   ( 3.2 cores)    0/8         7185      23%
>> 10:10:55      301   ( 3.0 cores)    1/8         7192      23%
>> 10:10:57      306   ( 3.1 cores)    1/8         7197      23%
>> 10:10:59      305   ( 3.0 cores)    1/8         7179      23%
>> 10:11:01      334   ( 3.3 cores)    0/8         7182      23%
>> 10:11:03      419   ( 4.2 cores)    1/8         7334      23%
>> 10:11:05      364   ( 3.6 cores)    0/8         7190      23%
>> 10:11:07      303   ( 3.0 cores)    0/8         7196      23%
>> 10:11:09      312   ( 3.1 cores)    1/8         7198      23%
>> 10:11:11      299   ( 3.0 cores)    1/8         7198      23%
>> 10:11:13      305   ( 3.1 cores)    1/8         7199      23%
>> 10:11:15      310   ( 3.1 cores)    1/8         7185      23%
>> 10:11:17      310   ( 3.1 cores)    1/8         7196      23%
>> 10:11:19      306   ( 3.1 cores)    0/8         7200      23%
>> 10:11:21      307   ( 3.1 cores)    0/8         7194      23%
>> 10:11:23      299   ( 3.0 cores)    1/8         7209      23%
>> 10:11:25      307   ( 3.1 cores)    1/8         7191      23%
>> 10:11:27      306   ( 3.1 cores)    1/8         7190      23%
>> 10:11:29      311   ( 3.1 cores)    1/8         7192      23%
>> 10:11:31      312   ( 3.1 cores)    1/8         7191      23%
>> 10:11:33      303   ( 3.0 cores)    0/8         7199      23%
>> 10:11:35      307   ( 3.1 cores)    1/8         7205      23%
>> 10:11:37      347   ( 3.5 cores)    1/8         7208      23%
>> 10:11:39      310   ( 3.1 cores)    1/8         7196      23%
>> 10:11:41      308   ( 3.1 cores)    0/8         7192      23%
>> 10:11:43      300   ( 3.0 cores)    1/8         7202      23%
>> 10:11:45      315   ( 3.2 cores)    1/8         7188      23%
>> 10:11:47      299   ( 3.0 cores)    0/8         7192      23%
>> 10:11:49      323   ( 3.2 cores)    0/8         7184      23%
>> 10:11:51      312   ( 3.1 cores)    1/8         7202      23%
>> 10:11:53      299   ( 3.0 cores)    1/8         7206      23%
>> 10:11:55      315   ( 3.1 cores)    1/8         7208      23%
>> 10:11:57      305   ( 3.0 cores)    0/8         7216      23%
>> 10:11:59      310   ( 3.1 cores)    1/8         7216      23%
>> 10:12:01      335   ( 3.4 cores)    1/8         7169      23%
>> 10:12:03      305   ( 3.0 cores)    0/8         7180      23%
>> 10:12:05      392   ( 3.9 cores)    1/8         7248      23%
>> 10:12:07      388   ( 3.9 cores)    1/8         7178      23%
>> 10:12:09      298   ( 3.0 cores)    0/8         7178      23%
>> 10:12:11      315   ( 3.2 cores)    0/8         7178      23%
>> 10:12:13      310   ( 3.1 cores)    1/8         7174      23%
>> 10:12:15      316   ( 3.2 cores)    1/8         7184      23%
>> 10:12:17      334   ( 3.3 cores)    1/8         7175      23%
>> 10:12:19      304   ( 3.0 cores)    0/8         7182      23%
>> 10:12:21      318   ( 3.2 cores)    1/8         7187      23%
>> 10:12:23      301   ( 3.0 cores)    1/8         7187      23%
>> 10:12:25      314   ( 3.1 cores)    0/8         7183      23%
>> 10:12:27      306   ( 3.1 cores)    0/8         7199      23%
>> 10:12:29      306   ( 3.1 cores)    1/8         7203      23%
>> 10:12:31      324   ( 3.2 cores)    1/8         7182      23%
>> 10:12:33      307   ( 3.1 cores)    1/8         7183      23%
>> 10:12:35      304   ( 3.0 cores)    1/8         7203      23%
>> 10:12:37      341   ( 3.4 cores)    1/8         7175      23%
>> 10:12:39      300   ( 3.0 cores)    0/8         7179      23%
>> 10:12:41      320   ( 3.2 cores)    1/8         7179      23%
>> 10:12:43      311   ( 3.1 cores)    1/8         7183      23%
>> 10:12:45      317   ( 3.2 cores)    1/8         7191      23%
>> 10:12:47      299   ( 3.0 cores)    1/8         7186      23%
>> 10:12:49      298   ( 3.0 cores)    0/8         7186      23%
>> 10:12:51      318   ( 3.2 cores)    1/8         7187      23%
>> 10:12:53      342   ( 3.4 cores)    0/8         7187      23%
>> 10:12:55      304   ( 3.0 cores)    1/8         7187      23%
>> 10:12:57      311   ( 3.1 cores)    1/8         7190      23%
>> 10:12:59      312   ( 3.1 cores)    1/8         7196      23%
>> 10:13:01      326   ( 3.3 cores)    0/8         7190      23%
>> 10:13:03      310   ( 3.1 cores)    0/8         7188      23%
>> 10:13:05      307   ( 3.1 cores)    1/8         7187      23%
>> 10:13:07      360   ( 3.6 cores)    1/8         7200      23%
>> 10:13:09      410   ( 4.1 cores)    2/8         7201      23%
>> 10:13:11      315   ( 3.1 cores)    0/8         7186      23%
>> 10:13:13      309   ( 3.1 cores)    1/8         7194      23%
>> 10:13:15      317   ( 3.2 cores)    1/8         7182      23%
>> 10:13:17      302   ( 3.0 cores)    0/8         7172      23%
>> 10:13:19      315   ( 3.2 cores)    0/8         7174      23%
>> 10:13:21      312   ( 3.1 cores)    1/8         7193      23%
>> 10:13:23      309   ( 3.1 cores)    1/8         7186      23%
>> 10:13:25      298   ( 3.0 cores)    0/8         7192      23%
>> 10:13:27      309   ( 3.1 cores)    0/8         7185      23%
>> 10:13:29      305   ( 3.1 cores)    1/8         7187      23%
>> 10:13:31      326   ( 3.3 cores)    1/8         7185      23%
>> 10:13:33      332   ( 3.3 cores)    1/8         7183      23%
>> 10:13:35      306   ( 3.1 cores)    1/8         7187      23%
>> 10:13:37      347   ( 3.5 cores)    1/8         7192      23%
>> 10:13:39      310   ( 3.1 cores)    1/8         7196      23%
>> 10:13:41      334   ( 3.3 cores)    1/8         7181      23%
>> 10:13:43      297   ( 3.0 cores)    0/8         7188      23%
>> 10:13:45      315   ( 3.1 cores)    1/8         7199      23%
>> 10:13:47      309   ( 3.1 cores)    1/8         7181      23%
>> 10:13:49      296   ( 3.0 cores)    0/8         7191      23%
>> 10:13:51      303   ( 3.0 cores)    0/8         7200      23%
>> 10:13:53      318   ( 3.2 cores)    1/8         7204      23%
>> 10:13:55      306   ( 3.1 cores)    1/8         7203      23%
>> 10:13:57      321   ( 3.2 cores)    0/8         7181      23%
>> 10:13:59      369   ( 3.7 cores)    1/8         7182      23%
>> 10:14:01      316   ( 3.2 cores)    1/8         7189      23%
>> 10:14:03      326   ( 3.3 cores)    1/8         7192      23%
>> 10:14:05      311   ( 3.1 cores)    0/8         7192      23%
>> 10:14:07      303   ( 3.0 cores)    0/8         7171      23%
>> 10:14:09      336   ( 3.4 cores)    1/8         7190      23%
>> 10:14:11      431   ( 4.3 cores)    2/8         7436      24%
>> 10:14:13      318   ( 3.2 cores)    1/8         7203      23%
>> 10:14:15      312   ( 3.1 cores)    0/8         7194      23%
>> 10:14:17      299   ( 3.0 cores)    0/8         7202      23%
>> 10:14:19      311   ( 3.1 cores)    1/8         7202      23%
>> 10:14:21      312   ( 3.1 cores)    1/8         7180      23%
>> 10:14:23      342   ( 3.4 cores)    0/8         7191      23%
>> 10:14:25      308   ( 3.1 cores)    1/8         7199      23%
>> 10:14:27      314   ( 3.1 cores)    1/8         7196      23%
>> 10:14:29      308   ( 3.1 cores)    1/8         7187      23%
>> 10:14:31      309   ( 3.1 cores)    0/8         7182      23%
>> 10:14:33      319   ( 3.2 cores)    0/8         7194      23%
>> 10:14:35      316   ( 3.2 cores)    1/8         7189      23%
>> 10:14:37      333   ( 3.3 cores)    1/8         7174      23%
>> 10:14:39      297   ( 3.0 cores)    0/8         7175      23%
>> 10:14:41      306   ( 3.1 cores)    0/8         7183      23%
>> 10:14:43      305   ( 3.1 cores)    1/8         7197      23%
>> 10:14:45      312   ( 3.1 cores)    1/8         7193      23%
>> 10:14:47      318   ( 3.2 cores)    0/8         7198      23%
>> 10:14:49      301   ( 3.0 cores)    0/8         7203      23%
>> 10:14:51      308   ( 3.1 cores)    1/8         7202      23%
>> 10:14:53      326   ( 3.3 cores)    1/8         7195      23%
>> 10:14:55      294   ( 2.9 cores)    1/8         7191      23%
>> 10:14:57      307   ( 3.1 cores)    0/8         7185      23%
>> 10:14:59      320   ( 3.2 cores)    0/8         7193      23%
>> 10:15:01      305   ( 3.0 cores)    1/8         7193      23%
>> 10:15:03      316   ( 3.2 cores)    1/8         7190      23%
>> 10:15:05      304   ( 3.0 cores)    0/8         7193      23%
>> 10:15:07      289   ( 2.9 cores)    0/8         7193      23%
>> 10:15:09      321   ( 3.2 cores)    1/8         7189      23%
>> 10:15:11      308   ( 3.1 cores)    1/8         7197      23%
>> 10:15:13      443   ( 4.4 cores)    1/8         7405      24%
>> 10:15:15      353   ( 3.5 cores)    1/8         7185      23%
>> 10:15:17      294   ( 2.9 cores)    1/8         7184      23%
>> 10:15:19      314   ( 3.1 cores)    1/8         7184      23%
>> 10:15:21      297   ( 3.0 cores)    1/8         7192      23%
>> 10:15:23      312   ( 3.1 cores)    0/8         7203      23%
>> 10:15:25      306   ( 3.1 cores)    0/8         7208      23%
>> 10:15:27      304   ( 3.0 cores)    1/8         7211      23%
>> 10:15:29      315   ( 3.1 cores)    1/8         7203      23%
>> 10:15:31      309   ( 3.1 cores)    0/8         7203      23%
>> 10:15:33      321   ( 3.2 cores)    1/8         7184      23%
>> 10:15:35      316   ( 3.2 cores)    0/8         7190      23%
>> 10:15:37      326   ( 3.3 cores)    1/8         7186      23%
>> 10:15:39      325   ( 3.2 cores)    1/8         7191      23%
>> 10:15:41      310   ( 3.1 cores)    1/8         7194      23%
>> 10:15:43      305   ( 3.1 cores)    0/8         7200      23%
>> 10:15:45      309   ( 3.1 cores)    1/8         7203      23%
>> 10:15:47      305   ( 3.1 cores)    1/8         7213      23%
>> 10:15:49      307   ( 3.1 cores)    1/8         7189      23%
>> 10:15:51      321   ( 3.2 cores)    0/8         7194      23%
>> 10:15:53      301   ( 3.0 cores)    0/8         7177      23%
>> 10:15:55      304   ( 3.0 cores)    1/8         7194      23%
>> 10:15:57      304   ( 3.0 cores)    1/8         7194      23%
>> 10:15:59      333   ( 3.3 cores)    0/8         7200      23%
>> 10:16:01      330   ( 3.3 cores)    0/8         7209      23%
>> 10:16:03      324   ( 3.2 cores)    1/8         7189      23%
>> 10:16:05      308   ( 3.1 cores)    1/8         7197      23%
>> 10:16:07      305   ( 3.0 cores)    1/8         7200      23%
>> 10:16:09      309   ( 3.1 cores)    0/8         7199      23%
>> 10:16:11      313   ( 3.1 cores)    1/8         7199      23%
>> 10:16:13      320   ( 3.2 cores)    1/8         7185      23%
>> 10:16:15      408   ( 4.1 cores)    1/8         7271      23%
>> 10:16:17      381   ( 3.8 cores)    0/8         7209      23%
>> 10:16:19      310   ( 3.1 cores)    0/8         7188      23%
>> 10:16:21      302   ( 3.0 cores)    0/8         7199      23%
>> 10:16:23      309   ( 3.1 cores)    1/8         7188      23%
>> 10:16:25      311   ( 3.1 cores)    1/8         7197      23%
>> 10:16:27      306   ( 3.1 cores)    0/8         7192      23%
>> 10:16:29      315   ( 3.2 cores)    0/8         7186      23%
>> 10:16:31      311   ( 3.1 cores)    1/8         7188      23%
>> 10:16:33      319   ( 3.2 cores)    1/8         7189      23%
>> 10:16:35      323   ( 3.2 cores)    1/8         7189      23%
>> 10:16:37      319   ( 3.2 cores)    0/8         7195      23%
>> 10:16:39      330   ( 3.3 cores)    1/8         7199      23%
>> 10:16:41      320   ( 3.2 cores)    0/8         7199      23%
>> 10:16:43      305   ( 3.1 cores)    1/8         7205      23%
>> 10:16:45      321   ( 3.2 cores)    1/8         7191      23%
>> 10:16:47      300   ( 3.0 cores)    0/8         7194      23%
>> 10:16:49      310   ( 3.1 cores)    0/8         7199      23%
>> 10:16:51      310   ( 3.1 cores)    0/8         7191      23%
>> 10:16:53      310   ( 3.1 cores)    1/8         7193      23%
>> 10:16:55      311   ( 3.1 cores)    1/8         7198      23%
>> 10:16:57      302   ( 3.0 cores)    0/8         7202      23%
>> 10:16:59      322   ( 3.2 cores)    0/8         7209      23%
>> 10:17:01      315   ( 3.1 cores)    0/8         7203      23%
>> 10:17:03      321   ( 3.2 cores)    1/8         7219      23%
>> 10:17:05      316   ( 3.2 cores)    1/8         7208      23%
>> 10:17:07      302   ( 3.0 cores)    1/8         7208      23%
>> 10:17:09      299   ( 3.0 cores)    1/8         7210      23%
>> 10:17:11      307   ( 3.1 cores)    1/8         7210      23%
>> 10:17:13      307   ( 3.1 cores)    1/8         7205      23%
>> 10:17:15      325   ( 3.3 cores)    1/8         7204      23%
>> 10:17:17      363   ( 3.6 cores)    0/8         7208      23%
>> 10:17:19      400   ( 4.0 cores)    1/8         7204      23%
>> 10:17:21      306   ( 3.1 cores)    0/8         7205      23%
>> 10:17:23      313   ( 3.1 cores)    1/8         7196      23%
>> 10:17:25      314   ( 3.1 cores)    1/8         7213      23%
>> 10:17:27      308   ( 3.1 cores)    0/8         7217      23%
>> 10:17:29      307   ( 3.1 cores)    0/8         7204      23%
>> 10:17:31      301   ( 3.0 cores)    0/8         7190      23%
>> 10:17:33      321   ( 3.2 cores)    1/8         7190      23%
>> 10:17:35      325   ( 3.2 cores)    1/8         7202      23%
>> 10:17:37      319   ( 3.2 cores)    1/8         7202      23%
>> 10:17:39      300   ( 3.0 cores)    0/8         7205      23%
>> 10:17:41      308   ( 3.1 cores)    0/8         7207      23%
>> 10:17:43      313   ( 3.1 cores)    1/8         7214      23%
>> 10:17:45      318   ( 3.2 cores)    1/8         7214      23%
>> 10:17:47      312   ( 3.1 cores)    1/8         7204      23%
>> 10:17:49      299   ( 3.0 cores)    1/8         7204      23%
>> 10:17:51      316   ( 3.2 cores)    0/8         7190      23%
>> 10:17:53      301   ( 3.0 cores)    1/8         7190      23%
>> 10:17:55      313   ( 3.1 cores)    1/8         7179      23%
>> 10:17:57      312   ( 3.1 cores)    1/8         7187      23%
>> 10:17:59      302   ( 3.0 cores)    1/8         7188      23%
>> 10:18:01      312   ( 3.1 cores)    0/8         7183      23%
>> 10:18:03      307   ( 3.1 cores)    1/8         7197      23%
>> 10:18:05      326   ( 3.3 cores)    1/8         7184      23%
>> 10:18:07      313   ( 3.1 cores)    1/8         7186      23%
>> 10:18:09      322   ( 3.2 cores)    1/8         7187      23%
>> 10:18:11      310   ( 3.1 cores)    0/8         7200      23%
>> 10:18:13      306   ( 3.1 cores)    0/8         7210      23%
>> 10:18:15      315   ( 3.1 cores)    0/8         7195      23%
>> 10:18:17      307   ( 3.1 cores)    1/8         7206      23%
>> 10:18:19      347   ( 3.5 cores)    1/8         7196      23%
>> 10:18:21      446   ( 4.5 cores)    2/8         7310      23%
>> 10:18:23      319   ( 3.2 cores)    0/8         7191      23%
>> 10:18:25      312   ( 3.1 cores)    0/8         7185      23%
>> 10:18:27      308   ( 3.1 cores)    1/8         7191      23%
>> 10:18:29      308   ( 3.1 cores)    1/8         7188      23%
>> 10:18:31      319   ( 3.2 cores)    1/8         7193      23%
>> 10:18:33      335   ( 3.3 cores)    1/8         7180      23%
>> 10:18:35      344   ( 3.4 cores)    0/8         7213      23%
>> 10:18:37      319   ( 3.2 cores)    1/8         7198      23%
>> 10:18:39      305   ( 3.1 cores)    1/8         7203      23%
>> 10:18:41      313   ( 3.1 cores)    1/8         7194      23%
>> 10:18:43      316   ( 3.2 cores)    1/8         7191      23%
>> 10:18:45      311   ( 3.1 cores)    1/8         7183      23%
>> 10:18:47      347   ( 3.5 cores)    0/8         7174      23%
>> 10:18:49      314   ( 3.1 cores)    0/8         7180      23%
>> 10:18:51      299   ( 3.0 cores)    1/8         7192      23%
>> 10:18:53      310   ( 3.1 cores)    1/8         7203      23%
>> 10:18:55      309   ( 3.1 cores)    1/8         7182      23%
>> 10:18:57      304   ( 3.0 cores)    0/8         7190      23%
>> 10:18:59      311   ( 3.1 cores)    0/8         7198      23%
>> 10:19:01      302   ( 3.0 cores)    1/8         7206      23%
>> 10:19:03      332   ( 3.3 cores)    1/8         7196      23%
>> 10:19:05      336   ( 3.4 cores)    1/8         7190      23%
>> 10:19:07      300   ( 3.0 cores)    1/8         7201      23%
>> 10:19:09      302   ( 3.0 cores)    0/8         7201      23%
>> 10:19:11      306   ( 3.1 cores)    0/8         7201      23%
>> 10:19:13      312   ( 3.1 cores)    1/8         7213      23%
>> 10:19:15      375   ( 3.8 cores)    1/8         7185      23%
>> 10:19:17      310   ( 3.1 cores)    1/8         7199      23%
>> 10:19:19      306   ( 3.1 cores)    1/8         7209      23%
>> 10:19:21      307   ( 3.1 cores)    0/8         7198      23%
>> 10:19:23      435   ( 4.3 cores)    2/8         7412      24%
>> 10:19:25      353   ( 3.5 cores)    1/8         7207      23%
>> 10:19:27      303   ( 3.0 cores)    1/8         7206      23%
>> 10:19:29      306   ( 3.1 cores)    1/8         7209      23%
>> 10:19:31      311   ( 3.1 cores)    0/8         7204      23%
>> 10:19:33      307   ( 3.1 cores)    1/8         7209      23%
>> 10:19:35      379   ( 3.8 cores)    0/8         7204      23%
>> 10:19:37      318   ( 3.2 cores)    1/8         7209      23%
>> 10:19:39      307   ( 3.1 cores)    1/8         7211      23%
>> 10:19:41      304   ( 3.0 cores)    1/8         7222      23%
>> 10:19:43      305   ( 3.1 cores)    1/8         7189      23%
>> 10:19:45      315   ( 3.2 cores)    0/8         7200      23%
>> 10:19:47      304   ( 3.0 cores)    0/8         7209      23%
>> 10:19:49      312   ( 3.1 cores)    1/8         7211      23%
>> 10:19:51      328   ( 3.3 cores)    1/8         7211      23%
>> 10:19:53      305   ( 3.1 cores)    1/8         7214      23%
>> 10:19:55      300   ( 3.0 cores)    1/8         7207      23%
>> 10:19:57      302   ( 3.0 cores)    0/8         7214      23%
>> 10:19:59      308   ( 3.1 cores)    1/8         7207      23%
>> 10:20:01      301   ( 3.0 cores)    0/8         7218      23%
>> 10:20:03      368   ( 3.7 cores)    1/8         7207      23%
>> 10:20:05      333   ( 3.3 cores)    1/8         7202      23%
>> 10:20:07      309   ( 3.1 cores)    1/8         7210      23%
>> 10:20:09      297   ( 3.0 cores)    0/8         7222      23%
>> 10:20:11      308   ( 3.1 cores)    0/8         7226      23%
>> 10:20:13      316   ( 3.2 cores)    0/8         7223      23%
>> 10:20:15      312   ( 3.1 cores)    0/8         7233      23%
>> 10:20:17      340   ( 3.4 cores)    1/8         7224      23%
>> 10:20:19      307   ( 3.1 cores)    1/8         7211      23%
>> 10:20:21      300   ( 3.0 cores)    0/8         7208      23%
>> 10:20:23      311   ( 3.1 cores)    0/8         7204      23%
>> 10:20:25      409   ( 4.1 cores)    0/8         7301      23%
>> 10:20:27      400   ( 4.0 cores)    0/8         7216      23%
>> 10:20:29      315   ( 3.1 cores)    1/8         7197      23%
>> 10:20:31      305   ( 3.1 cores)    1/8         7200      23%
>> 10:20:33      303   ( 3.0 cores)    1/8         7209      23%
>> 10:20:35      352   ( 3.5 cores)    1/8         7216      23%
>> 10:20:37      318   ( 3.2 cores)    0/8         7203      23%
>> 10:20:39      295   ( 2.9 cores)    0/8         7208      23%
>> 10:20:41      297   ( 3.0 cores)    1/8         7213      23%
>> 10:20:43      307   ( 3.1 cores)    1/8         7223      23%
>> 10:20:45      320   ( 3.2 cores)    1/8         7207      23%
>> 10:20:47      313   ( 3.1 cores)    0/8         7204      23%
>> 10:20:49      310   ( 3.1 cores)    0/8         7208      23%
>> 10:20:51      311   ( 3.1 cores)    0/8         7216      23%
>> 10:20:53      297   ( 3.0 cores)    1/8         7227      23%
>> 10:20:55      313   ( 3.1 cores)    1/8         7208      23%
>> 10:20:57      318   ( 3.2 cores)    1/8         7208      23%
>> 10:20:59      305   ( 3.0 cores)    1/8         7192      23%
>> 10:21:01      300   ( 3.0 cores)    0/8         7193      23%
>> 10:21:03      302   ( 3.0 cores)    0/8         7200      23%
>> 10:21:05      317   ( 3.2 cores)    0/8         7202      23%
>> 10:21:07      304   ( 3.0 cores)    0/8         7208      23%
>> 10:21:09      306   ( 3.1 cores)    1/8         7218      23%
>> 10:21:11      311   ( 3.1 cores)    1/8         7226      23%
>> 10:21:13      307   ( 3.1 cores)    1/8         7219      23%
>> 10:21:15      310   ( 3.1 cores)    1/8         7212      23%
>> 10:21:17      305   ( 3.1 cores)    0/8         7217      23%
>> 10:21:19      294   ( 2.9 cores)    0/8         7227      23%
>> 10:21:21      317   ( 3.2 cores)    0/8         7238      23%
>> 10:21:23      300   ( 3.0 cores)    0/8         7238      23%
>> 10:21:25      299   ( 3.0 cores)    1/8         7230      23%
>> 10:21:27      378   ( 3.8 cores)    1/8         7217      23%
>> 10:21:29      411   ( 4.1 cores)    1/8         7207      23%
>> 10:21:31      316   ( 3.2 cores)    0/8         7209      23%
>> 10:21:33      307   ( 3.1 cores)    1/8         7208      23%
>> 10:21:35      355   ( 3.6 cores)    0/8         7211      23%
>> 10:21:37      308   ( 3.1 cores)    1/8         7208      23%
>> 10:21:39      333   ( 3.3 cores)    1/8         7219      23%
>> 10:21:41      330   ( 3.3 cores)    1/8         7222      23%
>> 10:21:43      303   ( 3.0 cores)    1/8         7228      23%
>> 10:21:45      312   ( 3.1 cores)    1/8         7220      23%
>> 10:21:47      306   ( 3.1 cores)    1/8         7211      23%
>> 10:21:49      305   ( 3.0 cores)    0/8         7222      23%
>> 10:21:51      306   ( 3.1 cores)    0/8         7218      23%
>> 10:21:53      321   ( 3.2 cores)    1/8         7232      23%
>> 10:21:55      319   ( 3.2 cores)    1/8         7215      23%
>> 10:21:57      322   ( 3.2 cores)    1/8         7217      23%
>> 10:21:59      300   ( 3.0 cores)    1/8         7229      23%
>> 10:22:01      315   ( 3.1 cores)    1/8         7201      23%
>> 10:22:03      302   ( 3.0 cores)    0/8         7209      23%
>> 10:22:05      313   ( 3.1 cores)    0/8         7210      23%
>> 10:22:07      309   ( 3.1 cores)    0/8         7213      23%
>> 10:22:09      302   ( 3.0 cores)    1/8         7200      23%
>> 10:22:11      316   ( 3.2 cores)    1/8         7214      23%
>> 10:22:13      309   ( 3.1 cores)    1/8         7217      23%
>> 10:22:15      365   ( 3.7 cores)    1/8         7198      23%
>> 10:22:17      318   ( 3.2 cores)    1/8         7198      23%
>> 10:22:19      299   ( 3.0 cores)    1/8         7201      23%
>> 10:22:21      318   ( 3.2 cores)    0/8         7207      23%
>> 10:22:23      311   ( 3.1 cores)    0/8         7217      23%
>> 10:22:25      302   ( 3.0 cores)    1/8         7225      23%
>> 10:22:27      324   ( 3.2 cores)    1/8         7209      23%
>> 10:22:29      350   ( 3.5 cores)    1/8         7238      23%
>> 10:22:31      426   ( 4.3 cores)    2/8         7486      24%
>> 10:22:33      317   ( 3.2 cores)    0/8         7212      23%
>> 10:22:35      351   ( 3.5 cores)    1/8         7218      23%
>> 10:22:37      322   ( 3.2 cores)    1/8         7217      23%
>> 10:22:39      307   ( 3.1 cores)    0/8         7210      23%
>> 10:22:41      306   ( 3.1 cores)    1/8         7217      23%
>> 10:22:43      302   ( 3.0 cores)    1/8         7218      23%
>> 10:22:45      316   ( 3.2 cores)    1/8         7221      23%
>> 10:22:47      310   ( 3.1 cores)    0/8         7206      23%
>> 10:22:49      312   ( 3.1 cores)    0/8         7212      23%
>> 10:22:51      307   ( 3.1 cores)    0/8         7216      23%
>> 10:22:53      300   ( 3.0 cores)    0/8         7220      23%
>> 10:22:55      307   ( 3.1 cores)    1/8         7226      23%
>> 10:22:57      331   ( 3.3 cores)    1/8         7223      23%
>> 10:22:59      332   ( 3.3 cores)    1/8         7213      23%
>> 10:23:01      341   ( 3.4 cores)    1/8         7198      23%
>> 10:23:03      315   ( 3.1 cores)    1/8         7206      23%
>> 10:23:05      303   ( 3.0 cores)    0/8         7211      23%
>> 10:23:07      322   ( 3.2 cores)    0/8         7215      23%
>> 10:23:09      300   ( 3.0 cores)    0/8         7212      23%
>> 10:23:12      305   ( 3.0 cores)    0/8         7224      23%
>> 10:23:14      322   ( 3.2 cores)    1/8         7231      23%
>> 10:23:16      306   ( 3.1 cores)    1/8         7240      23%
>> 10:23:18      322   ( 3.2 cores)    1/8         7217      23%
>> 10:23:20      309   ( 3.1 cores)    1/8         7202      23%
>> 10:23:22      308   ( 3.1 cores)    0/8         7213      23%
>> 10:23:24      308   ( 3.1 cores)    0/8         7216      23%
>> 10:23:26      319   ( 3.2 cores)    1/8         7197      23%
>> 10:23:28      321   ( 3.2 cores)    0/8         7215      23%
>> 10:23:30      333   ( 3.3 cores)    1/8         7215      23%
>> 10:23:32      309   ( 3.1 cores)    1/8         7219      23%
>> 10:23:34      429   ( 4.3 cores)    2/8         7404      24%
>> 10:23:36      384   ( 3.8 cores)    1/8         7211      23%
>> 10:23:38      326   ( 3.3 cores)    1/8         7217      23%
>> 10:23:40      309   ( 3.1 cores)    1/8         7231      23%
>> 10:23:42      309   ( 3.1 cores)    0/8         7231      23%
>> 10:23:44      306   ( 3.1 cores)    0/8         7234      23%
>> 10:23:46      310   ( 3.1 cores)    0/8         7223      23%
>> 10:23:48      313   ( 3.1 cores)    1/8         7217      23%
>> 10:23:50      303   ( 3.0 cores)    1/8         7219      23%
>> 10:23:52      317   ( 3.2 cores)    1/8         7231      23%
>> 10:23:54      297   ( 3.0 cores)    1/8         7220      23%
>> 10:23:56      295   ( 2.9 cores)    1/8         7228      23%
>> 10:23:58      307   ( 3.1 cores)    1/8         7224      23%
>> 10:24:00      307   ( 3.1 cores)    0/8         7222      23%
>> 10:24:02      301   ( 3.0 cores)    0/8         7215      23%
>> 10:24:04      319   ( 3.2 cores)    0/8         7224      23%
>> 10:24:06      306   ( 3.1 cores)    0/8         7227      23%
>> 10:24:08      335   ( 3.3 cores)    1/8         7220      23%
>> 10:24:10      311   ( 3.1 cores)    1/8         7227      23%
>> 10:24:12      306   ( 3.1 cores)    1/8         7237      23%
>> 10:24:14      305   ( 3.1 cores)    1/8         7228      23%
>> 10:24:16      320   ( 3.2 cores)    1/8         7228      23%
>> 10:24:18      313   ( 3.1 cores)    1/8         7222      23%
>> 10:24:20      312   ( 3.1 cores)    1/8         7219      23%
>> 10:24:22      307   ( 3.1 cores)    0/8         7220      23%
>> 10:24:24      310   ( 3.1 cores)    1/8         7204      23%
>> 10:24:26      300   ( 3.0 cores)    0/8         7213      23%
>> 10:24:28      332   ( 3.3 cores)    1/8         7216      23%
>> 10:24:30      307   ( 3.1 cores)    1/8         7210      23%
>> 10:24:32      303   ( 3.0 cores)    1/8         7212      23%
>> 10:24:34      307   ( 3.1 cores)    1/8         7216      23%
>> 10:24:36      426   ( 4.3 cores)    1/8         7289      23%
>> 10:24:38      397   ( 4.0 cores)    0/8         7213      23%
>> 10:24:40      317   ( 3.2 cores)    0/8         7219      23%
>> 10:24:42      306   ( 3.1 cores)    0/8         7218      23%
>> 10:24:44      309   ( 3.1 cores)    0/8         7214      23%
>> 10:24:46      311   ( 3.1 cores)    0/8         7221      23%
>> 10:24:48      301   ( 3.0 cores)    1/8         7228      23%
>> 10:24:50      307   ( 3.1 cores)    1/8         7209      23%
>> 10:24:52      303   ( 3.0 cores)    1/8         7225      23%
>> 10:24:54      314   ( 3.1 cores)    1/8         7214      23%
>> 10:24:56      303   ( 3.0 cores)    1/8         7221      23%
>> 10:24:58      310   ( 3.1 cores)    0/8         7229      23%
>> 10:25:00      306   ( 3.1 cores)    1/8         7206      23%
>> 10:25:02      299   ( 3.0 cores)    0/8         7213      23%
>> 10:25:04      306   ( 3.1 cores)    1/8         7219      23%
>> 10:25:06      308   ( 3.1 cores)    0/8         7221      23%
>> 10:25:08      326   ( 3.3 cores)    1/8         7204      23%
>> 10:25:10      323   ( 3.2 cores)    1/8         7218      23%
>> 10:25:12      304   ( 3.0 cores)    1/8         7224      23%
>> 10:25:14      314   ( 3.1 cores)    1/8         7214      23%
>> 10:25:16      307   ( 3.1 cores)    1/8         7215      23%
>> 10:25:18      315   ( 3.2 cores)    1/8         7222      23%
>> 10:25:20      324   ( 3.2 cores)    0/8         7226      23%
>> 10:25:22      300   ( 3.0 cores)    0/8         7234      23%
>> 10:25:24      309   ( 3.1 cores)    1/8         7223      23%
>> 10:25:26      298   ( 3.0 cores)    0/8         7224      23%
>> 10:25:28      376   ( 3.8 cores)    1/8         7213      23%
>> 10:25:30      324   ( 3.2 cores)    1/8         7198      23%
>> 10:25:32      312   ( 3.1 cores)    1/8         7208      23%
>> 10:25:34      303   ( 3.0 cores)    1/8         7215      23%
>> 10:25:36      341   ( 3.4 cores)    1/8         7218      23%
>> 10:25:38      378   ( 3.8 cores)    1/8         7235      23%
>> 10:25:40      441   ( 4.4 cores)    2/8         7212      23%
>> 10:25:42      309   ( 3.1 cores)    0/8         7219      23%
>> 10:25:44      308   ( 3.1 cores)    1/8         7222      23%
>> 10:25:46      306   ( 3.1 cores)    0/8         7232      23%
>> 10:25:48      308   ( 3.1 cores)    1/8         7223      23%
>> 10:25:50      313   ( 3.1 cores)    0/8         7216      23%
>> 10:25:52      323   ( 3.2 cores)    1/8         7231      23%
>> 10:25:54      298   ( 3.0 cores)    1/8         7232      23%
>> 10:25:56      304   ( 3.0 cores)    1/8         7234      23%
>> 10:25:58      329   ( 3.3 cores)    1/8         7233      23%
>> 10:26:00      321   ( 3.2 cores)    1/8         7215      23%
>> 10:26:02      329   ( 3.3 cores)    1/8         7216      23%
>> 10:26:04      301   ( 3.0 cores)    1/8         7226      23%
>> 10:26:06      303   ( 3.0 cores)    1/8         7215      23%
>> 10:26:08      309   ( 3.1 cores)    0/8         7219      23%
>> 10:26:10      303   ( 3.0 cores)    1/8         7226      23%
>> 10:26:12      304   ( 3.0 cores)    0/8         7223      23%
>> 10:26:14      313   ( 3.1 cores)    0/8         7227      23%
>> 10:26:16      307   ( 3.1 cores)    1/8         7225      23%
>> 10:26:18      307   ( 3.1 cores)    1/8         7217      23%
>> 10:26:20      306   ( 3.1 cores)    1/8         7202      23%
>> 10:26:22      310   ( 3.1 cores)    1/8         7209      23%
>> 10:26:24      365   ( 3.7 cores)    1/8         7214      23%
>> 10:26:26      315   ( 3.2 cores)    1/8         7213      23%
>> 10:26:28      304   ( 3.0 cores)    1/8         7218      23%
>> 10:26:30      308   ( 3.1 cores)    1/8         7206      23%
>> 10:26:32      305   ( 3.1 cores)    1/8         7217      23%
>> 10:26:34      309   ( 3.1 cores)    0/8         7217      23%
>> 10:26:36      331   ( 3.3 cores)    0/8         7224      23%
>> 10:26:38      317   ( 3.2 cores)    0/8         7219      23%
>> 10:26:40      369   ( 3.7 cores)    1/8         7224      23%
>> 10:26:42      439   ( 4.4 cores)    2/8         7479      24%
>> 10:26:44      329   ( 3.3 cores)    1/8         7222      23%
>> 10:26:46      316   ( 3.2 cores)    1/8         7230      23%
>> 10:26:48      304   ( 3.0 cores)    1/8         7231      23%
>> 10:26:50      298   ( 3.0 cores)    1/8         7221      23%
>> 10:26:52      315   ( 3.2 cores)    1/8         7230      23%
>> 10:26:54      302   ( 3.0 cores)    1/8         7225      23%
>> 10:26:56      304   ( 3.0 cores)    1/8         7221      23%
>> 10:26:58      301   ( 3.0 cores)    1/8         7225      23%
>> 10:27:00      301   ( 3.0 cores)    0/8         7231      23%
>> 10:27:02      307   ( 3.1 cores)    1/8         7212      23%
>> 10:27:04      311   ( 3.1 cores)    0/8         7222      23%
>> 10:27:06      320   ( 3.2 cores)    1/8         7209      23%
>> 10:27:08      318   ( 3.2 cores)    0/8         7231      23%
>> 10:27:10      302   ( 3.0 cores)    0/8         7216      23%
>> 10:27:12      310   ( 3.1 cores)    0/8         7215      23%
>> 10:27:14      308   ( 3.1 cores)    1/8         7199      23%
>> 10:27:16      310   ( 3.1 cores)    1/8         7212      23%
>> 10:27:18      306   ( 3.1 cores)    1/8         7234      23%
>> 10:27:20      306   ( 3.1 cores)    1/8         7226      23%
>> 10:27:22      309   ( 3.1 cores)    1/8         7222      23%
>> 10:27:24      316   ( 3.2 cores)    1/8         7222      23%
>> 10:27:26      306   ( 3.1 cores)    1/8         7212      23%
>> 10:27:28      307   ( 3.1 cores)    0/8         7223      23%
>> 10:27:30      379   ( 3.8 cores)    0/8         7234      23%
>> 10:27:32      309   ( 3.1 cores)    0/8         7212      23%
>> 10:27:34      310   ( 3.1 cores)    0/8         7209      23%
>> 10:27:36      343   ( 3.4 cores)    1/8         7209      23%
>> 10:27:38      307   ( 3.1 cores)    0/8         7213      23%
>> 10:27:40      313   ( 3.1 cores)    1/8         7221      23%
>> 10:27:42      307   ( 3.1 cores)    0/8         7214      23%
>> 10:27:44      433   ( 4.3 cores)    2/8         7401      24%
>> 10:27:46      354   ( 3.5 cores)    1/8         7229      23%
>> 10:27:48      306   ( 3.1 cores)    1/8         7242      23%
>> 10:27:50      304   ( 3.0 cores)    1/8         7245      23%
>> 10:27:52      306   ( 3.1 cores)    1/8         7222      23%
>> 10:27:54      301   ( 3.0 cores)    1/8         7227      23%
>> 10:27:56      308   ( 3.1 cores)    0/8         7213      23%
>> 10:27:58      308   ( 3.1 cores)    1/8         7223      23%
>> 10:28:00      309   ( 3.1 cores)    0/8         7214      23%
>> 10:28:02      304   ( 3.0 cores)    0/8         7215      23%
>> 10:28:04      314   ( 3.1 cores)    0/8         7218      23%
>> 10:28:06      298   ( 3.0 cores)    1/8         7217      23%
>> 10:28:08      312   ( 3.1 cores)    1/8         7220      23%
>> 10:28:10      315   ( 3.2 cores)    0/8         7224      23%
>> 10:28:12      313   ( 3.1 cores)    1/8         7213      23%
>> 10:28:14      302   ( 3.0 cores)    1/8         7218      23%
>> 10:28:16      303   ( 3.0 cores)    1/8         7217      23%
>> 10:28:18      302   ( 3.0 cores)    1/8         7232      23%
>> 10:28:20      311   ( 3.1 cores)    1/8         7226      23%
>> 10:28:22      314   ( 3.1 cores)    1/8         7209      23%
>> 10:28:24      306   ( 3.1 cores)    1/8         7213      23%
>> 10:28:26      303   ( 3.0 cores)    1/8         7218      23%
>> 10:28:28      296   ( 3.0 cores)    1/8         7214      23%
>> 10:28:30      314   ( 3.1 cores)    0/8         7219      23%
>> 10:28:32      310   ( 3.1 cores)    0/8         7204      23%
>> 10:28:34      301   ( 3.0 cores)    0/8         7205      23%
>> 10:28:36      346   ( 3.5 cores)    1/8         7230      23%
>> 10:28:38      305   ( 3.0 cores)    0/8         7236      23%
>> 10:28:40      315   ( 3.1 cores)    1/8         7229      23%
>> 10:28:42      312   ( 3.1 cores)    0/8         7218      23%
>> 10:28:44      318   ( 3.2 cores)    1/8         7218      23%
>> 10:28:46      410   ( 4.1 cores)    0/8         7277      23%
>> 10:28:48      379   ( 3.8 cores)    1/8         7237      23%
>> 10:28:50      301   ( 3.0 cores)    1/8         7237      23%
>> 10:28:52      312   ( 3.1 cores)    1/8         7213      23%
>> 10:28:54      310   ( 3.1 cores)    1/8         7221      23%
>> 10:28:56      303   ( 3.0 cores)    1/8         7225      23%
>> 10:28:58      306   ( 3.1 cores)    1/8         7223      23%
>> 10:29:00      308   ( 3.1 cores)    1/8         7217      23%
>> 10:29:02      331   ( 3.3 cores)    1/8         7220      23%
>> 10:29:04      310   ( 3.1 cores)    1/8         7211      23%
>> 10:29:06      305   ( 3.1 cores)    1/8         7215      23%
>> 10:29:08      303   ( 3.0 cores)    1/8         7226      23%
>> 10:29:10      313   ( 3.1 cores)    1/8         7207      23%
>> 10:29:12      335   ( 3.3 cores)    0/8         7220      23%
>> 10:29:14      307   ( 3.1 cores)    0/8         7209      23%
>> 10:29:16      313   ( 3.1 cores)    0/8         7227      23%
>> 10:29:18      306   ( 3.1 cores)    0/8         7230      23%
>> 10:29:20      310   ( 3.1 cores)    1/8         7232      23%
>> 10:29:22      311   ( 3.1 cores)    1/8         7239      23%
>> 10:29:24      316   ( 3.2 cores)    1/8         7210      23%
>> 10:29:26      305   ( 3.0 cores)    0/8         7218      23%
>> 10:29:28      307   ( 3.1 cores)    1/8         7219      23%
>> 10:29:30      310   ( 3.1 cores)    1/8         7226      23%
>> 10:29:32      301   ( 3.0 cores)    1/8         7226      23%
>> 10:29:34      327   ( 3.3 cores)    0/8         7209      23%
>> 10:29:36      339   ( 3.4 cores)    1/8         7213      23%
>> 10:29:38      313   ( 3.1 cores)    1/8         7229      23%
>> 10:29:40      321   ( 3.2 cores)    1/8         7228      23%
>> 10:29:42      308   ( 3.1 cores)    1/8         7236      23%
>> 10:29:44      332   ( 3.3 cores)    1/8         7234      23%
>> 10:29:46      326   ( 3.3 cores)    1/8         7231      23%
>> 10:29:48      368   ( 3.7 cores)    1/8         7233      23%
>> 10:29:50      416   ( 4.2 cores)    2/8         7235      23%
>> 10:29:52      299   ( 3.0 cores)    1/8         7237      23%
>> 10:29:54      314   ( 3.1 cores)    0/8         7233      23%
>> 10:29:56      314   ( 3.1 cores)    0/8         7242      23%
>> 10:29:58      307   ( 3.1 cores)    0/8         7246      23%
>> 10:30:00      407   ( 4.1 cores)    1/8         7247      23%
>> 10:30:02      301   ( 3.0 cores)    0/8         7228      23%
>> 10:30:04      304   ( 3.0 cores)    0/8         7219      23%
>> 10:30:06      299   ( 3.0 cores)    1/8         7218      23%
>> 10:30:08      304   ( 3.0 cores)    0/8         7208      23%
>> 10:30:10      318   ( 3.2 cores)    1/8         7212      23%
>> 10:30:12      298   ( 3.0 cores)    0/8         7213      23%
>> 10:30:14      321   ( 3.2 cores)    1/8         7272      23%
>> 10:30:16      369   ( 3.7 cores)    1/8         7211      23%
>> 10:30:18      300   ( 3.0 cores)    1/8         7220      23%
>> 10:30:20      305   ( 3.0 cores)    0/8         7223      23%
>> 10:30:22      311   ( 3.1 cores)    1/8         7222      23%
>> 10:30:24      307   ( 3.1 cores)    1/8         7218      23%
>> 10:30:26      313   ( 3.1 cores)    1/8         7225      23%
>> 10:30:28      298   ( 3.0 cores)    1/8         7231      23%
>> 10:30:30      324   ( 3.2 cores)    1/8         7225      23%
>> 10:30:32      302   ( 3.0 cores)    1/8         7237      23%
>> 10:30:34      311   ( 3.1 cores)    1/8         7224      23%
>> 10:30:36      342   ( 3.4 cores)    1/8         7215      23%
>> 10:30:38      300   ( 3.0 cores)    1/8         7214      23%
>> 10:30:40      317   ( 3.2 cores)    1/8         7204      23%
>> 10:30:42      303   ( 3.0 cores)    1/8         7212      23%
>> 10:30:44      317   ( 3.2 cores)    1/8         7215      23%
>> 10:30:46      310   ( 3.1 cores)    1/8         7219      23%
>> 10:30:48      310   ( 3.1 cores)    1/8         7216      23%
>> 10:30:50      341   ( 3.4 cores)    1/8         7231      23%
>> 10:30:52      425   ( 4.3 cores)    1/8         7501      24%
>> 10:30:54      343   ( 3.4 cores)    1/8         7237      23%
>> 10:30:56      317   ( 3.2 cores)    1/8         7242      23%
>> 10:30:58      302   ( 3.0 cores)    0/8         7243      23%
>> 10:31:00      312   ( 3.1 cores)    0/8         7241      23%
>> 10:31:02      378   ( 3.8 cores)    1/8         7244      23%
>> 10:31:04      334   ( 3.3 cores)    0/8         7220      23%
>> 10:31:06      310   ( 3.1 cores)    0/8         7234      23%
>> 10:31:08      310   ( 3.1 cores)    1/8         7234      23%
>> 10:31:10      318   ( 3.2 cores)    0/8         7240      23%
>> 10:31:12      302   ( 3.0 cores)    0/8         7235      23%
>> 10:31:14      366   ( 3.7 cores)    0/8         7220      23%
>> 10:31:16      296   ( 3.0 cores)    0/8         7230      23%
>> 10:31:18      304   ( 3.0 cores)    0/8         7240      23%
>> 10:31:20      313   ( 3.1 cores)    0/8         7229      23%
>> 10:31:22      327   ( 3.3 cores)    1/8         7236      23%
>> 10:31:24      318   ( 3.2 cores)    1/8         7235      23%
>> 10:31:26      335   ( 3.4 cores)    0/8         7223      23%
>> 10:31:28      315   ( 3.2 cores)    0/8         7223      23%
>> 10:31:30      303   ( 3.0 cores)    1/8         7228      23%
>> 10:31:32      300   ( 3.0 cores)    1/8         7231      23%
>> 10:31:34      301   ( 3.0 cores)    1/8         7236      23%
>> 10:31:36      338   ( 3.4 cores)    1/8         7223      23%
>> 10:31:38      328   ( 3.3 cores)    1/8         7236      23%
>> 10:31:40      313   ( 3.1 cores)    1/8         7234      23%
>> 10:31:42      291   ( 2.9 cores)    1/8         7237      23%
>> 10:31:44      312   ( 3.1 cores)    1/8         7238      23%
>> 10:31:46      322   ( 3.2 cores)    1/8         7232      23%
>> 10:31:48      303   ( 3.0 cores)    1/8         7240      23%
>> 10:31:50      307   ( 3.1 cores)    1/8         7243      23%
>> 10:31:52      305   ( 3.0 cores)    1/8         7232      23%
>> 10:31:54      431   ( 4.3 cores)    2/8         7410      24%
>> 10:31:56      368   ( 3.7 cores)    1/8         7232      23%
>> 10:31:58      314   ( 3.1 cores)    1/8         7241      23%
>> 10:32:00      312   ( 3.1 cores)    1/8         7237      23%
>> 10:32:02      299   ( 3.0 cores)    1/8         7243      23%
>> 10:32:04      312   ( 3.1 cores)    1/8         7243      23%
>> 10:32:06      311   ( 3.1 cores)    1/8         7232      23%
>> 10:32:08      310   ( 3.1 cores)    1/8         7232      23%
>> 10:32:10      308   ( 3.1 cores)    1/8         7235      23%
>> 10:32:12      315   ( 3.1 cores)    1/8         7231      23%
>> 10:32:14      325   ( 3.2 cores)    1/8         7234      23%
>> 10:32:16      315   ( 3.2 cores)    1/8         7244      23%
>> 10:32:18      299   ( 3.0 cores)    1/8         7245      23%
>> 10:32:20      328   ( 3.3 cores)    1/8         7247      23%
>> 10:32:22      318   ( 3.2 cores)    1/8         7252      23%
>> 10:32:24      309   ( 3.1 cores)    1/8         7255      23%
>> 10:32:26      310   ( 3.1 cores)    1/8         7241      23%
>> 10:32:28      310   ( 3.1 cores)    1/8         7242      23%
>> 10:32:30      307   ( 3.1 cores)    1/8         7241      23%
>> 10:32:32      303   ( 3.0 cores)    1/8         7239      23%
>> 10:32:34      326   ( 3.3 cores)    1/8         7232      23%
>> 10:32:36      348   ( 3.5 cores)    1/8         7233      23%
>> 10:32:38      308   ( 3.1 cores)    1/8         7239      23%
>> 10:32:40      303   ( 3.0 cores)    0/8         7241      23%
>> 10:32:42      313   ( 3.1 cores)    1/8         7224      23%
>> 10:32:44      304   ( 3.0 cores)    1/8         7238      23%
>> 10:32:46      327   ( 3.3 cores)    1/8         7226      23%
>> 10:32:48      302   ( 3.0 cores)    1/8         7231      23%
>> 10:32:50      300   ( 3.0 cores)    1/8         7239      23%
>> 10:32:52      313   ( 3.1 cores)    0/8         7241      23%
>> 10:32:54      303   ( 3.0 cores)    1/8         7231      23%
>> 10:32:56      413   ( 4.1 cores)    1/8         7284      23%
>> 10:32:58      391   ( 3.9 cores)    0/8         7243      23%
>> 10:33:00      298   ( 3.0 cores)    0/8         7240      23%
>> 10:33:02      305   ( 3.1 cores)    1/8         7243      23%
>> 10:33:04      294   ( 2.9 cores)    0/8         7254      23%
>> 10:33:06      307   ( 3.1 cores)    1/8         7230      23%
>> 10:33:08      300   ( 3.0 cores)    1/8         7232      23%
>> 10:33:10      314   ( 3.1 cores)    1/8         7242      23%
>> 10:33:12      313   ( 3.1 cores)    1/8         7239      23%
>> 10:33:14      310   ( 3.1 cores)    1/8         7251      23%
>> 10:33:16      310   ( 3.1 cores)    1/8         7239      23%
>> 10:33:18      307   ( 3.1 cores)    0/8         7245      23%
>> 10:33:20      305   ( 3.0 cores)    0/8         7254      23%
>> 10:33:22      309   ( 3.1 cores)    0/8         7253      23%
>> 10:33:24      309   ( 3.1 cores)    1/8         7255      23%
>> 10:33:26      307   ( 3.1 cores)    0/8         7236      23%
>> 10:33:28      311   ( 3.1 cores)    0/8         7250      23%
>> 10:33:30      300   ( 3.0 cores)    0/8         7250      23%
>> 10:33:32      318   ( 3.2 cores)    0/8         7254      23%
>> 10:33:34      339   ( 3.4 cores)    0/8         7249      23%
>> 10:33:36      387   ( 3.9 cores)    1/8         7220      23%
>> 10:33:38      350   ( 3.5 cores)    0/8         7225      23%
>> 10:33:40      292   ( 2.9 cores)    0/8         7231      23%
>> 10:33:42      310   ( 3.1 cores)    0/8         7242      23%
>> 10:33:44      300   ( 3.0 cores)    1/8         7248      23%
>> 10:33:46      317   ( 3.2 cores)    0/8         7234      23%
>> 10:33:48      303   ( 3.0 cores)    1/8         7225      23%
>> 10:33:50      301   ( 3.0 cores)    0/8         7238      23%
>> 10:33:52      322   ( 3.2 cores)    1/8         7230      23%
>> 10:33:54      301   ( 3.0 cores)    1/8         7234      23%
>> 10:33:56      315   ( 3.2 cores)    1/8         7226      23%
>> 10:33:58      373   ( 3.7 cores)    1/8         7241      23%
>> 10:34:00      431   ( 4.3 cores)    2/8         7248      23%
>> 10:34:02      329   ( 3.3 cores)    0/8         7229      23%
>> 10:34:04      309   ( 3.1 cores)    1/8         7234      23%
>> 10:34:06      315   ( 3.1 cores)    0/8         7228      23%
>> 10:34:08      319   ( 3.2 cores)    1/8         7240      23%
>> 10:34:10      330   ( 3.3 cores)    0/8         7244      23%
>> 10:34:12      310   ( 3.1 cores)    0/8         7235      23%
>> 10:34:14      318   ( 3.2 cores)    1/8         7235      23%
>> 10:34:16      305   ( 3.1 cores)    1/8         7239      23%
>> 10:34:18      313   ( 3.1 cores)    1/8         7245      23%
>> 10:34:20      324   ( 3.2 cores)    1/8         7253      23%
>> 10:34:22      308   ( 3.1 cores)    1/8         7238      23%
>> 10:34:24      313   ( 3.1 cores)    1/8         7242      23%
>> 10:34:26      308   ( 3.1 cores)    1/8         7244      23%
>> 10:34:28      318   ( 3.2 cores)    1/8         7232      23%
>> 10:34:30      319   ( 3.2 cores)    1/8         7239      23%
>> 10:34:32      314   ( 3.1 cores)    1/8         7244      23%
>> 10:34:34      322   ( 3.2 cores)    1/8         7253      23%
>> 10:34:36      340   ( 3.4 cores)    1/8         7244      23%
>> 10:34:38      304   ( 3.0 cores)    1/8         7239      23%
>> 10:34:40      310   ( 3.1 cores)    1/8         7242      23%
>> 10:34:42      311   ( 3.1 cores)    1/8         7251      23%
>> 10:34:44      303   ( 3.0 cores)    1/8         7253      23%
>> 10:34:46      314   ( 3.1 cores)    1/8         7246      23%
>> 10:34:48      299   ( 3.0 cores)    1/8         7234      23%
>> 10:34:50      303   ( 3.0 cores)    1/8         7241      23%
>> 10:34:52      312   ( 3.1 cores)    1/8         7249      23%
>> 10:34:54      305   ( 3.0 cores)    1/8         7247      23%
>> 10:34:56      303   ( 3.0 cores)    1/8         7248      23%
>> 10:34:58      314   ( 3.1 cores)    1/8         7235      23%
>> 10:35:00      332   ( 3.3 cores)    1/8         7260      23%
>> 10:35:02      422   ( 4.2 cores)    2/8         7511      24%
>> 10:35:04      337   ( 3.4 cores)    1/8         7257      23%
>> 10:35:06      309   ( 3.1 cores)    1/8         7246      23%
>> 10:35:08      317   ( 3.2 cores)    1/8         7234      23%
>> 10:35:10      307   ( 3.1 cores)    1/8         7251      23%
>> 10:35:12      319   ( 3.2 cores)    1/8         7249      23%
>> 10:35:14      300   ( 3.0 cores)    1/8         7238      23%
>> 10:35:16      352   ( 3.5 cores)    1/8         7280      23%
>> 10:35:18      465   ( 4.7 cores)    1/8         7425      24%
>> 10:35:20      423   ( 4.2 cores)    2/8         8473      27%
>> 10:35:22      420   ( 4.2 cores)    2/8         8524      27%
>> 10:35:24      415   ( 4.2 cores)    1/8         8483      27%
>> 10:35:26      447   ( 4.5 cores)    2/8         8852      28%
>> 10:35:28      529   ( 5.3 cores)    1/8         8496      27%
>> 10:35:30      799   ( 8.0 cores)    8/8         8489      27%
>> 10:35:32      799   ( 8.0 cores)    8/8         8492      27%
>> 10:35:34      798   ( 8.0 cores)    8/8         8495      27%
>> 10:35:36      798   ( 8.0 cores)    8/8         8483      27%
>> 10:35:38      798   ( 8.0 cores)    8/8         8491      27%
>> 10:35:40      800   ( 8.0 cores)    8/8         8499      27%
>> 10:35:42      799   ( 8.0 cores)    8/8         8497      27%
>> 10:35:44      800   ( 8.0 cores)    8/8         8487      27%
>> 10:35:46      797   ( 8.0 cores)    8/8         8481      27%
>> 10:35:48      799   ( 8.0 cores)    8/8         8479      27%
>> 10:35:50      800   ( 8.0 cores)    8/8         8490      27%
>> 10:35:52      798   ( 8.0 cores)    8/8         8489      27%
>> 10:35:54      799   ( 8.0 cores)    8/8         8493      27%
>> 10:35:56      797   ( 8.0 cores)    8/8         8491      27%
>> 10:35:58      799   ( 8.0 cores)    8/8         8481      27%
>> 10:36:00      799   ( 8.0 cores)    8/8         8500      27%
>> 10:36:02      798   ( 8.0 cores)    8/8         8502      27%
>> 10:36:04      799   ( 8.0 cores)    8/8         8513      27%
>> 10:36:06      799   ( 8.0 cores)    8/8         8503      27%
>> 10:36:08      799   ( 8.0 cores)    8/8         8496      27%
>> 10:36:10      799   ( 8.0 cores)    8/8         8499      27%
>> 10:36:12      799   ( 8.0 cores)    8/8         8499      27%
>> 10:36:14      799   ( 8.0 cores)    8/8         8495      27%
>> 10:36:16      797   ( 8.0 cores)    8/8         8487      27%
>> 10:36:18      799   ( 8.0 cores)    8/8         8499      27%
>> 10:36:20      798   ( 8.0 cores)    8/8         8502      27%
>> 10:36:22      798   ( 8.0 cores)    8/8         8500      27%
>> 10:36:24      799   ( 8.0 cores)    8/8         8508      27%
>> 10:36:26      799   ( 8.0 cores)    8/8         8478      27%
>> 10:36:28      798   ( 8.0 cores)    8/8         8474      27%
>> 10:36:30      798   ( 8.0 cores)    8/8         8480      27%
>> 10:36:32      798   ( 8.0 cores)    8/8         8484      27%
>> 10:36:34      800   ( 8.0 cores)    8/8         8491      27%
>> 10:36:36      797   ( 8.0 cores)    8/8         8480      27%
>> 10:36:38      799   ( 8.0 cores)    8/8         8483      27%
>> 10:36:40      799   ( 8.0 cores)    8/8         8492      27%
>> 10:36:42      797   ( 8.0 cores)    8/8         8489      27%
>> 10:36:44      799   ( 8.0 cores)    8/8         8490      27%
>> 10:36:46      799   ( 8.0 cores)    8/8         8504      27%
>> 10:36:48      798   ( 8.0 cores)    8/8         8508      27%
>> 10:36:50      798   ( 8.0 cores)    8/8         8498      27%
>> 10:36:52      798   ( 8.0 cores)    8/8         8510      27%
>> 10:36:54      800   ( 8.0 cores)    8/8         8517      27%
>> 10:36:56      797   ( 8.0 cores)    8/8         8510      27%
>> 10:36:58      799   ( 8.0 cores)    8/8         8500      27%
>> 10:37:00      798   ( 8.0 cores)    8/8         8493      27%
>> 10:37:02      799   ( 8.0 cores)    8/8         8503      27%
>> 10:37:04      798   ( 8.0 cores)    8/8         8507      27%
>> 10:37:06      799   ( 8.0 cores)    8/8         8526      27%
>> 10:37:08      799   ( 8.0 cores)    8/8         8689      28%
>> 10:37:10      797   ( 8.0 cores)    8/8         8508      27%
>> 10:37:12      800   ( 8.0 cores)    8/8         8504      27%
>> 10:37:14      798   ( 8.0 cores)    8/8         8498      27%
>> 10:37:16      797   ( 8.0 cores)    8/8         8496      27%
>> 10:37:18      798   ( 8.0 cores)    8/8         8503      27%
>> 10:37:20      800   ( 8.0 cores)    8/8         8497      27%
>> 10:37:22      799   ( 8.0 cores)    8/8         8497      27%
>> 10:37:24      798   ( 8.0 cores)    8/8         8506      27%
>> 10:37:26      799   ( 8.0 cores)    8/8         8512      27%
>> 10:37:28      799   ( 8.0 cores)    8/8         8520      27%
>> 10:37:30      798   ( 8.0 cores)    8/8         8500      27%
>> 10:37:32      799   ( 8.0 cores)    8/8         8515      27%
>> 10:37:34      798   ( 8.0 cores)    8/8         8507      27%
>> 10:37:36      799   ( 8.0 cores)    8/8         8504      27%
>> 10:37:38      798   ( 8.0 cores)    8/8         8494      27%
>> 10:37:40      799   ( 8.0 cores)    8/8         8492      27%
>> 10:37:42      799   ( 8.0 cores)    8/8         8510      27%
>> 10:37:44      799   ( 8.0 cores)    8/8         8491      27%
>> 10:37:46      799   ( 8.0 cores)    8/8         8495      27%
>> 10:37:48      799   ( 8.0 cores)    8/8         8497      27%
>> 10:37:50      799   ( 8.0 cores)    8/8         8489      27%
>> 10:37:52      800   ( 8.0 cores)    8/8         8495      27%
>> 10:37:54      799   ( 8.0 cores)    8/8         8498      27%
>> 10:37:56      799   ( 8.0 cores)    8/8         8497      27%
>> 10:37:58      799   ( 8.0 cores)    8/8         8500      27%
>> 10:38:00      797   ( 8.0 cores)    8/8         8500      27%
>> 10:38:02      798   ( 8.0 cores)    8/8         8505      27%
>> 10:38:04      799   ( 8.0 cores)    8/8         8500      27%
>> 10:38:06      797   ( 8.0 cores)    8/8         8502      27%
>> 10:38:08      798   ( 8.0 cores)    8/8         8491      27%
>> 10:38:10      799   ( 8.0 cores)    8/8         8515      27%
>> 10:38:12      800   ( 8.0 cores)    8/8         8502      27%
>> 10:38:14      797   ( 8.0 cores)    8/8         8497      27%
>> 10:38:16      799   ( 8.0 cores)    8/8         8513      27%
>> 10:38:18      797   ( 8.0 cores)    8/8         8517      27%
>> 10:38:20      798   ( 8.0 cores)    8/8         8511      27%
>> 10:38:22      799   ( 8.0 cores)    8/8         8514      27%
>> 10:38:24      799   ( 8.0 cores)    8/8         8513      27%
>> 10:38:26      798   ( 8.0 cores)    8/8         8514      27%
>> 10:38:28      799   ( 8.0 cores)    8/8         8518      27%
>> 10:38:30      800   ( 8.0 cores)    8/8         8505      27%
>> 10:38:32      797   ( 8.0 cores)    8/8         8516      27%
>> 10:38:34      798   ( 8.0 cores)    8/8         8521      27%
>> 10:38:36      800   ( 8.0 cores)    8/8         8507      27%
>> 10:38:38      798   ( 8.0 cores)    8/8         8512      27%
>> 10:38:40      798   ( 8.0 cores)    8/8         8498      27%
>> 10:38:42      800   ( 8.0 cores)    8/8         8507      27%
>> 10:38:44      797   ( 8.0 cores)    8/8         8505      27%
>> 10:38:46      798   ( 8.0 cores)    8/8         8495      27%
>> 10:38:48      798   ( 8.0 cores)    8/8         8496      27%
>> 10:38:50      799   ( 8.0 cores)    8/8         8490      27%
>> 10:38:52      799   ( 8.0 cores)    8/8         8502      27%
>> 10:38:54      798   ( 8.0 cores)    8/8         8492      27%
>> 10:38:56      799   ( 8.0 cores)    8/8         8502      27%
>> 10:38:58      799   ( 8.0 cores)    8/8         8509      27%
>> 10:39:00      798   ( 8.0 cores)    8/8         8509      27%
>> 10:39:02      799   ( 8.0 cores)    8/8         8504      27%
>> 10:39:04      799   ( 8.0 cores)    8/8         8499      27%
>> 10:39:06      798   ( 8.0 cores)    8/8         8507      27%
>> 10:39:08      799   ( 8.0 cores)    8/8         8509      27%
>> 10:39:10      798   ( 8.0 cores)    8/8         8510      27%
>> 10:39:12      799   ( 8.0 cores)    8/8         8522      27%
>> 10:39:14      800   ( 8.0 cores)    8/8         8707      28%
>> 10:39:16      798   ( 8.0 cores)    8/8         8523      27%
>> 10:39:18      799   ( 8.0 cores)    8/8         8522      27%
>> 10:39:20      799   ( 8.0 cores)    8/8         8523      27%
>> 10:39:22      798   ( 8.0 cores)    8/8         8509      27%
>> 10:39:24      799   ( 8.0 cores)    8/8         8514      27%
>> 10:39:26      798   ( 8.0 cores)    8/8         8511      27%
>> 10:39:28      797   ( 8.0 cores)    8/8         8520      27%
>> 10:39:30      798   ( 8.0 cores)    8/8         8494      27%
>> 10:39:32      799   ( 8.0 cores)    8/8         8500      27%
>> 10:39:34      798   ( 8.0 cores)    8/8         8515      27%
>> 10:39:36      798   ( 8.0 cores)    8/8         8510      27%
>> 10:39:38      800   ( 8.0 cores)    8/8         8509      27%
>> 10:39:40      797   ( 8.0 cores)    8/8         8509      27%
>> 10:39:42      798   ( 8.0 cores)    8/8         8496      27%
>> 10:39:44      799   ( 8.0 cores)    8/8         8499      27%
>> 10:39:46      799   ( 8.0 cores)    8/8         8495      27%
>> 10:39:48      798   ( 8.0 cores)    8/8         8501      27%
>> 10:39:50      798   ( 8.0 cores)    8/8         8509      27%
>> 10:39:52      799   ( 8.0 cores)    8/8         8501      27%
>> 10:39:54      799   ( 8.0 cores)    8/8         8500      27%
>> 10:39:56      798   ( 8.0 cores)    8/8         8512      27%
>> 10:39:58      799   ( 8.0 cores)    8/8         8520      27%
>> 10:40:00      798   ( 8.0 cores)    8/8         8519      27%
>> 10:40:02      799   ( 8.0 cores)    8/8         8508      27%
>> 10:40:04      798   ( 8.0 cores)    8/8         8517      27%
>> 10:40:06      798   ( 8.0 cores)    8/8         8507      27%
>> 10:40:08      799   ( 8.0 cores)    8/8         8513      27%
>> 10:40:10      799   ( 8.0 cores)    8/8         8516      27%
>> 10:40:12      797   ( 8.0 cores)    8/8         8510      27%
>> 10:40:14      798   ( 8.0 cores)    8/8         8505      27%
>> 10:40:16      798   ( 8.0 cores)    8/8         8525      27%
>> 10:40:18      800   ( 8.0 cores)    8/8         8526      27%
>> 10:40:20      798   ( 8.0 cores)    8/8         8527      27%
>> 10:40:22      798   ( 8.0 cores)    8/8         8525      27%
>> 10:40:24      800   ( 8.0 cores)    8/8         8530      27%
>> 10:40:26      797   ( 8.0 cores)    8/8         8514      27%
>> 10:40:28      799   ( 8.0 cores)    8/8         8508      27%
>> 10:40:30      797   ( 8.0 cores)    8/8         8512      27%
>> 10:40:32      799   ( 8.0 cores)    8/8         8510      27%
>> 10:40:34      800   ( 8.0 cores)    8/8         8522      27%
>> 10:40:36      798   ( 8.0 cores)    8/8         8502      27%
>> 10:40:38      798   ( 8.0 cores)    8/8         8517      27%
>> 10:40:40      798   ( 8.0 cores)    8/8         8524      27%
>> 10:40:42      798   ( 8.0 cores)    8/8         8503      27%
>> 10:40:44      798   ( 8.0 cores)    8/8         8513      27%
>> 10:40:46      800   ( 8.0 cores)    8/8         8521      27%
>> 10:40:48      798   ( 8.0 cores)    8/8         8500      27%
>> 10:40:50      797   ( 8.0 cores)    8/8         8511      27%
>> 10:40:52      800   ( 8.0 cores)    8/8         8506      27%
>> 10:40:54      797   ( 8.0 cores)    8/8         8511      27%
>> 10:40:56      799   ( 8.0 cores)    8/8         8512      27%
>> 10:40:58      798   ( 8.0 cores)    8/8         8502      27%
>> 10:41:00      799   ( 8.0 cores)    8/8         8513      27%
>> 10:41:02      800   ( 8.0 cores)    8/8         8498      27%
>> 10:41:04      798   ( 8.0 cores)    8/8         8519      27%
>> 10:41:06      797   ( 8.0 cores)    8/8         8525      27%
>> 10:41:08      799   ( 8.0 cores)    8/8         8518      27%
>> 10:41:10      799   ( 8.0 cores)    8/8         8509      27%
>> 10:41:12      798   ( 8.0 cores)    8/8         8510      27%
>> 10:41:14      800   ( 8.0 cores)    8/8         8520      27%
>> 10:41:16      798   ( 8.0 cores)    8/8         8500      27%
>> 10:41:18      799   ( 8.0 cores)    8/8         8513      27%
>> 10:41:20      797   ( 8.0 cores)    8/8         8695      28%
>> 10:41:22      798   ( 8.0 cores)    8/8         8515      27%
>> 10:41:24      799   ( 8.0 cores)    8/8         8510      27%
>> 10:41:27      800   ( 8.0 cores)    8/8         8520      27%
>> 10:41:29      799   ( 8.0 cores)    8/8         8504      27%
>> 10:41:31      797   ( 8.0 cores)    8/8         8508      27%
>> 10:41:33      799   ( 8.0 cores)    8/8         8507      27%
>> 10:41:35      797   ( 8.0 cores)    8/8         8512      27%
>> 10:41:37      800   ( 8.0 cores)    8/8         8512      27%
>> 10:41:39      797   ( 8.0 cores)    8/8         8506      27%
>> 10:41:41      799   ( 8.0 cores)    8/8         8506      27%
>> 10:41:43      798   ( 8.0 cores)    8/8         8511      27%
>> 10:41:45      797   ( 8.0 cores)    8/8         8513      27%
>> 10:41:47      799   ( 8.0 cores)    8/8         8502      27%
>> 10:41:49      799   ( 8.0 cores)    8/8         8509      27%
>> 10:41:51      799   ( 8.0 cores)    8/8         8518      27%
>> 10:41:53      798   ( 8.0 cores)    8/8         8513      27%
>> 10:41:55      799   ( 8.0 cores)    8/8         8504      27%
>> 10:41:57      800   ( 8.0 cores)    8/8         8511      27%
>> 10:41:59      799   ( 8.0 cores)    8/8         8511      27%
>> 10:42:01      798   ( 8.0 cores)    8/8         8517      27%
>> 10:42:03      798   ( 8.0 cores)    8/8         8501      27%
>> 10:42:05      799   ( 8.0 cores)    8/8         8498      27%
>> 10:42:07      798   ( 8.0 cores)    8/8         8499      27%
>> 10:42:09      799   ( 8.0 cores)    8/8         8506      27%
>> 10:42:11      799   ( 8.0 cores)    8/8         8503      27%
>> 10:42:13      798   ( 8.0 cores)    8/8         8510      27%
>> 10:42:15      797   ( 8.0 cores)    8/8         8570      27%
>> 10:42:17      799   ( 8.0 cores)    8/8         8500      27%
>> 10:42:19      798   ( 8.0 cores)    8/8         8501      27%
>> 10:42:21      798   ( 8.0 cores)    8/8         8521      27%
>> 10:42:23      798   ( 8.0 cores)    8/8         8504      27%
>> 10:42:25      800   ( 8.0 cores)    8/8         8516      27%
>> 10:42:27      798   ( 8.0 cores)    8/8         8516      27%
>> 10:42:29      800   ( 8.0 cores)    8/8         8507      27%
>> 10:42:31      798   ( 8.0 cores)    8/8         8503      27%
>> 10:42:33      798   ( 8.0 cores)    8/8         8510      27%
>> 10:42:35      799   ( 8.0 cores)    8/8         8511      27%
>> 10:42:37      799   ( 8.0 cores)    8/8         8515      27%
>> 10:42:39      797   ( 8.0 cores)    8/8         8512      27%
>> 10:42:41      800   ( 8.0 cores)    8/8         8513      27%
>> 10:42:43      798   ( 8.0 cores)    8/8         8521      27%
>> 10:42:45      798   ( 8.0 cores)    8/8         8522      27%
>> 10:42:47      799   ( 8.0 cores)    8/8         8512      27%
>> 10:42:49      799   ( 8.0 cores)    8/8         8507      27%
>> 10:42:51      797   ( 8.0 cores)    8/8         8506      27%
>> 10:42:53      798   ( 8.0 cores)    8/8         8517      27%
>> 10:42:55      798   ( 8.0 cores)    8/8         8513      27%
>> 10:42:57      799   ( 8.0 cores)    8/8         8504      27%
>> 10:42:59      799   ( 8.0 cores)    8/8         8510      27%
>> 10:43:01      800   ( 8.0 cores)    8/8         8513      27%
>> 10:43:03      798   ( 8.0 cores)    8/8         8509      27%
>> 10:43:05      799   ( 8.0 cores)    8/8         8501      27%
>> 10:43:07      800   ( 8.0 cores)    8/8         8507      27%
>> 10:43:09      800   ( 8.0 cores)    8/8         8517      27%
>> 10:43:11      799   ( 8.0 cores)    8/8         8513      27%
>> 10:43:13      799   ( 8.0 cores)    8/8         8527      27%
>> 10:43:15      798   ( 8.0 cores)    8/8         8501      27%
>> 10:43:17      798   ( 8.0 cores)    8/8         8496      27%
>> 10:43:19      800   ( 8.0 cores)    8/8         8501      27%
>> 10:43:21      797   ( 8.0 cores)    8/8         8506      27%
>> 10:43:23      798   ( 8.0 cores)    8/8         8515      27%
>> 10:43:25      800   ( 8.0 cores)    8/8         8548      27%
>> 10:43:27      798   ( 8.0 cores)    8/8         8787      28%
>> 10:43:29      799   ( 8.0 cores)    8/8         8537      27%
>> 10:43:31      799   ( 8.0 cores)    8/8         8522      27%
>> 10:43:33      798   ( 8.0 cores)    8/8         8508      27%
>> 10:43:35      798   ( 8.0 cores)    8/8         8518      27%
>> 10:43:37      798   ( 8.0 cores)    8/8         8510      27%
>> 10:43:39      799   ( 8.0 cores)    8/8         8511      27%
>> 10:43:41      799   ( 8.0 cores)    8/8         8506      27%
>> 10:43:43      798   ( 8.0 cores)    8/8         8508      27%
>> 10:43:45      798   ( 8.0 cores)    8/8         8514      27%
>> 10:43:47      798   ( 8.0 cores)    8/8         8506      27%
>> 10:43:49      798   ( 8.0 cores)    8/8         8508      27%
>> 10:43:51      798   ( 8.0 cores)    8/8         8506      27%
>> 10:43:53      798   ( 8.0 cores)    8/8         8496      27%
>> 10:43:55      798   ( 8.0 cores)    8/8         8503      27%
>> 10:43:57      799   ( 8.0 cores)    8/8         8502      27%
>> 10:43:59      799   ( 8.0 cores)    8/8         8504      27%
>> 10:44:01      798   ( 8.0 cores)    8/8         8503      27%
>> 10:44:03      799   ( 8.0 cores)    8/8         8507      27%
>> 10:44:05      799   ( 8.0 cores)    8/8         8515      27%
>> 10:44:07      799   ( 8.0 cores)    8/8         8517      27%
>> 10:44:09      798   ( 8.0 cores)    8/8         8513      27%
>> 10:44:11      800   ( 8.0 cores)    8/8         8514      27%
>> 10:44:13      797   ( 8.0 cores)    8/8         8523      27%
>> 10:44:15      799   ( 8.0 cores)    8/8         8518      27%
>> 10:44:17      799   ( 8.0 cores)    8/8         8512      27%
>> 10:44:19      799   ( 8.0 cores)    8/8         8513      27%
>> 10:44:21      800   ( 8.0 cores)    8/8         8521      27%
>> 10:44:23      798   ( 8.0 cores)    8/8         8527      27%
>> 10:44:25      800   ( 8.0 cores)    8/8         8520      27%
>> 10:44:27      799   ( 8.0 cores)    8/8         8507      27%
>> 10:44:29      798   ( 8.0 cores)    8/8         8553      27%
>> 10:44:31      799   ( 8.0 cores)    8/8         8525      27%
>> 10:44:33      798   ( 8.0 cores)    8/8         8526      27%
>> 10:44:35      799   ( 8.0 cores)    8/8         8527      27%
>> 10:44:37      799   ( 8.0 cores)    8/8         8517      27%
>> 10:44:39      799   ( 8.0 cores)    8/8         8524      27%
>> 10:44:41      799   ( 8.0 cores)    8/8         8514      27%
>> 10:44:43      798   ( 8.0 cores)    8/8         8521      27%
>> 10:44:45      799   ( 8.0 cores)    8/8         8509      27%
>> 10:44:47      798   ( 8.0 cores)    8/8         8499      27%
>> 10:44:49      799   ( 8.0 cores)    8/8         8523      27%
>> 10:44:51      799   ( 8.0 cores)    8/8         8514      27%
>> 10:44:53      798   ( 8.0 cores)    8/8         8521      27%
>> 10:44:55      799   ( 8.0 cores)    8/8         8510      27%
>> 10:44:57      800   ( 8.0 cores)    8/8         8522      27%
>> 10:44:59      798   ( 8.0 cores)    8/8         8513      27%
>> 10:45:01      798   ( 8.0 cores)    8/8         8524      27%
>> 10:45:03      798   ( 8.0 cores)    8/8         8521      27%
>> 10:45:05      799   ( 8.0 cores)    8/8         8504      27%
>> 10:45:07      800   ( 8.0 cores)    8/8         8508      27%
>> 10:45:09      798   ( 8.0 cores)    8/8         8503      27%
>> 10:45:11      798   ( 8.0 cores)    8/8         8513      27%
>> 10:45:13      799   ( 8.0 cores)    8/8         8497      27%
>> 10:45:15      798   ( 8.0 cores)    8/8         8508      27%
>> 10:45:17      799   ( 8.0 cores)    8/8         8513      27%
>> 10:45:19      798   ( 8.0 cores)    8/8         8500      27%
>> 10:45:21      799   ( 8.0 cores)    8/8         8497      27%
>> 10:45:23      799   ( 8.0 cores)    8/8         8516      27%
>> 10:45:25      799   ( 8.0 cores)    8/8         8505      27%
>> 10:45:27      798   ( 8.0 cores)    8/8         8500      27%
>> 10:45:29      798   ( 8.0 cores)    8/8         8509      27%
>> 10:45:31      799   ( 8.0 cores)    8/8         8545      27%
>> 10:45:33      799   ( 8.0 cores)    8/8         8778      28%
>> 10:45:35      797   ( 8.0 cores)    8/8         8523      27%
>> 10:45:37      800   ( 8.0 cores)    8/8         8499      27%
>> 10:45:39      799   ( 8.0 cores)    8/8         8511      27%
>> 10:45:41      799   ( 8.0 cores)    8/8         8509      27%
>> 10:45:43      798   ( 8.0 cores)    8/8         8505      27%
>> 10:45:45      797   ( 8.0 cores)    8/8         8511      27%
>> 10:45:47      799   ( 8.0 cores)    8/8         8516      27%
>> 10:45:49      799   ( 8.0 cores)    8/8         8524      27%
>> 10:45:51      799   ( 8.0 cores)    8/8         8516      27%
>> 10:45:53      798   ( 8.0 cores)    8/8         8524      27%
>> 10:45:55      799   ( 8.0 cores)    8/8         8524      27%
>> 10:45:57      798   ( 8.0 cores)    8/8         8501      27%
>> 10:45:59      797   ( 8.0 cores)    8/8         8499      27%
>> 10:46:01      799   ( 8.0 cores)    8/8         8502      27%
>> 10:46:03      798   ( 8.0 cores)    8/8         8498      27%
>> 10:46:05      798   ( 8.0 cores)    8/8         8516      27%
>> 10:46:07      798   ( 8.0 cores)    8/8         8503      27%
>> 10:46:09      799   ( 8.0 cores)    8/8         8511      27%
>> 10:46:11      798   ( 8.0 cores)    8/8         8519      27%
>> 10:46:13      799   ( 8.0 cores)    8/8         8516      27%
>> 10:46:15      799   ( 8.0 cores)    8/8         8515      27%
>> 10:46:17      798   ( 8.0 cores)    8/8         8519      27%
>> 10:46:19      799   ( 8.0 cores)    8/8         8520      27%
>> 10:46:21      798   ( 8.0 cores)    8/8         8502      27%
>> 10:46:23      799   ( 8.0 cores)    8/8         8512      27%
>> 10:46:25      798   ( 8.0 cores)    8/8         8528      27%
>> 10:46:27      799   ( 8.0 cores)    8/8         8524      27%
>> 10:46:29      799   ( 8.0 cores)    8/8         8528      27%
>> 10:46:31      799   ( 8.0 cores)    8/8         8518      27%
>> 10:46:33      799   ( 8.0 cores)    8/8         8507      27%
>> 10:46:35      796   ( 8.0 cores)    8/8         8548      27%
>> 10:46:37      800   ( 8.0 cores)    8/8         8520      27%
>> 10:46:39      798   ( 8.0 cores)    8/8         8517      27%
>> 10:46:41      799   ( 8.0 cores)    8/8         8522      27%
>> 10:46:43      799   ( 8.0 cores)    8/8         8517      27%
>> 10:46:45      800   ( 8.0 cores)    8/8         8520      27%
>> 10:46:47      799   ( 8.0 cores)    8/8         8521      27%
>> 10:46:49      799   ( 8.0 cores)    8/8         8516      27%
>> 10:46:51      798   ( 8.0 cores)    8/8         8507      27%
>> 10:46:53      800   ( 8.0 cores)    8/8         8521      27%
>> 10:46:55      797   ( 8.0 cores)    8/8         8521      27%
>> 10:46:57      799   ( 8.0 cores)    8/8         8520      27%
>> 10:46:59      798   ( 8.0 cores)    8/8         8525      27%
>> 10:47:01      798   ( 8.0 cores)    8/8         8538      27%
>> 10:47:03      798   ( 8.0 cores)    8/8         8530      27%
>> 10:47:05      799   ( 8.0 cores)    8/8         8530      27%
>> 10:47:07      800   ( 8.0 cores)    8/8         8519      27%
>> 10:47:09      797   ( 8.0 cores)    8/8         8522      27%
>> 10:47:11      799   ( 8.0 cores)    8/8         8523      27%
>> 10:47:13      799   ( 8.0 cores)    8/8         8526      27%
>> 10:47:15      796   ( 8.0 cores)    8/8         8517      27%
>> 10:47:17      799   ( 8.0 cores)    8/8         8522      27%
>> 10:47:19      798   ( 8.0 cores)    8/8         8526      27%
>> 10:47:21      799   ( 8.0 cores)    8/8         8519      27%
>> 10:47:23      799   ( 8.0 cores)    8/8         8510      27%
>> 10:47:25      798   ( 8.0 cores)    8/8         8513      27%
>> 10:47:27      798   ( 8.0 cores)    8/8         8513      27%
>> 10:47:29      798   ( 8.0 cores)    8/8         8505      27%
>> 10:47:31      799   ( 8.0 cores)    8/8         8519      27%
>> 10:47:33      798   ( 8.0 cores)    8/8         8518      27%
>> 10:47:35      800   ( 8.0 cores)    8/8         8533      27%
>> 10:47:37      799   ( 8.0 cores)    8/8         8522      27%
>> 10:47:39      798   ( 8.0 cores)    8/8         8739      28%
>> 10:47:41      799   ( 8.0 cores)    8/8         8512      27%
>> 10:47:43      798   ( 8.0 cores)    8/8         8512      27%
>> 10:47:45      799   ( 8.0 cores)    8/8         8516      27%
>> 10:47:47      800   ( 8.0 cores)    8/8         8528      27%
>> 10:47:49      796   ( 8.0 cores)    8/8         8542      27%
>> 10:47:51      799   ( 8.0 cores)    8/8         8521      27%
>> 10:47:53      799   ( 8.0 cores)    8/8         8512      27%
>> 10:47:55      798   ( 8.0 cores)    8/8         8526      27%
>> 10:47:57      800   ( 8.0 cores)    8/8         8505      27%
>> 10:47:59      799   ( 8.0 cores)    8/8         8510      27%
>> 10:48:01      799   ( 8.0 cores)    8/8         8516      27%
>> 10:48:03      798   ( 8.0 cores)    8/8         8529      27%
>> 10:48:05      798   ( 8.0 cores)    8/8         8527      27%
>> 10:48:07      798   ( 8.0 cores)    8/8         8538      27%
>> 10:48:09      799   ( 8.0 cores)    8/8         8537      27%
>> 10:48:11      800   ( 8.0 cores)    8/8         8535      27%
>> 10:48:13      798   ( 8.0 cores)    8/8         8536      27%
>> 10:48:15      799   ( 8.0 cores)    8/8         8540      27%
>> 10:48:17      800   ( 8.0 cores)    8/8         8534      27%
>> 10:48:19      798   ( 8.0 cores)    8/8         8534      27%
>> 10:48:21      798   ( 8.0 cores)    8/8         8519      27%
>> 10:48:23      799   ( 8.0 cores)    8/8         8516      27%
>> 10:48:25      799   ( 8.0 cores)    8/8         8519      27%
>> 10:48:27      799   ( 8.0 cores)    8/8         8518      27%
>> 10:48:29      799   ( 8.0 cores)    8/8         8514      27%
>> 10:48:31      800   ( 8.0 cores)    8/8         8526      27%
>> 10:48:33      800   ( 8.0 cores)    8/8         8516      27%
>> 10:48:35      797   ( 8.0 cores)    8/8         8529      27%
>> 10:48:37      799   ( 8.0 cores)    8/8         8526      27%
>> 10:48:39      798   ( 8.0 cores)    8/8         8539      27%
>> 10:48:41      798   ( 8.0 cores)    8/8         8538      27%
>> 10:48:43      798   ( 8.0 cores)    8/8         8530      27%
>> 10:48:45      798   ( 8.0 cores)    8/8         8537      27%
>> 10:48:47      799   ( 8.0 cores)    8/8         8523      27%
>> 10:48:49      800   ( 8.0 cores)    8/8         8521      27%
>> 10:48:51      798   ( 8.0 cores)    8/8         8520      27%
>> 10:48:53      798   ( 8.0 cores)    8/8         8520      27%
>> 10:48:55      797   ( 8.0 cores)    8/8         8529      27%
>> 10:48:57      798   ( 8.0 cores)    8/8         8530      27%
>> 10:48:59      799   ( 8.0 cores)    8/8         8536      27%
>> 10:49:01      798   ( 8.0 cores)    8/8         8524      27%
>> 10:49:03      799   ( 8.0 cores)    8/8         8533      27%
>> 10:49:05      799   ( 8.0 cores)    8/8         8540      27%
>> 10:49:07      798   ( 8.0 cores)    8/8         8534      27%
>> 10:49:09      798   ( 8.0 cores)    8/8         8537      27%
>> 10:49:11      799   ( 8.0 cores)    8/8         8541      27%
>> 10:49:13      799   ( 8.0 cores)    8/8         8539      27%
>> 10:49:15      799   ( 8.0 cores)    8/8         8538      27%
>> 10:49:17      796   ( 8.0 cores)    8/8         8509      27%
>> 10:49:19      799   ( 8.0 cores)    8/8         8533      27%
>> 10:49:21      797   ( 8.0 cores)    8/8         8529      27%
>> 10:49:23      799   ( 8.0 cores)    8/8         8527      27%
>> 10:49:25      799   ( 8.0 cores)    8/8         8538      27%
>> 10:49:27      798   ( 8.0 cores)    8/8         8536      27%
>> 10:49:29      798   ( 8.0 cores)    8/8         8542      27%
>> 10:49:31      799   ( 8.0 cores)    8/8         8538      27%
>> 10:49:33      799   ( 8.0 cores)    8/8         8523      27%
>> 10:49:35      798   ( 8.0 cores)    8/8         8525      27%
>> 10:49:37      798   ( 8.0 cores)    8/8         8529      27%
>> 10:49:39      799   ( 8.0 cores)    8/8         8540      27%
>> 10:49:41      799   ( 8.0 cores)    8/8         8537      27%
>> 10:49:43      799   ( 8.0 cores)    8/8         8554      27%
>> 10:49:45      799   ( 8.0 cores)    8/8         8757      28%
>> 10:49:47      800   ( 8.0 cores)    8/8         8532      27%
>> 10:49:49      798   ( 8.0 cores)    8/8         8529      27%
>> 10:49:51      799   ( 8.0 cores)    8/8         8533      27%
>> 10:49:53      798   ( 8.0 cores)    8/8         8524      27%
>> 10:49:55      798   ( 8.0 cores)    8/8         8529      27%
>> 10:49:57      799   ( 8.0 cores)    8/8         8531      27%
>> 10:49:59      798   ( 8.0 cores)    8/8         8520      27%
>> 10:50:01      798   ( 8.0 cores)    8/8         8538      27%
>> 10:50:03      799   ( 8.0 cores)    8/8         8544      27%
>> 10:50:05      797   ( 8.0 cores)    8/8         8527      27%
>> 10:50:07      798   ( 8.0 cores)    8/8         8531      27%
>> 10:50:09      799   ( 8.0 cores)    8/8         8532      27%
>> 10:50:11      799   ( 8.0 cores)    8/8         8543      27%
>> 10:50:13      799   ( 8.0 cores)    8/8         8515      27%
>> 10:50:15      799   ( 8.0 cores)    8/8         8523      27%
>> 10:50:17      799   ( 8.0 cores)    8/8         8519      27%
>> 10:50:19      798   ( 8.0 cores)    8/8         8531      27%
>> 10:50:21      800   ( 8.0 cores)    8/8         8524      27%
>> 10:50:23      799   ( 8.0 cores)    8/8         8533      27%
>> 10:50:25      798   ( 8.0 cores)    8/8         8528      27%
>> 10:50:27      798   ( 8.0 cores)    8/8         8530      27%
>> 10:50:29      799   ( 8.0 cores)    8/8         8539      27%
>> 10:50:31      798   ( 8.0 cores)    8/8         8526      27%
>> 10:50:33      798   ( 8.0 cores)    8/8         8528      27%
>> 10:50:35      799   ( 8.0 cores)    8/8         8532      27%
>> 10:50:37      798   ( 8.0 cores)    8/8         8520      27%
>> 10:50:39      798   ( 8.0 cores)    8/8         8515      27%
>> 10:50:41      799   ( 8.0 cores)    8/8         8525      27%
>> 10:50:43      798   ( 8.0 cores)    8/8         8515      27%
>> 10:50:45      800   ( 8.0 cores)    8/8         8523      27%
>> 10:50:47      798   ( 8.0 cores)    8/8         8546      27%
>> 10:50:49      799   ( 8.0 cores)    8/8         8520      27%
>> 10:50:51      797   ( 8.0 cores)    8/8         8533      27%
>> 10:50:53      799   ( 8.0 cores)    8/8         8517      27%
>> 10:50:55      798   ( 8.0 cores)    8/8         8528      27%
>> 10:50:57      799   ( 8.0 cores)    8/8         8534      27%
>> 10:50:59      798   ( 8.0 cores)    8/8         8525      27%
>> 10:51:01      799   ( 8.0 cores)    8/8         8537      27%
>> 10:51:03      799   ( 8.0 cores)    8/8         8540      27%
>> 10:51:05      797   ( 8.0 cores)    8/8         8512      27%
>> 10:51:07      799   ( 8.0 cores)    8/8         8513      27%
>> 10:51:09      799   ( 8.0 cores)    8/8         8512      27%
>> 10:51:11      798   ( 8.0 cores)    8/8         8523      27%
>> 10:51:13      799   ( 8.0 cores)    8/8         8520      27%
>> 10:51:15      799   ( 8.0 cores)    8/8         8524      27%
>> 10:51:17      797   ( 8.0 cores)    8/8         8534      27%
>> 10:51:19      800   ( 8.0 cores)    8/8         8527      27%
>> 10:51:21      797   ( 8.0 cores)    8/8         8527      27%
>> 10:51:23      799   ( 8.0 cores)    8/8         8523      27%
>> 10:51:25      798   ( 8.0 cores)    8/8         8518      27%
>> 10:51:27      800   ( 8.0 cores)    8/8         8530      27%
>> 10:51:29      798   ( 8.0 cores)    8/8         8533      27%
>> 10:51:31      798   ( 8.0 cores)    8/8         8520      27%
>> 10:51:33      798   ( 8.0 cores)    8/8         8526      27%
>> 10:51:35      798   ( 8.0 cores)    8/8         8532      27%
>> 10:51:37      799   ( 8.0 cores)    8/8         8543      27%
>> 10:51:39      799   ( 8.0 cores)    8/8         8542      27%
>> 10:51:41      800   ( 8.0 cores)    8/8         8533      27%
>> 10:51:43      798   ( 8.0 cores)    8/8         8533      27%
>> 10:51:45      798   ( 8.0 cores)    8/8         8536      27%
>> 10:51:47      799   ( 8.0 cores)    8/8         8512      27%
>> 10:51:49      797   ( 8.0 cores)    8/8         8543      27%
>> 10:51:51      799   ( 8.0 cores)    8/8         8757      28%
>> 10:51:53      800   ( 8.0 cores)    8/8         8527      27%
>> 10:51:55      797   ( 8.0 cores)    8/8         8514      27%
>> 10:51:57      799   ( 8.0 cores)    8/8         8525      27%
>> 10:51:59      798   ( 8.0 cores)    8/8         8530      27%
>> 10:52:01      798   ( 8.0 cores)    8/8         8523      27%
>> 10:52:03      800   ( 8.0 cores)    8/8         8515      27%
>> 10:52:05      799   ( 8.0 cores)    8/8         8514      27%
>> 10:52:07      797   ( 8.0 cores)    8/8         8521      27%
>> 10:52:09      799   ( 8.0 cores)    8/8         8528      27%
>> 10:52:11      800   ( 8.0 cores)    8/8         8527      27%
>> 10:52:13      796   ( 8.0 cores)    8/8         8532      27%
>> 10:52:15      799   ( 8.0 cores)    8/8         8523      27%
>> 10:52:17      798   ( 8.0 cores)    8/8         8530      27%
>> 10:52:19      798   ( 8.0 cores)    8/8         8541      27%
>> 10:52:21      799   ( 8.0 cores)    8/8         8541      27%
>> 10:52:23      799   ( 8.0 cores)    8/8         8540      27%
>> 10:52:25      797   ( 8.0 cores)    8/8         8522      27%
>> 10:52:27      800   ( 8.0 cores)    8/8         8519      27%
>> 10:52:29      799   ( 8.0 cores)    8/8         8526      27%
>> 10:52:31      799   ( 8.0 cores)    8/8         8525      27%
>> 10:52:33      799   ( 8.0 cores)    8/8         8518      27%
>> 10:52:35      798   ( 8.0 cores)    8/8         8540      27%
>> 10:52:37      799   ( 8.0 cores)    8/8         8519      27%
>> 10:52:39      798   ( 8.0 cores)    8/8         8518      27%
>> 10:52:41      799   ( 8.0 cores)    8/8         8523      27%
>> 10:52:43      798   ( 8.0 cores)    8/8         8528      27%
>> 10:52:45      798   ( 8.0 cores)    8/8         8512      27%
>> 10:52:47      800   ( 8.0 cores)    8/8         8521      27%
>> 10:52:49      798   ( 8.0 cores)    8/8         8518      27%
>> 10:52:51      798   ( 8.0 cores)    8/8         8507      27%
>> 10:52:53      797   ( 8.0 cores)    8/8         8542      27%
>> 10:52:55      799   ( 8.0 cores)    8/8         8533      27%
>> 10:52:57      800   ( 8.0 cores)    8/8         8544      27%
>> 10:52:59      799   ( 8.0 cores)    8/8         8539      27%
>> 10:53:01      797   ( 8.0 cores)    8/8         8538      27%
>> 10:53:03      799   ( 8.0 cores)    8/8         8521      27%
>> 10:53:05      798   ( 8.0 cores)    8/8         8528      27%
>> 10:53:07      799   ( 8.0 cores)    8/8         8530      27%
>> 10:53:09      798   ( 8.0 cores)    8/8         8540      27%
>> 10:53:11      799   ( 8.0 cores)    8/8         8534      27%
>> 10:53:13      798   ( 8.0 cores)    8/8         8546      27%
>> 10:53:15      799   ( 8.0 cores)    8/8         8544      27%
>> 10:53:17      799   ( 8.0 cores)    8/8         8548      27%
>> 10:53:19      799   ( 8.0 cores)    8/8         8557      27%
>> 10:53:21      798   ( 8.0 cores)    8/8         8559      27%
>> 10:53:23      799   ( 8.0 cores)    8/8         8552      27%
>> 10:53:25      799   ( 8.0 cores)    8/8         8551      27%
>> 10:53:27      798   ( 8.0 cores)    8/8         8529      27%
>> 10:53:29      798   ( 8.0 cores)    8/8         8532      27%
>> 10:53:31      799   ( 8.0 cores)    8/8         8533      27%
>> 10:53:33      799   ( 8.0 cores)    8/8         8548      27%
>> 10:53:35      797   ( 8.0 cores)    8/8         8549      27%
>> 10:53:37      798   ( 8.0 cores)    8/8         8537      27%
>> 10:53:39      799   ( 8.0 cores)    8/8         8541      27%
>> 10:53:41      797   ( 8.0 cores)    8/8         8546      27%
>> 10:53:43      798   ( 8.0 cores)    8/8         8554      27%
>> 10:53:45      799   ( 8.0 cores)    8/8         8548      27%
>> 10:53:47      798   ( 8.0 cores)    8/8         8554      27%
>> 10:53:49      798   ( 8.0 cores)    8/8         8562      27%
>> 10:53:51      798   ( 8.0 cores)    8/8         8569      27%
>> 10:53:53      798   ( 8.0 cores)    8/8         8573      27%
>> 10:53:55      798   ( 8.0 cores)    8/8         8578      27%
>> 10:53:57      798   ( 8.0 cores)    8/8         8800      28%
>> 10:53:59      799   ( 8.0 cores)    8/8         8535      27%
>> 10:54:01      797   ( 8.0 cores)    8/8         8534      27%
>> 10:54:03      799   ( 8.0 cores)    8/8         8538      27%
>> 10:54:05      800   ( 8.0 cores)    8/8         8542      27%
>> 10:54:07      798   ( 8.0 cores)    8/8         8537      27%
>> 10:54:09      799   ( 8.0 cores)    8/8         8544      27%
>> 10:54:11      799   ( 8.0 cores)    8/8         8551      27%
>> 10:54:13      799   ( 8.0 cores)    8/8         8552      27%
>> 10:54:15      800   ( 8.0 cores)    8/8         8533      27%
>> 10:54:17      799   ( 8.0 cores)    8/8         8535      27%
>> 10:54:19      799   ( 8.0 cores)    8/8         8536      27%
>> 10:54:21      799   ( 8.0 cores)    8/8         8555      27%
>> 10:54:23      798   ( 8.0 cores)    8/8         8560      27%
>> 10:54:25      799   ( 8.0 cores)    8/8         8546      27%
>> 10:54:27      799   ( 8.0 cores)    8/8         8548      27%
>> 10:54:29      799   ( 8.0 cores)    8/8         8554      27%
>> 10:54:31      798   ( 8.0 cores)    8/8         8548      27%
>> 10:54:33      798   ( 8.0 cores)    8/8         8553      27%
>> 10:54:35      798   ( 8.0 cores)    8/8         8581      27%
>> 10:54:37      800   ( 8.0 cores)    8/8         8549      27%
>> 10:54:39      799   ( 8.0 cores)    8/8         8549      27%
>> 10:54:41      799   ( 8.0 cores)    8/8         8548      27%
>> 10:54:43      799   ( 8.0 cores)    8/8         8553      27%
>> 10:54:45      797   ( 8.0 cores)    8/8         8555      27%
>> 10:54:47      799   ( 8.0 cores)    8/8         8554      27%
>> 10:54:49      799   ( 8.0 cores)    8/8         8556      27%
>> 10:54:51      798   ( 8.0 cores)    8/8         8565      27%
>> 10:54:53      800   ( 8.0 cores)    8/8         8573      27%
>> 10:54:55      799   ( 8.0 cores)    8/8         8554      27%
>> 10:54:57      797   ( 8.0 cores)    8/8         8550      27%
>> 10:54:59      798   ( 8.0 cores)    8/8         8589      27%
>> 10:55:01      799   ( 8.0 cores)    8/8         8565      27%
>> 10:55:03      799   ( 8.0 cores)    8/8         8571      27%
>> 10:55:05      798   ( 8.0 cores)    8/8         8573      27%
>> 10:55:07      799   ( 8.0 cores)    8/8         8563      27%
>> 10:55:09      799   ( 8.0 cores)    8/8         8564      27%
>> 10:55:11      799   ( 8.0 cores)    8/8         8575      27%
>> 10:55:13      799   ( 8.0 cores)    8/8         8577      27%
>> 10:55:15      799   ( 8.0 cores)    8/8         8568      27%
>> 10:55:17      798   ( 8.0 cores)    8/8         8545      27%
>> 10:55:19      798   ( 8.0 cores)    8/8         8549      27%
>> 10:55:21      799   ( 8.0 cores)    8/8         8541      27%
>> 10:55:23      798   ( 8.0 cores)    8/8         8540      27%
>> 10:55:25      798   ( 8.0 cores)    8/8         8538      27%
>> 10:55:27      799   ( 8.0 cores)    8/8         8549      27%
>> 10:55:29      799   ( 8.0 cores)    8/8         8541      27%
>> 10:55:31      799   ( 8.0 cores)    8/8         8545      27%
>> 10:55:33      799   ( 8.0 cores)    8/8         8538      27%
>> 10:55:35      798   ( 8.0 cores)    8/8         8554      27%
>> 10:55:37      800   ( 8.0 cores)    8/8         8536      27%
>> 10:55:39      798   ( 8.0 cores)    8/8         8541      27%
>> 10:55:41      797   ( 8.0 cores)    8/8         8547      27%
>> 10:55:43      799   ( 8.0 cores)    8/8         8537      27%
>> 10:55:45      798   ( 8.0 cores)    8/8         8543      27%
>> 10:55:47      799   ( 8.0 cores)    8/8         8536      27%
>> 10:55:49      800   ( 8.0 cores)    8/8         8536      27%
>> 10:55:51      798   ( 8.0 cores)    8/8         8540      27%
>> 10:55:53      798   ( 8.0 cores)    8/8         8537      27%
>> 10:55:55      797   ( 8.0 cores)    8/8         8544      27%
>> 10:55:57      799   ( 8.0 cores)    8/8         8535      27%
>> 10:55:59      799   ( 8.0 cores)    8/8         8539      27%
>> 10:56:01      799   ( 8.0 cores)    8/8         8549      27%
>> 10:56:03      799   ( 8.0 cores)    8/8         8792      28%
>> 10:56:05      798   ( 8.0 cores)    8/8         8549      27%
>> 10:56:07      799   ( 8.0 cores)    8/8         8554      27%
>> 10:56:09      799   ( 8.0 cores)    8/8         8555      27%
>> 10:56:11      798   ( 8.0 cores)    8/8         8563      27%
>> 10:56:13      798   ( 8.0 cores)    8/8         8557      27%
>> 10:56:15      800   ( 8.0 cores)    8/8         8618      27%
>> 10:56:17      799   ( 8.0 cores)    8/8         8550      27%
>> 10:56:19      797   ( 8.0 cores)    8/8         8555      27%
>> 10:56:21      799   ( 8.0 cores)    8/8         8544      27%
>> 10:56:23      798   ( 8.0 cores)    8/8         8548      27%
>> 10:56:25      798   ( 8.0 cores)    8/8         8553      27%
>> 10:56:27      799   ( 8.0 cores)    8/8         8555      27%
>> 10:56:29      799   ( 8.0 cores)    8/8         8540      27%
>> 10:56:31      798   ( 8.0 cores)    8/8         8537      27%
>> 10:56:33      799   ( 8.0 cores)    8/8         8544      27%
>> 10:56:35      799   ( 8.0 cores)    8/8         8568      27%
>> 10:56:37      798   ( 8.0 cores)    8/8         8536      27%
>> 10:56:39      799   ( 8.0 cores)    8/8         8540      27%
>> 10:56:41      798   ( 8.0 cores)    8/8         8548      27%
>> 10:56:43      799   ( 8.0 cores)    8/8         8561      27%
>> 10:56:45      798   ( 8.0 cores)    8/8         8555      27%
>> 10:56:47      798   ( 8.0 cores)    8/8         8556      27%
>> 10:56:49      799   ( 8.0 cores)    8/8         8547      27%
>> 10:56:51      800   ( 8.0 cores)    8/8         8547      27%
>> 10:56:53      798   ( 8.0 cores)    8/8         8554      27%
>> 10:56:55      797   ( 8.0 cores)    8/8         8548      27%
>> 10:56:57      800   ( 8.0 cores)    8/8         8544      27%
>> 10:56:59      799   ( 8.0 cores)    8/8         8553      27%
>> 10:57:01      800   ( 8.0 cores)    8/8         8556      27%
>> 10:57:03      799   ( 8.0 cores)    8/8         8565      27%
>> 10:57:05      797   ( 8.0 cores)    8/8         8612      27%
>> 10:57:07      800   ( 8.0 cores)    8/8         8564      27%
>> 10:57:09      798   ( 8.0 cores)    8/8         8575      27%
>> 10:57:11      798   ( 8.0 cores)    8/8         8557      27%
>> 10:57:13      798   ( 8.0 cores)    8/8         8560      27%
>> 10:57:15      798   ( 8.0 cores)    8/8         8566      27%
>> 10:57:17      799   ( 8.0 cores)    8/8         8565      27%
>> 10:57:19      799   ( 8.0 cores)    8/8         8573      27%
>> 10:57:21      798   ( 8.0 cores)    8/8         8554      27%
>> 10:57:23      799   ( 8.0 cores)    8/8         8554      27%
>> 10:57:25      798   ( 8.0 cores)    8/8         8556      27%
>> 10:57:27      799   ( 8.0 cores)    8/8         8562      27%
>> 10:57:29      798   ( 8.0 cores)    8/8         8564      27%
>> 10:57:31      799   ( 8.0 cores)    8/8         8551      27%
>> 10:57:33      798   ( 8.0 cores)    8/8         8545      27%
>> 10:57:35      798   ( 8.0 cores)    8/8         8554      27%
>> 10:57:37      799   ( 8.0 cores)    8/8         8552      27%
>> 10:57:39      798   ( 8.0 cores)    8/8         8573      27%
>> 10:57:41      799   ( 8.0 cores)    8/8         8564      27%
>> 10:57:43      799   ( 8.0 cores)    8/8         8560      27%
>> 10:57:45      800   ( 8.0 cores)    8/8         8556      27%
>> 10:57:47      798   ( 8.0 cores)    8/8         8549      27%
>> 10:57:49      800   ( 8.0 cores)    8/8         8550      27%
>> 10:57:51      798   ( 8.0 cores)    8/8         8552      27%
>> 10:57:53      799   ( 8.0 cores)    8/8         8547      27%
>> 10:57:55      798   ( 8.0 cores)    8/8         8548      27%
>> 10:57:57      799   ( 8.0 cores)    8/8         8548      27%
>> 10:57:59      799   ( 8.0 cores)    8/8         8555      27%
>> 10:58:01      799   ( 8.0 cores)    8/8         8565      27%
>> 10:58:03      799   ( 8.0 cores)    8/8         8563      27%
>> 10:58:05      799   ( 8.0 cores)    8/8         8554      27%
>> 10:58:07      798   ( 8.0 cores)    8/8         8581      27%
>> 10:58:09      800   ( 8.0 cores)    8/8         8822      28%
>> 10:58:11      797   ( 8.0 cores)    8/8         8552      27%
>> 10:58:13      799   ( 8.0 cores)    8/8         8553      27%
>> 10:58:15      799   ( 8.0 cores)    8/8         8548      27%
>> 10:58:17      798   ( 8.0 cores)    8/8         8560      27%
>> 10:58:19      799   ( 8.0 cores)    8/8         8547      27%
>> 10:58:21      798   ( 8.0 cores)    8/8         8557      27%
>> 10:58:23      798   ( 8.0 cores)    8/8         8554      27%
>> 10:58:25      799   ( 8.0 cores)    8/8         8562      27%
>> 10:58:27      799   ( 8.0 cores)    8/8         8563      27%
>> 10:58:29      798   ( 8.0 cores)    8/8         8563      27%
>> 10:58:31      798   ( 8.0 cores)    8/8         8564      27%
>> 10:58:33      798   ( 8.0 cores)    8/8         8565      27%
>> 10:58:35      799   ( 8.0 cores)    8/8         8593      27%
>> 10:58:37      799   ( 8.0 cores)    8/8         8558      27%
>> 10:58:39      800   ( 8.0 cores)    8/8         8551      27%
>> 10:58:41      798   ( 8.0 cores)    8/8         8563      27%
>> 10:58:43      799   ( 8.0 cores)    8/8         8556      27%
>> 10:58:45      799   ( 8.0 cores)    8/8         8561      27%
>> 10:58:47      799   ( 8.0 cores)    8/8         8567      27%
>> 10:58:49      799   ( 8.0 cores)    8/8         8559      27%
>> 10:58:51      799   ( 8.0 cores)    8/8         8564      27%
>> 10:58:53      797   ( 8.0 cores)    8/8         8575      27%
>> 10:58:55      797   ( 8.0 cores)    8/8         8566      27%
>> 10:58:57      798   ( 8.0 cores)    8/8         8563      27%
>> 10:58:59      800   ( 8.0 cores)    8/8         8562      27%
>> 10:59:01      799   ( 8.0 cores)    8/8         8567      27%
>> 10:59:03      799   ( 8.0 cores)    8/8         8575      27%
>> 10:59:05      797   ( 8.0 cores)    8/8         8563      27%
>> 10:59:07      799   ( 8.0 cores)    8/8         8558      27%
>> 10:59:09      799   ( 8.0 cores)    8/8         8562      27%
>> 10:59:11      798   ( 8.0 cores)    8/8         8654      28%
>> 10:59:13      800   ( 8.0 cores)    8/8         8565      27%
>> 10:59:15      798   ( 8.0 cores)    8/8         8570      27%
>> 10:59:17      799   ( 8.0 cores)    8/8         8573      27%
>> 10:59:19      799   ( 8.0 cores)    8/8         8567      27%
>> 10:59:21      799   ( 8.0 cores)    8/8         8569      27%
>> 10:59:23      799   ( 8.0 cores)    8/8         8558      27%
>> 10:59:25      797   ( 8.0 cores)    8/8         8565      27%
>> 10:59:27      799   ( 8.0 cores)    8/8         8565      27%
>> 10:59:29      798   ( 8.0 cores)    8/8         8583      27%
>> 10:59:31      799   ( 8.0 cores)    8/8         8559      27%
>> 10:59:34      799   ( 8.0 cores)    8/8         8565      27%
>> 10:59:36      797   ( 8.0 cores)    8/8         8577      27%
>> 10:59:38      799   ( 8.0 cores)    8/8         8568      27%
>> 10:59:40      798   ( 8.0 cores)    8/8         8556      27%
>> 10:59:42      798   ( 8.0 cores)    8/8         8560      27%
>> 10:59:44      799   ( 8.0 cores)    8/8         8556      27%
>> 10:59:46      797   ( 8.0 cores)    8/8         8548      27%
>> 10:59:48      799   ( 8.0 cores)    8/8         8553      27%
>> 10:59:50      798   ( 8.0 cores)    8/8         8562      27%
>> 10:59:52      800   ( 8.0 cores)    8/8         8550      27%
>> 10:59:54      799   ( 8.0 cores)    8/8         8558      27%
>> 10:59:56      798   ( 8.0 cores)    8/8         8563      27%
>> 10:59:58      798   ( 8.0 cores)    8/8         8555      27%
>> 11:00:00      798   ( 8.0 cores)    8/8         8563      27%
>> 11:00:02      800   ( 8.0 cores)    8/8         8550      27%
>> 11:00:04      798   ( 8.0 cores)    8/8         8558      27%
>> 11:00:06      799   ( 8.0 cores)    8/8         8566      27%
>> 11:00:08      798   ( 8.0 cores)    8/8         8565      27%
>> 11:00:10      799   ( 8.0 cores)    8/8         8576      27%
>> 11:00:12      798   ( 8.0 cores)    8/8         8576      27%
>> 11:00:14      798   ( 8.0 cores)    8/8         8604      27%
>> 11:00:16      799   ( 8.0 cores)    8/8         8813      28%
>> 11:00:18      800   ( 8.0 cores)    8/8         8571      27%
>> 11:00:20      799   ( 8.0 cores)    8/8         8580      27%
>> 11:00:22      797   ( 8.0 cores)    8/8         8563      27%
>> 11:00:24      799   ( 8.0 cores)    8/8         8564      27%
>> 11:00:26      799   ( 8.0 cores)    8/8         8562      27%
>> 11:00:28      799   ( 8.0 cores)    8/8         8557      27%
>> 11:00:30      799   ( 8.0 cores)    8/8         8553      27%
>> 11:00:32      800   ( 8.0 cores)    8/8         8558      27%
>> 11:00:34      798   ( 8.0 cores)    8/8         8556      27%
>> 11:00:36      798   ( 8.0 cores)    8/8         8584      27%
>> 11:00:38      799   ( 8.0 cores)    8/8         8573      27%
>> 11:00:40      798   ( 8.0 cores)    8/8         8577      27%
>> 11:00:42      799   ( 8.0 cores)    8/8         8538      27%
>> 11:00:44      798   ( 8.0 cores)    8/8         8549      27%
>> 11:00:46      799   ( 8.0 cores)    8/8         8558      27%
>> 11:00:48      799   ( 8.0 cores)    8/8         8550      27%
>> 11:00:50      798   ( 8.0 cores)    8/8         8554      27%
>> 11:00:52      798   ( 8.0 cores)    8/8         8545      27%
>> 11:00:54      799   ( 8.0 cores)    8/8         8545      27%
>> 11:00:56      798   ( 8.0 cores)    8/8         8541      27%
>> 11:00:58      799   ( 8.0 cores)    8/8         8554      27%
>> 11:01:00      798   ( 8.0 cores)    8/8         8550      27%
>> 11:01:02      799   ( 8.0 cores)    8/8         8547      27%
>> 11:01:04      799   ( 8.0 cores)    8/8         8551      27%
>> 11:01:06      799   ( 8.0 cores)    8/8         8557      27%
>> 11:01:08      798   ( 8.0 cores)    8/8         8550      27%
>> 11:01:10      798   ( 8.0 cores)    8/8         8554      27%
>> 11:01:12      798   ( 8.0 cores)    8/8         8564      27%
>> 11:01:14      799   ( 8.0 cores)    8/8         8557      27%
>> 11:01:16      799   ( 8.0 cores)    8/8         8558      27%
>> 11:01:18      799   ( 8.0 cores)    8/8         8598      27%
>> 11:01:20      798   ( 8.0 cores)    8/8         8560      27%
>> 11:01:22      798   ( 8.0 cores)    8/8         8565      27%
>> 11:01:24      798   ( 8.0 cores)    8/8         8572      27%
>> 11:01:26      799   ( 8.0 cores)    8/8         8573      27%
>> 11:01:28      798   ( 8.0 cores)    8/8         8566      27%
>> 11:01:30      799   ( 8.0 cores)    8/8         8565      27%
>> 11:01:32      798   ( 8.0 cores)    8/8         8560      27%
>> 11:01:34      799   ( 8.0 cores)    8/8         8555      27%
>> 11:01:36      799   ( 8.0 cores)    8/8         8567      27%
>> 11:01:38      798   ( 8.0 cores)    8/8         8558      27%
>> 11:01:40      799   ( 8.0 cores)    8/8         8558      27%
>> 11:01:42      799   ( 8.0 cores)    8/8         8558      27%
>> 11:01:44      799   ( 8.0 cores)    8/8         8562      27%
>> 11:01:46      798   ( 8.0 cores)    8/8         8557      27%
>> 11:01:48      798   ( 8.0 cores)    8/8         8561      27%
>> 11:01:50      797   ( 8.0 cores)    8/8         8552      27%
>> 11:01:52      800   ( 8.0 cores)    8/8         8559      27%
>> 11:01:54      798   ( 8.0 cores)    8/8         8551      27%
>> 11:01:56      798   ( 8.0 cores)    8/8         8553      27%
>> 11:01:58      796   ( 8.0 cores)    8/8         8551      27%
>> 11:02:00      798   ( 8.0 cores)    8/8         8549      27%
>> 11:02:02      797   ( 8.0 cores)    8/8         8566      27%
>> 11:02:04      798   ( 8.0 cores)    8/8         8556      27%
>> 11:02:06      799   ( 8.0 cores)    8/8         8554      27%
>> 11:02:08      800   ( 8.0 cores)    8/8         8555      27%
>> 11:02:10      799   ( 8.0 cores)    8/8         8568      27%
>> 11:02:12      798   ( 8.0 cores)    8/8         8573      27%
>> 11:02:14      799   ( 8.0 cores)    8/8         8556      27%
>> 11:02:16      798   ( 8.0 cores)    8/8         8552      27%
>> 11:02:18      797   ( 8.0 cores)    8/8         8553      27%
>> 11:02:20      799   ( 8.0 cores)    8/8         8560      27%
>> 11:02:22      799   ( 8.0 cores)    8/8         8704      28%
>> 11:02:24      799   ( 8.0 cores)    8/8         8553      27%
>> 11:02:26      798   ( 8.0 cores)    8/8         8548      27%
>> 11:02:28      798   ( 8.0 cores)    8/8         8554      27%
>> 11:02:30      800   ( 8.0 cores)    8/8         8558      27%
>> 11:02:32      799   ( 8.0 cores)    8/8         8561      27%
>> 11:02:34      800   ( 8.0 cores)    8/8         8558      27%
>> 11:02:36      799   ( 8.0 cores)    8/8         8581      27%
>> 11:02:38      797   ( 8.0 cores)    8/8         8567      27%
>> 11:02:40      800   ( 8.0 cores)    8/8         8557      27%
>> 11:02:42      797   ( 8.0 cores)    8/8         8560      27%
>> 11:02:44      799   ( 8.0 cores)    8/8         8564      27%
>> 11:02:46      800   ( 8.0 cores)    8/8         8566      27%
>> 11:02:48      796   ( 8.0 cores)    8/8         8568      27%
>> 11:02:50      799   ( 8.0 cores)    8/8         8556      27%
>> 11:02:52      799   ( 8.0 cores)    8/8         8564      27%
>> 11:02:54      800   ( 8.0 cores)    8/8         8567      27%
>> 11:02:56      797   ( 8.0 cores)    8/8         8562      27%
>> 11:02:58      797   ( 8.0 cores)    8/8         8554      27%
>> 11:03:00      800   ( 8.0 cores)    8/8         8559      27%
>> 11:03:02      799   ( 8.0 cores)    8/8         8562      27%
>> 11:03:04      798   ( 8.0 cores)    8/8         8561      27%
>> 11:03:06      798   ( 8.0 cores)    8/8         8556      27%
>> 11:03:08      799   ( 8.0 cores)    8/8         8559      27%
>> 11:03:10      798   ( 8.0 cores)    8/8         8561      27%
>> 11:03:12      799   ( 8.0 cores)    8/8         8556      27%
>> 11:03:14      797   ( 8.0 cores)    8/8         8562      27%
>> 11:03:16      799   ( 8.0 cores)    8/8         8569      27%
>> 11:03:18      798   ( 8.0 cores)    8/8         8573      27%
>> 11:03:20      797   ( 8.0 cores)    8/8         8565      27%
>> 11:03:22      799   ( 8.0 cores)    8/8         8557      27%
>> 11:03:24      798   ( 8.0 cores)    8/8         8597      27%
>> 11:03:26      799   ( 8.0 cores)    8/8         8574      27%
>> 11:03:28      799   ( 8.0 cores)    8/8         8577      27%
>> 11:03:30      799   ( 8.0 cores)    8/8         8572      27%
>> 11:03:32      798   ( 8.0 cores)    8/8         8573      27%
>> 11:03:34      800   ( 8.0 cores)    8/8         8575      27%
>> 11:03:36      798   ( 8.0 cores)    8/8         8569      27%
>> 11:03:38      798   ( 8.0 cores)    8/8         8567      27%
>> 11:03:40      799   ( 8.0 cores)    8/8         8578      27%
>> 11:03:42      798   ( 8.0 cores)    8/8         8575      27%
>> 11:03:44      797   ( 8.0 cores)    8/8         8577      27%
>> 11:03:46      799   ( 8.0 cores)    8/8         8579      27%
>> 11:03:48      799   ( 8.0 cores)    8/8         8571      27%
>> 11:03:50      800   ( 8.0 cores)    8/8         8577      27%
>> 11:03:52      798   ( 8.0 cores)    8/8         8576      27%
>> 11:03:54      800   ( 8.0 cores)    8/8         8575      27%
>> 11:03:56      799   ( 8.0 cores)    8/8         8581      27%
>> 11:03:58      798   ( 8.0 cores)    8/8         8562      27%
>> 11:04:00      798   ( 8.0 cores)    8/8         8564      27%
>> 11:04:02      799   ( 8.0 cores)    8/8         8583      27%
>> 11:04:04      799   ( 8.0 cores)    8/8         8583      27%
>> 11:04:06      798   ( 8.0 cores)    8/8         8574      27%
>> 11:04:08      799   ( 8.0 cores)    8/8         8577      27%
>> 11:04:10      798   ( 8.0 cores)    8/8         8581      27%
>> 11:04:12      799   ( 8.0 cores)    8/8         8584      27%
>> 11:04:14      798   ( 8.0 cores)    8/8         8574      27%
>> 11:04:16      800   ( 8.0 cores)    8/8         8571      27%
>> 11:04:18      798   ( 8.0 cores)    8/8         8564      27%
>> 11:04:20      799   ( 8.0 cores)    8/8         8574      27%
>> 11:04:22      798   ( 8.0 cores)    8/8         8576      27%
>> 11:04:24      798   ( 8.0 cores)    8/8         8581      27%
>> 11:04:26      798   ( 8.0 cores)    8/8         8596      27%
>> 11:04:28      798   ( 8.0 cores)    8/8         8823      28%
>> 11:04:30      800   ( 8.0 cores)    8/8         8587      27%
>> 11:04:32      799   ( 8.0 cores)    8/8         8570      27%
>> 11:04:34      799   ( 8.0 cores)    8/8         8577      27%
>> 11:04:36      797   ( 8.0 cores)    8/8         8588      27%
>> 11:04:38      799   ( 8.0 cores)    8/8         8567      27%
>> 11:04:40      800   ( 8.0 cores)    8/8         8570      27%
>> 11:04:42      798   ( 8.0 cores)    8/8         8571      27%
>> 11:04:44      799   ( 8.0 cores)    8/8         8567      27%
>> 11:04:46      799   ( 8.0 cores)    8/8         8566      27%
>> 11:04:48      798   ( 8.0 cores)    8/8         8573      27%
>> 11:04:50      799   ( 8.0 cores)    8/8         8571      27%
>> 11:04:52      800   ( 8.0 cores)    8/8         8570      27%
>> 11:04:54      798   ( 8.0 cores)    8/8         8553      27%
>> 11:04:56      799   ( 8.0 cores)    8/8         8547      27%
>> 11:04:58      799   ( 8.0 cores)    8/8         8558      27%
>> 11:05:00      799   ( 8.0 cores)    8/8         8548      27%
>> 11:05:02      798   ( 8.0 cores)    8/8         8550      27%
>> 11:05:04      798   ( 8.0 cores)    8/8         8562      27%
>> 11:05:06      799   ( 8.0 cores)    8/8         8564      27%
>> 11:05:08      798   ( 8.0 cores)    8/8         8554      27%
>> 11:05:10      799   ( 8.0 cores)    8/8         8559      27%
>> 11:05:12      799   ( 8.0 cores)    8/8         8567      27%
>> 11:05:14      800   ( 8.0 cores)    8/8         8570      27%
>> 11:05:16      798   ( 8.0 cores)    8/8         8558      27%
>> 11:05:18      799   ( 8.0 cores)    8/8         8555      27%
>> 11:05:20      797   ( 8.0 cores)    8/8         8558      27%
>> 11:05:22      798   ( 8.0 cores)    8/8         8554      27%
>> 11:05:24      799   ( 8.0 cores)    8/8         8545      27%
>> 11:05:26      798   ( 8.0 cores)    8/8         8546      27%
>> 11:05:28      799   ( 8.0 cores)    8/8         8548      27%
>> 11:05:30      797   ( 8.0 cores)    8/8         8617      27%
>> 11:05:32      800   ( 8.0 cores)    8/8         8559      27%
>> 11:05:34      799   ( 8.0 cores)    8/8         8572      27%
>> 11:05:36      797   ( 8.0 cores)    8/8         8581      27%
>> 11:05:38      799   ( 8.0 cores)    8/8         8557      27%
>> 11:05:40      799   ( 8.0 cores)    8/8         8563      27%
>> 11:05:42      799   ( 8.0 cores)    8/8         8569      27%
>> 11:05:44      799   ( 8.0 cores)    8/8         8573      27%
>> 11:05:46      799   ( 8.0 cores)    8/8         8578      27%
>> 11:05:48      798   ( 8.0 cores)    8/8         8567      27%
>> 11:05:50      799   ( 8.0 cores)    8/8         8569      27%
>> 11:05:52      797   ( 8.0 cores)    8/8         8565      27%
>> 11:05:54      800   ( 8.0 cores)    8/8         8555      27%
>> 11:05:56      798   ( 8.0 cores)    8/8         8565      27%
>> 11:05:58      800   ( 8.0 cores)    8/8         8557      27%
>> 11:06:00      800   ( 8.0 cores)    8/8         8563      27%
>> 11:06:02      798   ( 8.0 cores)    8/8         8559      27%
>> 11:06:04      798   ( 8.0 cores)    8/8         8559      27%
>> 11:06:06      799   ( 8.0 cores)    8/8         8557      27%
>> 11:06:08      799   ( 8.0 cores)    8/8         8555      27%
>> 11:06:10      798   ( 8.0 cores)    8/8         8564      27%
>> 11:06:12      800   ( 8.0 cores)    8/8         8560      27%
>> 11:06:14      799   ( 8.0 cores)    8/8         8562      27%
>> 11:06:16      799   ( 8.0 cores)    8/8         8547      27%
>> 11:06:18      797   ( 8.0 cores)    8/8         8548      27%
>> 11:06:20      799   ( 8.0 cores)    8/8         8547      27%
>> 11:06:22      799   ( 8.0 cores)    8/8         8560      27%
>> 11:06:24      797   ( 8.0 cores)    8/8         8551      27%
>> 11:06:26      799   ( 8.0 cores)    8/8         8559      27%
>> 11:06:28      799   ( 8.0 cores)    8/8         8560      27%
>> 11:06:30      798   ( 8.0 cores)    8/8         8573      27%
>> 11:06:32      798   ( 8.0 cores)    8/8         8590      27%
>> 11:06:34      800   ( 8.0 cores)    8/8         8804      28%
>> 11:06:36      799   ( 8.0 cores)    8/8         8601      27%
>> 11:06:38      799   ( 8.0 cores)    8/8         8575      27%
>> 11:06:40      800   ( 8.0 cores)    8/8         8576      27%
>> 11:06:42      797   ( 8.0 cores)    8/8         8575      27%
>> 11:06:44      799   ( 8.0 cores)    8/8         8579      27%
>> 11:06:46      799   ( 8.0 cores)    8/8         8578      27%
>> 11:06:48      799   ( 8.0 cores)    8/8         8577      27%
>> 11:06:50      800   ( 8.0 cores)    8/8         8586      27%
>> 11:06:52      797   ( 8.0 cores)    8/8         8576      27%
>> 11:06:54      799   ( 8.0 cores)    8/8         8563      27%
>> 11:06:56      799   ( 8.0 cores)    8/8         8569      27%
>> 11:06:58      798   ( 8.0 cores)    8/8         8577      27%
>> 11:07:00      798   ( 8.0 cores)    8/8         8582      27%
>> 11:07:02      798   ( 8.0 cores)    8/8         8577      27%
>> 11:07:04      799   ( 8.0 cores)    8/8         8576      27%
>> 11:07:06      798   ( 8.0 cores)    8/8         8568      27%
>> 11:07:08      799   ( 8.0 cores)    8/8         8571      27%
>> 11:07:10      798   ( 8.0 cores)    8/8         8575      27%
>> 11:07:12      799   ( 8.0 cores)    8/8         8574      27%
>> 11:07:14      800   ( 8.0 cores)    8/8         8572      27%
>> 11:07:16      799   ( 8.0 cores)    8/8         8566      27%
>> 11:07:18      798   ( 8.0 cores)    8/8         8583      27%
>> 11:07:20      799   ( 8.0 cores)    8/8         8587      27%
>> 11:07:22      798   ( 8.0 cores)    8/8         8581      27%
>> 11:07:24      799   ( 8.0 cores)    8/8         8578      27%
>> 11:07:26      798   ( 8.0 cores)    8/8         8588      27%
>> 11:07:28      799   ( 8.0 cores)    8/8         8588      27%
>> 11:07:30      800   ( 8.0 cores)    8/8         8583      27%
>> 11:07:32      797   ( 8.0 cores)    8/8         8582      27%
>> 11:07:34      800   ( 8.0 cores)    8/8         8569      27%
>> 11:07:36      796   ( 8.0 cores)    8/8         8537      27%
>> 11:07:38      799   ( 8.0 cores)    8/8         8553      27%
>> 11:07:40      800   ( 8.0 cores)    8/8         8556      27%
>> 11:07:42      800   ( 8.0 cores)    8/8         8559      27%
>> 11:07:44      800   ( 8.0 cores)    8/8         8565      27%
>> 11:07:46      797   ( 8.0 cores)    8/8         8562      27%
>> 11:07:48      798   ( 8.0 cores)    8/8         8564      27%
>> 11:07:50      800   ( 8.0 cores)    8/8         8561      27%
>> 11:07:52      799   ( 8.0 cores)    8/8         8571      27%
>> 11:07:54      800   ( 8.0 cores)    8/8         8562      27%
>> 11:07:56      797   ( 8.0 cores)    8/8         8562      27%
>> 11:07:58      800   ( 8.0 cores)    8/8         8558      27%
>> 11:08:00      800   ( 8.0 cores)    8/8         8546      27%
>> 11:08:02      797   ( 8.0 cores)    8/8         8550      27%
>> 11:08:04      800   ( 8.0 cores)    8/8         8558      27%
>> 11:08:06      800   ( 8.0 cores)    8/8         8549      27%
>> 11:08:08      800   ( 8.0 cores)    8/8         8559      27%
>> 11:08:10      800   ( 8.0 cores)    8/8         8562      27%
>> 11:08:12      799   ( 8.0 cores)    8/8         8562      27%
>> 11:08:14      800   ( 8.0 cores)    8/8         8563      27%
>> 11:08:16      799   ( 8.0 cores)    8/8         8562      27%
>> 11:08:18      800   ( 8.0 cores)    8/8         8539      27%
>> 11:08:20      799   ( 8.0 cores)    8/8         8549      27%
>> 11:08:22      800   ( 8.0 cores)    8/8         8551      27%
>> 11:08:24      799   ( 8.0 cores)    8/8         8552      27%
>> 11:08:26      799   ( 8.0 cores)    8/8         8544      27%
>> 11:08:28      800   ( 8.0 cores)    8/8         8538      27%
>> 11:08:30      799   ( 8.0 cores)    8/8         8537      27%
>> 11:08:32      800   ( 8.0 cores)    8/8         8539      27%
>> 11:08:34      799   ( 8.0 cores)    8/8         8549      27%
>> 11:08:36      799   ( 8.0 cores)    8/8         8550      27%
>> 11:08:38      800   ( 8.0 cores)    8/8         8544      27%
>> 11:08:40      799   ( 8.0 cores)    8/8         8549      27%
>> 11:08:42      800   ( 8.0 cores)    8/8         8546      27%
>> 11:08:44      799   ( 8.0 cores)    8/8         8550      27%
>> 11:08:46      800   ( 8.0 cores)    8/8         8547      27%
>> 11:08:48      800   ( 8.0 cores)    8/8         8553      27%
>> 11:08:50      798   ( 8.0 cores)    8/8         8546      27%
>> 11:08:52      800   ( 8.0 cores)    8/8         8541      27%
>> 11:08:54      799   ( 8.0 cores)    8/8         8550      27%
>> 11:08:56      800   ( 8.0 cores)    8/8         8552      27%
>> 11:08:58      799   ( 8.0 cores)    8/8         8546      27%
>> 11:09:00      799   ( 8.0 cores)    8/8         8543      27%
>> 11:09:02      794   ( 7.9 cores)    8/8         8545      27%
>> 11:09:04      438   ( 4.4 cores)    2/8         8570      27%
>> 11:09:06      800   ( 8.0 cores)    8/8         8575      27%
>> 11:09:08      800   ( 8.0 cores)    8/8         8573      27%
>> 11:09:10      797   ( 8.0 cores)    8/8         8564      27%
>> 11:09:12      799   ( 8.0 cores)    8/8         8569      27%
>> 11:09:14      800   ( 8.0 cores)    8/8         8575      27%
>> 11:09:16      797   ( 8.0 cores)    8/8         8582      27%
>> 11:09:18      799   ( 8.0 cores)    8/8         8586      27%
>> 11:09:20      800   ( 8.0 cores)    8/8         8582      27%
>> 11:09:22      799   ( 8.0 cores)    8/8         8585      27%
>> 11:09:24      799   ( 8.0 cores)    8/8         8596      27%
>> 11:09:26      799   ( 8.0 cores)    8/8         8584      27%
>> 11:09:28      800   ( 8.0 cores)    8/8         8585      27%
>> 11:09:30      798   ( 8.0 cores)    8/8         8586      27%
>> 11:09:32      800   ( 8.0 cores)    8/8         8495      27%
>> 11:09:34      798   ( 8.0 cores)    8/8         8487      27%
>> 11:09:36      800   ( 8.0 cores)    8/8         8485      27%
>> 11:09:38      799   ( 8.0 cores)    8/8         8477      27%
>> 11:09:40      800   ( 8.0 cores)    8/8         8493      27%
>> 11:09:42      798   ( 8.0 cores)    8/8         8638      28%
>> 11:09:44      800   ( 8.0 cores)    8/8         8492      27%
>> 11:09:46      800   ( 8.0 cores)    8/8         8472      27%
>> 11:09:48      798   ( 8.0 cores)    8/8         8471      27%
>> 11:09:50      799   ( 8.0 cores)    8/8         8477      27%
>> 11:09:52      800   ( 8.0 cores)    8/8         8470      27%
>> 11:09:54      798   ( 8.0 cores)    8/8         8463      27%
>> 11:09:56      800   ( 8.0 cores)    8/8         8455      27%
>> 11:09:58      799   ( 8.0 cores)    8/8         8457      27%
>> 11:10:00      798   ( 8.0 cores)    8/8         8468      27%
>> 11:10:02      800   ( 8.0 cores)    8/8         8449      27%
>> 11:10:04      800   ( 8.0 cores)    8/8         8464      27%
>> 11:10:06      800   ( 8.0 cores)    8/8         8462      27%
>> 11:10:08      798   ( 8.0 cores)    8/8         8465      27%
>> 11:10:10      799   ( 8.0 cores)    8/8         8453      27%
>> 11:10:12      800   ( 8.0 cores)    8/8         8466      27%
>> 11:10:14      799   ( 8.0 cores)    8/8         8469      27%
>> 11:10:16      800   ( 8.0 cores)    8/8         8471      27%
>> 11:10:18      800   ( 8.0 cores)    8/8         8467      27%
>> 11:10:20      800   ( 8.0 cores)    8/8         8482      27%
>> 11:10:22      800   ( 8.0 cores)    8/8         8471      27%
>> 11:10:24      799   ( 8.0 cores)    8/8         8470      27%
>> 11:10:26      799   ( 8.0 cores)    8/8         8476      27%
>> 11:10:28      799   ( 8.0 cores)    8/8         8484      27%
>> 11:10:30      799   ( 8.0 cores)    8/8         8488      27%
>> 11:10:32      800   ( 8.0 cores)    8/8         8476      27%
>> 11:10:34      800   ( 8.0 cores)    8/8         8476      27%
>> 11:10:36      798   ( 8.0 cores)    8/8         8471      27%
>> 11:10:38      800   ( 8.0 cores)    8/8         8475      27%
>> 11:10:40      800   ( 8.0 cores)    8/8         8476      27%
>> 11:10:42      800   ( 8.0 cores)    8/8         8468      27%
>> 11:10:44      800   ( 8.0 cores)    8/8         8560      27%
>> 11:10:46      798   ( 8.0 cores)    8/8         8479      27%
>> 11:10:48      800   ( 8.0 cores)    8/8         8486      27%
>> 11:10:50      800   ( 8.0 cores)    8/8         8492      27%
>> 11:10:52      799   ( 8.0 cores)    8/8         8471      27%
>> 11:10:54      800   ( 8.0 cores)    8/8         8466      27%
>> 11:10:56      797   ( 8.0 cores)    8/8         8464      27%
>> 11:10:58      800   ( 8.0 cores)    8/8         8462      27%
>> 11:11:00      800   ( 8.0 cores)    8/8         8462      27%
>> 11:11:02      798   ( 8.0 cores)    8/8         8461      27%
>> 11:11:04      800   ( 8.0 cores)    8/8         8464      27%
>> 11:11:06      800   ( 8.0 cores)    8/8         8468      27%
>> 11:11:08      800   ( 8.0 cores)    8/8         8459      27%
>> 11:11:10      800   ( 8.0 cores)    8/8         8464      27%
>> 11:11:12      798   ( 8.0 cores)    8/8         8468      27%
>> 11:11:14      800   ( 8.0 cores)    8/8         8475      27%
>> 11:11:16      799   ( 8.0 cores)    8/8         8475      27%
>> 11:11:18      800   ( 8.0 cores)    8/8         8472      27%
>> 11:11:20      800   ( 8.0 cores)    8/8         8473      27%
>> 11:11:22      800   ( 8.0 cores)    8/8         8455      27%
>> 11:11:24      799   ( 8.0 cores)    8/8         8469      27%
>> 11:11:26      798   ( 8.0 cores)    8/8         8471      27%
>> 11:11:28      798   ( 8.0 cores)    8/8         8474      27%
>> 11:11:30      799   ( 8.0 cores)    8/8         8475      27%
>> 11:11:32      800   ( 8.0 cores)    8/8         8473      27%
>> 11:11:34      799   ( 8.0 cores)    8/8         8411      27%
>> 11:11:36      800   ( 8.0 cores)    8/8         8420      27%
>> 11:11:38      799   ( 8.0 cores)    8/8         8396      27%
>> 11:11:40      799   ( 8.0 cores)    8/8         8396      27%
>> 11:11:42      800   ( 8.0 cores)    8/8         8417      27%
>> 11:11:44      799   ( 8.0 cores)    8/8         8403      27%
>> 11:11:46      799   ( 8.0 cores)    8/8         8415      27%
>> 11:11:48      798   ( 8.0 cores)    8/8         8425      27%
>> 11:11:50      800   ( 8.0 cores)    8/8         8412      27%
>> 11:11:52      799   ( 8.0 cores)    8/8         8400      27%
>> 11:11:54      800   ( 8.0 cores)    8/8         8399      27%
>> 11:11:56      800   ( 8.0 cores)    8/8         8398      27%
>> 11:11:58      800   ( 8.0 cores)    8/8         8398      27%
>> 11:12:00      799   ( 8.0 cores)    8/8         8406      27%
>> 11:12:02      800   ( 8.0 cores)    8/8         8408      27%
>> 11:12:04      799   ( 8.0 cores)    8/8         8396      27%
>> 11:12:06      800   ( 8.0 cores)    8/8         8397      27%
>> 11:12:08      799   ( 8.0 cores)    8/8         8408      27%
>> 11:12:10      799   ( 8.0 cores)    8/8         8395      27%
>> 11:12:12      799   ( 8.0 cores)    8/8         8405      27%
>> 11:12:14      800   ( 8.0 cores)    8/8         8397      27%
>> 11:12:16      799   ( 8.0 cores)    8/8         8409      27%
>> 11:12:18      798   ( 8.0 cores)    8/8         8408      27%
>> 11:12:20      799   ( 8.0 cores)    8/8         8402      27%
>> 11:12:22      800   ( 8.0 cores)    8/8         8401      27%
>> 11:12:24      799   ( 8.0 cores)    8/8         8415      27%
>> 11:12:26      799   ( 8.0 cores)    8/8         8412      27%
>> 11:12:28      799   ( 8.0 cores)    8/8         8410      27%
>> 11:12:30      800   ( 8.0 cores)    8/8         8411      27%
>> 11:12:32      800   ( 8.0 cores)    8/8         8406      27%
>> 11:12:34      800   ( 8.0 cores)    8/8         8405      27%
>> 11:12:36      798   ( 8.0 cores)    8/8         8415      27%
>> 11:12:38      799   ( 8.0 cores)    8/8         8414      27%
>> 11:12:40      798   ( 8.0 cores)    8/8         8415      27%
>> 11:12:42      800   ( 8.0 cores)    8/8         8415      27%
>> 11:12:44      799   ( 8.0 cores)    8/8         8415      27%
>> 11:12:46      800   ( 8.0 cores)    8/8         8395      27%
>> 11:12:48      797   ( 8.0 cores)    8/8         8403      27%
>> 11:12:50      800   ( 8.0 cores)    8/8         8405      27%
>> 11:12:52      800   ( 8.0 cores)    8/8         8396      27%
>> 11:12:54      800   ( 8.0 cores)    8/8         8396      27%
>> 11:12:56      799   ( 8.0 cores)    8/8         8404      27%
>> 11:12:58      800   ( 8.0 cores)    8/8         8406      27%
>> 11:13:00      800   ( 8.0 cores)    8/8         8411      27%
>> 11:13:02      799   ( 8.0 cores)    8/8         8406      27%
>> 11:13:04      800   ( 8.0 cores)    8/8         8395      27%
>> 11:13:06      798   ( 8.0 cores)    8/8         8399      27%
>> 11:13:08      800   ( 8.0 cores)    8/8         8397      27%
>> 11:13:10      798   ( 8.0 cores)    8/8         8394      27%
>> 11:13:12      800   ( 8.0 cores)    8/8         8420      27%
>> 11:13:14      800   ( 8.0 cores)    8/8         8416      27%
>> 11:13:16      799   ( 8.0 cores)    8/8         8406      27%
>> 11:13:18      800   ( 8.0 cores)    8/8         8409      27%
>> 11:13:20      800   ( 8.0 cores)    8/8         8413      27%
>> 11:13:22      800   ( 8.0 cores)    8/8         8412      27%
>> 11:13:24      800   ( 8.0 cores)    8/8         8407      27%
>> 11:13:26      800   ( 8.0 cores)    8/8         8407      27%
>> 11:13:28      799   ( 8.0 cores)    8/8         8392      27%
>> 11:13:30      800   ( 8.0 cores)    8/8         8393      27%
>> 11:13:32      798   ( 8.0 cores)    8/8         8408      27%
