{"ts": "2026-08-13T00:02:12.278382241Z", "container": "smarthub-shap-worker", "msg": "2026-08-13 00:02:12 | INFO  | shap_worker.py:run:245 | shap-worker enriched 50 prediction(s)"}
{"ts": "2026-08-13T00:04:38.120514209Z", "container": "smarthub-shap-worker", "msg": "2026-08-13 00:04:38 | INFO  | shap_worker.py:run:245 | shap-worker enriched 50 prediction(s)"}
{"ts": "2026-08-13T00:07:03.517886807Z", "container": "smarthub-shap-worker", "msg": "2026-08-13 00:07:03 | INFO  | shap_worker.py:run:245 | shap-worker enriched 50 prediction(s)"}
{"ts": "2026-08-13T00:09:29.284558097Z", "container": "smarthub-shap-worker", "msg": "2026-08-13 00:09:29 | INFO  | shap_worker.py:run:245 | shap-worker enriched 50 prediction(s)"}
{"ts": "2026-08-13T00:11:55.077823914Z", "container": "smarthub-shap-worker", "msg": "2026-08-13 00:11:55 | INFO  | shap_worker.py:run:245 | shap-worker enriched 50 prediction(s)"}
{"ts": "2026-08-13T00:14:20.897521487Z", "container": "smarthub-shap-worker", "msg": "2026-08-13 00:14:20 | INFO  | shap_worker.py:run:245 | shap-worker enriched 50 prediction(s)"}
{"ts": "2026-08-13T00:16:46.327392715Z", "container": "smarthub-shap-worker", "msg": "2026-08-13 00:16:46 | INFO  | shap_worker.py:run:245 | shap-worker enriched 50 prediction(s)"}
{"ts": "2026-08-13T00:19:11.932757167Z", "container": "smarthub-shap-worker", "msg": "2026-08-13 00:19:11 | INFO  | shap_worker.py:run:245 | shap-worker enriched 50 prediction(s)"}
{"ts": "2026-08-13T00:21:37.662547837Z", "container": "smarthub-shap-worker", "msg": "2026-08-13 00:21:37 | INFO  | shap_worker.py:run:245 | shap-worker enriched 50 prediction(s)"}
{"ts": "2026-08-13T00:24:03.238797195Z", "container": "smarthub-shap-worker", "msg": "2026-08-13 00:24:03 | INFO  | shap_worker.py:run:245 | shap-worker enriched 50 prediction(s)"}
{"ts": "2026-08-13T00:26:29.127367763Z", "container": "smarthub-shap-worker", "msg": "2026-08-13 00:26:29 | INFO  | shap_worker.py:run:245 | shap-worker enriched 50 prediction(s)"}
{"ts": "2026-08-13T00:28:54.971686365Z", "container": "smarthub-shap-worker", "msg": "2026-08-13 00:28:54 | INFO  | shap_worker.py:run:245 | shap-worker enriched 50 prediction(s)"}
{"ts": "2026-08-13T00:31:20.888229082Z", "container": "smarthub-shap-worker", "msg": "2026-08-13 00:31:20 | INFO  | shap_worker.py:run:245 | shap-worker enriched 50 prediction(s)"}
{"ts": "2026-08-13T00:33:46.636166882Z", "container": "smarthub-shap-worker", "msg": "2026-08-13 00:33:46 | INFO  | shap_worker.py:run:245 | shap-worker enriched 50 prediction(s)"}
{"ts": "2026-08-13T00:36:12.098434579Z", "container": "smarthub-shap-worker", "msg": "2026-08-13 00:36:12 | INFO  | shap_worker.py:run:245 | shap-worker enriched 50 prediction(s)"}
{"ts": "2026-08-13T00:38:37.871520206Z", "container": "smarthub-shap-worker", "msg": "2026-08-13 00:38:37 | INFO  | shap_worker.py:run:245 | shap-worker enriched 50 prediction(s)"}
{"ts": "2026-08-13T00:41:03.349195227Z", "container": "smarthub-shap-worker", "msg": "2026-08-13 00:41:03 | INFO  | shap_worker.py:run:245 | shap-worker enriched 50 prediction(s)"}
{"ts": "2026-08-13T00:43:28.989991266Z", "container": "smarthub-shap-worker", "msg": "2026-08-13 00:43:28 | INFO  | shap_worker.py:run:245 | shap-worker enriched 50 prediction(s)"}
{"ts": "2026-08-13T00:45:54.823027805Z", "container": "smarthub-shap-worker", "msg": "2026-08-13 00:45:54 | INFO  | shap_worker.py:run:245 | shap-worker enriched 50 prediction(s)"}
{"ts": "2026-08-13T00:48:20.313090792Z", "container": "smarthub-shap-worker", "msg": "2026-08-13 00:48:20 | INFO  | shap_worker.py:run:245 | shap-worker enriched 50 prediction(s)"}
{"ts": "2026-08-13T00:50:45.801101530Z", "container": "smarthub-shap-worker", "msg": "2026-08-13 00:50:45 | INFO  | shap_worker.py:run:245 | shap-worker enriched 50 prediction(s)"}
{"ts": "2026-08-13T00:53:11.390449081Z", "container": "smarthub-shap-worker", "msg": "2026-08-13 00:53:11 | INFO  | shap_worker.py:run:245 | shap-worker enriched 50 prediction(s)"}
{"ts": "2026-08-13T00:55:36.870009173Z", "container": "smarthub-shap-worker", "msg": "2026-08-13 00:55:36 | INFO  | shap_worker.py:run:245 | shap-worker enriched 50 prediction(s)"}
{"ts": "2026-08-13T00:58:02.420659388Z", "container": "smarthub-shap-worker", "msg": "2026-08-13 00:58:02 | INFO  | shap_worker.py:run:245 | shap-worker enriched 50 prediction(s)"}
{"ts": "2026-08-13T01:00:27.960281775Z", "container": "smarthub-shap-worker", "msg": "2026-08-13 01:00:27 | INFO  | shap_worker.py:run:245 | shap-worker enriched 50 prediction(s)"}
{"ts": "2026-08-13T01:02:53.226255079Z", "container": "smarthub-shap-worker", "msg": "2026-08-13 01:02:53 | INFO  | shap_worker.py:run:245 | shap-worker enriched 50 prediction(s)"}
{"ts": "2026-08-13T01:05:18.910300943Z", "container": "smarthub-shap-worker", "msg": "2026-08-13 01:05:18 | INFO  | shap_worker.py:run:245 | shap-worker enriched 50 prediction(s)"}
{"ts": "2026-08-13T01:07:44.252019013Z", "container": "smarthub-shap-worker", "msg": "2026-08-13 01:07:44 | INFO  | shap_worker.py:run:245 | shap-worker enriched 50 prediction(s)"}
{"ts": "2026-08-13T01:10:09.632817321Z", "container": "smarthub-shap-worker", "msg": "2026-08-13 01:10:09 | INFO  | shap_worker.py:run:245 | shap-worker enriched 50 prediction(s)"}
{"ts": "2026-08-13T01:12:35.091969237Z", "container": "smarthub-shap-worker", "msg": "2026-08-13 01:12:35 | INFO  | shap_worker.py:run:245 | shap-worker enriched 50 prediction(s)"}
{"ts": "2026-08-13T01:15:00.651211757Z", "container": "smarthub-shap-worker", "msg": "2026-08-13 01:15:00 | INFO  | shap_worker.py:run:245 | shap-worker enriched 50 prediction(s)"}
{"ts": "2026-08-13T01:17:26.106318310Z", "container": "smarthub-shap-worker", "msg": "2026-08-13 01:17:26 | INFO  | shap_worker.py:run:245 | shap-worker enriched 50 prediction(s)"}
{"ts": "2026-08-13T01:19:51.550084989Z", "container": "smarthub-shap-worker", "msg": "2026-08-13 01:19:51 | INFO  | shap_worker.py:run:245 | shap-worker enriched 50 prediction(s)"}
{"ts": "2026-08-13T01:22:16.882115279Z", "container": "smarthub-shap-worker", "msg": "2026-08-13 01:22:16 | INFO  | shap_worker.py:run:245 | shap-worker enriched 50 prediction(s)"}
{"ts": "2026-08-13T01:24:42.275425776Z", "container": "smarthub-shap-worker", "msg": "2026-08-13 01:24:42 | INFO  | shap_worker.py:run:245 | shap-worker enriched 50 prediction(s)"}
{"ts": "2026-08-13T01:27:07.374690617Z", "container": "smarthub-shap-worker", "msg": "2026-08-13 01:27:07 | INFO  | shap_worker.py:run:245 | shap-worker enriched 50 prediction(s)"}
{"ts": "2026-08-13T01:29:32.707321283Z", "container": "smarthub-shap-worker", "msg": "2026-08-13 01:29:32 | INFO  | shap_worker.py:run:245 | shap-worker enriched 50 prediction(s)"}
{"ts": "2026-08-13T01:31:57.806518294Z", "container": "smarthub-shap-worker", "msg": "2026-08-13 01:31:57 | INFO  | shap_worker.py:run:245 | shap-worker enriched 50 prediction(s)"}
{"ts": "2026-08-13T01:34:22.856179926Z", "container": "smarthub-shap-worker", "msg": "2026-08-13 01:34:22 | INFO  | shap_worker.py:run:245 | shap-worker enriched 50 prediction(s)"}
{"ts": "2026-08-13T01:36:47.863565114Z", "container": "smarthub-shap-worker", "msg": "2026-08-13 01:36:47 | INFO  | shap_worker.py:run:245 | shap-worker enriched 50 prediction(s)"}
{"ts": "2026-08-13T01:39:12.711251840Z", "container": "smarthub-shap-worker", "msg": "2026-08-13 01:39:12 | INFO  | shap_worker.py:run:245 | shap-worker enriched 50 prediction(s)"}
{"ts": "2026-08-13T01:41:37.482996136Z", "container": "smarthub-shap-worker", "msg": "2026-08-13 01:41:37 | INFO  | shap_worker.py:run:245 | shap-worker enriched 50 prediction(s)"}
{"ts": "2026-08-13T01:44:02.385982587Z", "container": "smarthub-shap-worker", "msg": "2026-08-13 01:44:02 | INFO  | shap_worker.py:run:245 | shap-worker enriched 50 prediction(s)"}
{"ts": "2026-08-13T01:46:27.259008961Z", "container": "smarthub-shap-worker", "msg": "2026-08-13 01:46:27 | INFO  | shap_worker.py:run:245 | shap-worker enriched 50 prediction(s)"}
{"ts": "2026-08-13T01:48:52.393953111Z", "container": "smarthub-shap-worker", "msg": "2026-08-13 01:48:52 | INFO  | shap_worker.py:run:245 | shap-worker enriched 50 prediction(s)"}
{"ts": "2026-08-13T01:51:17.159477922Z", "container": "smarthub-shap-worker", "msg": "2026-08-13 01:51:17 | INFO  | shap_worker.py:run:245 | shap-worker enriched 50 prediction(s)"}
{"ts": "2026-08-13T01:53:41.999133168Z", "container": "smarthub-shap-worker", "msg": "2026-08-13 01:53:41 | INFO  | shap_worker.py:run:245 | shap-worker enriched 50 prediction(s)"}
{"ts": "2026-08-13T01:56:06.825596978Z", "container": "smarthub-shap-worker", "msg": "2026-08-13 01:56:06 | INFO  | shap_worker.py:run:245 | shap-worker enriched 50 prediction(s)"}
{"ts": "2026-08-13T01:58:31.609105987Z", "container": "smarthub-shap-worker", "msg": "2026-08-13 01:58:31 | INFO  | shap_worker.py:run:245 | shap-worker enriched 50 prediction(s)"}
{"ts": "2026-08-13T02:00:56.190933650Z", "container": "smarthub-shap-worker", "msg": "2026-08-13 02:00:56 | INFO  | shap_worker.py:run:245 | shap-worker enriched 50 prediction(s)"}
{"ts": "2026-08-13T02:03:20.833551588Z", "container": "smarthub-shap-worker", "msg": "2026-08-13 02:03:20 | INFO  | shap_worker.py:run:245 | shap-worker enriched 50 prediction(s)"}
{"ts": "2026-08-13T02:05:45.287754302Z", "container": "smarthub-shap-worker", "msg": "2026-08-13 02:05:45 | INFO  | shap_worker.py:run:245 | shap-worker enriched 50 prediction(s)"}
{"ts": "2026-08-13T02:08:09.725239763Z", "container": "smarthub-shap-worker", "msg": "2026-08-13 02:08:09 | INFO  | shap_worker.py:run:245 | shap-worker enriched 50 prediction(s)"}
{"ts": "2026-08-13T02:10:34.422443706Z", "container": "smarthub-shap-worker", "msg": "2026-08-13 02:10:34 | INFO  | shap_worker.py:run:245 | shap-worker enriched 50 prediction(s)"}
{"ts": "2026-08-13T02:12:58.992758977Z", "container": "smarthub-shap-worker", "msg": "2026-08-13 02:12:58 | INFO  | shap_worker.py:run:245 | shap-worker enriched 50 prediction(s)"}
{"ts": "2026-08-13T02:15:23.738978561Z", "container": "smarthub-shap-worker", "msg": "2026-08-13 02:15:23 | INFO  | shap_worker.py:run:245 | shap-worker enriched 50 prediction(s)"}
{"ts": "2026-08-13T02:17:48.168476844Z", "container": "smarthub-shap-worker", "msg": "2026-08-13 02:17:48 | INFO  | shap_worker.py:run:245 | shap-worker enriched 50 prediction(s)"}
{"ts": "2026-08-13T02:20:12.916983659Z", "container": "smarthub-shap-worker", "msg": "2026-08-13 02:20:12 | INFO  | shap_worker.py:run:245 | shap-worker enriched 50 prediction(s)"}
{"ts": "2026-08-13T02:22:37.320523400Z", "container": "smarthub-shap-worker", "msg": "2026-08-13 02:22:37 | INFO  | shap_worker.py:run:245 | shap-worker enriched 50 prediction(s)"}
{"ts": "2026-08-13T02:25:01.960924309Z", "container": "smarthub-shap-worker", "msg": "2026-08-13 02:25:01 | INFO  | shap_worker.py:run:245 | shap-worker enriched 50 prediction(s)"}
{"ts": "2026-08-13T02:27:26.379654787Z", "container": "smarthub-shap-worker", "msg": "2026-08-13 02:27:26 | INFO  | shap_worker.py:run:245 | shap-worker enriched 50 prediction(s)"}
{"ts": "2026-08-13T02:29:50.886107864Z", "container": "smarthub-shap-worker", "msg": "2026-08-13 02:29:50 | INFO  | shap_worker.py:run:245 | shap-worker enriched 50 prediction(s)"}
{"ts": "2026-08-13T02:32:15.323738177Z", "container": "smarthub-shap-worker", "msg": "2026-08-13 02:32:15 | INFO  | shap_worker.py:run:245 | shap-worker enriched 50 prediction(s)"}
{"ts": "2026-08-13T02:34:39.985419936Z", "container": "smarthub-shap-worker", "msg": "2026-08-13 02:34:39 | INFO  | shap_worker.py:run:245 | shap-worker enriched 50 prediction(s)"}
{"ts": "2026-08-13T02:37:04.748084752Z", "container": "smarthub-shap-worker", "msg": "2026-08-13 02:37:04 | INFO  | shap_worker.py:run:245 | shap-worker enriched 50 prediction(s)"}
{"ts": "2026-08-13T02:39:29.220849288Z", "container": "smarthub-shap-worker", "msg": "2026-08-13 02:39:29 | INFO  | shap_worker.py:run:245 | shap-worker enriched 50 prediction(s)"}
{"ts": "2026-08-13T02:41:53.591116735Z", "container": "smarthub-shap-worker", "msg": "2026-08-13 02:41:53 | INFO  | shap_worker.py:run:245 | shap-worker enriched 50 prediction(s)"}
{"ts": "2026-08-13T02:44:18.131773484Z", "container": "smarthub-shap-worker", "msg": "2026-08-13 02:44:18 | INFO  | shap_worker.py:run:245 | shap-worker enriched 50 prediction(s)"}
{"ts": "2026-08-13T02:46:42.395327319Z", "container": "smarthub-shap-worker", "msg": "2026-08-13 02:46:42 | INFO  | shap_worker.py:run:245 | shap-worker enriched 50 prediction(s)"}
{"ts": "2026-08-13T02:49:06.458586912Z", "container": "smarthub-shap-worker", "msg": "2026-08-13 02:49:06 | INFO  | shap_worker.py:run:245 | shap-worker enriched 50 prediction(s)"}
{"ts": "2026-08-13T02:51:30.873947595Z", "container": "smarthub-shap-worker", "msg": "2026-08-13 02:51:30 | INFO  | shap_worker.py:run:245 | shap-worker enriched 50 prediction(s)"}
{"ts": "2026-08-13T02:53:55.264511522Z", "container": "smarthub-shap-worker", "msg": "2026-08-13 02:53:55 | INFO  | shap_worker.py:run:245 | shap-worker enriched 50 prediction(s)"}
{"ts": "2026-08-13T02:56:19.592635449Z", "container": "smarthub-shap-worker", "msg": "2026-08-13 02:56:19 | INFO  | shap_worker.py:run:245 | shap-worker enriched 50 prediction(s)"}
{"ts": "2026-08-13T02:58:43.977995653Z", "container": "smarthub-shap-worker", "msg": "2026-08-13 02:58:43 | INFO  | shap_worker.py:run:245 | shap-worker enriched 50 prediction(s)"}
{"ts": "2026-08-13T03:01:08.130369831Z", "container": "smarthub-shap-worker", "msg": "2026-08-13 03:01:08 | INFO  | shap_worker.py:run:245 | shap-worker enriched 50 prediction(s)"}
{"ts": "2026-08-13T03:03:32.194837306Z", "container": "smarthub-shap-worker", "msg": "2026-08-13 03:03:32 | INFO  | shap_worker.py:run:245 | shap-worker enriched 50 prediction(s)"}
{"ts": "2026-08-13T03:05:56.291371568Z", "container": "smarthub-shap-worker", "msg": "2026-08-13 03:05:56 | INFO  | shap_worker.py:run:245 | shap-worker enriched 50 prediction(s)"}
{"ts": "2026-08-13T03:08:20.654547166Z", "container": "smarthub-shap-worker", "msg": "2026-08-13 03:08:20 | INFO  | shap_worker.py:run:245 | shap-worker enriched 50 prediction(s)"}
{"ts": "2026-08-13T03:10:45.019639549Z", "container": "smarthub-shap-worker", "msg": "2026-08-13 03:10:45 | INFO  | shap_worker.py:run:245 | shap-worker enriched 50 prediction(s)"}
{"ts": "2026-08-13T03:13:09.383009206Z", "container": "smarthub-shap-worker", "msg": "2026-08-13 03:13:09 | INFO  | shap_worker.py:run:245 | shap-worker enriched 50 prediction(s)"}
{"ts": "2026-08-13T03:15:33.763971266Z", "container": "smarthub-shap-worker", "msg": "2026-08-13 03:15:33 | INFO  | shap_worker.py:run:245 | shap-worker enriched 50 prediction(s)"}
{"ts": "2026-08-13T03:17:57.656169694Z", "container": "smarthub-shap-worker", "msg": "2026-08-13 03:17:57 | INFO  | shap_worker.py:run:245 | shap-worker enriched 50 prediction(s)"}
{"ts": "2026-08-13T03:20:21.594603665Z", "container": "smarthub-shap-worker", "msg": "2026-08-13 03:20:21 | INFO  | shap_worker.py:run:245 | shap-worker enriched 50 prediction(s)"}
{"ts": "2026-08-13T03:22:45.928416739Z", "container": "smarthub-shap-worker", "msg": "2026-08-13 03:22:45 | INFO  | shap_worker.py:run:245 | shap-worker enriched 50 prediction(s)"}
{"ts": "2026-08-13T03:25:10.283580837Z", "container": "smarthub-shap-worker", "msg": "2026-08-13 03:25:10 | INFO  | shap_worker.py:run:245 | shap-worker enriched 50 prediction(s)"}
{"ts": "2026-08-13T03:27:34.680216167Z", "container": "smarthub-shap-worker", "msg": "2026-08-13 03:27:34 | INFO  | shap_worker.py:run:245 | shap-worker enriched 50 prediction(s)"}
{"ts": "2026-08-13T03:29:58.899861844Z", "container": "smarthub-shap-worker", "msg": "2026-08-13 03:29:58 | INFO  | shap_worker.py:run:245 | shap-worker enriched 50 prediction(s)"}
{"ts": "2026-08-13T03:32:23.170380795Z", "container": "smarthub-shap-worker", "msg": "2026-08-13 03:32:23 | INFO  | shap_worker.py:run:245 | shap-worker enriched 50 prediction(s)"}
{"ts": "2026-08-13T03:34:47.580568847Z", "container": "smarthub-shap-worker", "msg": "2026-08-13 03:34:47 | INFO  | shap_worker.py:run:245 | shap-worker enriched 50 prediction(s)"}
{"ts": "2026-08-13T03:37:11.883063331Z", "container": "smarthub-shap-worker", "msg": "2026-08-13 03:37:11 | INFO  | shap_worker.py:run:245 | shap-worker enriched 50 prediction(s)"}
{"ts": "2026-08-13T03:39:36.156869641Z", "container": "smarthub-shap-worker", "msg": "2026-08-13 03:39:36 | INFO  | shap_worker.py:run:245 | shap-worker enriched 50 prediction(s)"}
{"ts": "2026-08-13T03:42:00.547642647Z", "container": "smarthub-shap-worker", "msg": "2026-08-13 03:42:00 | INFO  | shap_worker.py:run:245 | shap-worker enriched 50 prediction(s)"}
{"ts": "2026-08-13T03:44:25.064674141Z", "container": "smarthub-shap-worker", "msg": "2026-08-13 03:44:25 | INFO  | shap_worker.py:run:245 | shap-worker enriched 50 prediction(s)"}
{"ts": "2026-08-13T03:46:49.304472411Z", "container": "smarthub-shap-worker", "msg": "2026-08-13 03:46:49 | INFO  | shap_worker.py:run:245 | shap-worker enriched 50 prediction(s)"}
{"ts": "2026-08-13T03:49:13.337533068Z", "container": "smarthub-shap-worker", "msg": "2026-08-13 03:49:13 | INFO  | shap_worker.py:run:245 | shap-worker enriched 50 prediction(s)"}
{"ts": "2026-08-13T03:51:37.344951435Z", "container": "smarthub-shap-worker", "msg": "2026-08-13 03:51:37 | INFO  | shap_worker.py:run:245 | shap-worker enriched 50 prediction(s)"}
{"ts": "2026-08-13T03:54:01.477867781Z", "container": "smarthub-shap-worker", "msg": "2026-08-13 03:54:01 | INFO  | shap_worker.py:run:245 | shap-worker enriched 50 prediction(s)"}
{"ts": "2026-08-13T03:56:25.558703073Z", "container": "smarthub-shap-worker", "msg": "2026-08-13 03:56:25 | INFO  | shap_worker.py:run:245 | shap-worker enriched 50 prediction(s)"}
{"ts": "2026-08-13T03:58:49.145807074Z", "container": "smarthub-shap-worker", "msg": "2026-08-13 03:58:49 | INFO  | shap_worker.py:run:245 | shap-worker enriched 50 prediction(s)"}
{"ts": "2026-08-13T04:01:12.946068179Z", "container": "smarthub-shap-worker", "msg": "2026-08-13 04:01:12 | INFO  | shap_worker.py:run:245 | shap-worker enriched 50 prediction(s)"}
{"ts": "2026-08-13T04:03:36.955640844Z", "container": "smarthub-shap-worker", "msg": "2026-08-13 04:03:36 | INFO  | shap_worker.py:run:245 | shap-worker enriched 50 prediction(s)"}
{"ts": "2026-08-13T04:06:00.897173012Z", "container": "smarthub-shap-worker", "msg": "2026-08-13 04:06:00 | INFO  | shap_worker.py:run:245 | shap-worker enriched 50 prediction(s)"}
{"ts": "2026-08-13T04:08:24.696092322Z", "container": "smarthub-shap-worker", "msg": "2026-08-13 04:08:24 | INFO  | shap_worker.py:run:245 | shap-worker enriched 50 prediction(s)"}
{"ts": "2026-08-13T04:10:48.148917698Z", "container": "smarthub-shap-worker", "msg": "2026-08-13 04:10:48 | INFO  | shap_worker.py:run:245 | shap-worker enriched 50 prediction(s)"}
{"ts": "2026-08-13T04:13:11.741386222Z", "container": "smarthub-shap-worker", "msg": "2026-08-13 04:13:11 | INFO  | shap_worker.py:run:245 | shap-worker enriched 50 prediction(s)"}
{"ts": "2026-08-13T04:15:35.546542265Z", "container": "smarthub-shap-worker", "msg": "2026-08-13 04:15:35 | INFO  | shap_worker.py:run:245 | shap-worker enriched 50 prediction(s)"}
{"ts": "2026-08-13T04:17:59.172741388Z", "container": "smarthub-shap-worker", "msg": "2026-08-13 04:17:59 | INFO  | shap_worker.py:run:245 | shap-worker enriched 50 prediction(s)"}
{"ts": "2026-08-13T04:20:22.649003718Z", "container": "smarthub-shap-worker", "msg": "2026-08-13 04:20:22 | INFO  | shap_worker.py:run:245 | shap-worker enriched 50 prediction(s)"}
{"ts": "2026-08-13T04:22:46.330864864Z", "container": "smarthub-shap-worker", "msg": "2026-08-13 04:22:46 | INFO  | shap_worker.py:run:245 | shap-worker enriched 50 prediction(s)"}
{"ts": "2026-08-13T04:25:09.966490130Z", "container": "smarthub-shap-worker", "msg": "2026-08-13 04:25:09 | INFO  | shap_worker.py:run:245 | shap-worker enriched 50 prediction(s)"}
{"ts": "2026-08-13T04:27:33.573353497Z", "container": "smarthub-shap-worker", "msg": "2026-08-13 04:27:33 | INFO  | shap_worker.py:run:245 | shap-worker enriched 50 prediction(s)"}
{"ts": "2026-08-13T04:29:57.091079354Z", "container": "smarthub-shap-worker", "msg": "2026-08-13 04:29:57 | INFO  | shap_worker.py:run:245 | shap-worker enriched 50 prediction(s)"}
{"ts": "2026-08-13T04:32:20.637501284Z", "container": "smarthub-shap-worker", "msg": "2026-08-13 04:32:20 | INFO  | shap_worker.py:run:245 | shap-worker enriched 50 prediction(s)"}
{"ts": "2026-08-13T04:34:43.953809803Z", "container": "smarthub-shap-worker", "msg": "2026-08-13 04:34:43 | INFO  | shap_worker.py:run:245 | shap-worker enriched 50 prediction(s)"}
{"ts": "2026-08-13T04:37:07.525732970Z", "container": "smarthub-shap-worker", "msg": "2026-08-13 04:37:07 | INFO  | shap_worker.py:run:245 | shap-worker enriched 50 prediction(s)"}
{"ts": "2026-08-13T04:39:31.199897354Z", "container": "smarthub-shap-worker", "msg": "2026-08-13 04:39:31 | INFO  | shap_worker.py:run:245 | shap-worker enriched 50 prediction(s)"}
{"ts": "2026-08-13T04:41:54.888463353Z", "container": "smarthub-shap-worker", "msg": "2026-08-13 04:41:54 | INFO  | shap_worker.py:run:245 | shap-worker enriched 50 prediction(s)"}
{"ts": "2026-08-13T04:44:18.143620355Z", "container": "smarthub-shap-worker", "msg": "2026-08-13 04:44:18 | INFO  | shap_worker.py:run:245 | shap-worker enriched 50 prediction(s)"}
{"ts": "2026-08-13T04:46:41.996548382Z", "container": "smarthub-shap-worker", "msg": "2026-08-13 04:46:41 | INFO  | shap_worker.py:run:245 | shap-worker enriched 50 prediction(s)"}
{"ts": "2026-08-13T04:49:05.526052234Z", "container": "smarthub-shap-worker", "msg": "2026-08-13 04:49:05 | INFO  | shap_worker.py:run:245 | shap-worker enriched 50 prediction(s)"}
{"ts": "2026-08-13T04:51:29.015173154Z", "container": "smarthub-shap-worker", "msg": "2026-08-13 04:51:29 | INFO  | shap_worker.py:run:245 | shap-worker enriched 50 prediction(s)"}
{"ts": "2026-08-13T04:53:52.577853740Z", "container": "smarthub-shap-worker", "msg": "2026-08-13 04:53:52 | INFO  | shap_worker.py:run:245 | shap-worker enriched 50 prediction(s)"}
{"ts": "2026-08-13T04:56:15.899687728Z", "container": "smarthub-shap-worker", "msg": "2026-08-13 04:56:15 | INFO  | shap_worker.py:run:245 | shap-worker enriched 50 prediction(s)"}
{"ts": "2026-08-13T04:58:39.406882146Z", "container": "smarthub-shap-worker", "msg": "2026-08-13 04:58:39 | INFO  | shap_worker.py:run:245 | shap-worker enriched 50 prediction(s)"}
{"ts": "2026-08-13T05:01:02.699343836Z", "container": "smarthub-shap-worker", "msg": "2026-08-13 05:01:02 | INFO  | shap_worker.py:run:245 | shap-worker enriched 50 prediction(s)"}
{"ts": "2026-08-13T05:03:25.934753531Z", "container": "smarthub-shap-worker", "msg": "2026-08-13 05:03:25 | INFO  | shap_worker.py:run:245 | shap-worker enriched 50 prediction(s)"}
{"ts": "2026-08-13T05:05:49.196024963Z", "container": "smarthub-shap-worker", "msg": "2026-08-13 05:05:49 | INFO  | shap_worker.py:run:245 | shap-worker enriched 50 prediction(s)"}
{"ts": "2026-08-13T05:08:12.367354693Z", "container": "smarthub-shap-worker", "msg": "2026-08-13 05:08:12 | INFO  | shap_worker.py:run:245 | shap-worker enriched 50 prediction(s)"}
{"ts": "2026-08-13T05:10:35.487470828Z", "container": "smarthub-shap-worker", "msg": "2026-08-13 05:10:35 | INFO  | shap_worker.py:run:245 | shap-worker enriched 50 prediction(s)"}
{"ts": "2026-08-13T05:12:58.600478297Z", "container": "smarthub-shap-worker", "msg": "2026-08-13 05:12:58 | INFO  | shap_worker.py:run:245 | shap-worker enriched 50 prediction(s)"}
{"ts": "2026-08-13T05:15:22.039518079Z", "container": "smarthub-shap-worker", "msg": "2026-08-13 05:15:22 | INFO  | shap_worker.py:run:245 | shap-worker enriched 50 prediction(s)"}
{"ts": "2026-08-13T05:17:45.070407600Z", "container": "smarthub-shap-worker", "msg": "2026-08-13 05:17:45 | INFO  | shap_worker.py:run:245 | shap-worker enriched 50 prediction(s)"}
{"ts": "2026-08-13T05:20:08.152966783Z", "container": "smarthub-shap-worker", "msg": "2026-08-13 05:20:08 | INFO  | shap_worker.py:run:245 | shap-worker enriched 50 prediction(s)"}
{"ts": "2026-08-13T05:22:31.113095058Z", "container": "smarthub-shap-worker", "msg": "2026-08-13 05:22:31 | INFO  | shap_worker.py:run:245 | shap-worker enriched 50 prediction(s)"}
{"ts": "2026-08-13T05:24:54.078041546Z", "container": "smarthub-shap-worker", "msg": "2026-08-13 05:24:54 | INFO  | shap_worker.py:run:245 | shap-worker enriched 50 prediction(s)"}
{"ts": "2026-08-13T05:27:17.202737128Z", "container": "smarthub-shap-worker", "msg": "2026-08-13 05:27:17 | INFO  | shap_worker.py:run:245 | shap-worker enriched 50 prediction(s)"}
{"ts": "2026-08-13T05:29:40.367736574Z", "container": "smarthub-shap-worker", "msg": "2026-08-13 05:29:40 | INFO  | shap_worker.py:run:245 | shap-worker enriched 50 prediction(s)"}
{"ts": "2026-08-13T05:32:03.230538037Z", "container": "smarthub-shap-worker", "msg": "2026-08-13 05:32:03 | INFO  | shap_worker.py:run:245 | shap-worker enriched 50 prediction(s)"}
{"ts": "2026-08-13T05:34:26.223379436Z", "container": "smarthub-shap-worker", "msg": "2026-08-13 05:34:26 | INFO  | shap_worker.py:run:245 | shap-worker enriched 50 prediction(s)"}
{"ts": "2026-08-13T05:36:49.042526415Z", "container": "smarthub-shap-worker", "msg": "2026-08-13 05:36:49 | INFO  | shap_worker.py:run:245 | shap-worker enriched 50 prediction(s)"}
{"ts": "2026-08-13T05:39:11.907896187Z", "container": "smarthub-shap-worker", "msg": "2026-08-13 05:39:11 | INFO  | shap_worker.py:run:245 | shap-worker enriched 50 prediction(s)"}
{"ts": "2026-08-13T05:41:34.974710888Z", "container": "smarthub-shap-worker", "msg": "2026-08-13 05:41:34 | INFO  | shap_worker.py:run:245 | shap-worker enriched 50 prediction(s)"}
{"ts": "2026-08-13T05:43:57.900226661Z", "container": "smarthub-shap-worker", "msg": "2026-08-13 05:43:57 | INFO  | shap_worker.py:run:245 | shap-worker enriched 50 prediction(s)"}
{"ts": "2026-08-13T05:46:20.891996385Z", "container": "smarthub-shap-worker", "msg": "2026-08-13 05:46:20 | INFO  | shap_worker.py:run:245 | shap-worker enriched 50 prediction(s)"}
{"ts": "2026-08-13T05:48:43.784726073Z", "container": "smarthub-shap-worker", "msg": "2026-08-13 05:48:43 | INFO  | shap_worker.py:run:245 | shap-worker enriched 50 prediction(s)"}
{"ts": "2026-08-13T05:51:06.704483340Z", "container": "smarthub-shap-worker", "msg": "2026-08-13 05:51:06 | INFO  | shap_worker.py:run:245 | shap-worker enriched 50 prediction(s)"}
{"ts": "2026-08-13T05:53:29.724068680Z", "container": "smarthub-shap-worker", "msg": "2026-08-13 05:53:29 | INFO  | shap_worker.py:run:245 | shap-worker enriched 50 prediction(s)"}
{"ts": "2026-08-13T05:55:52.353400540Z", "container": "smarthub-shap-worker", "msg": "2026-08-13 05:55:52 | INFO  | shap_worker.py:run:245 | shap-worker enriched 50 prediction(s)"}
{"ts": "2026-08-13T05:58:15.226110859Z", "container": "smarthub-shap-worker", "msg": "2026-08-13 05:58:15 | INFO  | shap_worker.py:run:245 | shap-worker enriched 50 prediction(s)"}
{"ts": "2026-08-13T06:00:38.110608445Z", "container": "smarthub-shap-worker", "msg": "2026-08-13 06:00:38 | INFO  | shap_worker.py:run:245 | shap-worker enriched 50 prediction(s)"}
{"ts": "2026-08-13T06:03:00.962629755Z", "container": "smarthub-shap-worker", "msg": "2026-08-13 06:03:00 | INFO  | shap_worker.py:run:245 | shap-worker enriched 50 prediction(s)"}
{"ts": "2026-08-13T06:05:23.418048166Z", "container": "smarthub-shap-worker", "msg": "2026-08-13 06:05:23 | INFO  | shap_worker.py:run:245 | shap-worker enriched 50 prediction(s)"}
{"ts": "2026-08-13T06:07:46.235110098Z", "container": "smarthub-shap-worker", "msg": "2026-08-13 06:07:46 | INFO  | shap_worker.py:run:245 | shap-worker enriched 50 prediction(s)"}
{"ts": "2026-08-13T06:10:09.022025528Z", "container": "smarthub-shap-worker", "msg": "2026-08-13 06:10:09 | INFO  | shap_worker.py:run:245 | shap-worker enriched 50 prediction(s)"}
{"ts": "2026-08-13T06:12:31.935617382Z", "container": "smarthub-shap-worker", "msg": "2026-08-13 06:12:31 | INFO  | shap_worker.py:run:245 | shap-worker enriched 50 prediction(s)"}
{"ts": "2026-08-13T06:14:54.745925325Z", "container": "smarthub-shap-worker", "msg": "2026-08-13 06:14:54 | INFO  | shap_worker.py:run:245 | shap-worker enriched 50 prediction(s)"}
{"ts": "2026-08-13T06:17:17.530522037Z", "container": "smarthub-shap-worker", "msg": "2026-08-13 06:17:17 | INFO  | shap_worker.py:run:245 | shap-worker enriched 50 prediction(s)"}
{"ts": "2026-08-13T06:19:40.261814445Z", "container": "smarthub-shap-worker", "msg": "2026-08-13 06:19:40 | INFO  | shap_worker.py:run:245 | shap-worker enriched 50 prediction(s)"}
{"ts": "2026-08-13T06:22:03.229449283Z", "container": "smarthub-shap-worker", "msg": "2026-08-13 06:22:03 | INFO  | shap_worker.py:run:245 | shap-worker enriched 50 prediction(s)"}
{"ts": "2026-08-13T06:24:26.127615976Z", "container": "smarthub-shap-worker", "msg": "2026-08-13 06:24:26 | INFO  | shap_worker.py:run:245 | shap-worker enriched 50 prediction(s)"}
{"ts": "2026-08-13T06:26:48.918445733Z", "container": "smarthub-shap-worker", "msg": "2026-08-13 06:26:48 | INFO  | shap_worker.py:run:245 | shap-worker enriched 50 prediction(s)"}
{"ts": "2026-08-13T06:29:11.676047243Z", "container": "smarthub-shap-worker", "msg": "2026-08-13 06:29:11 | INFO  | shap_worker.py:run:245 | shap-worker enriched 50 prediction(s)"}
{"ts": "2026-08-13T06:31:34.169597150Z", "container": "smarthub-shap-worker", "msg": "2026-08-13 06:31:34 | INFO  | shap_worker.py:run:245 | shap-worker enriched 50 prediction(s)"}
{"ts": "2026-08-13T06:33:56.789612869Z", "container": "smarthub-shap-worker", "msg": "2026-08-13 06:33:56 | INFO  | shap_worker.py:run:245 | shap-worker enriched 50 prediction(s)"}
{"ts": "2026-08-13T06:36:19.301423072Z", "container": "smarthub-shap-worker", "msg": "2026-08-13 06:36:19 | INFO  | shap_worker.py:run:245 | shap-worker enriched 50 prediction(s)"}
{"ts": "2026-08-13T06:38:41.924503024Z", "container": "smarthub-shap-worker", "msg": "2026-08-13 06:38:41 | INFO  | shap_worker.py:run:245 | shap-worker enriched 50 prediction(s)"}
{"ts": "2026-08-13T06:41:04.546342290Z", "container": "smarthub-shap-worker", "msg": "2026-08-13 06:41:04 | INFO  | shap_worker.py:run:245 | shap-worker enriched 50 prediction(s)"}
{"ts": "2026-08-13T06:43:27.055935294Z", "container": "smarthub-shap-worker", "msg": "2026-08-13 06:43:27 | INFO  | shap_worker.py:run:245 | shap-worker enriched 50 prediction(s)"}
{"ts": "2026-08-13T06:45:49.856677976Z", "container": "smarthub-shap-worker", "msg": "2026-08-13 06:45:49 | INFO  | shap_worker.py:run:245 | shap-worker enriched 50 prediction(s)"}
{"ts": "2026-08-13T06:48:12.801282272Z", "container": "smarthub-shap-worker", "msg": "2026-08-13 06:48:12 | INFO  | shap_worker.py:run:245 | shap-worker enriched 50 prediction(s)"}
{"ts": "2026-08-13T06:50:35.618939267Z", "container": "smarthub-shap-worker", "msg": "2026-08-13 06:50:35 | INFO  | shap_worker.py:run:245 | shap-worker enriched 50 prediction(s)"}
{"ts": "2026-08-13T06:52:58.492766513Z", "container": "smarthub-shap-worker", "msg": "2026-08-13 06:52:58 | INFO  | shap_worker.py:run:245 | shap-worker enriched 50 prediction(s)"}
{"ts": "2026-08-13T06:55:21.092684873Z", "container": "smarthub-shap-worker", "msg": "2026-08-13 06:55:21 | INFO  | shap_worker.py:run:245 | shap-worker enriched 50 prediction(s)"}
{"ts": "2026-08-13T06:57:44.090644633Z", "container": "smarthub-shap-worker", "msg": "2026-08-13 06:57:44 | INFO  | shap_worker.py:run:245 | shap-worker enriched 50 prediction(s)"}
{"ts": "2026-08-13T07:00:06.952140456Z", "container": "smarthub-shap-worker", "msg": "2026-08-13 07:00:06 | INFO  | shap_worker.py:run:245 | shap-worker enriched 50 prediction(s)"}
{"ts": "2026-08-13T07:02:29.800011576Z", "container": "smarthub-shap-worker", "msg": "2026-08-13 07:02:29 | INFO  | shap_worker.py:run:245 | shap-worker enriched 50 prediction(s)"}
{"ts": "2026-08-13T07:04:52.667907520Z", "container": "smarthub-shap-worker", "msg": "2026-08-13 07:04:52 | INFO  | shap_worker.py:run:245 | shap-worker enriched 50 prediction(s)"}
{"ts": "2026-08-13T07:07:15.338566891Z", "container": "smarthub-shap-worker", "msg": "2026-08-13 07:07:15 | INFO  | shap_worker.py:run:245 | shap-worker enriched 50 prediction(s)"}
{"ts": "2026-08-13T07:09:37.910121956Z", "container": "smarthub-shap-worker", "msg": "2026-08-13 07:09:37 | INFO  | shap_worker.py:run:245 | shap-worker enriched 50 prediction(s)"}
{"ts": "2026-08-13T07:12:00.724462356Z", "container": "smarthub-shap-worker", "msg": "2026-08-13 07:12:00 | INFO  | shap_worker.py:run:245 | shap-worker enriched 50 prediction(s)"}
{"ts": "2026-08-13T07:14:23.556695643Z", "container": "smarthub-shap-worker", "msg": "2026-08-13 07:14:23 | INFO  | shap_worker.py:run:245 | shap-worker enriched 50 prediction(s)"}
{"ts": "2026-08-13T07:16:46.157411428Z", "container": "smarthub-shap-worker", "msg": "2026-08-13 07:16:46 | INFO  | shap_worker.py:run:245 | shap-worker enriched 50 prediction(s)"}
{"ts": "2026-08-13T07:19:09.159713543Z", "container": "smarthub-shap-worker", "msg": "2026-08-13 07:19:09 | INFO  | shap_worker.py:run:245 | shap-worker enriched 50 prediction(s)"}
{"ts": "2026-08-13T07:21:32.038793240Z", "container": "smarthub-shap-worker", "msg": "2026-08-13 07:21:32 | INFO  | shap_worker.py:run:245 | shap-worker enriched 50 prediction(s)"}
{"ts": "2026-08-13T07:23:54.981637675Z", "container": "smarthub-shap-worker", "msg": "2026-08-13 07:23:54 | INFO  | shap_worker.py:run:245 | shap-worker enriched 50 prediction(s)"}
{"ts": "2026-08-13T07:26:17.443877671Z", "container": "smarthub-shap-worker", "msg": "2026-08-13 07:26:17 | INFO  | shap_worker.py:run:245 | shap-worker enriched 50 prediction(s)"}
{"ts": "2026-08-13T07:28:39.854250007Z", "container": "smarthub-shap-worker", "msg": "2026-08-13 07:28:39 | INFO  | shap_worker.py:run:245 | shap-worker enriched 50 prediction(s)"}
{"ts": "2026-08-13T07:31:02.366908299Z", "container": "smarthub-shap-worker", "msg": "2026-08-13 07:31:02 | INFO  | shap_worker.py:run:245 | shap-worker enriched 50 prediction(s)"}
{"ts": "2026-08-13T07:33:24.796333223Z", "container": "smarthub-shap-worker", "msg": "2026-08-13 07:33:24 | INFO  | shap_worker.py:run:245 | shap-worker enriched 50 prediction(s)"}
{"ts": "2026-08-13T07:35:47.181262305Z", "container": "smarthub-shap-worker", "msg": "2026-08-13 07:35:47 | INFO  | shap_worker.py:run:245 | shap-worker enriched 50 prediction(s)"}
{"ts": "2026-08-13T07:38:09.688615345Z", "container": "smarthub-shap-worker", "msg": "2026-08-13 07:38:09 | INFO  | shap_worker.py:run:245 | shap-worker enriched 50 prediction(s)"}
{"ts": "2026-08-13T07:40:32.171184797Z", "container": "smarthub-shap-worker", "msg": "2026-08-13 07:40:32 | INFO  | shap_worker.py:run:245 | shap-worker enriched 50 prediction(s)"}
{"ts": "2026-08-13T07:42:54.550534682Z", "container": "smarthub-shap-worker", "msg": "2026-08-13 07:42:54 | INFO  | shap_worker.py:run:245 | shap-worker enriched 50 prediction(s)"}
{"ts": "2026-08-13T07:45:16.935264844Z", "container": "smarthub-shap-worker", "msg": "2026-08-13 07:45:16 | INFO  | shap_worker.py:run:245 | shap-worker enriched 50 prediction(s)"}
{"ts": "2026-08-13T07:45:48.281603360Z", "container": "smarthub-shap-worker", "msg": "2026-08-13 07:45:48 | INFO  | shap_worker.py:_stop:228 | shap-worker received signal 15; stopping"}
{"ts": "2026-08-13T07:45:48.303682876Z", "container": "smarthub-shap-worker", "msg": "2026-08-13 07:45:48 | INFO  | shap_worker.py:run:245 | shap-worker enriched 11 prediction(s)"}
{"ts": "2026-08-13T07:48:41.472493900Z", "container": "smarthub-shap-worker", "msg": "2026-08-13 07:48:41 | INFO  | shap_worker.py:run:217 | shap-worker started (db=postgresql+psycopg2://prefect:***@postgres:5432/prefect, poll=1.0s, batch=50, once=False)"}
{"ts": "2026-08-13T07:48:44.493538081Z", "container": "smarthub-shap-worker", "msg": "2026-08-13 07:48:44 | INFO  | credentials.py:load:1252 | Found credentials in environment variables."}
{"ts": "2026-08-13T07:48:46.167423807Z", "container": "smarthub-shap-worker", "msg": "2026-08-13 07:48:46 | INFO  | font_manager.py:_load_fontmanager:1847 | generated new fontManager"}
{"ts": "2026-08-13T07:51:03.480658842Z", "container": "smarthub-shap-worker", "msg": "2026-08-13 07:51:03 | INFO  | shap_worker.py:run:245 | shap-worker enriched 50 prediction(s)"}
{"ts": "2026-08-13T07:53:22.241481279Z", "container": "smarthub-shap-worker", "msg": "2026-08-13 07:53:22 | INFO  | shap_worker.py:run:245 | shap-worker enriched 50 prediction(s)"}
{"ts": "2026-08-13T07:55:40.225477978Z", "container": "smarthub-shap-worker", "msg": "2026-08-13 07:55:40 | INFO  | shap_worker.py:run:245 | shap-worker enriched 50 prediction(s)"}
{"ts": "2026-08-13T07:57:58.788684337Z", "container": "smarthub-shap-worker", "msg": "2026-08-13 07:57:58 | INFO  | shap_worker.py:run:245 | shap-worker enriched 50 prediction(s)"}
{"ts": "2026-08-13T07:59:58.340489835Z", "container": "smarthub-shap-worker", "msg": "2026-08-13 07:59:58 | INFO  | shap_worker.py:_stop:228 | shap-worker received signal 15; stopping"}
{"ts": "2026-08-13T07:59:58.359537737Z", "container": "smarthub-shap-worker", "msg": "2026-08-13 07:59:58 | INFO  | shap_worker.py:run:245 | shap-worker enriched 43 prediction(s)"}
{"ts": "2026-08-13T08:00:07.620573659Z", "container": "smarthub-shap-worker", "msg": "2026-08-13 08:00:07 | INFO  | shap_worker.py:run:217 | shap-worker started (db=postgresql+psycopg2://prefect:***@postgres:5432/prefect, poll=1.0s, batch=50, once=False)"}
{"ts": "2026-08-13T08:00:10.643987703Z", "container": "smarthub-shap-worker", "msg": "2026-08-13 08:00:10 | INFO  | credentials.py:load:1252 | Found credentials in environment variables."}
{"ts": "2026-08-13T08:00:12.289347445Z", "container": "smarthub-shap-worker", "msg": "2026-08-13 08:00:12 | INFO  | font_manager.py:_load_fontmanager:1847 | generated new fontManager"}
{"ts": "2026-08-13T08:02:29.419325483Z", "container": "smarthub-shap-worker", "msg": "2026-08-13 08:02:29 | INFO  | shap_worker.py:run:245 | shap-worker enriched 50 prediction(s)"}
{"ts": "2026-08-13T08:04:50.493841872Z", "container": "smarthub-shap-worker", "msg": "2026-08-13 08:04:50 | INFO  | shap_worker.py:run:245 | shap-worker enriched 50 prediction(s)"}
{"ts": "2026-08-13T08:07:12.298357156Z", "container": "smarthub-shap-worker", "msg": "2026-08-13 08:07:12 | INFO  | shap_worker.py:run:245 | shap-worker enriched 50 prediction(s)"}
{"ts": "2026-08-13T08:09:35.275431523Z", "container": "smarthub-shap-worker", "msg": "2026-08-13 08:09:35 | INFO  | shap_worker.py:run:245 | shap-worker enriched 50 prediction(s)"}
{"ts": "2026-08-13T08:11:58.871809699Z", "container": "smarthub-shap-worker", "msg": "2026-08-13 08:11:58 | INFO  | shap_worker.py:run:245 | shap-worker enriched 50 prediction(s)"}
{"ts": "2026-08-13T08:14:22.579151850Z", "container": "smarthub-shap-worker", "msg": "2026-08-13 08:14:22 | INFO  | shap_worker.py:run:245 | shap-worker enriched 50 prediction(s)"}
{"ts": "2026-08-13T08:16:46.549314862Z", "container": "smarthub-shap-worker", "msg": "2026-08-13 08:16:46 | INFO  | shap_worker.py:run:245 | shap-worker enriched 50 prediction(s)"}
{"ts": "2026-08-13T08:19:10.191630096Z", "container": "smarthub-shap-worker", "msg": "2026-08-13 08:19:10 | INFO  | shap_worker.py:run:245 | shap-worker enriched 50 prediction(s)"}
{"ts": "2026-08-13T08:21:34.093808993Z", "container": "smarthub-shap-worker", "msg": "2026-08-13 08:21:34 | INFO  | shap_worker.py:run:245 | shap-worker enriched 50 prediction(s)"}
{"ts": "2026-08-13T08:23:57.531205961Z", "container": "smarthub-shap-worker", "msg": "2026-08-13 08:23:57 | INFO  | shap_worker.py:run:245 | shap-worker enriched 50 prediction(s)"}
{"ts": "2026-08-13T08:26:21.400850072Z", "container": "smarthub-shap-worker", "msg": "2026-08-13 08:26:21 | INFO  | shap_worker.py:run:245 | shap-worker enriched 50 prediction(s)"}
{"ts": "2026-08-13T08:28:44.901492267Z", "container": "smarthub-shap-worker", "msg": "2026-08-13 08:28:44 | INFO  | shap_worker.py:run:245 | shap-worker enriched 50 prediction(s)"}
{"ts": "2026-08-13T08:31:08.647813096Z", "container": "smarthub-shap-worker", "msg": "2026-08-13 08:31:08 | INFO  | shap_worker.py:run:245 | shap-worker enriched 50 prediction(s)"}
{"ts": "2026-08-13T08:33:32.125863596Z", "container": "smarthub-shap-worker", "msg": "2026-08-13 08:33:32 | INFO  | shap_worker.py:run:245 | shap-worker enriched 50 prediction(s)"}
{"ts": "2026-08-13T08:35:55.819719917Z", "container": "smarthub-shap-worker", "msg": "2026-08-13 08:35:55 | INFO  | shap_worker.py:run:245 | shap-worker enriched 50 prediction(s)"}
{"ts": "2026-08-13T08:38:19.377251356Z", "container": "smarthub-shap-worker", "msg": "2026-08-13 08:38:19 | INFO  | shap_worker.py:run:245 | shap-worker enriched 50 prediction(s)"}
{"ts": "2026-08-13T08:40:43.050411579Z", "container": "smarthub-shap-worker", "msg": "2026-08-13 08:40:43 | INFO  | shap_worker.py:run:245 | shap-worker enriched 50 prediction(s)"}
{"ts": "2026-08-13T08:43:06.786075736Z", "container": "smarthub-shap-worker", "msg": "2026-08-13 08:43:06 | INFO  | shap_worker.py:run:245 | shap-worker enriched 50 prediction(s)"}
{"ts": "2026-08-13T08:45:30.590260647Z", "container": "smarthub-shap-worker", "msg": "2026-08-13 08:45:30 | INFO  | shap_worker.py:run:245 | shap-worker enriched 50 prediction(s)"}
{"ts": "2026-08-13T08:47:54.276965272Z", "container": "smarthub-shap-worker", "msg": "2026-08-13 08:47:54 | INFO  | shap_worker.py:run:245 | shap-worker enriched 50 prediction(s)"}
{"ts": "2026-08-13T08:50:18.157608462Z", "container": "smarthub-shap-worker", "msg": "2026-08-13 08:50:18 | INFO  | shap_worker.py:run:245 | shap-worker enriched 50 prediction(s)"}
{"ts": "2026-08-13T08:52:41.731616682Z", "container": "smarthub-shap-worker", "msg": "2026-08-13 08:52:41 | INFO  | shap_worker.py:run:245 | shap-worker enriched 50 prediction(s)"}
{"ts": "2026-08-13T08:55:05.624976694Z", "container": "smarthub-shap-worker", "msg": "2026-08-13 08:55:05 | INFO  | shap_worker.py:run:245 | shap-worker enriched 50 prediction(s)"}
{"ts": "2026-08-13T08:57:29.145932012Z", "container": "smarthub-shap-worker", "msg": "2026-08-13 08:57:29 | INFO  | shap_worker.py:run:245 | shap-worker enriched 50 prediction(s)"}
{"ts": "2026-08-13T08:59:52.427180870Z", "container": "smarthub-shap-worker", "msg": "2026-08-13 08:59:52 | INFO  | shap_worker.py:run:245 | shap-worker enriched 50 prediction(s)"}
{"ts": "2026-08-13T09:02:15.665145203Z", "container": "smarthub-shap-worker", "msg": "2026-08-13 09:02:15 | INFO  | shap_worker.py:run:245 | shap-worker enriched 50 prediction(s)"}
{"ts": "2026-08-13T09:04:39.034737475Z", "container": "smarthub-shap-worker", "msg": "2026-08-13 09:04:39 | INFO  | shap_worker.py:run:245 | shap-worker enriched 50 prediction(s)"}
{"ts": "2026-08-13T09:07:02.311161190Z", "container": "smarthub-shap-worker", "msg": "2026-08-13 09:07:02 | INFO  | shap_worker.py:run:245 | shap-worker enriched 50 prediction(s)"}
{"ts": "2026-08-13T09:09:25.832206310Z", "container": "smarthub-shap-worker", "msg": "2026-08-13 09:09:25 | INFO  | shap_worker.py:run:245 | shap-worker enriched 50 prediction(s)"}
{"ts": "2026-08-13T09:11:49.015600348Z", "container": "smarthub-shap-worker", "msg": "2026-08-13 09:11:49 | INFO  | shap_worker.py:run:245 | shap-worker enriched 50 prediction(s)"}
{"ts": "2026-08-13T09:14:12.465049134Z", "container": "smarthub-shap-worker", "msg": "2026-08-13 09:14:12 | INFO  | shap_worker.py:run:245 | shap-worker enriched 50 prediction(s)"}
{"ts": "2026-08-13T09:16:35.958616920Z", "container": "smarthub-shap-worker", "msg": "2026-08-13 09:16:35 | INFO  | shap_worker.py:run:245 | shap-worker enriched 50 prediction(s)"}
{"ts": "2026-08-13T09:18:59.499324505Z", "container": "smarthub-shap-worker", "msg": "2026-08-13 09:18:59 | INFO  | shap_worker.py:run:245 | shap-worker enriched 50 prediction(s)"}
{"ts": "2026-08-13T09:21:22.868886366Z", "container": "smarthub-shap-worker", "msg": "2026-08-13 09:21:22 | INFO  | shap_worker.py:run:245 | shap-worker enriched 50 prediction(s)"}
{"ts": "2026-08-13T09:23:46.168895689Z", "container": "smarthub-shap-worker", "msg": "2026-08-13 09:23:46 | INFO  | shap_worker.py:run:245 | shap-worker enriched 50 prediction(s)"}
{"ts": "2026-08-13T09:26:09.657588885Z", "container": "smarthub-shap-worker", "msg": "2026-08-13 09:26:09 | INFO  | shap_worker.py:run:245 | shap-worker enriched 50 prediction(s)"}
{"ts": "2026-08-13T09:28:32.932147119Z", "container": "smarthub-shap-worker", "msg": "2026-08-13 09:28:32 | INFO  | shap_worker.py:run:245 | shap-worker enriched 50 prediction(s)"}
{"ts": "2026-08-13T09:30:55.867906850Z", "container": "smarthub-shap-worker", "msg": "2026-08-13 09:30:55 | INFO  | shap_worker.py:run:245 | shap-worker enriched 50 prediction(s)"}
{"ts": "2026-08-13T09:33:19.224810217Z", "container": "smarthub-shap-worker", "msg": "2026-08-13 09:33:19 | INFO  | shap_worker.py:run:245 | shap-worker enriched 50 prediction(s)"}
{"ts": "2026-08-13T09:35:42.704481387Z", "container": "smarthub-shap-worker", "msg": "2026-08-13 09:35:42 | INFO  | shap_worker.py:run:245 | shap-worker enriched 50 prediction(s)"}
{"ts": "2026-08-13T09:38:06.068029170Z", "container": "smarthub-shap-worker", "msg": "2026-08-13 09:38:06 | INFO  | shap_worker.py:run:245 | shap-worker enriched 50 prediction(s)"}
{"ts": "2026-08-13T09:40:29.469791229Z", "container": "smarthub-shap-worker", "msg": "2026-08-13 09:40:29 | INFO  | shap_worker.py:run:245 | shap-worker enriched 50 prediction(s)"}
{"ts": "2026-08-13T09:42:52.914915910Z", "container": "smarthub-shap-worker", "msg": "2026-08-13 09:42:52 | INFO  | shap_worker.py:run:245 | shap-worker enriched 50 prediction(s)"}
{"ts": "2026-08-13T09:45:16.148747816Z", "container": "smarthub-shap-worker", "msg": "2026-08-13 09:45:16 | INFO  | shap_worker.py:run:245 | shap-worker enriched 50 prediction(s)"}
{"ts": "2026-08-13T09:47:39.368217204Z", "container": "smarthub-shap-worker", "msg": "2026-08-13 09:47:39 | INFO  | shap_worker.py:run:245 | shap-worker enriched 50 prediction(s)"}
{"ts": "2026-08-13T09:50:02.794024929Z", "container": "smarthub-shap-worker", "msg": "2026-08-13 09:50:02 | INFO  | shap_worker.py:run:245 | shap-worker enriched 50 prediction(s)"}
{"ts": "2026-08-13T09:52:26.085260703Z", "container": "smarthub-shap-worker", "msg": "2026-08-13 09:52:26 | INFO  | shap_worker.py:run:245 | shap-worker enriched 50 prediction(s)"}
{"ts": "2026-08-13T09:54:49.309042067Z", "container": "smarthub-shap-worker", "msg": "2026-08-13 09:54:49 | INFO  | shap_worker.py:run:245 | shap-worker enriched 50 prediction(s)"}
{"ts": "2026-08-13T09:57:12.296750068Z", "container": "smarthub-shap-worker", "msg": "2026-08-13 09:57:12 | INFO  | shap_worker.py:run:245 | shap-worker enriched 50 prediction(s)"}
{"ts": "2026-08-13T09:59:35.390085156Z", "container": "smarthub-shap-worker", "msg": "2026-08-13 09:59:35 | INFO  | shap_worker.py:run:245 | shap-worker enriched 50 prediction(s)"}
{"ts": "2026-08-13T10:01:58.657812579Z", "container": "smarthub-shap-worker", "msg": "2026-08-13 10:01:58 | INFO  | shap_worker.py:run:245 | shap-worker enriched 50 prediction(s)"}
{"ts": "2026-08-13T10:04:22.184362237Z", "container": "smarthub-shap-worker", "msg": "2026-08-13 10:04:22 | INFO  | shap_worker.py:run:245 | shap-worker enriched 50 prediction(s)"}
{"ts": "2026-08-13T10:06:45.392890723Z", "container": "smarthub-shap-worker", "msg": "2026-08-13 10:06:45 | INFO  | shap_worker.py:run:245 | shap-worker enriched 50 prediction(s)"}
{"ts": "2026-08-13T10:09:08.675548383Z", "container": "smarthub-shap-worker", "msg": "2026-08-13 10:09:08 | INFO  | shap_worker.py:run:245 | shap-worker enriched 50 prediction(s)"}
{"ts": "2026-08-13T10:11:32.138760827Z", "container": "smarthub-shap-worker", "msg": "2026-08-13 10:11:32 | INFO  | shap_worker.py:run:245 | shap-worker enriched 50 prediction(s)"}
{"ts": "2026-08-13T10:13:55.356185006Z", "container": "smarthub-shap-worker", "msg": "2026-08-13 10:13:55 | INFO  | shap_worker.py:run:245 | shap-worker enriched 50 prediction(s)"}
{"ts": "2026-08-13T10:16:18.535692906Z", "container": "smarthub-shap-worker", "msg": "2026-08-13 10:16:18 | INFO  | shap_worker.py:run:245 | shap-worker enriched 50 prediction(s)"}
{"ts": "2026-08-13T10:18:41.667194740Z", "container": "smarthub-shap-worker", "msg": "2026-08-13 10:18:41 | INFO  | shap_worker.py:run:245 | shap-worker enriched 50 prediction(s)"}
{"ts": "2026-08-13T10:21:04.710524554Z", "container": "smarthub-shap-worker", "msg": "2026-08-13 10:21:04 | INFO  | shap_worker.py:run:245 | shap-worker enriched 50 prediction(s)"}
{"ts": "2026-08-13T10:23:27.867007310Z", "container": "smarthub-shap-worker", "msg": "2026-08-13 10:23:27 | INFO  | shap_worker.py:run:245 | shap-worker enriched 50 prediction(s)"}
{"ts": "2026-08-13T10:25:53.633254659Z", "container": "smarthub-shap-worker", "msg": "2026-08-13 10:25:53 | INFO  | shap_worker.py:run:245 | shap-worker enriched 50 prediction(s)"}
{"ts": "2026-08-13T10:28:40.749521403Z", "container": "smarthub-shap-worker", "msg": "2026-08-13 10:28:40 | INFO  | shap_worker.py:_stop:228 | shap-worker received signal 15; stopping"}
{"ts": "2026-08-13T10:28:40.770238517Z", "container": "smarthub-shap-worker", "msg": "2026-08-13 10:28:40 | INFO  | shap_worker.py:run:245 | shap-worker enriched 45 prediction(s)"}
{"ts": "2026-08-13T10:28:54.038916693Z", "container": "smarthub-shap-worker", "msg": "2026-08-13 10:28:54 | INFO  | shap_worker.py:run:217 | shap-worker started (db=postgresql+psycopg2://prefect:***@postgres:5432/prefect, poll=1.0s, batch=50, once=False)"}
{"ts": "2026-08-13T10:28:57.164013567Z", "container": "smarthub-shap-worker", "msg": "2026-08-13 10:28:57 | INFO  | credentials.py:load:1252 | Found credentials in environment variables."}
{"ts": "2026-08-13T10:28:58.801363398Z", "container": "smarthub-shap-worker", "msg": "2026-08-13 10:28:58 | INFO  | font_manager.py:_load_fontmanager:1847 | generated new fontManager"}
{"ts": "2026-08-13T10:31:17.726530016Z", "container": "smarthub-shap-worker", "msg": "2026-08-13 10:31:17 | INFO  | shap_worker.py:run:245 | shap-worker enriched 50 prediction(s)"}
{"ts": "2026-08-13T10:33:38.668976603Z", "container": "smarthub-shap-worker", "msg": "2026-08-13 10:33:38 | INFO  | shap_worker.py:run:245 | shap-worker enriched 50 prediction(s)"}
{"ts": "2026-08-13T10:35:59.524222818Z", "container": "smarthub-shap-worker", "msg": "2026-08-13 10:35:59 | INFO  | shap_worker.py:run:245 | shap-worker enriched 50 prediction(s)"}
{"ts": "2026-08-13T10:38:20.428082242Z", "container": "smarthub-shap-worker", "msg": "2026-08-13 10:38:20 | INFO  | shap_worker.py:run:245 | shap-worker enriched 50 prediction(s)"}
{"ts": "2026-08-13T10:40:41.359885527Z", "container": "smarthub-shap-worker", "msg": "2026-08-13 10:40:41 | INFO  | shap_worker.py:run:245 | shap-worker enriched 50 prediction(s)"}
{"ts": "2026-08-13T10:43:02.218189263Z", "container": "smarthub-shap-worker", "msg": "2026-08-13 10:43:02 | INFO  | shap_worker.py:run:245 | shap-worker enriched 50 prediction(s)"}
{"ts": "2026-08-13T10:45:23.226313771Z", "container": "smarthub-shap-worker", "msg": "2026-08-13 10:45:23 | INFO  | shap_worker.py:run:245 | shap-worker enriched 50 prediction(s)"}
{"ts": "2026-08-13T10:47:53.866025409Z", "container": "smarthub-shap-worker", "msg": "2026-08-13 10:47:53 | INFO  | shap_worker.py:run:245 | shap-worker enriched 50 prediction(s)"}
{"ts": "2026-08-13T10:49:32.531001510Z", "container": "smarthub-shap-worker", "msg": "2026-08-13 10:49:32 | INFO  | shap_worker.py:_stop:228 | shap-worker received signal 15; stopping"}
{"ts": "2026-08-13T10:49:32.550133013Z", "container": "smarthub-shap-worker", "msg": "2026-08-13 10:49:32 | INFO  | shap_worker.py:run:245 | shap-worker enriched 30 prediction(s)"}
{"ts": "2026-08-13T10:49:45.654297612Z", "container": "smarthub-shap-worker", "msg": "2026-08-13 10:49:45 | INFO  | shap_worker.py:run:217 | shap-worker started (db=postgresql+psycopg2://prefect:***@postgres:5432/prefect, poll=1.0s, batch=50, once=False)"}
{"ts": "2026-08-13T10:49:48.781990206Z", "container": "smarthub-shap-worker", "msg": "2026-08-13 10:49:48 | INFO  | credentials.py:load:1252 | Found credentials in environment variables."}
{"ts": "2026-08-13T10:49:50.286219691Z", "container": "smarthub-shap-worker", "msg": "2026-08-13 10:49:50 | INFO  | font_manager.py:_load_fontmanager:1847 | generated new fontManager"}
{"ts": "2026-08-13T10:52:11.423979454Z", "container": "smarthub-shap-worker", "msg": "2026-08-13 10:52:11 | INFO  | shap_worker.py:run:245 | shap-worker enriched 50 prediction(s)"}
{"ts": "2026-08-13T10:54:34.802101891Z", "container": "smarthub-shap-worker", "msg": "2026-08-13 10:54:34 | INFO  | shap_worker.py:run:245 | shap-worker enriched 50 prediction(s)"}
{"ts": "2026-08-13T10:56:57.967273873Z", "container": "smarthub-shap-worker", "msg": "2026-08-13 10:56:57 | INFO  | shap_worker.py:run:245 | shap-worker enriched 50 prediction(s)"}
{"ts": "2026-08-13T10:59:21.231710946Z", "container": "smarthub-shap-worker", "msg": "2026-08-13 10:59:21 | INFO  | shap_worker.py:run:245 | shap-worker enriched 50 prediction(s)"}
{"ts": "2026-08-13T11:01:44.552303694Z", "container": "smarthub-shap-worker", "msg": "2026-08-13 11:01:44 | INFO  | shap_worker.py:run:245 | shap-worker enriched 50 prediction(s)"}
{"ts": "2026-08-13T11:04:07.946149159Z", "container": "smarthub-shap-worker", "msg": "2026-08-13 11:04:07 | INFO  | shap_worker.py:run:245 | shap-worker enriched 50 prediction(s)"}
{"ts": "2026-08-13T11:06:31.378111670Z", "container": "smarthub-shap-worker", "msg": "2026-08-13 11:06:31 | INFO  | shap_worker.py:run:245 | shap-worker enriched 50 prediction(s)"}
{"ts": "2026-08-13T11:08:54.820009611Z", "container": "smarthub-shap-worker", "msg": "2026-08-13 11:08:54 | INFO  | shap_worker.py:run:245 | shap-worker enriched 50 prediction(s)"}
{"ts": "2026-08-13T11:11:08.167587501Z", "container": "smarthub-shap-worker", "msg": "2026-08-13 11:11:08 | INFO  | shap_worker.py:_stop:228 | shap-worker received signal 15; stopping"}
{"ts": "2026-08-13T11:11:08.186960035Z", "container": "smarthub-shap-worker", "msg": "2026-08-13 11:11:08 | INFO  | shap_worker.py:run:245 | shap-worker enriched 45 prediction(s)"}
{"ts": "2026-08-13T11:27:46.853187756Z", "container": "smarthub-shap-worker", "msg": "2026-08-13 11:27:46 | INFO  | shap_worker.py:run:217 | shap-worker started (db=postgresql+psycopg2://prefect:***@postgres:5432/prefect, poll=1.0s, batch=50, once=False)"}
{"ts": "2026-08-13T11:27:49.844465788Z", "container": "smarthub-shap-worker", "msg": "2026-08-13 11:27:49 | INFO  | credentials.py:load:1252 | Found credentials in environment variables."}
{"ts": "2026-08-13T11:27:51.541142511Z", "container": "smarthub-shap-worker", "msg": "2026-08-13 11:27:51 | INFO  | font_manager.py:_load_fontmanager:1847 | generated new fontManager"}
{"ts": "2026-08-13T11:30:00.112245258Z", "container": "smarthub-shap-worker", "msg": "2026-08-13 11:30:00 | INFO  | shap_worker.py:_stop:228 | shap-worker received signal 15; stopping"}
{"ts": "2026-08-13T11:30:00.131198669Z", "container": "smarthub-shap-worker", "msg": "2026-08-13 11:30:00 | INFO  | shap_worker.py:run:245 | shap-worker enriched 47 prediction(s)"}
{"ts": "2026-08-13T11:30:09.482515453Z", "container": "smarthub-shap-worker", "msg": "2026-08-13 11:30:09 | INFO  | shap_worker.py:run:217 | shap-worker started (db=postgresql+psycopg2://prefect:***@postgres:5432/prefect, poll=1.0s, batch=50, once=False)"}
{"ts": "2026-08-13T11:30:12.407356311Z", "container": "smarthub-shap-worker", "msg": "2026-08-13 11:30:12 | INFO  | credentials.py:load:1252 | Found credentials in environment variables."}
{"ts": "2026-08-13T11:30:13.977531648Z", "container": "smarthub-shap-worker", "msg": "2026-08-13 11:30:13 | INFO  | font_manager.py:_load_fontmanager:1847 | generated new fontManager"}
{"ts": "2026-08-13T11:32:30.794704736Z", "container": "smarthub-shap-worker", "msg": "2026-08-13 11:32:30 | INFO  | shap_worker.py:run:245 | shap-worker enriched 50 prediction(s)"}
{"ts": "2026-08-13T11:34:54.382722814Z", "container": "smarthub-shap-worker", "msg": "2026-08-13 11:34:54 | INFO  | shap_worker.py:run:245 | shap-worker enriched 50 prediction(s)"}
{"ts": "2026-08-13T11:37:44.695496298Z", "container": "smarthub-shap-worker", "msg": "2026-08-13 11:37:44 | INFO  | shap_worker.py:_stop:228 | shap-worker received signal 15; stopping"}
{"ts": "2026-08-13T11:37:44.718541261Z", "container": "smarthub-shap-worker", "msg": "2026-08-13 11:37:44 | INFO  | shap_worker.py:run:245 | shap-worker enriched 49 prediction(s)"}
{"ts": "2026-08-13T11:37:57.810151639Z", "container": "smarthub-shap-worker", "msg": "2026-08-13 11:37:57 | INFO  | shap_worker.py:run:217 | shap-worker started (db=postgresql+psycopg2://prefect:***@postgres:5432/prefect, poll=1.0s, batch=50, once=False)"}
{"ts": "2026-08-13T11:38:00.956030629Z", "container": "smarthub-shap-worker", "msg": "2026-08-13 11:38:00 | INFO  | credentials.py:load:1252 | Found credentials in environment variables."}
{"ts": "2026-08-13T11:38:02.568824863Z", "container": "smarthub-shap-worker", "msg": "2026-08-13 11:38:02 | INFO  | font_manager.py:_load_fontmanager:1847 | generated new fontManager"}
{"ts": "2026-08-13T11:40:21.162908864Z", "container": "smarthub-shap-worker", "msg": "2026-08-13 11:40:21 | INFO  | shap_worker.py:run:245 | shap-worker enriched 50 prediction(s)"}
{"ts": "2026-08-13T11:42:41.677593943Z", "container": "smarthub-shap-worker", "msg": "2026-08-13 11:42:41 | INFO  | shap_worker.py:run:245 | shap-worker enriched 50 prediction(s)"}
{"ts": "2026-08-13T11:45:13.243634900Z", "container": "smarthub-shap-worker", "msg": "2026-08-13 11:45:13 | INFO  | shap_worker.py:run:245 | shap-worker enriched 50 prediction(s)"}
{"ts": "2026-08-13T11:47:28.218127011Z", "container": "smarthub-shap-worker", "msg": "2026-08-13 11:47:28 | INFO  | shap_worker.py:_stop:228 | shap-worker received signal 15; stopping"}
{"ts": "2026-08-13T11:47:28.237706306Z", "container": "smarthub-shap-worker", "msg": "2026-08-13 11:47:28 | INFO  | shap_worker.py:run:245 | shap-worker enriched 40 prediction(s)"}
{"ts": "2026-08-13T11:47:41.421709614Z", "container": "smarthub-shap-worker", "msg": "2026-08-13 11:47:41 | INFO  | shap_worker.py:run:217 | shap-worker started (db=postgresql+psycopg2://prefect:***@postgres:5432/prefect, poll=1.0s, batch=50, once=False)"}
{"ts": "2026-08-13T11:47:44.584997202Z", "container": "smarthub-shap-worker", "msg": "2026-08-13 11:47:44 | INFO  | credentials.py:load:1252 | Found credentials in environment variables."}
{"ts": "2026-08-13T11:47:46.217634516Z", "container": "smarthub-shap-worker", "msg": "2026-08-13 11:47:46 | INFO  | font_manager.py:_load_fontmanager:1847 | generated new fontManager"}
{"ts": "2026-08-13T11:50:06.612337195Z", "container": "smarthub-shap-worker", "msg": "2026-08-13 11:50:06 | INFO  | shap_worker.py:run:245 | shap-worker enriched 50 prediction(s)"}
{"ts": "2026-08-13T11:52:29.094396708Z", "container": "smarthub-shap-worker", "msg": "2026-08-13 11:52:29 | INFO  | shap_worker.py:run:245 | shap-worker enriched 50 prediction(s)"}
{"ts": "2026-08-13T11:54:51.099567684Z", "container": "smarthub-shap-worker", "msg": "2026-08-13 11:54:51 | INFO  | shap_worker.py:run:245 | shap-worker enriched 50 prediction(s)"}
{"ts": "2026-08-13T11:57:12.719097064Z", "container": "smarthub-shap-worker", "msg": "2026-08-13 11:57:12 | INFO  | shap_worker.py:run:245 | shap-worker enriched 50 prediction(s)"}
{"ts": "2026-08-13T11:59:34.593943422Z", "container": "smarthub-shap-worker", "msg": "2026-08-13 11:59:34 | INFO  | shap_worker.py:run:245 | shap-worker enriched 50 prediction(s)"}
{"ts": "2026-08-13T12:01:56.458254176Z", "container": "smarthub-shap-worker", "msg": "2026-08-13 12:01:56 | INFO  | shap_worker.py:run:245 | shap-worker enriched 50 prediction(s)"}
{"ts": "2026-08-13T12:04:18.517010779Z", "container": "smarthub-shap-worker", "msg": "2026-08-13 12:04:18 | INFO  | shap_worker.py:run:245 | shap-worker enriched 50 prediction(s)"}
{"ts": "2026-08-13T12:06:40.479475370Z", "container": "smarthub-shap-worker", "msg": "2026-08-13 12:06:40 | INFO  | shap_worker.py:run:245 | shap-worker enriched 50 prediction(s)"}
{"ts": "2026-08-13T12:09:02.454839000Z", "container": "smarthub-shap-worker", "msg": "2026-08-13 12:09:02 | INFO  | shap_worker.py:run:245 | shap-worker enriched 50 prediction(s)"}
{"ts": "2026-08-13T12:11:24.547020872Z", "container": "smarthub-shap-worker", "msg": "2026-08-13 12:11:24 | INFO  | shap_worker.py:run:245 | shap-worker enriched 50 prediction(s)"}
{"ts": "2026-08-13T12:13:46.507450893Z", "container": "smarthub-shap-worker", "msg": "2026-08-13 12:13:46 | INFO  | shap_worker.py:run:245 | shap-worker enriched 50 prediction(s)"}
{"ts": "2026-08-13T12:16:08.737631792Z", "container": "smarthub-shap-worker", "msg": "2026-08-13 12:16:08 | INFO  | shap_worker.py:run:245 | shap-worker enriched 50 prediction(s)"}
{"ts": "2026-08-13T12:18:30.812497929Z", "container": "smarthub-shap-worker", "msg": "2026-08-13 12:18:30 | INFO  | shap_worker.py:run:245 | shap-worker enriched 50 prediction(s)"}
{"ts": "2026-08-13T12:20:52.692924197Z", "container": "smarthub-shap-worker", "msg": "2026-08-13 12:20:52 | INFO  | shap_worker.py:run:245 | shap-worker enriched 50 prediction(s)"}
{"ts": "2026-08-13T12:23:14.687371140Z", "container": "smarthub-shap-worker", "msg": "2026-08-13 12:23:14 | INFO  | shap_worker.py:run:245 | shap-worker enriched 50 prediction(s)"}
{"ts": "2026-08-13T12:25:36.597684842Z", "container": "smarthub-shap-worker", "msg": "2026-08-13 12:25:36 | INFO  | shap_worker.py:run:245 | shap-worker enriched 50 prediction(s)"}
{"ts": "2026-08-13T12:27:58.650281588Z", "container": "smarthub-shap-worker", "msg": "2026-08-13 12:27:58 | INFO  | shap_worker.py:run:245 | shap-worker enriched 50 prediction(s)"}
{"ts": "2026-08-13T12:30:21.013425003Z", "container": "smarthub-shap-worker", "msg": "2026-08-13 12:30:21 | INFO  | shap_worker.py:run:245 | shap-worker enriched 50 prediction(s)"}
{"ts": "2026-08-13T12:32:43.256211645Z", "container": "smarthub-shap-worker", "msg": "2026-08-13 12:32:43 | INFO  | shap_worker.py:run:245 | shap-worker enriched 50 prediction(s)"}
{"ts": "2026-08-13T12:35:05.533936420Z", "container": "smarthub-shap-worker", "msg": "2026-08-13 12:35:05 | INFO  | shap_worker.py:run:245 | shap-worker enriched 50 prediction(s)"}
{"ts": "2026-08-13T12:37:27.587102730Z", "container": "smarthub-shap-worker", "msg": "2026-08-13 12:37:27 | INFO  | shap_worker.py:run:245 | shap-worker enriched 50 prediction(s)"}
{"ts": "2026-08-13T12:39:49.692172853Z", "container": "smarthub-shap-worker", "msg": "2026-08-13 12:39:49 | INFO  | shap_worker.py:run:245 | shap-worker enriched 50 prediction(s)"}
{"ts": "2026-08-13T12:42:11.774254165Z", "container": "smarthub-shap-worker", "msg": "2026-08-13 12:42:11 | INFO  | shap_worker.py:run:245 | shap-worker enriched 50 prediction(s)"}
{"ts": "2026-08-13T12:44:33.859656757Z", "container": "smarthub-shap-worker", "msg": "2026-08-13 12:44:33 | INFO  | shap_worker.py:run:245 | shap-worker enriched 50 prediction(s)"}
{"ts": "2026-08-13T12:46:55.941550893Z", "container": "smarthub-shap-worker", "msg": "2026-08-13 12:46:55 | INFO  | shap_worker.py:run:245 | shap-worker enriched 50 prediction(s)"}
{"ts": "2026-08-13T12:49:17.992131160Z", "container": "smarthub-shap-worker", "msg": "2026-08-13 12:49:17 | INFO  | shap_worker.py:run:245 | shap-worker enriched 50 prediction(s)"}
{"ts": "2026-08-13T12:51:40.209995543Z", "container": "smarthub-shap-worker", "msg": "2026-08-13 12:51:40 | INFO  | shap_worker.py:run:245 | shap-worker enriched 50 prediction(s)"}
{"ts": "2026-08-13T12:54:02.369848752Z", "container": "smarthub-shap-worker", "msg": "2026-08-13 12:54:02 | INFO  | shap_worker.py:run:245 | shap-worker enriched 50 prediction(s)"}
{"ts": "2026-08-13T12:56:24.253995411Z", "container": "smarthub-shap-worker", "msg": "2026-08-13 12:56:24 | INFO  | shap_worker.py:run:245 | shap-worker enriched 50 prediction(s)"}
{"ts": "2026-08-13T12:58:46.422490495Z", "container": "smarthub-shap-worker", "msg": "2026-08-13 12:58:46 | INFO  | shap_worker.py:run:245 | shap-worker enriched 50 prediction(s)"}
{"ts": "2026-08-13T13:01:08.472484125Z", "container": "smarthub-shap-worker", "msg": "2026-08-13 13:01:08 | INFO  | shap_worker.py:run:245 | shap-worker enriched 50 prediction(s)"}
{"ts": "2026-08-13T13:03:30.542687508Z", "container": "smarthub-shap-worker", "msg": "2026-08-13 13:03:30 | INFO  | shap_worker.py:run:245 | shap-worker enriched 50 prediction(s)"}
{"ts": "2026-08-13T13:05:52.709833286Z", "container": "smarthub-shap-worker", "msg": "2026-08-13 13:05:52 | INFO  | shap_worker.py:run:245 | shap-worker enriched 50 prediction(s)"}
{"ts": "2026-08-13T13:08:14.594331734Z", "container": "smarthub-shap-worker", "msg": "2026-08-13 13:08:14 | INFO  | shap_worker.py:run:245 | shap-worker enriched 50 prediction(s)"}
{"ts": "2026-08-13T13:10:36.470945236Z", "container": "smarthub-shap-worker", "msg": "2026-08-13 13:10:36 | INFO  | shap_worker.py:run:245 | shap-worker enriched 50 prediction(s)"}
{"ts": "2026-08-13T13:12:58.309750121Z", "container": "smarthub-shap-worker", "msg": "2026-08-13 13:12:58 | INFO  | shap_worker.py:run:245 | shap-worker enriched 50 prediction(s)"}
{"ts": "2026-08-13T13:15:20.442577931Z", "container": "smarthub-shap-worker", "msg": "2026-08-13 13:15:20 | INFO  | shap_worker.py:run:245 | shap-worker enriched 50 prediction(s)"}
{"ts": "2026-08-13T13:17:42.632010284Z", "container": "smarthub-shap-worker", "msg": "2026-08-13 13:17:42 | INFO  | shap_worker.py:run:245 | shap-worker enriched 50 prediction(s)"}
{"ts": "2026-08-13T13:20:04.734371438Z", "container": "smarthub-shap-worker", "msg": "2026-08-13 13:20:04 | INFO  | shap_worker.py:run:245 | shap-worker enriched 50 prediction(s)"}
{"ts": "2026-08-13T13:22:26.836459868Z", "container": "smarthub-shap-worker", "msg": "2026-08-13 13:22:26 | INFO  | shap_worker.py:run:245 | shap-worker enriched 50 prediction(s)"}
{"ts": "2026-08-13T13:24:49.061386968Z", "container": "smarthub-shap-worker", "msg": "2026-08-13 13:24:49 | INFO  | shap_worker.py:run:245 | shap-worker enriched 50 prediction(s)"}
{"ts": "2026-08-13T13:27:11.109528471Z", "container": "smarthub-shap-worker", "msg": "2026-08-13 13:27:11 | INFO  | shap_worker.py:run:245 | shap-worker enriched 50 prediction(s)"}
{"ts": "2026-08-13T13:29:33.371384947Z", "container": "smarthub-shap-worker", "msg": "2026-08-13 13:29:33 | INFO  | shap_worker.py:run:245 | shap-worker enriched 50 prediction(s)"}
{"ts": "2026-08-13T13:31:55.475852724Z", "container": "smarthub-shap-worker", "msg": "2026-08-13 13:31:55 | INFO  | shap_worker.py:run:245 | shap-worker enriched 50 prediction(s)"}
{"ts": "2026-08-13T13:34:17.555981980Z", "container": "smarthub-shap-worker", "msg": "2026-08-13 13:34:17 | INFO  | shap_worker.py:run:245 | shap-worker enriched 50 prediction(s)"}
{"ts": "2026-08-13T13:36:39.725400547Z", "container": "smarthub-shap-worker", "msg": "2026-08-13 13:36:39 | INFO  | shap_worker.py:run:245 | shap-worker enriched 50 prediction(s)"}
{"ts": "2026-08-13T13:39:01.763786049Z", "container": "smarthub-shap-worker", "msg": "2026-08-13 13:39:01 | INFO  | shap_worker.py:run:245 | shap-worker enriched 50 prediction(s)"}
{"ts": "2026-08-13T13:41:23.861317529Z", "container": "smarthub-shap-worker", "msg": "2026-08-13 13:41:23 | INFO  | shap_worker.py:run:245 | shap-worker enriched 50 prediction(s)"}
{"ts": "2026-08-13T13:43:45.874532023Z", "container": "smarthub-shap-worker", "msg": "2026-08-13 13:43:45 | INFO  | shap_worker.py:run:245 | shap-worker enriched 50 prediction(s)"}
{"ts": "2026-08-13T13:46:07.882041295Z", "container": "smarthub-shap-worker", "msg": "2026-08-13 13:46:07 | INFO  | shap_worker.py:run:245 | shap-worker enriched 50 prediction(s)"}
{"ts": "2026-08-13T13:48:29.933024456Z", "container": "smarthub-shap-worker", "msg": "2026-08-13 13:48:29 | INFO  | shap_worker.py:run:245 | shap-worker enriched 50 prediction(s)"}
{"ts": "2026-08-13T13:50:51.863664087Z", "container": "smarthub-shap-worker", "msg": "2026-08-13 13:50:51 | INFO  | shap_worker.py:run:245 | shap-worker enriched 50 prediction(s)"}
{"ts": "2026-08-13T13:53:13.961114475Z", "container": "smarthub-shap-worker", "msg": "2026-08-13 13:53:13 | INFO  | shap_worker.py:run:245 | shap-worker enriched 50 prediction(s)"}
{"ts": "2026-08-13T13:55:35.770139036Z", "container": "smarthub-shap-worker", "msg": "2026-08-13 13:55:35 | INFO  | shap_worker.py:run:245 | shap-worker enriched 50 prediction(s)"}
{"ts": "2026-08-13T13:57:57.886449095Z", "container": "smarthub-shap-worker", "msg": "2026-08-13 13:57:57 | INFO  | shap_worker.py:run:245 | shap-worker enriched 50 prediction(s)"}
{"ts": "2026-08-13T14:00:19.654410626Z", "container": "smarthub-shap-worker", "msg": "2026-08-13 14:00:19 | INFO  | shap_worker.py:run:245 | shap-worker enriched 50 prediction(s)"}
{"ts": "2026-08-13T14:02:41.395007666Z", "container": "smarthub-shap-worker", "msg": "2026-08-13 14:02:41 | INFO  | shap_worker.py:run:245 | shap-worker enriched 50 prediction(s)"}
{"ts": "2026-08-13T14:05:03.335351719Z", "container": "smarthub-shap-worker", "msg": "2026-08-13 14:05:03 | INFO  | shap_worker.py:run:245 | shap-worker enriched 50 prediction(s)"}
{"ts": "2026-08-13T14:07:25.047023829Z", "container": "smarthub-shap-worker", "msg": "2026-08-13 14:07:25 | INFO  | shap_worker.py:run:245 | shap-worker enriched 50 prediction(s)"}
{"ts": "2026-08-13T14:09:47.045282371Z", "container": "smarthub-shap-worker", "msg": "2026-08-13 14:09:47 | INFO  | shap_worker.py:run:245 | shap-worker enriched 50 prediction(s)"}
{"ts": "2026-08-13T14:12:08.846967062Z", "container": "smarthub-shap-worker", "msg": "2026-08-13 14:12:08 | INFO  | shap_worker.py:run:245 | shap-worker enriched 50 prediction(s)"}
{"ts": "2026-08-13T14:14:30.557644899Z", "container": "smarthub-shap-worker", "msg": "2026-08-13 14:14:30 | INFO  | shap_worker.py:run:245 | shap-worker enriched 50 prediction(s)"}
{"ts": "2026-08-13T14:16:52.304668855Z", "container": "smarthub-shap-worker", "msg": "2026-08-13 14:16:52 | INFO  | shap_worker.py:run:245 | shap-worker enriched 50 prediction(s)"}
{"ts": "2026-08-13T14:19:14.163230685Z", "container": "smarthub-shap-worker", "msg": "2026-08-13 14:19:14 | INFO  | shap_worker.py:run:245 | shap-worker enriched 50 prediction(s)"}
{"ts": "2026-08-13T14:21:35.906907424Z", "container": "smarthub-shap-worker", "msg": "2026-08-13 14:21:35 | INFO  | shap_worker.py:run:245 | shap-worker enriched 50 prediction(s)"}
{"ts": "2026-08-13T14:23:57.520702505Z", "container": "smarthub-shap-worker", "msg": "2026-08-13 14:23:57 | INFO  | shap_worker.py:run:245 | shap-worker enriched 50 prediction(s)"}
{"ts": "2026-08-13T14:26:19.331162303Z", "container": "smarthub-shap-worker", "msg": "2026-08-13 14:26:19 | INFO  | shap_worker.py:run:245 | shap-worker enriched 50 prediction(s)"}
{"ts": "2026-08-13T14:28:40.591053207Z", "container": "smarthub-shap-worker", "msg": "2026-08-13 14:28:40 | INFO  | shap_worker.py:run:245 | shap-worker enriched 50 prediction(s)"}
{"ts": "2026-08-13T14:31:02.203290030Z", "container": "smarthub-shap-worker", "msg": "2026-08-13 14:31:02 | INFO  | shap_worker.py:run:245 | shap-worker enriched 50 prediction(s)"}
{"ts": "2026-08-13T14:33:23.423014571Z", "container": "smarthub-shap-worker", "msg": "2026-08-13 14:33:23 | INFO  | shap_worker.py:run:245 | shap-worker enriched 50 prediction(s)"}
{"ts": "2026-08-13T14:35:44.892370024Z", "container": "smarthub-shap-worker", "msg": "2026-08-13 14:35:44 | INFO  | shap_worker.py:run:245 | shap-worker enriched 50 prediction(s)"}
{"ts": "2026-08-13T14:38:06.294897246Z", "container": "smarthub-shap-worker", "msg": "2026-08-13 14:38:06 | INFO  | shap_worker.py:run:245 | shap-worker enriched 50 prediction(s)"}
{"ts": "2026-08-13T14:40:27.714642467Z", "container": "smarthub-shap-worker", "msg": "2026-08-13 14:40:27 | INFO  | shap_worker.py:run:245 | shap-worker enriched 50 prediction(s)"}
{"ts": "2026-08-13T14:42:49.027353739Z", "container": "smarthub-shap-worker", "msg": "2026-08-13 14:42:49 | INFO  | shap_worker.py:run:245 | shap-worker enriched 50 prediction(s)"}
{"ts": "2026-08-13T14:45:10.339636031Z", "container": "smarthub-shap-worker", "msg": "2026-08-13 14:45:10 | INFO  | shap_worker.py:run:245 | shap-worker enriched 50 prediction(s)"}
{"ts": "2026-08-13T14:47:31.671524725Z", "container": "smarthub-shap-worker", "msg": "2026-08-13 14:47:31 | INFO  | shap_worker.py:run:245 | shap-worker enriched 50 prediction(s)"}
{"ts": "2026-08-13T14:49:52.882188721Z", "container": "smarthub-shap-worker", "msg": "2026-08-13 14:49:52 | INFO  | shap_worker.py:run:245 | shap-worker enriched 50 prediction(s)"}
{"ts": "2026-08-13T14:52:14.484505648Z", "container": "smarthub-shap-worker", "msg": "2026-08-13 14:52:14 | INFO  | shap_worker.py:run:245 | shap-worker enriched 50 prediction(s)"}
{"ts": "2026-08-13T14:54:36.374403137Z", "container": "smarthub-shap-worker", "msg": "2026-08-13 14:54:36 | INFO  | shap_worker.py:run:245 | shap-worker enriched 50 prediction(s)"}
{"ts": "2026-08-13T14:56:57.572359417Z", "container": "smarthub-shap-worker", "msg": "2026-08-13 14:56:57 | INFO  | shap_worker.py:run:245 | shap-worker enriched 50 prediction(s)"}
{"ts": "2026-08-13T14:59:18.640225696Z", "container": "smarthub-shap-worker", "msg": "2026-08-13 14:59:18 | INFO  | shap_worker.py:run:245 | shap-worker enriched 50 prediction(s)"}
{"ts": "2026-08-13T15:01:40.448594076Z", "container": "smarthub-shap-worker", "msg": "2026-08-13 15:01:40 | INFO  | shap_worker.py:run:245 | shap-worker enriched 50 prediction(s)"}
{"ts": "2026-08-13T15:04:02.679261736Z", "container": "smarthub-shap-worker", "msg": "2026-08-13 15:04:02 | INFO  | shap_worker.py:run:245 | shap-worker enriched 50 prediction(s)"}
{"ts": "2026-08-13T15:06:24.792950317Z", "container": "smarthub-shap-worker", "msg": "2026-08-13 15:06:24 | INFO  | shap_worker.py:run:245 | shap-worker enriched 50 prediction(s)"}
{"ts": "2026-08-13T15:08:46.990264748Z", "container": "smarthub-shap-worker", "msg": "2026-08-13 15:08:46 | INFO  | shap_worker.py:run:245 | shap-worker enriched 50 prediction(s)"}
{"ts": "2026-08-13T15:11:09.232367419Z", "container": "smarthub-shap-worker", "msg": "2026-08-13 15:11:09 | INFO  | shap_worker.py:run:245 | shap-worker enriched 50 prediction(s)"}
{"ts": "2026-08-13T15:13:31.423729606Z", "container": "smarthub-shap-worker", "msg": "2026-08-13 15:13:31 | INFO  | shap_worker.py:run:245 | shap-worker enriched 50 prediction(s)"}
{"ts": "2026-08-13T15:15:53.455112758Z", "container": "smarthub-shap-worker", "msg": "2026-08-13 15:15:53 | INFO  | shap_worker.py:run:245 | shap-worker enriched 50 prediction(s)"}
{"ts": "2026-08-13T15:18:15.404105209Z", "container": "smarthub-shap-worker", "msg": "2026-08-13 15:18:15 | INFO  | shap_worker.py:run:245 | shap-worker enriched 50 prediction(s)"}
{"ts": "2026-08-13T15:20:37.120656229Z", "container": "smarthub-shap-worker", "msg": "2026-08-13 15:20:37 | INFO  | shap_worker.py:run:245 | shap-worker enriched 50 prediction(s)"}
{"ts": "2026-08-13T15:22:59.047276028Z", "container": "smarthub-shap-worker", "msg": "2026-08-13 15:22:59 | INFO  | shap_worker.py:run:245 | shap-worker enriched 50 prediction(s)"}
{"ts": "2026-08-13T15:25:20.598462573Z", "container": "smarthub-shap-worker", "msg": "2026-08-13 15:25:20 | INFO  | shap_worker.py:run:245 | shap-worker enriched 50 prediction(s)"}
{"ts": "2026-08-13T15:27:42.239044848Z", "container": "smarthub-shap-worker", "msg": "2026-08-13 15:27:42 | INFO  | shap_worker.py:run:245 | shap-worker enriched 50 prediction(s)"}
{"ts": "2026-08-13T15:30:03.736591038Z", "container": "smarthub-shap-worker", "msg": "2026-08-13 15:30:03 | INFO  | shap_worker.py:run:245 | shap-worker enriched 50 prediction(s)"}
{"ts": "2026-08-13T15:32:25.333416196Z", "container": "smarthub-shap-worker", "msg": "2026-08-13 15:32:25 | INFO  | shap_worker.py:run:245 | shap-worker enriched 50 prediction(s)"}
{"ts": "2026-08-13T15:34:46.850444805Z", "container": "smarthub-shap-worker", "msg": "2026-08-13 15:34:46 | INFO  | shap_worker.py:run:245 | shap-worker enriched 50 prediction(s)"}
{"ts": "2026-08-13T15:37:08.445042420Z", "container": "smarthub-shap-worker", "msg": "2026-08-13 15:37:08 | INFO  | shap_worker.py:run:245 | shap-worker enriched 50 prediction(s)"}
{"ts": "2026-08-13T15:39:29.782420631Z", "container": "smarthub-shap-worker", "msg": "2026-08-13 15:39:29 | INFO  | shap_worker.py:run:245 | shap-worker enriched 50 prediction(s)"}
{"ts": "2026-08-13T15:41:51.298433794Z", "container": "smarthub-shap-worker", "msg": "2026-08-13 15:41:51 | INFO  | shap_worker.py:run:245 | shap-worker enriched 50 prediction(s)"}
{"ts": "2026-08-13T15:44:12.599701444Z", "container": "smarthub-shap-worker", "msg": "2026-08-13 15:44:12 | INFO  | shap_worker.py:run:245 | shap-worker enriched 50 prediction(s)"}
{"ts": "2026-08-13T15:46:33.832558922Z", "container": "smarthub-shap-worker", "msg": "2026-08-13 15:46:33 | INFO  | shap_worker.py:run:245 | shap-worker enriched 50 prediction(s)"}
{"ts": "2026-08-13T15:48:54.771438045Z", "container": "smarthub-shap-worker", "msg": "2026-08-13 15:48:54 | INFO  | shap_worker.py:run:245 | shap-worker enriched 50 prediction(s)"}
{"ts": "2026-08-13T15:51:16.001008298Z", "container": "smarthub-shap-worker", "msg": "2026-08-13 15:51:16 | INFO  | shap_worker.py:run:245 | shap-worker enriched 50 prediction(s)"}
{"ts": "2026-08-13T15:53:37.849560346Z", "container": "smarthub-shap-worker", "msg": "2026-08-13 15:53:37 | INFO  | shap_worker.py:run:245 | shap-worker enriched 50 prediction(s)"}
{"ts": "2026-08-13T15:55:58.870424520Z", "container": "smarthub-shap-worker", "msg": "2026-08-13 15:55:58 | INFO  | shap_worker.py:run:245 | shap-worker enriched 50 prediction(s)"}
{"ts": "2026-08-13T15:58:20.023669591Z", "container": "smarthub-shap-worker", "msg": "2026-08-13 15:58:20 | INFO  | shap_worker.py:run:245 | shap-worker enriched 50 prediction(s)"}
{"ts": "2026-08-13T16:00:41.063619087Z", "container": "smarthub-shap-worker", "msg": "2026-08-13 16:00:41 | INFO  | shap_worker.py:run:245 | shap-worker enriched 50 prediction(s)"}
{"ts": "2026-08-13T16:03:03.045150111Z", "container": "smarthub-shap-worker", "msg": "2026-08-13 16:03:03 | INFO  | shap_worker.py:run:245 | shap-worker enriched 50 prediction(s)"}
{"ts": "2026-08-13T16:05:24.909124497Z", "container": "smarthub-shap-worker", "msg": "2026-08-13 16:05:24 | INFO  | shap_worker.py:run:245 | shap-worker enriched 50 prediction(s)"}
{"ts": "2026-08-13T16:07:47.036891837Z", "container": "smarthub-shap-worker", "msg": "2026-08-13 16:07:47 | INFO  | shap_worker.py:run:245 | shap-worker enriched 50 prediction(s)"}
{"ts": "2026-08-13T16:10:08.826396656Z", "container": "smarthub-shap-worker", "msg": "2026-08-13 16:10:08 | INFO  | shap_worker.py:run:245 | shap-worker enriched 50 prediction(s)"}
{"ts": "2026-08-13T16:12:30.468191099Z", "container": "smarthub-shap-worker", "msg": "2026-08-13 16:12:30 | INFO  | shap_worker.py:run:245 | shap-worker enriched 50 prediction(s)"}
{"ts": "2026-08-13T16:14:51.534578741Z", "container": "smarthub-shap-worker", "msg": "2026-08-13 16:14:51 | INFO  | shap_worker.py:run:245 | shap-worker enriched 50 prediction(s)"}
{"ts": "2026-08-13T16:17:13.144994099Z", "container": "smarthub-shap-worker", "msg": "2026-08-13 16:17:13 | INFO  | shap_worker.py:run:245 | shap-worker enriched 50 prediction(s)"}
{"ts": "2026-08-13T16:19:34.690113796Z", "container": "smarthub-shap-worker", "msg": "2026-08-13 16:19:34 | INFO  | shap_worker.py:run:245 | shap-worker enriched 50 prediction(s)"}
{"ts": "2026-08-13T16:21:56.015516920Z", "container": "smarthub-shap-worker", "msg": "2026-08-13 16:21:56 | INFO  | shap_worker.py:run:245 | shap-worker enriched 50 prediction(s)"}
{"ts": "2026-08-13T16:24:17.391220434Z", "container": "smarthub-shap-worker", "msg": "2026-08-13 16:24:17 | INFO  | shap_worker.py:run:245 | shap-worker enriched 50 prediction(s)"}
{"ts": "2026-08-13T16:26:38.655839641Z", "container": "smarthub-shap-worker", "msg": "2026-08-13 16:26:38 | INFO  | shap_worker.py:run:245 | shap-worker enriched 50 prediction(s)"}
{"ts": "2026-08-13T16:28:59.875402595Z", "container": "smarthub-shap-worker", "msg": "2026-08-13 16:28:59 | INFO  | shap_worker.py:run:245 | shap-worker enriched 50 prediction(s)"}
{"ts": "2026-08-13T16:31:21.426448499Z", "container": "smarthub-shap-worker", "msg": "2026-08-13 16:31:21 | INFO  | shap_worker.py:run:245 | shap-worker enriched 50 prediction(s)"}
{"ts": "2026-08-13T16:33:42.556127763Z", "container": "smarthub-shap-worker", "msg": "2026-08-13 16:33:42 | INFO  | shap_worker.py:run:245 | shap-worker enriched 50 prediction(s)"}
{"ts": "2026-08-13T16:36:03.594054807Z", "container": "smarthub-shap-worker", "msg": "2026-08-13 16:36:03 | INFO  | shap_worker.py:run:245 | shap-worker enriched 50 prediction(s)"}
{"ts": "2026-08-13T16:38:24.777474686Z", "container": "smarthub-shap-worker", "msg": "2026-08-13 16:38:24 | INFO  | shap_worker.py:run:245 | shap-worker enriched 50 prediction(s)"}
{"ts": "2026-08-13T16:40:45.730796201Z", "container": "smarthub-shap-worker", "msg": "2026-08-13 16:40:45 | INFO  | shap_worker.py:run:245 | shap-worker enriched 50 prediction(s)"}
{"ts": "2026-08-13T16:43:06.749078026Z", "container": "smarthub-shap-worker", "msg": "2026-08-13 16:43:06 | INFO  | shap_worker.py:run:245 | shap-worker enriched 50 prediction(s)"}
{"ts": "2026-08-13T16:45:27.686677045Z", "container": "smarthub-shap-worker", "msg": "2026-08-13 16:45:27 | INFO  | shap_worker.py:run:245 | shap-worker enriched 50 prediction(s)"}
{"ts": "2026-08-13T16:47:48.329620713Z", "container": "smarthub-shap-worker", "msg": "2026-08-13 16:47:48 | INFO  | shap_worker.py:run:245 | shap-worker enriched 50 prediction(s)"}
{"ts": "2026-08-13T16:50:08.801941696Z", "container": "smarthub-shap-worker", "msg": "2026-08-13 16:50:08 | INFO  | shap_worker.py:run:245 | shap-worker enriched 50 prediction(s)"}
{"ts": "2026-08-13T16:52:29.355110412Z", "container": "smarthub-shap-worker", "msg": "2026-08-13 16:52:29 | INFO  | shap_worker.py:run:245 | shap-worker enriched 50 prediction(s)"}
{"ts": "2026-08-13T16:54:50.333190498Z", "container": "smarthub-shap-worker", "msg": "2026-08-13 16:54:50 | INFO  | shap_worker.py:run:245 | shap-worker enriched 50 prediction(s)"}
{"ts": "2026-08-13T16:57:10.546332596Z", "container": "smarthub-shap-worker", "msg": "2026-08-13 16:57:10 | INFO  | shap_worker.py:run:245 | shap-worker enriched 50 prediction(s)"}
{"ts": "2026-08-13T16:59:30.705821569Z", "container": "smarthub-shap-worker", "msg": "2026-08-13 16:59:30 | INFO  | shap_worker.py:run:245 | shap-worker enriched 50 prediction(s)"}
{"ts": "2026-08-13T17:01:51.485491149Z", "container": "smarthub-shap-worker", "msg": "2026-08-13 17:01:51 | INFO  | shap_worker.py:run:245 | shap-worker enriched 50 prediction(s)"}
{"ts": "2026-08-13T17:04:12.520089810Z", "container": "smarthub-shap-worker", "msg": "2026-08-13 17:04:12 | INFO  | shap_worker.py:run:245 | shap-worker enriched 50 prediction(s)"}
{"ts": "2026-08-13T17:06:33.851442348Z", "container": "smarthub-shap-worker", "msg": "2026-08-13 17:06:33 | INFO  | shap_worker.py:run:245 | shap-worker enriched 50 prediction(s)"}
{"ts": "2026-08-13T17:08:55.579111757Z", "container": "smarthub-shap-worker", "msg": "2026-08-13 17:08:55 | INFO  | shap_worker.py:run:245 | shap-worker enriched 50 prediction(s)"}
{"ts": "2026-08-13T17:11:16.954971178Z", "container": "smarthub-shap-worker", "msg": "2026-08-13 17:11:16 | INFO  | shap_worker.py:run:245 | shap-worker enriched 50 prediction(s)"}
{"ts": "2026-08-13T17:13:38.419023441Z", "container": "smarthub-shap-worker", "msg": "2026-08-13 17:13:38 | INFO  | shap_worker.py:run:245 | shap-worker enriched 50 prediction(s)"}
{"ts": "2026-08-13T17:15:59.795087462Z", "container": "smarthub-shap-worker", "msg": "2026-08-13 17:15:59 | INFO  | shap_worker.py:run:245 | shap-worker enriched 50 prediction(s)"}
{"ts": "2026-08-13T17:18:21.338510928Z", "container": "smarthub-shap-worker", "msg": "2026-08-13 17:18:21 | INFO  | shap_worker.py:run:245 | shap-worker enriched 50 prediction(s)"}
{"ts": "2026-08-13T17:20:42.746665093Z", "container": "smarthub-shap-worker", "msg": "2026-08-13 17:20:42 | INFO  | shap_worker.py:run:245 | shap-worker enriched 50 prediction(s)"}
{"ts": "2026-08-13T17:23:04.390862679Z", "container": "smarthub-shap-worker", "msg": "2026-08-13 17:23:04 | INFO  | shap_worker.py:run:245 | shap-worker enriched 50 prediction(s)"}
{"ts": "2026-08-13T17:25:25.674747611Z", "container": "smarthub-shap-worker", "msg": "2026-08-13 17:25:25 | INFO  | shap_worker.py:run:245 | shap-worker enriched 50 prediction(s)"}
{"ts": "2026-08-13T17:27:47.001153101Z", "container": "smarthub-shap-worker", "msg": "2026-08-13 17:27:47 | INFO  | shap_worker.py:run:245 | shap-worker enriched 50 prediction(s)"}
{"ts": "2026-08-13T17:30:08.385806784Z", "container": "smarthub-shap-worker", "msg": "2026-08-13 17:30:08 | INFO  | shap_worker.py:run:245 | shap-worker enriched 50 prediction(s)"}
{"ts": "2026-08-13T17:32:29.672277298Z", "container": "smarthub-shap-worker", "msg": "2026-08-13 17:32:29 | INFO  | shap_worker.py:run:245 | shap-worker enriched 50 prediction(s)"}
{"ts": "2026-08-13T17:34:50.992928523Z", "container": "smarthub-shap-worker", "msg": "2026-08-13 17:34:50 | INFO  | shap_worker.py:run:245 | shap-worker enriched 50 prediction(s)"}
{"ts": "2026-08-13T17:37:12.024781136Z", "container": "smarthub-shap-worker", "msg": "2026-08-13 17:37:12 | INFO  | shap_worker.py:run:245 | shap-worker enriched 50 prediction(s)"}
{"ts": "2026-08-13T17:39:32.936110775Z", "container": "smarthub-shap-worker", "msg": "2026-08-13 17:39:32 | INFO  | shap_worker.py:run:245 | shap-worker enriched 50 prediction(s)"}
{"ts": "2026-08-13T17:41:53.712135587Z", "container": "smarthub-shap-worker", "msg": "2026-08-13 17:41:53 | INFO  | shap_worker.py:run:245 | shap-worker enriched 50 prediction(s)"}
{"ts": "2026-08-13T17:44:14.363990608Z", "container": "smarthub-shap-worker", "msg": "2026-08-13 17:44:14 | INFO  | shap_worker.py:run:245 | shap-worker enriched 50 prediction(s)"}
{"ts": "2026-08-13T17:46:34.897007106Z", "container": "smarthub-shap-worker", "msg": "2026-08-13 17:46:34 | INFO  | shap_worker.py:run:245 | shap-worker enriched 50 prediction(s)"}
{"ts": "2026-08-13T17:48:55.510841604Z", "container": "smarthub-shap-worker", "msg": "2026-08-13 17:48:55 | INFO  | shap_worker.py:run:245 | shap-worker enriched 50 prediction(s)"}
{"ts": "2026-08-13T17:51:16.218416715Z", "container": "smarthub-shap-worker", "msg": "2026-08-13 17:51:16 | INFO  | shap_worker.py:run:245 | shap-worker enriched 50 prediction(s)"}
{"ts": "2026-08-13T17:53:37.201013165Z", "container": "smarthub-shap-worker", "msg": "2026-08-13 17:53:37 | INFO  | shap_worker.py:run:245 | shap-worker enriched 50 prediction(s)"}
{"ts": "2026-08-13T17:55:57.900708679Z", "container": "smarthub-shap-worker", "msg": "2026-08-13 17:55:57 | INFO  | shap_worker.py:run:245 | shap-worker enriched 50 prediction(s)"}
{"ts": "2026-08-13T17:58:17.565767280Z", "container": "smarthub-shap-worker", "msg": "2026-08-13 17:58:17 | INFO  | shap_worker.py:run:245 | shap-worker enriched 50 prediction(s)"}
{"ts": "2026-08-13T18:00:37.521022156Z", "container": "smarthub-shap-worker", "msg": "2026-08-13 18:00:37 | INFO  | shap_worker.py:run:245 | shap-worker enriched 50 prediction(s)"}
{"ts": "2026-08-13T18:02:58.150904519Z", "container": "smarthub-shap-worker", "msg": "2026-08-13 18:02:58 | INFO  | shap_worker.py:run:245 | shap-worker enriched 50 prediction(s)"}
{"ts": "2026-08-13T18:05:18.917980752Z", "container": "smarthub-shap-worker", "msg": "2026-08-13 18:05:18 | INFO  | shap_worker.py:run:245 | shap-worker enriched 50 prediction(s)"}
{"ts": "2026-08-13T18:07:39.799729341Z", "container": "smarthub-shap-worker", "msg": "2026-08-13 18:07:39 | INFO  | shap_worker.py:run:245 | shap-worker enriched 50 prediction(s)"}
{"ts": "2026-08-13T18:10:00.673526396Z", "container": "smarthub-shap-worker", "msg": "2026-08-13 18:10:00 | INFO  | shap_worker.py:run:245 | shap-worker enriched 50 prediction(s)"}
{"ts": "2026-08-13T18:12:21.383859939Z", "container": "smarthub-shap-worker", "msg": "2026-08-13 18:12:21 | INFO  | shap_worker.py:run:245 | shap-worker enriched 50 prediction(s)"}
{"ts": "2026-08-13T18:14:41.939012541Z", "container": "smarthub-shap-worker", "msg": "2026-08-13 18:14:41 | INFO  | shap_worker.py:run:245 | shap-worker enriched 50 prediction(s)"}
{"ts": "2026-08-13T18:17:02.287780090Z", "container": "smarthub-shap-worker", "msg": "2026-08-13 18:17:02 | INFO  | shap_worker.py:run:245 | shap-worker enriched 50 prediction(s)"}
{"ts": "2026-08-13T18:19:22.554198056Z", "container": "smarthub-shap-worker", "msg": "2026-08-13 18:19:22 | INFO  | shap_worker.py:run:245 | shap-worker enriched 50 prediction(s)"}
{"ts": "2026-08-13T18:21:42.860405729Z", "container": "smarthub-shap-worker", "msg": "2026-08-13 18:21:42 | INFO  | shap_worker.py:run:245 | shap-worker enriched 50 prediction(s)"}
{"ts": "2026-08-13T18:24:03.307121959Z", "container": "smarthub-shap-worker", "msg": "2026-08-13 18:24:03 | INFO  | shap_worker.py:run:245 | shap-worker enriched 50 prediction(s)"}
{"ts": "2026-08-13T18:26:23.452005464Z", "container": "smarthub-shap-worker", "msg": "2026-08-13 18:26:23 | INFO  | shap_worker.py:run:245 | shap-worker enriched 50 prediction(s)"}
{"ts": "2026-08-13T18:28:43.674915152Z", "container": "smarthub-shap-worker", "msg": "2026-08-13 18:28:43 | INFO  | shap_worker.py:run:245 | shap-worker enriched 50 prediction(s)"}
{"ts": "2026-08-13T18:31:03.984952374Z", "container": "smarthub-shap-worker", "msg": "2026-08-13 18:31:03 | INFO  | shap_worker.py:run:245 | shap-worker enriched 50 prediction(s)"}
{"ts": "2026-08-13T18:33:24.289914809Z", "container": "smarthub-shap-worker", "msg": "2026-08-13 18:33:24 | INFO  | shap_worker.py:run:245 | shap-worker enriched 50 prediction(s)"}
{"ts": "2026-08-13T18:35:44.555901061Z", "container": "smarthub-shap-worker", "msg": "2026-08-13 18:35:44 | INFO  | shap_worker.py:run:245 | shap-worker enriched 50 prediction(s)"}
{"ts": "2026-08-13T18:38:04.743555942Z", "container": "smarthub-shap-worker", "msg": "2026-08-13 18:38:04 | INFO  | shap_worker.py:run:245 | shap-worker enriched 50 prediction(s)"}
{"ts": "2026-08-13T18:40:24.669102663Z", "container": "smarthub-shap-worker", "msg": "2026-08-13 18:40:24 | INFO  | shap_worker.py:run:245 | shap-worker enriched 50 prediction(s)"}
{"ts": "2026-08-13T18:42:44.654090237Z", "container": "smarthub-shap-worker", "msg": "2026-08-13 18:42:44 | INFO  | shap_worker.py:run:245 | shap-worker enriched 50 prediction(s)"}
{"ts": "2026-08-13T18:45:04.366973519Z", "container": "smarthub-shap-worker", "msg": "2026-08-13 18:45:04 | INFO  | shap_worker.py:run:245 | shap-worker enriched 50 prediction(s)"}
{"ts": "2026-08-13T18:47:23.668867478Z", "container": "smarthub-shap-worker", "msg": "2026-08-13 18:47:23 | INFO  | shap_worker.py:run:245 | shap-worker enriched 50 prediction(s)"}
{"ts": "2026-08-13T18:49:43.489457814Z", "container": "smarthub-shap-worker", "msg": "2026-08-13 18:49:43 | INFO  | shap_worker.py:run:245 | shap-worker enriched 50 prediction(s)"}
{"ts": "2026-08-13T18:52:03.394840520Z", "container": "smarthub-shap-worker", "msg": "2026-08-13 18:52:03 | INFO  | shap_worker.py:run:245 | shap-worker enriched 50 prediction(s)"}
{"ts": "2026-08-13T18:54:23.520902271Z", "container": "smarthub-shap-worker", "msg": "2026-08-13 18:54:23 | INFO  | shap_worker.py:run:245 | shap-worker enriched 50 prediction(s)"}
{"ts": "2026-08-13T18:56:43.355274147Z", "container": "smarthub-shap-worker", "msg": "2026-08-13 18:56:43 | INFO  | shap_worker.py:run:245 | shap-worker enriched 50 prediction(s)"}
{"ts": "2026-08-13T18:59:02.888326954Z", "container": "smarthub-shap-worker", "msg": "2026-08-13 18:59:02 | INFO  | shap_worker.py:run:245 | shap-worker enriched 50 prediction(s)"}
{"ts": "2026-08-13T19:01:22.952576564Z", "container": "smarthub-shap-worker", "msg": "2026-08-13 19:01:22 | INFO  | shap_worker.py:run:245 | shap-worker enriched 50 prediction(s)"}
{"ts": "2026-08-13T19:03:43.405096977Z", "container": "smarthub-shap-worker", "msg": "2026-08-13 19:03:43 | INFO  | shap_worker.py:run:245 | shap-worker enriched 50 prediction(s)"}
{"ts": "2026-08-13T19:06:03.666170384Z", "container": "smarthub-shap-worker", "msg": "2026-08-13 19:06:03 | INFO  | shap_worker.py:run:245 | shap-worker enriched 50 prediction(s)"}
{"ts": "2026-08-13T19:08:24.124041034Z", "container": "smarthub-shap-worker", "msg": "2026-08-13 19:08:24 | INFO  | shap_worker.py:run:245 | shap-worker enriched 50 prediction(s)"}
{"ts": "2026-08-13T19:10:44.520578140Z", "container": "smarthub-shap-worker", "msg": "2026-08-13 19:10:44 | INFO  | shap_worker.py:run:245 | shap-worker enriched 50 prediction(s)"}
{"ts": "2026-08-13T19:13:04.952241939Z", "container": "smarthub-shap-worker", "msg": "2026-08-13 19:13:04 | INFO  | shap_worker.py:run:245 | shap-worker enriched 50 prediction(s)"}
{"ts": "2026-08-13T19:15:25.240282701Z", "container": "smarthub-shap-worker", "msg": "2026-08-13 19:15:25 | INFO  | shap_worker.py:run:245 | shap-worker enriched 50 prediction(s)"}
{"ts": "2026-08-13T19:17:45.381647637Z", "container": "smarthub-shap-worker", "msg": "2026-08-13 19:17:45 | INFO  | shap_worker.py:run:245 | shap-worker enriched 50 prediction(s)"}
{"ts": "2026-08-13T19:20:05.560489436Z", "container": "smarthub-shap-worker", "msg": "2026-08-13 19:20:05 | INFO  | shap_worker.py:run:245 | shap-worker enriched 50 prediction(s)"}
{"ts": "2026-08-13T19:22:25.631123840Z", "container": "smarthub-shap-worker", "msg": "2026-08-13 19:22:25 | INFO  | shap_worker.py:run:245 | shap-worker enriched 50 prediction(s)"}
{"ts": "2026-08-13T19:24:45.520007446Z", "container": "smarthub-shap-worker", "msg": "2026-08-13 19:24:45 | INFO  | shap_worker.py:run:245 | shap-worker enriched 50 prediction(s)"}
{"ts": "2026-08-13T19:27:05.120288505Z", "container": "smarthub-shap-worker", "msg": "2026-08-13 19:27:05 | INFO  | shap_worker.py:run:245 | shap-worker enriched 50 prediction(s)"}
{"ts": "2026-08-13T19:29:25.015883497Z", "container": "smarthub-shap-worker", "msg": "2026-08-13 19:29:25 | INFO  | shap_worker.py:run:245 | shap-worker enriched 50 prediction(s)"}
{"ts": "2026-08-13T19:31:45.019055515Z", "container": "smarthub-shap-worker", "msg": "2026-08-13 19:31:45 | INFO  | shap_worker.py:run:245 | shap-worker enriched 50 prediction(s)"}
{"ts": "2026-08-13T19:34:05.036619659Z", "container": "smarthub-shap-worker", "msg": "2026-08-13 19:34:05 | INFO  | shap_worker.py:run:245 | shap-worker enriched 50 prediction(s)"}
{"ts": "2026-08-13T19:36:25.065384959Z", "container": "smarthub-shap-worker", "msg": "2026-08-13 19:36:25 | INFO  | shap_worker.py:run:245 | shap-worker enriched 50 prediction(s)"}
{"ts": "2026-08-13T19:38:44.998095745Z", "container": "smarthub-shap-worker", "msg": "2026-08-13 19:38:44 | INFO  | shap_worker.py:run:245 | shap-worker enriched 50 prediction(s)"}
{"ts": "2026-08-13T19:41:05.037014664Z", "container": "smarthub-shap-worker", "msg": "2026-08-13 19:41:05 | INFO  | shap_worker.py:run:245 | shap-worker enriched 50 prediction(s)"}
{"ts": "2026-08-13T19:43:25.011735281Z", "container": "smarthub-shap-worker", "msg": "2026-08-13 19:43:25 | INFO  | shap_worker.py:run:245 | shap-worker enriched 50 prediction(s)"}
{"ts": "2026-08-13T19:45:44.432687407Z", "container": "smarthub-shap-worker", "msg": "2026-08-13 19:45:44 | INFO  | shap_worker.py:run:245 | shap-worker enriched 50 prediction(s)"}
{"ts": "2026-08-13T19:48:04.205067102Z", "container": "smarthub-shap-worker", "msg": "2026-08-13 19:48:04 | INFO  | shap_worker.py:run:245 | shap-worker enriched 50 prediction(s)"}
{"ts": "2026-08-13T19:50:24.041923647Z", "container": "smarthub-shap-worker", "msg": "2026-08-13 19:50:24 | INFO  | shap_worker.py:run:245 | shap-worker enriched 50 prediction(s)"}
{"ts": "2026-08-13T19:52:44.519014703Z", "container": "smarthub-shap-worker", "msg": "2026-08-13 19:52:44 | INFO  | shap_worker.py:run:245 | shap-worker enriched 50 prediction(s)"}
{"ts": "2026-08-13T19:55:04.187751277Z", "container": "smarthub-shap-worker", "msg": "2026-08-13 19:55:04 | INFO  | shap_worker.py:run:245 | shap-worker enriched 50 prediction(s)"}
{"ts": "2026-08-13T19:57:23.794609173Z", "container": "smarthub-shap-worker", "msg": "2026-08-13 19:57:23 | INFO  | shap_worker.py:run:245 | shap-worker enriched 50 prediction(s)"}
{"ts": "2026-08-13T19:59:43.358315608Z", "container": "smarthub-shap-worker", "msg": "2026-08-13 19:59:43 | INFO  | shap_worker.py:run:245 | shap-worker enriched 50 prediction(s)"}
{"ts": "2026-08-13T20:02:03.502945880Z", "container": "smarthub-shap-worker", "msg": "2026-08-13 20:02:03 | INFO  | shap_worker.py:run:245 | shap-worker enriched 50 prediction(s)"}
{"ts": "2026-08-13T20:04:23.955765366Z", "container": "smarthub-shap-worker", "msg": "2026-08-13 20:04:23 | INFO  | shap_worker.py:run:245 | shap-worker enriched 50 prediction(s)"}
{"ts": "2026-08-13T20:06:44.230965985Z", "container": "smarthub-shap-worker", "msg": "2026-08-13 20:06:44 | INFO  | shap_worker.py:run:245 | shap-worker enriched 50 prediction(s)"}
{"ts": "2026-08-13T20:09:04.444084039Z", "container": "smarthub-shap-worker", "msg": "2026-08-13 20:09:04 | INFO  | shap_worker.py:run:245 | shap-worker enriched 50 prediction(s)"}
{"ts": "2026-08-13T20:11:24.604017035Z", "container": "smarthub-shap-worker", "msg": "2026-08-13 20:11:24 | INFO  | shap_worker.py:run:245 | shap-worker enriched 50 prediction(s)"}
{"ts": "2026-08-13T20:13:44.640281147Z", "container": "smarthub-shap-worker", "msg": "2026-08-13 20:13:44 | INFO  | shap_worker.py:run:245 | shap-worker enriched 50 prediction(s)"}
{"ts": "2026-08-13T20:16:04.655274449Z", "container": "smarthub-shap-worker", "msg": "2026-08-13 20:16:04 | INFO  | shap_worker.py:run:245 | shap-worker enriched 50 prediction(s)"}
{"ts": "2026-08-13T20:18:24.090016720Z", "container": "smarthub-shap-worker", "msg": "2026-08-13 20:18:24 | INFO  | shap_worker.py:run:245 | shap-worker enriched 50 prediction(s)"}
{"ts": "2026-08-13T20:20:43.866062095Z", "container": "smarthub-shap-worker", "msg": "2026-08-13 20:20:43 | INFO  | shap_worker.py:run:245 | shap-worker enriched 50 prediction(s)"}
{"ts": "2026-08-13T20:23:03.703606068Z", "container": "smarthub-shap-worker", "msg": "2026-08-13 20:23:03 | INFO  | shap_worker.py:run:245 | shap-worker enriched 50 prediction(s)"}
{"ts": "2026-08-13T20:25:23.369467895Z", "container": "smarthub-shap-worker", "msg": "2026-08-13 20:25:23 | INFO  | shap_worker.py:run:245 | shap-worker enriched 50 prediction(s)"}
{"ts": "2026-08-13T20:27:43.169119749Z", "container": "smarthub-shap-worker", "msg": "2026-08-13 20:27:43 | INFO  | shap_worker.py:run:245 | shap-worker enriched 50 prediction(s)"}
{"ts": "2026-08-13T20:30:02.745706872Z", "container": "smarthub-shap-worker", "msg": "2026-08-13 20:30:02 | INFO  | shap_worker.py:run:245 | shap-worker enriched 50 prediction(s)"}
{"ts": "2026-08-13T20:32:22.215890185Z", "container": "smarthub-shap-worker", "msg": "2026-08-13 20:32:22 | INFO  | shap_worker.py:run:245 | shap-worker enriched 50 prediction(s)"}
{"ts": "2026-08-13T20:34:41.674701210Z", "container": "smarthub-shap-worker", "msg": "2026-08-13 20:34:41 | INFO  | shap_worker.py:run:245 | shap-worker enriched 50 prediction(s)"}
{"ts": "2026-08-13T20:37:01.150099151Z", "container": "smarthub-shap-worker", "msg": "2026-08-13 20:37:01 | INFO  | shap_worker.py:run:245 | shap-worker enriched 50 prediction(s)"}
{"ts": "2026-08-13T20:39:20.646779016Z", "container": "smarthub-shap-worker", "msg": "2026-08-13 20:39:20 | INFO  | shap_worker.py:run:245 | shap-worker enriched 50 prediction(s)"}
{"ts": "2026-08-13T20:41:40.079194418Z", "container": "smarthub-shap-worker", "msg": "2026-08-13 20:41:40 | INFO  | shap_worker.py:run:245 | shap-worker enriched 50 prediction(s)"}
{"ts": "2026-08-13T20:43:59.479260604Z", "container": "smarthub-shap-worker", "msg": "2026-08-13 20:43:59 | INFO  | shap_worker.py:run:245 | shap-worker enriched 50 prediction(s)"}
{"ts": "2026-08-13T20:46:18.946566660Z", "container": "smarthub-shap-worker", "msg": "2026-08-13 20:46:18 | INFO  | shap_worker.py:run:245 | shap-worker enriched 50 prediction(s)"}
{"ts": "2026-08-13T20:48:38.211572963Z", "container": "smarthub-shap-worker", "msg": "2026-08-13 20:48:38 | INFO  | shap_worker.py:run:245 | shap-worker enriched 50 prediction(s)"}
{"ts": "2026-08-13T20:50:57.429169390Z", "container": "smarthub-shap-worker", "msg": "2026-08-13 20:50:57 | INFO  | shap_worker.py:run:245 | shap-worker enriched 50 prediction(s)"}
{"ts": "2026-08-13T20:53:16.583757994Z", "container": "smarthub-shap-worker", "msg": "2026-08-13 20:53:16 | INFO  | shap_worker.py:run:245 | shap-worker enriched 50 prediction(s)"}
{"ts": "2026-08-13T20:55:35.854549525Z", "container": "smarthub-shap-worker", "msg": "2026-08-13 20:55:35 | INFO  | shap_worker.py:run:245 | shap-worker enriched 50 prediction(s)"}
{"ts": "2026-08-13T20:57:54.755386142Z", "container": "smarthub-shap-worker", "msg": "2026-08-13 20:57:54 | INFO  | shap_worker.py:run:245 | shap-worker enriched 50 prediction(s)"}
{"ts": "2026-08-13T21:00:13.911165930Z", "container": "smarthub-shap-worker", "msg": "2026-08-13 21:00:13 | INFO  | shap_worker.py:run:245 | shap-worker enriched 50 prediction(s)"}
{"ts": "2026-08-13T21:02:32.993391788Z", "container": "smarthub-shap-worker", "msg": "2026-08-13 21:02:32 | INFO  | shap_worker.py:run:245 | shap-worker enriched 50 prediction(s)"}
{"ts": "2026-08-13T21:04:52.321349715Z", "container": "smarthub-shap-worker", "msg": "2026-08-13 21:04:52 | INFO  | shap_worker.py:run:245 | shap-worker enriched 50 prediction(s)"}
{"ts": "2026-08-13T21:07:11.568746398Z", "container": "smarthub-shap-worker", "msg": "2026-08-13 21:07:11 | INFO  | shap_worker.py:run:245 | shap-worker enriched 50 prediction(s)"}
{"ts": "2026-08-13T21:09:30.594828256Z", "container": "smarthub-shap-worker", "msg": "2026-08-13 21:09:30 | INFO  | shap_worker.py:run:245 | shap-worker enriched 50 prediction(s)"}
{"ts": "2026-08-13T21:11:49.458680016Z", "container": "smarthub-shap-worker", "msg": "2026-08-13 21:11:49 | INFO  | shap_worker.py:run:245 | shap-worker enriched 50 prediction(s)"}
{"ts": "2026-08-13T21:14:08.397490800Z", "container": "smarthub-shap-worker", "msg": "2026-08-13 21:14:08 | INFO  | shap_worker.py:run:245 | shap-worker enriched 50 prediction(s)"}
{"ts": "2026-08-13T21:16:29.810394977Z", "container": "smarthub-shap-worker", "msg": "2026-08-13 21:16:29 | INFO  | shap_worker.py:run:245 | shap-worker enriched 50 prediction(s)"}
{"ts": "2026-08-13T21:18:48.257472203Z", "container": "smarthub-shap-worker", "msg": "2026-08-13 21:18:48 | INFO  | shap_worker.py:run:245 | shap-worker enriched 50 prediction(s)"}
{"ts": "2026-08-13T21:21:06.567949665Z", "container": "smarthub-shap-worker", "msg": "2026-08-13 21:21:06 | INFO  | shap_worker.py:run:245 | shap-worker enriched 50 prediction(s)"}
{"ts": "2026-08-13T21:23:25.186649081Z", "container": "smarthub-shap-worker", "msg": "2026-08-13 21:23:25 | INFO  | shap_worker.py:run:245 | shap-worker enriched 50 prediction(s)"}
{"ts": "2026-08-13T21:25:43.628506004Z", "container": "smarthub-shap-worker", "msg": "2026-08-13 21:25:43 | INFO  | shap_worker.py:run:245 | shap-worker enriched 50 prediction(s)"}
{"ts": "2026-08-13T21:28:02.059078839Z", "container": "smarthub-shap-worker", "msg": "2026-08-13 21:28:02 | INFO  | shap_worker.py:run:245 | shap-worker enriched 50 prediction(s)"}
{"ts": "2026-08-13T21:30:20.560602846Z", "container": "smarthub-shap-worker", "msg": "2026-08-13 21:30:20 | INFO  | shap_worker.py:run:245 | shap-worker enriched 50 prediction(s)"}
{"ts": "2026-08-13T21:32:38.913104553Z", "container": "smarthub-shap-worker", "msg": "2026-08-13 21:32:38 | INFO  | shap_worker.py:run:245 | shap-worker enriched 50 prediction(s)"}
{"ts": "2026-08-13T21:34:56.907094813Z", "container": "smarthub-shap-worker", "msg": "2026-08-13 21:34:56 | INFO  | shap_worker.py:run:245 | shap-worker enriched 50 prediction(s)"}
{"ts": "2026-08-13T21:37:15.046378454Z", "container": "smarthub-shap-worker", "msg": "2026-08-13 21:37:15 | INFO  | shap_worker.py:run:245 | shap-worker enriched 50 prediction(s)"}
{"ts": "2026-08-13T21:39:33.446615794Z", "container": "smarthub-shap-worker", "msg": "2026-08-13 21:39:33 | INFO  | shap_worker.py:run:245 | shap-worker enriched 50 prediction(s)"}
{"ts": "2026-08-13T21:41:51.681044855Z", "container": "smarthub-shap-worker", "msg": "2026-08-13 21:41:51 | INFO  | shap_worker.py:run:245 | shap-worker enriched 50 prediction(s)"}
{"ts": "2026-08-13T21:44:09.853550934Z", "container": "smarthub-shap-worker", "msg": "2026-08-13 21:44:09 | INFO  | shap_worker.py:run:245 | shap-worker enriched 50 prediction(s)"}
{"ts": "2026-08-13T21:46:28.069314683Z", "container": "smarthub-shap-worker", "msg": "2026-08-13 21:46:28 | INFO  | shap_worker.py:run:245 | shap-worker enriched 50 prediction(s)"}
{"ts": "2026-08-13T21:48:46.360761763Z", "container": "smarthub-shap-worker", "msg": "2026-08-13 21:48:46 | INFO  | shap_worker.py:run:245 | shap-worker enriched 50 prediction(s)"}
{"ts": "2026-08-13T21:51:04.409885594Z", "container": "smarthub-shap-worker", "msg": "2026-08-13 21:51:04 | INFO  | shap_worker.py:run:245 | shap-worker enriched 50 prediction(s)"}
{"ts": "2026-08-13T21:53:22.560444311Z", "container": "smarthub-shap-worker", "msg": "2026-08-13 21:53:22 | INFO  | shap_worker.py:run:245 | shap-worker enriched 50 prediction(s)"}
{"ts": "2026-08-13T21:55:40.599925572Z", "container": "smarthub-shap-worker", "msg": "2026-08-13 21:55:40 | INFO  | shap_worker.py:run:245 | shap-worker enriched 50 prediction(s)"}
{"ts": "2026-08-13T21:57:58.734714588Z", "container": "smarthub-shap-worker", "msg": "2026-08-13 21:57:58 | INFO  | shap_worker.py:run:245 | shap-worker enriched 50 prediction(s)"}
{"ts": "2026-08-13T22:00:16.658267011Z", "container": "smarthub-shap-worker", "msg": "2026-08-13 22:00:16 | INFO  | shap_worker.py:run:245 | shap-worker enriched 50 prediction(s)"}
{"ts": "2026-08-13T22:02:34.912392937Z", "container": "smarthub-shap-worker", "msg": "2026-08-13 22:02:34 | INFO  | shap_worker.py:run:245 | shap-worker enriched 50 prediction(s)"}
{"ts": "2026-08-13T22:04:52.844496337Z", "container": "smarthub-shap-worker", "msg": "2026-08-13 22:04:52 | INFO  | shap_worker.py:run:245 | shap-worker enriched 50 prediction(s)"}
{"ts": "2026-08-13T22:07:10.985834198Z", "container": "smarthub-shap-worker", "msg": "2026-08-13 22:07:10 | INFO  | shap_worker.py:run:245 | shap-worker enriched 50 prediction(s)"}
{"ts": "2026-08-13T22:09:29.128182383Z", "container": "smarthub-shap-worker", "msg": "2026-08-13 22:09:29 | INFO  | shap_worker.py:run:245 | shap-worker enriched 50 prediction(s)"}
{"ts": "2026-08-13T22:11:47.326689466Z", "container": "smarthub-shap-worker", "msg": "2026-08-13 22:11:47 | INFO  | shap_worker.py:run:245 | shap-worker enriched 50 prediction(s)"}
{"ts": "2026-08-13T22:14:05.527364425Z", "container": "smarthub-shap-worker", "msg": "2026-08-13 22:14:05 | INFO  | shap_worker.py:run:245 | shap-worker enriched 50 prediction(s)"}
{"ts": "2026-08-13T22:16:23.519385124Z", "container": "smarthub-shap-worker", "msg": "2026-08-13 22:16:23 | INFO  | shap_worker.py:run:245 | shap-worker enriched 50 prediction(s)"}
{"ts": "2026-08-13T22:18:41.583993139Z", "container": "smarthub-shap-worker", "msg": "2026-08-13 22:18:41 | INFO  | shap_worker.py:run:245 | shap-worker enriched 50 prediction(s)"}
{"ts": "2026-08-13T22:20:59.681051483Z", "container": "smarthub-shap-worker", "msg": "2026-08-13 22:20:59 | INFO  | shap_worker.py:run:245 | shap-worker enriched 50 prediction(s)"}
{"ts": "2026-08-13T22:23:17.503159985Z", "container": "smarthub-shap-worker", "msg": "2026-08-13 22:23:17 | INFO  | shap_worker.py:run:245 | shap-worker enriched 50 prediction(s)"}
{"ts": "2026-08-13T22:25:35.528308840Z", "container": "smarthub-shap-worker", "msg": "2026-08-13 22:25:35 | INFO  | shap_worker.py:run:245 | shap-worker enriched 50 prediction(s)"}
{"ts": "2026-08-13T22:27:53.684652271Z", "container": "smarthub-shap-worker", "msg": "2026-08-13 22:27:53 | INFO  | shap_worker.py:run:245 | shap-worker enriched 50 prediction(s)"}
{"ts": "2026-08-13T22:30:11.802700160Z", "container": "smarthub-shap-worker", "msg": "2026-08-13 22:30:11 | INFO  | shap_worker.py:run:245 | shap-worker enriched 50 prediction(s)"}
{"ts": "2026-08-13T22:32:29.856552188Z", "container": "smarthub-shap-worker", "msg": "2026-08-13 22:32:29 | INFO  | shap_worker.py:run:245 | shap-worker enriched 50 prediction(s)"}
{"ts": "2026-08-13T22:34:47.976971477Z", "container": "smarthub-shap-worker", "msg": "2026-08-13 22:34:47 | INFO  | shap_worker.py:run:245 | shap-worker enriched 50 prediction(s)"}
{"ts": "2026-08-13T22:37:06.121387132Z", "container": "smarthub-shap-worker", "msg": "2026-08-13 22:37:06 | INFO  | shap_worker.py:run:245 | shap-worker enriched 50 prediction(s)"}
{"ts": "2026-08-13T22:39:23.838440115Z", "container": "smarthub-shap-worker", "msg": "2026-08-13 22:39:23 | INFO  | shap_worker.py:run:245 | shap-worker enriched 50 prediction(s)"}
{"ts": "2026-08-13T22:41:41.967341491Z", "container": "smarthub-shap-worker", "msg": "2026-08-13 22:41:41 | INFO  | shap_worker.py:run:245 | shap-worker enriched 50 prediction(s)"}
{"ts": "2026-08-13T22:44:00.256451648Z", "container": "smarthub-shap-worker", "msg": "2026-08-13 22:44:00 | INFO  | shap_worker.py:run:245 | shap-worker enriched 50 prediction(s)"}
{"ts": "2026-08-13T22:46:18.423140714Z", "container": "smarthub-shap-worker", "msg": "2026-08-13 22:46:18 | INFO  | shap_worker.py:run:245 | shap-worker enriched 50 prediction(s)"}
{"ts": "2026-08-13T22:48:36.723508560Z", "container": "smarthub-shap-worker", "msg": "2026-08-13 22:48:36 | INFO  | shap_worker.py:run:245 | shap-worker enriched 50 prediction(s)"}
{"ts": "2026-08-13T22:50:54.879208599Z", "container": "smarthub-shap-worker", "msg": "2026-08-13 22:50:54 | INFO  | shap_worker.py:run:245 | shap-worker enriched 50 prediction(s)"}
{"ts": "2026-08-13T22:53:12.960108936Z", "container": "smarthub-shap-worker", "msg": "2026-08-13 22:53:12 | INFO  | shap_worker.py:run:245 | shap-worker enriched 50 prediction(s)"}
{"ts": "2026-08-13T22:55:31.250173701Z", "container": "smarthub-shap-worker", "msg": "2026-08-13 22:55:31 | INFO  | shap_worker.py:run:245 | shap-worker enriched 50 prediction(s)"}
{"ts": "2026-08-13T22:57:49.303151317Z", "container": "smarthub-shap-worker", "msg": "2026-08-13 22:57:49 | INFO  | shap_worker.py:run:245 | shap-worker enriched 50 prediction(s)"}
{"ts": "2026-08-13T23:00:07.422224781Z", "container": "smarthub-shap-worker", "msg": "2026-08-13 23:00:07 | INFO  | shap_worker.py:run:245 | shap-worker enriched 50 prediction(s)"}
{"ts": "2026-08-13T23:02:25.746018460Z", "container": "smarthub-shap-worker", "msg": "2026-08-13 23:02:25 | INFO  | shap_worker.py:run:245 | shap-worker enriched 50 prediction(s)"}
{"ts": "2026-08-13T23:04:43.745217201Z", "container": "smarthub-shap-worker", "msg": "2026-08-13 23:04:43 | INFO  | shap_worker.py:run:245 | shap-worker enriched 50 prediction(s)"}
{"ts": "2026-08-13T23:07:01.925537909Z", "container": "smarthub-shap-worker", "msg": "2026-08-13 23:07:01 | INFO  | shap_worker.py:run:245 | shap-worker enriched 50 prediction(s)"}
{"ts": "2026-08-13T23:09:20.005273820Z", "container": "smarthub-shap-worker", "msg": "2026-08-13 23:09:20 | INFO  | shap_worker.py:run:245 | shap-worker enriched 50 prediction(s)"}
{"ts": "2026-08-13T23:11:38.222294523Z", "container": "smarthub-shap-worker", "msg": "2026-08-13 23:11:38 | INFO  | shap_worker.py:run:245 | shap-worker enriched 50 prediction(s)"}
{"ts": "2026-08-13T23:13:56.474626038Z", "container": "smarthub-shap-worker", "msg": "2026-08-13 23:13:56 | INFO  | shap_worker.py:run:245 | shap-worker enriched 50 prediction(s)"}
{"ts": "2026-08-13T23:16:14.589541478Z", "container": "smarthub-shap-worker", "msg": "2026-08-13 23:16:14 | INFO  | shap_worker.py:run:245 | shap-worker enriched 50 prediction(s)"}
{"ts": "2026-08-13T23:18:32.589369155Z", "container": "smarthub-shap-worker", "msg": "2026-08-13 23:18:32 | INFO  | shap_worker.py:run:245 | shap-worker enriched 50 prediction(s)"}
{"ts": "2026-08-13T23:20:50.568653662Z", "container": "smarthub-shap-worker", "msg": "2026-08-13 23:20:50 | INFO  | shap_worker.py:run:245 | shap-worker enriched 50 prediction(s)"}
{"ts": "2026-08-13T23:23:08.343701745Z", "container": "smarthub-shap-worker", "msg": "2026-08-13 23:23:08 | INFO  | shap_worker.py:run:245 | shap-worker enriched 50 prediction(s)"}
{"ts": "2026-08-13T23:25:26.291270280Z", "container": "smarthub-shap-worker", "msg": "2026-08-13 23:25:26 | INFO  | shap_worker.py:run:245 | shap-worker enriched 50 prediction(s)"}
{"ts": "2026-08-13T23:27:43.957593572Z", "container": "smarthub-shap-worker", "msg": "2026-08-13 23:27:43 | INFO  | shap_worker.py:run:245 | shap-worker enriched 50 prediction(s)"}
{"ts": "2026-08-13T23:30:01.809950062Z", "container": "smarthub-shap-worker", "msg": "2026-08-13 23:30:01 | INFO  | shap_worker.py:run:245 | shap-worker enriched 50 prediction(s)"}
{"ts": "2026-08-13T23:32:19.564308613Z", "container": "smarthub-shap-worker", "msg": "2026-08-13 23:32:19 | INFO  | shap_worker.py:run:245 | shap-worker enriched 50 prediction(s)"}
{"ts": "2026-08-13T23:34:37.407131923Z", "container": "smarthub-shap-worker", "msg": "2026-08-13 23:34:37 | INFO  | shap_worker.py:run:245 | shap-worker enriched 50 prediction(s)"}
{"ts": "2026-08-13T23:36:54.971289905Z", "container": "smarthub-shap-worker", "msg": "2026-08-13 23:36:54 | INFO  | shap_worker.py:run:245 | shap-worker enriched 50 prediction(s)"}
{"ts": "2026-08-13T23:39:12.597506009Z", "container": "smarthub-shap-worker", "msg": "2026-08-13 23:39:12 | INFO  | shap_worker.py:run:245 | shap-worker enriched 50 prediction(s)"}
{"ts": "2026-08-13T23:41:30.255305936Z", "container": "smarthub-shap-worker", "msg": "2026-08-13 23:41:30 | INFO  | shap_worker.py:run:245 | shap-worker enriched 50 prediction(s)"}
{"ts": "2026-08-13T23:43:48.035286759Z", "container": "smarthub-shap-worker", "msg": "2026-08-13 23:43:48 | INFO  | shap_worker.py:run:245 | shap-worker enriched 50 prediction(s)"}
{"ts": "2026-08-13T23:46:05.595451697Z", "container": "smarthub-shap-worker", "msg": "2026-08-13 23:46:05 | INFO  | shap_worker.py:run:245 | shap-worker enriched 50 prediction(s)"}
{"ts": "2026-08-13T23:48:22.697515970Z", "container": "smarthub-shap-worker", "msg": "2026-08-13 23:48:22 | INFO  | shap_worker.py:run:245 | shap-worker enriched 50 prediction(s)"}
{"ts": "2026-08-13T23:50:40.158924374Z", "container": "smarthub-shap-worker", "msg": "2026-08-13 23:50:40 | INFO  | shap_worker.py:run:245 | shap-worker enriched 50 prediction(s)"}
{"ts": "2026-08-13T23:52:57.606783656Z", "container": "smarthub-shap-worker", "msg": "2026-08-13 23:52:57 | INFO  | shap_worker.py:run:245 | shap-worker enriched 50 prediction(s)"}
{"ts": "2026-08-13T23:55:15.301728056Z", "container": "smarthub-shap-worker", "msg": "2026-08-13 23:55:15 | INFO  | shap_worker.py:run:245 | shap-worker enriched 50 prediction(s)"}
{"ts": "2026-08-13T23:57:32.725950544Z", "container": "smarthub-shap-worker", "msg": "2026-08-13 23:57:32 | INFO  | shap_worker.py:run:245 | shap-worker enriched 50 prediction(s)"}
{"ts": "2026-08-13T23:59:50.268963660Z", "container": "smarthub-shap-worker", "msg": "2026-08-13 23:59:50 | INFO  | shap_worker.py:run:245 | shap-worker enriched 50 prediction(s)"}
