{"ts": "2026-08-13T00:00:00.223924995Z", "container": "prefect-worker", "msg": "2026-08-13 00:00:00 | INFO  | _client.py:_send_single_request:1025 | HTTP Request: GET http://prefect-server:4200/api/admin/version \"HTTP/1.1 200 OK\""}
{"ts": "2026-08-13T00:00:00.227238402Z", "container": "prefect-worker", "msg": "2026-08-13 00:00:00 | INFO  | _client.py:_send_single_request:1025 | HTTP Request: GET http://prefect-server:4200/api/csrf-token?client=d24c5b53-94e0-4fca-bae3-84427de1842c \"HTTP/1.1 422 Unprocessable Entity\""}
{"ts": "2026-08-13T00:00:00.232600456Z", "container": "prefect-worker", "msg": "2026-08-13 00:00:00 | INFO  | _client.py:_send_single_request:1025 | HTTP Request: PATCH http://prefect-server:4200/api/flow_runs/019ff5d8-0c98-779d-9db1-fea10e17c4e6 \"HTTP/1.1 204 No Content\""}
{"ts": "2026-08-13T00:00:00.252344408Z", "container": "prefect-worker", "msg": "2026-08-13 00:00:00 | INFO  | _client.py:_send_single_request:1740 | HTTP Request: GET http://prefect-server:4200/api/flow_runs/019ff5d8-0c98-779d-9db1-fea10e17c4e6 \"HTTP/1.1 200 OK\""}
{"ts": "2026-08-13T00:00:00.267798614Z", "container": "prefect-worker", "msg": "2026-08-13 00:00:00 | INFO  | _client.py:_send_single_request:1025 | HTTP Request: POST http://prefect-server:4200/api/flow_runs/019ff5d8-0c98-779d-9db1-fea10e17c4e6/set_state \"HTTP/1.1 201 Created\""}
{"ts": "2026-08-13T00:00:00.273347099Z", "container": "prefect-worker", "msg": "2026-08-13 00:00:00 | INFO  | _client.py:_send_single_request:1025 | HTTP Request: GET http://prefect-server:4200/api/flow_runs/019ff5d8-0c98-779d-9db1-fea10e17c4e6 \"HTTP/1.1 200 OK\""}
{"ts": "2026-08-13T00:00:00.277647365Z", "container": "prefect-worker", "msg": "2026-08-13 00:00:00 | INFO  | _client.py:_send_single_request:1025 | HTTP Request: GET http://prefect-server:4200/api/admin/storage \"HTTP/1.1 200 OK\""}
{"ts": "2026-08-13T00:00:00.280540739Z", "container": "prefect-worker", "msg": "2026-08-13 00:00:00 | INFO  | _client.py:_send_single_request:1025 | HTTP Request: GET http://prefect-server:4200/api/admin/storage \"HTTP/1.1 200 OK\""}
{"ts": "2026-08-13T00:00:00.281087073Z", "container": "prefect-worker", "msg": "2026-08-13 00:00:00 | INFO  | flow_engine.py:setup_run_context:1133 | Beginning flow run 'tidy-caribou' for flow 'smarthub-data-pull'"}
{"ts": "2026-08-13T00:00:00.281263345Z", "container": "prefect-worker", "msg": "2026-08-13 00:00:00 | INFO  | flow_engine.py:setup_run_context:1138 | View at http://prefect-server:4200/runs/flow-run/019ff5d8-0c98-779d-9db1-fea10e17c4e6"}
{"ts": "2026-08-13T00:00:00.308625579Z", "container": "prefect-worker", "msg": "2026-08-13 00:00:00 | INFO  | _client.py:_send_single_request:1740 | HTTP Request: GET http://prefect-server:4200/api/flows/c49e248a-be9d-43b9-ad26-cff3b7117b11 \"HTTP/1.1 200 OK\""}
{"ts": "2026-08-13T00:00:00.318733461Z", "container": "prefect-worker", "msg": "2026-08-13 00:00:00 | INFO  | _client.py:_send_single_request:1740 | HTTP Request: GET http://prefect-server:4200/api/work_queues/32c7c4c1-2900-49ee-9a5d-6d3163577ef9 \"HTTP/1.1 200 OK\""}
{"ts": "2026-08-13T00:00:00.327005289Z", "container": "prefect-worker", "msg": "2026-08-13 00:00:00 | INFO  | _client.py:_send_single_request:1740 | HTTP Request: GET http://prefect-server:4200/api/work_pools/smarthub-pool \"HTTP/1.1 200 OK\""}
{"ts": "2026-08-13T00:00:00.328679133Z", "container": "prefect-worker", "msg": "2026-08-13 00:00:00 | INFO  | _client.py:_send_single_request:1740 | HTTP Request: GET http://prefect-server:4200/api/deployments/15dcce44-4b5f-4048-b854-eeba60c3b514 \"HTTP/1.1 200 OK\""}
{"ts": "2026-08-13T00:00:00.356430060Z", "container": "prefect-worker", "msg": "2026-08-13 00:00:00 | INFO  | _client.py:_send_single_request:1025 | HTTP Request: GET http://prefect-server:4200/api/variables/name/smarthub_last_pull_timestamp_auto \"HTTP/1.1 200 OK\""}
{"ts": "2026-08-13T00:00:00.359374654Z", "container": "prefect-worker", "msg": "2026-08-13 00:00:00 | INFO  | task_engine.py:log_finished_message:410 | Finished in state Completed()"}
{"ts": "2026-08-13T00:00:00.359661336Z", "container": "prefect-worker", "msg": "2026-08-13 00:00:00 | INFO  | flow.py:data_pull_flow:246 | [auto] pulling window 2026-08-12 18:59:40 -> 2026-08-13 00:00:00"}
{"ts": "2026-08-13T00:00:00.369242425Z", "container": "prefect-worker", "msg": "2026-08-13 00:00:00 | INFO  | _client.py:_send_single_request:1025 | HTTP Request: GET http://prefect-server:4200/api/variables/name/smarthub_last_pull_timestamp_auto \"HTTP/1.1 200 OK\""}
{"ts": "2026-08-13T00:00:00.374035294Z", "container": "prefect-worker", "msg": "2026-08-13 00:00:00 | INFO  | pull.py:fetch_leads:134 | SSH_TUNNEL=false -- connecting directly to Redshift smart-hub.c9m7m7mw0tl8.us-east-1.redshift.amazonaws.com:5439"}
{"ts": "2026-08-13T00:00:00.572181097Z", "container": "prefect-worker", "msg": "2026-08-13 00:00:00 | INFO  | plugins.py:__init__:37 | setup plugin alembic.autogenerate.schemas"}
{"ts": "2026-08-13T00:00:00.572307858Z", "container": "prefect-worker", "msg": "2026-08-13 00:00:00 | INFO  | plugins.py:__init__:37 | setup plugin alembic.autogenerate.tables"}
{"ts": "2026-08-13T00:00:00.572320708Z", "container": "prefect-worker", "msg": "2026-08-13 00:00:00 | INFO  | plugins.py:__init__:37 | setup plugin alembic.autogenerate.types"}
{"ts": "2026-08-13T00:00:00.572324828Z", "container": "prefect-worker", "msg": "2026-08-13 00:00:00 | INFO  | plugins.py:__init__:37 | setup plugin alembic.autogenerate.constraints"}
{"ts": "2026-08-13T00:00:00.572328148Z", "container": "prefect-worker", "msg": "2026-08-13 00:00:00 | INFO  | plugins.py:__init__:37 | setup plugin alembic.autogenerate.defaults"}
{"ts": "2026-08-13T00:00:00.572331168Z", "container": "prefect-worker", "msg": "2026-08-13 00:00:00 | INFO  | plugins.py:__init__:37 | setup plugin alembic.autogenerate.comments"}
{"ts": "2026-08-13T00:00:01.414678538Z", "container": "prefect-worker", "msg": "2026-08-13 00:00:01 | INFO  | pull.py:fetch_leads:154 | Fetched leads frame with shape (13913, 57)"}
{"ts": "2026-08-13T00:00:01.415911868Z", "container": "prefect-worker", "msg": "2026-08-13 00:00:01 | INFO  | task_engine.py:log_finished_message:410 | Finished in state Completed()"}
{"ts": "2026-08-13T00:00:01.865895933Z", "container": "prefect-worker", "msg": "2026-08-13 00:00:01 | INFO  | _client.py:_send_single_request:1740 | HTTP Request: GET http://prefect-server:4200/api/csrf-token?client=3d52fd5a-a124-4b4b-aa3e-66ed3a1e60d9 \"HTTP/1.1 422 Unprocessable Entity\""}
{"ts": "2026-08-13T00:00:01.878089663Z", "container": "prefect-worker", "msg": "2026-08-13 00:00:01 | INFO  | _client.py:_send_single_request:1740 | HTTP Request: POST http://prefect-server:4200/api/logs/ \"HTTP/1.1 201 Created\""}
{"ts": "2026-08-13T00:00:01.914962994Z", "container": "prefect-worker", "msg": "2026-08-13 00:00:01 | INFO  | validation_report.py:log_summary:165 | data-quality: rows=13,913, status=issues flagged, rule_violation_rows=27,828, cross_field={'current_carrier_when_not_insured': 11472}, high_missing=['accepted', 'accepted_listings', 'annual_revenue', 'erred', 'error_reason_id', 'health_conditions', 'household_income', 'lead_created_at', 'life_coverage_amount', 'life_coverage_type', 'naics_code', 'num_dependents', 'num_employees', 'pnc_bundle', 'rev', 'sic_code', 'won']"}
{"ts": "2026-08-13T00:00:01.930136299Z", "container": "prefect-worker", "msg": "2026-08-13 00:00:01 | INFO  | _client.py:_send_single_request:1025 | HTTP Request: POST http://prefect-server:4200/api/artifacts/ \"HTTP/1.1 201 Created\""}
{"ts": "2026-08-13T00:00:01.933606007Z", "container": "prefect-worker", "msg": "2026-08-13 00:00:01 | INFO  | task_engine.py:log_finished_message:410 | Finished in state Completed()"}
{"ts": "2026-08-13T00:00:02.308176635Z", "container": "prefect-worker", "msg": "2026-08-13 00:00:02 | INFO  | storage.py:append_parquet:470 | Parquet partition 12-08-2026.parquet: +13913 rows"}
{"ts": "2026-08-13T00:00:02.345512131Z", "container": "prefect-worker", "msg": "2026-08-13 00:00:02 | INFO  | task_engine.py:log_finished_message:410 | Finished in state Completed()"}
{"ts": "2026-08-13T00:00:02.415096230Z", "container": "prefect-worker", "msg": "2026-08-13 00:00:02 | INFO  | _client.py:_send_single_request:1025 | HTTP Request: GET http://prefect-server:4200/api/variables/name/smarthub_last_pull_timestamp_auto \"HTTP/1.1 200 OK\""}
{"ts": "2026-08-13T00:00:02.422066877Z", "container": "prefect-worker", "msg": "2026-08-13 00:00:02 | INFO  | _client.py:_send_single_request:1025 | HTTP Request: PATCH http://prefect-server:4200/api/variables/name/smarthub_last_pull_timestamp_auto \"HTTP/1.1 204 No Content\""}
{"ts": "2026-08-13T00:00:02.424587098Z", "container": "prefect-worker", "msg": "2026-08-13 00:00:02 | INFO  | _client.py:_send_single_request:1025 | HTTP Request: GET http://prefect-server:4200/api/variables/name/smarthub_last_pull_timestamp_auto \"HTTP/1.1 200 OK\""}
{"ts": "2026-08-13T00:00:02.425809418Z", "container": "prefect-worker", "msg": "2026-08-13 00:00:02 | INFO  | task_engine.py:log_finished_message:410 | Finished in state Completed()"}
{"ts": "2026-08-13T00:00:02.426221312Z", "container": "prefect-worker", "msg": "2026-08-13 00:00:02 | INFO  | flow.py:data_pull_flow:254 | [auto] persisted {'parquet_rows': 13913, 'parquet_paths': ['/app/data/raw_datasets/leads/2026/08/12-08-2026.parquet']}; watermark now 2026-08-12 23:59:38"}
{"ts": "2026-08-13T00:00:02.443392012Z", "container": "prefect-worker", "msg": "2026-08-13 00:00:02 | INFO  | _client.py:_send_single_request:1025 | HTTP Request: POST http://prefect-server:4200/api/artifacts/ \"HTTP/1.1 201 Created\""}
{"ts": "2026-08-13T00:00:02.542359492Z", "container": "prefect-worker", "msg": "2026-08-13 00:00:02 | INFO  | _client.py:_send_single_request:1025 | HTTP Request: POST http://prefect-server:4200/api/flow_runs/019ff5d8-0c98-779d-9db1-fea10e17c4e6/set_state \"HTTP/1.1 201 Created\""}
{"ts": "2026-08-13T00:00:03.327883045Z", "container": "prefect-worker", "msg": "2026-08-13 00:00:03 | INFO  | flow_engine.py:initialize_run:1235 | Finished in state Completed()"}
{"ts": "2026-08-13T00:00:03.337629145Z", "container": "prefect-worker", "msg": "2026-08-13 00:00:03 | INFO  | _client.py:_send_single_request:1740 | HTTP Request: POST http://prefect-server:4200/api/logs/ \"HTTP/1.1 201 Created\""}
{"ts": "2026-08-13T00:00:03.836347719Z", "container": "prefect-worker", "msg": "00:00:03.835 | INFO    | prefect.flow_runs.runner - Process for flow run 'tidy-caribou' exited cleanly."}
{"ts": "2026-08-13T00:14:54.917903944Z", "container": "prefect-worker", "msg": "00:14:54.917 | INFO    | prefect.flow_runs.worker - Worker 'ProcessWorker 9e49efa9-3aad-4589-82bf-b41ae7dfe57e' submitting flow run '019ff5e5-d1e6-7eac-92ed-98a7b622fc0f'"}
{"ts": "2026-08-13T00:14:55.064746034Z", "container": "prefect-worker", "msg": "00:14:55.064 | INFO    | prefect.flow_runs.runner - Starting flow run process..."}
{"ts": "2026-08-13T00:14:55.089319777Z", "container": "prefect-worker", "msg": "00:14:55.088 | INFO    | prefect.flow_runs.worker - Flow run 'crimson-python' submitted to infrastructure"}
{"ts": "2026-08-13T00:14:56.301863560Z", "container": "prefect-worker", "msg": "00:14:56.296 | INFO    | Flow run 'crimson-python' - Running 1 deployment pull step(s)"}
{"ts": "2026-08-13T00:14:56.322896293Z", "container": "prefect-worker", "msg": "00:14:56.322 | INFO    | Flow run 'crimson-python' - Executing deployment step: set_working_directory"}
{"ts": "2026-08-13T00:14:56.334317307Z", "container": "prefect-worker", "msg": "00:14:56.333 | INFO    | Flow run 'crimson-python' - Deployment step 'set_working_directory' completed successfully"}
{"ts": "2026-08-13T00:14:56.347875949Z", "container": "prefect-worker", "msg": "00:14:56.347 | INFO    | Flow run 'crimson-python' - All deployment steps completed successfully"}
{"ts": "2026-08-13T00:14:56.795477798Z", "container": "prefect-worker", "msg": "2026-08-13 00:14:56 | INFO  | _client.py:_send_single_request:1025 | HTTP Request: GET http://prefect-server:4200/api/admin/version \"HTTP/1.1 200 OK\""}
{"ts": "2026-08-13T00:14:56.798892186Z", "container": "prefect-worker", "msg": "2026-08-13 00:14:56 | INFO  | _client.py:_send_single_request:1025 | HTTP Request: GET http://prefect-server:4200/api/csrf-token?client=0fed8419-0323-4a18-a6f2-c4c92551abfb \"HTTP/1.1 422 Unprocessable Entity\""}
{"ts": "2026-08-13T00:14:56.803953448Z", "container": "prefect-worker", "msg": "2026-08-13 00:14:56 | INFO  | _client.py:_send_single_request:1025 | HTTP Request: PATCH http://prefect-server:4200/api/flow_runs/019ff5e5-d1e6-7eac-92ed-98a7b622fc0f \"HTTP/1.1 204 No Content\""}
{"ts": "2026-08-13T00:14:56.825812608Z", "container": "prefect-worker", "msg": "2026-08-13 00:14:56 | INFO  | _client.py:_send_single_request:1740 | HTTP Request: GET http://prefect-server:4200/api/flow_runs/019ff5e5-d1e6-7eac-92ed-98a7b622fc0f \"HTTP/1.1 200 OK\""}
{"ts": "2026-08-13T00:14:56.842527855Z", "container": "prefect-worker", "msg": "2026-08-13 00:14:56 | INFO  | _client.py:_send_single_request:1025 | HTTP Request: POST http://prefect-server:4200/api/flow_runs/019ff5e5-d1e6-7eac-92ed-98a7b622fc0f/set_state \"HTTP/1.1 200 OK\""}
{"ts": "2026-08-13T00:14:58.309137013Z", "container": "prefect-worker", "msg": "2026-08-13 00:14:58 | INFO  | _client.py:_send_single_request:1740 | HTTP Request: GET http://prefect-server:4200/api/csrf-token?client=17cc7092-0b60-4fca-8a82-162258276763 \"HTTP/1.1 422 Unprocessable Entity\""}
{"ts": "2026-08-13T00:14:58.315618286Z", "container": "prefect-worker", "msg": "2026-08-13 00:14:58 | INFO  | _client.py:_send_single_request:1740 | HTTP Request: POST http://prefect-server:4200/api/logs/ \"HTTP/1.1 201 Created\""}
{"ts": "2026-08-13T00:14:59.860222145Z", "container": "prefect-worker", "msg": "2026-08-13 00:14:59 | INFO  | _client.py:_send_single_request:1025 | HTTP Request: POST http://prefect-server:4200/api/flow_runs/019ff5e5-d1e6-7eac-92ed-98a7b622fc0f/set_state \"HTTP/1.1 201 Created\""}
{"ts": "2026-08-13T00:14:59.866486857Z", "container": "prefect-worker", "msg": "2026-08-13 00:14:59 | INFO  | _client.py:_send_single_request:1025 | HTTP Request: GET http://prefect-server:4200/api/flow_runs/019ff5e5-d1e6-7eac-92ed-98a7b622fc0f \"HTTP/1.1 200 OK\""}
{"ts": "2026-08-13T00:14:59.870778053Z", "container": "prefect-worker", "msg": "2026-08-13 00:14:59 | INFO  | _client.py:_send_single_request:1025 | HTTP Request: GET http://prefect-server:4200/api/admin/storage \"HTTP/1.1 200 OK\""}
{"ts": "2026-08-13T00:14:59.873909169Z", "container": "prefect-worker", "msg": "2026-08-13 00:14:59 | INFO  | _client.py:_send_single_request:1025 | HTTP Request: GET http://prefect-server:4200/api/admin/storage \"HTTP/1.1 200 OK\""}
{"ts": "2026-08-13T00:14:59.874384782Z", "container": "prefect-worker", "msg": "2026-08-13 00:14:59 | INFO  | flow_engine.py:setup_run_context:1133 | Beginning flow run 'crimson-python' for flow 'smarthub-data-pull'"}
{"ts": "2026-08-13T00:14:59.874628735Z", "container": "prefect-worker", "msg": "2026-08-13 00:14:59 | INFO  | flow_engine.py:setup_run_context:1138 | View at http://prefect-server:4200/runs/flow-run/019ff5e5-d1e6-7eac-92ed-98a7b622fc0f"}
{"ts": "2026-08-13T00:14:59.901485176Z", "container": "prefect-worker", "msg": "2026-08-13 00:14:59 | INFO  | _client.py:_send_single_request:1740 | HTTP Request: GET http://prefect-server:4200/api/flows/c49e248a-be9d-43b9-ad26-cff3b7117b11 \"HTTP/1.1 200 OK\""}
{"ts": "2026-08-13T00:14:59.909958056Z", "container": "prefect-worker", "msg": "2026-08-13 00:14:59 | INFO  | _client.py:_send_single_request:1740 | HTTP Request: GET http://prefect-server:4200/api/work_queues/32c7c4c1-2900-49ee-9a5d-6d3163577ef9 \"HTTP/1.1 200 OK\""}
{"ts": "2026-08-13T00:14:59.918211534Z", "container": "prefect-worker", "msg": "2026-08-13 00:14:59 | INFO  | _client.py:_send_single_request:1740 | HTTP Request: GET http://prefect-server:4200/api/work_pools/smarthub-pool \"HTTP/1.1 200 OK\""}
{"ts": "2026-08-13T00:14:59.918473536Z", "container": "prefect-worker", "msg": "2026-08-13 00:14:59 | INFO  | _client.py:_send_single_request:1740 | HTTP Request: GET http://prefect-server:4200/api/deployments/15dcce44-4b5f-4048-b854-eeba60c3b514 \"HTTP/1.1 200 OK\""}
{"ts": "2026-08-13T00:14:59.920060679Z", "container": "prefect-worker", "msg": "2026-08-13 00:14:59 | INFO  | _client.py:_send_single_request:1025 | HTTP Request: GET http://prefect-server:4200/api/variables/name/smarthub_last_pull_timestamp_home \"HTTP/1.1 200 OK\""}
{"ts": "2026-08-13T00:14:59.923425736Z", "container": "prefect-worker", "msg": "2026-08-13 00:14:59 | INFO  | task_engine.py:log_finished_message:410 | Finished in state Completed()"}
{"ts": "2026-08-13T00:14:59.923644648Z", "container": "prefect-worker", "msg": "2026-08-13 00:14:59 | INFO  | flow.py:data_pull_flow:246 | [home] pulling window 2026-08-12 19:13:59 -> 2026-08-13 00:14:59"}
{"ts": "2026-08-13T00:14:59.926950996Z", "container": "prefect-worker", "msg": "2026-08-13 00:14:59 | INFO  | _client.py:_send_single_request:1025 | HTTP Request: GET http://prefect-server:4200/api/variables/name/smarthub_last_pull_timestamp_home \"HTTP/1.1 200 OK\""}
{"ts": "2026-08-13T00:14:59.931412023Z", "container": "prefect-worker", "msg": "2026-08-13 00:14:59 | INFO  | pull.py:fetch_leads:134 | SSH_TUNNEL=false -- connecting directly to Redshift smart-hub.c9m7m7mw0tl8.us-east-1.redshift.amazonaws.com:5439"}
{"ts": "2026-08-13T00:15:00.132538420Z", "container": "prefect-worker", "msg": "2026-08-13 00:15:00 | INFO  | plugins.py:__init__:37 | setup plugin alembic.autogenerate.schemas"}
{"ts": "2026-08-13T00:15:00.132677901Z", "container": "prefect-worker", "msg": "2026-08-13 00:15:00 | INFO  | plugins.py:__init__:37 | setup plugin alembic.autogenerate.tables"}
{"ts": "2026-08-13T00:15:00.132682401Z", "container": "prefect-worker", "msg": "2026-08-13 00:15:00 | INFO  | plugins.py:__init__:37 | setup plugin alembic.autogenerate.types"}
{"ts": "2026-08-13T00:15:00.132685711Z", "container": "prefect-worker", "msg": "2026-08-13 00:15:00 | INFO  | plugins.py:__init__:37 | setup plugin alembic.autogenerate.constraints"}
{"ts": "2026-08-13T00:15:00.132688691Z", "container": "prefect-worker", "msg": "2026-08-13 00:15:00 | INFO  | plugins.py:__init__:37 | setup plugin alembic.autogenerate.defaults"}
{"ts": "2026-08-13T00:15:00.132691671Z", "container": "prefect-worker", "msg": "2026-08-13 00:15:00 | INFO  | plugins.py:__init__:37 | setup plugin alembic.autogenerate.comments"}
{"ts": "2026-08-13T00:15:00.326928322Z", "container": "prefect-worker", "msg": "2026-08-13 00:15:00 | INFO  | _client.py:_send_single_request:1740 | HTTP Request: POST http://prefect-server:4200/api/logs/ \"HTTP/1.1 201 Created\""}
{"ts": "2026-08-13T00:15:00.567341873Z", "container": "prefect-worker", "msg": "2026-08-13 00:15:00 | INFO  | pull.py:fetch_leads:154 | Fetched leads frame with shape (1768, 57)"}
{"ts": "2026-08-13T00:15:00.568570713Z", "container": "prefect-worker", "msg": "2026-08-13 00:15:00 | INFO  | task_engine.py:log_finished_message:410 | Finished in state Completed()"}
{"ts": "2026-08-13T00:15:00.730786561Z", "container": "prefect-worker", "msg": "2026-08-13 00:15:00 | INFO  | validation_report.py:log_summary:165 | data-quality: rows=1,768, status=issues flagged, rule_violation_rows=3,539, cross_field={'current_carrier_when_not_insured': 1638}, high_missing=['accepted', 'accepted_listings', 'annual_revenue', 'erred', 'error_reason_id', 'health_conditions', 'household_income', 'lead_created_at', 'life_coverage_amount', 'life_coverage_type', 'naics_code', 'num_dependents', 'num_employees', 'num_home_claims', 'pnc_bundle', 'rev', 'sic_code', 'won']"}
{"ts": "2026-08-13T00:15:00.746948054Z", "container": "prefect-worker", "msg": "2026-08-13 00:15:00 | INFO  | _client.py:_send_single_request:1025 | HTTP Request: POST http://prefect-server:4200/api/artifacts/ \"HTTP/1.1 201 Created\""}
{"ts": "2026-08-13T00:15:00.749854747Z", "container": "prefect-worker", "msg": "2026-08-13 00:15:00 | INFO  | task_engine.py:log_finished_message:410 | Finished in state Completed()"}
{"ts": "2026-08-13T00:15:01.064568081Z", "container": "prefect-worker", "msg": "2026-08-13 00:15:01 | INFO  | storage.py:append_parquet:470 | Parquet partition 12-08-2026.parquet: +1690 rows"}
{"ts": "2026-08-13T00:15:01.082535289Z", "container": "prefect-worker", "msg": "2026-08-13 00:15:01 | INFO  | storage.py:append_parquet:470 | Parquet partition 13-08-2026.parquet: +78 rows"}
{"ts": "2026-08-13T00:15:01.089022553Z", "container": "prefect-worker", "msg": "2026-08-13 00:15:01 | INFO  | task_engine.py:log_finished_message:410 | Finished in state Completed()"}
{"ts": "2026-08-13T00:15:01.114377192Z", "container": "prefect-worker", "msg": "2026-08-13 00:15:01 | INFO  | _client.py:_send_single_request:1025 | HTTP Request: GET http://prefect-server:4200/api/variables/name/smarthub_last_pull_timestamp_home \"HTTP/1.1 200 OK\""}
{"ts": "2026-08-13T00:15:01.126088248Z", "container": "prefect-worker", "msg": "2026-08-13 00:15:01 | INFO  | _client.py:_send_single_request:1025 | HTTP Request: PATCH http://prefect-server:4200/api/variables/name/smarthub_last_pull_timestamp_home \"HTTP/1.1 204 No Content\""}
{"ts": "2026-08-13T00:15:01.129001532Z", "container": "prefect-worker", "msg": "2026-08-13 00:15:01 | INFO  | _client.py:_send_single_request:1025 | HTTP Request: GET http://prefect-server:4200/api/variables/name/smarthub_last_pull_timestamp_home \"HTTP/1.1 200 OK\""}
{"ts": "2026-08-13T00:15:01.130367913Z", "container": "prefect-worker", "msg": "2026-08-13 00:15:01 | INFO  | task_engine.py:log_finished_message:410 | Finished in state Completed()"}
{"ts": "2026-08-13T00:15:01.130784067Z", "container": "prefect-worker", "msg": "2026-08-13 00:15:01 | INFO  | flow.py:data_pull_flow:254 | [home] persisted {'parquet_rows': 1768, 'parquet_paths': ['/app/data/raw_datasets/leads/2026/08/12-08-2026.parquet', '/app/data/raw_datasets/leads/2026/08/13-08-2026.parquet']}; watermark now 2026-08-13 00:14:22"}
{"ts": "2026-08-13T00:15:01.200798134Z", "container": "prefect-worker", "msg": "2026-08-13 00:15:01 | INFO  | _client.py:_send_single_request:1025 | HTTP Request: POST http://prefect-server:4200/api/artifacts/ \"HTTP/1.1 201 Created\""}
{"ts": "2026-08-13T00:15:01.286293248Z", "container": "prefect-worker", "msg": "2026-08-13 00:15:01 | INFO  | _client.py:_send_single_request:1025 | HTTP Request: POST http://prefect-server:4200/api/flow_runs/019ff5e5-d1e6-7eac-92ed-98a7b622fc0f/set_state \"HTTP/1.1 201 Created\""}
{"ts": "2026-08-13T00:15:02.081192480Z", "container": "prefect-worker", "msg": "2026-08-13 00:15:02 | INFO  | flow_engine.py:initialize_run:1235 | Finished in state Completed()"}
{"ts": "2026-08-13T00:15:02.091551475Z", "container": "prefect-worker", "msg": "2026-08-13 00:15:02 | INFO  | _client.py:_send_single_request:1740 | HTTP Request: POST http://prefect-server:4200/api/logs/ \"HTTP/1.1 201 Created\""}
{"ts": "2026-08-13T00:15:02.536147609Z", "container": "prefect-worker", "msg": "00:15:02.535 | INFO    | prefect.flow_runs.runner - Process for flow run 'crimson-python' exited cleanly."}
{"ts": "2026-08-13T00:29:58.053699627Z", "container": "prefect-worker", "msg": "00:29:58.053 | INFO    | prefect.flow_runs.worker - Worker 'ProcessWorker 9e49efa9-3aad-4589-82bf-b41ae7dfe57e' submitting flow run '019ff5f3-965d-786b-a354-4a2c411b478e'"}
{"ts": "2026-08-13T00:29:58.196455760Z", "container": "prefect-worker", "msg": "00:29:58.195 | INFO    | prefect.flow_runs.runner - Starting flow run process..."}
{"ts": "2026-08-13T00:29:58.220576249Z", "container": "prefect-worker", "msg": "00:29:58.220 | INFO    | prefect.flow_runs.worker - Flow run 'teal-raven' submitted to infrastructure"}
{"ts": "2026-08-13T00:29:59.404563436Z", "container": "prefect-worker", "msg": "00:29:59.398 | INFO    | Flow run 'teal-raven' - Running 1 deployment pull step(s)"}
{"ts": "2026-08-13T00:29:59.425187996Z", "container": "prefect-worker", "msg": "00:29:59.424 | INFO    | Flow run 'teal-raven' - Executing deployment step: set_working_directory"}
{"ts": "2026-08-13T00:29:59.436578381Z", "container": "prefect-worker", "msg": "00:29:59.436 | INFO    | Flow run 'teal-raven' - Deployment step 'set_working_directory' completed successfully"}
{"ts": "2026-08-13T00:29:59.450641526Z", "container": "prefect-worker", "msg": "00:29:59.450 | INFO    | Flow run 'teal-raven' - All deployment steps completed successfully"}
{"ts": "2026-08-13T00:29:59.531319792Z", "container": "prefect-worker", "msg": "2026-08-13 00:29:59 | INFO  | _client.py:_send_single_request:1025 | HTTP Request: GET http://prefect-server:4200/api/admin/version \"HTTP/1.1 200 OK\""}
{"ts": "2026-08-13T00:29:59.534381048Z", "container": "prefect-worker", "msg": "2026-08-13 00:29:59 | INFO  | _client.py:_send_single_request:1025 | HTTP Request: GET http://prefect-server:4200/api/csrf-token?client=edb979e7-81ef-4129-b05f-82dc0e8971b2 \"HTTP/1.1 422 Unprocessable Entity\""}
{"ts": "2026-08-13T00:29:59.539466819Z", "container": "prefect-worker", "msg": "2026-08-13 00:29:59 | INFO  | _client.py:_send_single_request:1025 | HTTP Request: PATCH http://prefect-server:4200/api/flow_runs/019ff5f3-965d-786b-a354-4a2c411b478e \"HTTP/1.1 204 No Content\""}
{"ts": "2026-08-13T00:29:59.557545329Z", "container": "prefect-worker", "msg": "2026-08-13 00:29:59 | INFO  | _client.py:_send_single_request:1740 | HTTP Request: GET http://prefect-server:4200/api/flow_runs/019ff5f3-965d-786b-a354-4a2c411b478e \"HTTP/1.1 200 OK\""}
{"ts": "2026-08-13T00:29:59.571648916Z", "container": "prefect-worker", "msg": "2026-08-13 00:29:59 | INFO  | _client.py:_send_single_request:1025 | HTTP Request: POST http://prefect-server:4200/api/flow_runs/019ff5f3-965d-786b-a354-4a2c411b478e/set_state \"HTTP/1.1 201 Created\""}
{"ts": "2026-08-13T00:29:59.577158151Z", "container": "prefect-worker", "msg": "2026-08-13 00:29:59 | INFO  | _client.py:_send_single_request:1025 | HTTP Request: GET http://prefect-server:4200/api/flow_runs/019ff5f3-965d-786b-a354-4a2c411b478e \"HTTP/1.1 200 OK\""}
{"ts": "2026-08-13T00:29:59.581284515Z", "container": "prefect-worker", "msg": "2026-08-13 00:29:59 | INFO  | _client.py:_send_single_request:1025 | HTTP Request: GET http://prefect-server:4200/api/admin/storage \"HTTP/1.1 200 OK\""}
{"ts": "2026-08-13T00:29:59.584182769Z", "container": "prefect-worker", "msg": "2026-08-13 00:29:59 | INFO  | _client.py:_send_single_request:1025 | HTTP Request: GET http://prefect-server:4200/api/admin/storage \"HTTP/1.1 200 OK\""}
{"ts": "2026-08-13T00:29:59.584572352Z", "container": "prefect-worker", "msg": "2026-08-13 00:29:59 | INFO  | flow_engine.py:setup_run_context:1133 | Beginning flow run 'teal-raven' for flow 'smarthub-build-features'"}
{"ts": "2026-08-13T00:29:59.584799334Z", "container": "prefect-worker", "msg": "2026-08-13 00:29:59 | INFO  | flow_engine.py:setup_run_context:1138 | View at http://prefect-server:4200/runs/flow-run/019ff5f3-965d-786b-a354-4a2c411b478e"}
{"ts": "2026-08-13T00:29:59.669171320Z", "container": "prefect-worker", "msg": "2026-08-13 00:29:59 | INFO  | _client.py:_send_single_request:1740 | HTTP Request: GET http://prefect-server:4200/api/flows/ed336d12-897f-42a6-bdf9-d48b8de86b57 \"HTTP/1.1 200 OK\""}
{"ts": "2026-08-13T00:29:59.669723055Z", "container": "prefect-worker", "msg": "2026-08-13 00:29:59 | INFO  | _client.py:_send_single_request:1740 | HTTP Request: GET http://prefect-server:4200/api/work_queues/109a2d50-2dca-4233-a9a5-9ec78fefd79f \"HTTP/1.1 200 OK\""}
{"ts": "2026-08-13T00:29:59.669985967Z", "container": "prefect-worker", "msg": "2026-08-13 00:29:59 | INFO  | _client.py:_send_single_request:1740 | HTTP Request: GET http://prefect-server:4200/api/deployments/8d536def-a82a-4c94-941b-14c2c0468511 \"HTTP/1.1 200 OK\""}
{"ts": "2026-08-13T00:29:59.670493191Z", "container": "prefect-worker", "msg": "2026-08-13 00:29:59 | INFO  | _client.py:_send_single_request:1740 | HTTP Request: GET http://prefect-server:4200/api/work_pools/smarthub-pool \"HTTP/1.1 200 OK\""}
{"ts": "2026-08-13T00:30:01.443290015Z", "container": "prefect-worker", "msg": "2026-08-13 00:30:01 | INFO  | _client.py:_send_single_request:1740 | HTTP Request: GET http://prefect-server:4200/api/csrf-token?client=4821a233-ca94-4a0b-aa00-e5bc17ad4e13 \"HTTP/1.1 422 Unprocessable Entity\""}
{"ts": "2026-08-13T00:30:01.451570743Z", "container": "prefect-worker", "msg": "2026-08-13 00:30:01 | INFO  | _client.py:_send_single_request:1740 | HTTP Request: POST http://prefect-server:4200/api/logs/ \"HTTP/1.1 201 Created\""}
{"ts": "2026-08-13T00:30:08.835191753Z", "container": "prefect-worker", "msg": "2026-08-13 00:30:08 | INFO  | build.py:run_build_features:266 | [auto] training table 2026-08-13T003008Z: 514734 rows, 40 cols -> /app/data/training_datasets/auto/2026-08-13T003008Z.parquet"}
{"ts": "2026-08-13T00:30:08.950277043Z", "container": "prefect-worker", "msg": "2026-08-13 00:30:08 | INFO  | task_engine.py:log_finished_message:410 | Finished in state Completed()"}
{"ts": "2026-08-13T00:30:08.971904821Z", "container": "prefect-worker", "msg": "2026-08-13 00:30:08 | INFO  | _client.py:_send_single_request:1025 | HTTP Request: POST http://prefect-server:4200/api/artifacts/ \"HTTP/1.1 201 Created\""}
{"ts": "2026-08-13T00:30:09.146308451Z", "container": "prefect-worker", "msg": "2026-08-13 00:30:09 | INFO  | _client.py:_send_single_request:1025 | HTTP Request: POST http://prefect-server:4200/api/flow_runs/019ff5f3-965d-786b-a354-4a2c411b478e/set_state \"HTTP/1.1 201 Created\""}
{"ts": "2026-08-13T00:30:09.788199069Z", "container": "prefect-worker", "msg": "2026-08-13 00:30:09 | INFO  | _client.py:_send_single_request:1740 | HTTP Request: POST http://prefect-server:4200/api/logs/ \"HTTP/1.1 201 Created\""}
{"ts": "2026-08-13T00:30:09.952474405Z", "container": "prefect-worker", "msg": "2026-08-13 00:30:09 | INFO  | flow_engine.py:initialize_run:1235 | Finished in state Completed()"}
{"ts": "2026-08-13T00:30:09.960411241Z", "container": "prefect-worker", "msg": "2026-08-13 00:30:09 | INFO  | _client.py:_send_single_request:1740 | HTTP Request: POST http://prefect-server:4200/api/logs/ \"HTTP/1.1 201 Created\""}
{"ts": "2026-08-13T00:30:10.287637462Z", "container": "prefect-worker", "msg": "00:30:10.286 | INFO    | prefect.flow_runs.runner - Process for flow run 'teal-raven' exited cleanly."}
{"ts": "2026-08-13T00:45:02.294282991Z", "container": "prefect-worker", "msg": "00:45:02.293 | INFO    | prefect.flow_runs.worker - Worker 'ProcessWorker 9e49efa9-3aad-4589-82bf-b41ae7dfe57e' submitting flow run '019ff601-59ee-75fd-b882-a68c7b0f97cb'"}
{"ts": "2026-08-13T00:45:02.431596118Z", "container": "prefect-worker", "msg": "00:45:02.431 | INFO    | prefect.flow_runs.runner - Starting flow run process..."}
{"ts": "2026-08-13T00:45:02.455367521Z", "container": "prefect-worker", "msg": "00:45:02.454 | INFO    | prefect.flow_runs.worker - Flow run 'polar-cormorant' submitted to infrastructure"}
{"ts": "2026-08-13T00:45:03.661079481Z", "container": "prefect-worker", "msg": "00:45:03.655 | INFO    | Flow run 'polar-cormorant' - Running 1 deployment pull step(s)"}
{"ts": "2026-08-13T00:45:03.681997671Z", "container": "prefect-worker", "msg": "00:45:03.681 | INFO    | Flow run 'polar-cormorant' - Executing deployment step: set_working_directory"}
{"ts": "2026-08-13T00:45:03.693381144Z", "container": "prefect-worker", "msg": "00:45:03.692 | INFO    | Flow run 'polar-cormorant' - Deployment step 'set_working_directory' completed successfully"}
{"ts": "2026-08-13T00:45:03.707747291Z", "container": "prefect-worker", "msg": "00:45:03.707 | INFO    | Flow run 'polar-cormorant' - All deployment steps completed successfully"}
{"ts": "2026-08-13T00:45:03.789287634Z", "container": "prefect-worker", "msg": "2026-08-13 00:45:03 | INFO  | _client.py:_send_single_request:1025 | HTTP Request: GET http://prefect-server:4200/api/admin/version \"HTTP/1.1 200 OK\""}
{"ts": "2026-08-13T00:45:03.792754582Z", "container": "prefect-worker", "msg": "2026-08-13 00:45:03 | INFO  | _client.py:_send_single_request:1025 | HTTP Request: GET http://prefect-server:4200/api/csrf-token?client=d996e468-887e-4d4a-a805-7b0d2f0e2153 \"HTTP/1.1 422 Unprocessable Entity\""}
{"ts": "2026-08-13T00:45:03.798019295Z", "container": "prefect-worker", "msg": "2026-08-13 00:45:03 | INFO  | _client.py:_send_single_request:1025 | HTTP Request: PATCH http://prefect-server:4200/api/flow_runs/019ff601-59ee-75fd-b882-a68c7b0f97cb \"HTTP/1.1 204 No Content\""}
{"ts": "2026-08-13T00:45:03.816708478Z", "container": "prefect-worker", "msg": "2026-08-13 00:45:03 | INFO  | _client.py:_send_single_request:1740 | HTTP Request: GET http://prefect-server:4200/api/flow_runs/019ff601-59ee-75fd-b882-a68c7b0f97cb \"HTTP/1.1 200 OK\""}
{"ts": "2026-08-13T00:45:03.830964763Z", "container": "prefect-worker", "msg": "2026-08-13 00:45:03 | INFO  | _client.py:_send_single_request:1025 | HTTP Request: POST http://prefect-server:4200/api/flow_runs/019ff601-59ee-75fd-b882-a68c7b0f97cb/set_state \"HTTP/1.1 201 Created\""}
{"ts": "2026-08-13T00:45:03.836352077Z", "container": "prefect-worker", "msg": "2026-08-13 00:45:03 | INFO  | _client.py:_send_single_request:1025 | HTTP Request: GET http://prefect-server:4200/api/flow_runs/019ff601-59ee-75fd-b882-a68c7b0f97cb \"HTTP/1.1 200 OK\""}
{"ts": "2026-08-13T00:45:03.839794895Z", "container": "prefect-worker", "msg": "2026-08-13 00:45:03 | INFO  | _client.py:_send_single_request:1025 | HTTP Request: GET http://prefect-server:4200/api/admin/storage \"HTTP/1.1 200 OK\""}
{"ts": "2026-08-13T00:45:03.842722189Z", "container": "prefect-worker", "msg": "2026-08-13 00:45:03 | INFO  | _client.py:_send_single_request:1025 | HTTP Request: GET http://prefect-server:4200/api/admin/storage \"HTTP/1.1 200 OK\""}
{"ts": "2026-08-13T00:45:03.843124933Z", "container": "prefect-worker", "msg": "2026-08-13 00:45:03 | INFO  | flow_engine.py:setup_run_context:1133 | Beginning flow run 'polar-cormorant' for flow 'smarthub-build-features'"}
{"ts": "2026-08-13T00:45:03.843380895Z", "container": "prefect-worker", "msg": "2026-08-13 00:45:03 | INFO  | flow_engine.py:setup_run_context:1138 | View at http://prefect-server:4200/runs/flow-run/019ff601-59ee-75fd-b882-a68c7b0f97cb"}
{"ts": "2026-08-13T00:45:03.865322913Z", "container": "prefect-worker", "msg": "2026-08-13 00:45:03 | INFO  | _client.py:_send_single_request:1740 | HTTP Request: GET http://prefect-server:4200/api/flows/ed336d12-897f-42a6-bdf9-d48b8de86b57 \"HTTP/1.1 200 OK\""}
{"ts": "2026-08-13T00:45:03.934678717Z", "container": "prefect-worker", "msg": "2026-08-13 00:45:03 | INFO  | _client.py:_send_single_request:1740 | HTTP Request: GET http://prefect-server:4200/api/deployments/8d536def-a82a-4c94-941b-14c2c0468511 \"HTTP/1.1 200 OK\""}
{"ts": "2026-08-13T00:45:03.954287397Z", "container": "prefect-worker", "msg": "2026-08-13 00:45:03 | INFO  | _client.py:_send_single_request:1740 | HTTP Request: GET http://prefect-server:4200/api/work_queues/109a2d50-2dca-4233-a9a5-9ec78fefd79f \"HTTP/1.1 200 OK\""}
{"ts": "2026-08-13T00:45:03.954426638Z", "container": "prefect-worker", "msg": "2026-08-13 00:45:03 | INFO  | _client.py:_send_single_request:1740 | HTTP Request: GET http://prefect-server:4200/api/work_pools/smarthub-pool \"HTTP/1.1 200 OK\""}
{"ts": "2026-08-13T00:45:05.691159954Z", "container": "prefect-worker", "msg": "2026-08-13 00:45:05 | INFO  | _client.py:_send_single_request:1740 | HTTP Request: GET http://prefect-server:4200/api/csrf-token?client=6ed09b4c-b285-4150-9f64-b9a32a8f1a7a \"HTTP/1.1 422 Unprocessable Entity\""}
{"ts": "2026-08-13T00:45:05.702444636Z", "container": "prefect-worker", "msg": "2026-08-13 00:45:05 | INFO  | _client.py:_send_single_request:1740 | HTTP Request: POST http://prefect-server:4200/api/logs/ \"HTTP/1.1 201 Created\""}
{"ts": "2026-08-13T00:45:08.817919319Z", "container": "prefect-worker", "msg": "2026-08-13 00:45:08 | INFO  | build.py:run_build_features:266 | [home] training table 2026-08-13T004508Z: 74607 rows, 34 cols -> /app/data/training_datasets/home/2026-08-13T004508Z.parquet"}
{"ts": "2026-08-13T00:45:08.944583687Z", "container": "prefect-worker", "msg": "2026-08-13 00:45:08 | INFO  | task_engine.py:log_finished_message:410 | Finished in state Completed()"}
{"ts": "2026-08-13T00:45:08.962834825Z", "container": "prefect-worker", "msg": "2026-08-13 00:45:08 | INFO  | _client.py:_send_single_request:1025 | HTTP Request: POST http://prefect-server:4200/api/artifacts/ \"HTTP/1.1 201 Created\""}
{"ts": "2026-08-13T00:45:09.087900121Z", "container": "prefect-worker", "msg": "2026-08-13 00:45:09 | INFO  | _client.py:_send_single_request:1025 | HTTP Request: POST http://prefect-server:4200/api/flow_runs/019ff601-59ee-75fd-b882-a68c7b0f97cb/set_state \"HTTP/1.1 201 Created\""}
{"ts": "2026-08-13T00:45:09.345534471Z", "container": "prefect-worker", "msg": "2026-08-13 00:45:09 | INFO  | flow_engine.py:initialize_run:1235 | Finished in state Completed()"}
{"ts": "2026-08-13T00:45:09.353881999Z", "container": "prefect-worker", "msg": "2026-08-13 00:45:09 | INFO  | _client.py:_send_single_request:1740 | HTTP Request: POST http://prefect-server:4200/api/logs/ \"HTTP/1.1 201 Created\""}
{"ts": "2026-08-13T00:45:09.661363854Z", "container": "prefect-worker", "msg": "00:45:09.660 | INFO    | prefect.flow_runs.runner - Process for flow run 'polar-cormorant' exited cleanly."}
{"ts": "2026-08-13T03:59:51.230948546Z", "container": "prefect-worker", "msg": "03:59:51.230 | INFO    | prefect.flow_runs.worker - Worker 'ProcessWorker 9e49efa9-3aad-4589-82bf-b41ae7dfe57e' submitting flow run '019ff6b4-6762-76bf-83b7-5ff7fd8907d2'"}
{"ts": "2026-08-13T03:59:51.373154773Z", "container": "prefect-worker", "msg": "03:59:51.372 | INFO    | prefect.flow_runs.runner - Starting flow run process..."}
{"ts": "2026-08-13T03:59:51.400923769Z", "container": "prefect-worker", "msg": "03:59:51.400 | INFO    | prefect.flow_runs.worker - Flow run 'violet-sponge' submitted to infrastructure"}
{"ts": "2026-08-13T03:59:52.597097662Z", "container": "prefect-worker", "msg": "03:59:52.591 | INFO    | Flow run 'violet-sponge' - Running 1 deployment pull step(s)"}
{"ts": "2026-08-13T03:59:52.618440636Z", "container": "prefect-worker", "msg": "03:59:52.617 | INFO    | Flow run 'violet-sponge' - Executing deployment step: set_working_directory"}
{"ts": "2026-08-13T03:59:52.630093490Z", "container": "prefect-worker", "msg": "03:59:52.629 | INFO    | Flow run 'violet-sponge' - Deployment step 'set_working_directory' completed successfully"}
{"ts": "2026-08-13T03:59:52.644164265Z", "container": "prefect-worker", "msg": "03:59:52.643 | INFO    | Flow run 'violet-sponge' - All deployment steps completed successfully"}
{"ts": "2026-08-13T03:59:53.076144560Z", "container": "prefect-worker", "msg": "2026-08-13 03:59:53 | INFO  | _client.py:_send_single_request:1025 | HTTP Request: GET http://prefect-server:4200/api/admin/version \"HTTP/1.1 200 OK\""}
{"ts": "2026-08-13T03:59:53.079580888Z", "container": "prefect-worker", "msg": "2026-08-13 03:59:53 | INFO  | _client.py:_send_single_request:1025 | HTTP Request: GET http://prefect-server:4200/api/csrf-token?client=c6920242-a217-4175-a67c-a9663f1650d7 \"HTTP/1.1 422 Unprocessable Entity\""}
{"ts": "2026-08-13T03:59:53.085050972Z", "container": "prefect-worker", "msg": "2026-08-13 03:59:53 | INFO  | _client.py:_send_single_request:1025 | HTTP Request: PATCH http://prefect-server:4200/api/flow_runs/019ff6b4-6762-76bf-83b7-5ff7fd8907d2 \"HTTP/1.1 204 No Content\""}
{"ts": "2026-08-13T03:59:53.103629683Z", "container": "prefect-worker", "msg": "2026-08-13 03:59:53 | INFO  | _client.py:_send_single_request:1740 | HTTP Request: GET http://prefect-server:4200/api/flow_runs/019ff6b4-6762-76bf-83b7-5ff7fd8907d2 \"HTTP/1.1 200 OK\""}
{"ts": "2026-08-13T03:59:53.115489620Z", "container": "prefect-worker", "msg": "2026-08-13 03:59:53 | INFO  | _client.py:_send_single_request:1025 | HTTP Request: POST http://prefect-server:4200/api/flow_runs/019ff6b4-6762-76bf-83b7-5ff7fd8907d2/set_state \"HTTP/1.1 200 OK\""}
{"ts": "2026-08-13T03:59:54.603935820Z", "container": "prefect-worker", "msg": "2026-08-13 03:59:54 | INFO  | _client.py:_send_single_request:1740 | HTTP Request: GET http://prefect-server:4200/api/csrf-token?client=33751aeb-9d29-49b2-928f-6b2409226695 \"HTTP/1.1 422 Unprocessable Entity\""}
{"ts": "2026-08-13T03:59:54.610503974Z", "container": "prefect-worker", "msg": "2026-08-13 03:59:54 | INFO  | _client.py:_send_single_request:1740 | HTTP Request: POST http://prefect-server:4200/api/logs/ \"HTTP/1.1 201 Created\""}
{"ts": "2026-08-13T04:00:00.134037658Z", "container": "prefect-worker", "msg": "2026-08-13 04:00:00 | INFO  | _client.py:_send_single_request:1025 | HTTP Request: POST http://prefect-server:4200/api/flow_runs/019ff6b4-6762-76bf-83b7-5ff7fd8907d2/set_state \"HTTP/1.1 201 Created\""}
{"ts": "2026-08-13T04:00:00.146530820Z", "container": "prefect-worker", "msg": "2026-08-13 04:00:00 | INFO  | _client.py:_send_single_request:1025 | HTTP Request: GET http://prefect-server:4200/api/flow_runs/019ff6b4-6762-76bf-83b7-5ff7fd8907d2 \"HTTP/1.1 200 OK\""}
{"ts": "2026-08-13T04:00:00.153401996Z", "container": "prefect-worker", "msg": "2026-08-13 04:00:00 | INFO  | _client.py:_send_single_request:1025 | HTTP Request: GET http://prefect-server:4200/api/admin/storage \"HTTP/1.1 200 OK\""}
{"ts": "2026-08-13T04:00:00.156683183Z", "container": "prefect-worker", "msg": "2026-08-13 04:00:00 | INFO  | _client.py:_send_single_request:1025 | HTTP Request: GET http://prefect-server:4200/api/admin/storage \"HTTP/1.1 200 OK\""}
{"ts": "2026-08-13T04:00:00.157195827Z", "container": "prefect-worker", "msg": "2026-08-13 04:00:00 | INFO  | flow_engine.py:setup_run_context:1133 | Beginning flow run 'violet-sponge' for flow 'smarthub-data-pull'"}
{"ts": "2026-08-13T04:00:00.157483389Z", "container": "prefect-worker", "msg": "2026-08-13 04:00:00 | INFO  | flow_engine.py:setup_run_context:1138 | View at http://prefect-server:4200/runs/flow-run/019ff6b4-6762-76bf-83b7-5ff7fd8907d2"}
{"ts": "2026-08-13T04:00:00.191709628Z", "container": "prefect-worker", "msg": "2026-08-13 04:00:00 | INFO  | _client.py:_send_single_request:1740 | HTTP Request: GET http://prefect-server:4200/api/flows/c49e248a-be9d-43b9-ad26-cff3b7117b11 \"HTTP/1.1 200 OK\""}
{"ts": "2026-08-13T04:00:00.201756570Z", "container": "prefect-worker", "msg": "2026-08-13 04:00:00 | INFO  | _client.py:_send_single_request:1740 | HTTP Request: GET http://prefect-server:4200/api/work_queues/32c7c4c1-2900-49ee-9a5d-6d3163577ef9 \"HTTP/1.1 200 OK\""}
{"ts": "2026-08-13T04:00:00.203718506Z", "container": "prefect-worker", "msg": "2026-08-13 04:00:00 | INFO  | _client.py:_send_single_request:1740 | HTTP Request: GET http://prefect-server:4200/api/deployments/15dcce44-4b5f-4048-b854-eeba60c3b514 \"HTTP/1.1 200 OK\""}
{"ts": "2026-08-13T04:00:00.203987328Z", "container": "prefect-worker", "msg": "2026-08-13 04:00:00 | INFO  | _client.py:_send_single_request:1740 | HTTP Request: GET http://prefect-server:4200/api/work_pools/smarthub-pool \"HTTP/1.1 200 OK\""}
{"ts": "2026-08-13T04:00:00.232190058Z", "container": "prefect-worker", "msg": "2026-08-13 04:00:00 | INFO  | _client.py:_send_single_request:1025 | HTTP Request: GET http://prefect-server:4200/api/variables/name/smarthub_last_pull_timestamp_auto \"HTTP/1.1 200 OK\""}
{"ts": "2026-08-13T04:00:00.235096531Z", "container": "prefect-worker", "msg": "2026-08-13 04:00:00 | INFO  | task_engine.py:log_finished_message:410 | Finished in state Completed()"}
{"ts": "2026-08-13T04:00:00.235485905Z", "container": "prefect-worker", "msg": "2026-08-13 04:00:00 | INFO  | flow.py:data_pull_flow:246 | [auto] pulling window 2026-08-12 22:59:38 -> 2026-08-13 04:00:00"}
{"ts": "2026-08-13T04:00:00.244091025Z", "container": "prefect-worker", "msg": "2026-08-13 04:00:00 | INFO  | _client.py:_send_single_request:1025 | HTTP Request: GET http://prefect-server:4200/api/variables/name/smarthub_last_pull_timestamp_auto \"HTTP/1.1 200 OK\""}
{"ts": "2026-08-13T04:00:00.248853184Z", "container": "prefect-worker", "msg": "2026-08-13 04:00:00 | INFO  | pull.py:fetch_leads:134 | SSH_TUNNEL=false -- connecting directly to Redshift smart-hub.c9m7m7mw0tl8.us-east-1.redshift.amazonaws.com:5439"}
{"ts": "2026-08-13T04:00:00.446179551Z", "container": "prefect-worker", "msg": "2026-08-13 04:00:00 | INFO  | plugins.py:__init__:37 | setup plugin alembic.autogenerate.schemas"}
{"ts": "2026-08-13T04:00:00.446396923Z", "container": "prefect-worker", "msg": "2026-08-13 04:00:00 | INFO  | plugins.py:__init__:37 | setup plugin alembic.autogenerate.tables"}
{"ts": "2026-08-13T04:00:00.446410603Z", "container": "prefect-worker", "msg": "2026-08-13 04:00:00 | INFO  | plugins.py:__init__:37 | setup plugin alembic.autogenerate.types"}
{"ts": "2026-08-13T04:00:00.446414513Z", "container": "prefect-worker", "msg": "2026-08-13 04:00:00 | INFO  | plugins.py:__init__:37 | setup plugin alembic.autogenerate.constraints"}
{"ts": "2026-08-13T04:00:00.446417813Z", "container": "prefect-worker", "msg": "2026-08-13 04:00:00 | INFO  | plugins.py:__init__:37 | setup plugin alembic.autogenerate.defaults"}
{"ts": "2026-08-13T04:00:00.446420893Z", "container": "prefect-worker", "msg": "2026-08-13 04:00:00 | INFO  | plugins.py:__init__:37 | setup plugin alembic.autogenerate.comments"}
{"ts": "2026-08-13T04:00:00.622996202Z", "container": "prefect-worker", "msg": "2026-08-13 04:00:00 | INFO  | _client.py:_send_single_request:1740 | HTTP Request: POST http://prefect-server:4200/api/logs/ \"HTTP/1.1 201 Created\""}
{"ts": "2026-08-13T04:00:01.155498690Z", "container": "prefect-worker", "msg": "2026-08-13 04:00:01 | INFO  | pull.py:fetch_leads:154 | Fetched leads frame with shape (9729, 57)"}
{"ts": "2026-08-13T04:00:01.156811461Z", "container": "prefect-worker", "msg": "2026-08-13 04:00:01 | INFO  | task_engine.py:log_finished_message:410 | Finished in state Completed()"}
{"ts": "2026-08-13T04:00:01.469333307Z", "container": "prefect-worker", "msg": "2026-08-13 04:00:01 | INFO  | validation_report.py:log_summary:165 | data-quality: rows=9,729, status=issues flagged, rule_violation_rows=19,460, cross_field={'current_carrier_when_not_insured': 8179}, high_missing=['accepted', 'accepted_listings', 'annual_revenue', 'erred', 'error_reason_id', 'expected_revenue', 'health_conditions', 'household_income', 'lead_created_at', 'life_coverage_amount', 'life_coverage_type', 'naics_code', 'num_dependents', 'num_employees', 'num_selected_listings', 'pnc_bundle', 'realized_payout', 'rev', 'sic_code', 'won']"}
{"ts": "2026-08-13T04:00:01.485433258Z", "container": "prefect-worker", "msg": "2026-08-13 04:00:01 | INFO  | _client.py:_send_single_request:1025 | HTTP Request: POST http://prefect-server:4200/api/artifacts/ \"HTTP/1.1 201 Created\""}
{"ts": "2026-08-13T04:00:01.488861356Z", "container": "prefect-worker", "msg": "2026-08-13 04:00:01 | INFO  | task_engine.py:log_finished_message:410 | Finished in state Completed()"}
{"ts": "2026-08-13T04:00:01.850486283Z", "container": "prefect-worker", "msg": "2026-08-13 04:00:01 | INFO  | storage.py:append_parquet:470 | Parquet partition 12-08-2026.parquet: +2296 rows"}
{"ts": "2026-08-13T04:00:01.904055289Z", "container": "prefect-worker", "msg": "2026-08-13 04:00:01 | INFO  | storage.py:append_parquet:470 | Parquet partition 13-08-2026.parquet: +7433 rows"}
{"ts": "2026-08-13T04:00:02.039165820Z", "container": "prefect-worker", "msg": "2026-08-13 04:00:02 | INFO  | task_engine.py:log_finished_message:410 | Finished in state Completed()"}
{"ts": "2026-08-13T04:00:02.088327130Z", "container": "prefect-worker", "msg": "2026-08-13 04:00:02 | INFO  | _client.py:_send_single_request:1025 | HTTP Request: GET http://prefect-server:4200/api/variables/name/smarthub_last_pull_timestamp_auto \"HTTP/1.1 200 OK\""}
{"ts": "2026-08-13T04:00:02.095813541Z", "container": "prefect-worker", "msg": "2026-08-13 04:00:02 | INFO  | _client.py:_send_single_request:1025 | HTTP Request: PATCH http://prefect-server:4200/api/variables/name/smarthub_last_pull_timestamp_auto \"HTTP/1.1 204 No Content\""}
{"ts": "2026-08-13T04:00:02.098423942Z", "container": "prefect-worker", "msg": "2026-08-13 04:00:02 | INFO  | _client.py:_send_single_request:1025 | HTTP Request: GET http://prefect-server:4200/api/variables/name/smarthub_last_pull_timestamp_auto \"HTTP/1.1 200 OK\""}
{"ts": "2026-08-13T04:00:02.099706673Z", "container": "prefect-worker", "msg": "2026-08-13 04:00:02 | INFO  | task_engine.py:log_finished_message:410 | Finished in state Completed()"}
{"ts": "2026-08-13T04:00:02.100068956Z", "container": "prefect-worker", "msg": "2026-08-13 04:00:02 | INFO  | flow.py:data_pull_flow:254 | [auto] persisted {'parquet_rows': 9729, 'parquet_paths': ['/app/data/raw_datasets/leads/2026/08/12-08-2026.parquet', '/app/data/raw_datasets/leads/2026/08/13-08-2026.parquet']}; watermark now 2026-08-13 03:59:51"}
{"ts": "2026-08-13T04:00:02.171156165Z", "container": "prefect-worker", "msg": "2026-08-13 04:00:02 | INFO  | _client.py:_send_single_request:1025 | HTTP Request: POST http://prefect-server:4200/api/artifacts/ \"HTTP/1.1 201 Created\""}
{"ts": "2026-08-13T04:00:02.264865648Z", "container": "prefect-worker", "msg": "2026-08-13 04:00:02 | INFO  | _client.py:_send_single_request:1025 | HTTP Request: POST http://prefect-server:4200/api/flow_runs/019ff6b4-6762-76bf-83b7-5ff7fd8907d2/set_state \"HTTP/1.1 201 Created\""}
{"ts": "2026-08-13T04:00:02.632930547Z", "container": "prefect-worker", "msg": "2026-08-13 04:00:02 | INFO  | _client.py:_send_single_request:1740 | HTTP Request: POST http://prefect-server:4200/api/logs/ \"HTTP/1.1 201 Created\""}
{"ts": "2026-08-13T04:00:03.237820835Z", "container": "prefect-worker", "msg": "2026-08-13 04:00:03 | INFO  | flow_engine.py:initialize_run:1235 | Finished in state Completed()"}
{"ts": "2026-08-13T04:00:03.245597879Z", "container": "prefect-worker", "msg": "2026-08-13 04:00:03 | INFO  | _client.py:_send_single_request:1740 | HTTP Request: POST http://prefect-server:4200/api/logs/ \"HTTP/1.1 201 Created\""}
{"ts": "2026-08-13T04:00:03.748680667Z", "container": "prefect-worker", "msg": "04:00:03.747 | INFO    | prefect.flow_runs.runner - Process for flow run 'violet-sponge' exited cleanly."}
{"ts": "2026-08-13T04:14:53.808470698Z", "container": "prefect-worker", "msg": "04:14:53.807 | INFO    | prefect.flow_runs.worker - Worker 'ProcessWorker 9e49efa9-3aad-4589-82bf-b41ae7dfe57e' submitting flow run '019ff6c2-2cbe-7810-a04d-2e9fdf48f67d'"}
{"ts": "2026-08-13T04:14:53.944602139Z", "container": "prefect-worker", "msg": "04:14:53.944 | INFO    | prefect.flow_runs.runner - Starting flow run process..."}
{"ts": "2026-08-13T04:14:53.968183091Z", "container": "prefect-worker", "msg": "04:14:53.967 | INFO    | prefect.flow_runs.worker - Flow run 'bold-tarsier' submitted to infrastructure"}
{"ts": "2026-08-13T04:14:55.169929336Z", "container": "prefect-worker", "msg": "04:14:55.163 | INFO    | Flow run 'bold-tarsier' - Running 1 deployment pull step(s)"}
{"ts": "2026-08-13T04:14:55.190434603Z", "container": "prefect-worker", "msg": "04:14:55.189 | INFO    | Flow run 'bold-tarsier' - Executing deployment step: set_working_directory"}
{"ts": "2026-08-13T04:14:55.201865436Z", "container": "prefect-worker", "msg": "04:14:55.201 | INFO    | Flow run 'bold-tarsier' - Deployment step 'set_working_directory' completed successfully"}
{"ts": "2026-08-13T04:14:55.215848750Z", "container": "prefect-worker", "msg": "04:14:55.215 | INFO    | Flow run 'bold-tarsier' - All deployment steps completed successfully"}
{"ts": "2026-08-13T04:14:55.663436782Z", "container": "prefect-worker", "msg": "2026-08-13 04:14:55 | INFO  | _client.py:_send_single_request:1025 | HTTP Request: GET http://prefect-server:4200/api/admin/version \"HTTP/1.1 200 OK\""}
{"ts": "2026-08-13T04:14:55.666793970Z", "container": "prefect-worker", "msg": "2026-08-13 04:14:55 | INFO  | _client.py:_send_single_request:1025 | HTTP Request: GET http://prefect-server:4200/api/csrf-token?client=b50995e1-1a76-40f9-bfe3-535ff861237f \"HTTP/1.1 422 Unprocessable Entity\""}
{"ts": "2026-08-13T04:14:55.673499244Z", "container": "prefect-worker", "msg": "2026-08-13 04:14:55 | INFO  | _client.py:_send_single_request:1025 | HTTP Request: PATCH http://prefect-server:4200/api/flow_runs/019ff6c2-2cbe-7810-a04d-2e9fdf48f67d \"HTTP/1.1 204 No Content\""}
{"ts": "2026-08-13T04:14:55.693696229Z", "container": "prefect-worker", "msg": "2026-08-13 04:14:55 | INFO  | _client.py:_send_single_request:1740 | HTTP Request: GET http://prefect-server:4200/api/flow_runs/019ff6c2-2cbe-7810-a04d-2e9fdf48f67d \"HTTP/1.1 200 OK\""}
{"ts": "2026-08-13T04:14:55.705520375Z", "container": "prefect-worker", "msg": "2026-08-13 04:14:55 | INFO  | _client.py:_send_single_request:1025 | HTTP Request: POST http://prefect-server:4200/api/flow_runs/019ff6c2-2cbe-7810-a04d-2e9fdf48f67d/set_state \"HTTP/1.1 200 OK\""}
{"ts": "2026-08-13T04:14:57.176203785Z", "container": "prefect-worker", "msg": "2026-08-13 04:14:57 | INFO  | _client.py:_send_single_request:1740 | HTTP Request: GET http://prefect-server:4200/api/csrf-token?client=a0e5e367-ba38-4b08-a94b-e68df204c253 \"HTTP/1.1 422 Unprocessable Entity\""}
{"ts": "2026-08-13T04:14:57.182858829Z", "container": "prefect-worker", "msg": "2026-08-13 04:14:57 | INFO  | _client.py:_send_single_request:1740 | HTTP Request: POST http://prefect-server:4200/api/logs/ \"HTTP/1.1 201 Created\""}
{"ts": "2026-08-13T04:14:59.722154436Z", "container": "prefect-worker", "msg": "2026-08-13 04:14:59 | INFO  | _client.py:_send_single_request:1025 | HTTP Request: POST http://prefect-server:4200/api/flow_runs/019ff6c2-2cbe-7810-a04d-2e9fdf48f67d/set_state \"HTTP/1.1 201 Created\""}
{"ts": "2026-08-13T04:14:59.728262956Z", "container": "prefect-worker", "msg": "2026-08-13 04:14:59 | INFO  | _client.py:_send_single_request:1025 | HTTP Request: GET http://prefect-server:4200/api/flow_runs/019ff6c2-2cbe-7810-a04d-2e9fdf48f67d \"HTTP/1.1 200 OK\""}
{"ts": "2026-08-13T04:14:59.732081357Z", "container": "prefect-worker", "msg": "2026-08-13 04:14:59 | INFO  | _client.py:_send_single_request:1025 | HTTP Request: GET http://prefect-server:4200/api/admin/storage \"HTTP/1.1 200 OK\""}
{"ts": "2026-08-13T04:14:59.734992731Z", "container": "prefect-worker", "msg": "2026-08-13 04:14:59 | INFO  | _client.py:_send_single_request:1025 | HTTP Request: GET http://prefect-server:4200/api/admin/storage \"HTTP/1.1 200 OK\""}
{"ts": "2026-08-13T04:14:59.735614816Z", "container": "prefect-worker", "msg": "2026-08-13 04:14:59 | INFO  | flow_engine.py:setup_run_context:1133 | Beginning flow run 'bold-tarsier' for flow 'smarthub-data-pull'"}
{"ts": "2026-08-13T04:14:59.735864768Z", "container": "prefect-worker", "msg": "2026-08-13 04:14:59 | INFO  | flow_engine.py:setup_run_context:1138 | View at http://prefect-server:4200/runs/flow-run/019ff6c2-2cbe-7810-a04d-2e9fdf48f67d"}
{"ts": "2026-08-13T04:14:59.778280015Z", "container": "prefect-worker", "msg": "2026-08-13 04:14:59 | INFO  | _client.py:_send_single_request:1740 | HTTP Request: GET http://prefect-server:4200/api/flows/c49e248a-be9d-43b9-ad26-cff3b7117b11 \"HTTP/1.1 200 OK\""}
{"ts": "2026-08-13T04:14:59.779360053Z", "container": "prefect-worker", "msg": "2026-08-13 04:14:59 | INFO  | _client.py:_send_single_request:1740 | HTTP Request: GET http://prefect-server:4200/api/work_queues/32c7c4c1-2900-49ee-9a5d-6d3163577ef9 \"HTTP/1.1 200 OK\""}
{"ts": "2026-08-13T04:14:59.779624016Z", "container": "prefect-worker", "msg": "2026-08-13 04:14:59 | INFO  | _client.py:_send_single_request:1740 | HTTP Request: GET http://prefect-server:4200/api/deployments/15dcce44-4b5f-4048-b854-eeba60c3b514 \"HTTP/1.1 200 OK\""}
{"ts": "2026-08-13T04:14:59.782334758Z", "container": "prefect-worker", "msg": "2026-08-13 04:14:59 | INFO  | _client.py:_send_single_request:1025 | HTTP Request: GET http://prefect-server:4200/api/variables/name/smarthub_last_pull_timestamp_home \"HTTP/1.1 200 OK\""}
{"ts": "2026-08-13T04:14:59.785320212Z", "container": "prefect-worker", "msg": "2026-08-13 04:14:59 | INFO  | task_engine.py:log_finished_message:410 | Finished in state Completed()"}
{"ts": "2026-08-13T04:14:59.785589874Z", "container": "prefect-worker", "msg": "2026-08-13 04:14:59 | INFO  | flow.py:data_pull_flow:246 | [home] pulling window 2026-08-12 23:14:22 -> 2026-08-13 04:14:59"}
{"ts": "2026-08-13T04:14:59.788991142Z", "container": "prefect-worker", "msg": "2026-08-13 04:14:59 | INFO  | _client.py:_send_single_request:1025 | HTTP Request: GET http://prefect-server:4200/api/variables/name/smarthub_last_pull_timestamp_home \"HTTP/1.1 200 OK\""}
{"ts": "2026-08-13T04:14:59.793244527Z", "container": "prefect-worker", "msg": "2026-08-13 04:14:59 | INFO  | pull.py:fetch_leads:134 | SSH_TUNNEL=false -- connecting directly to Redshift smart-hub.c9m7m7mw0tl8.us-east-1.redshift.amazonaws.com:5439"}
{"ts": "2026-08-13T04:14:59.802500152Z", "container": "prefect-worker", "msg": "2026-08-13 04:14:59 | INFO  | _client.py:_send_single_request:1740 | HTTP Request: GET http://prefect-server:4200/api/work_pools/smarthub-pool \"HTTP/1.1 200 OK\""}
{"ts": "2026-08-13T04:15:00.000375157Z", "container": "prefect-worker", "msg": "2026-08-13 04:14:59 | INFO  | plugins.py:__init__:37 | setup plugin alembic.autogenerate.schemas"}
{"ts": "2026-08-13T04:15:00.000576158Z", "container": "prefect-worker", "msg": "2026-08-13 04:15:00 | INFO  | plugins.py:__init__:37 | setup plugin alembic.autogenerate.tables"}
{"ts": "2026-08-13T04:15:00.000591598Z", "container": "prefect-worker", "msg": "2026-08-13 04:15:00 | INFO  | plugins.py:__init__:37 | setup plugin alembic.autogenerate.types"}
{"ts": "2026-08-13T04:15:00.000595699Z", "container": "prefect-worker", "msg": "2026-08-13 04:15:00 | INFO  | plugins.py:__init__:37 | setup plugin alembic.autogenerate.constraints"}
{"ts": "2026-08-13T04:15:00.000599139Z", "container": "prefect-worker", "msg": "2026-08-13 04:15:00 | INFO  | plugins.py:__init__:37 | setup plugin alembic.autogenerate.defaults"}
{"ts": "2026-08-13T04:15:00.000602189Z", "container": "prefect-worker", "msg": "2026-08-13 04:15:00 | INFO  | plugins.py:__init__:37 | setup plugin alembic.autogenerate.comments"}
{"ts": "2026-08-13T04:15:00.415993247Z", "container": "prefect-worker", "msg": "2026-08-13 04:15:00 | INFO  | pull.py:fetch_leads:154 | Fetched leads frame with shape (1320, 57)"}
{"ts": "2026-08-13T04:15:00.417119827Z", "container": "prefect-worker", "msg": "2026-08-13 04:15:00 | INFO  | task_engine.py:log_finished_message:410 | Finished in state Completed()"}
{"ts": "2026-08-13T04:15:00.575636560Z", "container": "prefect-worker", "msg": "2026-08-13 04:15:00 | INFO  | validation_report.py:log_summary:165 | data-quality: rows=1,320, status=issues flagged, rule_violation_rows=2,642, cross_field={'current_carrier_when_not_insured': 1256}, high_missing=['accepted', 'accepted_listings', 'annual_revenue', 'erred', 'error_reason_id', 'health_conditions', 'household_income', 'lead_created_at', 'life_coverage_amount', 'life_coverage_type', 'naics_code', 'num_dependents', 'num_employees', 'num_home_claims', 'pnc_bundle', 'rev', 'sic_code', 'won']"}
{"ts": "2026-08-13T04:15:00.588802957Z", "container": "prefect-worker", "msg": "2026-08-13 04:15:00 | INFO  | _client.py:_send_single_request:1025 | HTTP Request: POST http://prefect-server:4200/api/artifacts/ \"HTTP/1.1 201 Created\""}
{"ts": "2026-08-13T04:15:00.591925543Z", "container": "prefect-worker", "msg": "2026-08-13 04:15:00 | INFO  | task_engine.py:log_finished_message:410 | Finished in state Completed()"}
{"ts": "2026-08-13T04:15:00.904598434Z", "container": "prefect-worker", "msg": "2026-08-13 04:15:00 | INFO  | storage.py:append_parquet:470 | Parquet partition 12-08-2026.parquet: +243 rows"}
{"ts": "2026-08-13T04:15:00.967496617Z", "container": "prefect-worker", "msg": "2026-08-13 04:15:00 | INFO  | storage.py:append_parquet:470 | Parquet partition 13-08-2026.parquet: +1077 rows"}
{"ts": "2026-08-13T04:15:00.975011288Z", "container": "prefect-worker", "msg": "2026-08-13 04:15:00 | INFO  | task_engine.py:log_finished_message:410 | Finished in state Completed()"}
{"ts": "2026-08-13T04:15:00.997492062Z", "container": "prefect-worker", "msg": "2026-08-13 04:15:00 | INFO  | _client.py:_send_single_request:1025 | HTTP Request: GET http://prefect-server:4200/api/variables/name/smarthub_last_pull_timestamp_home \"HTTP/1.1 200 OK\""}
{"ts": "2026-08-13T04:15:01.008918435Z", "container": "prefect-worker", "msg": "2026-08-13 04:15:01 | INFO  | _client.py:_send_single_request:1025 | HTTP Request: PATCH http://prefect-server:4200/api/variables/name/smarthub_last_pull_timestamp_home \"HTTP/1.1 204 No Content\""}
{"ts": "2026-08-13T04:15:01.011584957Z", "container": "prefect-worker", "msg": "2026-08-13 04:15:01 | INFO  | _client.py:_send_single_request:1025 | HTTP Request: GET http://prefect-server:4200/api/variables/name/smarthub_last_pull_timestamp_home \"HTTP/1.1 200 OK\""}
{"ts": "2026-08-13T04:15:01.012786407Z", "container": "prefect-worker", "msg": "2026-08-13 04:15:01 | INFO  | task_engine.py:log_finished_message:410 | Finished in state Completed()"}
{"ts": "2026-08-13T04:15:01.013155830Z", "container": "prefect-worker", "msg": "2026-08-13 04:15:01 | INFO  | flow.py:data_pull_flow:254 | [home] persisted {'parquet_rows': 1320, 'parquet_paths': ['/app/data/raw_datasets/leads/2026/08/12-08-2026.parquet', '/app/data/raw_datasets/leads/2026/08/13-08-2026.parquet']}; watermark now 2026-08-13 04:14:50"}
{"ts": "2026-08-13T04:15:01.081769619Z", "container": "prefect-worker", "msg": "2026-08-13 04:15:01 | INFO  | _client.py:_send_single_request:1025 | HTTP Request: POST http://prefect-server:4200/api/artifacts/ \"HTTP/1.1 201 Created\""}
{"ts": "2026-08-13T04:15:01.171108328Z", "container": "prefect-worker", "msg": "2026-08-13 04:15:01 | INFO  | _client.py:_send_single_request:1025 | HTTP Request: POST http://prefect-server:4200/api/flow_runs/019ff6c2-2cbe-7810-a04d-2e9fdf48f67d/set_state \"HTTP/1.1 201 Created\""}
{"ts": "2026-08-13T04:15:01.192640704Z", "container": "prefect-worker", "msg": "2026-08-13 04:15:01 | INFO  | _client.py:_send_single_request:1740 | HTTP Request: POST http://prefect-server:4200/api/logs/ \"HTTP/1.1 201 Created\""}
{"ts": "2026-08-13T04:15:01.940816398Z", "container": "prefect-worker", "msg": "2026-08-13 04:15:01 | INFO  | flow_engine.py:initialize_run:1235 | Finished in state Completed()"}
{"ts": "2026-08-13T04:15:01.948136548Z", "container": "prefect-worker", "msg": "2026-08-13 04:15:01 | INFO  | _client.py:_send_single_request:1740 | HTTP Request: POST http://prefect-server:4200/api/logs/ \"HTTP/1.1 201 Created\""}
{"ts": "2026-08-13T04:15:02.407324370Z", "container": "prefect-worker", "msg": "04:15:02.406 | INFO    | prefect.flow_runs.runner - Process for flow run 'bold-tarsier' exited cleanly."}
{"ts": "2026-08-13T04:29:53.140992715Z", "container": "prefect-worker", "msg": "04:29:53.140 | INFO    | prefect.flow_runs.worker - Worker 'ProcessWorker 9e49efa9-3aad-4589-82bf-b41ae7dfe57e' submitting flow run '019ff6cf-f30c-7afc-9c08-f8a7ad0581dd'"}
{"ts": "2026-08-13T04:29:53.284975628Z", "container": "prefect-worker", "msg": "04:29:53.284 | INFO    | prefect.flow_runs.runner - Starting flow run process..."}
{"ts": "2026-08-13T04:29:53.308721121Z", "container": "prefect-worker", "msg": "04:29:53.308 | INFO    | prefect.flow_runs.worker - Flow run 'pink-poodle' submitted to infrastructure"}
{"ts": "2026-08-13T04:29:54.486079626Z", "container": "prefect-worker", "msg": "04:29:54.480 | INFO    | Flow run 'pink-poodle' - Running 1 deployment pull step(s)"}
{"ts": "2026-08-13T04:29:54.506361821Z", "container": "prefect-worker", "msg": "04:29:54.505 | INFO    | Flow run 'pink-poodle' - Executing deployment step: set_working_directory"}
{"ts": "2026-08-13T04:29:54.518025466Z", "container": "prefect-worker", "msg": "04:29:54.517 | INFO    | Flow run 'pink-poodle' - Deployment step 'set_working_directory' completed successfully"}
{"ts": "2026-08-13T04:29:54.531779188Z", "container": "prefect-worker", "msg": "04:29:54.531 | INFO    | Flow run 'pink-poodle' - All deployment steps completed successfully"}
{"ts": "2026-08-13T04:29:54.612039811Z", "container": "prefect-worker", "msg": "2026-08-13 04:29:54 | INFO  | _client.py:_send_single_request:1025 | HTTP Request: GET http://prefect-server:4200/api/admin/version \"HTTP/1.1 200 OK\""}
{"ts": "2026-08-13T04:29:54.615213597Z", "container": "prefect-worker", "msg": "2026-08-13 04:29:54 | INFO  | _client.py:_send_single_request:1025 | HTTP Request: GET http://prefect-server:4200/api/csrf-token?client=d8585d46-947a-47f7-94aa-c07223a29a16 \"HTTP/1.1 422 Unprocessable Entity\""}
{"ts": "2026-08-13T04:29:54.619837755Z", "container": "prefect-worker", "msg": "2026-08-13 04:29:54 | INFO  | _client.py:_send_single_request:1025 | HTTP Request: PATCH http://prefect-server:4200/api/flow_runs/019ff6cf-f30c-7afc-9c08-f8a7ad0581dd \"HTTP/1.1 204 No Content\""}
{"ts": "2026-08-13T04:29:54.638000393Z", "container": "prefect-worker", "msg": "2026-08-13 04:29:54 | INFO  | _client.py:_send_single_request:1740 | HTTP Request: GET http://prefect-server:4200/api/flow_runs/019ff6cf-f30c-7afc-9c08-f8a7ad0581dd \"HTTP/1.1 200 OK\""}
{"ts": "2026-08-13T04:29:54.649365775Z", "container": "prefect-worker", "msg": "2026-08-13 04:29:54 | INFO  | _client.py:_send_single_request:1025 | HTTP Request: POST http://prefect-server:4200/api/flow_runs/019ff6cf-f30c-7afc-9c08-f8a7ad0581dd/set_state \"HTTP/1.1 200 OK\""}
{"ts": "2026-08-13T04:29:56.493389688Z", "container": "prefect-worker", "msg": "2026-08-13 04:29:56 | INFO  | _client.py:_send_single_request:1740 | HTTP Request: GET http://prefect-server:4200/api/csrf-token?client=3970b5de-e98f-4f9d-9911-a7f2bf8cc2ac \"HTTP/1.1 422 Unprocessable Entity\""}
{"ts": "2026-08-13T04:29:56.500273294Z", "container": "prefect-worker", "msg": "2026-08-13 04:29:56 | INFO  | _client.py:_send_single_request:1740 | HTTP Request: POST http://prefect-server:4200/api/logs/ \"HTTP/1.1 201 Created\""}
{"ts": "2026-08-13T04:29:59.665635424Z", "container": "prefect-worker", "msg": "2026-08-13 04:29:59 | INFO  | _client.py:_send_single_request:1025 | HTTP Request: POST http://prefect-server:4200/api/flow_runs/019ff6cf-f30c-7afc-9c08-f8a7ad0581dd/set_state \"HTTP/1.1 201 Created\""}
{"ts": "2026-08-13T04:29:59.672436940Z", "container": "prefect-worker", "msg": "2026-08-13 04:29:59 | INFO  | _client.py:_send_single_request:1025 | HTTP Request: GET http://prefect-server:4200/api/flow_runs/019ff6cf-f30c-7afc-9c08-f8a7ad0581dd \"HTTP/1.1 200 OK\""}
{"ts": "2026-08-13T04:29:59.677480551Z", "container": "prefect-worker", "msg": "2026-08-13 04:29:59 | INFO  | _client.py:_send_single_request:1025 | HTTP Request: GET http://prefect-server:4200/api/admin/storage \"HTTP/1.1 200 OK\""}
{"ts": "2026-08-13T04:29:59.680901499Z", "container": "prefect-worker", "msg": "2026-08-13 04:29:59 | INFO  | _client.py:_send_single_request:1025 | HTTP Request: GET http://prefect-server:4200/api/admin/storage \"HTTP/1.1 200 OK\""}
{"ts": "2026-08-13T04:29:59.681405993Z", "container": "prefect-worker", "msg": "2026-08-13 04:29:59 | INFO  | flow_engine.py:setup_run_context:1133 | Beginning flow run 'pink-poodle' for flow 'smarthub-build-features'"}
{"ts": "2026-08-13T04:29:59.681656265Z", "container": "prefect-worker", "msg": "2026-08-13 04:29:59 | INFO  | flow_engine.py:setup_run_context:1138 | View at http://prefect-server:4200/runs/flow-run/019ff6cf-f30c-7afc-9c08-f8a7ad0581dd"}
{"ts": "2026-08-13T04:29:59.708300972Z", "container": "prefect-worker", "msg": "2026-08-13 04:29:59 | INFO  | _client.py:_send_single_request:1740 | HTTP Request: GET http://prefect-server:4200/api/flows/ed336d12-897f-42a6-bdf9-d48b8de86b57 \"HTTP/1.1 200 OK\""}
{"ts": "2026-08-13T04:29:59.773964747Z", "container": "prefect-worker", "msg": "2026-08-13 04:29:59 | INFO  | _client.py:_send_single_request:1740 | HTTP Request: GET http://prefect-server:4200/api/work_queues/109a2d50-2dca-4233-a9a5-9ec78fefd79f \"HTTP/1.1 200 OK\""}
{"ts": "2026-08-13T04:29:59.775924633Z", "container": "prefect-worker", "msg": "2026-08-13 04:29:59 | INFO  | _client.py:_send_single_request:1740 | HTTP Request: GET http://prefect-server:4200/api/work_pools/smarthub-pool \"HTTP/1.1 200 OK\""}
{"ts": "2026-08-13T04:29:59.776498347Z", "container": "prefect-worker", "msg": "2026-08-13 04:29:59 | INFO  | _client.py:_send_single_request:1740 | HTTP Request: GET http://prefect-server:4200/api/deployments/8d536def-a82a-4c94-941b-14c2c0468511 \"HTTP/1.1 200 OK\""}
{"ts": "2026-08-13T04:30:00.512372008Z", "container": "prefect-worker", "msg": "2026-08-13 04:30:00 | INFO  | _client.py:_send_single_request:1740 | HTTP Request: POST http://prefect-server:4200/api/logs/ \"HTTP/1.1 201 Created\""}
{"ts": "2026-08-13T04:30:08.172893166Z", "container": "prefect-worker", "msg": "2026-08-13 04:30:08 | INFO  | build.py:run_build_features:266 | [auto] training table 2026-08-13T043007Z: 515012 rows, 40 cols -> /app/data/training_datasets/auto/2026-08-13T043007Z.parquet"}
{"ts": "2026-08-13T04:30:08.285379691Z", "container": "prefect-worker", "msg": "2026-08-13 04:30:08 | INFO  | task_engine.py:log_finished_message:410 | Finished in state Completed()"}
{"ts": "2026-08-13T04:30:08.309194045Z", "container": "prefect-worker", "msg": "2026-08-13 04:30:08 | INFO  | _client.py:_send_single_request:1025 | HTTP Request: POST http://prefect-server:4200/api/artifacts/ \"HTTP/1.1 201 Created\""}
{"ts": "2026-08-13T04:30:08.504280264Z", "container": "prefect-worker", "msg": "2026-08-13 04:30:08 | INFO  | _client.py:_send_single_request:1025 | HTTP Request: POST http://prefect-server:4200/api/flow_runs/019ff6cf-f30c-7afc-9c08-f8a7ad0581dd/set_state \"HTTP/1.1 201 Created\""}
{"ts": "2026-08-13T04:30:08.830227698Z", "container": "prefect-worker", "msg": "2026-08-13 04:30:08 | INFO  | _client.py:_send_single_request:1740 | HTTP Request: POST http://prefect-server:4200/api/logs/ \"HTTP/1.1 201 Created\""}
{"ts": "2026-08-13T04:30:09.288339508Z", "container": "prefect-worker", "msg": "2026-08-13 04:30:09 | INFO  | flow_engine.py:initialize_run:1235 | Finished in state Completed()"}
{"ts": "2026-08-13T04:30:09.297501183Z", "container": "prefect-worker", "msg": "2026-08-13 04:30:09 | INFO  | _client.py:_send_single_request:1740 | HTTP Request: POST http://prefect-server:4200/api/logs/ \"HTTP/1.1 201 Created\""}
{"ts": "2026-08-13T04:30:09.597638446Z", "container": "prefect-worker", "msg": "04:30:09.596 | INFO    | prefect.flow_runs.runner - Process for flow run 'pink-poodle' exited cleanly."}
{"ts": "2026-08-13T04:44:52.344655475Z", "container": "prefect-worker", "msg": "04:44:52.344 | INFO    | prefect.flow_runs.worker - Worker 'ProcessWorker 9e49efa9-3aad-4589-82bf-b41ae7dfe57e' submitting flow run '019ff6dd-b671-7ca0-88d0-32f990d4a337'"}
{"ts": "2026-08-13T04:44:52.488109211Z", "container": "prefect-worker", "msg": "04:44:52.487 | INFO    | prefect.flow_runs.runner - Starting flow run process..."}
{"ts": "2026-08-13T04:44:52.511467381Z", "container": "prefect-worker", "msg": "04:44:52.510 | INFO    | prefect.flow_runs.worker - Flow run 'bronze-corgi' submitted to infrastructure"}
{"ts": "2026-08-13T04:44:53.727045110Z", "container": "prefect-worker", "msg": "04:44:53.721 | INFO    | Flow run 'bronze-corgi' - Running 1 deployment pull step(s)"}
{"ts": "2026-08-13T04:44:53.747450996Z", "container": "prefect-worker", "msg": "04:44:53.746 | INFO    | Flow run 'bronze-corgi' - Executing deployment step: set_working_directory"}
{"ts": "2026-08-13T04:44:53.758849368Z", "container": "prefect-worker", "msg": "04:44:53.758 | INFO    | Flow run 'bronze-corgi' - Deployment step 'set_working_directory' completed successfully"}
{"ts": "2026-08-13T04:44:53.772536449Z", "container": "prefect-worker", "msg": "04:44:53.771 | INFO    | Flow run 'bronze-corgi' - All deployment steps completed successfully"}
{"ts": "2026-08-13T04:44:53.857160997Z", "container": "prefect-worker", "msg": "2026-08-13 04:44:53 | INFO  | _client.py:_send_single_request:1025 | HTTP Request: GET http://prefect-server:4200/api/admin/version \"HTTP/1.1 200 OK\""}
{"ts": "2026-08-13T04:44:53.860339643Z", "container": "prefect-worker", "msg": "2026-08-13 04:44:53 | INFO  | _client.py:_send_single_request:1025 | HTTP Request: GET http://prefect-server:4200/api/csrf-token?client=3871b203-c45d-47a5-8293-f17b7b75045c \"HTTP/1.1 422 Unprocessable Entity\""}
{"ts": "2026-08-13T04:44:53.865485795Z", "container": "prefect-worker", "msg": "2026-08-13 04:44:53 | INFO  | _client.py:_send_single_request:1025 | HTTP Request: PATCH http://prefect-server:4200/api/flow_runs/019ff6dd-b671-7ca0-88d0-32f990d4a337 \"HTTP/1.1 204 No Content\""}
{"ts": "2026-08-13T04:44:53.883889224Z", "container": "prefect-worker", "msg": "2026-08-13 04:44:53 | INFO  | _client.py:_send_single_request:1740 | HTTP Request: GET http://prefect-server:4200/api/flow_runs/019ff6dd-b671-7ca0-88d0-32f990d4a337 \"HTTP/1.1 200 OK\""}
{"ts": "2026-08-13T04:44:53.895059895Z", "container": "prefect-worker", "msg": "2026-08-13 04:44:53 | INFO  | _client.py:_send_single_request:1025 | HTTP Request: POST http://prefect-server:4200/api/flow_runs/019ff6dd-b671-7ca0-88d0-32f990d4a337/set_state \"HTTP/1.1 200 OK\""}
{"ts": "2026-08-13T04:44:55.733967499Z", "container": "prefect-worker", "msg": "2026-08-13 04:44:55 | INFO  | _client.py:_send_single_request:1740 | HTTP Request: GET http://prefect-server:4200/api/csrf-token?client=66114fa6-2d82-4951-a9d8-6c19aa2d4590 \"HTTP/1.1 422 Unprocessable Entity\""}
{"ts": "2026-08-13T04:44:55.740055348Z", "container": "prefect-worker", "msg": "2026-08-13 04:44:55 | INFO  | _client.py:_send_single_request:1740 | HTTP Request: POST http://prefect-server:4200/api/logs/ \"HTTP/1.1 201 Created\""}
{"ts": "2026-08-13T04:44:59.909832320Z", "container": "prefect-worker", "msg": "2026-08-13 04:44:59 | INFO  | _client.py:_send_single_request:1025 | HTTP Request: POST http://prefect-server:4200/api/flow_runs/019ff6dd-b671-7ca0-88d0-32f990d4a337/set_state \"HTTP/1.1 201 Created\""}
{"ts": "2026-08-13T04:44:59.915795139Z", "container": "prefect-worker", "msg": "2026-08-13 04:44:59 | INFO  | _client.py:_send_single_request:1025 | HTTP Request: GET http://prefect-server:4200/api/flow_runs/019ff6dd-b671-7ca0-88d0-32f990d4a337 \"HTTP/1.1 200 OK\""}
{"ts": "2026-08-13T04:44:59.920479797Z", "container": "prefect-worker", "msg": "2026-08-13 04:44:59 | INFO  | _client.py:_send_single_request:1025 | HTTP Request: GET http://prefect-server:4200/api/admin/storage \"HTTP/1.1 200 OK\""}
{"ts": "2026-08-13T04:44:59.923449961Z", "container": "prefect-worker", "msg": "2026-08-13 04:44:59 | INFO  | _client.py:_send_single_request:1025 | HTTP Request: GET http://prefect-server:4200/api/admin/storage \"HTTP/1.1 200 OK\""}
{"ts": "2026-08-13T04:44:59.923909335Z", "container": "prefect-worker", "msg": "2026-08-13 04:44:59 | INFO  | flow_engine.py:setup_run_context:1133 | Beginning flow run 'bronze-corgi' for flow 'smarthub-build-features'"}
{"ts": "2026-08-13T04:44:59.924130357Z", "container": "prefect-worker", "msg": "2026-08-13 04:44:59 | INFO  | flow_engine.py:setup_run_context:1138 | View at http://prefect-server:4200/runs/flow-run/019ff6dd-b671-7ca0-88d0-32f990d4a337"}
{"ts": "2026-08-13T04:44:59.946280297Z", "container": "prefect-worker", "msg": "2026-08-13 04:44:59 | INFO  | _client.py:_send_single_request:1740 | HTTP Request: GET http://prefect-server:4200/api/flows/ed336d12-897f-42a6-bdf9-d48b8de86b57 \"HTTP/1.1 200 OK\""}
{"ts": "2026-08-13T04:45:00.015825673Z", "container": "prefect-worker", "msg": "2026-08-13 04:45:00 | INFO  | _client.py:_send_single_request:1740 | HTTP Request: GET http://prefect-server:4200/api/work_queues/109a2d50-2dca-4233-a9a5-9ec78fefd79f \"HTTP/1.1 200 OK\""}
{"ts": "2026-08-13T04:45:00.017802639Z", "container": "prefect-worker", "msg": "2026-08-13 04:45:00 | INFO  | _client.py:_send_single_request:1740 | HTTP Request: GET http://prefect-server:4200/api/deployments/8d536def-a82a-4c94-941b-14c2c0468511 \"HTTP/1.1 200 OK\""}
{"ts": "2026-08-13T04:45:00.018088121Z", "container": "prefect-worker", "msg": "2026-08-13 04:45:00 | INFO  | _client.py:_send_single_request:1740 | HTTP Request: GET http://prefect-server:4200/api/work_pools/smarthub-pool \"HTTP/1.1 200 OK\""}
{"ts": "2026-08-13T04:45:01.769438400Z", "container": "prefect-worker", "msg": "2026-08-13 04:45:01 | INFO  | _client.py:_send_single_request:1740 | HTTP Request: POST http://prefect-server:4200/api/logs/ \"HTTP/1.1 201 Created\""}
{"ts": "2026-08-13T04:45:04.404646031Z", "container": "prefect-worker", "msg": "2026-08-13 04:45:04 | INFO  | build.py:run_build_features:266 | [home] training table 2026-08-13T044504Z: 75208 rows, 34 cols -> /app/data/training_datasets/home/2026-08-13T044504Z.parquet"}
{"ts": "2026-08-13T04:45:04.528020094Z", "container": "prefect-worker", "msg": "2026-08-13 04:45:04 | INFO  | task_engine.py:log_finished_message:410 | Finished in state Completed()"}
{"ts": "2026-08-13T04:45:04.557927038Z", "container": "prefect-worker", "msg": "2026-08-13 04:45:04 | INFO  | _client.py:_send_single_request:1025 | HTTP Request: POST http://prefect-server:4200/api/artifacts/ \"HTTP/1.1 201 Created\""}
{"ts": "2026-08-13T04:45:04.677751103Z", "container": "prefect-worker", "msg": "2026-08-13 04:45:04 | INFO  | _client.py:_send_single_request:1025 | HTTP Request: POST http://prefect-server:4200/api/flow_runs/019ff6dd-b671-7ca0-88d0-32f990d4a337/set_state \"HTTP/1.1 201 Created\""}
{"ts": "2026-08-13T04:45:05.129883371Z", "container": "prefect-worker", "msg": "2026-08-13 04:45:05 | INFO  | flow_engine.py:initialize_run:1235 | Finished in state Completed()"}
{"ts": "2026-08-13T04:45:05.138397741Z", "container": "prefect-worker", "msg": "2026-08-13 04:45:05 | INFO  | _client.py:_send_single_request:1740 | HTTP Request: POST http://prefect-server:4200/api/logs/ \"HTTP/1.1 201 Created\""}
{"ts": "2026-08-13T04:45:05.458919858Z", "container": "prefect-worker", "msg": "04:45:05.458 | INFO    | prefect.flow_runs.runner - Process for flow run 'bronze-corgi' exited cleanly."}
{"ts": "2026-08-13T04:59:50.112794685Z", "container": "prefect-worker", "msg": "04:59:50.112 | INFO    | prefect.flow_runs.worker - Worker 'ProcessWorker 9e49efa9-3aad-4589-82bf-b41ae7dfe57e' submitting flow run '019ff598-05f7-74c4-a553-b584b4eb6b91'"}
{"ts": "2026-08-13T04:59:50.250341000Z", "container": "prefect-worker", "msg": "04:59:50.249 | INFO    | prefect.flow_runs.runner - Starting flow run process..."}
{"ts": "2026-08-13T04:59:50.273884988Z", "container": "prefect-worker", "msg": "04:59:50.273 | INFO    | prefect.flow_runs.worker - Flow run 'practical-vicugna' submitted to infrastructure"}
{"ts": "2026-08-13T04:59:51.450807565Z", "container": "prefect-worker", "msg": "04:59:51.445 | INFO    | Flow run 'practical-vicugna' - Running 1 deployment pull step(s)"}
{"ts": "2026-08-13T04:59:51.470829746Z", "container": "prefect-worker", "msg": "04:59:51.470 | INFO    | Flow run 'practical-vicugna' - Executing deployment step: set_working_directory"}
{"ts": "2026-08-13T04:59:51.482451149Z", "container": "prefect-worker", "msg": "04:59:51.481 | INFO    | Flow run 'practical-vicugna' - Deployment step 'set_working_directory' completed successfully"}
{"ts": "2026-08-13T04:59:51.495839657Z", "container": "prefect-worker", "msg": "04:59:51.495 | INFO    | Flow run 'practical-vicugna' - All deployment steps completed successfully"}
{"ts": "2026-08-13T04:59:52.591606792Z", "container": "prefect-worker", "msg": "2026-08-13 04:59:52 | ERROR | flow_engine.py:run_flow:2192 | Engine execution exited with unexpected exception"}
{"ts": "2026-08-13T04:59:52.591635282Z", "container": "prefect-worker", "msg": "Traceback (most recent call last):"}
{"ts": "2026-08-13T04:59:52.591639052Z", "container": "prefect-worker", "msg": "  File \"/usr/local/lib/python3.12/site-packages/prefect/flow_engine.py\", line 2172, in run_flow"}
{"ts": "2026-08-13T04:59:52.591642442Z", "container": "prefect-worker", "msg": "    parameters=_flow_parameters("}
{"ts": "2026-08-13T04:59:52.591645402Z", "container": "prefect-worker", "msg": "               ^^^^^^^^^^^^^^^^^"}
{"ts": "2026-08-13T04:59:52.591648472Z", "container": "prefect-worker", "msg": "  File \"/usr/local/lib/python3.12/site-packages/prefect/flow_engine.py\", line 2228, in _flow_parameters"}
{"ts": "2026-08-13T04:59:52.591651512Z", "container": "prefect-worker", "msg": "    call_args, call_kwargs = parameters_to_args_kwargs(flow.fn, parameters)"}
{"ts": "2026-08-13T04:59:52.591654532Z", "container": "prefect-worker", "msg": "                             ^^^^^^^^^^^^^^^^^^^^^^^^^^^^^^^^^^^^^^^^^^^^^^"}
{"ts": "2026-08-13T04:59:52.591657453Z", "container": "prefect-worker", "msg": "  File \"/usr/local/lib/python3.12/site-packages/prefect/utilities/callables/__init__.py\", line 273, in parameters_to_args_kwargs"}
{"ts": "2026-08-13T04:59:52.591660503Z", "container": "prefect-worker", "msg": "    raise SignatureMismatchError.from_bad_params("}
{"ts": "2026-08-13T04:59:52.591663413Z", "container": "prefect-worker", "msg": "prefect.exceptions.SignatureMismatchError: Function expects parameters ['lead_type_id', 'version', 'register_mlflow'] but was provided with parameters ['lead_type_id', 'lead_type_name', 'register_mlflow']"}
{"ts": "2026-08-13T04:59:52.592067196Z", "container": "prefect-worker", "msg": "2026-08-13 04:59:52 | ERROR | engine.py:handle_engine_signals:120 | Execution of flow run '019ff598-05f7-74c4-a553-b584b4eb6b91' exited with unexpected exception"}
{"ts": "2026-08-13T04:59:52.592080586Z", "container": "prefect-worker", "msg": "Traceback (most recent call last):"}
{"ts": "2026-08-13T04:59:52.592084416Z", "container": "prefect-worker", "msg": "  File \"/usr/local/lib/python3.12/site-packages/prefect/engine.py\", line 87, in handle_engine_signals"}
{"ts": "2026-08-13T04:59:52.592087806Z", "container": "prefect-worker", "msg": "    yield"}
{"ts": "2026-08-13T04:59:52.592101196Z", "container": "prefect-worker", "msg": "  File \"/usr/local/lib/python3.12/site-packages/prefect/engine.py\", line 176, in <module>"}
{"ts": "2026-08-13T04:59:52.592104766Z", "container": "prefect-worker", "msg": "    _run_result: object = run_flow("}
{"ts": "2026-08-13T04:59:52.592107646Z", "container": "prefect-worker", "msg": "                          ^^^^^^^^^"}
{"ts": "2026-08-13T04:59:52.592110476Z", "container": "prefect-worker", "msg": "  File \"/usr/local/lib/python3.12/site-packages/prefect/flow_engine.py\", line 2172, in run_flow"}
{"ts": "2026-08-13T04:59:52.592113556Z", "container": "prefect-worker", "msg": "    parameters=_flow_parameters("}
{"ts": "2026-08-13T04:59:52.592116366Z", "container": "prefect-worker", "msg": "               ^^^^^^^^^^^^^^^^^"}
{"ts": "2026-08-13T04:59:52.592119186Z", "container": "prefect-worker", "msg": "  File \"/usr/local/lib/python3.12/site-packages/prefect/flow_engine.py\", line 2228, in _flow_parameters"}
{"ts": "2026-08-13T04:59:52.592122276Z", "container": "prefect-worker", "msg": "    call_args, call_kwargs = parameters_to_args_kwargs(flow.fn, parameters)"}
{"ts": "2026-08-13T04:59:52.592125126Z", "container": "prefect-worker", "msg": "                             ^^^^^^^^^^^^^^^^^^^^^^^^^^^^^^^^^^^^^^^^^^^^^^"}
{"ts": "2026-08-13T04:59:52.592127936Z", "container": "prefect-worker", "msg": "  File \"/usr/local/lib/python3.12/site-packages/prefect/utilities/callables/__init__.py\", line 273, in parameters_to_args_kwargs"}
{"ts": "2026-08-13T04:59:52.592130906Z", "container": "prefect-worker", "msg": "    raise SignatureMismatchError.from_bad_params("}
{"ts": "2026-08-13T04:59:52.592133706Z", "container": "prefect-worker", "msg": "prefect.exceptions.SignatureMismatchError: Function expects parameters ['lead_type_id', 'version', 'register_mlflow'] but was provided with parameters ['lead_type_id', 'lead_type_name', 'register_mlflow']"}
{"ts": "2026-08-13T04:59:52.596856304Z", "container": "prefect-worker", "msg": "2026-08-13 04:59:52 | INFO  | _client.py:_send_single_request:1740 | HTTP Request: GET http://prefect-server:4200/api/csrf-token?client=2fe4bcb5-c319-4465-b404-d9505107cf49 \"HTTP/1.1 422 Unprocessable Entity\""}
{"ts": "2026-08-13T04:59:52.604585156Z", "container": "prefect-worker", "msg": "2026-08-13 04:59:52 | INFO  | _client.py:_send_single_request:1740 | HTTP Request: POST http://prefect-server:4200/api/logs/ \"HTTP/1.1 201 Created\""}
{"ts": "2026-08-13T04:59:53.036666764Z", "container": "prefect-worker", "msg": "04:59:53.035 | ERROR   | prefect.flow_runs.runner - Process for flow run 'practical-vicugna' exited with status code: 1; Process exited with a general error."}
{"ts": "2026-08-13T04:59:53.037008437Z", "container": "prefect-worker", "msg": "04:59:53.036 | INFO    | prefect.flow_runs.runner - Check the flow run logs for an unhandled exception or assertion error."}
{"ts": "2026-08-13T04:59:53.063559310Z", "container": "prefect-worker", "msg": "04:59:53.063 | INFO    | prefect.runner.state_proposer - Reported flow run '019ff598-05f7-74c4-a553-b584b4eb6b91' as crashed: Flow run process exited with non-zero status code 1."}
{"ts": "2026-08-13T04:59:53.069593148Z", "container": "prefect-worker", "msg": "04:59:53.069 | INFO    | prefect.flow_runs.runner - Loading flow to check for on_crashed hooks"}
{"ts": "2026-08-13T04:59:53.101756407Z", "container": "prefect-worker", "msg": "04:59:53.101 | INFO    | Flow run 'practical-vicugna' - Running 1 deployment pull step(s)"}
{"ts": "2026-08-13T04:59:53.103920144Z", "container": "prefect-worker", "msg": "04:59:53.103 | INFO    | Flow run 'practical-vicugna' - Executing deployment step: set_working_directory"}
{"ts": "2026-08-13T04:59:53.114583400Z", "container": "prefect-worker", "msg": "04:59:53.114 | INFO    | prefect.flow_runs.worker - Check the flow run logs for an unhandled exception or assertion error."}
{"ts": "2026-08-13T04:59:53.115579968Z", "container": "prefect-worker", "msg": "04:59:53.115 | INFO    | Flow run 'practical-vicugna' - Deployment step 'set_working_directory' completed successfully"}
{"ts": "2026-08-13T04:59:53.120429247Z", "container": "prefect-worker", "msg": "04:59:53.120 | INFO    | Flow run 'practical-vicugna' - All deployment steps completed successfully"}
{"ts": "2026-08-13T04:59:54.499160774Z", "container": "prefect-worker", "msg": "2026-08-13 04:59:54 | INFO  | _client.py:_send_single_request:1740 | HTTP Request: POST http://prefect-server:4200/api/logs/ \"HTTP/1.1 201 Created\""}
{"ts": "2026-08-13T04:59:57.880987158Z", "container": "prefect-worker", "msg": "2026-08-13 04:59:57 | INFO  | _client.py:_send_single_request:1740 | HTTP Request: POST http://prefect-server:4200/api/work_pools/smarthub-pool/get_scheduled_flow_runs \"HTTP/1.1 200 OK\""}
{"ts": "2026-08-13T05:00:08.655048989Z", "container": "prefect-worker", "msg": "2026-08-13 05:00:08 | INFO  | _client.py:_send_single_request:1740 | HTTP Request: POST http://prefect-server:4200/api/work_pools/smarthub-pool/get_scheduled_flow_runs \"HTTP/1.1 200 OK\""}
{"ts": "2026-08-13T05:00:20.200654490Z", "container": "prefect-worker", "msg": "2026-08-13 05:00:20 | INFO  | _client.py:_send_single_request:1740 | HTTP Request: POST http://prefect-server:4200/api/work_pools/smarthub-pool/get_scheduled_flow_runs \"HTTP/1.1 200 OK\""}
{"ts": "2026-08-13T05:00:30.112637072Z", "container": "prefect-worker", "msg": "2026-08-13 05:00:30 | INFO  | _client.py:_send_single_request:1740 | HTTP Request: POST http://prefect-server:4200/api/work_pools/smarthub-pool/get_scheduled_flow_runs \"HTTP/1.1 200 OK\""}
{"ts": "2026-08-13T05:00:42.531641932Z", "container": "prefect-worker", "msg": "2026-08-13 05:00:42 | INFO  | _client.py:_send_single_request:1740 | HTTP Request: POST http://prefect-server:4200/api/work_pools/smarthub-pool/get_scheduled_flow_runs \"HTTP/1.1 200 OK\""}
{"ts": "2026-08-13T05:00:50.738044908Z", "container": "prefect-worker", "msg": "2026-08-13 05:00:50 | INFO  | _client.py:_send_single_request:1740 | HTTP Request: POST http://prefect-server:4200/api/work_pools/smarthub-pool/get_scheduled_flow_runs \"HTTP/1.1 200 OK\""}
{"ts": "2026-08-13T05:00:58.441396169Z", "container": "prefect-worker", "msg": "2026-08-13 05:00:58 | INFO  | _client.py:_send_single_request:1740 | HTTP Request: POST http://prefect-server:4200/api/work_pools/smarthub-pool/get_scheduled_flow_runs \"HTTP/1.1 200 OK\""}
{"ts": "2026-08-13T05:01:08.530341825Z", "container": "prefect-worker", "msg": "2026-08-13 05:01:08 | INFO  | _client.py:_send_single_request:1740 | HTTP Request: POST http://prefect-server:4200/api/work_pools/smarthub-pool/get_scheduled_flow_runs \"HTTP/1.1 200 OK\""}
{"ts": "2026-08-13T05:01:20.308548711Z", "container": "prefect-worker", "msg": "2026-08-13 05:01:20 | INFO  | _client.py:_send_single_request:1740 | HTTP Request: POST http://prefect-server:4200/api/work_pools/smarthub-pool/get_scheduled_flow_runs \"HTTP/1.1 200 OK\""}
{"ts": "2026-08-13T05:01:29.267123109Z", "container": "prefect-worker", "msg": "2026-08-13 05:01:29 | INFO  | _client.py:_send_single_request:1740 | HTTP Request: POST http://prefect-server:4200/api/work_pools/smarthub-pool/get_scheduled_flow_runs \"HTTP/1.1 200 OK\""}
{"ts": "2026-08-13T05:01:37.633533547Z", "container": "prefect-worker", "msg": "2026-08-13 05:01:37 | INFO  | _client.py:_send_single_request:1740 | HTTP Request: POST http://prefect-server:4200/api/work_pools/smarthub-pool/get_scheduled_flow_runs \"HTTP/1.1 200 OK\""}
{"ts": "2026-08-13T05:01:47.064455139Z", "container": "prefect-worker", "msg": "2026-08-13 05:01:47 | INFO  | _client.py:_send_single_request:1740 | HTTP Request: POST http://prefect-server:4200/api/work_pools/smarthub-pool/get_scheduled_flow_runs \"HTTP/1.1 200 OK\""}
{"ts": "2026-08-13T05:01:56.808484324Z", "container": "prefect-worker", "msg": "2026-08-13 05:01:56 | INFO  | _client.py:_send_single_request:1740 | HTTP Request: POST http://prefect-server:4200/api/work_pools/smarthub-pool/get_scheduled_flow_runs \"HTTP/1.1 200 OK\""}
{"ts": "2026-08-13T05:02:07.796591907Z", "container": "prefect-worker", "msg": "2026-08-13 05:02:07 | INFO  | _client.py:_send_single_request:1740 | HTTP Request: POST http://prefect-server:4200/api/work_pools/smarthub-pool/get_scheduled_flow_runs \"HTTP/1.1 200 OK\""}
{"ts": "2026-08-13T05:02:17.098876744Z", "container": "prefect-worker", "msg": "2026-08-13 05:02:17 | INFO  | _client.py:_send_single_request:1740 | HTTP Request: POST http://prefect-server:4200/api/work_pools/smarthub-pool/get_scheduled_flow_runs \"HTTP/1.1 200 OK\""}
{"ts": "2026-08-13T05:02:27.723072591Z", "container": "prefect-worker", "msg": "2026-08-13 05:02:27 | INFO  | _client.py:_send_single_request:1740 | HTTP Request: POST http://prefect-server:4200/api/work_pools/smarthub-pool/get_scheduled_flow_runs \"HTTP/1.1 200 OK\""}
{"ts": "2026-08-13T05:02:38.824181978Z", "container": "prefect-worker", "msg": "2026-08-13 05:02:38 | INFO  | _client.py:_send_single_request:1740 | HTTP Request: POST http://prefect-server:4200/api/work_pools/smarthub-pool/get_scheduled_flow_runs \"HTTP/1.1 200 OK\""}
{"ts": "2026-08-13T05:02:49.007320646Z", "container": "prefect-worker", "msg": "2026-08-13 05:02:49 | INFO  | _client.py:_send_single_request:1740 | HTTP Request: POST http://prefect-server:4200/api/work_pools/smarthub-pool/get_scheduled_flow_runs \"HTTP/1.1 200 OK\""}
{"ts": "2026-08-13T05:02:57.397764768Z", "container": "prefect-worker", "msg": "2026-08-13 05:02:57 | INFO  | _client.py:_send_single_request:1740 | HTTP Request: POST http://prefect-server:4200/api/work_pools/smarthub-pool/get_scheduled_flow_runs \"HTTP/1.1 200 OK\""}
{"ts": "2026-08-13T05:03:07.627163725Z", "container": "prefect-worker", "msg": "2026-08-13 05:03:07 | INFO  | _client.py:_send_single_request:1740 | HTTP Request: POST http://prefect-server:4200/api/work_pools/smarthub-pool/get_scheduled_flow_runs \"HTTP/1.1 200 OK\""}
{"ts": "2026-08-13T05:03:18.020320432Z", "container": "prefect-worker", "msg": "2026-08-13 05:03:18 | INFO  | _client.py:_send_single_request:1740 | HTTP Request: POST http://prefect-server:4200/api/work_pools/smarthub-pool/get_scheduled_flow_runs \"HTTP/1.1 200 OK\""}
{"ts": "2026-08-13T05:03:29.373365000Z", "container": "prefect-worker", "msg": "2026-08-13 05:03:29 | INFO  | _client.py:_send_single_request:1740 | HTTP Request: POST http://prefect-server:4200/api/work_pools/smarthub-pool/get_scheduled_flow_runs \"HTTP/1.1 200 OK\""}
{"ts": "2026-08-13T05:03:40.988919594Z", "container": "prefect-worker", "msg": "2026-08-13 05:03:40 | INFO  | _client.py:_send_single_request:1740 | HTTP Request: POST http://prefect-server:4200/api/work_pools/smarthub-pool/get_scheduled_flow_runs \"HTTP/1.1 200 OK\""}
{"ts": "2026-08-13T05:03:51.339461752Z", "container": "prefect-worker", "msg": "2026-08-13 05:03:51 | INFO  | _client.py:_send_single_request:1740 | HTTP Request: POST http://prefect-server:4200/api/work_pools/smarthub-pool/get_scheduled_flow_runs \"HTTP/1.1 200 OK\""}
{"ts": "2026-08-13T05:04:01.978320021Z", "container": "prefect-worker", "msg": "2026-08-13 05:04:01 | INFO  | _client.py:_send_single_request:1740 | HTTP Request: POST http://prefect-server:4200/api/work_pools/smarthub-pool/get_scheduled_flow_runs \"HTTP/1.1 200 OK\""}
{"ts": "2026-08-13T05:04:10.610061850Z", "container": "prefect-worker", "msg": "2026-08-13 05:04:10 | INFO  | _client.py:_send_single_request:1740 | HTTP Request: POST http://prefect-server:4200/api/work_pools/smarthub-pool/get_scheduled_flow_runs \"HTTP/1.1 200 OK\""}
{"ts": "2026-08-13T05:04:18.305302104Z", "container": "prefect-worker", "msg": "2026-08-13 05:04:18 | INFO  | _client.py:_send_single_request:1740 | HTTP Request: POST http://prefect-server:4200/api/work_pools/smarthub-pool/get_scheduled_flow_runs \"HTTP/1.1 200 OK\""}
{"ts": "2026-08-13T05:04:26.616631589Z", "container": "prefect-worker", "msg": "2026-08-13 05:04:26 | INFO  | _client.py:_send_single_request:1740 | HTTP Request: POST http://prefect-server:4200/api/work_pools/smarthub-pool/get_scheduled_flow_runs \"HTTP/1.1 200 OK\""}
{"ts": "2026-08-13T05:04:35.899649027Z", "container": "prefect-worker", "msg": "2026-08-13 05:04:35 | INFO  | _client.py:_send_single_request:1740 | HTTP Request: POST http://prefect-server:4200/api/work_pools/smarthub-pool/get_scheduled_flow_runs \"HTTP/1.1 200 OK\""}
{"ts": "2026-08-13T05:04:45.556968554Z", "container": "prefect-worker", "msg": "2026-08-13 05:04:45 | INFO  | _client.py:_send_single_request:1740 | HTTP Request: POST http://prefect-server:4200/api/work_pools/smarthub-pool/get_scheduled_flow_runs \"HTTP/1.1 200 OK\""}
{"ts": "2026-08-13T05:04:55.238664779Z", "container": "prefect-worker", "msg": "2026-08-13 05:04:55 | INFO  | _client.py:_send_single_request:1740 | HTTP Request: POST http://prefect-server:4200/api/work_pools/smarthub-pool/get_scheduled_flow_runs \"HTTP/1.1 200 OK\""}
{"ts": "2026-08-13T05:05:03.321828882Z", "container": "prefect-worker", "msg": "2026-08-13 05:05:03 | INFO  | _client.py:_send_single_request:1740 | HTTP Request: POST http://prefect-server:4200/api/work_pools/smarthub-pool/get_scheduled_flow_runs \"HTTP/1.1 200 OK\""}
{"ts": "2026-08-13T05:05:14.436268874Z", "container": "prefect-worker", "msg": "2026-08-13 05:05:14 | INFO  | _client.py:_send_single_request:1740 | HTTP Request: POST http://prefect-server:4200/api/work_pools/smarthub-pool/get_scheduled_flow_runs \"HTTP/1.1 200 OK\""}
{"ts": "2026-08-13T05:05:27.354236675Z", "container": "prefect-worker", "msg": "2026-08-13 05:05:27 | INFO  | _client.py:_send_single_request:1740 | HTTP Request: POST http://prefect-server:4200/api/work_pools/smarthub-pool/get_scheduled_flow_runs \"HTTP/1.1 200 OK\""}
{"ts": "2026-08-13T05:05:36.070008443Z", "container": "prefect-worker", "msg": "2026-08-13 05:05:36 | INFO  | _client.py:_send_single_request:1740 | HTTP Request: POST http://prefect-server:4200/api/work_pools/smarthub-pool/get_scheduled_flow_runs \"HTTP/1.1 200 OK\""}
{"ts": "2026-08-13T05:05:45.799215097Z", "container": "prefect-worker", "msg": "2026-08-13 05:05:45 | INFO  | _client.py:_send_single_request:1740 | HTTP Request: POST http://prefect-server:4200/api/work_pools/smarthub-pool/get_scheduled_flow_runs \"HTTP/1.1 200 OK\""}
{"ts": "2026-08-13T05:05:57.528491850Z", "container": "prefect-worker", "msg": "2026-08-13 05:05:57 | INFO  | _client.py:_send_single_request:1740 | HTTP Request: POST http://prefect-server:4200/api/work_pools/smarthub-pool/get_scheduled_flow_runs \"HTTP/1.1 200 OK\""}
{"ts": "2026-08-13T05:06:08.918542267Z", "container": "prefect-worker", "msg": "2026-08-13 05:06:08 | INFO  | _client.py:_send_single_request:1740 | HTTP Request: POST http://prefect-server:4200/api/work_pools/smarthub-pool/get_scheduled_flow_runs \"HTTP/1.1 200 OK\""}
{"ts": "2026-08-13T05:06:16.979133782Z", "container": "prefect-worker", "msg": "2026-08-13 05:06:16 | INFO  | _client.py:_send_single_request:1740 | HTTP Request: POST http://prefect-server:4200/api/work_pools/smarthub-pool/get_scheduled_flow_runs \"HTTP/1.1 200 OK\""}
{"ts": "2026-08-13T05:06:26.352585857Z", "container": "prefect-worker", "msg": "2026-08-13 05:06:26 | INFO  | _client.py:_send_single_request:1740 | HTTP Request: POST http://prefect-server:4200/api/work_pools/smarthub-pool/get_scheduled_flow_runs \"HTTP/1.1 200 OK\""}
{"ts": "2026-08-13T05:06:34.625137323Z", "container": "prefect-worker", "msg": "2026-08-13 05:06:34 | INFO  | _client.py:_send_single_request:1740 | HTTP Request: POST http://prefect-server:4200/api/work_pools/smarthub-pool/get_scheduled_flow_runs \"HTTP/1.1 200 OK\""}
{"ts": "2026-08-13T05:06:42.953829757Z", "container": "prefect-worker", "msg": "2026-08-13 05:06:42 | INFO  | _client.py:_send_single_request:1740 | HTTP Request: POST http://prefect-server:4200/api/work_pools/smarthub-pool/get_scheduled_flow_runs \"HTTP/1.1 200 OK\""}
{"ts": "2026-08-13T05:06:55.314896896Z", "container": "prefect-worker", "msg": "2026-08-13 05:06:55 | INFO  | _client.py:_send_single_request:1740 | HTTP Request: POST http://prefect-server:4200/api/work_pools/smarthub-pool/get_scheduled_flow_runs \"HTTP/1.1 200 OK\""}
{"ts": "2026-08-13T05:07:04.273922659Z", "container": "prefect-worker", "msg": "2026-08-13 05:07:04 | INFO  | _client.py:_send_single_request:1740 | HTTP Request: POST http://prefect-server:4200/api/work_pools/smarthub-pool/get_scheduled_flow_runs \"HTTP/1.1 200 OK\""}
{"ts": "2026-08-13T05:07:13.392080524Z", "container": "prefect-worker", "msg": "2026-08-13 05:07:13 | INFO  | _client.py:_send_single_request:1740 | HTTP Request: POST http://prefect-server:4200/api/work_pools/smarthub-pool/get_scheduled_flow_runs \"HTTP/1.1 200 OK\""}
{"ts": "2026-08-13T05:07:21.828492233Z", "container": "prefect-worker", "msg": "2026-08-13 05:07:21 | INFO  | _client.py:_send_single_request:1740 | HTTP Request: POST http://prefect-server:4200/api/work_pools/smarthub-pool/get_scheduled_flow_runs \"HTTP/1.1 200 OK\""}
{"ts": "2026-08-13T05:07:29.848614812Z", "container": "prefect-worker", "msg": "2026-08-13 05:07:29 | INFO  | _client.py:_send_single_request:1740 | HTTP Request: POST http://prefect-server:4200/api/work_pools/smarthub-pool/get_scheduled_flow_runs \"HTTP/1.1 200 OK\""}
{"ts": "2026-08-13T05:07:39.075612459Z", "container": "prefect-worker", "msg": "2026-08-13 05:07:39 | INFO  | _client.py:_send_single_request:1740 | HTTP Request: POST http://prefect-server:4200/api/work_pools/smarthub-pool/get_scheduled_flow_runs \"HTTP/1.1 200 OK\""}
{"ts": "2026-08-13T05:07:51.204711714Z", "container": "prefect-worker", "msg": "2026-08-13 05:07:51 | INFO  | _client.py:_send_single_request:1740 | HTTP Request: POST http://prefect-server:4200/api/work_pools/smarthub-pool/get_scheduled_flow_runs \"HTTP/1.1 200 OK\""}
{"ts": "2026-08-13T05:07:58.892603592Z", "container": "prefect-worker", "msg": "2026-08-13 05:07:58 | INFO  | _client.py:_send_single_request:1740 | HTTP Request: POST http://prefect-server:4200/api/work_pools/smarthub-pool/get_scheduled_flow_runs \"HTTP/1.1 200 OK\""}
{"ts": "2026-08-13T05:08:07.855053230Z", "container": "prefect-worker", "msg": "2026-08-13 05:08:07 | INFO  | _client.py:_send_single_request:1740 | HTTP Request: POST http://prefect-server:4200/api/work_pools/smarthub-pool/get_scheduled_flow_runs \"HTTP/1.1 200 OK\""}
{"ts": "2026-08-13T05:08:19.141576552Z", "container": "prefect-worker", "msg": "2026-08-13 05:08:19 | INFO  | _client.py:_send_single_request:1740 | HTTP Request: POST http://prefect-server:4200/api/work_pools/smarthub-pool/get_scheduled_flow_runs \"HTTP/1.1 200 OK\""}
{"ts": "2026-08-13T05:08:28.560199407Z", "container": "prefect-worker", "msg": "2026-08-13 05:08:28 | INFO  | _client.py:_send_single_request:1740 | HTTP Request: POST http://prefect-server:4200/api/work_pools/smarthub-pool/get_scheduled_flow_runs \"HTTP/1.1 200 OK\""}
{"ts": "2026-08-13T05:08:40.474303002Z", "container": "prefect-worker", "msg": "2026-08-13 05:08:40 | INFO  | _client.py:_send_single_request:1740 | HTTP Request: POST http://prefect-server:4200/api/work_pools/smarthub-pool/get_scheduled_flow_runs \"HTTP/1.1 200 OK\""}
{"ts": "2026-08-13T05:08:50.762925549Z", "container": "prefect-worker", "msg": "2026-08-13 05:08:50 | INFO  | _client.py:_send_single_request:1740 | HTTP Request: POST http://prefect-server:4200/api/work_pools/smarthub-pool/get_scheduled_flow_runs \"HTTP/1.1 200 OK\""}
{"ts": "2026-08-13T05:09:02.071413408Z", "container": "prefect-worker", "msg": "2026-08-13 05:09:02 | INFO  | _client.py:_send_single_request:1740 | HTTP Request: POST http://prefect-server:4200/api/work_pools/smarthub-pool/get_scheduled_flow_runs \"HTTP/1.1 200 OK\""}
{"ts": "2026-08-13T05:09:11.324724638Z", "container": "prefect-worker", "msg": "2026-08-13 05:09:11 | INFO  | _client.py:_send_single_request:1740 | HTTP Request: POST http://prefect-server:4200/api/work_pools/smarthub-pool/get_scheduled_flow_runs \"HTTP/1.1 200 OK\""}
{"ts": "2026-08-13T05:09:21.544019896Z", "container": "prefect-worker", "msg": "2026-08-13 05:09:21 | INFO  | _client.py:_send_single_request:1740 | HTTP Request: POST http://prefect-server:4200/api/work_pools/smarthub-pool/get_scheduled_flow_runs \"HTTP/1.1 200 OK\""}
{"ts": "2026-08-13T05:09:30.117119400Z", "container": "prefect-worker", "msg": "2026-08-13 05:09:30 | INFO  | _client.py:_send_single_request:1740 | HTTP Request: POST http://prefect-server:4200/api/work_pools/smarthub-pool/get_scheduled_flow_runs \"HTTP/1.1 200 OK\""}
{"ts": "2026-08-13T05:09:41.061675183Z", "container": "prefect-worker", "msg": "2026-08-13 05:09:41 | INFO  | _client.py:_send_single_request:1740 | HTTP Request: POST http://prefect-server:4200/api/work_pools/smarthub-pool/get_scheduled_flow_runs \"HTTP/1.1 200 OK\""}
{"ts": "2026-08-13T05:09:52.168648927Z", "container": "prefect-worker", "msg": "2026-08-13 05:09:52 | INFO  | _client.py:_send_single_request:1740 | HTTP Request: POST http://prefect-server:4200/api/work_pools/smarthub-pool/get_scheduled_flow_runs \"HTTP/1.1 200 OK\""}
{"ts": "2026-08-13T05:10:04.155713464Z", "container": "prefect-worker", "msg": "2026-08-13 05:10:04 | INFO  | _client.py:_send_single_request:1740 | HTTP Request: POST http://prefect-server:4200/api/work_pools/smarthub-pool/get_scheduled_flow_runs \"HTTP/1.1 200 OK\""}
{"ts": "2026-08-13T05:10:16.231185924Z", "container": "prefect-worker", "msg": "2026-08-13 05:10:16 | INFO  | _client.py:_send_single_request:1740 | HTTP Request: POST http://prefect-server:4200/api/work_pools/smarthub-pool/get_scheduled_flow_runs \"HTTP/1.1 200 OK\""}
{"ts": "2026-08-13T05:10:28.485145829Z", "container": "prefect-worker", "msg": "2026-08-13 05:10:28 | INFO  | _client.py:_send_single_request:1740 | HTTP Request: POST http://prefect-server:4200/api/work_pools/smarthub-pool/get_scheduled_flow_runs \"HTTP/1.1 200 OK\""}
{"ts": "2026-08-13T05:10:38.912756210Z", "container": "prefect-worker", "msg": "2026-08-13 05:10:38 | INFO  | _client.py:_send_single_request:1740 | HTTP Request: POST http://prefect-server:4200/api/work_pools/smarthub-pool/get_scheduled_flow_runs \"HTTP/1.1 200 OK\""}
{"ts": "2026-08-13T05:10:47.231010540Z", "container": "prefect-worker", "msg": "2026-08-13 05:10:47 | INFO  | _client.py:_send_single_request:1740 | HTTP Request: POST http://prefect-server:4200/api/work_pools/smarthub-pool/get_scheduled_flow_runs \"HTTP/1.1 200 OK\""}
{"ts": "2026-08-13T05:10:57.969429849Z", "container": "prefect-worker", "msg": "2026-08-13 05:10:57 | INFO  | _client.py:_send_single_request:1740 | HTTP Request: POST http://prefect-server:4200/api/work_pools/smarthub-pool/get_scheduled_flow_runs \"HTTP/1.1 200 OK\""}
{"ts": "2026-08-13T05:11:09.222991923Z", "container": "prefect-worker", "msg": "2026-08-13 05:11:09 | INFO  | _client.py:_send_single_request:1740 | HTTP Request: POST http://prefect-server:4200/api/work_pools/smarthub-pool/get_scheduled_flow_runs \"HTTP/1.1 200 OK\""}
{"ts": "2026-08-13T05:11:19.740728625Z", "container": "prefect-worker", "msg": "2026-08-13 05:11:19 | INFO  | _client.py:_send_single_request:1740 | HTTP Request: POST http://prefect-server:4200/api/work_pools/smarthub-pool/get_scheduled_flow_runs \"HTTP/1.1 200 OK\""}
{"ts": "2026-08-13T05:11:27.702339440Z", "container": "prefect-worker", "msg": "2026-08-13 05:11:27 | INFO  | _client.py:_send_single_request:1740 | HTTP Request: POST http://prefect-server:4200/api/work_pools/smarthub-pool/get_scheduled_flow_runs \"HTTP/1.1 200 OK\""}
{"ts": "2026-08-13T05:11:37.246842230Z", "container": "prefect-worker", "msg": "2026-08-13 05:11:37 | INFO  | _client.py:_send_single_request:1740 | HTTP Request: POST http://prefect-server:4200/api/work_pools/smarthub-pool/get_scheduled_flow_runs \"HTTP/1.1 200 OK\""}
{"ts": "2026-08-13T05:11:47.349221057Z", "container": "prefect-worker", "msg": "2026-08-13 05:11:47 | INFO  | _client.py:_send_single_request:1740 | HTTP Request: POST http://prefect-server:4200/api/work_pools/smarthub-pool/get_scheduled_flow_runs \"HTTP/1.1 200 OK\""}
{"ts": "2026-08-13T05:11:58.014837482Z", "container": "prefect-worker", "msg": "2026-08-13 05:11:58 | INFO  | _client.py:_send_single_request:1740 | HTTP Request: POST http://prefect-server:4200/api/work_pools/smarthub-pool/get_scheduled_flow_runs \"HTTP/1.1 200 OK\""}
{"ts": "2026-08-13T05:12:08.505925917Z", "container": "prefect-worker", "msg": "2026-08-13 05:12:08 | INFO  | _client.py:_send_single_request:1740 | HTTP Request: POST http://prefect-server:4200/api/work_pools/smarthub-pool/get_scheduled_flow_runs \"HTTP/1.1 200 OK\""}
{"ts": "2026-08-13T05:12:19.354219384Z", "container": "prefect-worker", "msg": "2026-08-13 05:12:19 | INFO  | _client.py:_send_single_request:1740 | HTTP Request: POST http://prefect-server:4200/api/work_pools/smarthub-pool/get_scheduled_flow_runs \"HTTP/1.1 200 OK\""}
{"ts": "2026-08-13T05:12:28.781889869Z", "container": "prefect-worker", "msg": "2026-08-13 05:12:28 | INFO  | _client.py:_send_single_request:1740 | HTTP Request: POST http://prefect-server:4200/api/work_pools/smarthub-pool/get_scheduled_flow_runs \"HTTP/1.1 200 OK\""}
{"ts": "2026-08-13T05:12:37.343961915Z", "container": "prefect-worker", "msg": "2026-08-13 05:12:37 | INFO  | _client.py:_send_single_request:1740 | HTTP Request: POST http://prefect-server:4200/api/work_pools/smarthub-pool/get_scheduled_flow_runs \"HTTP/1.1 200 OK\""}
{"ts": "2026-08-13T05:12:45.430823643Z", "container": "prefect-worker", "msg": "2026-08-13 05:12:45 | INFO  | _client.py:_send_single_request:1740 | HTTP Request: POST http://prefect-server:4200/api/work_pools/smarthub-pool/get_scheduled_flow_runs \"HTTP/1.1 200 OK\""}
{"ts": "2026-08-13T05:12:57.978648446Z", "container": "prefect-worker", "msg": "2026-08-13 05:12:57 | INFO  | _client.py:_send_single_request:1740 | HTTP Request: POST http://prefect-server:4200/api/work_pools/smarthub-pool/get_scheduled_flow_runs \"HTTP/1.1 200 OK\""}
{"ts": "2026-08-13T05:13:10.257759952Z", "container": "prefect-worker", "msg": "2026-08-13 05:13:10 | INFO  | _client.py:_send_single_request:1740 | HTTP Request: POST http://prefect-server:4200/api/work_pools/smarthub-pool/get_scheduled_flow_runs \"HTTP/1.1 200 OK\""}
{"ts": "2026-08-13T05:13:18.616148558Z", "container": "prefect-worker", "msg": "2026-08-13 05:13:18 | INFO  | _client.py:_send_single_request:1740 | HTTP Request: POST http://prefect-server:4200/api/work_pools/smarthub-pool/get_scheduled_flow_runs \"HTTP/1.1 200 OK\""}
{"ts": "2026-08-13T05:13:29.177797803Z", "container": "prefect-worker", "msg": "2026-08-13 05:13:29 | INFO  | _client.py:_send_single_request:1740 | HTTP Request: POST http://prefect-server:4200/api/work_pools/smarthub-pool/get_scheduled_flow_runs \"HTTP/1.1 200 OK\""}
{"ts": "2026-08-13T05:13:37.076725235Z", "container": "prefect-worker", "msg": "2026-08-13 05:13:37 | INFO  | _client.py:_send_single_request:1740 | HTTP Request: POST http://prefect-server:4200/api/work_pools/smarthub-pool/get_scheduled_flow_runs \"HTTP/1.1 200 OK\""}
{"ts": "2026-08-13T05:13:46.558678891Z", "container": "prefect-worker", "msg": "2026-08-13 05:13:46 | INFO  | _client.py:_send_single_request:1740 | HTTP Request: POST http://prefect-server:4200/api/work_pools/smarthub-pool/get_scheduled_flow_runs \"HTTP/1.1 200 OK\""}
{"ts": "2026-08-13T05:13:54.964401964Z", "container": "prefect-worker", "msg": "2026-08-13 05:13:54 | INFO  | _client.py:_send_single_request:1740 | HTTP Request: POST http://prefect-server:4200/api/work_pools/smarthub-pool/get_scheduled_flow_runs \"HTTP/1.1 200 OK\""}
{"ts": "2026-08-13T05:14:02.709781776Z", "container": "prefect-worker", "msg": "2026-08-13 05:14:02 | INFO  | _client.py:_send_single_request:1740 | HTTP Request: POST http://prefect-server:4200/api/work_pools/smarthub-pool/get_scheduled_flow_runs \"HTTP/1.1 200 OK\""}
{"ts": "2026-08-13T05:14:11.048893882Z", "container": "prefect-worker", "msg": "2026-08-13 05:14:11 | INFO  | _client.py:_send_single_request:1740 | HTTP Request: POST http://prefect-server:4200/api/work_pools/smarthub-pool/get_scheduled_flow_runs \"HTTP/1.1 200 OK\""}
{"ts": "2026-08-13T05:14:19.413980640Z", "container": "prefect-worker", "msg": "2026-08-13 05:14:19 | INFO  | _client.py:_send_single_request:1740 | HTTP Request: POST http://prefect-server:4200/api/work_pools/smarthub-pool/get_scheduled_flow_runs \"HTTP/1.1 200 OK\""}
{"ts": "2026-08-13T05:14:27.386713297Z", "container": "prefect-worker", "msg": "2026-08-13 05:14:27 | INFO  | _client.py:_send_single_request:1740 | HTTP Request: POST http://prefect-server:4200/api/work_pools/smarthub-pool/get_scheduled_flow_runs \"HTTP/1.1 200 OK\""}
{"ts": "2026-08-13T05:14:36.709582416Z", "container": "prefect-worker", "msg": "2026-08-13 05:14:36 | INFO  | _client.py:_send_single_request:1740 | HTTP Request: POST http://prefect-server:4200/api/work_pools/smarthub-pool/get_scheduled_flow_runs \"HTTP/1.1 200 OK\""}
{"ts": "2026-08-13T05:14:44.530583216Z", "container": "prefect-worker", "msg": "2026-08-13 05:14:44 | INFO  | _client.py:_send_single_request:1740 | HTTP Request: POST http://prefect-server:4200/api/work_pools/smarthub-pool/get_scheduled_flow_runs \"HTTP/1.1 200 OK\""}
{"ts": "2026-08-13T05:14:57.062063105Z", "container": "prefect-worker", "msg": "2026-08-13 05:14:57 | INFO  | _client.py:_send_single_request:1740 | HTTP Request: POST http://prefect-server:4200/api/work_pools/smarthub-pool/get_scheduled_flow_runs \"HTTP/1.1 200 OK\""}
{"ts": "2026-08-13T05:15:05.541417248Z", "container": "prefect-worker", "msg": "2026-08-13 05:15:05 | INFO  | _client.py:_send_single_request:1740 | HTTP Request: POST http://prefect-server:4200/api/work_pools/smarthub-pool/get_scheduled_flow_runs \"HTTP/1.1 200 OK\""}
{"ts": "2026-08-13T05:15:13.736864593Z", "container": "prefect-worker", "msg": "2026-08-13 05:15:13 | INFO  | _client.py:_send_single_request:1740 | HTTP Request: POST http://prefect-server:4200/api/work_pools/smarthub-pool/get_scheduled_flow_runs \"HTTP/1.1 200 OK\""}
{"ts": "2026-08-13T05:15:23.154972871Z", "container": "prefect-worker", "msg": "2026-08-13 05:15:23 | INFO  | _client.py:_send_single_request:1740 | HTTP Request: POST http://prefect-server:4200/api/work_pools/smarthub-pool/get_scheduled_flow_runs \"HTTP/1.1 200 OK\""}
{"ts": "2026-08-13T05:15:31.841485872Z", "container": "prefect-worker", "msg": "2026-08-13 05:15:31 | INFO  | _client.py:_send_single_request:1740 | HTTP Request: POST http://prefect-server:4200/api/work_pools/smarthub-pool/get_scheduled_flow_runs \"HTTP/1.1 200 OK\""}
{"ts": "2026-08-13T05:15:42.303391008Z", "container": "prefect-worker", "msg": "2026-08-13 05:15:42 | INFO  | _client.py:_send_single_request:1740 | HTTP Request: POST http://prefect-server:4200/api/work_pools/smarthub-pool/get_scheduled_flow_runs \"HTTP/1.1 200 OK\""}
{"ts": "2026-08-13T05:15:55.257319995Z", "container": "prefect-worker", "msg": "2026-08-13 05:15:55 | INFO  | _client.py:_send_single_request:1740 | HTTP Request: POST http://prefect-server:4200/api/work_pools/smarthub-pool/get_scheduled_flow_runs \"HTTP/1.1 200 OK\""}
{"ts": "2026-08-13T05:16:07.475080963Z", "container": "prefect-worker", "msg": "2026-08-13 05:16:07 | INFO  | _client.py:_send_single_request:1740 | HTTP Request: POST http://prefect-server:4200/api/work_pools/smarthub-pool/get_scheduled_flow_runs \"HTTP/1.1 200 OK\""}
{"ts": "2026-08-13T05:16:16.384019285Z", "container": "prefect-worker", "msg": "2026-08-13 05:16:16 | INFO  | _client.py:_send_single_request:1740 | HTTP Request: POST http://prefect-server:4200/api/work_pools/smarthub-pool/get_scheduled_flow_runs \"HTTP/1.1 200 OK\""}
{"ts": "2026-08-13T05:16:26.844822729Z", "container": "prefect-worker", "msg": "2026-08-13 05:16:26 | INFO  | _client.py:_send_single_request:1740 | HTTP Request: POST http://prefect-server:4200/api/work_pools/smarthub-pool/get_scheduled_flow_runs \"HTTP/1.1 200 OK\""}
{"ts": "2026-08-13T05:16:36.414960329Z", "container": "prefect-worker", "msg": "2026-08-13 05:16:36 | INFO  | _client.py:_send_single_request:1740 | HTTP Request: POST http://prefect-server:4200/api/work_pools/smarthub-pool/get_scheduled_flow_runs \"HTTP/1.1 200 OK\""}
{"ts": "2026-08-13T05:16:48.405562674Z", "container": "prefect-worker", "msg": "2026-08-13 05:16:48 | INFO  | _client.py:_send_single_request:1740 | HTTP Request: POST http://prefect-server:4200/api/work_pools/smarthub-pool/get_scheduled_flow_runs \"HTTP/1.1 200 OK\""}
{"ts": "2026-08-13T05:17:00.824131265Z", "container": "prefect-worker", "msg": "2026-08-13 05:17:00 | INFO  | _client.py:_send_single_request:1740 | HTTP Request: POST http://prefect-server:4200/api/work_pools/smarthub-pool/get_scheduled_flow_runs \"HTTP/1.1 200 OK\""}
{"ts": "2026-08-13T05:17:09.050986832Z", "container": "prefect-worker", "msg": "2026-08-13 05:17:09 | INFO  | _client.py:_send_single_request:1740 | HTTP Request: POST http://prefect-server:4200/api/work_pools/smarthub-pool/get_scheduled_flow_runs \"HTTP/1.1 200 OK\""}
{"ts": "2026-08-13T05:17:20.510427362Z", "container": "prefect-worker", "msg": "2026-08-13 05:17:20 | INFO  | _client.py:_send_single_request:1740 | HTTP Request: POST http://prefect-server:4200/api/work_pools/smarthub-pool/get_scheduled_flow_runs \"HTTP/1.1 200 OK\""}
{"ts": "2026-08-13T05:17:31.201774736Z", "container": "prefect-worker", "msg": "2026-08-13 05:17:31 | INFO  | _client.py:_send_single_request:1740 | HTTP Request: POST http://prefect-server:4200/api/work_pools/smarthub-pool/get_scheduled_flow_runs \"HTTP/1.1 200 OK\""}
{"ts": "2026-08-13T05:17:43.099103259Z", "container": "prefect-worker", "msg": "2026-08-13 05:17:43 | INFO  | _client.py:_send_single_request:1740 | HTTP Request: POST http://prefect-server:4200/api/work_pools/smarthub-pool/get_scheduled_flow_runs \"HTTP/1.1 200 OK\""}
{"ts": "2026-08-13T05:17:51.056392851Z", "container": "prefect-worker", "msg": "2026-08-13 05:17:51 | INFO  | _client.py:_send_single_request:1740 | HTTP Request: POST http://prefect-server:4200/api/work_pools/smarthub-pool/get_scheduled_flow_runs \"HTTP/1.1 200 OK\""}
{"ts": "2026-08-13T05:18:02.584147204Z", "container": "prefect-worker", "msg": "2026-08-13 05:18:02 | INFO  | _client.py:_send_single_request:1740 | HTTP Request: POST http://prefect-server:4200/api/work_pools/smarthub-pool/get_scheduled_flow_runs \"HTTP/1.1 200 OK\""}
{"ts": "2026-08-13T05:18:10.738273325Z", "container": "prefect-worker", "msg": "2026-08-13 05:18:10 | INFO  | _client.py:_send_single_request:1740 | HTTP Request: POST http://prefect-server:4200/api/work_pools/smarthub-pool/get_scheduled_flow_runs \"HTTP/1.1 200 OK\""}
{"ts": "2026-08-13T05:18:20.463388485Z", "container": "prefect-worker", "msg": "2026-08-13 05:18:20 | INFO  | _client.py:_send_single_request:1740 | HTTP Request: POST http://prefect-server:4200/api/work_pools/smarthub-pool/get_scheduled_flow_runs \"HTTP/1.1 200 OK\""}
{"ts": "2026-08-13T05:18:33.285624861Z", "container": "prefect-worker", "msg": "2026-08-13 05:18:33 | INFO  | _client.py:_send_single_request:1740 | HTTP Request: POST http://prefect-server:4200/api/work_pools/smarthub-pool/get_scheduled_flow_runs \"HTTP/1.1 200 OK\""}
{"ts": "2026-08-13T05:18:41.358004517Z", "container": "prefect-worker", "msg": "2026-08-13 05:18:41 | INFO  | _client.py:_send_single_request:1740 | HTTP Request: POST http://prefect-server:4200/api/work_pools/smarthub-pool/get_scheduled_flow_runs \"HTTP/1.1 200 OK\""}
{"ts": "2026-08-13T05:18:53.811764394Z", "container": "prefect-worker", "msg": "2026-08-13 05:18:53 | INFO  | _client.py:_send_single_request:1740 | HTTP Request: POST http://prefect-server:4200/api/work_pools/smarthub-pool/get_scheduled_flow_runs \"HTTP/1.1 200 OK\""}
{"ts": "2026-08-13T05:19:02.681913382Z", "container": "prefect-worker", "msg": "2026-08-13 05:19:02 | INFO  | _client.py:_send_single_request:1740 | HTTP Request: POST http://prefect-server:4200/api/work_pools/smarthub-pool/get_scheduled_flow_runs \"HTTP/1.1 200 OK\""}
{"ts": "2026-08-13T05:19:10.984234500Z", "container": "prefect-worker", "msg": "2026-08-13 05:19:10 | INFO  | _client.py:_send_single_request:1740 | HTTP Request: POST http://prefect-server:4200/api/work_pools/smarthub-pool/get_scheduled_flow_runs \"HTTP/1.1 200 OK\""}
{"ts": "2026-08-13T05:19:22.307920738Z", "container": "prefect-worker", "msg": "2026-08-13 05:19:22 | INFO  | _client.py:_send_single_request:1740 | HTTP Request: POST http://prefect-server:4200/api/work_pools/smarthub-pool/get_scheduled_flow_runs \"HTTP/1.1 200 OK\""}
{"ts": "2026-08-13T05:19:33.451975813Z", "container": "prefect-worker", "msg": "2026-08-13 05:19:33 | INFO  | _client.py:_send_single_request:1740 | HTTP Request: POST http://prefect-server:4200/api/work_pools/smarthub-pool/get_scheduled_flow_runs \"HTTP/1.1 200 OK\""}
{"ts": "2026-08-13T05:19:42.857377455Z", "container": "prefect-worker", "msg": "2026-08-13 05:19:42 | INFO  | _client.py:_send_single_request:1740 | HTTP Request: POST http://prefect-server:4200/api/work_pools/smarthub-pool/get_scheduled_flow_runs \"HTTP/1.1 200 OK\""}
{"ts": "2026-08-13T05:19:51.718561464Z", "container": "prefect-worker", "msg": "2026-08-13 05:19:51 | INFO  | _client.py:_send_single_request:1740 | HTTP Request: POST http://prefect-server:4200/api/work_pools/smarthub-pool/get_scheduled_flow_runs \"HTTP/1.1 200 OK\""}
{"ts": "2026-08-13T05:19:51.719375300Z", "container": "prefect-worker", "msg": "2026-08-13 05:19:51 | INFO  | base.py:_submit_scheduled_flow_runs:1519 | Worker 'ProcessWorker 9e49efa9-3aad-4589-82bf-b41ae7dfe57e' submitting flow run '019ff598-05f6-70bc-a151-96f02c71ec6d'"}
{"ts": "2026-08-13T05:19:51.743243792Z", "container": "prefect-worker", "msg": "2026-08-13 05:19:51 | INFO  | _client.py:_send_single_request:1740 | HTTP Request: GET http://prefect-server:4200/api/deployments/f2af7572-283e-43ab-bfa3-0ad7cee08503 \"HTTP/1.1 200 OK\""}
{"ts": "2026-08-13T05:19:51.788189322Z", "container": "prefect-worker", "msg": "2026-08-13 05:19:51 | INFO  | _client.py:_send_single_request:1740 | HTTP Request: POST http://prefect-server:4200/api/flow_runs/019ff598-05f6-70bc-a151-96f02c71ec6d/set_state \"HTTP/1.1 201 Created\""}
{"ts": "2026-08-13T05:19:51.808131522Z", "container": "prefect-worker", "msg": "2026-08-13 05:19:51 | INFO  | _client.py:_send_single_request:1740 | HTTP Request: GET http://prefect-server:4200/api/deployments/f2af7572-283e-43ab-bfa3-0ad7cee08503 \"HTTP/1.1 200 OK\""}
{"ts": "2026-08-13T05:19:51.818407065Z", "container": "prefect-worker", "msg": "2026-08-13 05:19:51 | INFO  | _client.py:_send_single_request:1740 | HTTP Request: GET http://prefect-server:4200/api/flows/b482d204-61dd-4cd6-bc87-1c0295ffdd50 \"HTTP/1.1 200 OK\""}
{"ts": "2026-08-13T05:19:51.847137545Z", "container": "prefect-worker", "msg": "2026-08-13 05:19:51 | INFO  | _client.py:_send_single_request:1740 | HTTP Request: PATCH http://prefect-server:4200/api/flow_runs/019ff598-05f6-70bc-a151-96f02c71ec6d/labels \"HTTP/1.1 204 No Content\""}
{"ts": "2026-08-13T05:19:51.858927819Z", "container": "prefect-worker", "msg": "2026-08-13 05:19:51 | INFO  | _client.py:_send_single_request:1740 | HTTP Request: POST http://prefect-server:4200/api/flow_runs/019ff598-05f6-70bc-a151-96f02c71ec6d/set_state \"HTTP/1.1 201 Created\""}
{"ts": "2026-08-13T05:19:51.868834309Z", "container": "prefect-worker", "msg": "2026-08-13 05:19:51 | INFO  | _client.py:_send_single_request:1740 | HTTP Request: GET http://prefect-server:4200/api/flow_runs/019ff598-05f6-70bc-a151-96f02c71ec6d \"HTTP/1.1 200 OK\""}
{"ts": "2026-08-13T05:19:51.869665565Z", "container": "prefect-worker", "msg": "2026-08-13 05:19:51 | INFO  | runner.py:_run_process:994 | Starting flow run process..."}
{"ts": "2026-08-13T05:19:51.893786579Z", "container": "prefect-worker", "msg": "2026-08-13 05:19:51 | INFO  | _client.py:_send_single_request:1740 | HTTP Request: PATCH http://prefect-server:4200/api/flow_runs/019ff598-05f6-70bc-a151-96f02c71ec6d \"HTTP/1.1 204 No Content\""}
{"ts": "2026-08-13T05:19:51.894188822Z", "container": "prefect-worker", "msg": "2026-08-13 05:19:51 | INFO  | base.py:_submit_run:1601 | Flow run 'lilac-hare' submitted to infrastructure"}
{"ts": "2026-08-13T05:19:52.846804379Z", "container": "prefect-worker", "msg": "2026-08-13 05:19:52 | INFO  | _client.py:_send_single_request:1740 | HTTP Request: POST http://prefect-server:4200/api/logs/ \"HTTP/1.1 201 Created\""}
{"ts": "2026-08-13T05:19:53.073442717Z", "container": "prefect-worker", "msg": "05:19:53.067 | INFO    | Flow run 'lilac-hare' - Running 1 deployment pull step(s)"}
{"ts": "2026-08-13T05:19:53.094970739Z", "container": "prefect-worker", "msg": "05:19:53.093 | INFO    | Flow run 'lilac-hare' - Executing deployment step: set_working_directory"}
{"ts": "2026-08-13T05:19:53.107146247Z", "container": "prefect-worker", "msg": "05:19:53.106 | INFO    | Flow run 'lilac-hare' - Deployment step 'set_working_directory' completed successfully"}
{"ts": "2026-08-13T05:19:53.121261790Z", "container": "prefect-worker", "msg": "05:19:53.120 | INFO    | Flow run 'lilac-hare' - All deployment steps completed successfully"}
{"ts": "2026-08-13T05:19:54.242493380Z", "container": "prefect-worker", "msg": "2026-08-13 05:19:54 | ERROR | flow_engine.py:run_flow:2192 | Engine execution exited with unexpected exception"}
{"ts": "2026-08-13T05:19:54.242521290Z", "container": "prefect-worker", "msg": "Traceback (most recent call last):"}
{"ts": "2026-08-13T05:19:54.242525210Z", "container": "prefect-worker", "msg": "  File \"/usr/local/lib/python3.12/site-packages/prefect/flow_engine.py\", line 2172, in run_flow"}
{"ts": "2026-08-13T05:19:54.242528750Z", "container": "prefect-worker", "msg": "    parameters=_flow_parameters("}
{"ts": "2026-08-13T05:19:54.242531760Z", "container": "prefect-worker", "msg": "               ^^^^^^^^^^^^^^^^^"}
{"ts": "2026-08-13T05:19:54.242534740Z", "container": "prefect-worker", "msg": "  File \"/usr/local/lib/python3.12/site-packages/prefect/flow_engine.py\", line 2228, in _flow_parameters"}
{"ts": "2026-08-13T05:19:54.242537790Z", "container": "prefect-worker", "msg": "    call_args, call_kwargs = parameters_to_args_kwargs(flow.fn, parameters)"}
{"ts": "2026-08-13T05:19:54.242540780Z", "container": "prefect-worker", "msg": "                             ^^^^^^^^^^^^^^^^^^^^^^^^^^^^^^^^^^^^^^^^^^^^^^"}
{"ts": "2026-08-13T05:19:54.242544230Z", "container": "prefect-worker", "msg": "  File \"/usr/local/lib/python3.12/site-packages/prefect/utilities/callables/__init__.py\", line 273, in parameters_to_args_kwargs"}
{"ts": "2026-08-13T05:19:54.242547430Z", "container": "prefect-worker", "msg": "    raise SignatureMismatchError.from_bad_params("}
{"ts": "2026-08-13T05:19:54.242550600Z", "container": "prefect-worker", "msg": "prefect.exceptions.SignatureMismatchError: Function expects parameters ['lead_type_id', 'version', 'register_mlflow'] but was provided with parameters ['lead_type_id', 'lead_type_name', 'register_mlflow']"}
{"ts": "2026-08-13T05:19:54.242960194Z", "container": "prefect-worker", "msg": "2026-08-13 05:19:54 | ERROR | engine.py:handle_engine_signals:120 | Execution of flow run '019ff598-05f6-70bc-a151-96f02c71ec6d' exited with unexpected exception"}
{"ts": "2026-08-13T05:19:54.242984304Z", "container": "prefect-worker", "msg": "Traceback (most recent call last):"}
{"ts": "2026-08-13T05:19:54.242988144Z", "container": "prefect-worker", "msg": "  File \"/usr/local/lib/python3.12/site-packages/prefect/engine.py\", line 87, in handle_engine_signals"}
{"ts": "2026-08-13T05:19:54.242991544Z", "container": "prefect-worker", "msg": "    yield"}
{"ts": "2026-08-13T05:19:54.242994614Z", "container": "prefect-worker", "msg": "  File \"/usr/local/lib/python3.12/site-packages/prefect/engine.py\", line 176, in <module>"}
{"ts": "2026-08-13T05:19:54.242998004Z", "container": "prefect-worker", "msg": "    _run_result: object = run_flow("}
{"ts": "2026-08-13T05:19:54.243000874Z", "container": "prefect-worker", "msg": "                          ^^^^^^^^^"}
{"ts": "2026-08-13T05:19:54.243003844Z", "container": "prefect-worker", "msg": "  File \"/usr/local/lib/python3.12/site-packages/prefect/flow_engine.py\", line 2172, in run_flow"}
{"ts": "2026-08-13T05:19:54.243006894Z", "container": "prefect-worker", "msg": "    parameters=_flow_parameters("}
{"ts": "2026-08-13T05:19:54.243009784Z", "container": "prefect-worker", "msg": "               ^^^^^^^^^^^^^^^^^"}
{"ts": "2026-08-13T05:19:54.243012654Z", "container": "prefect-worker", "msg": "  File \"/usr/local/lib/python3.12/site-packages/prefect/flow_engine.py\", line 2228, in _flow_parameters"}
{"ts": "2026-08-13T05:19:54.243015684Z", "container": "prefect-worker", "msg": "    call_args, call_kwargs = parameters_to_args_kwargs(flow.fn, parameters)"}
{"ts": "2026-08-13T05:19:54.243018764Z", "container": "prefect-worker", "msg": "                             ^^^^^^^^^^^^^^^^^^^^^^^^^^^^^^^^^^^^^^^^^^^^^^"}
{"ts": "2026-08-13T05:19:54.243021934Z", "container": "prefect-worker", "msg": "  File \"/usr/local/lib/python3.12/site-packages/prefect/utilities/callables/__init__.py\", line 273, in parameters_to_args_kwargs"}
{"ts": "2026-08-13T05:19:54.243025214Z", "container": "prefect-worker", "msg": "    raise SignatureMismatchError.from_bad_params("}
{"ts": "2026-08-13T05:19:54.243028194Z", "container": "prefect-worker", "msg": "prefect.exceptions.SignatureMismatchError: Function expects parameters ['lead_type_id', 'version', 'register_mlflow'] but was provided with parameters ['lead_type_id', 'lead_type_name', 'register_mlflow']"}
{"ts": "2026-08-13T05:19:54.247613071Z", "container": "prefect-worker", "msg": "2026-08-13 05:19:54 | INFO  | _client.py:_send_single_request:1740 | HTTP Request: GET http://prefect-server:4200/api/csrf-token?client=7d39f50b-585a-4553-9cdc-459dad19399c \"HTTP/1.1 422 Unprocessable Entity\""}
{"ts": "2026-08-13T05:19:54.254940020Z", "container": "prefect-worker", "msg": "2026-08-13 05:19:54 | INFO  | _client.py:_send_single_request:1740 | HTTP Request: POST http://prefect-server:4200/api/logs/ \"HTTP/1.1 201 Created\""}
{"ts": "2026-08-13T05:19:54.697815150Z", "container": "prefect-worker", "msg": "2026-08-13 05:19:54 | ERROR | runner.py:_submit_run_and_capture_errors:1439 | Process for flow run 'lilac-hare' exited with status code: 1; Process exited with a general error."}
{"ts": "2026-08-13T05:19:54.698024502Z", "container": "prefect-worker", "msg": "2026-08-13 05:19:54 | INFO  | runner.py:_submit_run_and_capture_errors:1445 | Check the flow run logs for an unhandled exception or assertion error."}
{"ts": "2026-08-13T05:19:54.724968198Z", "container": "prefect-worker", "msg": "2026-08-13 05:19:54 | INFO  | _client.py:_send_single_request:1740 | HTTP Request: POST http://prefect-server:4200/api/flow_runs/019ff598-05f6-70bc-a151-96f02c71ec6d/set_state \"HTTP/1.1 201 Created\""}
{"ts": "2026-08-13T05:19:54.725655583Z", "container": "prefect-worker", "msg": "2026-08-13 05:19:54 | INFO  | base.py:_propose_crashed_state:1815 | Reported flow run '019ff598-05f6-70bc-a151-96f02c71ec6d' as crashed: Flow run infrastructure exited with non-zero status code 1. Process exited with a general error."}
{"ts": "2026-08-13T05:19:54.725837165Z", "container": "prefect-worker", "msg": "2026-08-13 05:19:54 | INFO  | base.py:_submit_run_and_capture_errors:1686 | Check the flow run logs for an unhandled exception or assertion error."}
{"ts": "2026-08-13T05:19:54.731032066Z", "container": "prefect-worker", "msg": "2026-08-13 05:19:54 | INFO  | _client.py:_send_single_request:1740 | HTTP Request: POST http://prefect-server:4200/api/flow_runs/019ff598-05f6-70bc-a151-96f02c71ec6d/set_state \"HTTP/1.1 200 OK\""}
{"ts": "2026-08-13T05:19:54.737390648Z", "container": "prefect-worker", "msg": "2026-08-13 05:19:54 | INFO  | _client.py:_send_single_request:1740 | HTTP Request: GET http://prefect-server:4200/api/flow_runs/019ff598-05f6-70bc-a151-96f02c71ec6d \"HTTP/1.1 200 OK\""}
{"ts": "2026-08-13T05:19:54.738011923Z", "container": "prefect-worker", "msg": "2026-08-13 05:19:54 | INFO  | runner.py:_run_on_crashed_hooks:1614 | Loading flow to check for on_crashed hooks"}
{"ts": "2026-08-13T05:19:54.763273345Z", "container": "prefect-worker", "msg": "2026-08-13 05:19:54 | INFO  | _client.py:_send_single_request:1740 | HTTP Request: GET http://prefect-server:4200/api/deployments/f2af7572-283e-43ab-bfa3-0ad7cee08503 \"HTTP/1.1 200 OK\""}
{"ts": "2026-08-13T05:19:54.770285431Z", "container": "prefect-worker", "msg": "2026-08-13 05:19:54 | INFO  | flows.py:load_flow_from_flow_run:3246 | Running 1 deployment pull step(s)"}
{"ts": "2026-08-13T05:19:54.770671724Z", "container": "prefect-worker", "msg": "2026-08-13 05:19:54 | INFO  | core.py:run_steps:196 | Executing deployment step: set_working_directory"}
{"ts": "2026-08-13T05:19:54.781262289Z", "container": "prefect-worker", "msg": "2026-08-13 05:19:54 | INFO  | core.py:run_steps:266 | Deployment step 'set_working_directory' completed successfully"}
{"ts": "2026-08-13T05:19:54.785329322Z", "container": "prefect-worker", "msg": "2026-08-13 05:19:54 | INFO  | core.py:run_steps:288 | All deployment steps completed successfully"}
{"ts": "2026-08-13T05:19:54.857863933Z", "container": "prefect-worker", "msg": "2026-08-13 05:19:54 | INFO  | _client.py:_send_single_request:1740 | HTTP Request: POST http://prefect-server:4200/api/logs/ \"HTTP/1.1 201 Created\""}
{"ts": "2026-08-13T05:20:01.760318162Z", "container": "prefect-worker", "msg": "2026-08-13 05:20:01 | INFO  | _client.py:_send_single_request:1740 | HTTP Request: POST http://prefect-server:4200/api/work_pools/smarthub-pool/get_scheduled_flow_runs \"HTTP/1.1 200 OK\""}
{"ts": "2026-08-13T05:20:12.891046124Z", "container": "prefect-worker", "msg": "2026-08-13 05:20:12 | INFO  | _client.py:_send_single_request:1740 | HTTP Request: POST http://prefect-server:4200/api/work_pools/smarthub-pool/get_scheduled_flow_runs \"HTTP/1.1 200 OK\""}
{"ts": "2026-08-13T05:20:25.699568429Z", "container": "prefect-worker", "msg": "2026-08-13 05:20:25 | INFO  | _client.py:_send_single_request:1740 | HTTP Request: POST http://prefect-server:4200/api/work_pools/smarthub-pool/get_scheduled_flow_runs \"HTTP/1.1 200 OK\""}
{"ts": "2026-08-13T05:20:38.722896841Z", "container": "prefect-worker", "msg": "2026-08-13 05:20:38 | INFO  | _client.py:_send_single_request:1740 | HTTP Request: POST http://prefect-server:4200/api/work_pools/smarthub-pool/get_scheduled_flow_runs \"HTTP/1.1 200 OK\""}
{"ts": "2026-08-13T05:20:46.693841752Z", "container": "prefect-worker", "msg": "2026-08-13 05:20:46 | INFO  | _client.py:_send_single_request:1740 | HTTP Request: POST http://prefect-server:4200/api/work_pools/smarthub-pool/get_scheduled_flow_runs \"HTTP/1.1 200 OK\""}
{"ts": "2026-08-13T05:20:54.999109756Z", "container": "prefect-worker", "msg": "2026-08-13 05:20:54 | INFO  | _client.py:_send_single_request:1740 | HTTP Request: POST http://prefect-server:4200/api/work_pools/smarthub-pool/get_scheduled_flow_runs \"HTTP/1.1 200 OK\""}
{"ts": "2026-08-13T05:21:07.717913450Z", "container": "prefect-worker", "msg": "2026-08-13 05:21:07 | INFO  | _client.py:_send_single_request:1740 | HTTP Request: POST http://prefect-server:4200/api/work_pools/smarthub-pool/get_scheduled_flow_runs \"HTTP/1.1 200 OK\""}
{"ts": "2026-08-13T05:21:17.324040080Z", "container": "prefect-worker", "msg": "2026-08-13 05:21:17 | INFO  | _client.py:_send_single_request:1740 | HTTP Request: POST http://prefect-server:4200/api/work_pools/smarthub-pool/get_scheduled_flow_runs \"HTTP/1.1 200 OK\""}
{"ts": "2026-08-13T05:21:26.565036512Z", "container": "prefect-worker", "msg": "2026-08-13 05:21:26 | INFO  | _client.py:_send_single_request:1740 | HTTP Request: POST http://prefect-server:4200/api/work_pools/smarthub-pool/get_scheduled_flow_runs \"HTTP/1.1 200 OK\""}
{"ts": "2026-08-13T05:21:38.128840414Z", "container": "prefect-worker", "msg": "2026-08-13 05:21:38 | INFO  | _client.py:_send_single_request:1740 | HTTP Request: POST http://prefect-server:4200/api/work_pools/smarthub-pool/get_scheduled_flow_runs \"HTTP/1.1 200 OK\""}
{"ts": "2026-08-13T05:21:45.758011433Z", "container": "prefect-worker", "msg": "2026-08-13 05:21:45 | INFO  | _client.py:_send_single_request:1740 | HTTP Request: POST http://prefect-server:4200/api/work_pools/smarthub-pool/get_scheduled_flow_runs \"HTTP/1.1 200 OK\""}
{"ts": "2026-08-13T05:21:58.105850422Z", "container": "prefect-worker", "msg": "2026-08-13 05:21:58 | INFO  | _client.py:_send_single_request:1740 | HTTP Request: POST http://prefect-server:4200/api/work_pools/smarthub-pool/get_scheduled_flow_runs \"HTTP/1.1 200 OK\""}
{"ts": "2026-08-13T05:22:05.860596674Z", "container": "prefect-worker", "msg": "2026-08-13 05:22:05 | INFO  | _client.py:_send_single_request:1740 | HTTP Request: POST http://prefect-server:4200/api/work_pools/smarthub-pool/get_scheduled_flow_runs \"HTTP/1.1 200 OK\""}
{"ts": "2026-08-13T05:22:16.258644789Z", "container": "prefect-worker", "msg": "2026-08-13 05:22:16 | INFO  | _client.py:_send_single_request:1740 | HTTP Request: POST http://prefect-server:4200/api/work_pools/smarthub-pool/get_scheduled_flow_runs \"HTTP/1.1 200 OK\""}
{"ts": "2026-08-13T05:22:25.258703080Z", "container": "prefect-worker", "msg": "2026-08-13 05:22:25 | INFO  | _client.py:_send_single_request:1740 | HTTP Request: POST http://prefect-server:4200/api/work_pools/smarthub-pool/get_scheduled_flow_runs \"HTTP/1.1 200 OK\""}
{"ts": "2026-08-13T05:22:36.016955232Z", "container": "prefect-worker", "msg": "2026-08-13 05:22:36 | INFO  | _client.py:_send_single_request:1740 | HTTP Request: POST http://prefect-server:4200/api/work_pools/smarthub-pool/get_scheduled_flow_runs \"HTTP/1.1 200 OK\""}
{"ts": "2026-08-13T05:22:43.979913263Z", "container": "prefect-worker", "msg": "2026-08-13 05:22:43 | INFO  | _client.py:_send_single_request:1740 | HTTP Request: POST http://prefect-server:4200/api/work_pools/smarthub-pool/get_scheduled_flow_runs \"HTTP/1.1 200 OK\""}
{"ts": "2026-08-13T05:22:52.461818122Z", "container": "prefect-worker", "msg": "2026-08-13 05:22:52 | INFO  | _client.py:_send_single_request:1740 | HTTP Request: POST http://prefect-server:4200/api/work_pools/smarthub-pool/get_scheduled_flow_runs \"HTTP/1.1 200 OK\""}
{"ts": "2026-08-13T05:23:04.840577395Z", "container": "prefect-worker", "msg": "2026-08-13 05:23:04 | INFO  | _client.py:_send_single_request:1740 | HTTP Request: POST http://prefect-server:4200/api/work_pools/smarthub-pool/get_scheduled_flow_runs \"HTTP/1.1 200 OK\""}
{"ts": "2026-08-13T05:23:16.962206796Z", "container": "prefect-worker", "msg": "2026-08-13 05:23:16 | INFO  | _client.py:_send_single_request:1740 | HTTP Request: POST http://prefect-server:4200/api/work_pools/smarthub-pool/get_scheduled_flow_runs \"HTTP/1.1 200 OK\""}
{"ts": "2026-08-13T05:23:26.173955551Z", "container": "prefect-worker", "msg": "2026-08-13 05:23:26 | INFO  | _client.py:_send_single_request:1740 | HTTP Request: POST http://prefect-server:4200/api/work_pools/smarthub-pool/get_scheduled_flow_runs \"HTTP/1.1 200 OK\""}
{"ts": "2026-08-13T05:23:34.681620992Z", "container": "prefect-worker", "msg": "2026-08-13 05:23:34 | INFO  | _client.py:_send_single_request:1740 | HTTP Request: POST http://prefect-server:4200/api/work_pools/smarthub-pool/get_scheduled_flow_runs \"HTTP/1.1 200 OK\""}
{"ts": "2026-08-13T05:23:45.935548665Z", "container": "prefect-worker", "msg": "2026-08-13 05:23:45 | INFO  | _client.py:_send_single_request:1740 | HTTP Request: POST http://prefect-server:4200/api/work_pools/smarthub-pool/get_scheduled_flow_runs \"HTTP/1.1 200 OK\""}
{"ts": "2026-08-13T05:23:54.986214774Z", "container": "prefect-worker", "msg": "2026-08-13 05:23:54 | INFO  | _client.py:_send_single_request:1740 | HTTP Request: POST http://prefect-server:4200/api/work_pools/smarthub-pool/get_scheduled_flow_runs \"HTTP/1.1 200 OK\""}
{"ts": "2026-08-13T05:24:03.861354704Z", "container": "prefect-worker", "msg": "2026-08-13 05:24:03 | INFO  | _client.py:_send_single_request:1740 | HTTP Request: POST http://prefect-server:4200/api/work_pools/smarthub-pool/get_scheduled_flow_runs \"HTTP/1.1 200 OK\""}
{"ts": "2026-08-13T05:24:16.138844227Z", "container": "prefect-worker", "msg": "2026-08-13 05:24:16 | INFO  | _client.py:_send_single_request:1740 | HTTP Request: POST http://prefect-server:4200/api/work_pools/smarthub-pool/get_scheduled_flow_runs \"HTTP/1.1 200 OK\""}
{"ts": "2026-08-13T05:24:24.987825804Z", "container": "prefect-worker", "msg": "2026-08-13 05:24:24 | INFO  | _client.py:_send_single_request:1740 | HTTP Request: POST http://prefect-server:4200/api/work_pools/smarthub-pool/get_scheduled_flow_runs \"HTTP/1.1 200 OK\""}
{"ts": "2026-08-13T05:24:34.757770690Z", "container": "prefect-worker", "msg": "2026-08-13 05:24:34 | INFO  | _client.py:_send_single_request:1740 | HTTP Request: POST http://prefect-server:4200/api/work_pools/smarthub-pool/get_scheduled_flow_runs \"HTTP/1.1 200 OK\""}
{"ts": "2026-08-13T05:24:43.654192619Z", "container": "prefect-worker", "msg": "2026-08-13 05:24:43 | INFO  | _client.py:_send_single_request:1740 | HTTP Request: POST http://prefect-server:4200/api/work_pools/smarthub-pool/get_scheduled_flow_runs \"HTTP/1.1 200 OK\""}
{"ts": "2026-08-13T05:24:54.605047953Z", "container": "prefect-worker", "msg": "2026-08-13 05:24:54 | INFO  | _client.py:_send_single_request:1740 | HTTP Request: POST http://prefect-server:4200/api/work_pools/smarthub-pool/get_scheduled_flow_runs \"HTTP/1.1 200 OK\""}
{"ts": "2026-08-13T05:25:02.725584903Z", "container": "prefect-worker", "msg": "2026-08-13 05:25:02 | INFO  | _client.py:_send_single_request:1740 | HTTP Request: POST http://prefect-server:4200/api/work_pools/smarthub-pool/get_scheduled_flow_runs \"HTTP/1.1 200 OK\""}
{"ts": "2026-08-13T05:25:11.174646674Z", "container": "prefect-worker", "msg": "2026-08-13 05:25:11 | INFO  | _client.py:_send_single_request:1740 | HTTP Request: POST http://prefect-server:4200/api/work_pools/smarthub-pool/get_scheduled_flow_runs \"HTTP/1.1 200 OK\""}
{"ts": "2026-08-13T05:25:23.984782402Z", "container": "prefect-worker", "msg": "2026-08-13 05:25:23 | INFO  | _client.py:_send_single_request:1740 | HTTP Request: POST http://prefect-server:4200/api/work_pools/smarthub-pool/get_scheduled_flow_runs \"HTTP/1.1 200 OK\""}
{"ts": "2026-08-13T05:25:34.276212144Z", "container": "prefect-worker", "msg": "2026-08-13 05:25:34 | INFO  | _client.py:_send_single_request:1740 | HTTP Request: POST http://prefect-server:4200/api/work_pools/smarthub-pool/get_scheduled_flow_runs \"HTTP/1.1 200 OK\""}
{"ts": "2026-08-13T05:25:44.406051304Z", "container": "prefect-worker", "msg": "2026-08-13 05:25:44 | INFO  | _client.py:_send_single_request:1740 | HTTP Request: POST http://prefect-server:4200/api/work_pools/smarthub-pool/get_scheduled_flow_runs \"HTTP/1.1 200 OK\""}
{"ts": "2026-08-13T05:25:52.083109859Z", "container": "prefect-worker", "msg": "2026-08-13 05:25:52 | INFO  | _client.py:_send_single_request:1740 | HTTP Request: POST http://prefect-server:4200/api/work_pools/smarthub-pool/get_scheduled_flow_runs \"HTTP/1.1 200 OK\""}
{"ts": "2026-08-13T05:26:02.303307204Z", "container": "prefect-worker", "msg": "2026-08-13 05:26:02 | INFO  | _client.py:_send_single_request:1740 | HTTP Request: POST http://prefect-server:4200/api/work_pools/smarthub-pool/get_scheduled_flow_runs \"HTTP/1.1 200 OK\""}
{"ts": "2026-08-13T05:26:11.584194711Z", "container": "prefect-worker", "msg": "2026-08-13 05:26:11 | INFO  | _client.py:_send_single_request:1740 | HTTP Request: POST http://prefect-server:4200/api/work_pools/smarthub-pool/get_scheduled_flow_runs \"HTTP/1.1 200 OK\""}
{"ts": "2026-08-13T05:26:23.797805615Z", "container": "prefect-worker", "msg": "2026-08-13 05:26:23 | INFO  | _client.py:_send_single_request:1740 | HTTP Request: POST http://prefect-server:4200/api/work_pools/smarthub-pool/get_scheduled_flow_runs \"HTTP/1.1 200 OK\""}
{"ts": "2026-08-13T05:26:35.361781683Z", "container": "prefect-worker", "msg": "2026-08-13 05:26:35 | INFO  | _client.py:_send_single_request:1740 | HTTP Request: POST http://prefect-server:4200/api/work_pools/smarthub-pool/get_scheduled_flow_runs \"HTTP/1.1 200 OK\""}
{"ts": "2026-08-13T05:26:44.435118852Z", "container": "prefect-worker", "msg": "2026-08-13 05:26:44 | INFO  | _client.py:_send_single_request:1740 | HTTP Request: POST http://prefect-server:4200/api/work_pools/smarthub-pool/get_scheduled_flow_runs \"HTTP/1.1 200 OK\""}
{"ts": "2026-08-13T05:26:54.022947227Z", "container": "prefect-worker", "msg": "2026-08-13 05:26:54 | INFO  | _client.py:_send_single_request:1740 | HTTP Request: POST http://prefect-server:4200/api/work_pools/smarthub-pool/get_scheduled_flow_runs \"HTTP/1.1 200 OK\""}
{"ts": "2026-08-13T05:27:04.830760809Z", "container": "prefect-worker", "msg": "2026-08-13 05:27:04 | INFO  | _client.py:_send_single_request:1740 | HTTP Request: POST http://prefect-server:4200/api/work_pools/smarthub-pool/get_scheduled_flow_runs \"HTTP/1.1 200 OK\""}
{"ts": "2026-08-13T05:27:14.917266540Z", "container": "prefect-worker", "msg": "2026-08-13 05:27:14 | INFO  | _client.py:_send_single_request:1740 | HTTP Request: POST http://prefect-server:4200/api/work_pools/smarthub-pool/get_scheduled_flow_runs \"HTTP/1.1 200 OK\""}
{"ts": "2026-08-13T05:27:23.516380503Z", "container": "prefect-worker", "msg": "2026-08-13 05:27:23 | INFO  | _client.py:_send_single_request:1740 | HTTP Request: POST http://prefect-server:4200/api/work_pools/smarthub-pool/get_scheduled_flow_runs \"HTTP/1.1 200 OK\""}
{"ts": "2026-08-13T05:27:32.389553850Z", "container": "prefect-worker", "msg": "2026-08-13 05:27:32 | INFO  | _client.py:_send_single_request:1740 | HTTP Request: POST http://prefect-server:4200/api/work_pools/smarthub-pool/get_scheduled_flow_runs \"HTTP/1.1 200 OK\""}
{"ts": "2026-08-13T05:27:42.397636818Z", "container": "prefect-worker", "msg": "2026-08-13 05:27:42 | INFO  | _client.py:_send_single_request:1740 | HTTP Request: POST http://prefect-server:4200/api/work_pools/smarthub-pool/get_scheduled_flow_runs \"HTTP/1.1 200 OK\""}
{"ts": "2026-08-13T05:27:55.130703250Z", "container": "prefect-worker", "msg": "2026-08-13 05:27:55 | INFO  | _client.py:_send_single_request:1740 | HTTP Request: POST http://prefect-server:4200/api/work_pools/smarthub-pool/get_scheduled_flow_runs \"HTTP/1.1 200 OK\""}
{"ts": "2026-08-13T05:28:05.770345074Z", "container": "prefect-worker", "msg": "2026-08-13 05:28:05 | INFO  | _client.py:_send_single_request:1740 | HTTP Request: POST http://prefect-server:4200/api/work_pools/smarthub-pool/get_scheduled_flow_runs \"HTTP/1.1 200 OK\""}
{"ts": "2026-08-13T05:28:17.848926173Z", "container": "prefect-worker", "msg": "2026-08-13 05:28:17 | INFO  | _client.py:_send_single_request:1740 | HTTP Request: POST http://prefect-server:4200/api/work_pools/smarthub-pool/get_scheduled_flow_runs \"HTTP/1.1 200 OK\""}
{"ts": "2026-08-13T05:28:28.771565326Z", "container": "prefect-worker", "msg": "2026-08-13 05:28:28 | INFO  | _client.py:_send_single_request:1740 | HTTP Request: POST http://prefect-server:4200/api/work_pools/smarthub-pool/get_scheduled_flow_runs \"HTTP/1.1 200 OK\""}
{"ts": "2026-08-13T05:28:36.983118078Z", "container": "prefect-worker", "msg": "2026-08-13 05:28:36 | INFO  | _client.py:_send_single_request:1740 | HTTP Request: POST http://prefect-server:4200/api/work_pools/smarthub-pool/get_scheduled_flow_runs \"HTTP/1.1 200 OK\""}
{"ts": "2026-08-13T05:28:47.255285811Z", "container": "prefect-worker", "msg": "2026-08-13 05:28:47 | INFO  | _client.py:_send_single_request:1740 | HTTP Request: POST http://prefect-server:4200/api/work_pools/smarthub-pool/get_scheduled_flow_runs \"HTTP/1.1 200 OK\""}
{"ts": "2026-08-13T05:28:57.441838505Z", "container": "prefect-worker", "msg": "2026-08-13 05:28:57 | INFO  | _client.py:_send_single_request:1740 | HTTP Request: POST http://prefect-server:4200/api/work_pools/smarthub-pool/get_scheduled_flow_runs \"HTTP/1.1 200 OK\""}
{"ts": "2026-08-13T05:29:09.193965597Z", "container": "prefect-worker", "msg": "2026-08-13 05:29:09 | INFO  | _client.py:_send_single_request:1740 | HTTP Request: POST http://prefect-server:4200/api/work_pools/smarthub-pool/get_scheduled_flow_runs \"HTTP/1.1 200 OK\""}
{"ts": "2026-08-13T05:29:17.829684842Z", "container": "prefect-worker", "msg": "2026-08-13 05:29:17 | INFO  | _client.py:_send_single_request:1740 | HTTP Request: POST http://prefect-server:4200/api/work_pools/smarthub-pool/get_scheduled_flow_runs \"HTTP/1.1 200 OK\""}
{"ts": "2026-08-13T05:29:30.326355312Z", "container": "prefect-worker", "msg": "2026-08-13 05:29:30 | INFO  | _client.py:_send_single_request:1740 | HTTP Request: POST http://prefect-server:4200/api/work_pools/smarthub-pool/get_scheduled_flow_runs \"HTTP/1.1 200 OK\""}
{"ts": "2026-08-13T05:29:38.601792503Z", "container": "prefect-worker", "msg": "2026-08-13 05:29:38 | INFO  | _client.py:_send_single_request:1740 | HTTP Request: POST http://prefect-server:4200/api/work_pools/smarthub-pool/get_scheduled_flow_runs \"HTTP/1.1 200 OK\""}
{"ts": "2026-08-13T05:29:47.127343564Z", "container": "prefect-worker", "msg": "2026-08-13 05:29:47 | INFO  | _client.py:_send_single_request:1740 | HTTP Request: POST http://prefect-server:4200/api/work_pools/smarthub-pool/get_scheduled_flow_runs \"HTTP/1.1 200 OK\""}
{"ts": "2026-08-13T05:29:58.194207257Z", "container": "prefect-worker", "msg": "2026-08-13 05:29:58 | INFO  | _client.py:_send_single_request:1740 | HTTP Request: POST http://prefect-server:4200/api/work_pools/smarthub-pool/get_scheduled_flow_runs \"HTTP/1.1 200 OK\""}
{"ts": "2026-08-13T05:30:09.178995729Z", "container": "prefect-worker", "msg": "2026-08-13 05:30:09 | INFO  | _client.py:_send_single_request:1740 | HTTP Request: POST http://prefect-server:4200/api/work_pools/smarthub-pool/get_scheduled_flow_runs \"HTTP/1.1 200 OK\""}
{"ts": "2026-08-13T05:30:19.846091629Z", "container": "prefect-worker", "msg": "2026-08-13 05:30:19 | INFO  | _client.py:_send_single_request:1740 | HTTP Request: POST http://prefect-server:4200/api/work_pools/smarthub-pool/get_scheduled_flow_runs \"HTTP/1.1 200 OK\""}
{"ts": "2026-08-13T05:30:31.294054457Z", "container": "prefect-worker", "msg": "2026-08-13 05:30:31 | INFO  | _client.py:_send_single_request:1740 | HTTP Request: POST http://prefect-server:4200/api/work_pools/smarthub-pool/get_scheduled_flow_runs \"HTTP/1.1 200 OK\""}
{"ts": "2026-08-13T05:30:38.905782897Z", "container": "prefect-worker", "msg": "2026-08-13 05:30:38 | INFO  | _client.py:_send_single_request:1740 | HTTP Request: POST http://prefect-server:4200/api/work_pools/smarthub-pool/get_scheduled_flow_runs \"HTTP/1.1 200 OK\""}
{"ts": "2026-08-13T05:30:48.374806040Z", "container": "prefect-worker", "msg": "2026-08-13 05:30:48 | INFO  | _client.py:_send_single_request:1740 | HTTP Request: POST http://prefect-server:4200/api/work_pools/smarthub-pool/get_scheduled_flow_runs \"HTTP/1.1 200 OK\""}
{"ts": "2026-08-13T05:30:59.181635701Z", "container": "prefect-worker", "msg": "2026-08-13 05:30:59 | INFO  | _client.py:_send_single_request:1740 | HTTP Request: POST http://prefect-server:4200/api/work_pools/smarthub-pool/get_scheduled_flow_runs \"HTTP/1.1 200 OK\""}
{"ts": "2026-08-13T05:31:11.808321632Z", "container": "prefect-worker", "msg": "2026-08-13 05:31:11 | INFO  | _client.py:_send_single_request:1740 | HTTP Request: POST http://prefect-server:4200/api/work_pools/smarthub-pool/get_scheduled_flow_runs \"HTTP/1.1 200 OK\""}
{"ts": "2026-08-13T05:31:19.792380750Z", "container": "prefect-worker", "msg": "2026-08-13 05:31:19 | INFO  | _client.py:_send_single_request:1740 | HTTP Request: POST http://prefect-server:4200/api/work_pools/smarthub-pool/get_scheduled_flow_runs \"HTTP/1.1 200 OK\""}
{"ts": "2026-08-13T05:31:28.455868190Z", "container": "prefect-worker", "msg": "2026-08-13 05:31:28 | INFO  | _client.py:_send_single_request:1740 | HTTP Request: POST http://prefect-server:4200/api/work_pools/smarthub-pool/get_scheduled_flow_runs \"HTTP/1.1 200 OK\""}
{"ts": "2026-08-13T05:31:36.057612513Z", "container": "prefect-worker", "msg": "2026-08-13 05:31:36 | INFO  | _client.py:_send_single_request:1740 | HTTP Request: POST http://prefect-server:4200/api/work_pools/smarthub-pool/get_scheduled_flow_runs \"HTTP/1.1 200 OK\""}
{"ts": "2026-08-13T05:31:47.757657519Z", "container": "prefect-worker", "msg": "2026-08-13 05:31:47 | INFO  | _client.py:_send_single_request:1740 | HTTP Request: POST http://prefect-server:4200/api/work_pools/smarthub-pool/get_scheduled_flow_runs \"HTTP/1.1 200 OK\""}
{"ts": "2026-08-13T05:31:58.703561648Z", "container": "prefect-worker", "msg": "2026-08-13 05:31:58 | INFO  | _client.py:_send_single_request:1740 | HTTP Request: POST http://prefect-server:4200/api/work_pools/smarthub-pool/get_scheduled_flow_runs \"HTTP/1.1 200 OK\""}
{"ts": "2026-08-13T05:32:10.241541935Z", "container": "prefect-worker", "msg": "2026-08-13 05:32:10 | INFO  | _client.py:_send_single_request:1740 | HTTP Request: POST http://prefect-server:4200/api/work_pools/smarthub-pool/get_scheduled_flow_runs \"HTTP/1.1 200 OK\""}
{"ts": "2026-08-13T05:32:19.996240283Z", "container": "prefect-worker", "msg": "2026-08-13 05:32:19 | INFO  | _client.py:_send_single_request:1740 | HTTP Request: POST http://prefect-server:4200/api/work_pools/smarthub-pool/get_scheduled_flow_runs \"HTTP/1.1 200 OK\""}
{"ts": "2026-08-13T05:32:31.583263949Z", "container": "prefect-worker", "msg": "2026-08-13 05:32:31 | INFO  | _client.py:_send_single_request:1740 | HTTP Request: POST http://prefect-server:4200/api/work_pools/smarthub-pool/get_scheduled_flow_runs \"HTTP/1.1 200 OK\""}
{"ts": "2026-08-13T05:32:44.040572083Z", "container": "prefect-worker", "msg": "2026-08-13 05:32:44 | INFO  | _client.py:_send_single_request:1740 | HTTP Request: POST http://prefect-server:4200/api/work_pools/smarthub-pool/get_scheduled_flow_runs \"HTTP/1.1 200 OK\""}
{"ts": "2026-08-13T05:32:53.292932075Z", "container": "prefect-worker", "msg": "2026-08-13 05:32:53 | INFO  | _client.py:_send_single_request:1740 | HTTP Request: POST http://prefect-server:4200/api/work_pools/smarthub-pool/get_scheduled_flow_runs \"HTTP/1.1 200 OK\""}
{"ts": "2026-08-13T05:33:02.045116176Z", "container": "prefect-worker", "msg": "2026-08-13 05:33:02 | INFO  | _client.py:_send_single_request:1740 | HTTP Request: POST http://prefect-server:4200/api/work_pools/smarthub-pool/get_scheduled_flow_runs \"HTTP/1.1 200 OK\""}
{"ts": "2026-08-13T05:33:12.931553982Z", "container": "prefect-worker", "msg": "2026-08-13 05:33:12 | INFO  | _client.py:_send_single_request:1740 | HTTP Request: POST http://prefect-server:4200/api/work_pools/smarthub-pool/get_scheduled_flow_runs \"HTTP/1.1 200 OK\""}
{"ts": "2026-08-13T05:33:22.112436583Z", "container": "prefect-worker", "msg": "2026-08-13 05:33:22 | INFO  | _client.py:_send_single_request:1740 | HTTP Request: POST http://prefect-server:4200/api/work_pools/smarthub-pool/get_scheduled_flow_runs \"HTTP/1.1 200 OK\""}
{"ts": "2026-08-13T05:33:32.441383662Z", "container": "prefect-worker", "msg": "2026-08-13 05:33:32 | INFO  | _client.py:_send_single_request:1740 | HTTP Request: POST http://prefect-server:4200/api/work_pools/smarthub-pool/get_scheduled_flow_runs \"HTTP/1.1 200 OK\""}
{"ts": "2026-08-13T05:33:40.652747026Z", "container": "prefect-worker", "msg": "2026-08-13 05:33:40 | INFO  | _client.py:_send_single_request:1740 | HTTP Request: POST http://prefect-server:4200/api/work_pools/smarthub-pool/get_scheduled_flow_runs \"HTTP/1.1 200 OK\""}
{"ts": "2026-08-13T05:33:51.524450358Z", "container": "prefect-worker", "msg": "2026-08-13 05:33:51 | INFO  | _client.py:_send_single_request:1740 | HTTP Request: POST http://prefect-server:4200/api/work_pools/smarthub-pool/get_scheduled_flow_runs \"HTTP/1.1 200 OK\""}
{"ts": "2026-08-13T05:34:02.060976721Z", "container": "prefect-worker", "msg": "2026-08-13 05:34:02 | INFO  | _client.py:_send_single_request:1740 | HTTP Request: POST http://prefect-server:4200/api/work_pools/smarthub-pool/get_scheduled_flow_runs \"HTTP/1.1 200 OK\""}
{"ts": "2026-08-13T05:34:14.134898472Z", "container": "prefect-worker", "msg": "2026-08-13 05:34:14 | INFO  | _client.py:_send_single_request:1740 | HTTP Request: POST http://prefect-server:4200/api/work_pools/smarthub-pool/get_scheduled_flow_runs \"HTTP/1.1 200 OK\""}
{"ts": "2026-08-13T05:34:21.793985787Z", "container": "prefect-worker", "msg": "2026-08-13 05:34:21 | INFO  | _client.py:_send_single_request:1740 | HTTP Request: POST http://prefect-server:4200/api/work_pools/smarthub-pool/get_scheduled_flow_runs \"HTTP/1.1 200 OK\""}
{"ts": "2026-08-13T05:34:34.781146928Z", "container": "prefect-worker", "msg": "2026-08-13 05:34:34 | INFO  | _client.py:_send_single_request:1740 | HTTP Request: POST http://prefect-server:4200/api/work_pools/smarthub-pool/get_scheduled_flow_runs \"HTTP/1.1 200 OK\""}
{"ts": "2026-08-13T05:34:45.745410345Z", "container": "prefect-worker", "msg": "2026-08-13 05:34:45 | INFO  | _client.py:_send_single_request:1740 | HTTP Request: POST http://prefect-server:4200/api/work_pools/smarthub-pool/get_scheduled_flow_runs \"HTTP/1.1 200 OK\""}
{"ts": "2026-08-13T05:34:58.423681668Z", "container": "prefect-worker", "msg": "2026-08-13 05:34:58 | INFO  | _client.py:_send_single_request:1740 | HTTP Request: POST http://prefect-server:4200/api/work_pools/smarthub-pool/get_scheduled_flow_runs \"HTTP/1.1 200 OK\""}
{"ts": "2026-08-13T05:35:10.817909053Z", "container": "prefect-worker", "msg": "2026-08-13 05:35:10 | INFO  | _client.py:_send_single_request:1740 | HTTP Request: POST http://prefect-server:4200/api/work_pools/smarthub-pool/get_scheduled_flow_runs \"HTTP/1.1 200 OK\""}
{"ts": "2026-08-13T05:35:23.449854389Z", "container": "prefect-worker", "msg": "2026-08-13 05:35:23 | INFO  | _client.py:_send_single_request:1740 | HTTP Request: POST http://prefect-server:4200/api/work_pools/smarthub-pool/get_scheduled_flow_runs \"HTTP/1.1 200 OK\""}
{"ts": "2026-08-13T05:35:33.253608891Z", "container": "prefect-worker", "msg": "2026-08-13 05:35:33 | INFO  | _client.py:_send_single_request:1740 | HTTP Request: POST http://prefect-server:4200/api/work_pools/smarthub-pool/get_scheduled_flow_runs \"HTTP/1.1 200 OK\""}
{"ts": "2026-08-13T05:35:41.257962707Z", "container": "prefect-worker", "msg": "2026-08-13 05:35:41 | INFO  | _client.py:_send_single_request:1740 | HTTP Request: POST http://prefect-server:4200/api/work_pools/smarthub-pool/get_scheduled_flow_runs \"HTTP/1.1 200 OK\""}
{"ts": "2026-08-13T05:35:50.298805058Z", "container": "prefect-worker", "msg": "2026-08-13 05:35:50 | INFO  | _client.py:_send_single_request:1740 | HTTP Request: POST http://prefect-server:4200/api/work_pools/smarthub-pool/get_scheduled_flow_runs \"HTTP/1.1 200 OK\""}
{"ts": "2026-08-13T05:35:58.033445997Z", "container": "prefect-worker", "msg": "2026-08-13 05:35:58 | INFO  | _client.py:_send_single_request:1740 | HTTP Request: POST http://prefect-server:4200/api/work_pools/smarthub-pool/get_scheduled_flow_runs \"HTTP/1.1 200 OK\""}
{"ts": "2026-08-13T05:36:11.014369876Z", "container": "prefect-worker", "msg": "2026-08-13 05:36:11 | INFO  | _client.py:_send_single_request:1740 | HTTP Request: POST http://prefect-server:4200/api/work_pools/smarthub-pool/get_scheduled_flow_runs \"HTTP/1.1 200 OK\""}
{"ts": "2026-08-13T05:36:22.492492185Z", "container": "prefect-worker", "msg": "2026-08-13 05:36:22 | INFO  | _client.py:_send_single_request:1740 | HTTP Request: POST http://prefect-server:4200/api/work_pools/smarthub-pool/get_scheduled_flow_runs \"HTTP/1.1 200 OK\""}
{"ts": "2026-08-13T05:36:33.908279185Z", "container": "prefect-worker", "msg": "2026-08-13 05:36:33 | INFO  | _client.py:_send_single_request:1740 | HTTP Request: POST http://prefect-server:4200/api/work_pools/smarthub-pool/get_scheduled_flow_runs \"HTTP/1.1 200 OK\""}
{"ts": "2026-08-13T05:36:44.890441393Z", "container": "prefect-worker", "msg": "2026-08-13 05:36:44 | INFO  | _client.py:_send_single_request:1740 | HTTP Request: POST http://prefect-server:4200/api/work_pools/smarthub-pool/get_scheduled_flow_runs \"HTTP/1.1 200 OK\""}
{"ts": "2026-08-13T05:36:52.979485013Z", "container": "prefect-worker", "msg": "2026-08-13 05:36:52 | INFO  | _client.py:_send_single_request:1740 | HTTP Request: POST http://prefect-server:4200/api/work_pools/smarthub-pool/get_scheduled_flow_runs \"HTTP/1.1 200 OK\""}
{"ts": "2026-08-13T05:37:02.034658905Z", "container": "prefect-worker", "msg": "2026-08-13 05:37:02 | INFO  | _client.py:_send_single_request:1740 | HTTP Request: POST http://prefect-server:4200/api/work_pools/smarthub-pool/get_scheduled_flow_runs \"HTTP/1.1 200 OK\""}
{"ts": "2026-08-13T05:37:11.046756836Z", "container": "prefect-worker", "msg": "2026-08-13 05:37:11 | INFO  | _client.py:_send_single_request:1740 | HTTP Request: POST http://prefect-server:4200/api/work_pools/smarthub-pool/get_scheduled_flow_runs \"HTTP/1.1 200 OK\""}
{"ts": "2026-08-13T05:37:20.876051767Z", "container": "prefect-worker", "msg": "2026-08-13 05:37:20 | INFO  | _client.py:_send_single_request:1740 | HTTP Request: POST http://prefect-server:4200/api/work_pools/smarthub-pool/get_scheduled_flow_runs \"HTTP/1.1 200 OK\""}
{"ts": "2026-08-13T05:37:29.775862196Z", "container": "prefect-worker", "msg": "2026-08-13 05:37:29 | INFO  | _client.py:_send_single_request:1740 | HTTP Request: POST http://prefect-server:4200/api/work_pools/smarthub-pool/get_scheduled_flow_runs \"HTTP/1.1 200 OK\""}
{"ts": "2026-08-13T05:37:39.129906716Z", "container": "prefect-worker", "msg": "2026-08-13 05:37:39 | INFO  | _client.py:_send_single_request:1740 | HTTP Request: POST http://prefect-server:4200/api/work_pools/smarthub-pool/get_scheduled_flow_runs \"HTTP/1.1 200 OK\""}
{"ts": "2026-08-13T05:37:50.952150813Z", "container": "prefect-worker", "msg": "2026-08-13 05:37:50 | INFO  | _client.py:_send_single_request:1740 | HTTP Request: POST http://prefect-server:4200/api/work_pools/smarthub-pool/get_scheduled_flow_runs \"HTTP/1.1 200 OK\""}
{"ts": "2026-08-13T05:37:58.793749538Z", "container": "prefect-worker", "msg": "2026-08-13 05:37:58 | INFO  | _client.py:_send_single_request:1740 | HTTP Request: POST http://prefect-server:4200/api/work_pools/smarthub-pool/get_scheduled_flow_runs \"HTTP/1.1 200 OK\""}
{"ts": "2026-08-13T05:38:08.398426888Z", "container": "prefect-worker", "msg": "2026-08-13 05:38:08 | INFO  | _client.py:_send_single_request:1740 | HTTP Request: POST http://prefect-server:4200/api/work_pools/smarthub-pool/get_scheduled_flow_runs \"HTTP/1.1 200 OK\""}
{"ts": "2026-08-13T05:38:16.602529115Z", "container": "prefect-worker", "msg": "2026-08-13 05:38:16 | INFO  | _client.py:_send_single_request:1740 | HTTP Request: POST http://prefect-server:4200/api/work_pools/smarthub-pool/get_scheduled_flow_runs \"HTTP/1.1 200 OK\""}
{"ts": "2026-08-13T05:38:27.865546814Z", "container": "prefect-worker", "msg": "2026-08-13 05:38:27 | INFO  | _client.py:_send_single_request:1740 | HTTP Request: POST http://prefect-server:4200/api/work_pools/smarthub-pool/get_scheduled_flow_runs \"HTTP/1.1 200 OK\""}
{"ts": "2026-08-13T05:38:38.533115823Z", "container": "prefect-worker", "msg": "2026-08-13 05:38:38 | INFO  | _client.py:_send_single_request:1740 | HTTP Request: POST http://prefect-server:4200/api/work_pools/smarthub-pool/get_scheduled_flow_runs \"HTTP/1.1 200 OK\""}
{"ts": "2026-08-13T05:38:46.299254059Z", "container": "prefect-worker", "msg": "2026-08-13 05:38:46 | INFO  | _client.py:_send_single_request:1740 | HTTP Request: POST http://prefect-server:4200/api/work_pools/smarthub-pool/get_scheduled_flow_runs \"HTTP/1.1 200 OK\""}
{"ts": "2026-08-13T05:38:57.513489257Z", "container": "prefect-worker", "msg": "2026-08-13 05:38:57 | INFO  | _client.py:_send_single_request:1740 | HTTP Request: POST http://prefect-server:4200/api/work_pools/smarthub-pool/get_scheduled_flow_runs \"HTTP/1.1 200 OK\""}
{"ts": "2026-08-13T05:39:10.077521897Z", "container": "prefect-worker", "msg": "2026-08-13 05:39:10 | INFO  | _client.py:_send_single_request:1740 | HTTP Request: POST http://prefect-server:4200/api/work_pools/smarthub-pool/get_scheduled_flow_runs \"HTTP/1.1 200 OK\""}
{"ts": "2026-08-13T05:39:22.874231636Z", "container": "prefect-worker", "msg": "2026-08-13 05:39:22 | INFO  | _client.py:_send_single_request:1740 | HTTP Request: POST http://prefect-server:4200/api/work_pools/smarthub-pool/get_scheduled_flow_runs \"HTTP/1.1 200 OK\""}
{"ts": "2026-08-13T05:39:30.479483333Z", "container": "prefect-worker", "msg": "2026-08-13 05:39:30 | INFO  | _client.py:_send_single_request:1740 | HTTP Request: POST http://prefect-server:4200/api/work_pools/smarthub-pool/get_scheduled_flow_runs \"HTTP/1.1 200 OK\""}
{"ts": "2026-08-13T05:39:42.589218727Z", "container": "prefect-worker", "msg": "2026-08-13 05:39:42 | INFO  | _client.py:_send_single_request:1740 | HTTP Request: POST http://prefect-server:4200/api/work_pools/smarthub-pool/get_scheduled_flow_runs \"HTTP/1.1 200 OK\""}
{"ts": "2026-08-13T05:39:52.411906073Z", "container": "prefect-worker", "msg": "2026-08-13 05:39:52 | INFO  | _client.py:_send_single_request:1740 | HTTP Request: POST http://prefect-server:4200/api/work_pools/smarthub-pool/get_scheduled_flow_runs \"HTTP/1.1 200 OK\""}
{"ts": "2026-08-13T05:40:01.449572203Z", "container": "prefect-worker", "msg": "2026-08-13 05:40:01 | INFO  | _client.py:_send_single_request:1740 | HTTP Request: POST http://prefect-server:4200/api/work_pools/smarthub-pool/get_scheduled_flow_runs \"HTTP/1.1 200 OK\""}
{"ts": "2026-08-13T05:40:13.265423681Z", "container": "prefect-worker", "msg": "2026-08-13 05:40:13 | INFO  | _client.py:_send_single_request:1740 | HTTP Request: POST http://prefect-server:4200/api/work_pools/smarthub-pool/get_scheduled_flow_runs \"HTTP/1.1 200 OK\""}
{"ts": "2026-08-13T05:40:23.535027358Z", "container": "prefect-worker", "msg": "2026-08-13 05:40:23 | INFO  | _client.py:_send_single_request:1740 | HTTP Request: POST http://prefect-server:4200/api/work_pools/smarthub-pool/get_scheduled_flow_runs \"HTTP/1.1 200 OK\""}
{"ts": "2026-08-13T05:40:31.607974779Z", "container": "prefect-worker", "msg": "2026-08-13 05:40:31 | INFO  | _client.py:_send_single_request:1740 | HTTP Request: POST http://prefect-server:4200/api/work_pools/smarthub-pool/get_scheduled_flow_runs \"HTTP/1.1 200 OK\""}
{"ts": "2026-08-13T05:40:42.975630536Z", "container": "prefect-worker", "msg": "2026-08-13 05:40:42 | INFO  | _client.py:_send_single_request:1740 | HTTP Request: POST http://prefect-server:4200/api/work_pools/smarthub-pool/get_scheduled_flow_runs \"HTTP/1.1 200 OK\""}
{"ts": "2026-08-13T05:40:50.533685319Z", "container": "prefect-worker", "msg": "2026-08-13 05:40:50 | INFO  | _client.py:_send_single_request:1740 | HTTP Request: POST http://prefect-server:4200/api/work_pools/smarthub-pool/get_scheduled_flow_runs \"HTTP/1.1 200 OK\""}
{"ts": "2026-08-13T05:41:03.190928346Z", "container": "prefect-worker", "msg": "2026-08-13 05:41:03 | INFO  | _client.py:_send_single_request:1740 | HTTP Request: POST http://prefect-server:4200/api/work_pools/smarthub-pool/get_scheduled_flow_runs \"HTTP/1.1 200 OK\""}
{"ts": "2026-08-13T05:41:11.686683110Z", "container": "prefect-worker", "msg": "2026-08-13 05:41:11 | INFO  | _client.py:_send_single_request:1740 | HTTP Request: POST http://prefect-server:4200/api/work_pools/smarthub-pool/get_scheduled_flow_runs \"HTTP/1.1 200 OK\""}
{"ts": "2026-08-13T05:41:19.284954706Z", "container": "prefect-worker", "msg": "2026-08-13 05:41:19 | INFO  | _client.py:_send_single_request:1740 | HTTP Request: POST http://prefect-server:4200/api/work_pools/smarthub-pool/get_scheduled_flow_runs \"HTTP/1.1 200 OK\""}
{"ts": "2026-08-13T05:41:31.706133157Z", "container": "prefect-worker", "msg": "2026-08-13 05:41:31 | INFO  | _client.py:_send_single_request:1740 | HTTP Request: POST http://prefect-server:4200/api/work_pools/smarthub-pool/get_scheduled_flow_runs \"HTTP/1.1 200 OK\""}
{"ts": "2026-08-13T05:41:43.453715949Z", "container": "prefect-worker", "msg": "2026-08-13 05:41:43 | INFO  | _client.py:_send_single_request:1740 | HTTP Request: POST http://prefect-server:4200/api/work_pools/smarthub-pool/get_scheduled_flow_runs \"HTTP/1.1 200 OK\""}
{"ts": "2026-08-13T05:41:52.893365085Z", "container": "prefect-worker", "msg": "2026-08-13 05:41:52 | INFO  | _client.py:_send_single_request:1740 | HTTP Request: POST http://prefect-server:4200/api/work_pools/smarthub-pool/get_scheduled_flow_runs \"HTTP/1.1 200 OK\""}
{"ts": "2026-08-13T05:42:01.817804847Z", "container": "prefect-worker", "msg": "2026-08-13 05:42:01 | INFO  | _client.py:_send_single_request:1740 | HTTP Request: POST http://prefect-server:4200/api/work_pools/smarthub-pool/get_scheduled_flow_runs \"HTTP/1.1 200 OK\""}
{"ts": "2026-08-13T05:42:11.832370285Z", "container": "prefect-worker", "msg": "2026-08-13 05:42:11 | INFO  | _client.py:_send_single_request:1740 | HTTP Request: POST http://prefect-server:4200/api/work_pools/smarthub-pool/get_scheduled_flow_runs \"HTTP/1.1 200 OK\""}
{"ts": "2026-08-13T05:42:21.472885459Z", "container": "prefect-worker", "msg": "2026-08-13 05:42:21 | INFO  | _client.py:_send_single_request:1740 | HTTP Request: POST http://prefect-server:4200/api/work_pools/smarthub-pool/get_scheduled_flow_runs \"HTTP/1.1 200 OK\""}
{"ts": "2026-08-13T05:42:32.037406189Z", "container": "prefect-worker", "msg": "2026-08-13 05:42:32 | INFO  | _client.py:_send_single_request:1740 | HTTP Request: POST http://prefect-server:4200/api/work_pools/smarthub-pool/get_scheduled_flow_runs \"HTTP/1.1 200 OK\""}
{"ts": "2026-08-13T05:42:43.397724609Z", "container": "prefect-worker", "msg": "2026-08-13 05:42:43 | INFO  | _client.py:_send_single_request:1740 | HTTP Request: POST http://prefect-server:4200/api/work_pools/smarthub-pool/get_scheduled_flow_runs \"HTTP/1.1 200 OK\""}
{"ts": "2026-08-13T05:42:55.705684823Z", "container": "prefect-worker", "msg": "2026-08-13 05:42:55 | INFO  | _client.py:_send_single_request:1740 | HTTP Request: POST http://prefect-server:4200/api/work_pools/smarthub-pool/get_scheduled_flow_runs \"HTTP/1.1 200 OK\""}
{"ts": "2026-08-13T05:43:03.353147573Z", "container": "prefect-worker", "msg": "2026-08-13 05:43:03 | INFO  | _client.py:_send_single_request:1740 | HTTP Request: POST http://prefect-server:4200/api/work_pools/smarthub-pool/get_scheduled_flow_runs \"HTTP/1.1 200 OK\""}
{"ts": "2026-08-13T05:43:14.046047745Z", "container": "prefect-worker", "msg": "2026-08-13 05:43:14 | INFO  | _client.py:_send_single_request:1740 | HTTP Request: POST http://prefect-server:4200/api/work_pools/smarthub-pool/get_scheduled_flow_runs \"HTTP/1.1 200 OK\""}
{"ts": "2026-08-13T05:43:22.708586219Z", "container": "prefect-worker", "msg": "2026-08-13 05:43:22 | INFO  | _client.py:_send_single_request:1740 | HTTP Request: POST http://prefect-server:4200/api/work_pools/smarthub-pool/get_scheduled_flow_runs \"HTTP/1.1 200 OK\""}
{"ts": "2026-08-13T05:43:32.676512312Z", "container": "prefect-worker", "msg": "2026-08-13 05:43:32 | INFO  | _client.py:_send_single_request:1740 | HTTP Request: POST http://prefect-server:4200/api/work_pools/smarthub-pool/get_scheduled_flow_runs \"HTTP/1.1 200 OK\""}
{"ts": "2026-08-13T05:43:40.267780101Z", "container": "prefect-worker", "msg": "2026-08-13 05:43:40 | INFO  | _client.py:_send_single_request:1740 | HTTP Request: POST http://prefect-server:4200/api/work_pools/smarthub-pool/get_scheduled_flow_runs \"HTTP/1.1 200 OK\""}
{"ts": "2026-08-13T05:43:51.736897903Z", "container": "prefect-worker", "msg": "2026-08-13 05:43:51 | INFO  | _client.py:_send_single_request:1740 | HTTP Request: POST http://prefect-server:4200/api/work_pools/smarthub-pool/get_scheduled_flow_runs \"HTTP/1.1 200 OK\""}
{"ts": "2026-08-13T05:44:02.455548586Z", "container": "prefect-worker", "msg": "2026-08-13 05:44:02 | INFO  | _client.py:_send_single_request:1740 | HTTP Request: POST http://prefect-server:4200/api/work_pools/smarthub-pool/get_scheduled_flow_runs \"HTTP/1.1 200 OK\""}
{"ts": "2026-08-13T05:44:14.858410740Z", "container": "prefect-worker", "msg": "2026-08-13 05:44:14 | INFO  | _client.py:_send_single_request:1740 | HTTP Request: POST http://prefect-server:4200/api/work_pools/smarthub-pool/get_scheduled_flow_runs \"HTTP/1.1 200 OK\""}
{"ts": "2026-08-13T05:44:24.385702825Z", "container": "prefect-worker", "msg": "2026-08-13 05:44:24 | INFO  | _client.py:_send_single_request:1740 | HTTP Request: POST http://prefect-server:4200/api/work_pools/smarthub-pool/get_scheduled_flow_runs \"HTTP/1.1 200 OK\""}
{"ts": "2026-08-13T05:44:33.220469499Z", "container": "prefect-worker", "msg": "2026-08-13 05:44:33 | INFO  | _client.py:_send_single_request:1740 | HTTP Request: POST http://prefect-server:4200/api/work_pools/smarthub-pool/get_scheduled_flow_runs \"HTTP/1.1 200 OK\""}
{"ts": "2026-08-13T05:44:43.477304102Z", "container": "prefect-worker", "msg": "2026-08-13 05:44:43 | INFO  | _client.py:_send_single_request:1740 | HTTP Request: POST http://prefect-server:4200/api/work_pools/smarthub-pool/get_scheduled_flow_runs \"HTTP/1.1 200 OK\""}
{"ts": "2026-08-13T05:44:53.826918389Z", "container": "prefect-worker", "msg": "2026-08-13 05:44:53 | INFO  | _client.py:_send_single_request:1740 | HTTP Request: POST http://prefect-server:4200/api/work_pools/smarthub-pool/get_scheduled_flow_runs \"HTTP/1.1 200 OK\""}
{"ts": "2026-08-13T05:45:02.610478763Z", "container": "prefect-worker", "msg": "2026-08-13 05:45:02 | INFO  | _client.py:_send_single_request:1740 | HTTP Request: POST http://prefect-server:4200/api/work_pools/smarthub-pool/get_scheduled_flow_runs \"HTTP/1.1 200 OK\""}
{"ts": "2026-08-13T05:45:14.231203478Z", "container": "prefect-worker", "msg": "2026-08-13 05:45:14 | INFO  | _client.py:_send_single_request:1740 | HTTP Request: POST http://prefect-server:4200/api/work_pools/smarthub-pool/get_scheduled_flow_runs \"HTTP/1.1 200 OK\""}
{"ts": "2026-08-13T05:45:22.083937967Z", "container": "prefect-worker", "msg": "2026-08-13 05:45:22 | INFO  | _client.py:_send_single_request:1740 | HTTP Request: POST http://prefect-server:4200/api/work_pools/smarthub-pool/get_scheduled_flow_runs \"HTTP/1.1 200 OK\""}
{"ts": "2026-08-13T05:45:33.829872150Z", "container": "prefect-worker", "msg": "2026-08-13 05:45:33 | INFO  | _client.py:_send_single_request:1740 | HTTP Request: POST http://prefect-server:4200/api/work_pools/smarthub-pool/get_scheduled_flow_runs \"HTTP/1.1 200 OK\""}
{"ts": "2026-08-13T05:45:44.768797177Z", "container": "prefect-worker", "msg": "2026-08-13 05:45:44 | INFO  | _client.py:_send_single_request:1740 | HTTP Request: POST http://prefect-server:4200/api/work_pools/smarthub-pool/get_scheduled_flow_runs \"HTTP/1.1 200 OK\""}
{"ts": "2026-08-13T05:45:57.662964567Z", "container": "prefect-worker", "msg": "2026-08-13 05:45:57 | INFO  | _client.py:_send_single_request:1740 | HTTP Request: POST http://prefect-server:4200/api/work_pools/smarthub-pool/get_scheduled_flow_runs \"HTTP/1.1 200 OK\""}
{"ts": "2026-08-13T05:46:07.519504003Z", "container": "prefect-worker", "msg": "2026-08-13 05:46:07 | INFO  | _client.py:_send_single_request:1740 | HTTP Request: POST http://prefect-server:4200/api/work_pools/smarthub-pool/get_scheduled_flow_runs \"HTTP/1.1 200 OK\""}
{"ts": "2026-08-13T05:46:16.879134120Z", "container": "prefect-worker", "msg": "2026-08-13 05:46:16 | INFO  | _client.py:_send_single_request:1740 | HTTP Request: POST http://prefect-server:4200/api/work_pools/smarthub-pool/get_scheduled_flow_runs \"HTTP/1.1 200 OK\""}
{"ts": "2026-08-13T05:46:27.612124543Z", "container": "prefect-worker", "msg": "2026-08-13 05:46:27 | INFO  | _client.py:_send_single_request:1740 | HTTP Request: POST http://prefect-server:4200/api/work_pools/smarthub-pool/get_scheduled_flow_runs \"HTTP/1.1 200 OK\""}
{"ts": "2026-08-13T05:46:38.311345253Z", "container": "prefect-worker", "msg": "2026-08-13 05:46:38 | INFO  | _client.py:_send_single_request:1740 | HTTP Request: POST http://prefect-server:4200/api/work_pools/smarthub-pool/get_scheduled_flow_runs \"HTTP/1.1 200 OK\""}
{"ts": "2026-08-13T05:46:48.115603631Z", "container": "prefect-worker", "msg": "2026-08-13 05:46:48 | INFO  | _client.py:_send_single_request:1740 | HTTP Request: POST http://prefect-server:4200/api/work_pools/smarthub-pool/get_scheduled_flow_runs \"HTTP/1.1 200 OK\""}
{"ts": "2026-08-13T05:46:58.067186667Z", "container": "prefect-worker", "msg": "2026-08-13 05:46:58 | INFO  | _client.py:_send_single_request:1740 | HTTP Request: POST http://prefect-server:4200/api/work_pools/smarthub-pool/get_scheduled_flow_runs \"HTTP/1.1 200 OK\""}
{"ts": "2026-08-13T05:47:07.860682775Z", "container": "prefect-worker", "msg": "2026-08-13 05:47:07 | INFO  | _client.py:_send_single_request:1740 | HTTP Request: POST http://prefect-server:4200/api/work_pools/smarthub-pool/get_scheduled_flow_runs \"HTTP/1.1 200 OK\""}
{"ts": "2026-08-13T05:47:16.136992811Z", "container": "prefect-worker", "msg": "2026-08-13 05:47:16 | INFO  | _client.py:_send_single_request:1740 | HTTP Request: POST http://prefect-server:4200/api/work_pools/smarthub-pool/get_scheduled_flow_runs \"HTTP/1.1 200 OK\""}
{"ts": "2026-08-13T05:47:25.194220124Z", "container": "prefect-worker", "msg": "2026-08-13 05:47:25 | INFO  | _client.py:_send_single_request:1740 | HTTP Request: POST http://prefect-server:4200/api/work_pools/smarthub-pool/get_scheduled_flow_runs \"HTTP/1.1 200 OK\""}
{"ts": "2026-08-13T05:47:33.360818247Z", "container": "prefect-worker", "msg": "2026-08-13 05:47:33 | INFO  | _client.py:_send_single_request:1740 | HTTP Request: POST http://prefect-server:4200/api/work_pools/smarthub-pool/get_scheduled_flow_runs \"HTTP/1.1 200 OK\""}
{"ts": "2026-08-13T05:47:44.760201053Z", "container": "prefect-worker", "msg": "2026-08-13 05:47:44 | INFO  | _client.py:_send_single_request:1740 | HTTP Request: POST http://prefect-server:4200/api/work_pools/smarthub-pool/get_scheduled_flow_runs \"HTTP/1.1 200 OK\""}
{"ts": "2026-08-13T05:47:56.733353588Z", "container": "prefect-worker", "msg": "2026-08-13 05:47:56 | INFO  | _client.py:_send_single_request:1740 | HTTP Request: POST http://prefect-server:4200/api/work_pools/smarthub-pool/get_scheduled_flow_runs \"HTTP/1.1 200 OK\""}
{"ts": "2026-08-13T05:48:06.531769557Z", "container": "prefect-worker", "msg": "2026-08-13 05:48:06 | INFO  | _client.py:_send_single_request:1740 | HTTP Request: POST http://prefect-server:4200/api/work_pools/smarthub-pool/get_scheduled_flow_runs \"HTTP/1.1 200 OK\""}
{"ts": "2026-08-13T05:48:17.745327804Z", "container": "prefect-worker", "msg": "2026-08-13 05:48:17 | INFO  | _client.py:_send_single_request:1740 | HTTP Request: POST http://prefect-server:4200/api/work_pools/smarthub-pool/get_scheduled_flow_runs \"HTTP/1.1 200 OK\""}
{"ts": "2026-08-13T05:48:26.819776625Z", "container": "prefect-worker", "msg": "2026-08-13 05:48:26 | INFO  | _client.py:_send_single_request:1740 | HTTP Request: POST http://prefect-server:4200/api/work_pools/smarthub-pool/get_scheduled_flow_runs \"HTTP/1.1 200 OK\""}
{"ts": "2026-08-13T05:48:36.916776770Z", "container": "prefect-worker", "msg": "2026-08-13 05:48:36 | INFO  | _client.py:_send_single_request:1740 | HTTP Request: POST http://prefect-server:4200/api/work_pools/smarthub-pool/get_scheduled_flow_runs \"HTTP/1.1 200 OK\""}
{"ts": "2026-08-13T05:48:46.957569994Z", "container": "prefect-worker", "msg": "2026-08-13 05:48:46 | INFO  | _client.py:_send_single_request:1740 | HTTP Request: POST http://prefect-server:4200/api/work_pools/smarthub-pool/get_scheduled_flow_runs \"HTTP/1.1 200 OK\""}
{"ts": "2026-08-13T05:48:57.007627416Z", "container": "prefect-worker", "msg": "2026-08-13 05:48:57 | INFO  | _client.py:_send_single_request:1740 | HTTP Request: POST http://prefect-server:4200/api/work_pools/smarthub-pool/get_scheduled_flow_runs \"HTTP/1.1 200 OK\""}
{"ts": "2026-08-13T05:49:08.260795438Z", "container": "prefect-worker", "msg": "2026-08-13 05:49:08 | INFO  | _client.py:_send_single_request:1740 | HTTP Request: POST http://prefect-server:4200/api/work_pools/smarthub-pool/get_scheduled_flow_runs \"HTTP/1.1 200 OK\""}
{"ts": "2026-08-13T05:49:17.779844777Z", "container": "prefect-worker", "msg": "2026-08-13 05:49:17 | INFO  | _client.py:_send_single_request:1740 | HTTP Request: POST http://prefect-server:4200/api/work_pools/smarthub-pool/get_scheduled_flow_runs \"HTTP/1.1 200 OK\""}
{"ts": "2026-08-13T05:49:27.643686560Z", "container": "prefect-worker", "msg": "2026-08-13 05:49:27 | INFO  | _client.py:_send_single_request:1740 | HTTP Request: POST http://prefect-server:4200/api/work_pools/smarthub-pool/get_scheduled_flow_runs \"HTTP/1.1 200 OK\""}
{"ts": "2026-08-13T05:49:38.515430096Z", "container": "prefect-worker", "msg": "2026-08-13 05:49:38 | INFO  | _client.py:_send_single_request:1740 | HTTP Request: POST http://prefect-server:4200/api/work_pools/smarthub-pool/get_scheduled_flow_runs \"HTTP/1.1 200 OK\""}
{"ts": "2026-08-13T05:49:50.012286512Z", "container": "prefect-worker", "msg": "2026-08-13 05:49:50 | INFO  | _client.py:_send_single_request:1740 | HTTP Request: POST http://prefect-server:4200/api/work_pools/smarthub-pool/get_scheduled_flow_runs \"HTTP/1.1 200 OK\""}
{"ts": "2026-08-13T05:50:01.115894989Z", "container": "prefect-worker", "msg": "2026-08-13 05:50:01 | INFO  | _client.py:_send_single_request:1740 | HTTP Request: POST http://prefect-server:4200/api/work_pools/smarthub-pool/get_scheduled_flow_runs \"HTTP/1.1 200 OK\""}
{"ts": "2026-08-13T05:50:12.056676551Z", "container": "prefect-worker", "msg": "2026-08-13 05:50:12 | INFO  | _client.py:_send_single_request:1740 | HTTP Request: POST http://prefect-server:4200/api/work_pools/smarthub-pool/get_scheduled_flow_runs \"HTTP/1.1 200 OK\""}
{"ts": "2026-08-13T05:50:20.081966828Z", "container": "prefect-worker", "msg": "2026-08-13 05:50:20 | INFO  | _client.py:_send_single_request:1740 | HTTP Request: POST http://prefect-server:4200/api/work_pools/smarthub-pool/get_scheduled_flow_runs \"HTTP/1.1 200 OK\""}
{"ts": "2026-08-13T05:50:30.146213997Z", "container": "prefect-worker", "msg": "2026-08-13 05:50:30 | INFO  | _client.py:_send_single_request:1740 | HTTP Request: POST http://prefect-server:4200/api/work_pools/smarthub-pool/get_scheduled_flow_runs \"HTTP/1.1 200 OK\""}
{"ts": "2026-08-13T05:50:42.123668423Z", "container": "prefect-worker", "msg": "2026-08-13 05:50:42 | INFO  | _client.py:_send_single_request:1740 | HTTP Request: POST http://prefect-server:4200/api/work_pools/smarthub-pool/get_scheduled_flow_runs \"HTTP/1.1 200 OK\""}
{"ts": "2026-08-13T05:50:53.021104921Z", "container": "prefect-worker", "msg": "2026-08-13 05:50:53 | INFO  | _client.py:_send_single_request:1740 | HTTP Request: POST http://prefect-server:4200/api/work_pools/smarthub-pool/get_scheduled_flow_runs \"HTTP/1.1 200 OK\""}
{"ts": "2026-08-13T05:51:01.509365212Z", "container": "prefect-worker", "msg": "2026-08-13 05:51:01 | INFO  | _client.py:_send_single_request:1740 | HTTP Request: POST http://prefect-server:4200/api/work_pools/smarthub-pool/get_scheduled_flow_runs \"HTTP/1.1 200 OK\""}
{"ts": "2026-08-13T05:51:09.389488815Z", "container": "prefect-worker", "msg": "2026-08-13 05:51:09 | INFO  | _client.py:_send_single_request:1740 | HTTP Request: POST http://prefect-server:4200/api/work_pools/smarthub-pool/get_scheduled_flow_runs \"HTTP/1.1 200 OK\""}
{"ts": "2026-08-13T05:51:18.743365346Z", "container": "prefect-worker", "msg": "2026-08-13 05:51:18 | INFO  | _client.py:_send_single_request:1740 | HTTP Request: POST http://prefect-server:4200/api/work_pools/smarthub-pool/get_scheduled_flow_runs \"HTTP/1.1 200 OK\""}
{"ts": "2026-08-13T05:51:26.496582671Z", "container": "prefect-worker", "msg": "2026-08-13 05:51:26 | INFO  | _client.py:_send_single_request:1740 | HTTP Request: POST http://prefect-server:4200/api/work_pools/smarthub-pool/get_scheduled_flow_runs \"HTTP/1.1 200 OK\""}
{"ts": "2026-08-13T05:51:36.396414495Z", "container": "prefect-worker", "msg": "2026-08-13 05:51:36 | INFO  | _client.py:_send_single_request:1740 | HTTP Request: POST http://prefect-server:4200/api/work_pools/smarthub-pool/get_scheduled_flow_runs \"HTTP/1.1 200 OK\""}
{"ts": "2026-08-13T05:51:47.431920780Z", "container": "prefect-worker", "msg": "2026-08-13 05:51:47 | INFO  | _client.py:_send_single_request:1740 | HTTP Request: POST http://prefect-server:4200/api/work_pools/smarthub-pool/get_scheduled_flow_runs \"HTTP/1.1 200 OK\""}
{"ts": "2026-08-13T05:51:57.321556522Z", "container": "prefect-worker", "msg": "2026-08-13 05:51:57 | INFO  | _client.py:_send_single_request:1740 | HTTP Request: POST http://prefect-server:4200/api/work_pools/smarthub-pool/get_scheduled_flow_runs \"HTTP/1.1 200 OK\""}
{"ts": "2026-08-13T05:52:09.493328205Z", "container": "prefect-worker", "msg": "2026-08-13 05:52:09 | INFO  | _client.py:_send_single_request:1740 | HTTP Request: POST http://prefect-server:4200/api/work_pools/smarthub-pool/get_scheduled_flow_runs \"HTTP/1.1 200 OK\""}
{"ts": "2026-08-13T05:52:17.881335103Z", "container": "prefect-worker", "msg": "2026-08-13 05:52:17 | INFO  | _client.py:_send_single_request:1740 | HTTP Request: POST http://prefect-server:4200/api/work_pools/smarthub-pool/get_scheduled_flow_runs \"HTTP/1.1 200 OK\""}
{"ts": "2026-08-13T05:52:25.948456915Z", "container": "prefect-worker", "msg": "2026-08-13 05:52:25 | INFO  | _client.py:_send_single_request:1740 | HTTP Request: POST http://prefect-server:4200/api/work_pools/smarthub-pool/get_scheduled_flow_runs \"HTTP/1.1 200 OK\""}
{"ts": "2026-08-13T05:52:37.397520550Z", "container": "prefect-worker", "msg": "2026-08-13 05:52:37 | INFO  | _client.py:_send_single_request:1740 | HTTP Request: POST http://prefect-server:4200/api/work_pools/smarthub-pool/get_scheduled_flow_runs \"HTTP/1.1 200 OK\""}
{"ts": "2026-08-13T05:52:45.372546736Z", "container": "prefect-worker", "msg": "2026-08-13 05:52:45 | INFO  | _client.py:_send_single_request:1740 | HTTP Request: POST http://prefect-server:4200/api/work_pools/smarthub-pool/get_scheduled_flow_runs \"HTTP/1.1 200 OK\""}
{"ts": "2026-08-13T05:52:57.270163656Z", "container": "prefect-worker", "msg": "2026-08-13 05:52:57 | INFO  | _client.py:_send_single_request:1740 | HTTP Request: POST http://prefect-server:4200/api/work_pools/smarthub-pool/get_scheduled_flow_runs \"HTTP/1.1 200 OK\""}
{"ts": "2026-08-13T05:53:07.641495334Z", "container": "prefect-worker", "msg": "2026-08-13 05:53:07 | INFO  | _client.py:_send_single_request:1740 | HTTP Request: POST http://prefect-server:4200/api/work_pools/smarthub-pool/get_scheduled_flow_runs \"HTTP/1.1 200 OK\""}
{"ts": "2026-08-13T05:53:19.723916206Z", "container": "prefect-worker", "msg": "2026-08-13 05:53:19 | INFO  | _client.py:_send_single_request:1740 | HTTP Request: POST http://prefect-server:4200/api/work_pools/smarthub-pool/get_scheduled_flow_runs \"HTTP/1.1 200 OK\""}
{"ts": "2026-08-13T05:53:30.957185626Z", "container": "prefect-worker", "msg": "2026-08-13 05:53:30 | INFO  | _client.py:_send_single_request:1740 | HTTP Request: POST http://prefect-server:4200/api/work_pools/smarthub-pool/get_scheduled_flow_runs \"HTTP/1.1 200 OK\""}
{"ts": "2026-08-13T05:53:42.913049308Z", "container": "prefect-worker", "msg": "2026-08-13 05:53:42 | INFO  | _client.py:_send_single_request:1740 | HTTP Request: POST http://prefect-server:4200/api/work_pools/smarthub-pool/get_scheduled_flow_runs \"HTTP/1.1 200 OK\""}
{"ts": "2026-08-13T05:53:51.131386472Z", "container": "prefect-worker", "msg": "2026-08-13 05:53:51 | INFO  | _client.py:_send_single_request:1740 | HTTP Request: POST http://prefect-server:4200/api/work_pools/smarthub-pool/get_scheduled_flow_runs \"HTTP/1.1 200 OK\""}
{"ts": "2026-08-13T05:53:59.157559871Z", "container": "prefect-worker", "msg": "2026-08-13 05:53:59 | INFO  | _client.py:_send_single_request:1740 | HTTP Request: POST http://prefect-server:4200/api/work_pools/smarthub-pool/get_scheduled_flow_runs \"HTTP/1.1 200 OK\""}
{"ts": "2026-08-13T05:54:08.003531545Z", "container": "prefect-worker", "msg": "2026-08-13 05:54:08 | INFO  | _client.py:_send_single_request:1740 | HTTP Request: POST http://prefect-server:4200/api/work_pools/smarthub-pool/get_scheduled_flow_runs \"HTTP/1.1 200 OK\""}
{"ts": "2026-08-13T05:54:16.905044570Z", "container": "prefect-worker", "msg": "2026-08-13 05:54:16 | INFO  | _client.py:_send_single_request:1740 | HTTP Request: POST http://prefect-server:4200/api/work_pools/smarthub-pool/get_scheduled_flow_runs \"HTTP/1.1 200 OK\""}
{"ts": "2026-08-13T05:54:26.988858458Z", "container": "prefect-worker", "msg": "2026-08-13 05:54:26 | INFO  | _client.py:_send_single_request:1740 | HTTP Request: POST http://prefect-server:4200/api/work_pools/smarthub-pool/get_scheduled_flow_runs \"HTTP/1.1 200 OK\""}
{"ts": "2026-08-13T05:54:38.943312243Z", "container": "prefect-worker", "msg": "2026-08-13 05:54:38 | INFO  | _client.py:_send_single_request:1740 | HTTP Request: POST http://prefect-server:4200/api/work_pools/smarthub-pool/get_scheduled_flow_runs \"HTTP/1.1 200 OK\""}
{"ts": "2026-08-13T05:54:46.935738550Z", "container": "prefect-worker", "msg": "2026-08-13 05:54:46 | INFO  | _client.py:_send_single_request:1740 | HTTP Request: POST http://prefect-server:4200/api/work_pools/smarthub-pool/get_scheduled_flow_runs \"HTTP/1.1 200 OK\""}
{"ts": "2026-08-13T05:54:54.571151446Z", "container": "prefect-worker", "msg": "2026-08-13 05:54:54 | INFO  | _client.py:_send_single_request:1740 | HTTP Request: POST http://prefect-server:4200/api/work_pools/smarthub-pool/get_scheduled_flow_runs \"HTTP/1.1 200 OK\""}
{"ts": "2026-08-13T05:55:05.681871014Z", "container": "prefect-worker", "msg": "2026-08-13 05:55:05 | INFO  | _client.py:_send_single_request:1740 | HTTP Request: POST http://prefect-server:4200/api/work_pools/smarthub-pool/get_scheduled_flow_runs \"HTTP/1.1 200 OK\""}
{"ts": "2026-08-13T05:55:14.549575790Z", "container": "prefect-worker", "msg": "2026-08-13 05:55:14 | INFO  | _client.py:_send_single_request:1740 | HTTP Request: POST http://prefect-server:4200/api/work_pools/smarthub-pool/get_scheduled_flow_runs \"HTTP/1.1 200 OK\""}
{"ts": "2026-08-13T05:55:22.959646701Z", "container": "prefect-worker", "msg": "2026-08-13 05:55:22 | INFO  | _client.py:_send_single_request:1740 | HTTP Request: POST http://prefect-server:4200/api/work_pools/smarthub-pool/get_scheduled_flow_runs \"HTTP/1.1 200 OK\""}
{"ts": "2026-08-13T05:55:34.387570655Z", "container": "prefect-worker", "msg": "2026-08-13 05:55:34 | INFO  | _client.py:_send_single_request:1740 | HTTP Request: POST http://prefect-server:4200/api/work_pools/smarthub-pool/get_scheduled_flow_runs \"HTTP/1.1 200 OK\""}
{"ts": "2026-08-13T05:55:43.104149139Z", "container": "prefect-worker", "msg": "2026-08-13 05:55:43 | INFO  | _client.py:_send_single_request:1740 | HTTP Request: POST http://prefect-server:4200/api/work_pools/smarthub-pool/get_scheduled_flow_runs \"HTTP/1.1 200 OK\""}
{"ts": "2026-08-13T05:55:52.358947434Z", "container": "prefect-worker", "msg": "2026-08-13 05:55:52 | INFO  | _client.py:_send_single_request:1740 | HTTP Request: POST http://prefect-server:4200/api/work_pools/smarthub-pool/get_scheduled_flow_runs \"HTTP/1.1 200 OK\""}
{"ts": "2026-08-13T05:56:00.915283863Z", "container": "prefect-worker", "msg": "2026-08-13 05:56:00 | INFO  | _client.py:_send_single_request:1740 | HTTP Request: POST http://prefect-server:4200/api/work_pools/smarthub-pool/get_scheduled_flow_runs \"HTTP/1.1 200 OK\""}
{"ts": "2026-08-13T05:56:09.853447324Z", "container": "prefect-worker", "msg": "2026-08-13 05:56:09 | INFO  | _client.py:_send_single_request:1740 | HTTP Request: POST http://prefect-server:4200/api/work_pools/smarthub-pool/get_scheduled_flow_runs \"HTTP/1.1 200 OK\""}
{"ts": "2026-08-13T05:56:21.290588002Z", "container": "prefect-worker", "msg": "2026-08-13 05:56:21 | INFO  | _client.py:_send_single_request:1740 | HTTP Request: POST http://prefect-server:4200/api/work_pools/smarthub-pool/get_scheduled_flow_runs \"HTTP/1.1 200 OK\""}
{"ts": "2026-08-13T05:56:30.345746486Z", "container": "prefect-worker", "msg": "2026-08-13 05:56:30 | INFO  | _client.py:_send_single_request:1740 | HTTP Request: POST http://prefect-server:4200/api/work_pools/smarthub-pool/get_scheduled_flow_runs \"HTTP/1.1 200 OK\""}
{"ts": "2026-08-13T05:56:38.940719150Z", "container": "prefect-worker", "msg": "2026-08-13 05:56:38 | INFO  | _client.py:_send_single_request:1740 | HTTP Request: POST http://prefect-server:4200/api/work_pools/smarthub-pool/get_scheduled_flow_runs \"HTTP/1.1 200 OK\""}
{"ts": "2026-08-13T05:56:50.033113910Z", "container": "prefect-worker", "msg": "2026-08-13 05:56:50 | INFO  | _client.py:_send_single_request:1740 | HTTP Request: POST http://prefect-server:4200/api/work_pools/smarthub-pool/get_scheduled_flow_runs \"HTTP/1.1 200 OK\""}
{"ts": "2026-08-13T05:56:59.153544054Z", "container": "prefect-worker", "msg": "2026-08-13 05:56:59 | INFO  | _client.py:_send_single_request:1740 | HTTP Request: POST http://prefect-server:4200/api/work_pools/smarthub-pool/get_scheduled_flow_runs \"HTTP/1.1 200 OK\""}
{"ts": "2026-08-13T05:57:07.887969250Z", "container": "prefect-worker", "msg": "2026-08-13 05:57:07 | INFO  | _client.py:_send_single_request:1740 | HTTP Request: POST http://prefect-server:4200/api/work_pools/smarthub-pool/get_scheduled_flow_runs \"HTTP/1.1 200 OK\""}
{"ts": "2026-08-13T05:57:16.054772605Z", "container": "prefect-worker", "msg": "2026-08-13 05:57:16 | INFO  | _client.py:_send_single_request:1740 | HTTP Request: POST http://prefect-server:4200/api/work_pools/smarthub-pool/get_scheduled_flow_runs \"HTTP/1.1 200 OK\""}
{"ts": "2026-08-13T05:57:26.712532903Z", "container": "prefect-worker", "msg": "2026-08-13 05:57:26 | INFO  | _client.py:_send_single_request:1740 | HTTP Request: POST http://prefect-server:4200/api/work_pools/smarthub-pool/get_scheduled_flow_runs \"HTTP/1.1 200 OK\""}
{"ts": "2026-08-13T05:57:39.174297479Z", "container": "prefect-worker", "msg": "2026-08-13 05:57:39 | INFO  | _client.py:_send_single_request:1740 | HTTP Request: POST http://prefect-server:4200/api/work_pools/smarthub-pool/get_scheduled_flow_runs \"HTTP/1.1 200 OK\""}
{"ts": "2026-08-13T05:57:47.172486420Z", "container": "prefect-worker", "msg": "2026-08-13 05:57:47 | INFO  | _client.py:_send_single_request:1740 | HTTP Request: POST http://prefect-server:4200/api/work_pools/smarthub-pool/get_scheduled_flow_runs \"HTTP/1.1 200 OK\""}
{"ts": "2026-08-13T05:57:56.053096419Z", "container": "prefect-worker", "msg": "2026-08-13 05:57:56 | INFO  | _client.py:_send_single_request:1740 | HTTP Request: POST http://prefect-server:4200/api/work_pools/smarthub-pool/get_scheduled_flow_runs \"HTTP/1.1 200 OK\""}
{"ts": "2026-08-13T05:58:06.842230911Z", "container": "prefect-worker", "msg": "2026-08-13 05:58:06 | INFO  | _client.py:_send_single_request:1740 | HTTP Request: POST http://prefect-server:4200/api/work_pools/smarthub-pool/get_scheduled_flow_runs \"HTTP/1.1 200 OK\""}
{"ts": "2026-08-13T05:58:16.057324805Z", "container": "prefect-worker", "msg": "2026-08-13 05:58:16 | INFO  | _client.py:_send_single_request:1740 | HTTP Request: POST http://prefect-server:4200/api/work_pools/smarthub-pool/get_scheduled_flow_runs \"HTTP/1.1 200 OK\""}
{"ts": "2026-08-13T05:58:27.764248644Z", "container": "prefect-worker", "msg": "2026-08-13 05:58:27 | INFO  | _client.py:_send_single_request:1740 | HTTP Request: POST http://prefect-server:4200/api/work_pools/smarthub-pool/get_scheduled_flow_runs \"HTTP/1.1 200 OK\""}
{"ts": "2026-08-13T05:58:39.599831355Z", "container": "prefect-worker", "msg": "2026-08-13 05:58:39 | INFO  | _client.py:_send_single_request:1740 | HTTP Request: POST http://prefect-server:4200/api/work_pools/smarthub-pool/get_scheduled_flow_runs \"HTTP/1.1 200 OK\""}
{"ts": "2026-08-13T05:58:47.442593757Z", "container": "prefect-worker", "msg": "2026-08-13 05:58:47 | INFO  | _client.py:_send_single_request:1740 | HTTP Request: POST http://prefect-server:4200/api/work_pools/smarthub-pool/get_scheduled_flow_runs \"HTTP/1.1 200 OK\""}
{"ts": "2026-08-13T05:58:58.702504802Z", "container": "prefect-worker", "msg": "2026-08-13 05:58:58 | INFO  | _client.py:_send_single_request:1740 | HTTP Request: POST http://prefect-server:4200/api/work_pools/smarthub-pool/get_scheduled_flow_runs \"HTTP/1.1 200 OK\""}
{"ts": "2026-08-13T05:59:11.101622243Z", "container": "prefect-worker", "msg": "2026-08-13 05:59:11 | INFO  | _client.py:_send_single_request:1740 | HTTP Request: POST http://prefect-server:4200/api/work_pools/smarthub-pool/get_scheduled_flow_runs \"HTTP/1.1 200 OK\""}
{"ts": "2026-08-13T05:59:24.072353351Z", "container": "prefect-worker", "msg": "2026-08-13 05:59:24 | INFO  | _client.py:_send_single_request:1740 | HTTP Request: POST http://prefect-server:4200/api/work_pools/smarthub-pool/get_scheduled_flow_runs \"HTTP/1.1 200 OK\""}
{"ts": "2026-08-13T05:59:35.688981555Z", "container": "prefect-worker", "msg": "2026-08-13 05:59:35 | INFO  | _client.py:_send_single_request:1740 | HTTP Request: POST http://prefect-server:4200/api/work_pools/smarthub-pool/get_scheduled_flow_runs \"HTTP/1.1 200 OK\""}
{"ts": "2026-08-13T05:59:46.115717897Z", "container": "prefect-worker", "msg": "2026-08-13 05:59:46 | INFO  | _client.py:_send_single_request:1740 | HTTP Request: POST http://prefect-server:4200/api/work_pools/smarthub-pool/get_scheduled_flow_runs \"HTTP/1.1 200 OK\""}
{"ts": "2026-08-13T05:59:55.053601496Z", "container": "prefect-worker", "msg": "2026-08-13 05:59:55 | INFO  | _client.py:_send_single_request:1740 | HTTP Request: POST http://prefect-server:4200/api/work_pools/smarthub-pool/get_scheduled_flow_runs \"HTTP/1.1 200 OK\""}
{"ts": "2026-08-13T06:00:07.683183806Z", "container": "prefect-worker", "msg": "2026-08-13 06:00:07 | INFO  | _client.py:_send_single_request:1740 | HTTP Request: POST http://prefect-server:4200/api/work_pools/smarthub-pool/get_scheduled_flow_runs \"HTTP/1.1 200 OK\""}
{"ts": "2026-08-13T06:00:18.108372560Z", "container": "prefect-worker", "msg": "2026-08-13 06:00:18 | INFO  | _client.py:_send_single_request:1740 | HTTP Request: POST http://prefect-server:4200/api/work_pools/smarthub-pool/get_scheduled_flow_runs \"HTTP/1.1 200 OK\""}
{"ts": "2026-08-13T06:00:28.545235357Z", "container": "prefect-worker", "msg": "2026-08-13 06:00:28 | INFO  | _client.py:_send_single_request:1740 | HTTP Request: POST http://prefect-server:4200/api/work_pools/smarthub-pool/get_scheduled_flow_runs \"HTTP/1.1 200 OK\""}
{"ts": "2026-08-13T06:00:39.089657991Z", "container": "prefect-worker", "msg": "2026-08-13 06:00:39 | INFO  | _client.py:_send_single_request:1740 | HTTP Request: POST http://prefect-server:4200/api/work_pools/smarthub-pool/get_scheduled_flow_runs \"HTTP/1.1 200 OK\""}
{"ts": "2026-08-13T06:00:47.956337141Z", "container": "prefect-worker", "msg": "2026-08-13 06:00:47 | INFO  | _client.py:_send_single_request:1740 | HTTP Request: POST http://prefect-server:4200/api/work_pools/smarthub-pool/get_scheduled_flow_runs \"HTTP/1.1 200 OK\""}
{"ts": "2026-08-13T06:00:59.359773271Z", "container": "prefect-worker", "msg": "2026-08-13 06:00:59 | INFO  | _client.py:_send_single_request:1740 | HTTP Request: POST http://prefect-server:4200/api/work_pools/smarthub-pool/get_scheduled_flow_runs \"HTTP/1.1 200 OK\""}
{"ts": "2026-08-13T06:01:09.252438643Z", "container": "prefect-worker", "msg": "2026-08-13 06:01:09 | INFO  | _client.py:_send_single_request:1740 | HTTP Request: POST http://prefect-server:4200/api/work_pools/smarthub-pool/get_scheduled_flow_runs \"HTTP/1.1 200 OK\""}
{"ts": "2026-08-13T06:01:17.304440469Z", "container": "prefect-worker", "msg": "2026-08-13 06:01:17 | INFO  | _client.py:_send_single_request:1740 | HTTP Request: POST http://prefect-server:4200/api/work_pools/smarthub-pool/get_scheduled_flow_runs \"HTTP/1.1 200 OK\""}
{"ts": "2026-08-13T06:01:27.698398264Z", "container": "prefect-worker", "msg": "2026-08-13 06:01:27 | INFO  | _client.py:_send_single_request:1740 | HTTP Request: POST http://prefect-server:4200/api/work_pools/smarthub-pool/get_scheduled_flow_runs \"HTTP/1.1 200 OK\""}
{"ts": "2026-08-13T06:01:35.837490257Z", "container": "prefect-worker", "msg": "2026-08-13 06:01:35 | INFO  | _client.py:_send_single_request:1740 | HTTP Request: POST http://prefect-server:4200/api/work_pools/smarthub-pool/get_scheduled_flow_runs \"HTTP/1.1 200 OK\""}
{"ts": "2026-08-13T06:01:43.823868553Z", "container": "prefect-worker", "msg": "2026-08-13 06:01:43 | INFO  | _client.py:_send_single_request:1740 | HTTP Request: POST http://prefect-server:4200/api/work_pools/smarthub-pool/get_scheduled_flow_runs \"HTTP/1.1 200 OK\""}
{"ts": "2026-08-13T06:01:54.059523530Z", "container": "prefect-worker", "msg": "2026-08-13 06:01:54 | INFO  | _client.py:_send_single_request:1740 | HTTP Request: POST http://prefect-server:4200/api/work_pools/smarthub-pool/get_scheduled_flow_runs \"HTTP/1.1 200 OK\""}
{"ts": "2026-08-13T06:02:06.699925049Z", "container": "prefect-worker", "msg": "2026-08-13 06:02:06 | INFO  | _client.py:_send_single_request:1740 | HTTP Request: POST http://prefect-server:4200/api/work_pools/smarthub-pool/get_scheduled_flow_runs \"HTTP/1.1 200 OK\""}
{"ts": "2026-08-13T06:02:16.109727290Z", "container": "prefect-worker", "msg": "2026-08-13 06:02:16 | INFO  | _client.py:_send_single_request:1740 | HTTP Request: POST http://prefect-server:4200/api/work_pools/smarthub-pool/get_scheduled_flow_runs \"HTTP/1.1 200 OK\""}
{"ts": "2026-08-13T06:02:24.230550239Z", "container": "prefect-worker", "msg": "2026-08-13 06:02:24 | INFO  | _client.py:_send_single_request:1740 | HTTP Request: POST http://prefect-server:4200/api/work_pools/smarthub-pool/get_scheduled_flow_runs \"HTTP/1.1 200 OK\""}
{"ts": "2026-08-13T06:02:36.666113308Z", "container": "prefect-worker", "msg": "2026-08-13 06:02:36 | INFO  | _client.py:_send_single_request:1740 | HTTP Request: POST http://prefect-server:4200/api/work_pools/smarthub-pool/get_scheduled_flow_runs \"HTTP/1.1 200 OK\""}
{"ts": "2026-08-13T06:02:49.201460816Z", "container": "prefect-worker", "msg": "2026-08-13 06:02:49 | INFO  | _client.py:_send_single_request:1740 | HTTP Request: POST http://prefect-server:4200/api/work_pools/smarthub-pool/get_scheduled_flow_runs \"HTTP/1.1 200 OK\""}
{"ts": "2026-08-13T06:02:59.351563697Z", "container": "prefect-worker", "msg": "2026-08-13 06:02:59 | INFO  | _client.py:_send_single_request:1740 | HTTP Request: POST http://prefect-server:4200/api/work_pools/smarthub-pool/get_scheduled_flow_runs \"HTTP/1.1 200 OK\""}
{"ts": "2026-08-13T06:03:08.357922674Z", "container": "prefect-worker", "msg": "2026-08-13 06:03:08 | INFO  | _client.py:_send_single_request:1740 | HTTP Request: POST http://prefect-server:4200/api/work_pools/smarthub-pool/get_scheduled_flow_runs \"HTTP/1.1 200 OK\""}
{"ts": "2026-08-13T06:03:21.239822062Z", "container": "prefect-worker", "msg": "2026-08-13 06:03:21 | INFO  | _client.py:_send_single_request:1740 | HTTP Request: POST http://prefect-server:4200/api/work_pools/smarthub-pool/get_scheduled_flow_runs \"HTTP/1.1 200 OK\""}
{"ts": "2026-08-13T06:03:32.445040882Z", "container": "prefect-worker", "msg": "2026-08-13 06:03:32 | INFO  | _client.py:_send_single_request:1740 | HTTP Request: POST http://prefect-server:4200/api/work_pools/smarthub-pool/get_scheduled_flow_runs \"HTTP/1.1 200 OK\""}
{"ts": "2026-08-13T06:03:44.209611396Z", "container": "prefect-worker", "msg": "2026-08-13 06:03:44 | INFO  | _client.py:_send_single_request:1740 | HTTP Request: POST http://prefect-server:4200/api/work_pools/smarthub-pool/get_scheduled_flow_runs \"HTTP/1.1 200 OK\""}
{"ts": "2026-08-13T06:03:52.808138150Z", "container": "prefect-worker", "msg": "2026-08-13 06:03:52 | INFO  | _client.py:_send_single_request:1740 | HTTP Request: POST http://prefect-server:4200/api/work_pools/smarthub-pool/get_scheduled_flow_runs \"HTTP/1.1 200 OK\""}
{"ts": "2026-08-13T06:04:03.998599946Z", "container": "prefect-worker", "msg": "2026-08-13 06:04:03 | INFO  | _client.py:_send_single_request:1740 | HTTP Request: POST http://prefect-server:4200/api/work_pools/smarthub-pool/get_scheduled_flow_runs \"HTTP/1.1 200 OK\""}
{"ts": "2026-08-13T06:04:15.891881628Z", "container": "prefect-worker", "msg": "2026-08-13 06:04:15 | INFO  | _client.py:_send_single_request:1740 | HTTP Request: POST http://prefect-server:4200/api/work_pools/smarthub-pool/get_scheduled_flow_runs \"HTTP/1.1 200 OK\""}
{"ts": "2026-08-13T06:04:25.277574433Z", "container": "prefect-worker", "msg": "2026-08-13 06:04:25 | INFO  | _client.py:_send_single_request:1740 | HTTP Request: POST http://prefect-server:4200/api/work_pools/smarthub-pool/get_scheduled_flow_runs \"HTTP/1.1 200 OK\""}
{"ts": "2026-08-13T06:04:35.285383039Z", "container": "prefect-worker", "msg": "2026-08-13 06:04:35 | INFO  | _client.py:_send_single_request:1740 | HTTP Request: POST http://prefect-server:4200/api/work_pools/smarthub-pool/get_scheduled_flow_runs \"HTTP/1.1 200 OK\""}
{"ts": "2026-08-13T06:04:47.640581992Z", "container": "prefect-worker", "msg": "2026-08-13 06:04:47 | INFO  | _client.py:_send_single_request:1740 | HTTP Request: POST http://prefect-server:4200/api/work_pools/smarthub-pool/get_scheduled_flow_runs \"HTTP/1.1 200 OK\""}
{"ts": "2026-08-13T06:04:55.776631421Z", "container": "prefect-worker", "msg": "2026-08-13 06:04:55 | INFO  | _client.py:_send_single_request:1740 | HTTP Request: POST http://prefect-server:4200/api/work_pools/smarthub-pool/get_scheduled_flow_runs \"HTTP/1.1 200 OK\""}
{"ts": "2026-08-13T06:05:08.502131875Z", "container": "prefect-worker", "msg": "2026-08-13 06:05:08 | INFO  | _client.py:_send_single_request:1740 | HTTP Request: POST http://prefect-server:4200/api/work_pools/smarthub-pool/get_scheduled_flow_runs \"HTTP/1.1 200 OK\""}
{"ts": "2026-08-13T06:05:16.274591067Z", "container": "prefect-worker", "msg": "2026-08-13 06:05:16 | INFO  | _client.py:_send_single_request:1740 | HTTP Request: POST http://prefect-server:4200/api/work_pools/smarthub-pool/get_scheduled_flow_runs \"HTTP/1.1 200 OK\""}
{"ts": "2026-08-13T06:05:26.172472025Z", "container": "prefect-worker", "msg": "2026-08-13 06:05:26 | INFO  | _client.py:_send_single_request:1740 | HTTP Request: POST http://prefect-server:4200/api/work_pools/smarthub-pool/get_scheduled_flow_runs \"HTTP/1.1 200 OK\""}
{"ts": "2026-08-13T06:05:34.316186302Z", "container": "prefect-worker", "msg": "2026-08-13 06:05:34 | INFO  | _client.py:_send_single_request:1740 | HTTP Request: POST http://prefect-server:4200/api/work_pools/smarthub-pool/get_scheduled_flow_runs \"HTTP/1.1 200 OK\""}
{"ts": "2026-08-13T06:05:42.522693593Z", "container": "prefect-worker", "msg": "2026-08-13 06:05:42 | INFO  | _client.py:_send_single_request:1740 | HTTP Request: POST http://prefect-server:4200/api/work_pools/smarthub-pool/get_scheduled_flow_runs \"HTTP/1.1 200 OK\""}
{"ts": "2026-08-13T06:05:51.575330519Z", "container": "prefect-worker", "msg": "2026-08-13 06:05:51 | INFO  | _client.py:_send_single_request:1740 | HTTP Request: POST http://prefect-server:4200/api/work_pools/smarthub-pool/get_scheduled_flow_runs \"HTTP/1.1 200 OK\""}
{"ts": "2026-08-13T06:06:04.505336416Z", "container": "prefect-worker", "msg": "2026-08-13 06:06:04 | INFO  | _client.py:_send_single_request:1740 | HTTP Request: POST http://prefect-server:4200/api/work_pools/smarthub-pool/get_scheduled_flow_runs \"HTTP/1.1 200 OK\""}
{"ts": "2026-08-13T06:06:13.330365069Z", "container": "prefect-worker", "msg": "2026-08-13 06:06:13 | INFO  | _client.py:_send_single_request:1740 | HTTP Request: POST http://prefect-server:4200/api/work_pools/smarthub-pool/get_scheduled_flow_runs \"HTTP/1.1 200 OK\""}
{"ts": "2026-08-13T06:06:24.183775413Z", "container": "prefect-worker", "msg": "2026-08-13 06:06:24 | INFO  | _client.py:_send_single_request:1740 | HTTP Request: POST http://prefect-server:4200/api/work_pools/smarthub-pool/get_scheduled_flow_runs \"HTTP/1.1 200 OK\""}
{"ts": "2026-08-13T06:06:34.133392066Z", "container": "prefect-worker", "msg": "2026-08-13 06:06:34 | INFO  | _client.py:_send_single_request:1740 | HTTP Request: POST http://prefect-server:4200/api/work_pools/smarthub-pool/get_scheduled_flow_runs \"HTTP/1.1 200 OK\""}
{"ts": "2026-08-13T06:06:44.188866408Z", "container": "prefect-worker", "msg": "2026-08-13 06:06:44 | INFO  | _client.py:_send_single_request:1740 | HTTP Request: POST http://prefect-server:4200/api/work_pools/smarthub-pool/get_scheduled_flow_runs \"HTTP/1.1 200 OK\""}
{"ts": "2026-08-13T06:06:54.717634876Z", "container": "prefect-worker", "msg": "2026-08-13 06:06:54 | INFO  | _client.py:_send_single_request:1740 | HTTP Request: POST http://prefect-server:4200/api/work_pools/smarthub-pool/get_scheduled_flow_runs \"HTTP/1.1 200 OK\""}
{"ts": "2026-08-13T06:07:05.374123452Z", "container": "prefect-worker", "msg": "2026-08-13 06:07:05 | INFO  | _client.py:_send_single_request:1740 | HTTP Request: POST http://prefect-server:4200/api/work_pools/smarthub-pool/get_scheduled_flow_runs \"HTTP/1.1 200 OK\""}
{"ts": "2026-08-13T06:07:14.054395189Z", "container": "prefect-worker", "msg": "2026-08-13 06:07:14 | INFO  | _client.py:_send_single_request:1740 | HTTP Request: POST http://prefect-server:4200/api/work_pools/smarthub-pool/get_scheduled_flow_runs \"HTTP/1.1 200 OK\""}
{"ts": "2026-08-13T06:07:25.970770436Z", "container": "prefect-worker", "msg": "2026-08-13 06:07:25 | INFO  | _client.py:_send_single_request:1740 | HTTP Request: POST http://prefect-server:4200/api/work_pools/smarthub-pool/get_scheduled_flow_runs \"HTTP/1.1 200 OK\""}
{"ts": "2026-08-13T06:07:38.685408818Z", "container": "prefect-worker", "msg": "2026-08-13 06:07:38 | INFO  | _client.py:_send_single_request:1740 | HTTP Request: POST http://prefect-server:4200/api/work_pools/smarthub-pool/get_scheduled_flow_runs \"HTTP/1.1 200 OK\""}
{"ts": "2026-08-13T06:07:50.155432447Z", "container": "prefect-worker", "msg": "2026-08-13 06:07:50 | INFO  | _client.py:_send_single_request:1740 | HTTP Request: POST http://prefect-server:4200/api/work_pools/smarthub-pool/get_scheduled_flow_runs \"HTTP/1.1 200 OK\""}
{"ts": "2026-08-13T06:07:58.930559942Z", "container": "prefect-worker", "msg": "2026-08-13 06:07:58 | INFO  | _client.py:_send_single_request:1740 | HTTP Request: POST http://prefect-server:4200/api/work_pools/smarthub-pool/get_scheduled_flow_runs \"HTTP/1.1 200 OK\""}
{"ts": "2026-08-13T06:08:10.977620123Z", "container": "prefect-worker", "msg": "2026-08-13 06:08:10 | INFO  | _client.py:_send_single_request:1740 | HTTP Request: POST http://prefect-server:4200/api/work_pools/smarthub-pool/get_scheduled_flow_runs \"HTTP/1.1 200 OK\""}
{"ts": "2026-08-13T06:08:22.210996019Z", "container": "prefect-worker", "msg": "2026-08-13 06:08:22 | INFO  | _client.py:_send_single_request:1740 | HTTP Request: POST http://prefect-server:4200/api/work_pools/smarthub-pool/get_scheduled_flow_runs \"HTTP/1.1 200 OK\""}
{"ts": "2026-08-13T06:08:32.969605328Z", "container": "prefect-worker", "msg": "2026-08-13 06:08:32 | INFO  | _client.py:_send_single_request:1740 | HTTP Request: POST http://prefect-server:4200/api/work_pools/smarthub-pool/get_scheduled_flow_runs \"HTTP/1.1 200 OK\""}
{"ts": "2026-08-13T06:08:43.390452995Z", "container": "prefect-worker", "msg": "2026-08-13 06:08:43 | INFO  | _client.py:_send_single_request:1740 | HTTP Request: POST http://prefect-server:4200/api/work_pools/smarthub-pool/get_scheduled_flow_runs \"HTTP/1.1 200 OK\""}
{"ts": "2026-08-13T06:08:52.324032104Z", "container": "prefect-worker", "msg": "2026-08-13 06:08:52 | INFO  | _client.py:_send_single_request:1740 | HTTP Request: POST http://prefect-server:4200/api/work_pools/smarthub-pool/get_scheduled_flow_runs \"HTTP/1.1 200 OK\""}
{"ts": "2026-08-13T06:09:01.930121647Z", "container": "prefect-worker", "msg": "2026-08-13 06:09:01 | INFO  | _client.py:_send_single_request:1740 | HTTP Request: POST http://prefect-server:4200/api/work_pools/smarthub-pool/get_scheduled_flow_runs \"HTTP/1.1 200 OK\""}
{"ts": "2026-08-13T06:09:10.146916328Z", "container": "prefect-worker", "msg": "2026-08-13 06:09:10 | INFO  | _client.py:_send_single_request:1740 | HTTP Request: POST http://prefect-server:4200/api/work_pools/smarthub-pool/get_scheduled_flow_runs \"HTTP/1.1 200 OK\""}
{"ts": "2026-08-13T06:09:21.730728883Z", "container": "prefect-worker", "msg": "2026-08-13 06:09:21 | INFO  | _client.py:_send_single_request:1740 | HTTP Request: POST http://prefect-server:4200/api/work_pools/smarthub-pool/get_scheduled_flow_runs \"HTTP/1.1 200 OK\""}
{"ts": "2026-08-13T06:09:34.549531537Z", "container": "prefect-worker", "msg": "2026-08-13 06:09:34 | INFO  | _client.py:_send_single_request:1740 | HTTP Request: POST http://prefect-server:4200/api/work_pools/smarthub-pool/get_scheduled_flow_runs \"HTTP/1.1 200 OK\""}
{"ts": "2026-08-13T06:09:45.422918118Z", "container": "prefect-worker", "msg": "2026-08-13 06:09:45 | INFO  | _client.py:_send_single_request:1740 | HTTP Request: POST http://prefect-server:4200/api/work_pools/smarthub-pool/get_scheduled_flow_runs \"HTTP/1.1 200 OK\""}
{"ts": "2026-08-13T06:09:54.048261132Z", "container": "prefect-worker", "msg": "2026-08-13 06:09:54 | INFO  | _client.py:_send_single_request:1740 | HTTP Request: POST http://prefect-server:4200/api/work_pools/smarthub-pool/get_scheduled_flow_runs \"HTTP/1.1 200 OK\""}
{"ts": "2026-08-13T06:10:01.617499489Z", "container": "prefect-worker", "msg": "2026-08-13 06:10:01 | INFO  | _client.py:_send_single_request:1740 | HTTP Request: POST http://prefect-server:4200/api/work_pools/smarthub-pool/get_scheduled_flow_runs \"HTTP/1.1 200 OK\""}
{"ts": "2026-08-13T06:10:10.871967031Z", "container": "prefect-worker", "msg": "2026-08-13 06:10:10 | INFO  | _client.py:_send_single_request:1740 | HTTP Request: POST http://prefect-server:4200/api/work_pools/smarthub-pool/get_scheduled_flow_runs \"HTTP/1.1 200 OK\""}
{"ts": "2026-08-13T06:10:23.136712364Z", "container": "prefect-worker", "msg": "2026-08-13 06:10:23 | INFO  | _client.py:_send_single_request:1740 | HTTP Request: POST http://prefect-server:4200/api/work_pools/smarthub-pool/get_scheduled_flow_runs \"HTTP/1.1 200 OK\""}
{"ts": "2026-08-13T06:10:34.975961021Z", "container": "prefect-worker", "msg": "2026-08-13 06:10:34 | INFO  | _client.py:_send_single_request:1740 | HTTP Request: POST http://prefect-server:4200/api/work_pools/smarthub-pool/get_scheduled_flow_runs \"HTTP/1.1 200 OK\""}
{"ts": "2026-08-13T06:10:45.843225138Z", "container": "prefect-worker", "msg": "2026-08-13 06:10:45 | INFO  | _client.py:_send_single_request:1740 | HTTP Request: POST http://prefect-server:4200/api/work_pools/smarthub-pool/get_scheduled_flow_runs \"HTTP/1.1 200 OK\""}
{"ts": "2026-08-13T06:10:54.500261727Z", "container": "prefect-worker", "msg": "2026-08-13 06:10:54 | INFO  | _client.py:_send_single_request:1740 | HTTP Request: POST http://prefect-server:4200/api/work_pools/smarthub-pool/get_scheduled_flow_runs \"HTTP/1.1 200 OK\""}
{"ts": "2026-08-13T06:11:02.742565686Z", "container": "prefect-worker", "msg": "2026-08-13 06:11:02 | INFO  | _client.py:_send_single_request:1740 | HTTP Request: POST http://prefect-server:4200/api/work_pools/smarthub-pool/get_scheduled_flow_runs \"HTTP/1.1 200 OK\""}
{"ts": "2026-08-13T06:11:12.912786107Z", "container": "prefect-worker", "msg": "2026-08-13 06:11:12 | INFO  | _client.py:_send_single_request:1740 | HTTP Request: POST http://prefect-server:4200/api/work_pools/smarthub-pool/get_scheduled_flow_runs \"HTTP/1.1 200 OK\""}
{"ts": "2026-08-13T06:11:25.208740453Z", "container": "prefect-worker", "msg": "2026-08-13 06:11:25 | INFO  | _client.py:_send_single_request:1740 | HTTP Request: POST http://prefect-server:4200/api/work_pools/smarthub-pool/get_scheduled_flow_runs \"HTTP/1.1 200 OK\""}
{"ts": "2026-08-13T06:11:33.945535717Z", "container": "prefect-worker", "msg": "2026-08-13 06:11:33 | INFO  | _client.py:_send_single_request:1740 | HTTP Request: POST http://prefect-server:4200/api/work_pools/smarthub-pool/get_scheduled_flow_runs \"HTTP/1.1 200 OK\""}
{"ts": "2026-08-13T06:11:42.723999216Z", "container": "prefect-worker", "msg": "2026-08-13 06:11:42 | INFO  | _client.py:_send_single_request:1740 | HTTP Request: POST http://prefect-server:4200/api/work_pools/smarthub-pool/get_scheduled_flow_runs \"HTTP/1.1 200 OK\""}
{"ts": "2026-08-13T06:11:52.391705979Z", "container": "prefect-worker", "msg": "2026-08-13 06:11:52 | INFO  | _client.py:_send_single_request:1740 | HTTP Request: POST http://prefect-server:4200/api/work_pools/smarthub-pool/get_scheduled_flow_runs \"HTTP/1.1 200 OK\""}
{"ts": "2026-08-13T06:12:01.698389166Z", "container": "prefect-worker", "msg": "2026-08-13 06:12:01 | INFO  | _client.py:_send_single_request:1740 | HTTP Request: POST http://prefect-server:4200/api/work_pools/smarthub-pool/get_scheduled_flow_runs \"HTTP/1.1 200 OK\""}
{"ts": "2026-08-13T06:12:13.056000338Z", "container": "prefect-worker", "msg": "2026-08-13 06:12:13 | INFO  | _client.py:_send_single_request:1740 | HTTP Request: POST http://prefect-server:4200/api/work_pools/smarthub-pool/get_scheduled_flow_runs \"HTTP/1.1 200 OK\""}
{"ts": "2026-08-13T06:12:24.468460720Z", "container": "prefect-worker", "msg": "2026-08-13 06:12:24 | INFO  | _client.py:_send_single_request:1740 | HTTP Request: POST http://prefect-server:4200/api/work_pools/smarthub-pool/get_scheduled_flow_runs \"HTTP/1.1 200 OK\""}
{"ts": "2026-08-13T06:12:35.057995828Z", "container": "prefect-worker", "msg": "2026-08-13 06:12:35 | INFO  | _client.py:_send_single_request:1740 | HTTP Request: POST http://prefect-server:4200/api/work_pools/smarthub-pool/get_scheduled_flow_runs \"HTTP/1.1 200 OK\""}
{"ts": "2026-08-13T06:12:47.410362718Z", "container": "prefect-worker", "msg": "2026-08-13 06:12:47 | INFO  | _client.py:_send_single_request:1740 | HTTP Request: POST http://prefect-server:4200/api/work_pools/smarthub-pool/get_scheduled_flow_runs \"HTTP/1.1 200 OK\""}
{"ts": "2026-08-13T06:12:55.710863504Z", "container": "prefect-worker", "msg": "2026-08-13 06:12:55 | INFO  | _client.py:_send_single_request:1740 | HTTP Request: POST http://prefect-server:4200/api/work_pools/smarthub-pool/get_scheduled_flow_runs \"HTTP/1.1 200 OK\""}
{"ts": "2026-08-13T06:13:06.897507837Z", "container": "prefect-worker", "msg": "2026-08-13 06:13:06 | INFO  | _client.py:_send_single_request:1740 | HTTP Request: POST http://prefect-server:4200/api/work_pools/smarthub-pool/get_scheduled_flow_runs \"HTTP/1.1 200 OK\""}
{"ts": "2026-08-13T06:13:15.815192932Z", "container": "prefect-worker", "msg": "2026-08-13 06:13:15 | INFO  | _client.py:_send_single_request:1740 | HTTP Request: POST http://prefect-server:4200/api/work_pools/smarthub-pool/get_scheduled_flow_runs \"HTTP/1.1 200 OK\""}
{"ts": "2026-08-13T06:13:27.490026685Z", "container": "prefect-worker", "msg": "2026-08-13 06:13:27 | INFO  | _client.py:_send_single_request:1740 | HTTP Request: POST http://prefect-server:4200/api/work_pools/smarthub-pool/get_scheduled_flow_runs \"HTTP/1.1 200 OK\""}
{"ts": "2026-08-13T06:13:35.645875695Z", "container": "prefect-worker", "msg": "2026-08-13 06:13:35 | INFO  | _client.py:_send_single_request:1740 | HTTP Request: POST http://prefect-server:4200/api/work_pools/smarthub-pool/get_scheduled_flow_runs \"HTTP/1.1 200 OK\""}
{"ts": "2026-08-13T06:13:47.456441674Z", "container": "prefect-worker", "msg": "2026-08-13 06:13:47 | INFO  | _client.py:_send_single_request:1740 | HTTP Request: POST http://prefect-server:4200/api/work_pools/smarthub-pool/get_scheduled_flow_runs \"HTTP/1.1 200 OK\""}
{"ts": "2026-08-13T06:13:55.751513496Z", "container": "prefect-worker", "msg": "2026-08-13 06:13:55 | INFO  | _client.py:_send_single_request:1740 | HTTP Request: POST http://prefect-server:4200/api/work_pools/smarthub-pool/get_scheduled_flow_runs \"HTTP/1.1 200 OK\""}
{"ts": "2026-08-13T06:14:06.225538134Z", "container": "prefect-worker", "msg": "2026-08-13 06:14:06 | INFO  | _client.py:_send_single_request:1740 | HTTP Request: POST http://prefect-server:4200/api/work_pools/smarthub-pool/get_scheduled_flow_runs \"HTTP/1.1 200 OK\""}
{"ts": "2026-08-13T06:14:15.052587246Z", "container": "prefect-worker", "msg": "2026-08-13 06:14:15 | INFO  | _client.py:_send_single_request:1740 | HTTP Request: POST http://prefect-server:4200/api/work_pools/smarthub-pool/get_scheduled_flow_runs \"HTTP/1.1 200 OK\""}
{"ts": "2026-08-13T06:14:22.644407041Z", "container": "prefect-worker", "msg": "2026-08-13 06:14:22 | INFO  | _client.py:_send_single_request:1740 | HTTP Request: POST http://prefect-server:4200/api/work_pools/smarthub-pool/get_scheduled_flow_runs \"HTTP/1.1 200 OK\""}
{"ts": "2026-08-13T06:14:31.618543766Z", "container": "prefect-worker", "msg": "2026-08-13 06:14:31 | INFO  | _client.py:_send_single_request:1740 | HTTP Request: POST http://prefect-server:4200/api/work_pools/smarthub-pool/get_scheduled_flow_runs \"HTTP/1.1 200 OK\""}
{"ts": "2026-08-13T06:14:42.998002887Z", "container": "prefect-worker", "msg": "2026-08-13 06:14:42 | INFO  | _client.py:_send_single_request:1740 | HTTP Request: POST http://prefect-server:4200/api/work_pools/smarthub-pool/get_scheduled_flow_runs \"HTTP/1.1 200 OK\""}
{"ts": "2026-08-13T06:14:54.222351041Z", "container": "prefect-worker", "msg": "2026-08-13 06:14:54 | INFO  | _client.py:_send_single_request:1740 | HTTP Request: POST http://prefect-server:4200/api/work_pools/smarthub-pool/get_scheduled_flow_runs \"HTTP/1.1 200 OK\""}
{"ts": "2026-08-13T06:15:02.262245837Z", "container": "prefect-worker", "msg": "2026-08-13 06:15:02 | INFO  | _client.py:_send_single_request:1740 | HTTP Request: POST http://prefect-server:4200/api/work_pools/smarthub-pool/get_scheduled_flow_runs \"HTTP/1.1 200 OK\""}
{"ts": "2026-08-13T06:15:13.273543223Z", "container": "prefect-worker", "msg": "2026-08-13 06:15:13 | INFO  | _client.py:_send_single_request:1740 | HTTP Request: POST http://prefect-server:4200/api/work_pools/smarthub-pool/get_scheduled_flow_runs \"HTTP/1.1 200 OK\""}
{"ts": "2026-08-13T06:15:25.777791521Z", "container": "prefect-worker", "msg": "2026-08-13 06:15:25 | INFO  | _client.py:_send_single_request:1740 | HTTP Request: POST http://prefect-server:4200/api/work_pools/smarthub-pool/get_scheduled_flow_runs \"HTTP/1.1 200 OK\""}
{"ts": "2026-08-13T06:15:34.101551365Z", "container": "prefect-worker", "msg": "2026-08-13 06:15:34 | INFO  | _client.py:_send_single_request:1740 | HTTP Request: POST http://prefect-server:4200/api/work_pools/smarthub-pool/get_scheduled_flow_runs \"HTTP/1.1 200 OK\""}
{"ts": "2026-08-13T06:15:42.328282871Z", "container": "prefect-worker", "msg": "2026-08-13 06:15:42 | INFO  | _client.py:_send_single_request:1740 | HTTP Request: POST http://prefect-server:4200/api/work_pools/smarthub-pool/get_scheduled_flow_runs \"HTTP/1.1 200 OK\""}
{"ts": "2026-08-13T06:15:50.555546826Z", "container": "prefect-worker", "msg": "2026-08-13 06:15:50 | INFO  | _client.py:_send_single_request:1740 | HTTP Request: POST http://prefect-server:4200/api/work_pools/smarthub-pool/get_scheduled_flow_runs \"HTTP/1.1 200 OK\""}
{"ts": "2026-08-13T06:16:01.040490522Z", "container": "prefect-worker", "msg": "2026-08-13 06:16:01 | INFO  | _client.py:_send_single_request:1740 | HTTP Request: POST http://prefect-server:4200/api/work_pools/smarthub-pool/get_scheduled_flow_runs \"HTTP/1.1 200 OK\""}
{"ts": "2026-08-13T06:16:13.329346357Z", "container": "prefect-worker", "msg": "2026-08-13 06:16:13 | INFO  | _client.py:_send_single_request:1740 | HTTP Request: POST http://prefect-server:4200/api/work_pools/smarthub-pool/get_scheduled_flow_runs \"HTTP/1.1 200 OK\""}
{"ts": "2026-08-13T06:16:24.829310722Z", "container": "prefect-worker", "msg": "2026-08-13 06:16:24 | INFO  | _client.py:_send_single_request:1740 | HTTP Request: POST http://prefect-server:4200/api/work_pools/smarthub-pool/get_scheduled_flow_runs \"HTTP/1.1 200 OK\""}
{"ts": "2026-08-13T06:16:32.675540771Z", "container": "prefect-worker", "msg": "2026-08-13 06:16:32 | INFO  | _client.py:_send_single_request:1740 | HTTP Request: POST http://prefect-server:4200/api/work_pools/smarthub-pool/get_scheduled_flow_runs \"HTTP/1.1 200 OK\""}
{"ts": "2026-08-13T06:16:41.536225117Z", "container": "prefect-worker", "msg": "2026-08-13 06:16:41 | INFO  | _client.py:_send_single_request:1740 | HTTP Request: POST http://prefect-server:4200/api/work_pools/smarthub-pool/get_scheduled_flow_runs \"HTTP/1.1 200 OK\""}
{"ts": "2026-08-13T06:16:54.277959387Z", "container": "prefect-worker", "msg": "2026-08-13 06:16:54 | INFO  | _client.py:_send_single_request:1740 | HTTP Request: POST http://prefect-server:4200/api/work_pools/smarthub-pool/get_scheduled_flow_runs \"HTTP/1.1 200 OK\""}
{"ts": "2026-08-13T06:17:04.345650214Z", "container": "prefect-worker", "msg": "2026-08-13 06:17:04 | INFO  | _client.py:_send_single_request:1740 | HTTP Request: POST http://prefect-server:4200/api/work_pools/smarthub-pool/get_scheduled_flow_runs \"HTTP/1.1 200 OK\""}
{"ts": "2026-08-13T06:17:13.498746667Z", "container": "prefect-worker", "msg": "2026-08-13 06:17:13 | INFO  | _client.py:_send_single_request:1740 | HTTP Request: POST http://prefect-server:4200/api/work_pools/smarthub-pool/get_scheduled_flow_runs \"HTTP/1.1 200 OK\""}
{"ts": "2026-08-13T06:17:24.521832726Z", "container": "prefect-worker", "msg": "2026-08-13 06:17:24 | INFO  | _client.py:_send_single_request:1740 | HTTP Request: POST http://prefect-server:4200/api/work_pools/smarthub-pool/get_scheduled_flow_runs \"HTTP/1.1 200 OK\""}
{"ts": "2026-08-13T06:17:35.244223809Z", "container": "prefect-worker", "msg": "2026-08-13 06:17:35 | INFO  | _client.py:_send_single_request:1740 | HTTP Request: POST http://prefect-server:4200/api/work_pools/smarthub-pool/get_scheduled_flow_runs \"HTTP/1.1 200 OK\""}
{"ts": "2026-08-13T06:17:44.068377467Z", "container": "prefect-worker", "msg": "2026-08-13 06:17:44 | INFO  | _client.py:_send_single_request:1740 | HTTP Request: POST http://prefect-server:4200/api/work_pools/smarthub-pool/get_scheduled_flow_runs \"HTTP/1.1 200 OK\""}
{"ts": "2026-08-13T06:17:54.949447037Z", "container": "prefect-worker", "msg": "2026-08-13 06:17:54 | INFO  | _client.py:_send_single_request:1740 | HTTP Request: POST http://prefect-server:4200/api/work_pools/smarthub-pool/get_scheduled_flow_runs \"HTTP/1.1 200 OK\""}
{"ts": "2026-08-13T06:18:03.469818059Z", "container": "prefect-worker", "msg": "2026-08-13 06:18:03 | INFO  | _client.py:_send_single_request:1740 | HTTP Request: POST http://prefect-server:4200/api/work_pools/smarthub-pool/get_scheduled_flow_runs \"HTTP/1.1 200 OK\""}
{"ts": "2026-08-13T06:18:11.621802479Z", "container": "prefect-worker", "msg": "2026-08-13 06:18:11 | INFO  | _client.py:_send_single_request:1740 | HTTP Request: POST http://prefect-server:4200/api/work_pools/smarthub-pool/get_scheduled_flow_runs \"HTTP/1.1 200 OK\""}
{"ts": "2026-08-13T06:18:23.343983995Z", "container": "prefect-worker", "msg": "2026-08-13 06:18:23 | INFO  | _client.py:_send_single_request:1740 | HTTP Request: POST http://prefect-server:4200/api/work_pools/smarthub-pool/get_scheduled_flow_runs \"HTTP/1.1 200 OK\""}
{"ts": "2026-08-13T06:18:31.665128303Z", "container": "prefect-worker", "msg": "2026-08-13 06:18:31 | INFO  | _client.py:_send_single_request:1740 | HTTP Request: POST http://prefect-server:4200/api/work_pools/smarthub-pool/get_scheduled_flow_runs \"HTTP/1.1 200 OK\""}
{"ts": "2026-08-13T06:18:42.120919120Z", "container": "prefect-worker", "msg": "2026-08-13 06:18:42 | INFO  | _client.py:_send_single_request:1740 | HTTP Request: POST http://prefect-server:4200/api/work_pools/smarthub-pool/get_scheduled_flow_runs \"HTTP/1.1 200 OK\""}
{"ts": "2026-08-13T06:18:49.762176802Z", "container": "prefect-worker", "msg": "2026-08-13 06:18:49 | INFO  | _client.py:_send_single_request:1740 | HTTP Request: POST http://prefect-server:4200/api/work_pools/smarthub-pool/get_scheduled_flow_runs \"HTTP/1.1 200 OK\""}
{"ts": "2026-08-13T06:18:58.634265917Z", "container": "prefect-worker", "msg": "2026-08-13 06:18:58 | INFO  | _client.py:_send_single_request:1740 | HTTP Request: POST http://prefect-server:4200/api/work_pools/smarthub-pool/get_scheduled_flow_runs \"HTTP/1.1 200 OK\""}
{"ts": "2026-08-13T06:19:08.469134577Z", "container": "prefect-worker", "msg": "2026-08-13 06:19:08 | INFO  | _client.py:_send_single_request:1740 | HTTP Request: POST http://prefect-server:4200/api/work_pools/smarthub-pool/get_scheduled_flow_runs \"HTTP/1.1 200 OK\""}
{"ts": "2026-08-13T06:19:20.069434245Z", "container": "prefect-worker", "msg": "2026-08-13 06:19:20 | INFO  | _client.py:_send_single_request:1740 | HTTP Request: POST http://prefect-server:4200/api/work_pools/smarthub-pool/get_scheduled_flow_runs \"HTTP/1.1 200 OK\""}
{"ts": "2026-08-13T06:19:30.426668102Z", "container": "prefect-worker", "msg": "2026-08-13 06:19:30 | INFO  | _client.py:_send_single_request:1740 | HTTP Request: POST http://prefect-server:4200/api/work_pools/smarthub-pool/get_scheduled_flow_runs \"HTTP/1.1 200 OK\""}
{"ts": "2026-08-13T06:19:42.362956019Z", "container": "prefect-worker", "msg": "2026-08-13 06:19:42 | INFO  | _client.py:_send_single_request:1740 | HTTP Request: POST http://prefect-server:4200/api/work_pools/smarthub-pool/get_scheduled_flow_runs \"HTTP/1.1 200 OK\""}
{"ts": "2026-08-13T06:19:52.795174024Z", "container": "prefect-worker", "msg": "2026-08-13 06:19:52 | INFO  | _client.py:_send_single_request:1740 | HTTP Request: POST http://prefect-server:4200/api/work_pools/smarthub-pool/get_scheduled_flow_runs \"HTTP/1.1 200 OK\""}
{"ts": "2026-08-13T06:20:04.149606615Z", "container": "prefect-worker", "msg": "2026-08-13 06:20:04 | INFO  | _client.py:_send_single_request:1740 | HTTP Request: POST http://prefect-server:4200/api/work_pools/smarthub-pool/get_scheduled_flow_runs \"HTTP/1.1 200 OK\""}
{"ts": "2026-08-13T06:20:17.033663144Z", "container": "prefect-worker", "msg": "2026-08-13 06:20:17 | INFO  | _client.py:_send_single_request:1740 | HTTP Request: POST http://prefect-server:4200/api/work_pools/smarthub-pool/get_scheduled_flow_runs \"HTTP/1.1 200 OK\""}
{"ts": "2026-08-13T06:20:26.304086584Z", "container": "prefect-worker", "msg": "2026-08-13 06:20:26 | INFO  | _client.py:_send_single_request:1740 | HTTP Request: POST http://prefect-server:4200/api/work_pools/smarthub-pool/get_scheduled_flow_runs \"HTTP/1.1 200 OK\""}
{"ts": "2026-08-13T06:20:34.977168089Z", "container": "prefect-worker", "msg": "2026-08-13 06:20:34 | INFO  | _client.py:_send_single_request:1740 | HTTP Request: POST http://prefect-server:4200/api/work_pools/smarthub-pool/get_scheduled_flow_runs \"HTTP/1.1 200 OK\""}
{"ts": "2026-08-13T06:20:46.711910872Z", "container": "prefect-worker", "msg": "2026-08-13 06:20:46 | INFO  | _client.py:_send_single_request:1740 | HTTP Request: POST http://prefect-server:4200/api/work_pools/smarthub-pool/get_scheduled_flow_runs \"HTTP/1.1 200 OK\""}
{"ts": "2026-08-13T06:20:58.680557712Z", "container": "prefect-worker", "msg": "2026-08-13 06:20:58 | INFO  | _client.py:_send_single_request:1740 | HTTP Request: POST http://prefect-server:4200/api/work_pools/smarthub-pool/get_scheduled_flow_runs \"HTTP/1.1 200 OK\""}
{"ts": "2026-08-13T06:21:08.881776467Z", "container": "prefect-worker", "msg": "2026-08-13 06:21:08 | INFO  | _client.py:_send_single_request:1740 | HTTP Request: POST http://prefect-server:4200/api/work_pools/smarthub-pool/get_scheduled_flow_runs \"HTTP/1.1 200 OK\""}
{"ts": "2026-08-13T06:21:21.636354010Z", "container": "prefect-worker", "msg": "2026-08-13 06:21:21 | INFO  | _client.py:_send_single_request:1740 | HTTP Request: POST http://prefect-server:4200/api/work_pools/smarthub-pool/get_scheduled_flow_runs \"HTTP/1.1 200 OK\""}
{"ts": "2026-08-13T06:21:31.032487771Z", "container": "prefect-worker", "msg": "2026-08-13 06:21:31 | INFO  | _client.py:_send_single_request:1740 | HTTP Request: POST http://prefect-server:4200/api/work_pools/smarthub-pool/get_scheduled_flow_runs \"HTTP/1.1 200 OK\""}
{"ts": "2026-08-13T06:21:38.675607783Z", "container": "prefect-worker", "msg": "2026-08-13 06:21:38 | INFO  | _client.py:_send_single_request:1740 | HTTP Request: POST http://prefect-server:4200/api/work_pools/smarthub-pool/get_scheduled_flow_runs \"HTTP/1.1 200 OK\""}
{"ts": "2026-08-13T06:21:46.613928811Z", "container": "prefect-worker", "msg": "2026-08-13 06:21:46 | INFO  | _client.py:_send_single_request:1740 | HTTP Request: POST http://prefect-server:4200/api/work_pools/smarthub-pool/get_scheduled_flow_runs \"HTTP/1.1 200 OK\""}
{"ts": "2026-08-13T06:21:58.042679917Z", "container": "prefect-worker", "msg": "2026-08-13 06:21:58 | INFO  | _client.py:_send_single_request:1740 | HTTP Request: POST http://prefect-server:4200/api/work_pools/smarthub-pool/get_scheduled_flow_runs \"HTTP/1.1 200 OK\""}
{"ts": "2026-08-13T06:22:06.397980906Z", "container": "prefect-worker", "msg": "2026-08-13 06:22:06 | INFO  | _client.py:_send_single_request:1740 | HTTP Request: POST http://prefect-server:4200/api/work_pools/smarthub-pool/get_scheduled_flow_runs \"HTTP/1.1 200 OK\""}
{"ts": "2026-08-13T06:22:18.185041307Z", "container": "prefect-worker", "msg": "2026-08-13 06:22:18 | INFO  | _client.py:_send_single_request:1740 | HTTP Request: POST http://prefect-server:4200/api/work_pools/smarthub-pool/get_scheduled_flow_runs \"HTTP/1.1 200 OK\""}
{"ts": "2026-08-13T06:22:27.231626921Z", "container": "prefect-worker", "msg": "2026-08-13 06:22:27 | INFO  | _client.py:_send_single_request:1740 | HTTP Request: POST http://prefect-server:4200/api/work_pools/smarthub-pool/get_scheduled_flow_runs \"HTTP/1.1 200 OK\""}
{"ts": "2026-08-13T06:22:36.681631781Z", "container": "prefect-worker", "msg": "2026-08-13 06:22:36 | INFO  | _client.py:_send_single_request:1740 | HTTP Request: POST http://prefect-server:4200/api/work_pools/smarthub-pool/get_scheduled_flow_runs \"HTTP/1.1 200 OK\""}
{"ts": "2026-08-13T06:22:47.457632320Z", "container": "prefect-worker", "msg": "2026-08-13 06:22:47 | INFO  | _client.py:_send_single_request:1740 | HTTP Request: POST http://prefect-server:4200/api/work_pools/smarthub-pool/get_scheduled_flow_runs \"HTTP/1.1 200 OK\""}
{"ts": "2026-08-13T06:22:57.206793457Z", "container": "prefect-worker", "msg": "2026-08-13 06:22:57 | INFO  | _client.py:_send_single_request:1740 | HTTP Request: POST http://prefect-server:4200/api/work_pools/smarthub-pool/get_scheduled_flow_runs \"HTTP/1.1 200 OK\""}
{"ts": "2026-08-13T06:23:08.561925515Z", "container": "prefect-worker", "msg": "2026-08-13 06:23:08 | INFO  | _client.py:_send_single_request:1740 | HTTP Request: POST http://prefect-server:4200/api/work_pools/smarthub-pool/get_scheduled_flow_runs \"HTTP/1.1 200 OK\""}
{"ts": "2026-08-13T06:23:17.000796235Z", "container": "prefect-worker", "msg": "2026-08-13 06:23:17 | INFO  | _client.py:_send_single_request:1740 | HTTP Request: POST http://prefect-server:4200/api/work_pools/smarthub-pool/get_scheduled_flow_runs \"HTTP/1.1 200 OK\""}
{"ts": "2026-08-13T06:23:26.902323137Z", "container": "prefect-worker", "msg": "2026-08-13 06:23:26 | INFO  | _client.py:_send_single_request:1740 | HTTP Request: POST http://prefect-server:4200/api/work_pools/smarthub-pool/get_scheduled_flow_runs \"HTTP/1.1 200 OK\""}
{"ts": "2026-08-13T06:23:38.067930560Z", "container": "prefect-worker", "msg": "2026-08-13 06:23:38 | INFO  | _client.py:_send_single_request:1740 | HTTP Request: POST http://prefect-server:4200/api/work_pools/smarthub-pool/get_scheduled_flow_runs \"HTTP/1.1 200 OK\""}
{"ts": "2026-08-13T06:23:46.060447916Z", "container": "prefect-worker", "msg": "2026-08-13 06:23:46 | INFO  | _client.py:_send_single_request:1740 | HTTP Request: POST http://prefect-server:4200/api/work_pools/smarthub-pool/get_scheduled_flow_runs \"HTTP/1.1 200 OK\""}
{"ts": "2026-08-13T06:23:58.220148038Z", "container": "prefect-worker", "msg": "2026-08-13 06:23:58 | INFO  | _client.py:_send_single_request:1740 | HTTP Request: POST http://prefect-server:4200/api/work_pools/smarthub-pool/get_scheduled_flow_runs \"HTTP/1.1 200 OK\""}
{"ts": "2026-08-13T06:24:05.893584790Z", "container": "prefect-worker", "msg": "2026-08-13 06:24:05 | INFO  | _client.py:_send_single_request:1740 | HTTP Request: POST http://prefect-server:4200/api/work_pools/smarthub-pool/get_scheduled_flow_runs \"HTTP/1.1 200 OK\""}
{"ts": "2026-08-13T06:24:16.773512300Z", "container": "prefect-worker", "msg": "2026-08-13 06:24:16 | INFO  | _client.py:_send_single_request:1740 | HTTP Request: POST http://prefect-server:4200/api/work_pools/smarthub-pool/get_scheduled_flow_runs \"HTTP/1.1 200 OK\""}
{"ts": "2026-08-13T06:24:24.359144939Z", "container": "prefect-worker", "msg": "2026-08-13 06:24:24 | INFO  | _client.py:_send_single_request:1740 | HTTP Request: POST http://prefect-server:4200/api/work_pools/smarthub-pool/get_scheduled_flow_runs \"HTTP/1.1 200 OK\""}
{"ts": "2026-08-13T06:24:32.562153173Z", "container": "prefect-worker", "msg": "2026-08-13 06:24:32 | INFO  | _client.py:_send_single_request:1740 | HTTP Request: POST http://prefect-server:4200/api/work_pools/smarthub-pool/get_scheduled_flow_runs \"HTTP/1.1 200 OK\""}
{"ts": "2026-08-13T06:24:44.645814675Z", "container": "prefect-worker", "msg": "2026-08-13 06:24:44 | INFO  | _client.py:_send_single_request:1740 | HTTP Request: POST http://prefect-server:4200/api/work_pools/smarthub-pool/get_scheduled_flow_runs \"HTTP/1.1 200 OK\""}
{"ts": "2026-08-13T06:24:56.379272842Z", "container": "prefect-worker", "msg": "2026-08-13 06:24:56 | INFO  | _client.py:_send_single_request:1740 | HTTP Request: POST http://prefect-server:4200/api/work_pools/smarthub-pool/get_scheduled_flow_runs \"HTTP/1.1 200 OK\""}
{"ts": "2026-08-13T06:25:04.232002075Z", "container": "prefect-worker", "msg": "2026-08-13 06:25:04 | INFO  | _client.py:_send_single_request:1740 | HTTP Request: POST http://prefect-server:4200/api/work_pools/smarthub-pool/get_scheduled_flow_runs \"HTTP/1.1 200 OK\""}
{"ts": "2026-08-13T06:25:11.926687457Z", "container": "prefect-worker", "msg": "2026-08-13 06:25:11 | INFO  | _client.py:_send_single_request:1740 | HTTP Request: POST http://prefect-server:4200/api/work_pools/smarthub-pool/get_scheduled_flow_runs \"HTTP/1.1 200 OK\""}
{"ts": "2026-08-13T06:25:22.962694482Z", "container": "prefect-worker", "msg": "2026-08-13 06:25:22 | INFO  | _client.py:_send_single_request:1740 | HTTP Request: POST http://prefect-server:4200/api/work_pools/smarthub-pool/get_scheduled_flow_runs \"HTTP/1.1 200 OK\""}
{"ts": "2026-08-13T06:25:35.054609454Z", "container": "prefect-worker", "msg": "2026-08-13 06:25:35 | INFO  | _client.py:_send_single_request:1740 | HTTP Request: POST http://prefect-server:4200/api/work_pools/smarthub-pool/get_scheduled_flow_runs \"HTTP/1.1 200 OK\""}
{"ts": "2026-08-13T06:25:46.465675522Z", "container": "prefect-worker", "msg": "2026-08-13 06:25:46 | INFO  | _client.py:_send_single_request:1740 | HTTP Request: POST http://prefect-server:4200/api/work_pools/smarthub-pool/get_scheduled_flow_runs \"HTTP/1.1 200 OK\""}
{"ts": "2026-08-13T06:25:59.453308930Z", "container": "prefect-worker", "msg": "2026-08-13 06:25:59 | INFO  | _client.py:_send_single_request:1740 | HTTP Request: POST http://prefect-server:4200/api/work_pools/smarthub-pool/get_scheduled_flow_runs \"HTTP/1.1 200 OK\""}
{"ts": "2026-08-13T06:26:11.664773169Z", "container": "prefect-worker", "msg": "2026-08-13 06:26:11 | INFO  | _client.py:_send_single_request:1740 | HTTP Request: POST http://prefect-server:4200/api/work_pools/smarthub-pool/get_scheduled_flow_runs \"HTTP/1.1 200 OK\""}
{"ts": "2026-08-13T06:26:20.541820294Z", "container": "prefect-worker", "msg": "2026-08-13 06:26:20 | INFO  | _client.py:_send_single_request:1740 | HTTP Request: POST http://prefect-server:4200/api/work_pools/smarthub-pool/get_scheduled_flow_runs \"HTTP/1.1 200 OK\""}
{"ts": "2026-08-13T06:26:29.432529589Z", "container": "prefect-worker", "msg": "2026-08-13 06:26:29 | INFO  | _client.py:_send_single_request:1740 | HTTP Request: POST http://prefect-server:4200/api/work_pools/smarthub-pool/get_scheduled_flow_runs \"HTTP/1.1 200 OK\""}
{"ts": "2026-08-13T06:26:41.487929311Z", "container": "prefect-worker", "msg": "2026-08-13 06:26:41 | INFO  | _client.py:_send_single_request:1740 | HTTP Request: POST http://prefect-server:4200/api/work_pools/smarthub-pool/get_scheduled_flow_runs \"HTTP/1.1 200 OK\""}
{"ts": "2026-08-13T06:26:53.597284301Z", "container": "prefect-worker", "msg": "2026-08-13 06:26:53 | INFO  | _client.py:_send_single_request:1740 | HTTP Request: POST http://prefect-server:4200/api/work_pools/smarthub-pool/get_scheduled_flow_runs \"HTTP/1.1 200 OK\""}
{"ts": "2026-08-13T06:27:02.587313822Z", "container": "prefect-worker", "msg": "2026-08-13 06:27:02 | INFO  | _client.py:_send_single_request:1740 | HTTP Request: POST http://prefect-server:4200/api/work_pools/smarthub-pool/get_scheduled_flow_runs \"HTTP/1.1 200 OK\""}
{"ts": "2026-08-13T06:27:11.739308043Z", "container": "prefect-worker", "msg": "2026-08-13 06:27:11 | INFO  | _client.py:_send_single_request:1740 | HTTP Request: POST http://prefect-server:4200/api/work_pools/smarthub-pool/get_scheduled_flow_runs \"HTTP/1.1 200 OK\""}
{"ts": "2026-08-13T06:27:19.439731088Z", "container": "prefect-worker", "msg": "2026-08-13 06:27:19 | INFO  | _client.py:_send_single_request:1740 | HTTP Request: POST http://prefect-server:4200/api/work_pools/smarthub-pool/get_scheduled_flow_runs \"HTTP/1.1 200 OK\""}
{"ts": "2026-08-13T06:27:27.118927650Z", "container": "prefect-worker", "msg": "2026-08-13 06:27:27 | INFO  | _client.py:_send_single_request:1740 | HTTP Request: POST http://prefect-server:4200/api/work_pools/smarthub-pool/get_scheduled_flow_runs \"HTTP/1.1 200 OK\""}
{"ts": "2026-08-13T06:27:37.547524917Z", "container": "prefect-worker", "msg": "2026-08-13 06:27:37 | INFO  | _client.py:_send_single_request:1740 | HTTP Request: POST http://prefect-server:4200/api/work_pools/smarthub-pool/get_scheduled_flow_runs \"HTTP/1.1 200 OK\""}
{"ts": "2026-08-13T06:27:46.826516928Z", "container": "prefect-worker", "msg": "2026-08-13 06:27:46 | INFO  | _client.py:_send_single_request:1740 | HTTP Request: POST http://prefect-server:4200/api/work_pools/smarthub-pool/get_scheduled_flow_runs \"HTTP/1.1 200 OK\""}
{"ts": "2026-08-13T06:27:58.340188424Z", "container": "prefect-worker", "msg": "2026-08-13 06:27:58 | INFO  | _client.py:_send_single_request:1740 | HTTP Request: POST http://prefect-server:4200/api/work_pools/smarthub-pool/get_scheduled_flow_runs \"HTTP/1.1 200 OK\""}
{"ts": "2026-08-13T06:28:08.754198128Z", "container": "prefect-worker", "msg": "2026-08-13 06:28:08 | INFO  | _client.py:_send_single_request:1740 | HTTP Request: POST http://prefect-server:4200/api/work_pools/smarthub-pool/get_scheduled_flow_runs \"HTTP/1.1 200 OK\""}
{"ts": "2026-08-13T06:28:18.873709115Z", "container": "prefect-worker", "msg": "2026-08-13 06:28:18 | INFO  | _client.py:_send_single_request:1740 | HTTP Request: POST http://prefect-server:4200/api/work_pools/smarthub-pool/get_scheduled_flow_runs \"HTTP/1.1 200 OK\""}
{"ts": "2026-08-13T06:28:26.905885483Z", "container": "prefect-worker", "msg": "2026-08-13 06:28:26 | INFO  | _client.py:_send_single_request:1740 | HTTP Request: POST http://prefect-server:4200/api/work_pools/smarthub-pool/get_scheduled_flow_runs \"HTTP/1.1 200 OK\""}
{"ts": "2026-08-13T06:28:38.521539547Z", "container": "prefect-worker", "msg": "2026-08-13 06:28:38 | INFO  | _client.py:_send_single_request:1740 | HTTP Request: POST http://prefect-server:4200/api/work_pools/smarthub-pool/get_scheduled_flow_runs \"HTTP/1.1 200 OK\""}
{"ts": "2026-08-13T06:28:50.342378311Z", "container": "prefect-worker", "msg": "2026-08-13 06:28:50 | INFO  | _client.py:_send_single_request:1740 | HTTP Request: POST http://prefect-server:4200/api/work_pools/smarthub-pool/get_scheduled_flow_runs \"HTTP/1.1 200 OK\""}
{"ts": "2026-08-13T06:28:58.207199175Z", "container": "prefect-worker", "msg": "2026-08-13 06:28:58 | INFO  | _client.py:_send_single_request:1740 | HTTP Request: POST http://prefect-server:4200/api/work_pools/smarthub-pool/get_scheduled_flow_runs \"HTTP/1.1 200 OK\""}
{"ts": "2026-08-13T06:29:09.881253429Z", "container": "prefect-worker", "msg": "2026-08-13 06:29:09 | INFO  | _client.py:_send_single_request:1740 | HTTP Request: POST http://prefect-server:4200/api/work_pools/smarthub-pool/get_scheduled_flow_runs \"HTTP/1.1 200 OK\""}
{"ts": "2026-08-13T06:29:18.410938706Z", "container": "prefect-worker", "msg": "2026-08-13 06:29:18 | INFO  | _client.py:_send_single_request:1740 | HTTP Request: POST http://prefect-server:4200/api/work_pools/smarthub-pool/get_scheduled_flow_runs \"HTTP/1.1 200 OK\""}
{"ts": "2026-08-13T06:29:30.388028757Z", "container": "prefect-worker", "msg": "2026-08-13 06:29:30 | INFO  | _client.py:_send_single_request:1740 | HTTP Request: POST http://prefect-server:4200/api/work_pools/smarthub-pool/get_scheduled_flow_runs \"HTTP/1.1 200 OK\""}
{"ts": "2026-08-13T06:29:38.454735595Z", "container": "prefect-worker", "msg": "2026-08-13 06:29:38 | INFO  | _client.py:_send_single_request:1740 | HTTP Request: POST http://prefect-server:4200/api/work_pools/smarthub-pool/get_scheduled_flow_runs \"HTTP/1.1 200 OK\""}
{"ts": "2026-08-13T06:29:48.187797806Z", "container": "prefect-worker", "msg": "2026-08-13 06:29:48 | INFO  | _client.py:_send_single_request:1740 | HTTP Request: POST http://prefect-server:4200/api/work_pools/smarthub-pool/get_scheduled_flow_runs \"HTTP/1.1 200 OK\""}
{"ts": "2026-08-13T06:29:56.201749546Z", "container": "prefect-worker", "msg": "2026-08-13 06:29:56 | INFO  | _client.py:_send_single_request:1740 | HTTP Request: POST http://prefect-server:4200/api/work_pools/smarthub-pool/get_scheduled_flow_runs \"HTTP/1.1 200 OK\""}
{"ts": "2026-08-13T06:30:04.849412405Z", "container": "prefect-worker", "msg": "2026-08-13 06:30:04 | INFO  | _client.py:_send_single_request:1740 | HTTP Request: POST http://prefect-server:4200/api/work_pools/smarthub-pool/get_scheduled_flow_runs \"HTTP/1.1 200 OK\""}
{"ts": "2026-08-13T06:30:16.988576773Z", "container": "prefect-worker", "msg": "2026-08-13 06:30:16 | INFO  | _client.py:_send_single_request:1740 | HTTP Request: POST http://prefect-server:4200/api/work_pools/smarthub-pool/get_scheduled_flow_runs \"HTTP/1.1 200 OK\""}
{"ts": "2026-08-13T06:30:29.870065689Z", "container": "prefect-worker", "msg": "2026-08-13 06:30:29 | INFO  | _client.py:_send_single_request:1740 | HTTP Request: POST http://prefect-server:4200/api/work_pools/smarthub-pool/get_scheduled_flow_runs \"HTTP/1.1 200 OK\""}
{"ts": "2026-08-13T06:30:41.853833303Z", "container": "prefect-worker", "msg": "2026-08-13 06:30:41 | INFO  | _client.py:_send_single_request:1740 | HTTP Request: POST http://prefect-server:4200/api/work_pools/smarthub-pool/get_scheduled_flow_runs \"HTTP/1.1 200 OK\""}
{"ts": "2026-08-13T06:30:52.687910679Z", "container": "prefect-worker", "msg": "2026-08-13 06:30:52 | INFO  | _client.py:_send_single_request:1740 | HTTP Request: POST http://prefect-server:4200/api/work_pools/smarthub-pool/get_scheduled_flow_runs \"HTTP/1.1 200 OK\""}
{"ts": "2026-08-13T06:31:01.793741138Z", "container": "prefect-worker", "msg": "2026-08-13 06:31:01 | INFO  | _client.py:_send_single_request:1740 | HTTP Request: POST http://prefect-server:4200/api/work_pools/smarthub-pool/get_scheduled_flow_runs \"HTTP/1.1 200 OK\""}
{"ts": "2026-08-13T06:31:12.011708064Z", "container": "prefect-worker", "msg": "2026-08-13 06:31:12 | INFO  | _client.py:_send_single_request:1740 | HTTP Request: POST http://prefect-server:4200/api/work_pools/smarthub-pool/get_scheduled_flow_runs \"HTTP/1.1 200 OK\""}
{"ts": "2026-08-13T06:31:21.909702838Z", "container": "prefect-worker", "msg": "2026-08-13 06:31:21 | INFO  | _client.py:_send_single_request:1740 | HTTP Request: POST http://prefect-server:4200/api/work_pools/smarthub-pool/get_scheduled_flow_runs \"HTTP/1.1 200 OK\""}
{"ts": "2026-08-13T06:31:30.133927877Z", "container": "prefect-worker", "msg": "2026-08-13 06:31:30 | INFO  | _client.py:_send_single_request:1740 | HTTP Request: POST http://prefect-server:4200/api/work_pools/smarthub-pool/get_scheduled_flow_runs \"HTTP/1.1 200 OK\""}
{"ts": "2026-08-13T06:31:40.481915155Z", "container": "prefect-worker", "msg": "2026-08-13 06:31:40 | INFO  | _client.py:_send_single_request:1740 | HTTP Request: POST http://prefect-server:4200/api/work_pools/smarthub-pool/get_scheduled_flow_runs \"HTTP/1.1 200 OK\""}
{"ts": "2026-08-13T06:31:48.125053181Z", "container": "prefect-worker", "msg": "2026-08-13 06:31:48 | INFO  | _client.py:_send_single_request:1740 | HTTP Request: POST http://prefect-server:4200/api/work_pools/smarthub-pool/get_scheduled_flow_runs \"HTTP/1.1 200 OK\""}
{"ts": "2026-08-13T06:31:56.073448819Z", "container": "prefect-worker", "msg": "2026-08-13 06:31:56 | INFO  | _client.py:_send_single_request:1740 | HTTP Request: POST http://prefect-server:4200/api/work_pools/smarthub-pool/get_scheduled_flow_runs \"HTTP/1.1 200 OK\""}
{"ts": "2026-08-13T06:32:07.618766790Z", "container": "prefect-worker", "msg": "2026-08-13 06:32:07 | INFO  | _client.py:_send_single_request:1740 | HTTP Request: POST http://prefect-server:4200/api/work_pools/smarthub-pool/get_scheduled_flow_runs \"HTTP/1.1 200 OK\""}
{"ts": "2026-08-13T06:32:16.194104663Z", "container": "prefect-worker", "msg": "2026-08-13 06:32:16 | INFO  | _client.py:_send_single_request:1740 | HTTP Request: POST http://prefect-server:4200/api/work_pools/smarthub-pool/get_scheduled_flow_runs \"HTTP/1.1 200 OK\""}
{"ts": "2026-08-13T06:32:27.648398270Z", "container": "prefect-worker", "msg": "2026-08-13 06:32:27 | INFO  | _client.py:_send_single_request:1740 | HTTP Request: POST http://prefect-server:4200/api/work_pools/smarthub-pool/get_scheduled_flow_runs \"HTTP/1.1 200 OK\""}
{"ts": "2026-08-13T06:32:36.348409743Z", "container": "prefect-worker", "msg": "2026-08-13 06:32:36 | INFO  | _client.py:_send_single_request:1740 | HTTP Request: POST http://prefect-server:4200/api/work_pools/smarthub-pool/get_scheduled_flow_runs \"HTTP/1.1 200 OK\""}
{"ts": "2026-08-13T06:32:44.960076748Z", "container": "prefect-worker", "msg": "2026-08-13 06:32:44 | INFO  | _client.py:_send_single_request:1740 | HTTP Request: POST http://prefect-server:4200/api/work_pools/smarthub-pool/get_scheduled_flow_runs \"HTTP/1.1 200 OK\""}
{"ts": "2026-08-13T06:32:57.777343410Z", "container": "prefect-worker", "msg": "2026-08-13 06:32:57 | INFO  | _client.py:_send_single_request:1740 | HTTP Request: POST http://prefect-server:4200/api/work_pools/smarthub-pool/get_scheduled_flow_runs \"HTTP/1.1 200 OK\""}
{"ts": "2026-08-13T06:33:10.185304029Z", "container": "prefect-worker", "msg": "2026-08-13 06:33:10 | INFO  | _client.py:_send_single_request:1740 | HTTP Request: POST http://prefect-server:4200/api/work_pools/smarthub-pool/get_scheduled_flow_runs \"HTTP/1.1 200 OK\""}
{"ts": "2026-08-13T06:33:20.628162111Z", "container": "prefect-worker", "msg": "2026-08-13 06:33:20 | INFO  | _client.py:_send_single_request:1740 | HTTP Request: POST http://prefect-server:4200/api/work_pools/smarthub-pool/get_scheduled_flow_runs \"HTTP/1.1 200 OK\""}
{"ts": "2026-08-13T06:33:30.545833652Z", "container": "prefect-worker", "msg": "2026-08-13 06:33:30 | INFO  | _client.py:_send_single_request:1740 | HTTP Request: POST http://prefect-server:4200/api/work_pools/smarthub-pool/get_scheduled_flow_runs \"HTTP/1.1 200 OK\""}
{"ts": "2026-08-13T06:33:42.867427730Z", "container": "prefect-worker", "msg": "2026-08-13 06:33:42 | INFO  | _client.py:_send_single_request:1740 | HTTP Request: POST http://prefect-server:4200/api/work_pools/smarthub-pool/get_scheduled_flow_runs \"HTTP/1.1 200 OK\""}
{"ts": "2026-08-13T06:33:51.026585277Z", "container": "prefect-worker", "msg": "2026-08-13 06:33:51 | INFO  | _client.py:_send_single_request:1740 | HTTP Request: POST http://prefect-server:4200/api/work_pools/smarthub-pool/get_scheduled_flow_runs \"HTTP/1.1 200 OK\""}
{"ts": "2026-08-13T06:34:01.041816344Z", "container": "prefect-worker", "msg": "2026-08-13 06:34:01 | INFO  | _client.py:_send_single_request:1740 | HTTP Request: POST http://prefect-server:4200/api/work_pools/smarthub-pool/get_scheduled_flow_runs \"HTTP/1.1 200 OK\""}
{"ts": "2026-08-13T06:34:10.913860491Z", "container": "prefect-worker", "msg": "2026-08-13 06:34:10 | INFO  | _client.py:_send_single_request:1740 | HTTP Request: POST http://prefect-server:4200/api/work_pools/smarthub-pool/get_scheduled_flow_runs \"HTTP/1.1 200 OK\""}
{"ts": "2026-08-13T06:34:19.934321784Z", "container": "prefect-worker", "msg": "2026-08-13 06:34:19 | INFO  | _client.py:_send_single_request:1740 | HTTP Request: POST http://prefect-server:4200/api/work_pools/smarthub-pool/get_scheduled_flow_runs \"HTTP/1.1 200 OK\""}
{"ts": "2026-08-13T06:34:28.255482868Z", "container": "prefect-worker", "msg": "2026-08-13 06:34:28 | INFO  | _client.py:_send_single_request:1740 | HTTP Request: POST http://prefect-server:4200/api/work_pools/smarthub-pool/get_scheduled_flow_runs \"HTTP/1.1 200 OK\""}
{"ts": "2026-08-13T06:34:37.756773329Z", "container": "prefect-worker", "msg": "2026-08-13 06:34:37 | INFO  | _client.py:_send_single_request:1740 | HTTP Request: POST http://prefect-server:4200/api/work_pools/smarthub-pool/get_scheduled_flow_runs \"HTTP/1.1 200 OK\""}
{"ts": "2026-08-13T06:34:49.042385974Z", "container": "prefect-worker", "msg": "2026-08-13 06:34:49 | INFO  | _client.py:_send_single_request:1740 | HTTP Request: POST http://prefect-server:4200/api/work_pools/smarthub-pool/get_scheduled_flow_runs \"HTTP/1.1 200 OK\""}
{"ts": "2026-08-13T06:35:00.214115912Z", "container": "prefect-worker", "msg": "2026-08-13 06:35:00 | INFO  | _client.py:_send_single_request:1740 | HTTP Request: POST http://prefect-server:4200/api/work_pools/smarthub-pool/get_scheduled_flow_runs \"HTTP/1.1 200 OK\""}
{"ts": "2026-08-13T06:35:12.884145962Z", "container": "prefect-worker", "msg": "2026-08-13 06:35:12 | INFO  | _client.py:_send_single_request:1740 | HTTP Request: POST http://prefect-server:4200/api/work_pools/smarthub-pool/get_scheduled_flow_runs \"HTTP/1.1 200 OK\""}
{"ts": "2026-08-13T06:35:23.128507872Z", "container": "prefect-worker", "msg": "2026-08-13 06:35:23 | INFO  | _client.py:_send_single_request:1740 | HTTP Request: POST http://prefect-server:4200/api/work_pools/smarthub-pool/get_scheduled_flow_runs \"HTTP/1.1 200 OK\""}
{"ts": "2026-08-13T06:35:31.406076910Z", "container": "prefect-worker", "msg": "2026-08-13 06:35:31 | INFO  | _client.py:_send_single_request:1740 | HTTP Request: POST http://prefect-server:4200/api/work_pools/smarthub-pool/get_scheduled_flow_runs \"HTTP/1.1 200 OK\""}
{"ts": "2026-08-13T06:35:43.109332408Z", "container": "prefect-worker", "msg": "2026-08-13 06:35:43 | INFO  | _client.py:_send_single_request:1740 | HTTP Request: POST http://prefect-server:4200/api/work_pools/smarthub-pool/get_scheduled_flow_runs \"HTTP/1.1 200 OK\""}
{"ts": "2026-08-13T06:35:55.814742676Z", "container": "prefect-worker", "msg": "2026-08-13 06:35:55 | INFO  | _client.py:_send_single_request:1740 | HTTP Request: POST http://prefect-server:4200/api/work_pools/smarthub-pool/get_scheduled_flow_runs \"HTTP/1.1 200 OK\""}
{"ts": "2026-08-13T06:36:05.557745473Z", "container": "prefect-worker", "msg": "2026-08-13 06:36:05 | INFO  | _client.py:_send_single_request:1740 | HTTP Request: POST http://prefect-server:4200/api/work_pools/smarthub-pool/get_scheduled_flow_runs \"HTTP/1.1 200 OK\""}
{"ts": "2026-08-13T06:36:17.249379960Z", "container": "prefect-worker", "msg": "2026-08-13 06:36:17 | INFO  | _client.py:_send_single_request:1740 | HTTP Request: POST http://prefect-server:4200/api/work_pools/smarthub-pool/get_scheduled_flow_runs \"HTTP/1.1 200 OK\""}
{"ts": "2026-08-13T06:36:27.128071802Z", "container": "prefect-worker", "msg": "2026-08-13 06:36:27 | INFO  | _client.py:_send_single_request:1740 | HTTP Request: POST http://prefect-server:4200/api/work_pools/smarthub-pool/get_scheduled_flow_runs \"HTTP/1.1 200 OK\""}
{"ts": "2026-08-13T06:36:36.147938573Z", "container": "prefect-worker", "msg": "2026-08-13 06:36:36 | INFO  | _client.py:_send_single_request:1740 | HTTP Request: POST http://prefect-server:4200/api/work_pools/smarthub-pool/get_scheduled_flow_runs \"HTTP/1.1 200 OK\""}
{"ts": "2026-08-13T06:36:46.997599290Z", "container": "prefect-worker", "msg": "2026-08-13 06:36:46 | INFO  | _client.py:_send_single_request:1740 | HTTP Request: POST http://prefect-server:4200/api/work_pools/smarthub-pool/get_scheduled_flow_runs \"HTTP/1.1 200 OK\""}
{"ts": "2026-08-13T06:36:56.880018617Z", "container": "prefect-worker", "msg": "2026-08-13 06:36:56 | INFO  | _client.py:_send_single_request:1740 | HTTP Request: POST http://prefect-server:4200/api/work_pools/smarthub-pool/get_scheduled_flow_runs \"HTTP/1.1 200 OK\""}
{"ts": "2026-08-13T06:37:06.853298536Z", "container": "prefect-worker", "msg": "2026-08-13 06:37:06 | INFO  | _client.py:_send_single_request:1740 | HTTP Request: POST http://prefect-server:4200/api/work_pools/smarthub-pool/get_scheduled_flow_runs \"HTTP/1.1 200 OK\""}
{"ts": "2026-08-13T06:37:16.577516630Z", "container": "prefect-worker", "msg": "2026-08-13 06:37:16 | INFO  | _client.py:_send_single_request:1740 | HTTP Request: POST http://prefect-server:4200/api/work_pools/smarthub-pool/get_scheduled_flow_runs \"HTTP/1.1 200 OK\""}
{"ts": "2026-08-13T06:37:29.473731305Z", "container": "prefect-worker", "msg": "2026-08-13 06:37:29 | INFO  | _client.py:_send_single_request:1740 | HTTP Request: POST http://prefect-server:4200/api/work_pools/smarthub-pool/get_scheduled_flow_runs \"HTTP/1.1 200 OK\""}
{"ts": "2026-08-13T06:37:39.756264706Z", "container": "prefect-worker", "msg": "2026-08-13 06:37:39 | INFO  | _client.py:_send_single_request:1740 | HTTP Request: POST http://prefect-server:4200/api/work_pools/smarthub-pool/get_scheduled_flow_runs \"HTTP/1.1 200 OK\""}
{"ts": "2026-08-13T06:37:52.396340238Z", "container": "prefect-worker", "msg": "2026-08-13 06:37:52 | INFO  | _client.py:_send_single_request:1740 | HTTP Request: POST http://prefect-server:4200/api/work_pools/smarthub-pool/get_scheduled_flow_runs \"HTTP/1.1 200 OK\""}
{"ts": "2026-08-13T06:38:02.421066244Z", "container": "prefect-worker", "msg": "2026-08-13 06:38:02 | INFO  | _client.py:_send_single_request:1740 | HTTP Request: POST http://prefect-server:4200/api/work_pools/smarthub-pool/get_scheduled_flow_runs \"HTTP/1.1 200 OK\""}
{"ts": "2026-08-13T06:38:14.848334700Z", "container": "prefect-worker", "msg": "2026-08-13 06:38:14 | INFO  | _client.py:_send_single_request:1740 | HTTP Request: POST http://prefect-server:4200/api/work_pools/smarthub-pool/get_scheduled_flow_runs \"HTTP/1.1 200 OK\""}
{"ts": "2026-08-13T06:38:25.232158007Z", "container": "prefect-worker", "msg": "2026-08-13 06:38:25 | INFO  | _client.py:_send_single_request:1740 | HTTP Request: POST http://prefect-server:4200/api/work_pools/smarthub-pool/get_scheduled_flow_runs \"HTTP/1.1 200 OK\""}
{"ts": "2026-08-13T06:38:33.922076241Z", "container": "prefect-worker", "msg": "2026-08-13 06:38:33 | INFO  | _client.py:_send_single_request:1740 | HTTP Request: POST http://prefect-server:4200/api/work_pools/smarthub-pool/get_scheduled_flow_runs \"HTTP/1.1 200 OK\""}
{"ts": "2026-08-13T06:38:42.059193994Z", "container": "prefect-worker", "msg": "2026-08-13 06:38:42 | INFO  | _client.py:_send_single_request:1740 | HTTP Request: POST http://prefect-server:4200/api/work_pools/smarthub-pool/get_scheduled_flow_runs \"HTTP/1.1 200 OK\""}
{"ts": "2026-08-13T06:38:52.574249742Z", "container": "prefect-worker", "msg": "2026-08-13 06:38:52 | INFO  | _client.py:_send_single_request:1740 | HTTP Request: POST http://prefect-server:4200/api/work_pools/smarthub-pool/get_scheduled_flow_runs \"HTTP/1.1 200 OK\""}
{"ts": "2026-08-13T06:39:02.025913126Z", "container": "prefect-worker", "msg": "2026-08-13 06:39:02 | INFO  | _client.py:_send_single_request:1740 | HTTP Request: POST http://prefect-server:4200/api/work_pools/smarthub-pool/get_scheduled_flow_runs \"HTTP/1.1 200 OK\""}
{"ts": "2026-08-13T06:39:10.032695312Z", "container": "prefect-worker", "msg": "2026-08-13 06:39:10 | INFO  | _client.py:_send_single_request:1740 | HTTP Request: POST http://prefect-server:4200/api/work_pools/smarthub-pool/get_scheduled_flow_runs \"HTTP/1.1 200 OK\""}
{"ts": "2026-08-13T06:39:19.367755095Z", "container": "prefect-worker", "msg": "2026-08-13 06:39:19 | INFO  | _client.py:_send_single_request:1740 | HTTP Request: POST http://prefect-server:4200/api/work_pools/smarthub-pool/get_scheduled_flow_runs \"HTTP/1.1 200 OK\""}
{"ts": "2026-08-13T06:39:27.572276442Z", "container": "prefect-worker", "msg": "2026-08-13 06:39:27 | INFO  | _client.py:_send_single_request:1740 | HTTP Request: POST http://prefect-server:4200/api/work_pools/smarthub-pool/get_scheduled_flow_runs \"HTTP/1.1 200 OK\""}
{"ts": "2026-08-13T06:39:36.672755604Z", "container": "prefect-worker", "msg": "2026-08-13 06:39:36 | INFO  | _client.py:_send_single_request:1740 | HTTP Request: POST http://prefect-server:4200/api/work_pools/smarthub-pool/get_scheduled_flow_runs \"HTTP/1.1 200 OK\""}
{"ts": "2026-08-13T06:39:44.666021453Z", "container": "prefect-worker", "msg": "2026-08-13 06:39:44 | INFO  | _client.py:_send_single_request:1740 | HTTP Request: POST http://prefect-server:4200/api/work_pools/smarthub-pool/get_scheduled_flow_runs \"HTTP/1.1 200 OK\""}
{"ts": "2026-08-13T06:39:54.173920307Z", "container": "prefect-worker", "msg": "2026-08-13 06:39:54 | INFO  | _client.py:_send_single_request:1740 | HTTP Request: POST http://prefect-server:4200/api/work_pools/smarthub-pool/get_scheduled_flow_runs \"HTTP/1.1 200 OK\""}
{"ts": "2026-08-13T06:40:02.829994487Z", "container": "prefect-worker", "msg": "2026-08-13 06:40:02 | INFO  | _client.py:_send_single_request:1740 | HTTP Request: POST http://prefect-server:4200/api/work_pools/smarthub-pool/get_scheduled_flow_runs \"HTTP/1.1 200 OK\""}
{"ts": "2026-08-13T06:40:12.765024333Z", "container": "prefect-worker", "msg": "2026-08-13 06:40:12 | INFO  | _client.py:_send_single_request:1740 | HTTP Request: POST http://prefect-server:4200/api/work_pools/smarthub-pool/get_scheduled_flow_runs \"HTTP/1.1 200 OK\""}
{"ts": "2026-08-13T06:40:25.621266766Z", "container": "prefect-worker", "msg": "2026-08-13 06:40:25 | INFO  | _client.py:_send_single_request:1740 | HTTP Request: POST http://prefect-server:4200/api/work_pools/smarthub-pool/get_scheduled_flow_runs \"HTTP/1.1 200 OK\""}
{"ts": "2026-08-13T06:40:38.498363786Z", "container": "prefect-worker", "msg": "2026-08-13 06:40:38 | INFO  | _client.py:_send_single_request:1740 | HTTP Request: POST http://prefect-server:4200/api/work_pools/smarthub-pool/get_scheduled_flow_runs \"HTTP/1.1 200 OK\""}
{"ts": "2026-08-13T06:40:50.169378431Z", "container": "prefect-worker", "msg": "2026-08-13 06:40:50 | INFO  | _client.py:_send_single_request:1740 | HTTP Request: POST http://prefect-server:4200/api/work_pools/smarthub-pool/get_scheduled_flow_runs \"HTTP/1.1 200 OK\""}
{"ts": "2026-08-13T06:41:01.301744290Z", "container": "prefect-worker", "msg": "2026-08-13 06:41:01 | INFO  | _client.py:_send_single_request:1740 | HTTP Request: POST http://prefect-server:4200/api/work_pools/smarthub-pool/get_scheduled_flow_runs \"HTTP/1.1 200 OK\""}
{"ts": "2026-08-13T06:41:09.110835908Z", "container": "prefect-worker", "msg": "2026-08-13 06:41:09 | INFO  | _client.py:_send_single_request:1740 | HTTP Request: POST http://prefect-server:4200/api/work_pools/smarthub-pool/get_scheduled_flow_runs \"HTTP/1.1 200 OK\""}
{"ts": "2026-08-13T06:41:18.335195235Z", "container": "prefect-worker", "msg": "2026-08-13 06:41:18 | INFO  | _client.py:_send_single_request:1740 | HTTP Request: POST http://prefect-server:4200/api/work_pools/smarthub-pool/get_scheduled_flow_runs \"HTTP/1.1 200 OK\""}
{"ts": "2026-08-13T06:41:26.375757436Z", "container": "prefect-worker", "msg": "2026-08-13 06:41:26 | INFO  | _client.py:_send_single_request:1740 | HTTP Request: POST http://prefect-server:4200/api/work_pools/smarthub-pool/get_scheduled_flow_runs \"HTTP/1.1 200 OK\""}
{"ts": "2026-08-13T06:41:35.918922122Z", "container": "prefect-worker", "msg": "2026-08-13 06:41:35 | INFO  | _client.py:_send_single_request:1740 | HTTP Request: POST http://prefect-server:4200/api/work_pools/smarthub-pool/get_scheduled_flow_runs \"HTTP/1.1 200 OK\""}
{"ts": "2026-08-13T06:41:45.770683487Z", "container": "prefect-worker", "msg": "2026-08-13 06:41:45 | INFO  | _client.py:_send_single_request:1740 | HTTP Request: POST http://prefect-server:4200/api/work_pools/smarthub-pool/get_scheduled_flow_runs \"HTTP/1.1 200 OK\""}
{"ts": "2026-08-13T06:41:57.923374315Z", "container": "prefect-worker", "msg": "2026-08-13 06:41:57 | INFO  | _client.py:_send_single_request:1740 | HTTP Request: POST http://prefect-server:4200/api/work_pools/smarthub-pool/get_scheduled_flow_runs \"HTTP/1.1 200 OK\""}
{"ts": "2026-08-13T06:42:05.994783809Z", "container": "prefect-worker", "msg": "2026-08-13 06:42:05 | INFO  | _client.py:_send_single_request:1740 | HTTP Request: POST http://prefect-server:4200/api/work_pools/smarthub-pool/get_scheduled_flow_runs \"HTTP/1.1 200 OK\""}
{"ts": "2026-08-13T06:42:15.150985837Z", "container": "prefect-worker", "msg": "2026-08-13 06:42:15 | INFO  | _client.py:_send_single_request:1740 | HTTP Request: POST http://prefect-server:4200/api/work_pools/smarthub-pool/get_scheduled_flow_runs \"HTTP/1.1 200 OK\""}
{"ts": "2026-08-13T06:42:27.252050096Z", "container": "prefect-worker", "msg": "2026-08-13 06:42:27 | INFO  | _client.py:_send_single_request:1740 | HTTP Request: POST http://prefect-server:4200/api/work_pools/smarthub-pool/get_scheduled_flow_runs \"HTTP/1.1 200 OK\""}
{"ts": "2026-08-13T06:42:35.285048282Z", "container": "prefect-worker", "msg": "2026-08-13 06:42:35 | INFO  | _client.py:_send_single_request:1740 | HTTP Request: POST http://prefect-server:4200/api/work_pools/smarthub-pool/get_scheduled_flow_runs \"HTTP/1.1 200 OK\""}
{"ts": "2026-08-13T06:42:45.189883706Z", "container": "prefect-worker", "msg": "2026-08-13 06:42:45 | INFO  | _client.py:_send_single_request:1740 | HTTP Request: POST http://prefect-server:4200/api/work_pools/smarthub-pool/get_scheduled_flow_runs \"HTTP/1.1 200 OK\""}
{"ts": "2026-08-13T06:42:52.981459810Z", "container": "prefect-worker", "msg": "2026-08-13 06:42:52 | INFO  | _client.py:_send_single_request:1740 | HTTP Request: POST http://prefect-server:4200/api/work_pools/smarthub-pool/get_scheduled_flow_runs \"HTTP/1.1 200 OK\""}
{"ts": "2026-08-13T06:43:02.428019111Z", "container": "prefect-worker", "msg": "2026-08-13 06:43:02 | INFO  | _client.py:_send_single_request:1740 | HTTP Request: POST http://prefect-server:4200/api/work_pools/smarthub-pool/get_scheduled_flow_runs \"HTTP/1.1 200 OK\""}
{"ts": "2026-08-13T06:43:11.292608099Z", "container": "prefect-worker", "msg": "2026-08-13 06:43:11 | INFO  | _client.py:_send_single_request:1740 | HTTP Request: POST http://prefect-server:4200/api/work_pools/smarthub-pool/get_scheduled_flow_runs \"HTTP/1.1 200 OK\""}
{"ts": "2026-08-13T06:43:18.831704651Z", "container": "prefect-worker", "msg": "2026-08-13 06:43:18 | INFO  | _client.py:_send_single_request:1740 | HTTP Request: POST http://prefect-server:4200/api/work_pools/smarthub-pool/get_scheduled_flow_runs \"HTTP/1.1 200 OK\""}
{"ts": "2026-08-13T06:43:28.445739150Z", "container": "prefect-worker", "msg": "2026-08-13 06:43:28 | INFO  | _client.py:_send_single_request:1740 | HTTP Request: POST http://prefect-server:4200/api/work_pools/smarthub-pool/get_scheduled_flow_runs \"HTTP/1.1 200 OK\""}
{"ts": "2026-08-13T06:43:40.539438748Z", "container": "prefect-worker", "msg": "2026-08-13 06:43:40 | INFO  | _client.py:_send_single_request:1740 | HTTP Request: POST http://prefect-server:4200/api/work_pools/smarthub-pool/get_scheduled_flow_runs \"HTTP/1.1 200 OK\""}
{"ts": "2026-08-13T06:43:51.153077576Z", "container": "prefect-worker", "msg": "2026-08-13 06:43:51 | INFO  | _client.py:_send_single_request:1740 | HTTP Request: POST http://prefect-server:4200/api/work_pools/smarthub-pool/get_scheduled_flow_runs \"HTTP/1.1 200 OK\""}
{"ts": "2026-08-13T06:44:03.622791968Z", "container": "prefect-worker", "msg": "2026-08-13 06:44:03 | INFO  | _client.py:_send_single_request:1740 | HTTP Request: POST http://prefect-server:4200/api/work_pools/smarthub-pool/get_scheduled_flow_runs \"HTTP/1.1 200 OK\""}
{"ts": "2026-08-13T06:44:16.332414213Z", "container": "prefect-worker", "msg": "2026-08-13 06:44:16 | INFO  | _client.py:_send_single_request:1740 | HTTP Request: POST http://prefect-server:4200/api/work_pools/smarthub-pool/get_scheduled_flow_runs \"HTTP/1.1 200 OK\""}
{"ts": "2026-08-13T06:44:26.923444989Z", "container": "prefect-worker", "msg": "2026-08-13 06:44:26 | INFO  | _client.py:_send_single_request:1740 | HTTP Request: POST http://prefect-server:4200/api/work_pools/smarthub-pool/get_scheduled_flow_runs \"HTTP/1.1 200 OK\""}
{"ts": "2026-08-13T06:44:35.361810579Z", "container": "prefect-worker", "msg": "2026-08-13 06:44:35 | INFO  | _client.py:_send_single_request:1740 | HTTP Request: POST http://prefect-server:4200/api/work_pools/smarthub-pool/get_scheduled_flow_runs \"HTTP/1.1 200 OK\""}
{"ts": "2026-08-13T06:44:43.773937944Z", "container": "prefect-worker", "msg": "2026-08-13 06:44:43 | INFO  | _client.py:_send_single_request:1740 | HTTP Request: POST http://prefect-server:4200/api/work_pools/smarthub-pool/get_scheduled_flow_runs \"HTTP/1.1 200 OK\""}
{"ts": "2026-08-13T06:44:56.783875311Z", "container": "prefect-worker", "msg": "2026-08-13 06:44:56 | INFO  | _client.py:_send_single_request:1740 | HTTP Request: POST http://prefect-server:4200/api/work_pools/smarthub-pool/get_scheduled_flow_runs \"HTTP/1.1 200 OK\""}
{"ts": "2026-08-13T06:45:06.452284380Z", "container": "prefect-worker", "msg": "2026-08-13 06:45:06 | INFO  | _client.py:_send_single_request:1740 | HTTP Request: POST http://prefect-server:4200/api/work_pools/smarthub-pool/get_scheduled_flow_runs \"HTTP/1.1 200 OK\""}
{"ts": "2026-08-13T06:45:14.039963075Z", "container": "prefect-worker", "msg": "2026-08-13 06:45:14 | INFO  | _client.py:_send_single_request:1740 | HTTP Request: POST http://prefect-server:4200/api/work_pools/smarthub-pool/get_scheduled_flow_runs \"HTTP/1.1 200 OK\""}
{"ts": "2026-08-13T06:45:24.532915243Z", "container": "prefect-worker", "msg": "2026-08-13 06:45:24 | INFO  | _client.py:_send_single_request:1740 | HTTP Request: POST http://prefect-server:4200/api/work_pools/smarthub-pool/get_scheduled_flow_runs \"HTTP/1.1 200 OK\""}
{"ts": "2026-08-13T06:45:34.139821430Z", "container": "prefect-worker", "msg": "2026-08-13 06:45:34 | INFO  | _client.py:_send_single_request:1740 | HTTP Request: POST http://prefect-server:4200/api/work_pools/smarthub-pool/get_scheduled_flow_runs \"HTTP/1.1 200 OK\""}
{"ts": "2026-08-13T06:45:42.816465315Z", "container": "prefect-worker", "msg": "2026-08-13 06:45:42 | INFO  | _client.py:_send_single_request:1740 | HTTP Request: POST http://prefect-server:4200/api/work_pools/smarthub-pool/get_scheduled_flow_runs \"HTTP/1.1 200 OK\""}
{"ts": "2026-08-13T06:45:53.386652707Z", "container": "prefect-worker", "msg": "2026-08-13 06:45:53 | INFO  | _client.py:_send_single_request:1740 | HTTP Request: POST http://prefect-server:4200/api/work_pools/smarthub-pool/get_scheduled_flow_runs \"HTTP/1.1 200 OK\""}
{"ts": "2026-08-13T06:46:06.394641070Z", "container": "prefect-worker", "msg": "2026-08-13 06:46:06 | INFO  | _client.py:_send_single_request:1740 | HTTP Request: POST http://prefect-server:4200/api/work_pools/smarthub-pool/get_scheduled_flow_runs \"HTTP/1.1 200 OK\""}
{"ts": "2026-08-13T06:46:17.573971225Z", "container": "prefect-worker", "msg": "2026-08-13 06:46:17 | INFO  | _client.py:_send_single_request:1740 | HTTP Request: POST http://prefect-server:4200/api/work_pools/smarthub-pool/get_scheduled_flow_runs \"HTTP/1.1 200 OK\""}
{"ts": "2026-08-13T06:46:26.351262747Z", "container": "prefect-worker", "msg": "2026-08-13 06:46:26 | INFO  | _client.py:_send_single_request:1740 | HTTP Request: POST http://prefect-server:4200/api/work_pools/smarthub-pool/get_scheduled_flow_runs \"HTTP/1.1 200 OK\""}
{"ts": "2026-08-13T06:46:34.161789587Z", "container": "prefect-worker", "msg": "2026-08-13 06:46:34 | INFO  | _client.py:_send_single_request:1740 | HTTP Request: POST http://prefect-server:4200/api/work_pools/smarthub-pool/get_scheduled_flow_runs \"HTTP/1.1 200 OK\""}
{"ts": "2026-08-13T06:46:44.471307306Z", "container": "prefect-worker", "msg": "2026-08-13 06:46:44 | INFO  | _client.py:_send_single_request:1740 | HTTP Request: POST http://prefect-server:4200/api/work_pools/smarthub-pool/get_scheduled_flow_runs \"HTTP/1.1 200 OK\""}
{"ts": "2026-08-13T06:46:56.067930675Z", "container": "prefect-worker", "msg": "2026-08-13 06:46:56 | INFO  | _client.py:_send_single_request:1740 | HTTP Request: POST http://prefect-server:4200/api/work_pools/smarthub-pool/get_scheduled_flow_runs \"HTTP/1.1 200 OK\""}
{"ts": "2026-08-13T06:47:08.732832929Z", "container": "prefect-worker", "msg": "2026-08-13 06:47:08 | INFO  | _client.py:_send_single_request:1740 | HTTP Request: POST http://prefect-server:4200/api/work_pools/smarthub-pool/get_scheduled_flow_runs \"HTTP/1.1 200 OK\""}
{"ts": "2026-08-13T06:47:17.487839402Z", "container": "prefect-worker", "msg": "2026-08-13 06:47:17 | INFO  | _client.py:_send_single_request:1740 | HTTP Request: POST http://prefect-server:4200/api/work_pools/smarthub-pool/get_scheduled_flow_runs \"HTTP/1.1 200 OK\""}
{"ts": "2026-08-13T06:47:30.315629427Z", "container": "prefect-worker", "msg": "2026-08-13 06:47:30 | INFO  | _client.py:_send_single_request:1740 | HTTP Request: POST http://prefect-server:4200/api/work_pools/smarthub-pool/get_scheduled_flow_runs \"HTTP/1.1 200 OK\""}
{"ts": "2026-08-13T06:47:42.527789920Z", "container": "prefect-worker", "msg": "2026-08-13 06:47:42 | INFO  | _client.py:_send_single_request:1740 | HTTP Request: POST http://prefect-server:4200/api/work_pools/smarthub-pool/get_scheduled_flow_runs \"HTTP/1.1 200 OK\""}
{"ts": "2026-08-13T06:47:52.518458225Z", "container": "prefect-worker", "msg": "2026-08-13 06:47:52 | INFO  | _client.py:_send_single_request:1740 | HTTP Request: POST http://prefect-server:4200/api/work_pools/smarthub-pool/get_scheduled_flow_runs \"HTTP/1.1 200 OK\""}
{"ts": "2026-08-13T06:48:02.516249320Z", "container": "prefect-worker", "msg": "2026-08-13 06:48:02 | INFO  | _client.py:_send_single_request:1740 | HTTP Request: POST http://prefect-server:4200/api/work_pools/smarthub-pool/get_scheduled_flow_runs \"HTTP/1.1 200 OK\""}
{"ts": "2026-08-13T06:48:10.493527116Z", "container": "prefect-worker", "msg": "2026-08-13 06:48:10 | INFO  | _client.py:_send_single_request:1740 | HTTP Request: POST http://prefect-server:4200/api/work_pools/smarthub-pool/get_scheduled_flow_runs \"HTTP/1.1 200 OK\""}
{"ts": "2026-08-13T06:48:18.736200846Z", "container": "prefect-worker", "msg": "2026-08-13 06:48:18 | INFO  | _client.py:_send_single_request:1740 | HTTP Request: POST http://prefect-server:4200/api/work_pools/smarthub-pool/get_scheduled_flow_runs \"HTTP/1.1 200 OK\""}
{"ts": "2026-08-13T06:48:27.872505594Z", "container": "prefect-worker", "msg": "2026-08-13 06:48:27 | INFO  | _client.py:_send_single_request:1740 | HTTP Request: POST http://prefect-server:4200/api/work_pools/smarthub-pool/get_scheduled_flow_runs \"HTTP/1.1 200 OK\""}
{"ts": "2026-08-13T06:48:39.264030652Z", "container": "prefect-worker", "msg": "2026-08-13 06:48:39 | INFO  | _client.py:_send_single_request:1740 | HTTP Request: POST http://prefect-server:4200/api/work_pools/smarthub-pool/get_scheduled_flow_runs \"HTTP/1.1 200 OK\""}
{"ts": "2026-08-13T06:48:50.733959733Z", "container": "prefect-worker", "msg": "2026-08-13 06:48:50 | INFO  | _client.py:_send_single_request:1740 | HTTP Request: POST http://prefect-server:4200/api/work_pools/smarthub-pool/get_scheduled_flow_runs \"HTTP/1.1 200 OK\""}
{"ts": "2026-08-13T06:48:58.543813475Z", "container": "prefect-worker", "msg": "2026-08-13 06:48:58 | INFO  | _client.py:_send_single_request:1740 | HTTP Request: POST http://prefect-server:4200/api/work_pools/smarthub-pool/get_scheduled_flow_runs \"HTTP/1.1 200 OK\""}
{"ts": "2026-08-13T06:49:08.918720346Z", "container": "prefect-worker", "msg": "2026-08-13 06:49:08 | INFO  | _client.py:_send_single_request:1740 | HTTP Request: POST http://prefect-server:4200/api/work_pools/smarthub-pool/get_scheduled_flow_runs \"HTTP/1.1 200 OK\""}
{"ts": "2026-08-13T06:49:21.009639509Z", "container": "prefect-worker", "msg": "2026-08-13 06:49:21 | INFO  | _client.py:_send_single_request:1740 | HTTP Request: POST http://prefect-server:4200/api/work_pools/smarthub-pool/get_scheduled_flow_runs \"HTTP/1.1 200 OK\""}
{"ts": "2026-08-13T06:49:32.775488212Z", "container": "prefect-worker", "msg": "2026-08-13 06:49:32 | INFO  | _client.py:_send_single_request:1740 | HTTP Request: POST http://prefect-server:4200/api/work_pools/smarthub-pool/get_scheduled_flow_runs \"HTTP/1.1 200 OK\""}
{"ts": "2026-08-13T06:49:41.605957014Z", "container": "prefect-worker", "msg": "2026-08-13 06:49:41 | INFO  | _client.py:_send_single_request:1740 | HTTP Request: POST http://prefect-server:4200/api/work_pools/smarthub-pool/get_scheduled_flow_runs \"HTTP/1.1 200 OK\""}
{"ts": "2026-08-13T06:49:53.181322660Z", "container": "prefect-worker", "msg": "2026-08-13 06:49:53 | INFO  | _client.py:_send_single_request:1740 | HTTP Request: POST http://prefect-server:4200/api/work_pools/smarthub-pool/get_scheduled_flow_runs \"HTTP/1.1 200 OK\""}
{"ts": "2026-08-13T06:50:05.429959504Z", "container": "prefect-worker", "msg": "2026-08-13 06:50:05 | INFO  | _client.py:_send_single_request:1740 | HTTP Request: POST http://prefect-server:4200/api/work_pools/smarthub-pool/get_scheduled_flow_runs \"HTTP/1.1 200 OK\""}
{"ts": "2026-08-13T06:50:17.876219790Z", "container": "prefect-worker", "msg": "2026-08-13 06:50:17 | INFO  | _client.py:_send_single_request:1740 | HTTP Request: POST http://prefect-server:4200/api/work_pools/smarthub-pool/get_scheduled_flow_runs \"HTTP/1.1 200 OK\""}
{"ts": "2026-08-13T06:50:30.103015156Z", "container": "prefect-worker", "msg": "2026-08-13 06:50:30 | INFO  | _client.py:_send_single_request:1740 | HTTP Request: POST http://prefect-server:4200/api/work_pools/smarthub-pool/get_scheduled_flow_runs \"HTTP/1.1 200 OK\""}
{"ts": "2026-08-13T06:50:40.077549476Z", "container": "prefect-worker", "msg": "2026-08-13 06:50:40 | INFO  | _client.py:_send_single_request:1740 | HTTP Request: POST http://prefect-server:4200/api/work_pools/smarthub-pool/get_scheduled_flow_runs \"HTTP/1.1 200 OK\""}
{"ts": "2026-08-13T06:50:49.965294803Z", "container": "prefect-worker", "msg": "2026-08-13 06:50:49 | INFO  | _client.py:_send_single_request:1740 | HTTP Request: POST http://prefect-server:4200/api/work_pools/smarthub-pool/get_scheduled_flow_runs \"HTTP/1.1 200 OK\""}
{"ts": "2026-08-13T06:51:01.807494606Z", "container": "prefect-worker", "msg": "2026-08-13 06:51:01 | INFO  | _client.py:_send_single_request:1740 | HTTP Request: POST http://prefect-server:4200/api/work_pools/smarthub-pool/get_scheduled_flow_runs \"HTTP/1.1 200 OK\""}
{"ts": "2026-08-13T06:51:10.762029195Z", "container": "prefect-worker", "msg": "2026-08-13 06:51:10 | INFO  | _client.py:_send_single_request:1740 | HTTP Request: POST http://prefect-server:4200/api/work_pools/smarthub-pool/get_scheduled_flow_runs \"HTTP/1.1 200 OK\""}
{"ts": "2026-08-13T06:51:20.038041496Z", "container": "prefect-worker", "msg": "2026-08-13 06:51:20 | INFO  | _client.py:_send_single_request:1740 | HTTP Request: POST http://prefect-server:4200/api/work_pools/smarthub-pool/get_scheduled_flow_runs \"HTTP/1.1 200 OK\""}
{"ts": "2026-08-13T06:51:29.477737434Z", "container": "prefect-worker", "msg": "2026-08-13 06:51:29 | INFO  | _client.py:_send_single_request:1740 | HTTP Request: POST http://prefect-server:4200/api/work_pools/smarthub-pool/get_scheduled_flow_runs \"HTTP/1.1 200 OK\""}
{"ts": "2026-08-13T06:51:38.547648177Z", "container": "prefect-worker", "msg": "2026-08-13 06:51:38 | INFO  | _client.py:_send_single_request:1740 | HTTP Request: POST http://prefect-server:4200/api/work_pools/smarthub-pool/get_scheduled_flow_runs \"HTTP/1.1 200 OK\""}
{"ts": "2026-08-13T06:51:46.372436659Z", "container": "prefect-worker", "msg": "2026-08-13 06:51:46 | INFO  | _client.py:_send_single_request:1740 | HTTP Request: POST http://prefect-server:4200/api/work_pools/smarthub-pool/get_scheduled_flow_runs \"HTTP/1.1 200 OK\""}
{"ts": "2026-08-13T06:51:57.156548591Z", "container": "prefect-worker", "msg": "2026-08-13 06:51:57 | INFO  | _client.py:_send_single_request:1740 | HTTP Request: POST http://prefect-server:4200/api/work_pools/smarthub-pool/get_scheduled_flow_runs \"HTTP/1.1 200 OK\""}
{"ts": "2026-08-13T06:52:09.721555887Z", "container": "prefect-worker", "msg": "2026-08-13 06:52:09 | INFO  | _client.py:_send_single_request:1740 | HTTP Request: POST http://prefect-server:4200/api/work_pools/smarthub-pool/get_scheduled_flow_runs \"HTTP/1.1 200 OK\""}
{"ts": "2026-08-13T06:52:18.357280020Z", "container": "prefect-worker", "msg": "2026-08-13 06:52:18 | INFO  | _client.py:_send_single_request:1740 | HTTP Request: POST http://prefect-server:4200/api/work_pools/smarthub-pool/get_scheduled_flow_runs \"HTTP/1.1 200 OK\""}
{"ts": "2026-08-13T06:52:30.496871441Z", "container": "prefect-worker", "msg": "2026-08-13 06:52:30 | INFO  | _client.py:_send_single_request:1740 | HTTP Request: POST http://prefect-server:4200/api/work_pools/smarthub-pool/get_scheduled_flow_runs \"HTTP/1.1 200 OK\""}
{"ts": "2026-08-13T06:52:38.258921144Z", "container": "prefect-worker", "msg": "2026-08-13 06:52:38 | INFO  | _client.py:_send_single_request:1740 | HTTP Request: POST http://prefect-server:4200/api/work_pools/smarthub-pool/get_scheduled_flow_runs \"HTTP/1.1 200 OK\""}
{"ts": "2026-08-13T06:52:46.527477658Z", "container": "prefect-worker", "msg": "2026-08-13 06:52:46 | INFO  | _client.py:_send_single_request:1740 | HTTP Request: POST http://prefect-server:4200/api/work_pools/smarthub-pool/get_scheduled_flow_runs \"HTTP/1.1 200 OK\""}
{"ts": "2026-08-13T06:52:57.722426430Z", "container": "prefect-worker", "msg": "2026-08-13 06:52:57 | INFO  | _client.py:_send_single_request:1740 | HTTP Request: POST http://prefect-server:4200/api/work_pools/smarthub-pool/get_scheduled_flow_runs \"HTTP/1.1 200 OK\""}
{"ts": "2026-08-13T06:53:05.565376249Z", "container": "prefect-worker", "msg": "2026-08-13 06:53:05 | INFO  | _client.py:_send_single_request:1740 | HTTP Request: POST http://prefect-server:4200/api/work_pools/smarthub-pool/get_scheduled_flow_runs \"HTTP/1.1 200 OK\""}
{"ts": "2026-08-13T06:53:18.258546568Z", "container": "prefect-worker", "msg": "2026-08-13 06:53:18 | INFO  | _client.py:_send_single_request:1740 | HTTP Request: POST http://prefect-server:4200/api/work_pools/smarthub-pool/get_scheduled_flow_runs \"HTTP/1.1 200 OK\""}
{"ts": "2026-08-13T06:53:28.075064390Z", "container": "prefect-worker", "msg": "2026-08-13 06:53:28 | INFO  | _client.py:_send_single_request:1740 | HTTP Request: POST http://prefect-server:4200/api/work_pools/smarthub-pool/get_scheduled_flow_runs \"HTTP/1.1 200 OK\""}
{"ts": "2026-08-13T06:53:37.373219950Z", "container": "prefect-worker", "msg": "2026-08-13 06:53:37 | INFO  | _client.py:_send_single_request:1740 | HTTP Request: POST http://prefect-server:4200/api/work_pools/smarthub-pool/get_scheduled_flow_runs \"HTTP/1.1 200 OK\""}
{"ts": "2026-08-13T06:53:45.239069127Z", "container": "prefect-worker", "msg": "2026-08-13 06:53:45 | INFO  | _client.py:_send_single_request:1740 | HTTP Request: POST http://prefect-server:4200/api/work_pools/smarthub-pool/get_scheduled_flow_runs \"HTTP/1.1 200 OK\""}
{"ts": "2026-08-13T06:53:58.175471751Z", "container": "prefect-worker", "msg": "2026-08-13 06:53:58 | INFO  | _client.py:_send_single_request:1740 | HTTP Request: POST http://prefect-server:4200/api/work_pools/smarthub-pool/get_scheduled_flow_runs \"HTTP/1.1 200 OK\""}
{"ts": "2026-08-13T06:54:06.835530078Z", "container": "prefect-worker", "msg": "2026-08-13 06:54:06 | INFO  | _client.py:_send_single_request:1740 | HTTP Request: POST http://prefect-server:4200/api/work_pools/smarthub-pool/get_scheduled_flow_runs \"HTTP/1.1 200 OK\""}
{"ts": "2026-08-13T06:54:16.362566477Z", "container": "prefect-worker", "msg": "2026-08-13 06:54:16 | INFO  | _client.py:_send_single_request:1740 | HTTP Request: POST http://prefect-server:4200/api/work_pools/smarthub-pool/get_scheduled_flow_runs \"HTTP/1.1 200 OK\""}
{"ts": "2026-08-13T06:54:29.201453140Z", "container": "prefect-worker", "msg": "2026-08-13 06:54:29 | INFO  | _client.py:_send_single_request:1740 | HTTP Request: POST http://prefect-server:4200/api/work_pools/smarthub-pool/get_scheduled_flow_runs \"HTTP/1.1 200 OK\""}
{"ts": "2026-08-13T06:54:38.853834588Z", "container": "prefect-worker", "msg": "2026-08-13 06:54:38 | INFO  | _client.py:_send_single_request:1740 | HTTP Request: POST http://prefect-server:4200/api/work_pools/smarthub-pool/get_scheduled_flow_runs \"HTTP/1.1 200 OK\""}
{"ts": "2026-08-13T06:54:48.604745160Z", "container": "prefect-worker", "msg": "2026-08-13 06:54:48 | INFO  | _client.py:_send_single_request:1740 | HTTP Request: POST http://prefect-server:4200/api/work_pools/smarthub-pool/get_scheduled_flow_runs \"HTTP/1.1 200 OK\""}
{"ts": "2026-08-13T06:54:58.262379408Z", "container": "prefect-worker", "msg": "2026-08-13 06:54:58 | INFO  | _client.py:_send_single_request:1740 | HTTP Request: POST http://prefect-server:4200/api/work_pools/smarthub-pool/get_scheduled_flow_runs \"HTTP/1.1 200 OK\""}
{"ts": "2026-08-13T06:55:06.198958711Z", "container": "prefect-worker", "msg": "2026-08-13 06:55:06 | INFO  | _client.py:_send_single_request:1740 | HTTP Request: POST http://prefect-server:4200/api/work_pools/smarthub-pool/get_scheduled_flow_runs \"HTTP/1.1 200 OK\""}
{"ts": "2026-08-13T06:55:15.993616237Z", "container": "prefect-worker", "msg": "2026-08-13 06:55:15 | INFO  | _client.py:_send_single_request:1740 | HTTP Request: POST http://prefect-server:4200/api/work_pools/smarthub-pool/get_scheduled_flow_runs \"HTTP/1.1 200 OK\""}
{"ts": "2026-08-13T06:55:23.733775373Z", "container": "prefect-worker", "msg": "2026-08-13 06:55:23 | INFO  | _client.py:_send_single_request:1740 | HTTP Request: POST http://prefect-server:4200/api/work_pools/smarthub-pool/get_scheduled_flow_runs \"HTTP/1.1 200 OK\""}
{"ts": "2026-08-13T06:55:36.350600042Z", "container": "prefect-worker", "msg": "2026-08-13 06:55:36 | INFO  | _client.py:_send_single_request:1740 | HTTP Request: POST http://prefect-server:4200/api/work_pools/smarthub-pool/get_scheduled_flow_runs \"HTTP/1.1 200 OK\""}
{"ts": "2026-08-13T06:55:43.975198797Z", "container": "prefect-worker", "msg": "2026-08-13 06:55:43 | INFO  | _client.py:_send_single_request:1740 | HTTP Request: POST http://prefect-server:4200/api/work_pools/smarthub-pool/get_scheduled_flow_runs \"HTTP/1.1 200 OK\""}
{"ts": "2026-08-13T06:55:53.719637604Z", "container": "prefect-worker", "msg": "2026-08-13 06:55:53 | INFO  | _client.py:_send_single_request:1740 | HTTP Request: POST http://prefect-server:4200/api/work_pools/smarthub-pool/get_scheduled_flow_runs \"HTTP/1.1 200 OK\""}
{"ts": "2026-08-13T06:56:02.982388201Z", "container": "prefect-worker", "msg": "2026-08-13 06:56:02 | INFO  | _client.py:_send_single_request:1740 | HTTP Request: POST http://prefect-server:4200/api/work_pools/smarthub-pool/get_scheduled_flow_runs \"HTTP/1.1 200 OK\""}
{"ts": "2026-08-13T06:56:14.961175165Z", "container": "prefect-worker", "msg": "2026-08-13 06:56:14 | INFO  | _client.py:_send_single_request:1740 | HTTP Request: POST http://prefect-server:4200/api/work_pools/smarthub-pool/get_scheduled_flow_runs \"HTTP/1.1 200 OK\""}
{"ts": "2026-08-13T06:56:25.297794466Z", "container": "prefect-worker", "msg": "2026-08-13 06:56:25 | INFO  | _client.py:_send_single_request:1740 | HTTP Request: POST http://prefect-server:4200/api/work_pools/smarthub-pool/get_scheduled_flow_runs \"HTTP/1.1 200 OK\""}
{"ts": "2026-08-13T06:56:36.396315918Z", "container": "prefect-worker", "msg": "2026-08-13 06:56:36 | INFO  | _client.py:_send_single_request:1740 | HTTP Request: POST http://prefect-server:4200/api/work_pools/smarthub-pool/get_scheduled_flow_runs \"HTTP/1.1 200 OK\""}
{"ts": "2026-08-13T06:56:44.253476668Z", "container": "prefect-worker", "msg": "2026-08-13 06:56:44 | INFO  | _client.py:_send_single_request:1740 | HTTP Request: POST http://prefect-server:4200/api/work_pools/smarthub-pool/get_scheduled_flow_runs \"HTTP/1.1 200 OK\""}
{"ts": "2026-08-13T06:56:52.094972866Z", "container": "prefect-worker", "msg": "2026-08-13 06:56:52 | INFO  | _client.py:_send_single_request:1740 | HTTP Request: POST http://prefect-server:4200/api/work_pools/smarthub-pool/get_scheduled_flow_runs \"HTTP/1.1 200 OK\""}
{"ts": "2026-08-13T06:57:00.566044717Z", "container": "prefect-worker", "msg": "2026-08-13 06:57:00 | INFO  | _client.py:_send_single_request:1740 | HTTP Request: POST http://prefect-server:4200/api/work_pools/smarthub-pool/get_scheduled_flow_runs \"HTTP/1.1 200 OK\""}
{"ts": "2026-08-13T06:57:09.094828027Z", "container": "prefect-worker", "msg": "2026-08-13 06:57:09 | INFO  | _client.py:_send_single_request:1740 | HTTP Request: POST http://prefect-server:4200/api/work_pools/smarthub-pool/get_scheduled_flow_runs \"HTTP/1.1 200 OK\""}
{"ts": "2026-08-13T06:57:19.269694097Z", "container": "prefect-worker", "msg": "2026-08-13 06:57:19 | INFO  | _client.py:_send_single_request:1740 | HTTP Request: POST http://prefect-server:4200/api/work_pools/smarthub-pool/get_scheduled_flow_runs \"HTTP/1.1 200 OK\""}
{"ts": "2026-08-13T06:57:29.369244488Z", "container": "prefect-worker", "msg": "2026-08-13 06:57:29 | INFO  | _client.py:_send_single_request:1740 | HTTP Request: POST http://prefect-server:4200/api/work_pools/smarthub-pool/get_scheduled_flow_runs \"HTTP/1.1 200 OK\""}
{"ts": "2026-08-13T06:57:38.803233639Z", "container": "prefect-worker", "msg": "2026-08-13 06:57:38 | INFO  | _client.py:_send_single_request:1740 | HTTP Request: POST http://prefect-server:4200/api/work_pools/smarthub-pool/get_scheduled_flow_runs \"HTTP/1.1 200 OK\""}
{"ts": "2026-08-13T06:57:51.085797799Z", "container": "prefect-worker", "msg": "2026-08-13 06:57:51 | INFO  | _client.py:_send_single_request:1740 | HTTP Request: POST http://prefect-server:4200/api/work_pools/smarthub-pool/get_scheduled_flow_runs \"HTTP/1.1 200 OK\""}
{"ts": "2026-08-13T06:58:02.858549667Z", "container": "prefect-worker", "msg": "2026-08-13 06:58:02 | INFO  | _client.py:_send_single_request:1740 | HTTP Request: POST http://prefect-server:4200/api/work_pools/smarthub-pool/get_scheduled_flow_runs \"HTTP/1.1 200 OK\""}
{"ts": "2026-08-13T06:58:10.577111971Z", "container": "prefect-worker", "msg": "2026-08-13 06:58:10 | INFO  | _client.py:_send_single_request:1740 | HTTP Request: POST http://prefect-server:4200/api/work_pools/smarthub-pool/get_scheduled_flow_runs \"HTTP/1.1 200 OK\""}
{"ts": "2026-08-13T06:58:21.685427228Z", "container": "prefect-worker", "msg": "2026-08-13 06:58:21 | INFO  | _client.py:_send_single_request:1740 | HTTP Request: POST http://prefect-server:4200/api/work_pools/smarthub-pool/get_scheduled_flow_runs \"HTTP/1.1 200 OK\""}
{"ts": "2026-08-13T06:58:32.870877859Z", "container": "prefect-worker", "msg": "2026-08-13 06:58:32 | INFO  | _client.py:_send_single_request:1740 | HTTP Request: POST http://prefect-server:4200/api/work_pools/smarthub-pool/get_scheduled_flow_runs \"HTTP/1.1 200 OK\""}
{"ts": "2026-08-13T06:58:42.494478813Z", "container": "prefect-worker", "msg": "2026-08-13 06:58:42 | INFO  | _client.py:_send_single_request:1740 | HTTP Request: POST http://prefect-server:4200/api/work_pools/smarthub-pool/get_scheduled_flow_runs \"HTTP/1.1 200 OK\""}
{"ts": "2026-08-13T06:58:50.164895120Z", "container": "prefect-worker", "msg": "2026-08-13 06:58:50 | INFO  | _client.py:_send_single_request:1740 | HTTP Request: POST http://prefect-server:4200/api/work_pools/smarthub-pool/get_scheduled_flow_runs \"HTTP/1.1 200 OK\""}
{"ts": "2026-08-13T06:58:58.074826231Z", "container": "prefect-worker", "msg": "2026-08-13 06:58:58 | INFO  | _client.py:_send_single_request:1740 | HTTP Request: POST http://prefect-server:4200/api/work_pools/smarthub-pool/get_scheduled_flow_runs \"HTTP/1.1 200 OK\""}
{"ts": "2026-08-13T06:59:08.406847121Z", "container": "prefect-worker", "msg": "2026-08-13 06:59:08 | INFO  | _client.py:_send_single_request:1740 | HTTP Request: POST http://prefect-server:4200/api/work_pools/smarthub-pool/get_scheduled_flow_runs \"HTTP/1.1 200 OK\""}
{"ts": "2026-08-13T06:59:19.254109021Z", "container": "prefect-worker", "msg": "2026-08-13 06:59:19 | INFO  | _client.py:_send_single_request:1740 | HTTP Request: POST http://prefect-server:4200/api/work_pools/smarthub-pool/get_scheduled_flow_runs \"HTTP/1.1 200 OK\""}
{"ts": "2026-08-13T06:59:30.863951298Z", "container": "prefect-worker", "msg": "2026-08-13 06:59:30 | INFO  | _client.py:_send_single_request:1740 | HTTP Request: POST http://prefect-server:4200/api/work_pools/smarthub-pool/get_scheduled_flow_runs \"HTTP/1.1 200 OK\""}
{"ts": "2026-08-13T06:59:40.604647521Z", "container": "prefect-worker", "msg": "2026-08-13 06:59:40 | INFO  | _client.py:_send_single_request:1740 | HTTP Request: POST http://prefect-server:4200/api/work_pools/smarthub-pool/get_scheduled_flow_runs \"HTTP/1.1 200 OK\""}
{"ts": "2026-08-13T06:59:48.870298055Z", "container": "prefect-worker", "msg": "2026-08-13 06:59:48 | INFO  | _client.py:_send_single_request:1740 | HTTP Request: POST http://prefect-server:4200/api/work_pools/smarthub-pool/get_scheduled_flow_runs \"HTTP/1.1 200 OK\""}
{"ts": "2026-08-13T06:59:57.229243242Z", "container": "prefect-worker", "msg": "2026-08-13 06:59:57 | INFO  | _client.py:_send_single_request:1740 | HTTP Request: POST http://prefect-server:4200/api/work_pools/smarthub-pool/get_scheduled_flow_runs \"HTTP/1.1 200 OK\""}
{"ts": "2026-08-13T07:00:08.319327574Z", "container": "prefect-worker", "msg": "2026-08-13 07:00:08 | INFO  | _client.py:_send_single_request:1740 | HTTP Request: POST http://prefect-server:4200/api/work_pools/smarthub-pool/get_scheduled_flow_runs \"HTTP/1.1 200 OK\""}
{"ts": "2026-08-13T07:00:18.487454043Z", "container": "prefect-worker", "msg": "2026-08-13 07:00:18 | INFO  | _client.py:_send_single_request:1740 | HTTP Request: POST http://prefect-server:4200/api/work_pools/smarthub-pool/get_scheduled_flow_runs \"HTTP/1.1 200 OK\""}
{"ts": "2026-08-13T07:00:29.078012957Z", "container": "prefect-worker", "msg": "2026-08-13 07:00:29 | INFO  | _client.py:_send_single_request:1740 | HTTP Request: POST http://prefect-server:4200/api/work_pools/smarthub-pool/get_scheduled_flow_runs \"HTTP/1.1 200 OK\""}
{"ts": "2026-08-13T07:00:38.376694241Z", "container": "prefect-worker", "msg": "2026-08-13 07:00:38 | INFO  | _client.py:_send_single_request:1740 | HTTP Request: POST http://prefect-server:4200/api/work_pools/smarthub-pool/get_scheduled_flow_runs \"HTTP/1.1 200 OK\""}
{"ts": "2026-08-13T07:00:46.208224376Z", "container": "prefect-worker", "msg": "2026-08-13 07:00:46 | INFO  | _client.py:_send_single_request:1740 | HTTP Request: POST http://prefect-server:4200/api/work_pools/smarthub-pool/get_scheduled_flow_runs \"HTTP/1.1 200 OK\""}
{"ts": "2026-08-13T07:00:54.517449246Z", "container": "prefect-worker", "msg": "2026-08-13 07:00:54 | INFO  | _client.py:_send_single_request:1740 | HTTP Request: POST http://prefect-server:4200/api/work_pools/smarthub-pool/get_scheduled_flow_runs \"HTTP/1.1 200 OK\""}
{"ts": "2026-08-13T07:01:04.779355334Z", "container": "prefect-worker", "msg": "2026-08-13 07:01:04 | INFO  | _client.py:_send_single_request:1740 | HTTP Request: POST http://prefect-server:4200/api/work_pools/smarthub-pool/get_scheduled_flow_runs \"HTTP/1.1 200 OK\""}
{"ts": "2026-08-13T07:01:15.753640874Z", "container": "prefect-worker", "msg": "2026-08-13 07:01:15 | INFO  | _client.py:_send_single_request:1740 | HTTP Request: POST http://prefect-server:4200/api/work_pools/smarthub-pool/get_scheduled_flow_runs \"HTTP/1.1 200 OK\""}
{"ts": "2026-08-13T07:01:24.339242821Z", "container": "prefect-worker", "msg": "2026-08-13 07:01:24 | INFO  | _client.py:_send_single_request:1740 | HTTP Request: POST http://prefect-server:4200/api/work_pools/smarthub-pool/get_scheduled_flow_runs \"HTTP/1.1 200 OK\""}
{"ts": "2026-08-13T07:01:32.897747864Z", "container": "prefect-worker", "msg": "2026-08-13 07:01:32 | INFO  | _client.py:_send_single_request:1740 | HTTP Request: POST http://prefect-server:4200/api/work_pools/smarthub-pool/get_scheduled_flow_runs \"HTTP/1.1 200 OK\""}
{"ts": "2026-08-13T07:01:45.755545421Z", "container": "prefect-worker", "msg": "2026-08-13 07:01:45 | INFO  | _client.py:_send_single_request:1740 | HTTP Request: POST http://prefect-server:4200/api/work_pools/smarthub-pool/get_scheduled_flow_runs \"HTTP/1.1 200 OK\""}
{"ts": "2026-08-13T07:01:53.644858655Z", "container": "prefect-worker", "msg": "2026-08-13 07:01:53 | INFO  | _client.py:_send_single_request:1740 | HTTP Request: POST http://prefect-server:4200/api/work_pools/smarthub-pool/get_scheduled_flow_runs \"HTTP/1.1 200 OK\""}
{"ts": "2026-08-13T07:02:02.594069812Z", "container": "prefect-worker", "msg": "2026-08-13 07:02:02 | INFO  | _client.py:_send_single_request:1740 | HTTP Request: POST http://prefect-server:4200/api/work_pools/smarthub-pool/get_scheduled_flow_runs \"HTTP/1.1 200 OK\""}
{"ts": "2026-08-13T07:02:10.520475105Z", "container": "prefect-worker", "msg": "2026-08-13 07:02:10 | INFO  | _client.py:_send_single_request:1740 | HTTP Request: POST http://prefect-server:4200/api/work_pools/smarthub-pool/get_scheduled_flow_runs \"HTTP/1.1 200 OK\""}
{"ts": "2026-08-13T07:02:23.194008934Z", "container": "prefect-worker", "msg": "2026-08-13 07:02:23 | INFO  | _client.py:_send_single_request:1740 | HTTP Request: POST http://prefect-server:4200/api/work_pools/smarthub-pool/get_scheduled_flow_runs \"HTTP/1.1 200 OK\""}
{"ts": "2026-08-13T07:02:33.424672989Z", "container": "prefect-worker", "msg": "2026-08-13 07:02:33 | INFO  | _client.py:_send_single_request:1740 | HTTP Request: POST http://prefect-server:4200/api/work_pools/smarthub-pool/get_scheduled_flow_runs \"HTTP/1.1 200 OK\""}
{"ts": "2026-08-13T07:02:42.781084744Z", "container": "prefect-worker", "msg": "2026-08-13 07:02:42 | INFO  | _client.py:_send_single_request:1740 | HTTP Request: POST http://prefect-server:4200/api/work_pools/smarthub-pool/get_scheduled_flow_runs \"HTTP/1.1 200 OK\""}
{"ts": "2026-08-13T07:02:54.691802305Z", "container": "prefect-worker", "msg": "2026-08-13 07:02:54 | INFO  | _client.py:_send_single_request:1740 | HTTP Request: POST http://prefect-server:4200/api/work_pools/smarthub-pool/get_scheduled_flow_runs \"HTTP/1.1 200 OK\""}
{"ts": "2026-08-13T07:03:05.281628852Z", "container": "prefect-worker", "msg": "2026-08-13 07:03:05 | INFO  | _client.py:_send_single_request:1740 | HTTP Request: POST http://prefect-server:4200/api/work_pools/smarthub-pool/get_scheduled_flow_runs \"HTTP/1.1 200 OK\""}
{"ts": "2026-08-13T07:03:17.561698502Z", "container": "prefect-worker", "msg": "2026-08-13 07:03:17 | INFO  | _client.py:_send_single_request:1740 | HTTP Request: POST http://prefect-server:4200/api/work_pools/smarthub-pool/get_scheduled_flow_runs \"HTTP/1.1 200 OK\""}
{"ts": "2026-08-13T07:03:30.576213545Z", "container": "prefect-worker", "msg": "2026-08-13 07:03:30 | INFO  | _client.py:_send_single_request:1740 | HTTP Request: POST http://prefect-server:4200/api/work_pools/smarthub-pool/get_scheduled_flow_runs \"HTTP/1.1 200 OK\""}
{"ts": "2026-08-13T07:03:41.854036925Z", "container": "prefect-worker", "msg": "2026-08-13 07:03:41 | INFO  | _client.py:_send_single_request:1740 | HTTP Request: POST http://prefect-server:4200/api/work_pools/smarthub-pool/get_scheduled_flow_runs \"HTTP/1.1 200 OK\""}
{"ts": "2026-08-13T07:03:53.086554419Z", "container": "prefect-worker", "msg": "2026-08-13 07:03:53 | INFO  | _client.py:_send_single_request:1740 | HTTP Request: POST http://prefect-server:4200/api/work_pools/smarthub-pool/get_scheduled_flow_runs \"HTTP/1.1 200 OK\""}
{"ts": "2026-08-13T07:04:04.935480633Z", "container": "prefect-worker", "msg": "2026-08-13 07:04:04 | INFO  | _client.py:_send_single_request:1740 | HTTP Request: POST http://prefect-server:4200/api/work_pools/smarthub-pool/get_scheduled_flow_runs \"HTTP/1.1 200 OK\""}
{"ts": "2026-08-13T07:04:16.840279581Z", "container": "prefect-worker", "msg": "2026-08-13 07:04:16 | INFO  | _client.py:_send_single_request:1740 | HTTP Request: POST http://prefect-server:4200/api/work_pools/smarthub-pool/get_scheduled_flow_runs \"HTTP/1.1 200 OK\""}
{"ts": "2026-08-13T07:04:25.033974709Z", "container": "prefect-worker", "msg": "2026-08-13 07:04:25 | INFO  | _client.py:_send_single_request:1740 | HTTP Request: POST http://prefect-server:4200/api/work_pools/smarthub-pool/get_scheduled_flow_runs \"HTTP/1.1 200 OK\""}
{"ts": "2026-08-13T07:04:37.317343631Z", "container": "prefect-worker", "msg": "2026-08-13 07:04:37 | INFO  | _client.py:_send_single_request:1740 | HTTP Request: POST http://prefect-server:4200/api/work_pools/smarthub-pool/get_scheduled_flow_runs \"HTTP/1.1 200 OK\""}
{"ts": "2026-08-13T07:04:45.317890824Z", "container": "prefect-worker", "msg": "2026-08-13 07:04:45 | INFO  | _client.py:_send_single_request:1740 | HTTP Request: POST http://prefect-server:4200/api/work_pools/smarthub-pool/get_scheduled_flow_runs \"HTTP/1.1 200 OK\""}
{"ts": "2026-08-13T07:04:56.310164099Z", "container": "prefect-worker", "msg": "2026-08-13 07:04:56 | INFO  | _client.py:_send_single_request:1740 | HTTP Request: POST http://prefect-server:4200/api/work_pools/smarthub-pool/get_scheduled_flow_runs \"HTTP/1.1 200 OK\""}
{"ts": "2026-08-13T07:05:04.498048348Z", "container": "prefect-worker", "msg": "2026-08-13 07:05:04 | INFO  | _client.py:_send_single_request:1740 | HTTP Request: POST http://prefect-server:4200/api/work_pools/smarthub-pool/get_scheduled_flow_runs \"HTTP/1.1 200 OK\""}
{"ts": "2026-08-13T07:05:16.665646086Z", "container": "prefect-worker", "msg": "2026-08-13 07:05:16 | INFO  | _client.py:_send_single_request:1740 | HTTP Request: POST http://prefect-server:4200/api/work_pools/smarthub-pool/get_scheduled_flow_runs \"HTTP/1.1 200 OK\""}
{"ts": "2026-08-13T07:05:24.728658233Z", "container": "prefect-worker", "msg": "2026-08-13 07:05:24 | INFO  | _client.py:_send_single_request:1740 | HTTP Request: POST http://prefect-server:4200/api/work_pools/smarthub-pool/get_scheduled_flow_runs \"HTTP/1.1 200 OK\""}
{"ts": "2026-08-13T07:05:32.359189998Z", "container": "prefect-worker", "msg": "2026-08-13 07:05:32 | INFO  | _client.py:_send_single_request:1740 | HTTP Request: POST http://prefect-server:4200/api/work_pools/smarthub-pool/get_scheduled_flow_runs \"HTTP/1.1 200 OK\""}
{"ts": "2026-08-13T07:05:45.108344735Z", "container": "prefect-worker", "msg": "2026-08-13 07:05:45 | INFO  | _client.py:_send_single_request:1740 | HTTP Request: POST http://prefect-server:4200/api/work_pools/smarthub-pool/get_scheduled_flow_runs \"HTTP/1.1 200 OK\""}
{"ts": "2026-08-13T07:05:52.644192930Z", "container": "prefect-worker", "msg": "2026-08-13 07:05:52 | INFO  | _client.py:_send_single_request:1740 | HTTP Request: POST http://prefect-server:4200/api/work_pools/smarthub-pool/get_scheduled_flow_runs \"HTTP/1.1 200 OK\""}
{"ts": "2026-08-13T07:06:03.740718056Z", "container": "prefect-worker", "msg": "2026-08-13 07:06:03 | INFO  | _client.py:_send_single_request:1740 | HTTP Request: POST http://prefect-server:4200/api/work_pools/smarthub-pool/get_scheduled_flow_runs \"HTTP/1.1 200 OK\""}
{"ts": "2026-08-13T07:06:12.311699002Z", "container": "prefect-worker", "msg": "2026-08-13 07:06:12 | INFO  | _client.py:_send_single_request:1740 | HTTP Request: POST http://prefect-server:4200/api/work_pools/smarthub-pool/get_scheduled_flow_runs \"HTTP/1.1 200 OK\""}
{"ts": "2026-08-13T07:06:20.984906413Z", "container": "prefect-worker", "msg": "2026-08-13 07:06:20 | INFO  | _client.py:_send_single_request:1740 | HTTP Request: POST http://prefect-server:4200/api/work_pools/smarthub-pool/get_scheduled_flow_runs \"HTTP/1.1 200 OK\""}
{"ts": "2026-08-13T07:06:29.996801586Z", "container": "prefect-worker", "msg": "2026-08-13 07:06:29 | INFO  | _client.py:_send_single_request:1740 | HTTP Request: POST http://prefect-server:4200/api/work_pools/smarthub-pool/get_scheduled_flow_runs \"HTTP/1.1 200 OK\""}
{"ts": "2026-08-13T07:06:39.891281703Z", "container": "prefect-worker", "msg": "2026-08-13 07:06:39 | INFO  | _client.py:_send_single_request:1740 | HTTP Request: POST http://prefect-server:4200/api/work_pools/smarthub-pool/get_scheduled_flow_runs \"HTTP/1.1 200 OK\""}
{"ts": "2026-08-13T07:06:47.734195183Z", "container": "prefect-worker", "msg": "2026-08-13 07:06:47 | INFO  | _client.py:_send_single_request:1740 | HTTP Request: POST http://prefect-server:4200/api/work_pools/smarthub-pool/get_scheduled_flow_runs \"HTTP/1.1 200 OK\""}
{"ts": "2026-08-13T07:06:58.656145736Z", "container": "prefect-worker", "msg": "2026-08-13 07:06:58 | INFO  | _client.py:_send_single_request:1740 | HTTP Request: POST http://prefect-server:4200/api/work_pools/smarthub-pool/get_scheduled_flow_runs \"HTTP/1.1 200 OK\""}
{"ts": "2026-08-13T07:07:06.773430630Z", "container": "prefect-worker", "msg": "2026-08-13 07:07:06 | INFO  | _client.py:_send_single_request:1740 | HTTP Request: POST http://prefect-server:4200/api/work_pools/smarthub-pool/get_scheduled_flow_runs \"HTTP/1.1 200 OK\""}
{"ts": "2026-08-13T07:07:16.035126749Z", "container": "prefect-worker", "msg": "2026-08-13 07:07:16 | INFO  | _client.py:_send_single_request:1740 | HTTP Request: POST http://prefect-server:4200/api/work_pools/smarthub-pool/get_scheduled_flow_runs \"HTTP/1.1 200 OK\""}
{"ts": "2026-08-13T07:07:24.733399879Z", "container": "prefect-worker", "msg": "2026-08-13 07:07:24 | INFO  | _client.py:_send_single_request:1740 | HTTP Request: POST http://prefect-server:4200/api/work_pools/smarthub-pool/get_scheduled_flow_runs \"HTTP/1.1 200 OK\""}
{"ts": "2026-08-13T07:07:36.137724376Z", "container": "prefect-worker", "msg": "2026-08-13 07:07:36 | INFO  | _client.py:_send_single_request:1740 | HTTP Request: POST http://prefect-server:4200/api/work_pools/smarthub-pool/get_scheduled_flow_runs \"HTTP/1.1 200 OK\""}
{"ts": "2026-08-13T07:07:48.928770943Z", "container": "prefect-worker", "msg": "2026-08-13 07:07:48 | INFO  | _client.py:_send_single_request:1740 | HTTP Request: POST http://prefect-server:4200/api/work_pools/smarthub-pool/get_scheduled_flow_runs \"HTTP/1.1 200 OK\""}
{"ts": "2026-08-13T07:07:56.799178836Z", "container": "prefect-worker", "msg": "2026-08-13 07:07:56 | INFO  | _client.py:_send_single_request:1740 | HTTP Request: POST http://prefect-server:4200/api/work_pools/smarthub-pool/get_scheduled_flow_runs \"HTTP/1.1 200 OK\""}
{"ts": "2026-08-13T07:08:06.401723889Z", "container": "prefect-worker", "msg": "2026-08-13 07:08:06 | INFO  | _client.py:_send_single_request:1740 | HTTP Request: POST http://prefect-server:4200/api/work_pools/smarthub-pool/get_scheduled_flow_runs \"HTTP/1.1 200 OK\""}
{"ts": "2026-08-13T07:08:15.799698456Z", "container": "prefect-worker", "msg": "2026-08-13 07:08:15 | INFO  | _client.py:_send_single_request:1740 | HTTP Request: POST http://prefect-server:4200/api/work_pools/smarthub-pool/get_scheduled_flow_runs \"HTTP/1.1 200 OK\""}
{"ts": "2026-08-13T07:08:25.335815181Z", "container": "prefect-worker", "msg": "2026-08-13 07:08:25 | INFO  | _client.py:_send_single_request:1740 | HTTP Request: POST http://prefect-server:4200/api/work_pools/smarthub-pool/get_scheduled_flow_runs \"HTTP/1.1 200 OK\""}
{"ts": "2026-08-13T07:08:34.175649258Z", "container": "prefect-worker", "msg": "2026-08-13 07:08:34 | INFO  | _client.py:_send_single_request:1740 | HTTP Request: POST http://prefect-server:4200/api/work_pools/smarthub-pool/get_scheduled_flow_runs \"HTTP/1.1 200 OK\""}
{"ts": "2026-08-13T07:08:42.407121075Z", "container": "prefect-worker", "msg": "2026-08-13 07:08:42 | INFO  | _client.py:_send_single_request:1740 | HTTP Request: POST http://prefect-server:4200/api/work_pools/smarthub-pool/get_scheduled_flow_runs \"HTTP/1.1 200 OK\""}
{"ts": "2026-08-13T07:08:54.005668554Z", "container": "prefect-worker", "msg": "2026-08-13 07:08:54 | INFO  | _client.py:_send_single_request:1740 | HTTP Request: POST http://prefect-server:4200/api/work_pools/smarthub-pool/get_scheduled_flow_runs \"HTTP/1.1 200 OK\""}
{"ts": "2026-08-13T07:09:06.729661798Z", "container": "prefect-worker", "msg": "2026-08-13 07:09:06 | INFO  | _client.py:_send_single_request:1740 | HTTP Request: POST http://prefect-server:4200/api/work_pools/smarthub-pool/get_scheduled_flow_runs \"HTTP/1.1 200 OK\""}
{"ts": "2026-08-13T07:09:19.268045515Z", "container": "prefect-worker", "msg": "2026-08-13 07:09:19 | INFO  | _client.py:_send_single_request:1740 | HTTP Request: POST http://prefect-server:4200/api/work_pools/smarthub-pool/get_scheduled_flow_runs \"HTTP/1.1 200 OK\""}
{"ts": "2026-08-13T07:09:28.460121429Z", "container": "prefect-worker", "msg": "2026-08-13 07:09:28 | INFO  | _client.py:_send_single_request:1740 | HTTP Request: POST http://prefect-server:4200/api/work_pools/smarthub-pool/get_scheduled_flow_runs \"HTTP/1.1 200 OK\""}
{"ts": "2026-08-13T07:09:37.935896621Z", "container": "prefect-worker", "msg": "2026-08-13 07:09:37 | INFO  | _client.py:_send_single_request:1740 | HTTP Request: POST http://prefect-server:4200/api/work_pools/smarthub-pool/get_scheduled_flow_runs \"HTTP/1.1 200 OK\""}
{"ts": "2026-08-13T07:09:45.627166773Z", "container": "prefect-worker", "msg": "2026-08-13 07:09:45 | INFO  | _client.py:_send_single_request:1740 | HTTP Request: POST http://prefect-server:4200/api/work_pools/smarthub-pool/get_scheduled_flow_runs \"HTTP/1.1 200 OK\""}
{"ts": "2026-08-13T07:09:53.878747935Z", "container": "prefect-worker", "msg": "2026-08-13 07:09:53 | INFO  | _client.py:_send_single_request:1740 | HTTP Request: POST http://prefect-server:4200/api/work_pools/smarthub-pool/get_scheduled_flow_runs \"HTTP/1.1 200 OK\""}
{"ts": "2026-08-13T07:10:06.782475724Z", "container": "prefect-worker", "msg": "2026-08-13 07:10:06 | INFO  | _client.py:_send_single_request:1740 | HTTP Request: POST http://prefect-server:4200/api/work_pools/smarthub-pool/get_scheduled_flow_runs \"HTTP/1.1 200 OK\""}
{"ts": "2026-08-13T07:10:17.315573380Z", "container": "prefect-worker", "msg": "2026-08-13 07:10:17 | INFO  | _client.py:_send_single_request:1740 | HTTP Request: POST http://prefect-server:4200/api/work_pools/smarthub-pool/get_scheduled_flow_runs \"HTTP/1.1 200 OK\""}
{"ts": "2026-08-13T07:10:27.864630442Z", "container": "prefect-worker", "msg": "2026-08-13 07:10:27 | INFO  | _client.py:_send_single_request:1740 | HTTP Request: POST http://prefect-server:4200/api/work_pools/smarthub-pool/get_scheduled_flow_runs \"HTTP/1.1 200 OK\""}
{"ts": "2026-08-13T07:10:36.914912673Z", "container": "prefect-worker", "msg": "2026-08-13 07:10:36 | INFO  | _client.py:_send_single_request:1740 | HTTP Request: POST http://prefect-server:4200/api/work_pools/smarthub-pool/get_scheduled_flow_runs \"HTTP/1.1 200 OK\""}
{"ts": "2026-08-13T07:10:46.631381835Z", "container": "prefect-worker", "msg": "2026-08-13 07:10:46 | INFO  | _client.py:_send_single_request:1740 | HTTP Request: POST http://prefect-server:4200/api/work_pools/smarthub-pool/get_scheduled_flow_runs \"HTTP/1.1 200 OK\""}
{"ts": "2026-08-13T07:10:58.230763305Z", "container": "prefect-worker", "msg": "2026-08-13 07:10:58 | INFO  | _client.py:_send_single_request:1740 | HTTP Request: POST http://prefect-server:4200/api/work_pools/smarthub-pool/get_scheduled_flow_runs \"HTTP/1.1 200 OK\""}
{"ts": "2026-08-13T07:11:07.221927393Z", "container": "prefect-worker", "msg": "2026-08-13 07:11:07 | INFO  | _client.py:_send_single_request:1740 | HTTP Request: POST http://prefect-server:4200/api/work_pools/smarthub-pool/get_scheduled_flow_runs \"HTTP/1.1 200 OK\""}
{"ts": "2026-08-13T07:11:18.937969597Z", "container": "prefect-worker", "msg": "2026-08-13 07:11:18 | INFO  | _client.py:_send_single_request:1740 | HTTP Request: POST http://prefect-server:4200/api/work_pools/smarthub-pool/get_scheduled_flow_runs \"HTTP/1.1 200 OK\""}
{"ts": "2026-08-13T07:11:26.998200498Z", "container": "prefect-worker", "msg": "2026-08-13 07:11:26 | INFO  | _client.py:_send_single_request:1740 | HTTP Request: POST http://prefect-server:4200/api/work_pools/smarthub-pool/get_scheduled_flow_runs \"HTTP/1.1 200 OK\""}
{"ts": "2026-08-13T07:11:37.833181234Z", "container": "prefect-worker", "msg": "2026-08-13 07:11:37 | INFO  | _client.py:_send_single_request:1740 | HTTP Request: POST http://prefect-server:4200/api/work_pools/smarthub-pool/get_scheduled_flow_runs \"HTTP/1.1 200 OK\""}
{"ts": "2026-08-13T07:11:50.319265905Z", "container": "prefect-worker", "msg": "2026-08-13 07:11:50 | INFO  | _client.py:_send_single_request:1740 | HTTP Request: POST http://prefect-server:4200/api/work_pools/smarthub-pool/get_scheduled_flow_runs \"HTTP/1.1 200 OK\""}
{"ts": "2026-08-13T07:12:01.605688953Z", "container": "prefect-worker", "msg": "2026-08-13 07:12:01 | INFO  | _client.py:_send_single_request:1740 | HTTP Request: POST http://prefect-server:4200/api/work_pools/smarthub-pool/get_scheduled_flow_runs \"HTTP/1.1 200 OK\""}
{"ts": "2026-08-13T07:12:09.846068533Z", "container": "prefect-worker", "msg": "2026-08-13 07:12:09 | INFO  | _client.py:_send_single_request:1740 | HTTP Request: POST http://prefect-server:4200/api/work_pools/smarthub-pool/get_scheduled_flow_runs \"HTTP/1.1 200 OK\""}
{"ts": "2026-08-13T07:12:20.316770520Z", "container": "prefect-worker", "msg": "2026-08-13 07:12:20 | INFO  | _client.py:_send_single_request:1740 | HTTP Request: POST http://prefect-server:4200/api/work_pools/smarthub-pool/get_scheduled_flow_runs \"HTTP/1.1 200 OK\""}
{"ts": "2026-08-13T07:12:29.078599254Z", "container": "prefect-worker", "msg": "2026-08-13 07:12:29 | INFO  | _client.py:_send_single_request:1740 | HTTP Request: POST http://prefect-server:4200/api/work_pools/smarthub-pool/get_scheduled_flow_runs \"HTTP/1.1 200 OK\""}
{"ts": "2026-08-13T07:12:39.256683199Z", "container": "prefect-worker", "msg": "2026-08-13 07:12:39 | INFO  | _client.py:_send_single_request:1740 | HTTP Request: POST http://prefect-server:4200/api/work_pools/smarthub-pool/get_scheduled_flow_runs \"HTTP/1.1 200 OK\""}
{"ts": "2026-08-13T07:12:51.404878985Z", "container": "prefect-worker", "msg": "2026-08-13 07:12:51 | INFO  | _client.py:_send_single_request:1740 | HTTP Request: POST http://prefect-server:4200/api/work_pools/smarthub-pool/get_scheduled_flow_runs \"HTTP/1.1 200 OK\""}
{"ts": "2026-08-13T07:13:01.159048334Z", "container": "prefect-worker", "msg": "2026-08-13 07:13:01 | INFO  | _client.py:_send_single_request:1740 | HTTP Request: POST http://prefect-server:4200/api/work_pools/smarthub-pool/get_scheduled_flow_runs \"HTTP/1.1 200 OK\""}
{"ts": "2026-08-13T07:13:12.576387897Z", "container": "prefect-worker", "msg": "2026-08-13 07:13:12 | INFO  | _client.py:_send_single_request:1740 | HTTP Request: POST http://prefect-server:4200/api/work_pools/smarthub-pool/get_scheduled_flow_runs \"HTTP/1.1 200 OK\""}
{"ts": "2026-08-13T07:13:25.514638986Z", "container": "prefect-worker", "msg": "2026-08-13 07:13:25 | INFO  | _client.py:_send_single_request:1740 | HTTP Request: POST http://prefect-server:4200/api/work_pools/smarthub-pool/get_scheduled_flow_runs \"HTTP/1.1 200 OK\""}
{"ts": "2026-08-13T07:13:38.426486262Z", "container": "prefect-worker", "msg": "2026-08-13 07:13:38 | INFO  | _client.py:_send_single_request:1740 | HTTP Request: POST http://prefect-server:4200/api/work_pools/smarthub-pool/get_scheduled_flow_runs \"HTTP/1.1 200 OK\""}
{"ts": "2026-08-13T07:13:46.246468703Z", "container": "prefect-worker", "msg": "2026-08-13 07:13:46 | INFO  | _client.py:_send_single_request:1740 | HTTP Request: POST http://prefect-server:4200/api/work_pools/smarthub-pool/get_scheduled_flow_runs \"HTTP/1.1 200 OK\""}
{"ts": "2026-08-13T07:13:57.310514088Z", "container": "prefect-worker", "msg": "2026-08-13 07:13:57 | INFO  | _client.py:_send_single_request:1740 | HTTP Request: POST http://prefect-server:4200/api/work_pools/smarthub-pool/get_scheduled_flow_runs \"HTTP/1.1 200 OK\""}
{"ts": "2026-08-13T07:14:05.446039872Z", "container": "prefect-worker", "msg": "2026-08-13 07:14:05 | INFO  | _client.py:_send_single_request:1740 | HTTP Request: POST http://prefect-server:4200/api/work_pools/smarthub-pool/get_scheduled_flow_runs \"HTTP/1.1 200 OK\""}
{"ts": "2026-08-13T07:14:13.454162777Z", "container": "prefect-worker", "msg": "2026-08-13 07:14:13 | INFO  | _client.py:_send_single_request:1740 | HTTP Request: POST http://prefect-server:4200/api/work_pools/smarthub-pool/get_scheduled_flow_runs \"HTTP/1.1 200 OK\""}
{"ts": "2026-08-13T07:14:23.940061670Z", "container": "prefect-worker", "msg": "2026-08-13 07:14:23 | INFO  | _client.py:_send_single_request:1740 | HTTP Request: POST http://prefect-server:4200/api/work_pools/smarthub-pool/get_scheduled_flow_runs \"HTTP/1.1 200 OK\""}
{"ts": "2026-08-13T07:14:35.817849094Z", "container": "prefect-worker", "msg": "2026-08-13 07:14:35 | INFO  | _client.py:_send_single_request:1740 | HTTP Request: POST http://prefect-server:4200/api/work_pools/smarthub-pool/get_scheduled_flow_runs \"HTTP/1.1 200 OK\""}
{"ts": "2026-08-13T07:14:47.790764423Z", "container": "prefect-worker", "msg": "2026-08-13 07:14:47 | INFO  | _client.py:_send_single_request:1740 | HTTP Request: POST http://prefect-server:4200/api/work_pools/smarthub-pool/get_scheduled_flow_runs \"HTTP/1.1 200 OK\""}
{"ts": "2026-08-13T07:14:56.871396861Z", "container": "prefect-worker", "msg": "2026-08-13 07:14:56 | INFO  | _client.py:_send_single_request:1740 | HTTP Request: POST http://prefect-server:4200/api/work_pools/smarthub-pool/get_scheduled_flow_runs \"HTTP/1.1 200 OK\""}
{"ts": "2026-08-13T07:15:04.509529858Z", "container": "prefect-worker", "msg": "2026-08-13 07:15:04 | INFO  | _client.py:_send_single_request:1740 | HTTP Request: POST http://prefect-server:4200/api/work_pools/smarthub-pool/get_scheduled_flow_runs \"HTTP/1.1 200 OK\""}
{"ts": "2026-08-13T07:15:14.482254051Z", "container": "prefect-worker", "msg": "2026-08-13 07:15:14 | INFO  | _client.py:_send_single_request:1740 | HTTP Request: POST http://prefect-server:4200/api/work_pools/smarthub-pool/get_scheduled_flow_runs \"HTTP/1.1 200 OK\""}
{"ts": "2026-08-13T07:15:26.112711735Z", "container": "prefect-worker", "msg": "2026-08-13 07:15:26 | INFO  | _client.py:_send_single_request:1740 | HTTP Request: POST http://prefect-server:4200/api/work_pools/smarthub-pool/get_scheduled_flow_runs \"HTTP/1.1 200 OK\""}
{"ts": "2026-08-13T07:15:36.740813818Z", "container": "prefect-worker", "msg": "2026-08-13 07:15:36 | INFO  | _client.py:_send_single_request:1740 | HTTP Request: POST http://prefect-server:4200/api/work_pools/smarthub-pool/get_scheduled_flow_runs \"HTTP/1.1 200 OK\""}
{"ts": "2026-08-13T07:15:44.993506421Z", "container": "prefect-worker", "msg": "2026-08-13 07:15:44 | INFO  | _client.py:_send_single_request:1740 | HTTP Request: POST http://prefect-server:4200/api/work_pools/smarthub-pool/get_scheduled_flow_runs \"HTTP/1.1 200 OK\""}
{"ts": "2026-08-13T07:15:53.634989898Z", "container": "prefect-worker", "msg": "2026-08-13 07:15:53 | INFO  | _client.py:_send_single_request:1740 | HTTP Request: POST http://prefect-server:4200/api/work_pools/smarthub-pool/get_scheduled_flow_runs \"HTTP/1.1 200 OK\""}
{"ts": "2026-08-13T07:16:04.829575154Z", "container": "prefect-worker", "msg": "2026-08-13 07:16:04 | INFO  | _client.py:_send_single_request:1740 | HTTP Request: POST http://prefect-server:4200/api/work_pools/smarthub-pool/get_scheduled_flow_runs \"HTTP/1.1 200 OK\""}
{"ts": "2026-08-13T07:16:12.898143681Z", "container": "prefect-worker", "msg": "2026-08-13 07:16:12 | INFO  | _client.py:_send_single_request:1740 | HTTP Request: POST http://prefect-server:4200/api/work_pools/smarthub-pool/get_scheduled_flow_runs \"HTTP/1.1 200 OK\""}
{"ts": "2026-08-13T07:16:25.274048593Z", "container": "prefect-worker", "msg": "2026-08-13 07:16:25 | INFO  | _client.py:_send_single_request:1740 | HTTP Request: POST http://prefect-server:4200/api/work_pools/smarthub-pool/get_scheduled_flow_runs \"HTTP/1.1 200 OK\""}
{"ts": "2026-08-13T07:16:35.126087895Z", "container": "prefect-worker", "msg": "2026-08-13 07:16:35 | INFO  | _client.py:_send_single_request:1740 | HTTP Request: POST http://prefect-server:4200/api/work_pools/smarthub-pool/get_scheduled_flow_runs \"HTTP/1.1 200 OK\""}
{"ts": "2026-08-13T07:16:45.652412589Z", "container": "prefect-worker", "msg": "2026-08-13 07:16:45 | INFO  | _client.py:_send_single_request:1740 | HTTP Request: POST http://prefect-server:4200/api/work_pools/smarthub-pool/get_scheduled_flow_runs \"HTTP/1.1 200 OK\""}
{"ts": "2026-08-13T07:16:54.599537186Z", "container": "prefect-worker", "msg": "2026-08-13 07:16:54 | INFO  | _client.py:_send_single_request:1740 | HTTP Request: POST http://prefect-server:4200/api/work_pools/smarthub-pool/get_scheduled_flow_runs \"HTTP/1.1 200 OK\""}
{"ts": "2026-08-13T07:17:03.295140440Z", "container": "prefect-worker", "msg": "2026-08-13 07:17:03 | INFO  | _client.py:_send_single_request:1740 | HTTP Request: POST http://prefect-server:4200/api/work_pools/smarthub-pool/get_scheduled_flow_runs \"HTTP/1.1 200 OK\""}
{"ts": "2026-08-13T07:17:14.420786730Z", "container": "prefect-worker", "msg": "2026-08-13 07:17:14 | INFO  | _client.py:_send_single_request:1740 | HTTP Request: POST http://prefect-server:4200/api/work_pools/smarthub-pool/get_scheduled_flow_runs \"HTTP/1.1 200 OK\""}
{"ts": "2026-08-13T07:17:25.517299031Z", "container": "prefect-worker", "msg": "2026-08-13 07:17:25 | INFO  | _client.py:_send_single_request:1740 | HTTP Request: POST http://prefect-server:4200/api/work_pools/smarthub-pool/get_scheduled_flow_runs \"HTTP/1.1 200 OK\""}
{"ts": "2026-08-13T07:17:35.711812209Z", "container": "prefect-worker", "msg": "2026-08-13 07:17:35 | INFO  | _client.py:_send_single_request:1740 | HTTP Request: POST http://prefect-server:4200/api/work_pools/smarthub-pool/get_scheduled_flow_runs \"HTTP/1.1 200 OK\""}
{"ts": "2026-08-13T07:17:47.260559586Z", "container": "prefect-worker", "msg": "2026-08-13 07:17:47 | INFO  | _client.py:_send_single_request:1740 | HTTP Request: POST http://prefect-server:4200/api/work_pools/smarthub-pool/get_scheduled_flow_runs \"HTTP/1.1 200 OK\""}
{"ts": "2026-08-13T07:17:58.703583912Z", "container": "prefect-worker", "msg": "2026-08-13 07:17:58 | INFO  | _client.py:_send_single_request:1740 | HTTP Request: POST http://prefect-server:4200/api/work_pools/smarthub-pool/get_scheduled_flow_runs \"HTTP/1.1 200 OK\""}
{"ts": "2026-08-13T07:18:11.408168938Z", "container": "prefect-worker", "msg": "2026-08-13 07:18:11 | INFO  | _client.py:_send_single_request:1740 | HTTP Request: POST http://prefect-server:4200/api/work_pools/smarthub-pool/get_scheduled_flow_runs \"HTTP/1.1 200 OK\""}
{"ts": "2026-08-13T07:18:19.829596579Z", "container": "prefect-worker", "msg": "2026-08-13 07:18:19 | INFO  | _client.py:_send_single_request:1740 | HTTP Request: POST http://prefect-server:4200/api/work_pools/smarthub-pool/get_scheduled_flow_runs \"HTTP/1.1 200 OK\""}
{"ts": "2026-08-13T07:18:28.840719103Z", "container": "prefect-worker", "msg": "2026-08-13 07:18:28 | INFO  | _client.py:_send_single_request:1740 | HTTP Request: POST http://prefect-server:4200/api/work_pools/smarthub-pool/get_scheduled_flow_runs \"HTTP/1.1 200 OK\""}
{"ts": "2026-08-13T07:18:39.724919832Z", "container": "prefect-worker", "msg": "2026-08-13 07:18:39 | INFO  | _client.py:_send_single_request:1740 | HTTP Request: POST http://prefect-server:4200/api/work_pools/smarthub-pool/get_scheduled_flow_runs \"HTTP/1.1 200 OK\""}
{"ts": "2026-08-13T07:18:51.431945588Z", "container": "prefect-worker", "msg": "2026-08-13 07:18:51 | INFO  | _client.py:_send_single_request:1740 | HTTP Request: POST http://prefect-server:4200/api/work_pools/smarthub-pool/get_scheduled_flow_runs \"HTTP/1.1 200 OK\""}
{"ts": "2026-08-13T07:19:02.970832174Z", "container": "prefect-worker", "msg": "2026-08-13 07:19:02 | INFO  | _client.py:_send_single_request:1740 | HTTP Request: POST http://prefect-server:4200/api/work_pools/smarthub-pool/get_scheduled_flow_runs \"HTTP/1.1 200 OK\""}
{"ts": "2026-08-13T07:19:14.374823367Z", "container": "prefect-worker", "msg": "2026-08-13 07:19:14 | INFO  | _client.py:_send_single_request:1740 | HTTP Request: POST http://prefect-server:4200/api/work_pools/smarthub-pool/get_scheduled_flow_runs \"HTTP/1.1 200 OK\""}
{"ts": "2026-08-13T07:19:23.000329168Z", "container": "prefect-worker", "msg": "2026-08-13 07:19:23 | INFO  | _client.py:_send_single_request:1740 | HTTP Request: POST http://prefect-server:4200/api/work_pools/smarthub-pool/get_scheduled_flow_runs \"HTTP/1.1 200 OK\""}
{"ts": "2026-08-13T07:19:35.622068236Z", "container": "prefect-worker", "msg": "2026-08-13 07:19:35 | INFO  | _client.py:_send_single_request:1740 | HTTP Request: POST http://prefect-server:4200/api/work_pools/smarthub-pool/get_scheduled_flow_runs \"HTTP/1.1 200 OK\""}
{"ts": "2026-08-13T07:19:44.260593821Z", "container": "prefect-worker", "msg": "2026-08-13 07:19:44 | INFO  | _client.py:_send_single_request:1740 | HTTP Request: POST http://prefect-server:4200/api/work_pools/smarthub-pool/get_scheduled_flow_runs \"HTTP/1.1 200 OK\""}
{"ts": "2026-08-13T07:19:52.921927659Z", "container": "prefect-worker", "msg": "2026-08-13 07:19:52 | INFO  | _client.py:_send_single_request:1740 | HTTP Request: POST http://prefect-server:4200/api/work_pools/smarthub-pool/get_scheduled_flow_runs \"HTTP/1.1 200 OK\""}
{"ts": "2026-08-13T07:20:00.889760932Z", "container": "prefect-worker", "msg": "2026-08-13 07:20:00 | INFO  | _client.py:_send_single_request:1740 | HTTP Request: POST http://prefect-server:4200/api/work_pools/smarthub-pool/get_scheduled_flow_runs \"HTTP/1.1 200 OK\""}
{"ts": "2026-08-13T07:20:09.731089742Z", "container": "prefect-worker", "msg": "2026-08-13 07:20:09 | INFO  | _client.py:_send_single_request:1740 | HTTP Request: POST http://prefect-server:4200/api/work_pools/smarthub-pool/get_scheduled_flow_runs \"HTTP/1.1 200 OK\""}
{"ts": "2026-08-13T07:20:22.653613699Z", "container": "prefect-worker", "msg": "2026-08-13 07:20:22 | INFO  | _client.py:_send_single_request:1740 | HTTP Request: POST http://prefect-server:4200/api/work_pools/smarthub-pool/get_scheduled_flow_runs \"HTTP/1.1 200 OK\""}
{"ts": "2026-08-13T07:20:31.893737879Z", "container": "prefect-worker", "msg": "2026-08-13 07:20:31 | INFO  | _client.py:_send_single_request:1740 | HTTP Request: POST http://prefect-server:4200/api/work_pools/smarthub-pool/get_scheduled_flow_runs \"HTTP/1.1 200 OK\""}
{"ts": "2026-08-13T07:20:44.912238137Z", "container": "prefect-worker", "msg": "2026-08-13 07:20:44 | INFO  | _client.py:_send_single_request:1740 | HTTP Request: POST http://prefect-server:4200/api/work_pools/smarthub-pool/get_scheduled_flow_runs \"HTTP/1.1 200 OK\""}
{"ts": "2026-08-13T07:20:57.122793099Z", "container": "prefect-worker", "msg": "2026-08-13 07:20:57 | INFO  | _client.py:_send_single_request:1740 | HTTP Request: POST http://prefect-server:4200/api/work_pools/smarthub-pool/get_scheduled_flow_runs \"HTTP/1.1 200 OK\""}
{"ts": "2026-08-13T07:21:08.528567100Z", "container": "prefect-worker", "msg": "2026-08-13 07:21:08 | INFO  | _client.py:_send_single_request:1740 | HTTP Request: POST http://prefect-server:4200/api/work_pools/smarthub-pool/get_scheduled_flow_runs \"HTTP/1.1 200 OK\""}
{"ts": "2026-08-13T07:21:16.373897249Z", "container": "prefect-worker", "msg": "2026-08-13 07:21:16 | INFO  | _client.py:_send_single_request:1740 | HTTP Request: POST http://prefect-server:4200/api/work_pools/smarthub-pool/get_scheduled_flow_runs \"HTTP/1.1 200 OK\""}
{"ts": "2026-08-13T07:21:25.443864924Z", "container": "prefect-worker", "msg": "2026-08-13 07:21:25 | INFO  | _client.py:_send_single_request:1740 | HTTP Request: POST http://prefect-server:4200/api/work_pools/smarthub-pool/get_scheduled_flow_runs \"HTTP/1.1 200 OK\""}
{"ts": "2026-08-13T07:21:35.774007636Z", "container": "prefect-worker", "msg": "2026-08-13 07:21:35 | INFO  | _client.py:_send_single_request:1740 | HTTP Request: POST http://prefect-server:4200/api/work_pools/smarthub-pool/get_scheduled_flow_runs \"HTTP/1.1 200 OK\""}
{"ts": "2026-08-13T07:21:47.980033038Z", "container": "prefect-worker", "msg": "2026-08-13 07:21:47 | INFO  | _client.py:_send_single_request:1740 | HTTP Request: POST http://prefect-server:4200/api/work_pools/smarthub-pool/get_scheduled_flow_runs \"HTTP/1.1 200 OK\""}
{"ts": "2026-08-13T07:22:00.529515812Z", "container": "prefect-worker", "msg": "2026-08-13 07:22:00 | INFO  | _client.py:_send_single_request:1740 | HTTP Request: POST http://prefect-server:4200/api/work_pools/smarthub-pool/get_scheduled_flow_runs \"HTTP/1.1 200 OK\""}
{"ts": "2026-08-13T07:22:10.784343119Z", "container": "prefect-worker", "msg": "2026-08-13 07:22:10 | INFO  | _client.py:_send_single_request:1740 | HTTP Request: POST http://prefect-server:4200/api/work_pools/smarthub-pool/get_scheduled_flow_runs \"HTTP/1.1 200 OK\""}
{"ts": "2026-08-13T07:22:18.867051862Z", "container": "prefect-worker", "msg": "2026-08-13 07:22:18 | INFO  | _client.py:_send_single_request:1740 | HTTP Request: POST http://prefect-server:4200/api/work_pools/smarthub-pool/get_scheduled_flow_runs \"HTTP/1.1 200 OK\""}
{"ts": "2026-08-13T07:22:29.826731206Z", "container": "prefect-worker", "msg": "2026-08-13 07:22:29 | INFO  | _client.py:_send_single_request:1740 | HTTP Request: POST http://prefect-server:4200/api/work_pools/smarthub-pool/get_scheduled_flow_runs \"HTTP/1.1 200 OK\""}
{"ts": "2026-08-13T07:22:41.713988768Z", "container": "prefect-worker", "msg": "2026-08-13 07:22:41 | INFO  | _client.py:_send_single_request:1740 | HTTP Request: POST http://prefect-server:4200/api/work_pools/smarthub-pool/get_scheduled_flow_runs \"HTTP/1.1 200 OK\""}
{"ts": "2026-08-13T07:22:52.937067763Z", "container": "prefect-worker", "msg": "2026-08-13 07:22:52 | INFO  | _client.py:_send_single_request:1740 | HTTP Request: POST http://prefect-server:4200/api/work_pools/smarthub-pool/get_scheduled_flow_runs \"HTTP/1.1 200 OK\""}
{"ts": "2026-08-13T07:23:04.361749953Z", "container": "prefect-worker", "msg": "2026-08-13 07:23:04 | INFO  | _client.py:_send_single_request:1740 | HTTP Request: POST http://prefect-server:4200/api/work_pools/smarthub-pool/get_scheduled_flow_runs \"HTTP/1.1 200 OK\""}
{"ts": "2026-08-13T07:23:12.461573497Z", "container": "prefect-worker", "msg": "2026-08-13 07:23:12 | INFO  | _client.py:_send_single_request:1740 | HTTP Request: POST http://prefect-server:4200/api/work_pools/smarthub-pool/get_scheduled_flow_runs \"HTTP/1.1 200 OK\""}
{"ts": "2026-08-13T07:23:21.020377523Z", "container": "prefect-worker", "msg": "2026-08-13 07:23:21 | INFO  | _client.py:_send_single_request:1740 | HTTP Request: POST http://prefect-server:4200/api/work_pools/smarthub-pool/get_scheduled_flow_runs \"HTTP/1.1 200 OK\""}
{"ts": "2026-08-13T07:23:32.123345845Z", "container": "prefect-worker", "msg": "2026-08-13 07:23:32 | INFO  | _client.py:_send_single_request:1740 | HTTP Request: POST http://prefect-server:4200/api/work_pools/smarthub-pool/get_scheduled_flow_runs \"HTTP/1.1 200 OK\""}
{"ts": "2026-08-13T07:23:41.672855863Z", "container": "prefect-worker", "msg": "2026-08-13 07:23:41 | INFO  | _client.py:_send_single_request:1740 | HTTP Request: POST http://prefect-server:4200/api/work_pools/smarthub-pool/get_scheduled_flow_runs \"HTTP/1.1 200 OK\""}
{"ts": "2026-08-13T07:23:51.037365898Z", "container": "prefect-worker", "msg": "2026-08-13 07:23:51 | INFO  | _client.py:_send_single_request:1740 | HTTP Request: POST http://prefect-server:4200/api/work_pools/smarthub-pool/get_scheduled_flow_runs \"HTTP/1.1 200 OK\""}
{"ts": "2026-08-13T07:24:00.568719990Z", "container": "prefect-worker", "msg": "2026-08-13 07:24:00 | INFO  | _client.py:_send_single_request:1740 | HTTP Request: POST http://prefect-server:4200/api/work_pools/smarthub-pool/get_scheduled_flow_runs \"HTTP/1.1 200 OK\""}
{"ts": "2026-08-13T07:24:13.389892443Z", "container": "prefect-worker", "msg": "2026-08-13 07:24:13 | INFO  | _client.py:_send_single_request:1740 | HTTP Request: POST http://prefect-server:4200/api/work_pools/smarthub-pool/get_scheduled_flow_runs \"HTTP/1.1 200 OK\""}
{"ts": "2026-08-13T07:24:22.864019880Z", "container": "prefect-worker", "msg": "2026-08-13 07:24:22 | INFO  | _client.py:_send_single_request:1740 | HTTP Request: POST http://prefect-server:4200/api/work_pools/smarthub-pool/get_scheduled_flow_runs \"HTTP/1.1 200 OK\""}
{"ts": "2026-08-13T07:24:34.377217729Z", "container": "prefect-worker", "msg": "2026-08-13 07:24:34 | INFO  | _client.py:_send_single_request:1740 | HTTP Request: POST http://prefect-server:4200/api/work_pools/smarthub-pool/get_scheduled_flow_runs \"HTTP/1.1 200 OK\""}
{"ts": "2026-08-13T07:24:44.397428319Z", "container": "prefect-worker", "msg": "2026-08-13 07:24:44 | INFO  | _client.py:_send_single_request:1740 | HTTP Request: POST http://prefect-server:4200/api/work_pools/smarthub-pool/get_scheduled_flow_runs \"HTTP/1.1 200 OK\""}
{"ts": "2026-08-13T07:24:56.089914889Z", "container": "prefect-worker", "msg": "2026-08-13 07:24:56 | INFO  | _client.py:_send_single_request:1740 | HTTP Request: POST http://prefect-server:4200/api/work_pools/smarthub-pool/get_scheduled_flow_runs \"HTTP/1.1 200 OK\""}
{"ts": "2026-08-13T07:25:03.798218888Z", "container": "prefect-worker", "msg": "2026-08-13 07:25:03 | INFO  | _client.py:_send_single_request:1740 | HTTP Request: POST http://prefect-server:4200/api/work_pools/smarthub-pool/get_scheduled_flow_runs \"HTTP/1.1 200 OK\""}
{"ts": "2026-08-13T07:25:15.769153558Z", "container": "prefect-worker", "msg": "2026-08-13 07:25:15 | INFO  | _client.py:_send_single_request:1740 | HTTP Request: POST http://prefect-server:4200/api/work_pools/smarthub-pool/get_scheduled_flow_runs \"HTTP/1.1 200 OK\""}
{"ts": "2026-08-13T07:25:25.339619282Z", "container": "prefect-worker", "msg": "2026-08-13 07:25:25 | INFO  | _client.py:_send_single_request:1740 | HTTP Request: POST http://prefect-server:4200/api/work_pools/smarthub-pool/get_scheduled_flow_runs \"HTTP/1.1 200 OK\""}
{"ts": "2026-08-13T07:25:33.334142224Z", "container": "prefect-worker", "msg": "2026-08-13 07:25:33 | INFO  | _client.py:_send_single_request:1740 | HTTP Request: POST http://prefect-server:4200/api/work_pools/smarthub-pool/get_scheduled_flow_runs \"HTTP/1.1 200 OK\""}
{"ts": "2026-08-13T07:25:43.325409410Z", "container": "prefect-worker", "msg": "2026-08-13 07:25:43 | INFO  | _client.py:_send_single_request:1740 | HTTP Request: POST http://prefect-server:4200/api/work_pools/smarthub-pool/get_scheduled_flow_runs \"HTTP/1.1 200 OK\""}
{"ts": "2026-08-13T07:25:52.697289907Z", "container": "prefect-worker", "msg": "2026-08-13 07:25:52 | INFO  | _client.py:_send_single_request:1740 | HTTP Request: POST http://prefect-server:4200/api/work_pools/smarthub-pool/get_scheduled_flow_runs \"HTTP/1.1 200 OK\""}
{"ts": "2026-08-13T07:26:04.661808160Z", "container": "prefect-worker", "msg": "2026-08-13 07:26:04 | INFO  | _client.py:_send_single_request:1740 | HTTP Request: POST http://prefect-server:4200/api/work_pools/smarthub-pool/get_scheduled_flow_runs \"HTTP/1.1 200 OK\""}
{"ts": "2026-08-13T07:26:14.985478214Z", "container": "prefect-worker", "msg": "2026-08-13 07:26:14 | INFO  | _client.py:_send_single_request:1740 | HTTP Request: POST http://prefect-server:4200/api/work_pools/smarthub-pool/get_scheduled_flow_runs \"HTTP/1.1 200 OK\""}
{"ts": "2026-08-13T07:26:27.116726904Z", "container": "prefect-worker", "msg": "2026-08-13 07:26:27 | INFO  | _client.py:_send_single_request:1740 | HTTP Request: POST http://prefect-server:4200/api/work_pools/smarthub-pool/get_scheduled_flow_runs \"HTTP/1.1 200 OK\""}
{"ts": "2026-08-13T07:26:35.334904745Z", "container": "prefect-worker", "msg": "2026-08-13 07:26:35 | INFO  | _client.py:_send_single_request:1740 | HTTP Request: POST http://prefect-server:4200/api/work_pools/smarthub-pool/get_scheduled_flow_runs \"HTTP/1.1 200 OK\""}
{"ts": "2026-08-13T07:26:43.744591905Z", "container": "prefect-worker", "msg": "2026-08-13 07:26:43 | INFO  | _client.py:_send_single_request:1740 | HTTP Request: POST http://prefect-server:4200/api/work_pools/smarthub-pool/get_scheduled_flow_runs \"HTTP/1.1 200 OK\""}
{"ts": "2026-08-13T07:26:53.441534428Z", "container": "prefect-worker", "msg": "2026-08-13 07:26:53 | INFO  | _client.py:_send_single_request:1740 | HTTP Request: POST http://prefect-server:4200/api/work_pools/smarthub-pool/get_scheduled_flow_runs \"HTTP/1.1 200 OK\""}
{"ts": "2026-08-13T07:27:01.417220415Z", "container": "prefect-worker", "msg": "2026-08-13 07:27:01 | INFO  | _client.py:_send_single_request:1740 | HTTP Request: POST http://prefect-server:4200/api/work_pools/smarthub-pool/get_scheduled_flow_runs \"HTTP/1.1 200 OK\""}
{"ts": "2026-08-13T07:27:12.241374474Z", "container": "prefect-worker", "msg": "2026-08-13 07:27:12 | INFO  | _client.py:_send_single_request:1740 | HTTP Request: POST http://prefect-server:4200/api/work_pools/smarthub-pool/get_scheduled_flow_runs \"HTTP/1.1 200 OK\""}
{"ts": "2026-08-13T07:27:20.052653629Z", "container": "prefect-worker", "msg": "2026-08-13 07:27:20 | INFO  | _client.py:_send_single_request:1740 | HTTP Request: POST http://prefect-server:4200/api/work_pools/smarthub-pool/get_scheduled_flow_runs \"HTTP/1.1 200 OK\""}
{"ts": "2026-08-13T07:27:30.682657503Z", "container": "prefect-worker", "msg": "2026-08-13 07:27:30 | INFO  | _client.py:_send_single_request:1740 | HTTP Request: POST http://prefect-server:4200/api/work_pools/smarthub-pool/get_scheduled_flow_runs \"HTTP/1.1 200 OK\""}
{"ts": "2026-08-13T07:27:42.592532972Z", "container": "prefect-worker", "msg": "2026-08-13 07:27:42 | INFO  | _client.py:_send_single_request:1740 | HTTP Request: POST http://prefect-server:4200/api/work_pools/smarthub-pool/get_scheduled_flow_runs \"HTTP/1.1 200 OK\""}
{"ts": "2026-08-13T07:27:52.654984745Z", "container": "prefect-worker", "msg": "2026-08-13 07:27:52 | INFO  | _client.py:_send_single_request:1740 | HTTP Request: POST http://prefect-server:4200/api/work_pools/smarthub-pool/get_scheduled_flow_runs \"HTTP/1.1 200 OK\""}
{"ts": "2026-08-13T07:28:04.189782728Z", "container": "prefect-worker", "msg": "2026-08-13 07:28:04 | INFO  | _client.py:_send_single_request:1740 | HTTP Request: POST http://prefect-server:4200/api/work_pools/smarthub-pool/get_scheduled_flow_runs \"HTTP/1.1 200 OK\""}
{"ts": "2026-08-13T07:28:13.173079197Z", "container": "prefect-worker", "msg": "2026-08-13 07:28:13 | INFO  | _client.py:_send_single_request:1740 | HTTP Request: POST http://prefect-server:4200/api/work_pools/smarthub-pool/get_scheduled_flow_runs \"HTTP/1.1 200 OK\""}
{"ts": "2026-08-13T07:28:24.989994492Z", "container": "prefect-worker", "msg": "2026-08-13 07:28:24 | INFO  | _client.py:_send_single_request:1740 | HTTP Request: POST http://prefect-server:4200/api/work_pools/smarthub-pool/get_scheduled_flow_runs \"HTTP/1.1 200 OK\""}
{"ts": "2026-08-13T07:28:35.531244529Z", "container": "prefect-worker", "msg": "2026-08-13 07:28:35 | INFO  | _client.py:_send_single_request:1740 | HTTP Request: POST http://prefect-server:4200/api/work_pools/smarthub-pool/get_scheduled_flow_runs \"HTTP/1.1 200 OK\""}
{"ts": "2026-08-13T07:28:46.109808351Z", "container": "prefect-worker", "msg": "2026-08-13 07:28:46 | INFO  | _client.py:_send_single_request:1740 | HTTP Request: POST http://prefect-server:4200/api/work_pools/smarthub-pool/get_scheduled_flow_runs \"HTTP/1.1 200 OK\""}
{"ts": "2026-08-13T07:28:57.905378203Z", "container": "prefect-worker", "msg": "2026-08-13 07:28:57 | INFO  | _client.py:_send_single_request:1740 | HTTP Request: POST http://prefect-server:4200/api/work_pools/smarthub-pool/get_scheduled_flow_runs \"HTTP/1.1 200 OK\""}
{"ts": "2026-08-13T07:29:07.293704517Z", "container": "prefect-worker", "msg": "2026-08-13 07:29:07 | INFO  | _client.py:_send_single_request:1740 | HTTP Request: POST http://prefect-server:4200/api/work_pools/smarthub-pool/get_scheduled_flow_runs \"HTTP/1.1 200 OK\""}
{"ts": "2026-08-13T07:29:15.457570528Z", "container": "prefect-worker", "msg": "2026-08-13 07:29:15 | INFO  | _client.py:_send_single_request:1740 | HTTP Request: POST http://prefect-server:4200/api/work_pools/smarthub-pool/get_scheduled_flow_runs \"HTTP/1.1 200 OK\""}
{"ts": "2026-08-13T07:29:28.054320468Z", "container": "prefect-worker", "msg": "2026-08-13 07:29:28 | INFO  | _client.py:_send_single_request:1740 | HTTP Request: POST http://prefect-server:4200/api/work_pools/smarthub-pool/get_scheduled_flow_runs \"HTTP/1.1 200 OK\""}
{"ts": "2026-08-13T07:29:39.117058095Z", "container": "prefect-worker", "msg": "2026-08-13 07:29:39 | INFO  | _client.py:_send_single_request:1740 | HTTP Request: POST http://prefect-server:4200/api/work_pools/smarthub-pool/get_scheduled_flow_runs \"HTTP/1.1 200 OK\""}
{"ts": "2026-08-13T07:29:51.020535430Z", "container": "prefect-worker", "msg": "2026-08-13 07:29:51 | INFO  | _client.py:_send_single_request:1740 | HTTP Request: POST http://prefect-server:4200/api/work_pools/smarthub-pool/get_scheduled_flow_runs \"HTTP/1.1 200 OK\""}
{"ts": "2026-08-13T07:29:59.781402265Z", "container": "prefect-worker", "msg": "2026-08-13 07:29:59 | INFO  | _client.py:_send_single_request:1740 | HTTP Request: POST http://prefect-server:4200/api/work_pools/smarthub-pool/get_scheduled_flow_runs \"HTTP/1.1 200 OK\""}
{"ts": "2026-08-13T07:30:12.286241835Z", "container": "prefect-worker", "msg": "2026-08-13 07:30:12 | INFO  | _client.py:_send_single_request:1740 | HTTP Request: POST http://prefect-server:4200/api/work_pools/smarthub-pool/get_scheduled_flow_runs \"HTTP/1.1 200 OK\""}
{"ts": "2026-08-13T07:30:21.359856579Z", "container": "prefect-worker", "msg": "2026-08-13 07:30:21 | INFO  | _client.py:_send_single_request:1740 | HTTP Request: POST http://prefect-server:4200/api/work_pools/smarthub-pool/get_scheduled_flow_runs \"HTTP/1.1 200 OK\""}
{"ts": "2026-08-13T07:30:32.713158751Z", "container": "prefect-worker", "msg": "2026-08-13 07:30:32 | INFO  | _client.py:_send_single_request:1740 | HTTP Request: POST http://prefect-server:4200/api/work_pools/smarthub-pool/get_scheduled_flow_runs \"HTTP/1.1 200 OK\""}
{"ts": "2026-08-13T07:30:41.737960155Z", "container": "prefect-worker", "msg": "2026-08-13 07:30:41 | INFO  | _client.py:_send_single_request:1740 | HTTP Request: POST http://prefect-server:4200/api/work_pools/smarthub-pool/get_scheduled_flow_runs \"HTTP/1.1 200 OK\""}
{"ts": "2026-08-13T07:30:53.612874875Z", "container": "prefect-worker", "msg": "2026-08-13 07:30:53 | INFO  | _client.py:_send_single_request:1740 | HTTP Request: POST http://prefect-server:4200/api/work_pools/smarthub-pool/get_scheduled_flow_runs \"HTTP/1.1 200 OK\""}
{"ts": "2026-08-13T07:31:01.837491471Z", "container": "prefect-worker", "msg": "2026-08-13 07:31:01 | INFO  | _client.py:_send_single_request:1740 | HTTP Request: POST http://prefect-server:4200/api/work_pools/smarthub-pool/get_scheduled_flow_runs \"HTTP/1.1 200 OK\""}
{"ts": "2026-08-13T07:31:13.353454338Z", "container": "prefect-worker", "msg": "2026-08-13 07:31:13 | INFO  | _client.py:_send_single_request:1740 | HTTP Request: POST http://prefect-server:4200/api/work_pools/smarthub-pool/get_scheduled_flow_runs \"HTTP/1.1 200 OK\""}
{"ts": "2026-08-13T07:31:22.357843986Z", "container": "prefect-worker", "msg": "2026-08-13 07:31:22 | INFO  | _client.py:_send_single_request:1740 | HTTP Request: POST http://prefect-server:4200/api/work_pools/smarthub-pool/get_scheduled_flow_runs \"HTTP/1.1 200 OK\""}
{"ts": "2026-08-13T07:31:29.937752583Z", "container": "prefect-worker", "msg": "2026-08-13 07:31:29 | INFO  | _client.py:_send_single_request:1740 | HTTP Request: POST http://prefect-server:4200/api/work_pools/smarthub-pool/get_scheduled_flow_runs \"HTTP/1.1 200 OK\""}
{"ts": "2026-08-13T07:31:39.260282276Z", "container": "prefect-worker", "msg": "2026-08-13 07:31:39 | INFO  | _client.py:_send_single_request:1740 | HTTP Request: POST http://prefect-server:4200/api/work_pools/smarthub-pool/get_scheduled_flow_runs \"HTTP/1.1 200 OK\""}
{"ts": "2026-08-13T07:31:47.475202330Z", "container": "prefect-worker", "msg": "2026-08-13 07:31:47 | INFO  | _client.py:_send_single_request:1740 | HTTP Request: POST http://prefect-server:4200/api/work_pools/smarthub-pool/get_scheduled_flow_runs \"HTTP/1.1 200 OK\""}
{"ts": "2026-08-13T07:31:55.675740664Z", "container": "prefect-worker", "msg": "2026-08-13 07:31:55 | INFO  | _client.py:_send_single_request:1740 | HTTP Request: POST http://prefect-server:4200/api/work_pools/smarthub-pool/get_scheduled_flow_runs \"HTTP/1.1 200 OK\""}
{"ts": "2026-08-13T07:32:03.662261024Z", "container": "prefect-worker", "msg": "2026-08-13 07:32:03 | INFO  | _client.py:_send_single_request:1740 | HTTP Request: POST http://prefect-server:4200/api/work_pools/smarthub-pool/get_scheduled_flow_runs \"HTTP/1.1 200 OK\""}
{"ts": "2026-08-13T07:32:14.328988642Z", "container": "prefect-worker", "msg": "2026-08-13 07:32:14 | INFO  | _client.py:_send_single_request:1740 | HTTP Request: POST http://prefect-server:4200/api/work_pools/smarthub-pool/get_scheduled_flow_runs \"HTTP/1.1 200 OK\""}
{"ts": "2026-08-13T07:32:26.233880746Z", "container": "prefect-worker", "msg": "2026-08-13 07:32:26 | INFO  | _client.py:_send_single_request:1740 | HTTP Request: POST http://prefect-server:4200/api/work_pools/smarthub-pool/get_scheduled_flow_runs \"HTTP/1.1 200 OK\""}
{"ts": "2026-08-13T07:32:36.519777659Z", "container": "prefect-worker", "msg": "2026-08-13 07:32:36 | INFO  | _client.py:_send_single_request:1740 | HTTP Request: POST http://prefect-server:4200/api/work_pools/smarthub-pool/get_scheduled_flow_runs \"HTTP/1.1 200 OK\""}
{"ts": "2026-08-13T07:32:46.804876590Z", "container": "prefect-worker", "msg": "2026-08-13 07:32:46 | INFO  | _client.py:_send_single_request:1740 | HTTP Request: POST http://prefect-server:4200/api/work_pools/smarthub-pool/get_scheduled_flow_runs \"HTTP/1.1 200 OK\""}
{"ts": "2026-08-13T07:32:56.531055108Z", "container": "prefect-worker", "msg": "2026-08-13 07:32:56 | INFO  | _client.py:_send_single_request:1740 | HTTP Request: POST http://prefect-server:4200/api/work_pools/smarthub-pool/get_scheduled_flow_runs \"HTTP/1.1 200 OK\""}
{"ts": "2026-08-13T07:33:05.038234993Z", "container": "prefect-worker", "msg": "2026-08-13 07:33:05 | INFO  | _client.py:_send_single_request:1740 | HTTP Request: POST http://prefect-server:4200/api/work_pools/smarthub-pool/get_scheduled_flow_runs \"HTTP/1.1 200 OK\""}
{"ts": "2026-08-13T07:33:16.405526807Z", "container": "prefect-worker", "msg": "2026-08-13 07:33:16 | INFO  | _client.py:_send_single_request:1740 | HTTP Request: POST http://prefect-server:4200/api/work_pools/smarthub-pool/get_scheduled_flow_runs \"HTTP/1.1 200 OK\""}
{"ts": "2026-08-13T07:33:25.454711781Z", "container": "prefect-worker", "msg": "2026-08-13 07:33:25 | INFO  | _client.py:_send_single_request:1740 | HTTP Request: POST http://prefect-server:4200/api/work_pools/smarthub-pool/get_scheduled_flow_runs \"HTTP/1.1 200 OK\""}
{"ts": "2026-08-13T07:33:33.205266449Z", "container": "prefect-worker", "msg": "2026-08-13 07:33:33 | INFO  | _client.py:_send_single_request:1740 | HTTP Request: POST http://prefect-server:4200/api/work_pools/smarthub-pool/get_scheduled_flow_runs \"HTTP/1.1 200 OK\""}
{"ts": "2026-08-13T07:33:43.867909526Z", "container": "prefect-worker", "msg": "2026-08-13 07:33:43 | INFO  | _client.py:_send_single_request:1740 | HTTP Request: POST http://prefect-server:4200/api/work_pools/smarthub-pool/get_scheduled_flow_runs \"HTTP/1.1 200 OK\""}
{"ts": "2026-08-13T07:33:56.161442123Z", "container": "prefect-worker", "msg": "2026-08-13 07:33:56 | INFO  | _client.py:_send_single_request:1740 | HTTP Request: POST http://prefect-server:4200/api/work_pools/smarthub-pool/get_scheduled_flow_runs \"HTTP/1.1 200 OK\""}
{"ts": "2026-08-13T07:34:05.388638893Z", "container": "prefect-worker", "msg": "2026-08-13 07:34:05 | INFO  | _client.py:_send_single_request:1740 | HTTP Request: POST http://prefect-server:4200/api/work_pools/smarthub-pool/get_scheduled_flow_runs \"HTTP/1.1 200 OK\""}
{"ts": "2026-08-13T07:34:14.065962691Z", "container": "prefect-worker", "msg": "2026-08-13 07:34:14 | INFO  | _client.py:_send_single_request:1740 | HTTP Request: POST http://prefect-server:4200/api/work_pools/smarthub-pool/get_scheduled_flow_runs \"HTTP/1.1 200 OK\""}
{"ts": "2026-08-13T07:34:24.738409612Z", "container": "prefect-worker", "msg": "2026-08-13 07:34:24 | INFO  | _client.py:_send_single_request:1740 | HTTP Request: POST http://prefect-server:4200/api/work_pools/smarthub-pool/get_scheduled_flow_runs \"HTTP/1.1 200 OK\""}
{"ts": "2026-08-13T07:34:35.524400899Z", "container": "prefect-worker", "msg": "2026-08-13 07:34:35 | INFO  | _client.py:_send_single_request:1740 | HTTP Request: POST http://prefect-server:4200/api/work_pools/smarthub-pool/get_scheduled_flow_runs \"HTTP/1.1 200 OK\""}
{"ts": "2026-08-13T07:34:43.141878134Z", "container": "prefect-worker", "msg": "2026-08-13 07:34:43 | INFO  | _client.py:_send_single_request:1740 | HTTP Request: POST http://prefect-server:4200/api/work_pools/smarthub-pool/get_scheduled_flow_runs \"HTTP/1.1 200 OK\""}
{"ts": "2026-08-13T07:34:52.434120322Z", "container": "prefect-worker", "msg": "2026-08-13 07:34:52 | INFO  | _client.py:_send_single_request:1740 | HTTP Request: POST http://prefect-server:4200/api/work_pools/smarthub-pool/get_scheduled_flow_runs \"HTTP/1.1 200 OK\""}
{"ts": "2026-08-13T07:35:03.874699591Z", "container": "prefect-worker", "msg": "2026-08-13 07:35:03 | INFO  | _client.py:_send_single_request:1740 | HTTP Request: POST http://prefect-server:4200/api/work_pools/smarthub-pool/get_scheduled_flow_runs \"HTTP/1.1 200 OK\""}
{"ts": "2026-08-13T07:35:12.017347353Z", "container": "prefect-worker", "msg": "2026-08-13 07:35:12 | INFO  | _client.py:_send_single_request:1740 | HTTP Request: POST http://prefect-server:4200/api/work_pools/smarthub-pool/get_scheduled_flow_runs \"HTTP/1.1 200 OK\""}
{"ts": "2026-08-13T07:35:21.301477735Z", "container": "prefect-worker", "msg": "2026-08-13 07:35:21 | INFO  | _client.py:_send_single_request:1740 | HTTP Request: POST http://prefect-server:4200/api/work_pools/smarthub-pool/get_scheduled_flow_runs \"HTTP/1.1 200 OK\""}
{"ts": "2026-08-13T07:35:31.947983080Z", "container": "prefect-worker", "msg": "2026-08-13 07:35:31 | INFO  | _client.py:_send_single_request:1740 | HTTP Request: POST http://prefect-server:4200/api/work_pools/smarthub-pool/get_scheduled_flow_runs \"HTTP/1.1 200 OK\""}
{"ts": "2026-08-13T07:35:41.166769138Z", "container": "prefect-worker", "msg": "2026-08-13 07:35:41 | INFO  | _client.py:_send_single_request:1740 | HTTP Request: POST http://prefect-server:4200/api/work_pools/smarthub-pool/get_scheduled_flow_runs \"HTTP/1.1 200 OK\""}
{"ts": "2026-08-13T07:35:51.207661353Z", "container": "prefect-worker", "msg": "2026-08-13 07:35:51 | INFO  | _client.py:_send_single_request:1740 | HTTP Request: POST http://prefect-server:4200/api/work_pools/smarthub-pool/get_scheduled_flow_runs \"HTTP/1.1 200 OK\""}
{"ts": "2026-08-13T07:35:59.609948493Z", "container": "prefect-worker", "msg": "2026-08-13 07:35:59 | INFO  | _client.py:_send_single_request:1740 | HTTP Request: POST http://prefect-server:4200/api/work_pools/smarthub-pool/get_scheduled_flow_runs \"HTTP/1.1 200 OK\""}
{"ts": "2026-08-13T07:36:09.314183983Z", "container": "prefect-worker", "msg": "2026-08-13 07:36:09 | INFO  | _client.py:_send_single_request:1740 | HTTP Request: POST http://prefect-server:4200/api/work_pools/smarthub-pool/get_scheduled_flow_runs \"HTTP/1.1 200 OK\""}
{"ts": "2026-08-13T07:36:19.551441520Z", "container": "prefect-worker", "msg": "2026-08-13 07:36:19 | INFO  | _client.py:_send_single_request:1740 | HTTP Request: POST http://prefect-server:4200/api/work_pools/smarthub-pool/get_scheduled_flow_runs \"HTTP/1.1 200 OK\""}
{"ts": "2026-08-13T07:36:28.316450755Z", "container": "prefect-worker", "msg": "2026-08-13 07:36:28 | INFO  | _client.py:_send_single_request:1740 | HTTP Request: POST http://prefect-server:4200/api/work_pools/smarthub-pool/get_scheduled_flow_runs \"HTTP/1.1 200 OK\""}
{"ts": "2026-08-13T07:36:38.509529156Z", "container": "prefect-worker", "msg": "2026-08-13 07:36:38 | INFO  | _client.py:_send_single_request:1740 | HTTP Request: POST http://prefect-server:4200/api/work_pools/smarthub-pool/get_scheduled_flow_runs \"HTTP/1.1 200 OK\""}
{"ts": "2026-08-13T07:36:47.561427163Z", "container": "prefect-worker", "msg": "2026-08-13 07:36:47 | INFO  | _client.py:_send_single_request:1740 | HTTP Request: POST http://prefect-server:4200/api/work_pools/smarthub-pool/get_scheduled_flow_runs \"HTTP/1.1 200 OK\""}
{"ts": "2026-08-13T07:36:55.260646744Z", "container": "prefect-worker", "msg": "2026-08-13 07:36:55 | INFO  | _client.py:_send_single_request:1740 | HTTP Request: POST http://prefect-server:4200/api/work_pools/smarthub-pool/get_scheduled_flow_runs \"HTTP/1.1 200 OK\""}
{"ts": "2026-08-13T07:37:05.959908808Z", "container": "prefect-worker", "msg": "2026-08-13 07:37:05 | INFO  | _client.py:_send_single_request:1740 | HTTP Request: POST http://prefect-server:4200/api/work_pools/smarthub-pool/get_scheduled_flow_runs \"HTTP/1.1 200 OK\""}
{"ts": "2026-08-13T07:37:16.279275635Z", "container": "prefect-worker", "msg": "2026-08-13 07:37:16 | INFO  | _client.py:_send_single_request:1740 | HTTP Request: POST http://prefect-server:4200/api/work_pools/smarthub-pool/get_scheduled_flow_runs \"HTTP/1.1 200 OK\""}
{"ts": "2026-08-13T07:37:27.481726421Z", "container": "prefect-worker", "msg": "2026-08-13 07:37:27 | INFO  | _client.py:_send_single_request:1740 | HTTP Request: POST http://prefect-server:4200/api/work_pools/smarthub-pool/get_scheduled_flow_runs \"HTTP/1.1 200 OK\""}
{"ts": "2026-08-13T07:37:39.285317701Z", "container": "prefect-worker", "msg": "2026-08-13 07:37:39 | INFO  | _client.py:_send_single_request:1740 | HTTP Request: POST http://prefect-server:4200/api/work_pools/smarthub-pool/get_scheduled_flow_runs \"HTTP/1.1 200 OK\""}
{"ts": "2026-08-13T07:37:47.577464018Z", "container": "prefect-worker", "msg": "2026-08-13 07:37:47 | INFO  | _client.py:_send_single_request:1740 | HTTP Request: POST http://prefect-server:4200/api/work_pools/smarthub-pool/get_scheduled_flow_runs \"HTTP/1.1 200 OK\""}
{"ts": "2026-08-13T07:37:55.465348531Z", "container": "prefect-worker", "msg": "2026-08-13 07:37:55 | INFO  | _client.py:_send_single_request:1740 | HTTP Request: POST http://prefect-server:4200/api/work_pools/smarthub-pool/get_scheduled_flow_runs \"HTTP/1.1 200 OK\""}
{"ts": "2026-08-13T07:38:03.181950829Z", "container": "prefect-worker", "msg": "2026-08-13 07:38:03 | INFO  | _client.py:_send_single_request:1740 | HTTP Request: POST http://prefect-server:4200/api/work_pools/smarthub-pool/get_scheduled_flow_runs \"HTTP/1.1 200 OK\""}
{"ts": "2026-08-13T07:38:15.476046510Z", "container": "prefect-worker", "msg": "2026-08-13 07:38:15 | INFO  | _client.py:_send_single_request:1740 | HTTP Request: POST http://prefect-server:4200/api/work_pools/smarthub-pool/get_scheduled_flow_runs \"HTTP/1.1 200 OK\""}
{"ts": "2026-08-13T07:38:27.501307322Z", "container": "prefect-worker", "msg": "2026-08-13 07:38:27 | INFO  | _client.py:_send_single_request:1740 | HTTP Request: POST http://prefect-server:4200/api/work_pools/smarthub-pool/get_scheduled_flow_runs \"HTTP/1.1 200 OK\""}
{"ts": "2026-08-13T07:38:36.156851207Z", "container": "prefect-worker", "msg": "2026-08-13 07:38:36 | INFO  | _client.py:_send_single_request:1740 | HTTP Request: POST http://prefect-server:4200/api/work_pools/smarthub-pool/get_scheduled_flow_runs \"HTTP/1.1 200 OK\""}
{"ts": "2026-08-13T07:38:45.365035627Z", "container": "prefect-worker", "msg": "2026-08-13 07:38:45 | INFO  | _client.py:_send_single_request:1740 | HTTP Request: POST http://prefect-server:4200/api/work_pools/smarthub-pool/get_scheduled_flow_runs \"HTTP/1.1 200 OK\""}
{"ts": "2026-08-13T07:38:57.230382461Z", "container": "prefect-worker", "msg": "2026-08-13 07:38:57 | INFO  | _client.py:_send_single_request:1740 | HTTP Request: POST http://prefect-server:4200/api/work_pools/smarthub-pool/get_scheduled_flow_runs \"HTTP/1.1 200 OK\""}
{"ts": "2026-08-13T07:39:08.008170354Z", "container": "prefect-worker", "msg": "2026-08-13 07:39:08 | INFO  | _client.py:_send_single_request:1740 | HTTP Request: POST http://prefect-server:4200/api/work_pools/smarthub-pool/get_scheduled_flow_runs \"HTTP/1.1 200 OK\""}
{"ts": "2026-08-13T07:39:17.338173813Z", "container": "prefect-worker", "msg": "2026-08-13 07:39:17 | INFO  | _client.py:_send_single_request:1740 | HTTP Request: POST http://prefect-server:4200/api/work_pools/smarthub-pool/get_scheduled_flow_runs \"HTTP/1.1 200 OK\""}
{"ts": "2026-08-13T07:39:28.696882798Z", "container": "prefect-worker", "msg": "2026-08-13 07:39:28 | INFO  | _client.py:_send_single_request:1740 | HTTP Request: POST http://prefect-server:4200/api/work_pools/smarthub-pool/get_scheduled_flow_runs \"HTTP/1.1 200 OK\""}
{"ts": "2026-08-13T07:39:36.286501403Z", "container": "prefect-worker", "msg": "2026-08-13 07:39:36 | INFO  | _client.py:_send_single_request:1740 | HTTP Request: POST http://prefect-server:4200/api/work_pools/smarthub-pool/get_scheduled_flow_runs \"HTTP/1.1 200 OK\""}
{"ts": "2026-08-13T07:39:44.112679141Z", "container": "prefect-worker", "msg": "2026-08-13 07:39:44 | INFO  | _client.py:_send_single_request:1740 | HTTP Request: POST http://prefect-server:4200/api/work_pools/smarthub-pool/get_scheduled_flow_runs \"HTTP/1.1 200 OK\""}
{"ts": "2026-08-13T07:39:55.112789492Z", "container": "prefect-worker", "msg": "2026-08-13 07:39:55 | INFO  | _client.py:_send_single_request:1740 | HTTP Request: POST http://prefect-server:4200/api/work_pools/smarthub-pool/get_scheduled_flow_runs \"HTTP/1.1 200 OK\""}
{"ts": "2026-08-13T07:40:04.881423354Z", "container": "prefect-worker", "msg": "2026-08-13 07:40:04 | INFO  | _client.py:_send_single_request:1740 | HTTP Request: POST http://prefect-server:4200/api/work_pools/smarthub-pool/get_scheduled_flow_runs \"HTTP/1.1 200 OK\""}
{"ts": "2026-08-13T07:40:16.473591398Z", "container": "prefect-worker", "msg": "2026-08-13 07:40:16 | INFO  | _client.py:_send_single_request:1740 | HTTP Request: POST http://prefect-server:4200/api/work_pools/smarthub-pool/get_scheduled_flow_runs \"HTTP/1.1 200 OK\""}
{"ts": "2026-08-13T07:40:25.835784566Z", "container": "prefect-worker", "msg": "2026-08-13 07:40:25 | INFO  | _client.py:_send_single_request:1740 | HTTP Request: POST http://prefect-server:4200/api/work_pools/smarthub-pool/get_scheduled_flow_runs \"HTTP/1.1 200 OK\""}
{"ts": "2026-08-13T07:40:37.118531154Z", "container": "prefect-worker", "msg": "2026-08-13 07:40:37 | INFO  | _client.py:_send_single_request:1740 | HTTP Request: POST http://prefect-server:4200/api/work_pools/smarthub-pool/get_scheduled_flow_runs \"HTTP/1.1 200 OK\""}
{"ts": "2026-08-13T07:40:46.159824392Z", "container": "prefect-worker", "msg": "2026-08-13 07:40:46 | INFO  | _client.py:_send_single_request:1740 | HTTP Request: POST http://prefect-server:4200/api/work_pools/smarthub-pool/get_scheduled_flow_runs \"HTTP/1.1 200 OK\""}
{"ts": "2026-08-13T07:40:55.333667917Z", "container": "prefect-worker", "msg": "2026-08-13 07:40:55 | INFO  | _client.py:_send_single_request:1740 | HTTP Request: POST http://prefect-server:4200/api/work_pools/smarthub-pool/get_scheduled_flow_runs \"HTTP/1.1 200 OK\""}
{"ts": "2026-08-13T07:41:06.454381078Z", "container": "prefect-worker", "msg": "2026-08-13 07:41:06 | INFO  | _client.py:_send_single_request:1740 | HTTP Request: POST http://prefect-server:4200/api/work_pools/smarthub-pool/get_scheduled_flow_runs \"HTTP/1.1 200 OK\""}
{"ts": "2026-08-13T07:41:17.673785180Z", "container": "prefect-worker", "msg": "2026-08-13 07:41:17 | INFO  | _client.py:_send_single_request:1740 | HTTP Request: POST http://prefect-server:4200/api/work_pools/smarthub-pool/get_scheduled_flow_runs \"HTTP/1.1 200 OK\""}
{"ts": "2026-08-13T07:41:26.316236977Z", "container": "prefect-worker", "msg": "2026-08-13 07:41:26 | INFO  | _client.py:_send_single_request:1740 | HTTP Request: POST http://prefect-server:4200/api/work_pools/smarthub-pool/get_scheduled_flow_runs \"HTTP/1.1 200 OK\""}
{"ts": "2026-08-13T07:41:36.711788006Z", "container": "prefect-worker", "msg": "2026-08-13 07:41:36 | INFO  | _client.py:_send_single_request:1740 | HTTP Request: POST http://prefect-server:4200/api/work_pools/smarthub-pool/get_scheduled_flow_runs \"HTTP/1.1 200 OK\""}
{"ts": "2026-08-13T07:41:44.393864999Z", "container": "prefect-worker", "msg": "2026-08-13 07:41:44 | INFO  | _client.py:_send_single_request:1740 | HTTP Request: POST http://prefect-server:4200/api/work_pools/smarthub-pool/get_scheduled_flow_runs \"HTTP/1.1 200 OK\""}
{"ts": "2026-08-13T07:41:56.479771335Z", "container": "prefect-worker", "msg": "2026-08-13 07:41:56 | INFO  | _client.py:_send_single_request:1740 | HTTP Request: POST http://prefect-server:4200/api/work_pools/smarthub-pool/get_scheduled_flow_runs \"HTTP/1.1 200 OK\""}
{"ts": "2026-08-13T07:42:05.041795149Z", "container": "prefect-worker", "msg": "2026-08-13 07:42:05 | INFO  | _client.py:_send_single_request:1740 | HTTP Request: POST http://prefect-server:4200/api/work_pools/smarthub-pool/get_scheduled_flow_runs \"HTTP/1.1 200 OK\""}
{"ts": "2026-08-13T07:42:16.830008044Z", "container": "prefect-worker", "msg": "2026-08-13 07:42:16 | INFO  | _client.py:_send_single_request:1740 | HTTP Request: POST http://prefect-server:4200/api/work_pools/smarthub-pool/get_scheduled_flow_runs \"HTTP/1.1 200 OK\""}
{"ts": "2026-08-13T07:42:27.299797286Z", "container": "prefect-worker", "msg": "2026-08-13 07:42:27 | INFO  | _client.py:_send_single_request:1740 | HTTP Request: POST http://prefect-server:4200/api/work_pools/smarthub-pool/get_scheduled_flow_runs \"HTTP/1.1 200 OK\""}
{"ts": "2026-08-13T07:42:40.123359204Z", "container": "prefect-worker", "msg": "2026-08-13 07:42:40 | INFO  | _client.py:_send_single_request:1740 | HTTP Request: POST http://prefect-server:4200/api/work_pools/smarthub-pool/get_scheduled_flow_runs \"HTTP/1.1 200 OK\""}
{"ts": "2026-08-13T07:42:49.629555250Z", "container": "prefect-worker", "msg": "2026-08-13 07:42:49 | INFO  | _client.py:_send_single_request:1740 | HTTP Request: POST http://prefect-server:4200/api/work_pools/smarthub-pool/get_scheduled_flow_runs \"HTTP/1.1 200 OK\""}
{"ts": "2026-08-13T07:43:01.648996228Z", "container": "prefect-worker", "msg": "2026-08-13 07:43:01 | INFO  | _client.py:_send_single_request:1740 | HTTP Request: POST http://prefect-server:4200/api/work_pools/smarthub-pool/get_scheduled_flow_runs \"HTTP/1.1 200 OK\""}
{"ts": "2026-08-13T07:43:11.675477667Z", "container": "prefect-worker", "msg": "2026-08-13 07:43:11 | INFO  | _client.py:_send_single_request:1740 | HTTP Request: POST http://prefect-server:4200/api/work_pools/smarthub-pool/get_scheduled_flow_runs \"HTTP/1.1 200 OK\""}
{"ts": "2026-08-13T07:43:22.878784247Z", "container": "prefect-worker", "msg": "2026-08-13 07:43:22 | INFO  | _client.py:_send_single_request:1740 | HTTP Request: POST http://prefect-server:4200/api/work_pools/smarthub-pool/get_scheduled_flow_runs \"HTTP/1.1 200 OK\""}
{"ts": "2026-08-13T07:43:30.970037670Z", "container": "prefect-worker", "msg": "2026-08-13 07:43:30 | INFO  | _client.py:_send_single_request:1740 | HTTP Request: POST http://prefect-server:4200/api/work_pools/smarthub-pool/get_scheduled_flow_runs \"HTTP/1.1 200 OK\""}
{"ts": "2026-08-13T07:43:39.994596104Z", "container": "prefect-worker", "msg": "2026-08-13 07:43:39 | INFO  | _client.py:_send_single_request:1740 | HTTP Request: POST http://prefect-server:4200/api/work_pools/smarthub-pool/get_scheduled_flow_runs \"HTTP/1.1 200 OK\""}
{"ts": "2026-08-13T07:43:49.692117840Z", "container": "prefect-worker", "msg": "2026-08-13 07:43:49 | INFO  | _client.py:_send_single_request:1740 | HTTP Request: POST http://prefect-server:4200/api/work_pools/smarthub-pool/get_scheduled_flow_runs \"HTTP/1.1 200 OK\""}
{"ts": "2026-08-13T07:44:00.589737228Z", "container": "prefect-worker", "msg": "2026-08-13 07:44:00 | INFO  | _client.py:_send_single_request:1740 | HTTP Request: POST http://prefect-server:4200/api/work_pools/smarthub-pool/get_scheduled_flow_runs \"HTTP/1.1 200 OK\""}
{"ts": "2026-08-13T07:44:09.790393465Z", "container": "prefect-worker", "msg": "2026-08-13 07:44:09 | INFO  | _client.py:_send_single_request:1740 | HTTP Request: POST http://prefect-server:4200/api/work_pools/smarthub-pool/get_scheduled_flow_runs \"HTTP/1.1 200 OK\""}
{"ts": "2026-08-13T07:44:17.999564853Z", "container": "prefect-worker", "msg": "2026-08-13 07:44:17 | INFO  | _client.py:_send_single_request:1740 | HTTP Request: POST http://prefect-server:4200/api/work_pools/smarthub-pool/get_scheduled_flow_runs \"HTTP/1.1 200 OK\""}
{"ts": "2026-08-13T07:44:27.268092338Z", "container": "prefect-worker", "msg": "2026-08-13 07:44:27 | INFO  | _client.py:_send_single_request:1740 | HTTP Request: POST http://prefect-server:4200/api/work_pools/smarthub-pool/get_scheduled_flow_runs \"HTTP/1.1 200 OK\""}
{"ts": "2026-08-13T07:44:37.621970597Z", "container": "prefect-worker", "msg": "2026-08-13 07:44:37 | INFO  | _client.py:_send_single_request:1740 | HTTP Request: POST http://prefect-server:4200/api/work_pools/smarthub-pool/get_scheduled_flow_runs \"HTTP/1.1 200 OK\""}
{"ts": "2026-08-13T07:44:49.622128252Z", "container": "prefect-worker", "msg": "2026-08-13 07:44:49 | INFO  | _client.py:_send_single_request:1740 | HTTP Request: POST http://prefect-server:4200/api/work_pools/smarthub-pool/get_scheduled_flow_runs \"HTTP/1.1 200 OK\""}
{"ts": "2026-08-13T07:45:00.261448144Z", "container": "prefect-worker", "msg": "2026-08-13 07:45:00 | INFO  | _client.py:_send_single_request:1740 | HTTP Request: POST http://prefect-server:4200/api/work_pools/smarthub-pool/get_scheduled_flow_runs \"HTTP/1.1 200 OK\""}
{"ts": "2026-08-13T07:45:10.987255205Z", "container": "prefect-worker", "msg": "2026-08-13 07:45:10 | INFO  | _client.py:_send_single_request:1740 | HTTP Request: POST http://prefect-server:4200/api/work_pools/smarthub-pool/get_scheduled_flow_runs \"HTTP/1.1 200 OK\""}
{"ts": "2026-08-13T07:45:18.992878581Z", "container": "prefect-worker", "msg": "2026-08-13 07:45:18 | INFO  | _client.py:_send_single_request:1740 | HTTP Request: POST http://prefect-server:4200/api/work_pools/smarthub-pool/get_scheduled_flow_runs \"HTTP/1.1 200 OK\""}
{"ts": "2026-08-13T07:45:26.545631198Z", "container": "prefect-worker", "msg": "2026-08-13 07:45:26 | INFO  | _client.py:_send_single_request:1740 | HTTP Request: POST http://prefect-server:4200/api/work_pools/smarthub-pool/get_scheduled_flow_runs \"HTTP/1.1 200 OK\""}
{"ts": "2026-08-13T07:45:36.878028550Z", "container": "prefect-worker", "msg": "2026-08-13 07:45:36 | INFO  | _client.py:_send_single_request:1740 | HTTP Request: POST http://prefect-server:4200/api/work_pools/smarthub-pool/get_scheduled_flow_runs \"HTTP/1.1 200 OK\""}
{"ts": "2026-08-13T07:45:46.849396104Z", "container": "prefect-worker", "msg": "2026-08-13 07:45:46 | INFO  | _client.py:_send_single_request:1740 | HTTP Request: POST http://prefect-server:4200/api/work_pools/smarthub-pool/get_scheduled_flow_runs \"HTTP/1.1 200 OK\""}
{"ts": "2026-08-13T07:45:47.777000568Z", "container": "prefect-worker", "msg": "Received SIGTERM. Sending SIGINT to the process worker (PID 7)..."}
{"ts": "2026-08-13T07:45:47.777107588Z", "container": "prefect-worker", "msg": "Received SIGINT. Sending SIGINT to the process worker (PID 7)..."}
{"ts": "2026-08-13T07:45:47.780761778Z", "container": "prefect-worker", "msg": "Worker 'ProcessWorker 9e49efa9-3aad-4589-82bf-b41ae7dfe57e' stopped!"}
{"ts": "2026-08-13T07:48:46.547389545Z", "container": "prefect-worker", "msg": "Waiting for Prefect API at http://prefect-server:4200/api ..."}
{"ts": "2026-08-13T07:48:48.134722641Z", "container": "prefect-worker", "msg": "Prefect API is up."}
{"ts": "2026-08-13T07:48:49.511940014Z", "container": "prefect-worker", "msg": "Work pool named 'smarthub-pool' already exists. Use --overwrite to update it."}
{"ts": "2026-08-13T07:48:50.682036117Z", "container": "prefect-worker", "msg": "Work queue with name: 'default' already exists."}
{"ts": "2026-08-13T07:48:51.692439957Z", "container": "prefect-worker", "msg": "Work queue with name: 'features' already exists."}
{"ts": "2026-08-13T07:48:52.729174508Z", "container": "prefect-worker", "msg": "Work queue with name: 'training' already exists."}
{"ts": "2026-08-13T07:48:52.855899217Z", "container": "prefect-worker", "msg": "Registering deployments from prefect.yaml ..."}
{"ts": "2026-08-13T07:48:54.284842712Z", "container": "prefect-worker", "msg": "Deploying all flows with an existing deployment configuration..."}
{"ts": "2026-08-13T07:48:54.285094354Z", "container": "prefect-worker", "msg": "╭──────────────────────────────────────────────────────────────────────────────╮"}
{"ts": "2026-08-13T07:48:54.285100014Z", "container": "prefect-worker", "msg": "│ Deploying data-pull                                                          │"}
{"ts": "2026-08-13T07:48:54.285103394Z", "container": "prefect-worker", "msg": "╰──────────────────────────────────────────────────────────────────────────────╯"}
{"ts": "2026-08-13T07:48:54.833465664Z", "container": "prefect-worker", "msg": "2026-08-13 07:48:54 | INFO  | _client.py:_send_single_request:1740 | HTTP Request: GET http://prefect-server:4200/api/work_pools/smarthub-pool \"HTTP/1.1 200 OK\""}
{"ts": "2026-08-13T07:48:54.838978017Z", "container": "prefect-worker", "msg": "2026-08-13 07:48:54 | INFO  | _client.py:_send_single_request:1740 | HTTP Request: GET http://prefect-server:4200/api/work_pools/smarthub-pool \"HTTP/1.1 200 OK\""}
{"ts": "2026-08-13T07:48:54.889189468Z", "container": "prefect-worker", "msg": "2026-08-13 07:48:54 | INFO  | _client.py:_send_single_request:1740 | HTTP Request: GET http://prefect-server:4200/api/deployments/name/smarthub-data-pull/data-pull \"HTTP/1.1 200 OK\""}
{"ts": "2026-08-13T07:48:54.912233371Z", "container": "prefect-worker", "msg": "2026-08-13 07:48:54 | INFO  | _client.py:_send_single_request:1740 | HTTP Request: GET http://prefect-server:4200/api/csrf-token?client=7333f8d6-4a91-401e-ae08-443a8675878b \"HTTP/1.1 422 Unprocessable Entity\""}
{"ts": "2026-08-13T07:48:55.002818413Z", "container": "prefect-worker", "msg": "2026-08-13 07:48:55 | INFO  | _client.py:_send_single_request:1740 | HTTP Request: PATCH http://prefect-server:4200/api/deployments/15dcce44-4b5f-4048-b854-eeba60c3b514 \"HTTP/1.1 204 No Content\""}
{"ts": "2026-08-13T07:48:55.026404111Z", "container": "prefect-worker", "msg": "2026-08-13 07:48:55 | INFO  | _client.py:_send_single_request:1740 | HTTP Request: DELETE http://prefect-server:4200/api/automations/owned-by/prefect.deployment.15dcce44-4b5f-4048-b854-eeba60c3b514 \"HTTP/1.1 202 Accepted\""}
{"ts": "2026-08-13T07:48:55.029081042Z", "container": "prefect-worker", "msg": "2026-08-13 07:48:55 | INFO  | _client.py:_send_single_request:1740 | HTTP Request: GET http://prefect-server:4200/api/csrf-token?client=8660a8ae-37ab-4628-8dd7-c5bb5678d6cf \"HTTP/1.1 422 Unprocessable Entity\""}
{"ts": "2026-08-13T07:48:55.032923723Z", "container": "prefect-worker", "msg": "2026-08-13 07:48:55 | INFO  | _client.py:_send_single_request:1740 | HTTP Request: DELETE http://prefect-server:4200/api/automations/owned-by/prefect.deployment.15dcce44-4b5f-4048-b854-eeba60c3b514 \"HTTP/1.1 202 Accepted\""}
{"ts": "2026-08-13T07:48:55.033679399Z", "container": "prefect-worker", "msg": "╭──────────────────────────────────────────────────────────────────────────────╮"}
{"ts": "2026-08-13T07:48:55.033698389Z", "container": "prefect-worker", "msg": "│ Deployment 'smarthub-data-pull/data-pull' successfully created with id       │"}
{"ts": "2026-08-13T07:48:55.033701959Z", "container": "prefect-worker", "msg": "│ '15dcce44-4b5f-4048-b854-eeba60c3b514'.                                      │"}
{"ts": "2026-08-13T07:48:55.033705099Z", "container": "prefect-worker", "msg": "╰──────────────────────────────────────────────────────────────────────────────╯"}
{"ts": "2026-08-13T07:48:55.033877900Z", "container": "prefect-worker", "msg": ""}
{"ts": "2026-08-13T07:48:55.033887160Z", "container": "prefect-worker", "msg": "View Deployment in UI: http://prefect-server:4200/deployments/deployment/15dcce44-4b5f-4048-b854-eeba60c3b514"}
{"ts": "2026-08-13T07:48:55.033890920Z", "container": "prefect-worker", "msg": ""}
{"ts": "2026-08-13T07:48:55.040393242Z", "container": "prefect-worker", "msg": "2026-08-13 07:48:55 | INFO  | _client.py:_send_single_request:1740 | HTTP Request: POST http://prefect-server:4200/api/work_pools/smarthub-pool/workers/filter \"HTTP/1.1 200 OK\""}
{"ts": "2026-08-13T07:48:55.040950597Z", "container": "prefect-worker", "msg": ""}
{"ts": "2026-08-13T07:48:55.040960327Z", "container": "prefect-worker", "msg": "To execute flow runs from these deployments, start a worker in a separate "}
{"ts": "2026-08-13T07:48:55.040963917Z", "container": "prefect-worker", "msg": "terminal that pulls work from the 'smarthub-pool' work pool:"}
{"ts": "2026-08-13T07:48:55.041183509Z", "container": "prefect-worker", "msg": ""}
{"ts": "2026-08-13T07:48:55.041187869Z", "container": "prefect-worker", "msg": "        $ prefect worker start --pool 'smarthub-pool'"}
{"ts": "2026-08-13T07:48:55.041326420Z", "container": "prefect-worker", "msg": ""}
{"ts": "2026-08-13T07:48:55.041332670Z", "container": "prefect-worker", "msg": "To schedule a run for this deployment, use the following command:"}
{"ts": "2026-08-13T07:48:55.041477531Z", "container": "prefect-worker", "msg": ""}
{"ts": "2026-08-13T07:48:55.041482461Z", "container": "prefect-worker", "msg": "        $ prefect deployment run 'smarthub-data-pull/data-pull'"}
{"ts": "2026-08-13T07:48:55.041485521Z", "container": "prefect-worker", "msg": ""}
{"ts": "2026-08-13T07:48:55.041647722Z", "container": "prefect-worker", "msg": "╭──────────────────────────────────────────────────────────────────────────────╮"}
{"ts": "2026-08-13T07:48:55.041654102Z", "container": "prefect-worker", "msg": "│ Deploying build-features                                                     │"}
{"ts": "2026-08-13T07:48:55.041657312Z", "container": "prefect-worker", "msg": "╰──────────────────────────────────────────────────────────────────────────────╯"}
{"ts": "2026-08-13T07:48:55.081027776Z", "container": "prefect-worker", "msg": "2026-08-13 07:48:55 | INFO  | _client.py:_send_single_request:1740 | HTTP Request: GET http://prefect-server:4200/api/work_pools/smarthub-pool \"HTTP/1.1 200 OK\""}
{"ts": "2026-08-13T07:48:55.084819976Z", "container": "prefect-worker", "msg": "2026-08-13 07:48:55 | INFO  | _client.py:_send_single_request:1740 | HTTP Request: GET http://prefect-server:4200/api/work_pools/smarthub-pool \"HTTP/1.1 200 OK\""}
{"ts": "2026-08-13T07:48:55.126722140Z", "container": "prefect-worker", "msg": "2026-08-13 07:48:55 | INFO  | _client.py:_send_single_request:1740 | HTTP Request: GET http://prefect-server:4200/api/deployments/name/smarthub-build-features/build-features \"HTTP/1.1 200 OK\""}
{"ts": "2026-08-13T07:48:55.142159653Z", "container": "prefect-worker", "msg": "2026-08-13 07:48:55 | INFO  | _client.py:_send_single_request:1740 | HTTP Request: GET http://prefect-server:4200/api/csrf-token?client=04f858db-d47c-41fe-a758-22ea82d2f6af \"HTTP/1.1 422 Unprocessable Entity\""}
{"ts": "2026-08-13T07:48:55.207382323Z", "container": "prefect-worker", "msg": "2026-08-13 07:48:55 | INFO  | _client.py:_send_single_request:1740 | HTTP Request: PATCH http://prefect-server:4200/api/deployments/8d536def-a82a-4c94-941b-14c2c0468511 \"HTTP/1.1 204 No Content\""}
{"ts": "2026-08-13T07:48:55.217173951Z", "container": "prefect-worker", "msg": "2026-08-13 07:48:55 | INFO  | _client.py:_send_single_request:1740 | HTTP Request: DELETE http://prefect-server:4200/api/automations/owned-by/prefect.deployment.8d536def-a82a-4c94-941b-14c2c0468511 \"HTTP/1.1 202 Accepted\""}
{"ts": "2026-08-13T07:48:55.220111324Z", "container": "prefect-worker", "msg": "2026-08-13 07:48:55 | INFO  | _client.py:_send_single_request:1740 | HTTP Request: GET http://prefect-server:4200/api/csrf-token?client=f75cae27-7fb3-41b8-96c1-332036af9847 \"HTTP/1.1 422 Unprocessable Entity\""}
{"ts": "2026-08-13T07:48:55.224994033Z", "container": "prefect-worker", "msg": "2026-08-13 07:48:55 | INFO  | _client.py:_send_single_request:1740 | HTTP Request: DELETE http://prefect-server:4200/api/automations/owned-by/prefect.deployment.8d536def-a82a-4c94-941b-14c2c0468511 \"HTTP/1.1 202 Accepted\""}
{"ts": "2026-08-13T07:48:55.225666889Z", "container": "prefect-worker", "msg": "╭──────────────────────────────────────────────────────────────────────────────╮"}
{"ts": "2026-08-13T07:48:55.225681039Z", "container": "prefect-worker", "msg": "│ Deployment 'smarthub-build-features/build-features' successfully created     │"}
{"ts": "2026-08-13T07:48:55.225684999Z", "container": "prefect-worker", "msg": "│ with id '8d536def-a82a-4c94-941b-14c2c0468511'.                              │"}
{"ts": "2026-08-13T07:48:55.225688289Z", "container": "prefect-worker", "msg": "╰──────────────────────────────────────────────────────────────────────────────╯"}
{"ts": "2026-08-13T07:48:55.225783710Z", "container": "prefect-worker", "msg": ""}
{"ts": "2026-08-13T07:48:55.225788170Z", "container": "prefect-worker", "msg": "View Deployment in UI: http://prefect-server:4200/deployments/deployment/8d536def-a82a-4c94-941b-14c2c0468511"}
{"ts": "2026-08-13T07:48:55.225791540Z", "container": "prefect-worker", "msg": ""}
{"ts": "2026-08-13T07:48:55.246221482Z", "container": "prefect-worker", "msg": "2026-08-13 07:48:55 | INFO  | _client.py:_send_single_request:1740 | HTTP Request: POST http://prefect-server:4200/api/work_pools/smarthub-pool/workers/filter \"HTTP/1.1 200 OK\""}
{"ts": "2026-08-13T07:48:55.248431410Z", "container": "prefect-worker", "msg": ""}
{"ts": "2026-08-13T07:48:55.248440730Z", "container": "prefect-worker", "msg": "To execute flow runs from these deployments, start a worker in a separate "}
{"ts": "2026-08-13T07:48:55.248444440Z", "container": "prefect-worker", "msg": "terminal that pulls work from the 'smarthub-pool' work pool:"}
{"ts": "2026-08-13T07:48:55.248591381Z", "container": "prefect-worker", "msg": ""}
{"ts": "2026-08-13T07:48:55.248597051Z", "container": "prefect-worker", "msg": "        $ prefect worker start --pool 'smarthub-pool'"}
{"ts": "2026-08-13T07:48:55.248709512Z", "container": "prefect-worker", "msg": ""}
{"ts": "2026-08-13T07:48:55.248715782Z", "container": "prefect-worker", "msg": "To schedule a run for this deployment, use the following command:"}
{"ts": "2026-08-13T07:48:55.248875224Z", "container": "prefect-worker", "msg": ""}
{"ts": "2026-08-13T07:48:55.248884754Z", "container": "prefect-worker", "msg": "        $ prefect deployment run 'smarthub-build-features/build-features'"}
{"ts": "2026-08-13T07:48:55.248888454Z", "container": "prefect-worker", "msg": ""}
{"ts": "2026-08-13T07:48:55.249097595Z", "container": "prefect-worker", "msg": "╭──────────────────────────────────────────────────────────────────────────────╮"}
{"ts": "2026-08-13T07:48:55.249103265Z", "container": "prefect-worker", "msg": "│ Deploying train-model                                                        │"}
{"ts": "2026-08-13T07:48:55.249115196Z", "container": "prefect-worker", "msg": "╰──────────────────────────────────────────────────────────────────────────────╯"}
{"ts": "2026-08-13T07:48:56.230002721Z", "container": "prefect-worker", "msg": "2026-08-13 07:48:56 | INFO  | font_manager.py:_load_fontmanager:1847 | generated new fontManager"}
{"ts": "2026-08-13T07:48:56.419329629Z", "container": "prefect-worker", "msg": "2026-08-13 07:48:56 | INFO  | _client.py:_send_single_request:1740 | HTTP Request: GET http://prefect-server:4200/api/work_pools/smarthub-pool \"HTTP/1.1 200 OK\""}
{"ts": "2026-08-13T07:48:56.423992036Z", "container": "prefect-worker", "msg": "2026-08-13 07:48:56 | INFO  | _client.py:_send_single_request:1740 | HTTP Request: GET http://prefect-server:4200/api/work_pools/smarthub-pool \"HTTP/1.1 200 OK\""}
{"ts": "2026-08-13T07:48:56.466856678Z", "container": "prefect-worker", "msg": "2026-08-13 07:48:56 | INFO  | _client.py:_send_single_request:1740 | HTTP Request: GET http://prefect-server:4200/api/deployments/name/smarthub-train-model/train-model \"HTTP/1.1 200 OK\""}
{"ts": "2026-08-13T07:48:56.482936706Z", "container": "prefect-worker", "msg": "2026-08-13 07:48:56 | INFO  | _client.py:_send_single_request:1740 | HTTP Request: GET http://prefect-server:4200/api/csrf-token?client=b8bc5a5e-0731-4d80-aa05-3da0246bd5c5 \"HTTP/1.1 422 Unprocessable Entity\""}
{"ts": "2026-08-13T07:48:56.548799121Z", "container": "prefect-worker", "msg": "2026-08-13 07:48:56 | INFO  | _client.py:_send_single_request:1740 | HTTP Request: PATCH http://prefect-server:4200/api/deployments/f2af7572-283e-43ab-bfa3-0ad7cee08503 \"HTTP/1.1 204 No Content\""}
{"ts": "2026-08-13T07:48:56.554522396Z", "container": "prefect-worker", "msg": "2026-08-13 07:48:56 | INFO  | _client.py:_send_single_request:1740 | HTTP Request: DELETE http://prefect-server:4200/api/automations/owned-by/prefect.deployment.f2af7572-283e-43ab-bfa3-0ad7cee08503 \"HTTP/1.1 202 Accepted\""}
{"ts": "2026-08-13T07:48:56.556786285Z", "container": "prefect-worker", "msg": "2026-08-13 07:48:56 | INFO  | _client.py:_send_single_request:1740 | HTTP Request: GET http://prefect-server:4200/api/csrf-token?client=3922e6af-9a5a-4aa8-89bd-c93130a81252 \"HTTP/1.1 422 Unprocessable Entity\""}
{"ts": "2026-08-13T07:48:56.560571185Z", "container": "prefect-worker", "msg": "2026-08-13 07:48:56 | INFO  | _client.py:_send_single_request:1740 | HTTP Request: DELETE http://prefect-server:4200/api/automations/owned-by/prefect.deployment.f2af7572-283e-43ab-bfa3-0ad7cee08503 \"HTTP/1.1 202 Accepted\""}
{"ts": "2026-08-13T07:48:56.561226530Z", "container": "prefect-worker", "msg": "╭──────────────────────────────────────────────────────────────────────────────╮"}
{"ts": "2026-08-13T07:48:56.561237840Z", "container": "prefect-worker", "msg": "│ Deployment 'smarthub-train-model/train-model' successfully created with id   │"}
{"ts": "2026-08-13T07:48:56.561241880Z", "container": "prefect-worker", "msg": "│ 'f2af7572-283e-43ab-bfa3-0ad7cee08503'.                                      │"}
{"ts": "2026-08-13T07:48:56.561245460Z", "container": "prefect-worker", "msg": "╰──────────────────────────────────────────────────────────────────────────────╯"}
{"ts": "2026-08-13T07:48:56.561343591Z", "container": "prefect-worker", "msg": ""}
{"ts": "2026-08-13T07:48:56.561351561Z", "container": "prefect-worker", "msg": "View Deployment in UI: http://prefect-server:4200/deployments/deployment/f2af7572-283e-43ab-bfa3-0ad7cee08503"}
{"ts": "2026-08-13T07:48:56.561354791Z", "container": "prefect-worker", "msg": ""}
{"ts": "2026-08-13T07:48:56.571518862Z", "container": "prefect-worker", "msg": "2026-08-13 07:48:56 | INFO  | _client.py:_send_single_request:1740 | HTTP Request: POST http://prefect-server:4200/api/work_pools/smarthub-pool/workers/filter \"HTTP/1.1 200 OK\""}
{"ts": "2026-08-13T07:48:56.572059246Z", "container": "prefect-worker", "msg": ""}
{"ts": "2026-08-13T07:48:56.572068096Z", "container": "prefect-worker", "msg": "To execute flow runs from these deployments, start a worker in a separate "}
{"ts": "2026-08-13T07:48:56.572071786Z", "container": "prefect-worker", "msg": "terminal that pulls work from the 'smarthub-pool' work pool:"}
{"ts": "2026-08-13T07:48:56.572221197Z", "container": "prefect-worker", "msg": ""}
{"ts": "2026-08-13T07:48:56.572226537Z", "container": "prefect-worker", "msg": "        $ prefect worker start --pool 'smarthub-pool'"}
{"ts": "2026-08-13T07:48:56.572333438Z", "container": "prefect-worker", "msg": ""}
{"ts": "2026-08-13T07:48:56.572339518Z", "container": "prefect-worker", "msg": "To schedule a run for this deployment, use the following command:"}
{"ts": "2026-08-13T07:48:56.572487160Z", "container": "prefect-worker", "msg": ""}
{"ts": "2026-08-13T07:48:56.572497780Z", "container": "prefect-worker", "msg": "        $ prefect deployment run 'smarthub-train-model/train-model'"}
{"ts": "2026-08-13T07:48:56.572501700Z", "container": "prefect-worker", "msg": ""}
{"ts": "2026-08-13T07:48:57.192139757Z", "container": "prefect-worker", "msg": "Starting worker on pool='smarthub-pool' queues='default features training' ..."}
{"ts": "2026-08-13T07:48:58.529926055Z", "container": "prefect-worker", "msg": "Discovered type 'process' for work pool 'smarthub-pool'."}
{"ts": "2026-08-13T07:48:58.866424337Z", "container": "prefect-worker", "msg": "Worker 'ProcessWorker d6e49fde-20e2-482d-8f69-6ce424489964' started!"}
{"ts": "2026-08-13T07:59:53.925919685Z", "container": "prefect-worker", "msg": "07:59:53.923 | INFO    | prefect.flow_runs.worker - Worker 'ProcessWorker d6e49fde-20e2-482d-8f69-6ce424489964' submitting flow run '019ffa18-774b-78e3-ab7e-de1762339721'"}
{"ts": "2026-08-13T07:59:54.281182457Z", "container": "prefect-worker", "msg": "07:59:54.280 | INFO    | prefect.flow_runs.runner - Starting flow run process..."}
{"ts": "2026-08-13T07:59:54.308012020Z", "container": "prefect-worker", "msg": "07:59:54.307 | INFO    | prefect.flow_runs.worker - Flow run 'colossal-axolotl' submitted to infrastructure"}
{"ts": "2026-08-13T07:59:55.511104338Z", "container": "prefect-worker", "msg": "07:59:55.504 | INFO    | Flow run 'colossal-axolotl' - Running 1 deployment pull step(s)"}
{"ts": "2026-08-13T07:59:55.533421266Z", "container": "prefect-worker", "msg": "07:59:55.532 | INFO    | Flow run 'colossal-axolotl' - Executing deployment step: set_working_directory"}
{"ts": "2026-08-13T07:59:55.545230430Z", "container": "prefect-worker", "msg": "07:59:55.544 | INFO    | Flow run 'colossal-axolotl' - Deployment step 'set_working_directory' completed successfully"}
{"ts": "2026-08-13T07:59:55.560551372Z", "container": "prefect-worker", "msg": "07:59:55.559 | INFO    | Flow run 'colossal-axolotl' - All deployment steps completed successfully"}
{"ts": "2026-08-13T07:59:55.712564033Z", "container": "prefect-worker", "msg": "Received SIGTERM. Sending SIGINT to the process worker (PID 7)..."}
{"ts": "2026-08-13T07:59:55.712680144Z", "container": "prefect-worker", "msg": "Received SIGINT. Sending SIGINT to the process worker (PID 7)..."}
{"ts": "2026-08-13T07:59:55.726626325Z", "container": "prefect-worker", "msg": "Worker 'ProcessWorker d6e49fde-20e2-482d-8f69-6ce424489964' stopped!"}
{"ts": "2026-08-13T08:00:08.459896678Z", "container": "prefect-worker", "msg": "Prefect API is up."}
{"ts": "2026-08-13T08:00:09.825552260Z", "container": "prefect-worker", "msg": "Work pool named 'smarthub-pool' already exists. Use --overwrite to update it."}
{"ts": "2026-08-13T08:00:10.945924209Z", "container": "prefect-worker", "msg": "Work queue with name: 'default' already exists."}
{"ts": "2026-08-13T08:00:11.954619867Z", "container": "prefect-worker", "msg": "Work queue with name: 'features' already exists."}
{"ts": "2026-08-13T08:00:12.981493160Z", "container": "prefect-worker", "msg": "Work queue with name: 'training' already exists."}
{"ts": "2026-08-13T08:00:13.137564684Z", "container": "prefect-worker", "msg": "Registering deployments from prefect.yaml ..."}
{"ts": "2026-08-13T08:00:14.559097403Z", "container": "prefect-worker", "msg": "Deploying all flows with an existing deployment configuration..."}
{"ts": "2026-08-13T08:00:14.559381985Z", "container": "prefect-worker", "msg": "╭──────────────────────────────────────────────────────────────────────────────╮"}
{"ts": "2026-08-13T08:00:14.559388595Z", "container": "prefect-worker", "msg": "│ Deploying data-pull                                                          │"}
{"ts": "2026-08-13T08:00:14.559391965Z", "container": "prefect-worker", "msg": "╰──────────────────────────────────────────────────────────────────────────────╯"}
{"ts": "2026-08-13T08:00:15.103432781Z", "container": "prefect-worker", "msg": "2026-08-13 08:00:15 | INFO  | _client.py:_send_single_request:1740 | HTTP Request: GET http://prefect-server:4200/api/work_pools/smarthub-pool \"HTTP/1.1 200 OK\""}
{"ts": "2026-08-13T08:00:15.108859474Z", "container": "prefect-worker", "msg": "2026-08-13 08:00:15 | INFO  | _client.py:_send_single_request:1740 | HTTP Request: GET http://prefect-server:4200/api/work_pools/smarthub-pool \"HTTP/1.1 200 OK\""}
{"ts": "2026-08-13T08:00:15.154493727Z", "container": "prefect-worker", "msg": "2026-08-13 08:00:15 | INFO  | _client.py:_send_single_request:1740 | HTTP Request: GET http://prefect-server:4200/api/deployments/name/smarthub-data-pull/data-pull \"HTTP/1.1 200 OK\""}
{"ts": "2026-08-13T08:00:15.177963994Z", "container": "prefect-worker", "msg": "2026-08-13 08:00:15 | INFO  | _client.py:_send_single_request:1740 | HTTP Request: GET http://prefect-server:4200/api/csrf-token?client=494421ee-90fd-4457-b4e5-bf3ed890ef5f \"HTTP/1.1 422 Unprocessable Entity\""}
{"ts": "2026-08-13T08:00:15.235636104Z", "container": "prefect-worker", "msg": "2026-08-13 08:00:15 | INFO  | _client.py:_send_single_request:1740 | HTTP Request: PATCH http://prefect-server:4200/api/deployments/15dcce44-4b5f-4048-b854-eeba60c3b514 \"HTTP/1.1 204 No Content\""}
{"ts": "2026-08-13T08:00:15.240146560Z", "container": "prefect-worker", "msg": "2026-08-13 08:00:15 | INFO  | _client.py:_send_single_request:1740 | HTTP Request: DELETE http://prefect-server:4200/api/automations/owned-by/prefect.deployment.15dcce44-4b5f-4048-b854-eeba60c3b514 \"HTTP/1.1 202 Accepted\""}
{"ts": "2026-08-13T08:00:15.242336857Z", "container": "prefect-worker", "msg": "2026-08-13 08:00:15 | INFO  | _client.py:_send_single_request:1740 | HTTP Request: GET http://prefect-server:4200/api/csrf-token?client=514324fb-6250-44c1-be2f-c83159b1346e \"HTTP/1.1 422 Unprocessable Entity\""}
{"ts": "2026-08-13T08:00:15.245921536Z", "container": "prefect-worker", "msg": "2026-08-13 08:00:15 | INFO  | _client.py:_send_single_request:1740 | HTTP Request: DELETE http://prefect-server:4200/api/automations/owned-by/prefect.deployment.15dcce44-4b5f-4048-b854-eeba60c3b514 \"HTTP/1.1 202 Accepted\""}
{"ts": "2026-08-13T08:00:15.246649932Z", "container": "prefect-worker", "msg": "╭──────────────────────────────────────────────────────────────────────────────╮"}
{"ts": "2026-08-13T08:00:15.246669502Z", "container": "prefect-worker", "msg": "│ Deployment 'smarthub-data-pull/data-pull' successfully created with id       │"}
{"ts": "2026-08-13T08:00:15.246673442Z", "container": "prefect-worker", "msg": "│ '15dcce44-4b5f-4048-b854-eeba60c3b514'.                                      │"}
{"ts": "2026-08-13T08:00:15.246676792Z", "container": "prefect-worker", "msg": "╰──────────────────────────────────────────────────────────────────────────────╯"}
{"ts": "2026-08-13T08:00:15.246844254Z", "container": "prefect-worker", "msg": ""}
{"ts": "2026-08-13T08:00:15.246852504Z", "container": "prefect-worker", "msg": "View Deployment in UI: http://prefect-server:4200/deployments/deployment/15dcce44-4b5f-4048-b854-eeba60c3b514"}
{"ts": "2026-08-13T08:00:15.246856244Z", "container": "prefect-worker", "msg": ""}
{"ts": "2026-08-13T08:00:15.251798923Z", "container": "prefect-worker", "msg": "2026-08-13 08:00:15 | INFO  | _client.py:_send_single_request:1740 | HTTP Request: POST http://prefect-server:4200/api/work_pools/smarthub-pool/workers/filter \"HTTP/1.1 200 OK\""}
{"ts": "2026-08-13T08:00:15.252805431Z", "container": "prefect-worker", "msg": ""}
{"ts": "2026-08-13T08:00:15.252811171Z", "container": "prefect-worker", "msg": "To schedule a run for this deployment, use the following command:"}
{"ts": "2026-08-13T08:00:15.253035362Z", "container": "prefect-worker", "msg": ""}
{"ts": "2026-08-13T08:00:15.253044223Z", "container": "prefect-worker", "msg": "        $ prefect deployment run 'smarthub-data-pull/data-pull'"}
{"ts": "2026-08-13T08:00:15.253047903Z", "container": "prefect-worker", "msg": ""}
{"ts": "2026-08-13T08:00:15.253210584Z", "container": "prefect-worker", "msg": "╭──────────────────────────────────────────────────────────────────────────────╮"}
{"ts": "2026-08-13T08:00:15.253217294Z", "container": "prefect-worker", "msg": "│ Deploying build-features                                                     │"}
{"ts": "2026-08-13T08:00:15.253220714Z", "container": "prefect-worker", "msg": "╰──────────────────────────────────────────────────────────────────────────────╯"}
{"ts": "2026-08-13T08:00:15.292008773Z", "container": "prefect-worker", "msg": "2026-08-13 08:00:15 | INFO  | _client.py:_send_single_request:1740 | HTTP Request: GET http://prefect-server:4200/api/work_pools/smarthub-pool \"HTTP/1.1 200 OK\""}
{"ts": "2026-08-13T08:00:15.295659842Z", "container": "prefect-worker", "msg": "2026-08-13 08:00:15 | INFO  | _client.py:_send_single_request:1740 | HTTP Request: GET http://prefect-server:4200/api/work_pools/smarthub-pool \"HTTP/1.1 200 OK\""}
{"ts": "2026-08-13T08:00:15.337681727Z", "container": "prefect-worker", "msg": "2026-08-13 08:00:15 | INFO  | _client.py:_send_single_request:1740 | HTTP Request: GET http://prefect-server:4200/api/deployments/name/smarthub-build-features/build-features \"HTTP/1.1 200 OK\""}
{"ts": "2026-08-13T08:00:15.353646904Z", "container": "prefect-worker", "msg": "2026-08-13 08:00:15 | INFO  | _client.py:_send_single_request:1740 | HTTP Request: GET http://prefect-server:4200/api/csrf-token?client=43f207ae-7356-42d0-9214-02ebc4bf8a3a \"HTTP/1.1 422 Unprocessable Entity\""}
{"ts": "2026-08-13T08:00:15.411644947Z", "container": "prefect-worker", "msg": "2026-08-13 08:00:15 | INFO  | _client.py:_send_single_request:1740 | HTTP Request: PATCH http://prefect-server:4200/api/deployments/8d536def-a82a-4c94-941b-14c2c0468511 \"HTTP/1.1 204 No Content\""}
{"ts": "2026-08-13T08:00:15.416185813Z", "container": "prefect-worker", "msg": "2026-08-13 08:00:15 | INFO  | _client.py:_send_single_request:1740 | HTTP Request: DELETE http://prefect-server:4200/api/automations/owned-by/prefect.deployment.8d536def-a82a-4c94-941b-14c2c0468511 \"HTTP/1.1 202 Accepted\""}
{"ts": "2026-08-13T08:00:15.418467071Z", "container": "prefect-worker", "msg": "2026-08-13 08:00:15 | INFO  | _client.py:_send_single_request:1740 | HTTP Request: GET http://prefect-server:4200/api/csrf-token?client=be31139f-7d9a-4b24-8062-6a03471ab21b \"HTTP/1.1 422 Unprocessable Entity\""}
{"ts": "2026-08-13T08:00:15.421894458Z", "container": "prefect-worker", "msg": "2026-08-13 08:00:15 | INFO  | _client.py:_send_single_request:1740 | HTTP Request: DELETE http://prefect-server:4200/api/automations/owned-by/prefect.deployment.8d536def-a82a-4c94-941b-14c2c0468511 \"HTTP/1.1 202 Accepted\""}
{"ts": "2026-08-13T08:00:15.422546773Z", "container": "prefect-worker", "msg": "╭──────────────────────────────────────────────────────────────────────────────╮"}
{"ts": "2026-08-13T08:00:15.422556763Z", "container": "prefect-worker", "msg": "│ Deployment 'smarthub-build-features/build-features' successfully created     │"}
{"ts": "2026-08-13T08:00:15.422560423Z", "container": "prefect-worker", "msg": "│ with id '8d536def-a82a-4c94-941b-14c2c0468511'.                              │"}
{"ts": "2026-08-13T08:00:15.422563574Z", "container": "prefect-worker", "msg": "╰──────────────────────────────────────────────────────────────────────────────╯"}
{"ts": "2026-08-13T08:00:15.422664574Z", "container": "prefect-worker", "msg": ""}
{"ts": "2026-08-13T08:00:15.422673584Z", "container": "prefect-worker", "msg": "View Deployment in UI: http://prefect-server:4200/deployments/deployment/8d536def-a82a-4c94-941b-14c2c0468511"}
{"ts": "2026-08-13T08:00:15.422677394Z", "container": "prefect-worker", "msg": ""}
{"ts": "2026-08-13T08:00:15.426686456Z", "container": "prefect-worker", "msg": "2026-08-13 08:00:15 | INFO  | _client.py:_send_single_request:1740 | HTTP Request: POST http://prefect-server:4200/api/work_pools/smarthub-pool/workers/filter \"HTTP/1.1 200 OK\""}
{"ts": "2026-08-13T08:00:15.427224991Z", "container": "prefect-worker", "msg": ""}
{"ts": "2026-08-13T08:00:15.427236051Z", "container": "prefect-worker", "msg": "To schedule a run for this deployment, use the following command:"}
{"ts": "2026-08-13T08:00:15.427421102Z", "container": "prefect-worker", "msg": ""}
{"ts": "2026-08-13T08:00:15.427427782Z", "container": "prefect-worker", "msg": "        $ prefect deployment run 'smarthub-build-features/build-features'"}
{"ts": "2026-08-13T08:00:15.427431042Z", "container": "prefect-worker", "msg": ""}
{"ts": "2026-08-13T08:00:15.427636124Z", "container": "prefect-worker", "msg": "╭──────────────────────────────────────────────────────────────────────────────╮"}
{"ts": "2026-08-13T08:00:15.427642034Z", "container": "prefect-worker", "msg": "│ Deploying train-model                                                        │"}
{"ts": "2026-08-13T08:00:15.427645214Z", "container": "prefect-worker", "msg": "╰──────────────────────────────────────────────────────────────────────────────╯"}
{"ts": "2026-08-13T08:00:16.404160276Z", "container": "prefect-worker", "msg": "2026-08-13 08:00:16 | INFO  | font_manager.py:_load_fontmanager:1847 | generated new fontManager"}
{"ts": "2026-08-13T08:00:16.593074522Z", "container": "prefect-worker", "msg": "2026-08-13 08:00:16 | INFO  | _client.py:_send_single_request:1740 | HTTP Request: GET http://prefect-server:4200/api/work_pools/smarthub-pool \"HTTP/1.1 200 OK\""}
{"ts": "2026-08-13T08:00:16.596826612Z", "container": "prefect-worker", "msg": "2026-08-13 08:00:16 | INFO  | _client.py:_send_single_request:1740 | HTTP Request: GET http://prefect-server:4200/api/work_pools/smarthub-pool \"HTTP/1.1 200 OK\""}
{"ts": "2026-08-13T08:00:16.638338602Z", "container": "prefect-worker", "msg": "2026-08-13 08:00:16 | INFO  | _client.py:_send_single_request:1740 | HTTP Request: GET http://prefect-server:4200/api/deployments/name/smarthub-train-model/train-model \"HTTP/1.1 200 OK\""}
{"ts": "2026-08-13T08:00:16.653990047Z", "container": "prefect-worker", "msg": "2026-08-13 08:00:16 | INFO  | _client.py:_send_single_request:1740 | HTTP Request: GET http://prefect-server:4200/api/csrf-token?client=cfa2a2b2-1a8a-4a3a-8103-7216a9629c8b \"HTTP/1.1 422 Unprocessable Entity\""}
{"ts": "2026-08-13T08:00:16.710370056Z", "container": "prefect-worker", "msg": "2026-08-13 08:00:16 | INFO  | _client.py:_send_single_request:1740 | HTTP Request: PATCH http://prefect-server:4200/api/deployments/f2af7572-283e-43ab-bfa3-0ad7cee08503 \"HTTP/1.1 204 No Content\""}
{"ts": "2026-08-13T08:00:16.714697971Z", "container": "prefect-worker", "msg": "2026-08-13 08:00:16 | INFO  | _client.py:_send_single_request:1740 | HTTP Request: DELETE http://prefect-server:4200/api/automations/owned-by/prefect.deployment.f2af7572-283e-43ab-bfa3-0ad7cee08503 \"HTTP/1.1 202 Accepted\""}
{"ts": "2026-08-13T08:00:16.716713367Z", "container": "prefect-worker", "msg": "2026-08-13 08:00:16 | INFO  | _client.py:_send_single_request:1740 | HTTP Request: GET http://prefect-server:4200/api/csrf-token?client=6eb3f62c-ae6a-4521-8d14-a881298231d5 \"HTTP/1.1 422 Unprocessable Entity\""}
{"ts": "2026-08-13T08:00:16.719985053Z", "container": "prefect-worker", "msg": "2026-08-13 08:00:16 | INFO  | _client.py:_send_single_request:1740 | HTTP Request: DELETE http://prefect-server:4200/api/automations/owned-by/prefect.deployment.f2af7572-283e-43ab-bfa3-0ad7cee08503 \"HTTP/1.1 202 Accepted\""}
{"ts": "2026-08-13T08:00:16.720613048Z", "container": "prefect-worker", "msg": "╭──────────────────────────────────────────────────────────────────────────────╮"}
{"ts": "2026-08-13T08:00:16.720619658Z", "container": "prefect-worker", "msg": "│ Deployment 'smarthub-train-model/train-model' successfully created with id   │"}
{"ts": "2026-08-13T08:00:16.720623128Z", "container": "prefect-worker", "msg": "│ 'f2af7572-283e-43ab-bfa3-0ad7cee08503'.                                      │"}
{"ts": "2026-08-13T08:00:16.720626328Z", "container": "prefect-worker", "msg": "╰──────────────────────────────────────────────────────────────────────────────╯"}
{"ts": "2026-08-13T08:00:16.720731049Z", "container": "prefect-worker", "msg": ""}
{"ts": "2026-08-13T08:00:16.720740479Z", "container": "prefect-worker", "msg": "View Deployment in UI: http://prefect-server:4200/deployments/deployment/f2af7572-283e-43ab-bfa3-0ad7cee08503"}
{"ts": "2026-08-13T08:00:16.720744109Z", "container": "prefect-worker", "msg": ""}
{"ts": "2026-08-13T08:00:16.724778541Z", "container": "prefect-worker", "msg": "2026-08-13 08:00:16 | INFO  | _client.py:_send_single_request:1740 | HTTP Request: POST http://prefect-server:4200/api/work_pools/smarthub-pool/workers/filter \"HTTP/1.1 200 OK\""}
{"ts": "2026-08-13T08:00:16.725309515Z", "container": "prefect-worker", "msg": ""}
{"ts": "2026-08-13T08:00:16.725326435Z", "container": "prefect-worker", "msg": "To schedule a run for this deployment, use the following command:"}
{"ts": "2026-08-13T08:00:16.725487287Z", "container": "prefect-worker", "msg": ""}
{"ts": "2026-08-13T08:00:16.725493217Z", "container": "prefect-worker", "msg": "        $ prefect deployment run 'smarthub-train-model/train-model'"}
{"ts": "2026-08-13T08:00:16.725496557Z", "container": "prefect-worker", "msg": ""}
{"ts": "2026-08-13T08:00:17.329912473Z", "container": "prefect-worker", "msg": "Starting worker on pool='smarthub-pool' queues='default features training' ..."}
{"ts": "2026-08-13T08:00:18.707504301Z", "container": "prefect-worker", "msg": "Discovered type 'process' for work pool 'smarthub-pool'."}
{"ts": "2026-08-13T08:00:19.012385111Z", "container": "prefect-worker", "msg": "Worker 'ProcessWorker 913b37e1-de0e-4973-8eeb-baef1047de2f' started!"}
{"ts": "2026-08-13T08:02:10.557075425Z", "container": "prefect-worker", "msg": "08:02:10.553 | INFO    | prefect.flow_runs.worker - Worker 'ProcessWorker 913b37e1-de0e-4973-8eeb-baef1047de2f' submitting flow run '99a9b088-3922-4a3c-beb6-a876ca82ee21'"}
{"ts": "2026-08-13T08:02:10.886140275Z", "container": "prefect-worker", "msg": "08:02:10.885 | INFO    | prefect.flow_runs.runner - Starting flow run process..."}
{"ts": "2026-08-13T08:02:10.910925194Z", "container": "prefect-worker", "msg": "08:02:10.910 | INFO    | prefect.flow_runs.worker - Flow run 'xi5-nyota' submitted to infrastructure"}
{"ts": "2026-08-13T08:02:12.070093464Z", "container": "prefect-worker", "msg": "08:02:12.064 | INFO    | Flow run 'xi5-nyota' - Running 1 deployment pull step(s)"}
{"ts": "2026-08-13T08:02:12.089599200Z", "container": "prefect-worker", "msg": "08:02:12.088 | INFO    | Flow run 'xi5-nyota' - Executing deployment step: set_working_directory"}
{"ts": "2026-08-13T08:02:12.101082462Z", "container": "prefect-worker", "msg": "08:02:12.100 | INFO    | Flow run 'xi5-nyota' - Deployment step 'set_working_directory' completed successfully"}
{"ts": "2026-08-13T08:02:12.114198698Z", "container": "prefect-worker", "msg": "08:02:12.113 | INFO    | Flow run 'xi5-nyota' - All deployment steps completed successfully"}
{"ts": "2026-08-13T08:02:13.205190921Z", "container": "prefect-worker", "msg": "2026-08-13 08:02:13 | INFO  | _client.py:_send_single_request:1025 | HTTP Request: GET http://prefect-server:4200/api/admin/version \"HTTP/1.1 200 OK\""}
{"ts": "2026-08-13T08:02:13.208460747Z", "container": "prefect-worker", "msg": "2026-08-13 08:02:13 | INFO  | _client.py:_send_single_request:1025 | HTTP Request: GET http://prefect-server:4200/api/csrf-token?client=67a94d83-f166-403d-8fb0-f4199ad71c6d \"HTTP/1.1 422 Unprocessable Entity\""}
{"ts": "2026-08-13T08:02:13.213442367Z", "container": "prefect-worker", "msg": "2026-08-13 08:02:13 | INFO  | _client.py:_send_single_request:1025 | HTTP Request: PATCH http://prefect-server:4200/api/flow_runs/99a9b088-3922-4a3c-beb6-a876ca82ee21 \"HTTP/1.1 204 No Content\""}
{"ts": "2026-08-13T08:02:13.231723424Z", "container": "prefect-worker", "msg": "2026-08-13 08:02:13 | INFO  | _client.py:_send_single_request:1740 | HTTP Request: GET http://prefect-server:4200/api/flow_runs/99a9b088-3922-4a3c-beb6-a876ca82ee21 \"HTTP/1.1 200 OK\""}
{"ts": "2026-08-13T08:02:13.246040538Z", "container": "prefect-worker", "msg": "2026-08-13 08:02:13 | INFO  | _client.py:_send_single_request:1025 | HTTP Request: POST http://prefect-server:4200/api/flow_runs/99a9b088-3922-4a3c-beb6-a876ca82ee21/set_state \"HTTP/1.1 201 Created\""}
{"ts": "2026-08-13T08:02:13.251413472Z", "container": "prefect-worker", "msg": "2026-08-13 08:02:13 | INFO  | _client.py:_send_single_request:1025 | HTTP Request: GET http://prefect-server:4200/api/flow_runs/99a9b088-3922-4a3c-beb6-a876ca82ee21 \"HTTP/1.1 200 OK\""}
{"ts": "2026-08-13T08:02:13.256401662Z", "container": "prefect-worker", "msg": "2026-08-13 08:02:13 | INFO  | _client.py:_send_single_request:1025 | HTTP Request: GET http://prefect-server:4200/api/admin/storage \"HTTP/1.1 200 OK\""}
{"ts": "2026-08-13T08:02:13.259234105Z", "container": "prefect-worker", "msg": "2026-08-13 08:02:13 | INFO  | _client.py:_send_single_request:1025 | HTTP Request: GET http://prefect-server:4200/api/admin/storage \"HTTP/1.1 200 OK\""}
{"ts": "2026-08-13T08:02:13.259740749Z", "container": "prefect-worker", "msg": "2026-08-13 08:02:13 | INFO  | flow_engine.py:setup_run_context:1133 | Beginning flow run 'xi5-nyota' for flow 'smarthub-train-model'"}
{"ts": "2026-08-13T08:02:13.260257703Z", "container": "prefect-worker", "msg": "2026-08-13 08:02:13 | INFO  | flow_engine.py:setup_run_context:1138 | View at http://prefect-server:4200/runs/flow-run/99a9b088-3922-4a3c-beb6-a876ca82ee21"}
{"ts": "2026-08-13T08:02:13.261482293Z", "container": "prefect-worker", "msg": "2026-08-13 08:02:13 | INFO  | flow.py:train_flow:105 | STEP 3 train-model starting: lead_type=auto (6), version=latest, mlflow=True"}
{"ts": "2026-08-13T08:02:13.286111030Z", "container": "prefect-worker", "msg": "2026-08-13 08:02:13 | INFO  | train.py:run_training:177 | Loading training table for lead_type=auto (6)"}
{"ts": "2026-08-13T08:02:13.291418123Z", "container": "prefect-worker", "msg": "2026-08-13 08:02:13 | INFO  | _client.py:_send_single_request:1740 | HTTP Request: GET http://prefect-server:4200/api/flows/b482d204-61dd-4cd6-bc87-1c0295ffdd50 \"HTTP/1.1 200 OK\""}
{"ts": "2026-08-13T08:02:13.298692481Z", "container": "prefect-worker", "msg": "2026-08-13 08:02:13 | INFO  | _client.py:_send_single_request:1740 | HTTP Request: GET http://prefect-server:4200/api/work_queues/1359b356-bb73-44da-ae82-6233613dd549 \"HTTP/1.1 200 OK\""}
{"ts": "2026-08-13T08:02:13.299706179Z", "container": "prefect-worker", "msg": "2026-08-13 08:02:13 | INFO  | _client.py:_send_single_request:1740 | HTTP Request: GET http://prefect-server:4200/api/deployments/f2af7572-283e-43ab-bfa3-0ad7cee08503 \"HTTP/1.1 200 OK\""}
{"ts": "2026-08-13T08:02:13.300685497Z", "container": "prefect-worker", "msg": "2026-08-13 08:02:13 | INFO  | _client.py:_send_single_request:1740 | HTTP Request: GET http://prefect-server:4200/api/work_pools/smarthub-pool \"HTTP/1.1 200 OK\""}
{"ts": "2026-08-13T08:02:14.167383781Z", "container": "prefect-worker", "msg": "2026-08-13 08:02:14 | INFO  | _client.py:_send_single_request:1740 | HTTP Request: GET http://prefect-server:4200/api/csrf-token?client=99648c06-aeb0-4435-a047-499bb7b7b1fe \"HTTP/1.1 422 Unprocessable Entity\""}
{"ts": "2026-08-13T08:02:14.224875302Z", "container": "prefect-worker", "msg": "2026-08-13 08:02:14 | INFO  | _client.py:_send_single_request:1740 | HTTP Request: POST http://prefect-server:4200/api/logs/ \"HTTP/1.1 201 Created\""}
{"ts": "2026-08-13T08:02:15.259040170Z", "container": "prefect-worker", "msg": "2026-08-13 08:02:15 | INFO  | train.py:run_training:189 | Dataset Prepared"}
{"ts": "2026-08-13T08:02:15.259307672Z", "container": "prefect-worker", "msg": "2026-08-13 08:02:15 | INFO  | train.py:run_training:190 |   Training rows                         : 515,012"}
{"ts": "2026-08-13T08:02:15.259450863Z", "container": "prefect-worker", "msg": "2026-08-13 08:02:15 | INFO  | train.py:run_training:194 |   Dropped rows                          : 0"}
{"ts": "2026-08-13T08:02:15.259463693Z", "container": "prefect-worker", "msg": "2026-08-13 08:02:15 | INFO  | train.py:run_training:198 |   Win rate                              : 0.3503"}
{"ts": "2026-08-13T08:02:15.259467803Z", "container": "prefect-worker", "msg": "2026-08-13 08:02:15 | INFO  | train.py:run_training:202 |   Feature count                         : 17 numeric, 6 categorical"}
{"ts": "2026-08-13T08:02:15.259680145Z", "container": "prefect-worker", "msg": "2026-08-13 08:02:15 | INFO  | train.py:run_training:207 |   Missing feature columns               : none"}
{"ts": "2026-08-13T08:02:15.375240492Z", "container": "prefect-worker", "msg": "2026-08-13 08:02:15 | INFO  | train.py:run_training:235 | Cleaning Data"}
{"ts": "2026-08-13T08:02:15.375481734Z", "container": "prefect-worker", "msg": "2026-08-13 08:02:15 | INFO  | train.py:run_training:236 |   Dropped zero-variance features        : 6"}
{"ts": "2026-08-13T08:02:15.375497304Z", "container": "prefect-worker", "msg": "2026-08-13 08:02:15 | INFO  | train.py:run_training:240 |   Zero-variance feature names           : military_affiliation, insured, num_auto_accidents, home_owner, dui, sr22_required"}
{"ts": "2026-08-13T08:02:15.375501484Z", "container": "prefect-worker", "msg": "2026-08-13 08:02:15 | INFO  | train.py:run_training:246 | Feature columns: ['bid', 'age', 'continuous_coverage_months', 'created_hour', 'created_dayofweek', 'is_workday', 'is_married', 'num_vehicles', 'num_drivers', 'num_auto_violations', 'multi_vehicle', 'age_cohort', 'state', 'gender', 'marital_status', 'campaign_id', 'traffic_tier']"}
{"ts": "2026-08-13T08:02:20.442358307Z", "container": "prefect-worker", "msg": "2026-08-13 08:02:20 | INFO  | plots_and_reports.py:log_training_data_summary:210 | Dataset Summary"}
{"ts": "2026-08-13T08:02:20.442623509Z", "container": "prefect-worker", "msg": "2026-08-13 08:02:20 | INFO  | plots_and_reports.py:log_training_data_summary:211 |   Total rows                            : 515,012"}
{"ts": "2026-08-13T08:02:20.443831739Z", "container": "prefect-worker", "msg": "2026-08-13 08:02:20 | INFO  | plots_and_reports.py:log_training_data_summary:216 |   Target win rate                       : 0.3503"}
{"ts": "2026-08-13T08:02:20.444166082Z", "container": "prefect-worker", "msg": "2026-08-13 08:02:20 | INFO  | plots_and_reports.py:log_training_data_summary:221 |   Features summarized                   : 17"}
{"ts": "2026-08-13T08:02:20.444298513Z", "container": "prefect-worker", "msg": "2026-08-13 08:02:20 | INFO  | plots_and_reports.py:log_training_data_summary:225 |   Features with missing values          : 0"}
{"ts": "2026-08-13T08:02:20.444311283Z", "container": "prefect-worker", "msg": "2026-08-13 08:02:20 | INFO  | plots_and_reports.py:log_training_data_summary:229 |   Total missing feature values          : 0"}
{"ts": "2026-08-13T08:02:20.444769496Z", "container": "prefect-worker", "msg": "2026-08-13 08:02:20 | INFO  | plots_and_reports.py:log_training_data_summary:249 |   Feature-value count rows saved        : 148"}
{"ts": "2026-08-13T08:02:20.463621327Z", "container": "prefect-worker", "msg": "2026-08-13 08:02:20 | INFO  | train.py:run_training:272 | Train/Test Split"}
{"ts": "2026-08-13T08:02:20.463816379Z", "container": "prefect-worker", "msg": "2026-08-13 08:02:20 | INFO  | train.py:run_training:273 |   Train rows                            : 412,010"}
{"ts": "2026-08-13T08:02:20.463825429Z", "container": "prefect-worker", "msg": "2026-08-13 08:02:20 | INFO  | train.py:run_training:277 |   Test rows                             : 103,002"}
{"ts": "2026-08-13T08:02:20.463828929Z", "container": "prefect-worker", "msg": "2026-08-13 08:02:20 | INFO  | train.py:run_training:281 |   Split method                          : time"}
{"ts": "2026-08-13T08:02:20.463832509Z", "container": "prefect-worker", "msg": "2026-08-13 08:02:20 | INFO  | train.py:run_training:285 |   Test fraction                         : 0.20"}
{"ts": "2026-08-13T08:02:20.464656275Z", "container": "prefect-worker", "msg": "2026-08-13 08:02:20 | INFO  | train.py:run_training:294 |   Train date range                      : 2026-07-23 04:14:53.209935 → 2026-08-09 14:05:07.683701"}
{"ts": "2026-08-13T08:02:20.464985208Z", "container": "prefect-worker", "msg": "2026-08-13 08:02:20 | INFO  | train.py:run_training:299 |   Test date range                       : 2026-08-09 14:05:07.697683 → 2026-08-13 03:59:29.015703"}
{"ts": "2026-08-13T08:02:20.465145619Z", "container": "prefect-worker", "msg": "2026-08-13 08:02:20 | INFO  | train.py:run_training:304 |   Test rows by weekday"}
{"ts": "2026-08-13T08:02:20.480536202Z", "container": "prefect-worker", "msg": "2026-08-13 08:02:20 | INFO  | train.py:run_training:308 |     Monday     : 32,484"}
{"ts": "2026-08-13T08:02:20.480719423Z", "container": "prefect-worker", "msg": "2026-08-13 08:02:20 | INFO  | train.py:run_training:308 |     Sunday     : 7,667"}
{"ts": "2026-08-13T08:02:20.480728673Z", "container": "prefect-worker", "msg": "2026-08-13 08:02:20 | INFO  | train.py:run_training:308 |     Thursday   : 2,974"}
{"ts": "2026-08-13T08:02:20.480732443Z", "container": "prefect-worker", "msg": "2026-08-13 08:02:20 | INFO  | train.py:run_training:308 |     Tuesday    : 28,536"}
{"ts": "2026-08-13T08:02:20.480735673Z", "container": "prefect-worker", "msg": "2026-08-13 08:02:20 | INFO  | train.py:run_training:308 |     Wednesday  : 31,341"}
{"ts": "2026-08-13T08:02:20.480987335Z", "container": "prefect-worker", "msg": "2026-08-13 08:02:20 | INFO  | train.py:run_training:314 | Training Model"}
{"ts": "2026-08-13T08:02:20.480997996Z", "container": "prefect-worker", "msg": "2026-08-13 08:02:20 | INFO  | train.py:run_training:315 |   Model type                            : lightgbm"}
{"ts": "2026-08-13T08:02:20.483023572Z", "container": "prefect-worker", "msg": "2026-08-13 08:02:20 | INFO  | train.py:run_training:316 |   Calibration enabled                   : False"}
{"ts": "2026-08-13T08:02:26.521312613Z", "container": "prefect-worker", "msg": "2026-08-13 08:02:26 | INFO  | train.py:run_training:332 | Evaluating Model"}
{"ts": "2026-08-13T08:02:28.316145966Z", "container": "prefect-worker", "msg": "2026-08-13 08:02:28 | INFO  | optimizer.py:score_recommended_bids:277 | Optimizing bids for 103,002 rows in chunks of 500"}
{"ts": "2026-08-13T08:02:34.553816974Z", "container": "prefect-worker", "msg": "2026-08-13 08:02:34 | INFO  | optimizer.py:score_recommended_bids:296 | Optimized 5,000 / 103,002 rows"}
{"ts": "2026-08-13T08:02:40.816916142Z", "container": "prefect-worker", "msg": "2026-08-13 08:02:40 | INFO  | optimizer.py:score_recommended_bids:296 | Optimized 10,000 / 103,002 rows"}
{"ts": "2026-08-13T08:02:47.608249050Z", "container": "prefect-worker", "msg": "2026-08-13 08:02:47 | INFO  | optimizer.py:score_recommended_bids:296 | Optimized 15,000 / 103,002 rows"}
{"ts": "2026-08-13T08:02:54.414758118Z", "container": "prefect-worker", "msg": "2026-08-13 08:02:54 | INFO  | optimizer.py:score_recommended_bids:296 | Optimized 20,000 / 103,002 rows"}
{"ts": "2026-08-13T08:03:01.223372259Z", "container": "prefect-worker", "msg": "2026-08-13 08:03:01 | INFO  | optimizer.py:score_recommended_bids:296 | Optimized 25,000 / 103,002 rows"}
{"ts": "2026-08-13T08:03:08.036668128Z", "container": "prefect-worker", "msg": "2026-08-13 08:03:08 | INFO  | optimizer.py:score_recommended_bids:296 | Optimized 30,000 / 103,002 rows"}
{"ts": "2026-08-13T08:03:14.709341376Z", "container": "prefect-worker", "msg": "2026-08-13 08:03:14 | INFO  | optimizer.py:score_recommended_bids:296 | Optimized 35,000 / 103,002 rows"}
{"ts": "2026-08-13T08:03:21.131867598Z", "container": "prefect-worker", "msg": "2026-08-13 08:03:21 | INFO  | optimizer.py:score_recommended_bids:296 | Optimized 40,000 / 103,002 rows"}
{"ts": "2026-08-13T08:03:27.823259625Z", "container": "prefect-worker", "msg": "2026-08-13 08:03:27 | INFO  | optimizer.py:score_recommended_bids:296 | Optimized 45,000 / 103,002 rows"}
{"ts": "2026-08-13T08:03:34.800430207Z", "container": "prefect-worker", "msg": "2026-08-13 08:03:34 | INFO  | optimizer.py:score_recommended_bids:296 | Optimized 50,000 / 103,002 rows"}
{"ts": "2026-08-13T08:03:41.780929240Z", "container": "prefect-worker", "msg": "2026-08-13 08:03:41 | INFO  | optimizer.py:score_recommended_bids:296 | Optimized 55,000 / 103,002 rows"}
{"ts": "2026-08-13T08:03:48.508457630Z", "container": "prefect-worker", "msg": "2026-08-13 08:03:48 | INFO  | optimizer.py:score_recommended_bids:296 | Optimized 60,000 / 103,002 rows"}
{"ts": "2026-08-13T08:03:55.301532663Z", "container": "prefect-worker", "msg": "2026-08-13 08:03:55 | INFO  | optimizer.py:score_recommended_bids:296 | Optimized 65,000 / 103,002 rows"}
{"ts": "2026-08-13T08:04:01.944080384Z", "container": "prefect-worker", "msg": "2026-08-13 08:04:01 | INFO  | optimizer.py:score_recommended_bids:296 | Optimized 70,000 / 103,002 rows"}
{"ts": "2026-08-13T08:04:08.568297399Z", "container": "prefect-worker", "msg": "2026-08-13 08:04:08 | INFO  | optimizer.py:score_recommended_bids:296 | Optimized 75,000 / 103,002 rows"}
{"ts": "2026-08-13T08:04:15.517885682Z", "container": "prefect-worker", "msg": "2026-08-13 08:04:15 | INFO  | optimizer.py:score_recommended_bids:296 | Optimized 80,000 / 103,002 rows"}
{"ts": "2026-08-13T08:04:22.507983472Z", "container": "prefect-worker", "msg": "2026-08-13 08:04:22 | INFO  | optimizer.py:score_recommended_bids:296 | Optimized 85,000 / 103,002 rows"}
{"ts": "2026-08-13T08:04:29.348121317Z", "container": "prefect-worker", "msg": "2026-08-13 08:04:29 | INFO  | optimizer.py:score_recommended_bids:296 | Optimized 90,000 / 103,002 rows"}
{"ts": "2026-08-13T08:04:36.061994357Z", "container": "prefect-worker", "msg": "2026-08-13 08:04:36 | INFO  | optimizer.py:score_recommended_bids:296 | Optimized 95,000 / 103,002 rows"}
{"ts": "2026-08-13T08:04:42.709912040Z", "container": "prefect-worker", "msg": "2026-08-13 08:04:42 | INFO  | optimizer.py:score_recommended_bids:296 | Optimized 100,000 / 103,002 rows"}
{"ts": "2026-08-13T08:04:46.578869563Z", "container": "prefect-worker", "msg": "2026-08-13 08:04:46 | INFO  | optimizer.py:score_recommended_bids:296 | Optimized 103,002 / 103,002 rows"}
{"ts": "2026-08-13T08:04:46.624072563Z", "container": "prefect-worker", "msg": "2026-08-13 08:04:46 | INFO  | optimizer_evaluation.py:log_summary:209 | Bid Optimizer Evaluation"}
{"ts": "2026-08-13T08:04:46.624302055Z", "container": "prefect-worker", "msg": "2026-08-13 08:04:46 | INFO  | optimizer_evaluation.py:log_summary:210 |   Rows evaluated                     : 102,995"}
{"ts": "2026-08-13T08:04:46.624312585Z", "container": "prefect-worker", "msg": "2026-08-13 08:04:46 | INFO  | optimizer_evaluation.py:log_summary:213 |   Target CM                          : 25.00%"}
{"ts": "2026-08-13T08:04:46.624316335Z", "container": "prefect-worker", "msg": "2026-08-13 08:04:46 | INFO  | optimizer_evaluation.py:log_summary:216 |   Expected profit, current/recommended: 389239.1797 / 553326.7980"}
{"ts": "2026-08-13T08:04:46.624319695Z", "container": "prefect-worker", "msg": "2026-08-13 08:04:46 | INFO  | optimizer_evaluation.py:log_summary:221 |   Expected profit lift               : 164087.6182 (42.16%)"}
{"ts": "2026-08-13T08:04:46.624332135Z", "container": "prefect-worker", "msg": "2026-08-13 08:04:46 | INFO  | optimizer_evaluation.py:log_summary:226 |   Avg predicted win rate, current/reco: 0.3224 / 0.3879"}
{"ts": "2026-08-13T08:04:46.624335265Z", "container": "prefect-worker", "msg": "2026-08-13 08:04:46 | INFO  | optimizer_evaluation.py:log_summary:231 |   Bid increased/decreased/unchanged  : 51.59% / 47.74% / 0.67%"}
{"ts": "2026-08-13T08:04:46.624764289Z", "container": "prefect-worker", "msg": "2026-08-13 08:04:46 | INFO  | optimizer_evaluation.py:log_summary:237 |   Avg / median bid change            : 0.5702 / 0.1000"}
{"ts": "2026-08-13T08:04:46.624782179Z", "container": "prefect-worker", "msg": "2026-08-13 08:04:46 | INFO  | optimizer_evaluation.py:log_summary:242 |   Avg recommended CM if won           : 0.5894"}
{"ts": "2026-08-13T08:04:46.624786309Z", "container": "prefect-worker", "msg": "2026-08-13 08:04:46 | INFO  | metrics.py:log_model_evaluation:130 | Model Evaluation"}
{"ts": "2026-08-13T08:04:46.624789639Z", "container": "prefect-worker", "msg": "2026-08-13 08:04:46 | INFO  | metrics.py:log_model_evaluation:131 |   Rows trained                       : 515,012"}
{"ts": "2026-08-13T08:04:46.624792719Z", "container": "prefect-worker", "msg": "2026-08-13 08:04:46 | INFO  | metrics.py:log_model_evaluation:132 |   Train / test rows                  : 412,010 / 103,002"}
{"ts": "2026-08-13T08:04:46.624795759Z", "container": "prefect-worker", "msg": "2026-08-13 08:04:46 | INFO  | metrics.py:log_model_evaluation:137 |   ROC AUC                            : 0.9164"}
{"ts": "2026-08-13T08:04:46.624798819Z", "container": "prefect-worker", "msg": "2026-08-13 08:04:46 | INFO  | metrics.py:log_model_evaluation:138 |   PR AUC                             : 0.8465"}
{"ts": "2026-08-13T08:04:46.624801879Z", "container": "prefect-worker", "msg": "2026-08-13 08:04:46 | INFO  | metrics.py:log_model_evaluation:139 |   Log loss                           : 0.3284"}
{"ts": "2026-08-13T08:04:46.624804969Z", "container": "prefect-worker", "msg": "2026-08-13 08:04:46 | INFO  | metrics.py:log_model_evaluation:140 |   Brier score                        : 0.1081"}
{"ts": "2026-08-13T08:04:46.624808049Z", "container": "prefect-worker", "msg": "2026-08-13 08:04:46 | INFO  | metrics.py:log_model_evaluation:144 |   Accuracy / precision / recall / F1 / F2: 0.8393 / 0.7612 / 0.7175 / 0.7387 / 0.7258"}
{"ts": "2026-08-13T08:04:46.624811219Z", "container": "prefect-worker", "msg": "2026-08-13 08:04:46 | INFO  | metrics.py:log_model_evaluation:152 |   Calibration error                  : 0.0058"}
{"ts": "2026-08-13T08:04:46.624814479Z", "container": "prefect-worker", "msg": "2026-08-13 08:04:46 | INFO  | metrics.py:log_model_evaluation:156 | Business Metrics"}
{"ts": "2026-08-13T08:04:46.624817479Z", "container": "prefect-worker", "msg": "2026-08-13 08:04:46 | INFO  | metrics.py:log_model_evaluation:157 |   Observed win rate                  : 0.3165"}
{"ts": "2026-08-13T08:04:46.624820549Z", "container": "prefect-worker", "msg": "2026-08-13 08:04:46 | INFO  | metrics.py:log_model_evaluation:161 |   Predicted win rate, current bids   : 0.3224"}
{"ts": "2026-08-13T08:04:46.625021771Z", "container": "prefect-worker", "msg": "2026-08-13 08:04:46 | INFO  | metrics.py:log_model_evaluation:165 |   Predicted win rate, recommended    : 0.3879"}
{"ts": "2026-08-13T08:04:46.625029761Z", "container": "prefect-worker", "msg": "2026-08-13 08:04:46 | INFO  | train.py:run_training:380 | Saving Reports"}
{"ts": "2026-08-13T08:04:48.097488783Z", "container": "prefect-worker", "msg": "2026-08-13 08:04:48 | INFO  | train.py:run_training:415 | Lineage: model=lightgbm trained on table version 2026-08-13T043007Z (data 2026-07-23 04:14:53.209935 → 2026-08-13 03:59:29.015703, 515012 source rows)"}
{"ts": "2026-08-13T08:04:49.732374260Z", "container": "prefect-worker", "msg": "2026-08-13 08:04:49 | INFO  | plots_and_reports.py:log_saved_report_files:666 | Saved Training Reports"}
{"ts": "2026-08-13T08:04:49.732549461Z", "container": "prefect-worker", "msg": "2026-08-13 08:04:49 | INFO  | plots_and_reports.py:log_saved_report_files:667 |   Report directory                      : /app/data/model_evaluations/auto"}
{"ts": "2026-08-13T08:04:49.732898604Z", "container": "prefect-worker", "msg": "2026-08-13 08:04:49 | INFO  | plots_and_reports.py:log_saved_report_files:668 |   Files generated                       : 13"}
{"ts": "2026-08-13T08:04:49.732919264Z", "container": "prefect-worker", "msg": "2026-08-13 08:04:49 | INFO  | plots_and_reports.py:log_saved_report_files:670 |     /app/data/model_evaluations/auto/feature_summary.csv"}
{"ts": "2026-08-13T08:04:49.732923284Z", "container": "prefect-worker", "msg": "2026-08-13 08:04:49 | INFO  | plots_and_reports.py:log_saved_report_files:670 |     /app/data/model_evaluations/auto/feature_value_counts.csv"}
{"ts": "2026-08-13T08:04:49.732926614Z", "container": "prefect-worker", "msg": "2026-08-13 08:04:49 | INFO  | plots_and_reports.py:log_saved_report_files:670 |     /app/data/model_evaluations/auto/roc_curve.png"}
{"ts": "2026-08-13T08:04:49.732929704Z", "container": "prefect-worker", "msg": "2026-08-13 08:04:49 | INFO  | plots_and_reports.py:log_saved_report_files:670 |     /app/data/model_evaluations/auto/precision_recall_curve.png"}
{"ts": "2026-08-13T08:04:49.732932704Z", "container": "prefect-worker", "msg": "2026-08-13 08:04:49 | INFO  | plots_and_reports.py:log_saved_report_files:670 |     /app/data/model_evaluations/auto/calibration_curve.png"}
{"ts": "2026-08-13T08:04:49.732935674Z", "container": "prefect-worker", "msg": "2026-08-13 08:04:49 | INFO  | plots_and_reports.py:log_saved_report_files:670 |     /app/data/model_evaluations/auto/probability_histogram.png"}
{"ts": "2026-08-13T08:04:49.733117836Z", "container": "prefect-worker", "msg": "2026-08-13 08:04:49 | INFO  | plots_and_reports.py:log_saved_report_files:670 |     /app/data/model_evaluations/auto/confusion_matrix.png"}
{"ts": "2026-08-13T08:04:49.733130486Z", "container": "prefect-worker", "msg": "2026-08-13 08:04:49 | INFO  | plots_and_reports.py:log_saved_report_files:670 |     /app/data/model_evaluations/auto/model_evaluation_summary.json"}
{"ts": "2026-08-13T08:04:49.733134596Z", "container": "prefect-worker", "msg": "2026-08-13 08:04:49 | INFO  | plots_and_reports.py:log_saved_report_files:670 |     /app/data/model_evaluations/auto/optimizer_expected_profit_lift.png"}
{"ts": "2026-08-13T08:04:49.733138166Z", "container": "prefect-worker", "msg": "2026-08-13 08:04:49 | INFO  | plots_and_reports.py:log_saved_report_files:670 |     /app/data/model_evaluations/auto/recommended_bid_change.png"}
{"ts": "2026-08-13T08:04:49.733141316Z", "container": "prefect-worker", "msg": "2026-08-13 08:04:49 | INFO  | plots_and_reports.py:log_saved_report_files:670 |     /app/data/model_evaluations/auto/recommended_cm_distribution.png"}
{"ts": "2026-08-13T08:04:49.733144446Z", "container": "prefect-worker", "msg": "2026-08-13 08:04:49 | INFO  | plots_and_reports.py:log_saved_report_files:670 |     /app/data/model_evaluations/auto/current_vs_recommended_win_rate.png"}
{"ts": "2026-08-13T08:04:49.733147486Z", "container": "prefect-worker", "msg": "2026-08-13 08:04:49 | INFO  | plots_and_reports.py:log_saved_report_files:670 |     /app/data/model_evaluations/auto/bid_optimizer_test_rows.csv"}
{"ts": "2026-08-13T08:04:49.833946530Z", "container": "prefect-worker", "msg": "2026-08-13 08:04:49 | INFO  | credentials.py:load:1252 | Found credentials in environment variables."}
{"ts": "2026-08-13T08:04:51.969846002Z", "container": "prefect-worker", "msg": "2026-08-13 08:04:51 | INFO  | optimizer.py:score_recommended_bids:277 | Optimizing bids for 103,002 rows in chunks of 500"}
{"ts": "2026-08-13T08:04:58.385019190Z", "container": "prefect-worker", "msg": "2026-08-13 08:04:58 | INFO  | optimizer.py:score_recommended_bids:296 | Optimized 5,000 / 103,002 rows"}
{"ts": "2026-08-13T08:05:04.774419690Z", "container": "prefect-worker", "msg": "2026-08-13 08:05:04 | INFO  | optimizer.py:score_recommended_bids:296 | Optimized 10,000 / 103,002 rows"}
{"ts": "2026-08-13T08:05:11.774784671Z", "container": "prefect-worker", "msg": "2026-08-13 08:05:11 | INFO  | optimizer.py:score_recommended_bids:296 | Optimized 15,000 / 103,002 rows"}
{"ts": "2026-08-13T08:05:18.753518910Z", "container": "prefect-worker", "msg": "2026-08-13 08:05:18 | INFO  | optimizer.py:score_recommended_bids:296 | Optimized 20,000 / 103,002 rows"}
{"ts": "2026-08-13T08:05:25.746266271Z", "container": "prefect-worker", "msg": "2026-08-13 08:05:25 | INFO  | optimizer.py:score_recommended_bids:296 | Optimized 25,000 / 103,002 rows"}
{"ts": "2026-08-13T08:05:32.726183933Z", "container": "prefect-worker", "msg": "2026-08-13 08:05:32 | INFO  | optimizer.py:score_recommended_bids:296 | Optimized 30,000 / 103,002 rows"}
{"ts": "2026-08-13T08:05:39.521733098Z", "container": "prefect-worker", "msg": "2026-08-13 08:05:39 | INFO  | optimizer.py:score_recommended_bids:296 | Optimized 35,000 / 103,002 rows"}
{"ts": "2026-08-13T08:05:46.306707978Z", "container": "prefect-worker", "msg": "2026-08-13 08:05:46 | INFO  | optimizer.py:score_recommended_bids:296 | Optimized 40,000 / 103,002 rows"}
{"ts": "2026-08-13T08:05:53.199507103Z", "container": "prefect-worker", "msg": "2026-08-13 08:05:53 | INFO  | optimizer.py:score_recommended_bids:296 | Optimized 45,000 / 103,002 rows"}
{"ts": "2026-08-13T08:06:00.328674106Z", "container": "prefect-worker", "msg": "2026-08-13 08:06:00 | INFO  | optimizer.py:score_recommended_bids:296 | Optimized 50,000 / 103,002 rows"}
{"ts": "2026-08-13T08:06:07.467399173Z", "container": "prefect-worker", "msg": "2026-08-13 08:06:07 | INFO  | optimizer.py:score_recommended_bids:296 | Optimized 55,000 / 103,002 rows"}
{"ts": "2026-08-13T08:06:14.491122730Z", "container": "prefect-worker", "msg": "2026-08-13 08:06:14 | INFO  | optimizer.py:score_recommended_bids:296 | Optimized 60,000 / 103,002 rows"}
{"ts": "2026-08-13T08:06:21.431918544Z", "container": "prefect-worker", "msg": "2026-08-13 08:06:21 | INFO  | optimizer.py:score_recommended_bids:296 | Optimized 65,000 / 103,002 rows"}
{"ts": "2026-08-13T08:06:28.227816641Z", "container": "prefect-worker", "msg": "2026-08-13 08:06:28 | INFO  | optimizer.py:score_recommended_bids:296 | Optimized 70,000 / 103,002 rows"}
{"ts": "2026-08-13T08:06:35.258960686Z", "container": "prefect-worker", "msg": "2026-08-13 08:06:35 | INFO  | optimizer.py:score_recommended_bids:296 | Optimized 75,000 / 103,002 rows"}
{"ts": "2026-08-13T08:06:42.374371106Z", "container": "prefect-worker", "msg": "2026-08-13 08:06:42 | INFO  | optimizer.py:score_recommended_bids:296 | Optimized 80,000 / 103,002 rows"}
{"ts": "2026-08-13T08:06:49.590454548Z", "container": "prefect-worker", "msg": "2026-08-13 08:06:49 | INFO  | optimizer.py:score_recommended_bids:296 | Optimized 85,000 / 103,002 rows"}
{"ts": "2026-08-13T08:06:56.739843027Z", "container": "prefect-worker", "msg": "2026-08-13 08:06:56 | INFO  | optimizer.py:score_recommended_bids:296 | Optimized 90,000 / 103,002 rows"}
{"ts": "2026-08-13T08:07:03.623457692Z", "container": "prefect-worker", "msg": "2026-08-13 08:07:03 | INFO  | optimizer.py:score_recommended_bids:296 | Optimized 95,000 / 103,002 rows"}
{"ts": "2026-08-13T08:07:10.442486416Z", "container": "prefect-worker", "msg": "2026-08-13 08:07:10 | INFO  | optimizer.py:score_recommended_bids:296 | Optimized 100,000 / 103,002 rows"}
{"ts": "2026-08-13T08:07:14.383541037Z", "container": "prefect-worker", "msg": "2026-08-13 08:07:14 | INFO  | optimizer.py:score_recommended_bids:296 | Optimized 103,002 / 103,002 rows"}
{"ts": "2026-08-13T08:07:14.428743048Z", "container": "prefect-worker", "msg": "2026-08-13 08:07:14 | INFO  | train.py:_evaluate_currently_serving_model:838 | Currently-serving model (run_20260811T123939Z_b577139e) re-scored on this test set: log loss=0.4019, PR AUC=0.7783"}
{"ts": "2026-08-13T08:07:14.432957712Z", "container": "prefect-worker", "msg": "2026-08-13 08:07:14 | INFO  | train.py:run_training:497 | Promotion Evaluation"}
{"ts": "2026-08-13T08:07:14.433293445Z", "container": "prefect-worker", "msg": "2026-08-13 08:07:14 | INFO  | train.py:run_training:498 |   Mode                                  : automatic"}
{"ts": "2026-08-13T08:07:14.433303315Z", "container": "prefect-worker", "msg": "2026-08-13 08:07:14 | INFO  | train.py:run_training:499 |   Policy recommendation                 : NOT ELIGIBLE"}
{"ts": "2026-08-13T08:07:14.433451816Z", "container": "prefect-worker", "msg": "2026-08-13 08:07:14 | INFO  | train.py:run_training:503 |   Reason                                : Challenger expected profit (553326.80) is below 95% of the currently-serving model's (602515.90) on the same held-out rows."}
{"ts": "2026-08-13T08:07:14.696637249Z", "container": "prefect-worker", "msg": "2026-08-13 08:07:14 | INFO  | training_artifacts.py:save_comparison_artifacts:60 | Prepared Model Comparison Artifacts"}
{"ts": "2026-08-13T08:07:14.696844201Z", "container": "prefect-worker", "msg": "2026-08-13 08:07:14 | INFO  | training_artifacts.py:save_comparison_artifacts:61 |   Evaluation dataset                    : /tmp/smarthub_model_comparison_6hqz3brt/evaluation_dataset.parquet"}
{"ts": "2026-08-13T08:07:14.696861431Z", "container": "prefect-worker", "msg": "2026-08-13 08:07:14 | INFO  | training_artifacts.py:save_comparison_artifacts:62 |   Optimizer results                     : /tmp/smarthub_model_comparison_6hqz3brt/optimizer_results.parquet"}
{"ts": "2026-08-13T08:07:14.696865721Z", "container": "prefect-worker", "msg": "2026-08-13 08:07:14 | INFO  | training_artifacts.py:save_comparison_artifacts:63 |   Metadata                              : /tmp/smarthub_model_comparison_6hqz3brt/evaluation_metadata.json"}
{"ts": "2026-08-13T08:07:14.696869091Z", "container": "prefect-worker", "msg": "2026-08-13 08:07:14 | INFO  | train.py:run_training:575 | Saved training run run_20260813T080714Z_161ca090 → /app/data/models/auto/run_20260813T080714Z_161ca090.pkl"}
{"ts": "2026-08-13T08:07:14.696872791Z", "container": "prefect-worker", "msg": "2026-08-13 08:07:14 | WARNING | train.py:run_training:610 | Training run run_20260813T080714Z_161ca090 is not eligible for automatic promotion; currently-serving model remains unchanged."}
{"ts": "2026-08-13T08:07:16.375676276Z", "container": "prefect-worker", "msg": "2026/08/13 08:07:16 WARNING mlflow.sklearn: Saving scikit-learn models in the pickle or cloudpickle format requires exercising caution because these formats rely on Python's object serialization mechanism, which can execute arbitrary code during deserialization. The recommended safe alternative is the 'skops' format. For more information, see: https://scikit-learn.org/stable/model_persistence.html"}
{"ts": "2026-08-13T08:07:19.383752212Z", "container": "prefect-worker", "msg": "2026-08-13 08:07:19 | INFO  | train.py:run_training:686 | Logged run 'run_20260813T080714Z_161ca090' to MLflow experiment 'anton_win_probability_auto'"}
{"ts": "2026-08-13T08:07:19.383981934Z", "container": "prefect-worker", "msg": "2026-08-13 08:07:19 | INFO  | train.py:run_training:691 | Logged run to MLflow experiment 'anton_win_probability'"}
{"ts": "2026-08-13T08:07:19.447553272Z", "container": "prefect-worker", "msg": "2026-08-13 08:07:19 | INFO  | task_engine.py:log_finished_message:410 | Finished in state Completed()"}
{"ts": "2026-08-13T08:07:19.447736583Z", "container": "prefect-worker", "msg": "2026-08-13 08:07:19 | INFO  | flow.py:train_flow:117 | Trained auto model run_20260813T080714Z_161ca090: log loss=0.3284, rows=515012 -> /app/data/models/auto/run_20260813T080714Z_161ca090.pkl (promoted=False)"}
{"ts": "2026-08-13T08:07:19.470507335Z", "container": "prefect-worker", "msg": "2026-08-13 08:07:19 | INFO  | _client.py:_send_single_request:1025 | HTTP Request: POST http://prefect-server:4200/api/artifacts/ \"HTTP/1.1 201 Created\""}
{"ts": "2026-08-13T08:07:19.570416383Z", "container": "prefect-worker", "msg": "2026-08-13 08:07:19 | INFO  | _client.py:_send_single_request:1025 | HTTP Request: POST http://prefect-server:4200/api/flow_runs/99a9b088-3922-4a3c-beb6-a876ca82ee21/set_state \"HTTP/1.1 201 Created\""}
{"ts": "2026-08-13T08:07:20.463900593Z", "container": "prefect-worker", "msg": "2026-08-13 08:07:20 | INFO  | flow_engine.py:initialize_run:1235 | Finished in state Completed()"}
{"ts": "2026-08-13T08:07:20.468353168Z", "container": "prefect-worker", "msg": "2026-08-13 08:07:20 | INFO  | _client.py:_send_single_request:1740 | HTTP Request: GET http://prefect-server:4200/api/csrf-token?client=ef5efc2f-9145-4932-9cf2-3d6b459bd9a8 \"HTTP/1.1 422 Unprocessable Entity\""}
{"ts": "2026-08-13T08:07:20.475840108Z", "container": "prefect-worker", "msg": "2026-08-13 08:07:20 | INFO  | _client.py:_send_single_request:1740 | HTTP Request: POST http://prefect-server:4200/api/logs/ \"HTTP/1.1 201 Created\""}
{"ts": "2026-08-13T08:07:21.631807545Z", "container": "prefect-worker", "msg": "08:07:21.631 | INFO    | prefect.flow_runs.runner - Process for flow run 'xi5-nyota' exited cleanly."}
{"ts": "2026-08-13T08:08:21.052768515Z", "container": "prefect-worker", "msg": "08:08:21.052 | INFO    | prefect.flow_runs.worker - Worker 'ProcessWorker 913b37e1-de0e-4973-8eeb-baef1047de2f' submitting flow run '8fa95c9b-9aeb-487b-8494-f8cf38b8fa03'"}
{"ts": "2026-08-13T08:08:21.174164204Z", "container": "prefect-worker", "msg": "08:08:21.173 | INFO    | prefect.flow_runs.runner - Starting flow run process..."}
{"ts": "2026-08-13T08:08:21.197148570Z", "container": "prefect-worker", "msg": "08:08:21.196 | INFO    | prefect.flow_runs.worker - Flow run 'tau4-glashow' submitted to infrastructure"}
{"ts": "2026-08-13T08:08:22.368445844Z", "container": "prefect-worker", "msg": "08:08:22.362 | INFO    | Flow run 'tau4-glashow' - Running 1 deployment pull step(s)"}
{"ts": "2026-08-13T08:08:22.388844569Z", "container": "prefect-worker", "msg": "08:08:22.387 | INFO    | Flow run 'tau4-glashow' - Executing deployment step: set_working_directory"}
{"ts": "2026-08-13T08:08:22.400059860Z", "container": "prefect-worker", "msg": "08:08:22.399 | INFO    | Flow run 'tau4-glashow' - Deployment step 'set_working_directory' completed successfully"}
{"ts": "2026-08-13T08:08:22.413427677Z", "container": "prefect-worker", "msg": "08:08:22.412 | INFO    | Flow run 'tau4-glashow' - All deployment steps completed successfully"}
{"ts": "2026-08-13T08:08:23.517999734Z", "container": "prefect-worker", "msg": "2026-08-13 08:08:23 | INFO  | _client.py:_send_single_request:1025 | HTTP Request: GET http://prefect-server:4200/api/admin/version \"HTTP/1.1 200 OK\""}
{"ts": "2026-08-13T08:08:23.521360462Z", "container": "prefect-worker", "msg": "2026-08-13 08:08:23 | INFO  | _client.py:_send_single_request:1025 | HTTP Request: GET http://prefect-server:4200/api/csrf-token?client=8f72f22f-4e6e-4b9d-8380-de9d562d24f9 \"HTTP/1.1 422 Unprocessable Entity\""}
{"ts": "2026-08-13T08:08:23.525902158Z", "container": "prefect-worker", "msg": "2026-08-13 08:08:23 | INFO  | _client.py:_send_single_request:1025 | HTTP Request: PATCH http://prefect-server:4200/api/flow_runs/8fa95c9b-9aeb-487b-8494-f8cf38b8fa03 \"HTTP/1.1 204 No Content\""}
{"ts": "2026-08-13T08:08:23.544456768Z", "container": "prefect-worker", "msg": "2026-08-13 08:08:23 | INFO  | _client.py:_send_single_request:1740 | HTTP Request: GET http://prefect-server:4200/api/flow_runs/8fa95c9b-9aeb-487b-8494-f8cf38b8fa03 \"HTTP/1.1 200 OK\""}
{"ts": "2026-08-13T08:08:23.557598194Z", "container": "prefect-worker", "msg": "2026-08-13 08:08:23 | INFO  | _client.py:_send_single_request:1025 | HTTP Request: POST http://prefect-server:4200/api/flow_runs/8fa95c9b-9aeb-487b-8494-f8cf38b8fa03/set_state \"HTTP/1.1 201 Created\""}
{"ts": "2026-08-13T08:08:23.562727645Z", "container": "prefect-worker", "msg": "2026-08-13 08:08:23 | INFO  | _client.py:_send_single_request:1025 | HTTP Request: GET http://prefect-server:4200/api/flow_runs/8fa95c9b-9aeb-487b-8494-f8cf38b8fa03 \"HTTP/1.1 200 OK\""}
{"ts": "2026-08-13T08:08:23.566424005Z", "container": "prefect-worker", "msg": "2026-08-13 08:08:23 | INFO  | _client.py:_send_single_request:1025 | HTTP Request: GET http://prefect-server:4200/api/admin/storage \"HTTP/1.1 200 OK\""}
{"ts": "2026-08-13T08:08:23.569307508Z", "container": "prefect-worker", "msg": "2026-08-13 08:08:23 | INFO  | _client.py:_send_single_request:1025 | HTTP Request: GET http://prefect-server:4200/api/admin/storage \"HTTP/1.1 200 OK\""}
{"ts": "2026-08-13T08:08:23.569781222Z", "container": "prefect-worker", "msg": "2026-08-13 08:08:23 | INFO  | flow_engine.py:setup_run_context:1133 | Beginning flow run 'tau4-glashow' for flow 'smarthub-train-model'"}
{"ts": "2026-08-13T08:08:23.570421617Z", "container": "prefect-worker", "msg": "2026-08-13 08:08:23 | INFO  | flow_engine.py:setup_run_context:1138 | View at http://prefect-server:4200/runs/flow-run/8fa95c9b-9aeb-487b-8494-f8cf38b8fa03"}
{"ts": "2026-08-13T08:08:23.571707498Z", "container": "prefect-worker", "msg": "2026-08-13 08:08:23 | INFO  | flow.py:train_flow:105 | STEP 3 train-model starting: lead_type=home (1), version=latest, mlflow=True"}
{"ts": "2026-08-13T08:08:23.596371046Z", "container": "prefect-worker", "msg": "2026-08-13 08:08:23 | INFO  | train.py:run_training:177 | Loading training table for lead_type=home (1)"}
{"ts": "2026-08-13T08:08:23.601117395Z", "container": "prefect-worker", "msg": "2026-08-13 08:08:23 | INFO  | _client.py:_send_single_request:1740 | HTTP Request: GET http://prefect-server:4200/api/flows/b482d204-61dd-4cd6-bc87-1c0295ffdd50 \"HTTP/1.1 200 OK\""}
{"ts": "2026-08-13T08:08:23.602290354Z", "container": "prefect-worker", "msg": "2026-08-13 08:08:23 | INFO  | _client.py:_send_single_request:1740 | HTTP Request: GET http://prefect-server:4200/api/work_queues/1359b356-bb73-44da-ae82-6233613dd549 \"HTTP/1.1 200 OK\""}
{"ts": "2026-08-13T08:08:23.610629241Z", "container": "prefect-worker", "msg": "2026-08-13 08:08:23 | INFO  | _client.py:_send_single_request:1740 | HTTP Request: GET http://prefect-server:4200/api/deployments/f2af7572-283e-43ab-bfa3-0ad7cee08503 \"HTTP/1.1 200 OK\""}
{"ts": "2026-08-13T08:08:23.619955347Z", "container": "prefect-worker", "msg": "2026-08-13 08:08:23 | INFO  | _client.py:_send_single_request:1740 | HTTP Request: GET http://prefect-server:4200/api/work_pools/smarthub-pool \"HTTP/1.1 200 OK\""}
{"ts": "2026-08-13T08:08:23.916163305Z", "container": "prefect-worker", "msg": "2026-08-13 08:08:23 | INFO  | train.py:run_training:189 | Dataset Prepared"}
{"ts": "2026-08-13T08:08:23.916358027Z", "container": "prefect-worker", "msg": "2026-08-13 08:08:23 | INFO  | train.py:run_training:190 |   Training rows                         : 75,208"}
{"ts": "2026-08-13T08:08:23.916605059Z", "container": "prefect-worker", "msg": "2026-08-13 08:08:23 | INFO  | train.py:run_training:194 |   Dropped rows                          : 0"}
{"ts": "2026-08-13T08:08:23.916616459Z", "container": "prefect-worker", "msg": "2026-08-13 08:08:23 | INFO  | train.py:run_training:198 |   Win rate                              : 0.2806"}
{"ts": "2026-08-13T08:08:23.916620309Z", "container": "prefect-worker", "msg": "2026-08-13 08:08:23 | INFO  | train.py:run_training:202 |   Feature count                         : 10 numeric, 7 categorical"}
{"ts": "2026-08-13T08:08:23.916623699Z", "container": "prefect-worker", "msg": "2026-08-13 08:08:23 | INFO  | train.py:run_training:207 |   Missing feature columns               : none"}
{"ts": "2026-08-13T08:08:23.934265381Z", "container": "prefect-worker", "msg": "2026-08-13 08:08:23 | INFO  | train.py:run_training:235 | Cleaning Data"}
{"ts": "2026-08-13T08:08:23.934482683Z", "container": "prefect-worker", "msg": "2026-08-13 08:08:23 | INFO  | train.py:run_training:236 |   Dropped zero-variance features        : 3"}
{"ts": "2026-08-13T08:08:23.934498203Z", "container": "prefect-worker", "msg": "2026-08-13 08:08:23 | INFO  | train.py:run_training:240 |   Zero-variance feature names           : military_affiliation, insured, num_home_claims"}
{"ts": "2026-08-13T08:08:23.934502303Z", "container": "prefect-worker", "msg": "2026-08-13 08:08:23 | INFO  | train.py:run_training:246 | Feature columns: ['bid', 'age', 'continuous_coverage_months', 'created_hour', 'created_dayofweek', 'is_workday', 'is_married', 'age_cohort', 'state', 'gender', 'marital_status', 'campaign_id', 'traffic_tier', 'home_property_type']"}
{"ts": "2026-08-13T08:08:24.404504853Z", "container": "prefect-worker", "msg": "2026-08-13 08:08:24 | INFO  | _client.py:_send_single_request:1740 | HTTP Request: GET http://prefect-server:4200/api/csrf-token?client=133a6658-fe7f-405e-b44e-d251b48c0852 \"HTTP/1.1 422 Unprocessable Entity\""}
{"ts": "2026-08-13T08:08:24.440654135Z", "container": "prefect-worker", "msg": "2026-08-13 08:08:24 | INFO  | _client.py:_send_single_request:1740 | HTTP Request: POST http://prefect-server:4200/api/logs/ \"HTTP/1.1 201 Created\""}
{"ts": "2026-08-13T08:08:24.551061365Z", "container": "prefect-worker", "msg": "2026-08-13 08:08:24 | INFO  | plots_and_reports.py:log_training_data_summary:210 | Dataset Summary"}
{"ts": "2026-08-13T08:08:24.551229176Z", "container": "prefect-worker", "msg": "2026-08-13 08:08:24 | INFO  | plots_and_reports.py:log_training_data_summary:211 |   Total rows                            : 75,208"}
{"ts": "2026-08-13T08:08:24.551695910Z", "container": "prefect-worker", "msg": "2026-08-13 08:08:24 | INFO  | plots_and_reports.py:log_training_data_summary:216 |   Target win rate                       : 0.2806"}
{"ts": "2026-08-13T08:08:24.551939112Z", "container": "prefect-worker", "msg": "2026-08-13 08:08:24 | INFO  | plots_and_reports.py:log_training_data_summary:221 |   Features summarized                   : 14"}
{"ts": "2026-08-13T08:08:24.552114923Z", "container": "prefect-worker", "msg": "2026-08-13 08:08:24 | INFO  | plots_and_reports.py:log_training_data_summary:225 |   Features with missing values          : 0"}
{"ts": "2026-08-13T08:08:24.552128543Z", "container": "prefect-worker", "msg": "2026-08-13 08:08:24 | INFO  | plots_and_reports.py:log_training_data_summary:229 |   Total missing feature values          : 0"}
{"ts": "2026-08-13T08:08:24.552504446Z", "container": "prefect-worker", "msg": "2026-08-13 08:08:24 | INFO  | plots_and_reports.py:log_training_data_summary:249 |   Feature-value count rows saved        : 124"}
{"ts": "2026-08-13T08:08:24.556190516Z", "container": "prefect-worker", "msg": "2026-08-13 08:08:24 | INFO  | train.py:run_training:272 | Train/Test Split"}
{"ts": "2026-08-13T08:08:24.556347648Z", "container": "prefect-worker", "msg": "2026-08-13 08:08:24 | INFO  | train.py:run_training:273 |   Train rows                            : 60,166"}
{"ts": "2026-08-13T08:08:24.556356698Z", "container": "prefect-worker", "msg": "2026-08-13 08:08:24 | INFO  | train.py:run_training:277 |   Test rows                             : 15,042"}
{"ts": "2026-08-13T08:08:24.556629230Z", "container": "prefect-worker", "msg": "2026-08-13 08:08:24 | INFO  | train.py:run_training:281 |   Split method                          : time"}
{"ts": "2026-08-13T08:08:24.556636040Z", "container": "prefect-worker", "msg": "2026-08-13 08:08:24 | INFO  | train.py:run_training:285 |   Test fraction                         : 0.20"}
{"ts": "2026-08-13T08:08:24.556856012Z", "container": "prefect-worker", "msg": "2026-08-13 08:08:24 | INFO  | train.py:run_training:294 |   Train date range                      : 2026-07-23 04:25:10.401688 → 2026-08-10 16:21:09.447179"}
{"ts": "2026-08-13T08:08:24.557068983Z", "container": "prefect-worker", "msg": "2026-08-13 08:08:24 | INFO  | train.py:run_training:299 |   Test date range                       : 2026-08-10 16:21:14.769162 → 2026-08-13 04:14:40.765214"}
{"ts": "2026-08-13T08:08:24.557077383Z", "container": "prefect-worker", "msg": "2026-08-13 08:08:24 | INFO  | train.py:run_training:304 |   Test rows by weekday"}
{"ts": "2026-08-13T08:08:24.559884366Z", "container": "prefect-worker", "msg": "2026-08-13 08:08:24 | INFO  | train.py:run_training:308 |     Monday     : 3,052"}
{"ts": "2026-08-13T08:08:24.560095768Z", "container": "prefect-worker", "msg": "2026-08-13 08:08:24 | INFO  | train.py:run_training:308 |     Thursday   : 736"}
{"ts": "2026-08-13T08:08:24.560106858Z", "container": "prefect-worker", "msg": "2026-08-13 08:08:24 | INFO  | train.py:run_training:308 |     Tuesday    : 5,908"}
{"ts": "2026-08-13T08:08:24.560110518Z", "container": "prefect-worker", "msg": "2026-08-13 08:08:24 | INFO  | train.py:run_training:308 |     Wednesday  : 5,346"}
{"ts": "2026-08-13T08:08:24.560204659Z", "container": "prefect-worker", "msg": "2026-08-13 08:08:24 | INFO  | train.py:run_training:314 | Training Model"}
{"ts": "2026-08-13T08:08:24.560218079Z", "container": "prefect-worker", "msg": "2026-08-13 08:08:24 | INFO  | train.py:run_training:315 |   Model type                            : lightgbm"}
{"ts": "2026-08-13T08:08:24.560415100Z", "container": "prefect-worker", "msg": "2026-08-13 08:08:24 | INFO  | train.py:run_training:316 |   Calibration enabled                   : False"}
{"ts": "2026-08-13T08:08:26.596286767Z", "container": "prefect-worker", "msg": "2026-08-13 08:08:26 | INFO  | train.py:run_training:332 | Evaluating Model"}
{"ts": "2026-08-13T08:08:26.928887179Z", "container": "prefect-worker", "msg": "2026-08-13 08:08:26 | INFO  | optimizer.py:score_recommended_bids:277 | Optimizing bids for 15,042 rows in chunks of 500"}
{"ts": "2026-08-13T08:08:33.409685031Z", "container": "prefect-worker", "msg": "2026-08-13 08:08:33 | INFO  | optimizer.py:score_recommended_bids:296 | Optimized 5,000 / 15,042 rows"}
{"ts": "2026-08-13T08:08:40.006146355Z", "container": "prefect-worker", "msg": "2026-08-13 08:08:40 | INFO  | optimizer.py:score_recommended_bids:296 | Optimized 10,000 / 15,042 rows"}
{"ts": "2026-08-13T08:08:46.796733238Z", "container": "prefect-worker", "msg": "2026-08-13 08:08:46 | INFO  | optimizer.py:score_recommended_bids:296 | Optimized 15,000 / 15,042 rows"}
{"ts": "2026-08-13T08:08:46.846317315Z", "container": "prefect-worker", "msg": "2026-08-13 08:08:46 | INFO  | optimizer.py:score_recommended_bids:296 | Optimized 15,042 / 15,042 rows"}
{"ts": "2026-08-13T08:08:46.853486682Z", "container": "prefect-worker", "msg": "2026-08-13 08:08:46 | INFO  | optimizer_evaluation.py:log_summary:209 | Bid Optimizer Evaluation"}
{"ts": "2026-08-13T08:08:46.853804115Z", "container": "prefect-worker", "msg": "2026-08-13 08:08:46 | INFO  | optimizer_evaluation.py:log_summary:210 |   Rows evaluated                     : 15,042"}
{"ts": "2026-08-13T08:08:46.853813195Z", "container": "prefect-worker", "msg": "2026-08-13 08:08:46 | INFO  | optimizer_evaluation.py:log_summary:213 |   Target CM                          : 25.00%"}
{"ts": "2026-08-13T08:08:46.853816845Z", "container": "prefect-worker", "msg": "2026-08-13 08:08:46 | INFO  | optimizer_evaluation.py:log_summary:216 |   Expected profit, current/recommended: 49756.2256 / 63946.1203"}
{"ts": "2026-08-13T08:08:46.853820045Z", "container": "prefect-worker", "msg": "2026-08-13 08:08:46 | INFO  | optimizer_evaluation.py:log_summary:221 |   Expected profit lift               : 14189.8946 (28.52%)"}
{"ts": "2026-08-13T08:08:46.853823075Z", "container": "prefect-worker", "msg": "2026-08-13 08:08:46 | INFO  | optimizer_evaluation.py:log_summary:226 |   Avg predicted win rate, current/reco: 0.2394 / 0.3213"}
{"ts": "2026-08-13T08:08:46.853825975Z", "container": "prefect-worker", "msg": "2026-08-13 08:08:46 | INFO  | optimizer_evaluation.py:log_summary:231 |   Bid increased/decreased/unchanged  : 61.36% / 37.33% / 1.31%"}
{"ts": "2026-08-13T08:08:46.854079677Z", "container": "prefect-worker", "msg": "2026-08-13 08:08:46 | INFO  | optimizer_evaluation.py:log_summary:237 |   Avg / median bid change            : 1.0926 / 0.5900"}
{"ts": "2026-08-13T08:08:46.854087747Z", "container": "prefect-worker", "msg": "2026-08-13 08:08:46 | INFO  | optimizer_evaluation.py:log_summary:242 |   Avg recommended CM if won           : 0.5878"}
{"ts": "2026-08-13T08:08:46.854092627Z", "container": "prefect-worker", "msg": "2026-08-13 08:08:46 | INFO  | metrics.py:log_model_evaluation:130 | Model Evaluation"}
{"ts": "2026-08-13T08:08:46.854095777Z", "container": "prefect-worker", "msg": "2026-08-13 08:08:46 | INFO  | metrics.py:log_model_evaluation:131 |   Rows trained                       : 75,208"}
{"ts": "2026-08-13T08:08:46.854098907Z", "container": "prefect-worker", "msg": "2026-08-13 08:08:46 | INFO  | metrics.py:log_model_evaluation:132 |   Train / test rows                  : 60,166 / 15,042"}
{"ts": "2026-08-13T08:08:46.854102027Z", "container": "prefect-worker", "msg": "2026-08-13 08:08:46 | INFO  | metrics.py:log_model_evaluation:137 |   ROC AUC                            : 0.8457"}
{"ts": "2026-08-13T08:08:46.854105077Z", "container": "prefect-worker", "msg": "2026-08-13 08:08:46 | INFO  | metrics.py:log_model_evaluation:138 |   PR AUC                             : 0.6175"}
{"ts": "2026-08-13T08:08:46.854108147Z", "container": "prefect-worker", "msg": "2026-08-13 08:08:46 | INFO  | metrics.py:log_model_evaluation:139 |   Log loss                           : 0.3830"}
{"ts": "2026-08-13T08:08:46.854295269Z", "container": "prefect-worker", "msg": "2026-08-13 08:08:46 | INFO  | metrics.py:log_model_evaluation:140 |   Brier score                        : 0.1268"}
{"ts": "2026-08-13T08:08:46.854305679Z", "container": "prefect-worker", "msg": "2026-08-13 08:08:46 | INFO  | metrics.py:log_model_evaluation:144 |   Accuracy / precision / recall / F1 / F2: 0.8137 / 0.6290 / 0.4528 / 0.5265 / 0.4797"}
{"ts": "2026-08-13T08:08:46.854309809Z", "container": "prefect-worker", "msg": "2026-08-13 08:08:46 | INFO  | metrics.py:log_model_evaluation:152 |   Calibration error                  : 0.0106"}
{"ts": "2026-08-13T08:08:46.854313109Z", "container": "prefect-worker", "msg": "2026-08-13 08:08:46 | INFO  | metrics.py:log_model_evaluation:156 | Business Metrics"}
{"ts": "2026-08-13T08:08:46.854316139Z", "container": "prefect-worker", "msg": "2026-08-13 08:08:46 | INFO  | metrics.py:log_model_evaluation:157 |   Observed win rate                  : 0.2288"}
{"ts": "2026-08-13T08:08:46.854319119Z", "container": "prefect-worker", "msg": "2026-08-13 08:08:46 | INFO  | metrics.py:log_model_evaluation:161 |   Predicted win rate, current bids   : 0.2394"}
{"ts": "2026-08-13T08:08:46.854322179Z", "container": "prefect-worker", "msg": "2026-08-13 08:08:46 | INFO  | metrics.py:log_model_evaluation:165 |   Predicted win rate, recommended    : 0.3213"}
{"ts": "2026-08-13T08:08:46.854333219Z", "container": "prefect-worker", "msg": "2026-08-13 08:08:46 | INFO  | train.py:run_training:380 | Saving Reports"}
{"ts": "2026-08-13T08:08:48.121013022Z", "container": "prefect-worker", "msg": "2026-08-13 08:08:48 | INFO  | train.py:run_training:415 | Lineage: model=lightgbm trained on table version 2026-08-13T044504Z (data 2026-07-23 04:25:10.401688 → 2026-08-13 04:14:40.765214, 75208 source rows)"}
{"ts": "2026-08-13T08:08:48.334734001Z", "container": "prefect-worker", "msg": "2026-08-13 08:08:48 | INFO  | plots_and_reports.py:log_saved_report_files:666 | Saved Training Reports"}
{"ts": "2026-08-13T08:08:48.334906443Z", "container": "prefect-worker", "msg": "2026-08-13 08:08:48 | INFO  | plots_and_reports.py:log_saved_report_files:667 |   Report directory                      : /app/data/model_evaluations/home"}
{"ts": "2026-08-13T08:08:48.335237175Z", "container": "prefect-worker", "msg": "2026-08-13 08:08:48 | INFO  | plots_and_reports.py:log_saved_report_files:668 |   Files generated                       : 13"}
{"ts": "2026-08-13T08:08:48.335251045Z", "container": "prefect-worker", "msg": "2026-08-13 08:08:48 | INFO  | plots_and_reports.py:log_saved_report_files:670 |     /app/data/model_evaluations/home/feature_summary.csv"}
{"ts": "2026-08-13T08:08:48.335255235Z", "container": "prefect-worker", "msg": "2026-08-13 08:08:48 | INFO  | plots_and_reports.py:log_saved_report_files:670 |     /app/data/model_evaluations/home/feature_value_counts.csv"}
{"ts": "2026-08-13T08:08:48.335258685Z", "container": "prefect-worker", "msg": "2026-08-13 08:08:48 | INFO  | plots_and_reports.py:log_saved_report_files:670 |     /app/data/model_evaluations/home/roc_curve.png"}
{"ts": "2026-08-13T08:08:48.335261735Z", "container": "prefect-worker", "msg": "2026-08-13 08:08:48 | INFO  | plots_and_reports.py:log_saved_report_files:670 |     /app/data/model_evaluations/home/precision_recall_curve.png"}
{"ts": "2026-08-13T08:08:48.335264865Z", "container": "prefect-worker", "msg": "2026-08-13 08:08:48 | INFO  | plots_and_reports.py:log_saved_report_files:670 |     /app/data/model_evaluations/home/calibration_curve.png"}
{"ts": "2026-08-13T08:08:48.335267945Z", "container": "prefect-worker", "msg": "2026-08-13 08:08:48 | INFO  | plots_and_reports.py:log_saved_report_files:670 |     /app/data/model_evaluations/home/probability_histogram.png"}
{"ts": "2026-08-13T08:08:48.335496547Z", "container": "prefect-worker", "msg": "2026-08-13 08:08:48 | INFO  | plots_and_reports.py:log_saved_report_files:670 |     /app/data/model_evaluations/home/confusion_matrix.png"}
{"ts": "2026-08-13T08:08:48.335511077Z", "container": "prefect-worker", "msg": "2026-08-13 08:08:48 | INFO  | plots_and_reports.py:log_saved_report_files:670 |     /app/data/model_evaluations/home/model_evaluation_summary.json"}
{"ts": "2026-08-13T08:08:48.335515267Z", "container": "prefect-worker", "msg": "2026-08-13 08:08:48 | INFO  | plots_and_reports.py:log_saved_report_files:670 |     /app/data/model_evaluations/home/optimizer_expected_profit_lift.png"}
{"ts": "2026-08-13T08:08:48.335519107Z", "container": "prefect-worker", "msg": "2026-08-13 08:08:48 | INFO  | plots_and_reports.py:log_saved_report_files:670 |     /app/data/model_evaluations/home/recommended_bid_change.png"}
{"ts": "2026-08-13T08:08:48.335522477Z", "container": "prefect-worker", "msg": "2026-08-13 08:08:48 | INFO  | plots_and_reports.py:log_saved_report_files:670 |     /app/data/model_evaluations/home/recommended_cm_distribution.png"}
{"ts": "2026-08-13T08:08:48.335525698Z", "container": "prefect-worker", "msg": "2026-08-13 08:08:48 | INFO  | plots_and_reports.py:log_saved_report_files:670 |     /app/data/model_evaluations/home/current_vs_recommended_win_rate.png"}
{"ts": "2026-08-13T08:08:48.335528828Z", "container": "prefect-worker", "msg": "2026-08-13 08:08:48 | INFO  | plots_and_reports.py:log_saved_report_files:670 |     /app/data/model_evaluations/home/bid_optimizer_test_rows.csv"}
{"ts": "2026-08-13T08:08:48.436111692Z", "container": "prefect-worker", "msg": "2026-08-13 08:08:48 | INFO  | credentials.py:load:1252 | Found credentials in environment variables."}
{"ts": "2026-08-13T08:08:49.141507035Z", "container": "prefect-worker", "msg": "2026-08-13 08:08:49 | INFO  | optimizer.py:score_recommended_bids:277 | Optimizing bids for 15,042 rows in chunks of 500"}
{"ts": "2026-08-13T08:08:55.663065883Z", "container": "prefect-worker", "msg": "2026-08-13 08:08:55 | INFO  | optimizer.py:score_recommended_bids:296 | Optimized 5,000 / 15,042 rows"}
{"ts": "2026-08-13T08:09:02.255641960Z", "container": "prefect-worker", "msg": "2026-08-13 08:09:02 | INFO  | optimizer.py:score_recommended_bids:296 | Optimized 10,000 / 15,042 rows"}
{"ts": "2026-08-13T08:09:09.050563305Z", "container": "prefect-worker", "msg": "2026-08-13 08:09:09 | INFO  | optimizer.py:score_recommended_bids:296 | Optimized 15,000 / 15,042 rows"}
{"ts": "2026-08-13T08:09:09.100504704Z", "container": "prefect-worker", "msg": "2026-08-13 08:09:09 | INFO  | optimizer.py:score_recommended_bids:296 | Optimized 15,042 / 15,042 rows"}
{"ts": "2026-08-13T08:09:09.107875533Z", "container": "prefect-worker", "msg": "2026-08-13 08:09:09 | INFO  | train.py:_evaluate_currently_serving_model:838 | Currently-serving model (run_20260812T104719Z_05391037) re-scored on this test set: log loss=0.3845, PR AUC=0.6158"}
{"ts": "2026-08-13T08:09:09.109008612Z", "container": "prefect-worker", "msg": "2026-08-13 08:09:09 | INFO  | train.py:run_training:497 | Promotion Evaluation"}
{"ts": "2026-08-13T08:09:09.109212264Z", "container": "prefect-worker", "msg": "2026-08-13 08:09:09 | INFO  | train.py:run_training:498 |   Mode                                  : automatic"}
{"ts": "2026-08-13T08:09:09.109226864Z", "container": "prefect-worker", "msg": "2026-08-13 08:09:09 | INFO  | train.py:run_training:499 |   Policy recommendation                 : ELIGIBLE"}
{"ts": "2026-08-13T08:09:09.109231644Z", "container": "prefect-worker", "msg": "2026-08-13 08:09:09 | INFO  | train.py:run_training:503 |   Reason                                : Challenger passed the absolute thresholds and satisfies the 95% relative profit requirement and the 5000.00 absolute profit-loss tolerance; recommended CM is 58.78%, and log-loss regression -0.0015 is within tolerance."}
{"ts": "2026-08-13T08:09:09.180494284Z", "container": "prefect-worker", "msg": "2026-08-13 08:09:09 | INFO  | training_artifacts.py:save_comparison_artifacts:60 | Prepared Model Comparison Artifacts"}
{"ts": "2026-08-13T08:09:09.180648425Z", "container": "prefect-worker", "msg": "2026-08-13 08:09:09 | INFO  | training_artifacts.py:save_comparison_artifacts:61 |   Evaluation dataset                    : /tmp/smarthub_model_comparison_wgf40d_m/evaluation_dataset.parquet"}
{"ts": "2026-08-13T08:09:09.180662935Z", "container": "prefect-worker", "msg": "2026-08-13 08:09:09 | INFO  | training_artifacts.py:save_comparison_artifacts:62 |   Optimizer results                     : /tmp/smarthub_model_comparison_wgf40d_m/optimizer_results.parquet"}
{"ts": "2026-08-13T08:09:09.180666975Z", "container": "prefect-worker", "msg": "2026-08-13 08:09:09 | INFO  | training_artifacts.py:save_comparison_artifacts:63 |   Metadata                              : /tmp/smarthub_model_comparison_wgf40d_m/evaluation_metadata.json"}
{"ts": "2026-08-13T08:09:09.180670405Z", "container": "prefect-worker", "msg": "2026-08-13 08:09:09 | INFO  | train.py:run_training:575 | Saved training run run_20260813T080909Z_996e87aa → /app/data/models/home/run_20260813T080909Z_996e87aa.pkl"}
{"ts": "2026-08-13T08:09:09.483216165Z", "container": "prefect-worker", "msg": "2026-08-13 08:09:09 | INFO  | registry.py:_publish_to_production:414 | Published run_20260813T080909Z_996e87aa to production storage (s3)."}
{"ts": "2026-08-13T08:09:09.484105642Z", "container": "prefect-worker", "msg": "2026-08-13 08:09:09 | INFO  | train.py:run_training:591 | Automatically promoted home_v7 to currently-serving for 'home'."}
{"ts": "2026-08-13T08:09:11.019286368Z", "container": "prefect-worker", "msg": "2026/08/13 08:09:11 WARNING mlflow.sklearn: Saving scikit-learn models in the pickle or cloudpickle format requires exercising caution because these formats rely on Python's object serialization mechanism, which can execute arbitrary code during deserialization. The recommended safe alternative is the 'skops' format. For more information, see: https://scikit-learn.org/stable/model_persistence.html"}
{"ts": "2026-08-13T08:09:14.060026802Z", "container": "prefect-worker", "msg": "Registered model 'anton-win-probability-model' already exists. Creating a new version of this model..."}
{"ts": "2026-08-13T08:09:14.086119121Z", "container": "prefect-worker", "msg": "2026/08/13 08:09:14 WARNING mlflow.tracking._model_registry.fluent: Run with id 698ae29923a5445c916f6d5b9b8db9ee has no artifacts at artifact path 'model', registering model based on models:/m-d26126d022004fe3b1ef043fffa8301b instead"}
{"ts": "2026-08-13T08:09:14.095850219Z", "container": "prefect-worker", "msg": "Created version '12' of model 'anton-win-probability-model'."}
{"ts": "2026-08-13T08:09:14.139974762Z", "container": "prefect-worker", "msg": "2026-08-13 08:09:14 | INFO  | train.py:run_training:686 | Logged run 'run_20260813T080909Z_996e87aa' to MLflow experiment 'anton_win_probability_home'"}
{"ts": "2026-08-13T08:09:14.140190944Z", "container": "prefect-worker", "msg": "2026-08-13 08:09:14 | INFO  | train.py:run_training:691 | Logged run to MLflow experiment 'anton_win_probability'"}
{"ts": "2026-08-13T08:09:14.158975284Z", "container": "prefect-worker", "msg": "2026-08-13 08:09:14 | INFO  | task_engine.py:log_finished_message:410 | Finished in state Completed()"}
{"ts": "2026-08-13T08:09:14.159133125Z", "container": "prefect-worker", "msg": "2026-08-13 08:09:14 | INFO  | flow.py:train_flow:117 | Trained home model home_v7: log loss=0.3830, rows=75208 -> /app/data/models/home/run_20260813T080909Z_996e87aa.pkl (promoted=True)"}
{"ts": "2026-08-13T08:09:14.174399357Z", "container": "prefect-worker", "msg": "2026-08-13 08:09:14 | INFO  | _client.py:_send_single_request:1025 | HTTP Request: POST http://prefect-server:4200/api/artifacts/ \"HTTP/1.1 201 Created\""}
{"ts": "2026-08-13T08:09:15.096914584Z", "container": "prefect-worker", "msg": "2026-08-13 08:09:15 | INFO  | _client.py:_send_single_request:1025 | HTTP Request: POST http://prefect-server:4200/api/flow_runs/8fa95c9b-9aeb-487b-8494-f8cf38b8fa03/set_state \"HTTP/1.1 201 Created\""}
{"ts": "2026-08-13T08:09:15.552478617Z", "container": "prefect-worker", "msg": "2026-08-13 08:09:15 | INFO  | flow_engine.py:initialize_run:1235 | Finished in state Completed()"}
{"ts": "2026-08-13T08:09:15.557408466Z", "container": "prefect-worker", "msg": "2026-08-13 08:09:15 | INFO  | _client.py:_send_single_request:1740 | HTTP Request: GET http://prefect-server:4200/api/csrf-token?client=b03ca2b2-b01d-4b93-b527-f2ddd2323f46 \"HTTP/1.1 422 Unprocessable Entity\""}
{"ts": "2026-08-13T08:09:15.563773577Z", "container": "prefect-worker", "msg": "2026-08-13 08:09:15 | INFO  | _client.py:_send_single_request:1740 | HTTP Request: POST http://prefect-server:4200/api/logs/ \"HTTP/1.1 201 Created\""}
{"ts": "2026-08-13T08:09:16.728958425Z", "container": "prefect-worker", "msg": "08:09:16.728 | INFO    | prefect.flow_runs.runner - Process for flow run 'tau4-glashow' exited cleanly."}
{"ts": "2026-08-13T08:11:57.123309318Z", "container": "prefect-worker", "msg": "08:11:57.122 | INFO    | prefect.flow_runs.worker - Worker 'ProcessWorker 913b37e1-de0e-4973-8eeb-baef1047de2f' submitting flow run '7736d64b-4e65-4e9d-a8df-9a7001bab43c'"}
{"ts": "2026-08-13T08:11:57.246029498Z", "container": "prefect-worker", "msg": "08:11:57.245 | INFO    | prefect.flow_runs.runner - Starting flow run process..."}
{"ts": "2026-08-13T08:11:57.268673900Z", "container": "prefect-worker", "msg": "08:11:57.268 | INFO    | prefect.flow_runs.worker - Flow run 'colossal-kelpie' submitted to infrastructure"}
{"ts": "2026-08-13T08:11:58.455308481Z", "container": "prefect-worker", "msg": "08:11:58.449 | INFO    | Flow run 'colossal-kelpie' - Running 1 deployment pull step(s)"}
{"ts": "2026-08-13T08:11:58.475920076Z", "container": "prefect-worker", "msg": "08:11:58.474 | INFO    | Flow run 'colossal-kelpie' - Executing deployment step: set_working_directory"}
{"ts": "2026-08-13T08:11:58.487589219Z", "container": "prefect-worker", "msg": "08:11:58.486 | INFO    | Flow run 'colossal-kelpie' - Deployment step 'set_working_directory' completed successfully"}
{"ts": "2026-08-13T08:11:58.501046757Z", "container": "prefect-worker", "msg": "08:11:58.500 | INFO    | Flow run 'colossal-kelpie' - All deployment steps completed successfully"}
{"ts": "2026-08-13T08:11:58.583213703Z", "container": "prefect-worker", "msg": "2026-08-13 08:11:58 | INFO  | _client.py:_send_single_request:1025 | HTTP Request: GET http://prefect-server:4200/api/admin/version \"HTTP/1.1 200 OK\""}
{"ts": "2026-08-13T08:11:58.586482609Z", "container": "prefect-worker", "msg": "2026-08-13 08:11:58 | INFO  | _client.py:_send_single_request:1025 | HTTP Request: GET http://prefect-server:4200/api/csrf-token?client=e271c5b2-5c34-4713-9b02-5a5da6cbbdb5 \"HTTP/1.1 422 Unprocessable Entity\""}
{"ts": "2026-08-13T08:11:58.591106976Z", "container": "prefect-worker", "msg": "2026-08-13 08:11:58 | INFO  | _client.py:_send_single_request:1025 | HTTP Request: PATCH http://prefect-server:4200/api/flow_runs/7736d64b-4e65-4e9d-a8df-9a7001bab43c \"HTTP/1.1 204 No Content\""}
{"ts": "2026-08-13T08:11:58.609275301Z", "container": "prefect-worker", "msg": "2026-08-13 08:11:58 | INFO  | _client.py:_send_single_request:1740 | HTTP Request: GET http://prefect-server:4200/api/flow_runs/7736d64b-4e65-4e9d-a8df-9a7001bab43c \"HTTP/1.1 200 OK\""}
{"ts": "2026-08-13T08:11:58.622608518Z", "container": "prefect-worker", "msg": "2026-08-13 08:11:58 | INFO  | _client.py:_send_single_request:1025 | HTTP Request: POST http://prefect-server:4200/api/flow_runs/7736d64b-4e65-4e9d-a8df-9a7001bab43c/set_state \"HTTP/1.1 201 Created\""}
{"ts": "2026-08-13T08:11:58.627958911Z", "container": "prefect-worker", "msg": "2026-08-13 08:11:58 | INFO  | _client.py:_send_single_request:1025 | HTTP Request: GET http://prefect-server:4200/api/flow_runs/7736d64b-4e65-4e9d-a8df-9a7001bab43c \"HTTP/1.1 200 OK\""}
{"ts": "2026-08-13T08:11:58.632209905Z", "container": "prefect-worker", "msg": "2026-08-13 08:11:58 | INFO  | _client.py:_send_single_request:1025 | HTTP Request: GET http://prefect-server:4200/api/admin/storage \"HTTP/1.1 200 OK\""}
{"ts": "2026-08-13T08:11:58.635139158Z", "container": "prefect-worker", "msg": "2026-08-13 08:11:58 | INFO  | _client.py:_send_single_request:1025 | HTTP Request: GET http://prefect-server:4200/api/admin/storage \"HTTP/1.1 200 OK\""}
{"ts": "2026-08-13T08:11:58.635660262Z", "container": "prefect-worker", "msg": "2026-08-13 08:11:58 | INFO  | flow_engine.py:setup_run_context:1133 | Beginning flow run 'colossal-kelpie' for flow 'smarthub-build-features'"}
{"ts": "2026-08-13T08:11:58.636213077Z", "container": "prefect-worker", "msg": "2026-08-13 08:11:58 | INFO  | flow_engine.py:setup_run_context:1138 | View at http://prefect-server:4200/runs/flow-run/7736d64b-4e65-4e9d-a8df-9a7001bab43c"}
{"ts": "2026-08-13T08:11:58.720000966Z", "container": "prefect-worker", "msg": "2026-08-13 08:11:58 | INFO  | _client.py:_send_single_request:1740 | HTTP Request: GET http://prefect-server:4200/api/flows/ed336d12-897f-42a6-bdf9-d48b8de86b57 \"HTTP/1.1 200 OK\""}
{"ts": "2026-08-13T08:11:58.720508490Z", "container": "prefect-worker", "msg": "2026-08-13 08:11:58 | INFO  | _client.py:_send_single_request:1740 | HTTP Request: GET http://prefect-server:4200/api/work_queues/109a2d50-2dca-4233-a9a5-9ec78fefd79f \"HTTP/1.1 200 OK\""}
{"ts": "2026-08-13T08:11:58.720806393Z", "container": "prefect-worker", "msg": "2026-08-13 08:11:58 | INFO  | _client.py:_send_single_request:1740 | HTTP Request: GET http://prefect-server:4200/api/deployments/8d536def-a82a-4c94-941b-14c2c0468511 \"HTTP/1.1 200 OK\""}
{"ts": "2026-08-13T08:11:58.721386557Z", "container": "prefect-worker", "msg": "2026-08-13 08:11:58 | INFO  | _client.py:_send_single_request:1740 | HTTP Request: GET http://prefect-server:4200/api/work_pools/smarthub-pool \"HTTP/1.1 200 OK\""}
{"ts": "2026-08-13T08:12:00.462728251Z", "container": "prefect-worker", "msg": "2026-08-13 08:12:00 | INFO  | _client.py:_send_single_request:1740 | HTTP Request: GET http://prefect-server:4200/api/csrf-token?client=68b86ede-b98a-4bbd-9e0a-2b4631d5d35f \"HTTP/1.1 422 Unprocessable Entity\""}
{"ts": "2026-08-13T08:12:00.470217781Z", "container": "prefect-worker", "msg": "2026-08-13 08:12:00 | INFO  | _client.py:_send_single_request:1740 | HTTP Request: POST http://prefect-server:4200/api/logs/ \"HTTP/1.1 201 Created\""}
{"ts": "2026-08-13T08:12:08.716768784Z", "container": "prefect-worker", "msg": "2026-08-13 08:12:08 | INFO  | build.py:run_build_features:266 | [auto] training table 2026-08-13T081207Z: 515012 rows, 40 cols -> /app/data/training_datasets/auto/2026-08-13T081207Z.parquet"}
{"ts": "2026-08-13T08:12:08.837831201Z", "container": "prefect-worker", "msg": "2026-08-13 08:12:08 | INFO  | task_engine.py:log_finished_message:410 | Finished in state Completed()"}
{"ts": "2026-08-13T08:12:08.857405687Z", "container": "prefect-worker", "msg": "2026-08-13 08:12:08 | INFO  | _client.py:_send_single_request:1025 | HTTP Request: POST http://prefect-server:4200/api/artifacts/ \"HTTP/1.1 201 Created\""}
{"ts": "2026-08-13T08:12:09.042461716Z", "container": "prefect-worker", "msg": "2026-08-13 08:12:09 | INFO  | _client.py:_send_single_request:1025 | HTTP Request: POST http://prefect-server:4200/api/flow_runs/7736d64b-4e65-4e9d-a8df-9a7001bab43c/set_state \"HTTP/1.1 201 Created\""}
{"ts": "2026-08-13T08:12:09.359711341Z", "container": "prefect-worker", "msg": "2026-08-13 08:12:09 | INFO  | _client.py:_send_single_request:1740 | HTTP Request: POST http://prefect-server:4200/api/logs/ \"HTTP/1.1 201 Created\""}
{"ts": "2026-08-13T08:12:09.421584605Z", "container": "prefect-worker", "msg": "2026-08-13 08:12:09 | INFO  | flow_engine.py:initialize_run:1235 | Finished in state Completed()"}
{"ts": "2026-08-13T08:12:09.428759092Z", "container": "prefect-worker", "msg": "2026-08-13 08:12:09 | INFO  | _client.py:_send_single_request:1740 | HTTP Request: POST http://prefect-server:4200/api/logs/ \"HTTP/1.1 201 Created\""}
{"ts": "2026-08-13T08:12:09.756275559Z", "container": "prefect-worker", "msg": "08:12:09.755 | INFO    | prefect.flow_runs.runner - Process for flow run 'colossal-kelpie' exited cleanly."}
{"ts": "2026-08-13T08:14:53.195274780Z", "container": "prefect-worker", "msg": "08:14:53.194 | INFO    | prefect.flow_runs.worker - Worker 'ProcessWorker 913b37e1-de0e-4973-8eeb-baef1047de2f' submitting flow run '019ffa22-e21b-7191-89aa-e56f1825f04b'"}
{"ts": "2026-08-13T08:14:53.327394805Z", "container": "prefect-worker", "msg": "08:14:53.326 | INFO    | prefect.flow_runs.runner - Starting flow run process..."}
{"ts": "2026-08-13T08:14:53.350339809Z", "container": "prefect-worker", "msg": "08:14:53.349 | INFO    | prefect.flow_runs.worker - Flow run 'fractal-mastiff' submitted to infrastructure"}
{"ts": "2026-08-13T08:14:54.537837298Z", "container": "prefect-worker", "msg": "08:14:54.532 | INFO    | Flow run 'fractal-mastiff' - Running 1 deployment pull step(s)"}
{"ts": "2026-08-13T08:14:54.558840066Z", "container": "prefect-worker", "msg": "08:14:54.557 | INFO    | Flow run 'fractal-mastiff' - Executing deployment step: set_working_directory"}
{"ts": "2026-08-13T08:14:54.570343878Z", "container": "prefect-worker", "msg": "08:14:54.569 | INFO    | Flow run 'fractal-mastiff' - Deployment step 'set_working_directory' completed successfully"}
{"ts": "2026-08-13T08:14:54.584106788Z", "container": "prefect-worker", "msg": "08:14:54.583 | INFO    | Flow run 'fractal-mastiff' - All deployment steps completed successfully"}
{"ts": "2026-08-13T08:14:55.023981353Z", "container": "prefect-worker", "msg": "2026-08-13 08:14:55 | INFO  | _client.py:_send_single_request:1025 | HTTP Request: GET http://prefect-server:4200/api/admin/version \"HTTP/1.1 200 OK\""}
{"ts": "2026-08-13T08:14:55.027396510Z", "container": "prefect-worker", "msg": "2026-08-13 08:14:55 | INFO  | _client.py:_send_single_request:1025 | HTTP Request: GET http://prefect-server:4200/api/csrf-token?client=92f63354-1695-4c69-9ade-192c830775cb \"HTTP/1.1 422 Unprocessable Entity\""}
{"ts": "2026-08-13T08:14:55.031839255Z", "container": "prefect-worker", "msg": "2026-08-13 08:14:55 | INFO  | _client.py:_send_single_request:1025 | HTTP Request: PATCH http://prefect-server:4200/api/flow_runs/019ffa22-e21b-7191-89aa-e56f1825f04b \"HTTP/1.1 204 No Content\""}
{"ts": "2026-08-13T08:14:55.050474834Z", "container": "prefect-worker", "msg": "2026-08-13 08:14:55 | INFO  | _client.py:_send_single_request:1740 | HTTP Request: GET http://prefect-server:4200/api/flow_runs/019ffa22-e21b-7191-89aa-e56f1825f04b \"HTTP/1.1 200 OK\""}
{"ts": "2026-08-13T08:14:55.062273619Z", "container": "prefect-worker", "msg": "2026-08-13 08:14:55 | INFO  | _client.py:_send_single_request:1025 | HTTP Request: POST http://prefect-server:4200/api/flow_runs/019ffa22-e21b-7191-89aa-e56f1825f04b/set_state \"HTTP/1.1 200 OK\""}
{"ts": "2026-08-13T08:14:56.544860285Z", "container": "prefect-worker", "msg": "2026-08-13 08:14:56 | INFO  | _client.py:_send_single_request:1740 | HTTP Request: GET http://prefect-server:4200/api/csrf-token?client=f868fe46-c65a-455f-b498-56f88f7a94d4 \"HTTP/1.1 422 Unprocessable Entity\""}
{"ts": "2026-08-13T08:14:56.551035485Z", "container": "prefect-worker", "msg": "2026-08-13 08:14:56 | INFO  | _client.py:_send_single_request:1740 | HTTP Request: POST http://prefect-server:4200/api/logs/ \"HTTP/1.1 201 Created\""}
{"ts": "2026-08-13T08:15:00.076873906Z", "container": "prefect-worker", "msg": "2026-08-13 08:15:00 | INFO  | _client.py:_send_single_request:1025 | HTTP Request: POST http://prefect-server:4200/api/flow_runs/019ffa22-e21b-7191-89aa-e56f1825f04b/set_state \"HTTP/1.1 201 Created\""}
{"ts": "2026-08-13T08:15:00.082561831Z", "container": "prefect-worker", "msg": "2026-08-13 08:15:00 | INFO  | _client.py:_send_single_request:1025 | HTTP Request: GET http://prefect-server:4200/api/flow_runs/019ffa22-e21b-7191-89aa-e56f1825f04b \"HTTP/1.1 200 OK\""}
{"ts": "2026-08-13T08:15:00.087037396Z", "container": "prefect-worker", "msg": "2026-08-13 08:15:00 | INFO  | _client.py:_send_single_request:1025 | HTTP Request: GET http://prefect-server:4200/api/admin/storage \"HTTP/1.1 200 OK\""}
{"ts": "2026-08-13T08:15:00.090062171Z", "container": "prefect-worker", "msg": "2026-08-13 08:15:00 | INFO  | _client.py:_send_single_request:1025 | HTTP Request: GET http://prefect-server:4200/api/admin/storage \"HTTP/1.1 200 OK\""}
{"ts": "2026-08-13T08:15:00.090619155Z", "container": "prefect-worker", "msg": "2026-08-13 08:15:00 | INFO  | flow_engine.py:setup_run_context:1133 | Beginning flow run 'fractal-mastiff' for flow 'smarthub-data-pull'"}
{"ts": "2026-08-13T08:15:00.091189030Z", "container": "prefect-worker", "msg": "2026-08-13 08:15:00 | INFO  | flow_engine.py:setup_run_context:1138 | View at http://prefect-server:4200/runs/flow-run/019ffa22-e21b-7191-89aa-e56f1825f04b"}
{"ts": "2026-08-13T08:15:00.124190144Z", "container": "prefect-worker", "msg": "2026-08-13 08:15:00 | INFO  | _client.py:_send_single_request:1740 | HTTP Request: GET http://prefect-server:4200/api/flows/c49e248a-be9d-43b9-ad26-cff3b7117b11 \"HTTP/1.1 200 OK\""}
{"ts": "2026-08-13T08:15:00.131991496Z", "container": "prefect-worker", "msg": "2026-08-13 08:15:00 | INFO  | _client.py:_send_single_request:1740 | HTTP Request: GET http://prefect-server:4200/api/work_queues/32c7c4c1-2900-49ee-9a5d-6d3163577ef9 \"HTTP/1.1 200 OK\""}
{"ts": "2026-08-13T08:15:00.133819861Z", "container": "prefect-worker", "msg": "2026-08-13 08:15:00 | INFO  | _client.py:_send_single_request:1740 | HTTP Request: GET http://prefect-server:4200/api/deployments/15dcce44-4b5f-4048-b854-eeba60c3b514 \"HTTP/1.1 200 OK\""}
{"ts": "2026-08-13T08:15:00.134894469Z", "container": "prefect-worker", "msg": "2026-08-13 08:15:00 | INFO  | _client.py:_send_single_request:1025 | HTTP Request: GET http://prefect-server:4200/api/variables/name/smarthub_last_pull_timestamp_home \"HTTP/1.1 200 OK\""}
{"ts": "2026-08-13T08:15:00.137707311Z", "container": "prefect-worker", "msg": "2026-08-13 08:15:00 | INFO  | task_engine.py:log_finished_message:410 | Finished in state Completed()"}
{"ts": "2026-08-13T08:15:00.138205215Z", "container": "prefect-worker", "msg": "2026-08-13 08:15:00 | INFO  | flow.py:data_pull_flow:246 | [home] pulling window 2026-08-13 03:14:50 -> 2026-08-13 08:15:00"}
{"ts": "2026-08-13T08:15:00.141158139Z", "container": "prefect-worker", "msg": "2026-08-13 08:15:00 | INFO  | _client.py:_send_single_request:1025 | HTTP Request: GET http://prefect-server:4200/api/variables/name/smarthub_last_pull_timestamp_home \"HTTP/1.1 200 OK\""}
{"ts": "2026-08-13T08:15:00.145466633Z", "container": "prefect-worker", "msg": "2026-08-13 08:15:00 | INFO  | pull.py:fetch_leads:134 | SSH_TUNNEL=false -- connecting directly to Redshift smart-hub.c9m7m7mw0tl8.us-east-1.redshift.amazonaws.com:5439"}
{"ts": "2026-08-13T08:15:00.154096642Z", "container": "prefect-worker", "msg": "2026-08-13 08:15:00 | INFO  | _client.py:_send_single_request:1740 | HTTP Request: GET http://prefect-server:4200/api/work_pools/smarthub-pool \"HTTP/1.1 200 OK\""}
{"ts": "2026-08-13T08:15:00.341800262Z", "container": "prefect-worker", "msg": "2026-08-13 08:15:00 | INFO  | plugins.py:__init__:37 | setup plugin alembic.autogenerate.schemas"}
{"ts": "2026-08-13T08:15:00.342077994Z", "container": "prefect-worker", "msg": "2026-08-13 08:15:00 | INFO  | plugins.py:__init__:37 | setup plugin alembic.autogenerate.tables"}
{"ts": "2026-08-13T08:15:00.342102324Z", "container": "prefect-worker", "msg": "2026-08-13 08:15:00 | INFO  | plugins.py:__init__:37 | setup plugin alembic.autogenerate.types"}
{"ts": "2026-08-13T08:15:00.342106234Z", "container": "prefect-worker", "msg": "2026-08-13 08:15:00 | INFO  | plugins.py:__init__:37 | setup plugin alembic.autogenerate.constraints"}
{"ts": "2026-08-13T08:15:00.342109434Z", "container": "prefect-worker", "msg": "2026-08-13 08:15:00 | INFO  | plugins.py:__init__:37 | setup plugin alembic.autogenerate.defaults"}
{"ts": "2026-08-13T08:15:00.342112364Z", "container": "prefect-worker", "msg": "2026-08-13 08:15:00 | INFO  | plugins.py:__init__:37 | setup plugin alembic.autogenerate.comments"}
{"ts": "2026-08-13T08:15:00.559865304Z", "container": "prefect-worker", "msg": "2026-08-13 08:15:00 | INFO  | _client.py:_send_single_request:1740 | HTTP Request: POST http://prefect-server:4200/api/logs/ \"HTTP/1.1 201 Created\""}
{"ts": "2026-08-13T08:15:00.752160280Z", "container": "prefect-worker", "msg": "2026-08-13 08:15:00 | INFO  | pull.py:fetch_leads:154 | Fetched leads frame with shape (634, 57)"}
{"ts": "2026-08-13T08:15:00.753384520Z", "container": "prefect-worker", "msg": "2026-08-13 08:15:00 | INFO  | task_engine.py:log_finished_message:410 | Finished in state Completed()"}
{"ts": "2026-08-13T08:15:00.903583930Z", "container": "prefect-worker", "msg": "2026-08-13 08:15:00 | INFO  | validation_report.py:log_summary:165 | data-quality: rows=634, status=issues flagged, rule_violation_rows=1,270, cross_field={'current_carrier_when_not_insured': 586}, high_missing=['accepted', 'accepted_listings', 'annual_revenue', 'erred', 'error_reason_id', 'health_conditions', 'household_income', 'lead_created_at', 'life_coverage_amount', 'life_coverage_type', 'naics_code', 'num_dependents', 'num_employees', 'num_home_claims', 'pnc_bundle', 'rev', 'sic_code', 'won']"}
{"ts": "2026-08-13T08:15:00.919632028Z", "container": "prefect-worker", "msg": "2026-08-13 08:15:00 | INFO  | _client.py:_send_single_request:1025 | HTTP Request: POST http://prefect-server:4200/api/artifacts/ \"HTTP/1.1 201 Created\""}
{"ts": "2026-08-13T08:15:00.922701592Z", "container": "prefect-worker", "msg": "2026-08-13 08:15:00 | INFO  | task_engine.py:log_finished_message:410 | Finished in state Completed()"}
{"ts": "2026-08-13T08:15:01.010233062Z", "container": "prefect-worker", "msg": "2026-08-13 08:15:01 | INFO  | storage.py:append_parquet:470 | Parquet partition 13-08-2026.parquet: +634 rows"}
{"ts": "2026-08-13T08:15:01.015068330Z", "container": "prefect-worker", "msg": "2026-08-13 08:15:01 | INFO  | task_engine.py:log_finished_message:410 | Finished in state Completed()"}
{"ts": "2026-08-13T08:15:01.036401981Z", "container": "prefect-worker", "msg": "2026-08-13 08:15:01 | INFO  | _client.py:_send_single_request:1025 | HTTP Request: GET http://prefect-server:4200/api/variables/name/smarthub_last_pull_timestamp_home \"HTTP/1.1 200 OK\""}
{"ts": "2026-08-13T08:15:01.047504579Z", "container": "prefect-worker", "msg": "2026-08-13 08:15:01 | INFO  | _client.py:_send_single_request:1025 | HTTP Request: PATCH http://prefect-server:4200/api/variables/name/smarthub_last_pull_timestamp_home \"HTTP/1.1 204 No Content\""}
{"ts": "2026-08-13T08:15:01.050187271Z", "container": "prefect-worker", "msg": "2026-08-13 08:15:01 | INFO  | _client.py:_send_single_request:1025 | HTTP Request: GET http://prefect-server:4200/api/variables/name/smarthub_last_pull_timestamp_home \"HTTP/1.1 200 OK\""}
{"ts": "2026-08-13T08:15:01.051527681Z", "container": "prefect-worker", "msg": "2026-08-13 08:15:01 | INFO  | task_engine.py:log_finished_message:410 | Finished in state Completed()"}
{"ts": "2026-08-13T08:15:01.052027565Z", "container": "prefect-worker", "msg": "2026-08-13 08:15:01 | INFO  | flow.py:data_pull_flow:254 | [home] persisted {'parquet_rows': 634, 'parquet_paths': ['/app/data/raw_datasets/leads/2026/08/13-08-2026.parquet']}; watermark now 2026-08-13 08:13:38"}
{"ts": "2026-08-13T08:15:01.065982107Z", "container": "prefect-worker", "msg": "2026-08-13 08:15:01 | INFO  | _client.py:_send_single_request:1025 | HTTP Request: POST http://prefect-server:4200/api/artifacts/ \"HTTP/1.1 201 Created\""}
{"ts": "2026-08-13T08:15:01.149394984Z", "container": "prefect-worker", "msg": "2026-08-13 08:15:01 | INFO  | _client.py:_send_single_request:1025 | HTTP Request: POST http://prefect-server:4200/api/flow_runs/019ffa22-e21b-7191-89aa-e56f1825f04b/set_state \"HTTP/1.1 201 Created\""}
{"ts": "2026-08-13T08:15:02.276944181Z", "container": "prefect-worker", "msg": "2026-08-13 08:15:02 | INFO  | flow_engine.py:initialize_run:1235 | Finished in state Completed()"}
{"ts": "2026-08-13T08:15:02.287137902Z", "container": "prefect-worker", "msg": "2026-08-13 08:15:02 | INFO  | _client.py:_send_single_request:1740 | HTTP Request: POST http://prefect-server:4200/api/logs/ \"HTTP/1.1 201 Created\""}
{"ts": "2026-08-13T08:15:02.738471338Z", "container": "prefect-worker", "msg": "08:15:02.737 | INFO    | prefect.flow_runs.runner - Process for flow run 'fractal-mastiff' exited cleanly."}
{"ts": "2026-08-13T08:17:29.407839978Z", "container": "prefect-worker", "msg": "08:17:29.407 | INFO    | prefect.flow_runs.worker - Worker 'ProcessWorker 913b37e1-de0e-4973-8eeb-baef1047de2f' submitting flow run '8a98dc32-523f-4349-a649-628812d82b86'"}
{"ts": "2026-08-13T08:17:29.530506056Z", "container": "prefect-worker", "msg": "08:17:29.529 | INFO    | prefect.flow_runs.runner - Starting flow run process..."}
{"ts": "2026-08-13T08:17:29.553651360Z", "container": "prefect-worker", "msg": "08:17:29.553 | INFO    | prefect.flow_runs.worker - Flow run 'giga-oryx' submitted to infrastructure"}
{"ts": "2026-08-13T08:17:30.756142632Z", "container": "prefect-worker", "msg": "08:17:30.750 | INFO    | Flow run 'giga-oryx' - Running 1 deployment pull step(s)"}
{"ts": "2026-08-13T08:17:30.776822347Z", "container": "prefect-worker", "msg": "08:17:30.775 | INFO    | Flow run 'giga-oryx' - Executing deployment step: set_working_directory"}
{"ts": "2026-08-13T08:17:30.788239688Z", "container": "prefect-worker", "msg": "08:17:30.787 | INFO    | Flow run 'giga-oryx' - Deployment step 'set_working_directory' completed successfully"}
{"ts": "2026-08-13T08:17:30.801742605Z", "container": "prefect-worker", "msg": "08:17:30.801 | INFO    | Flow run 'giga-oryx' - All deployment steps completed successfully"}
{"ts": "2026-08-13T08:17:31.233833458Z", "container": "prefect-worker", "msg": "2026-08-13 08:17:31 | INFO  | _client.py:_send_single_request:1025 | HTTP Request: GET http://prefect-server:4200/api/admin/version \"HTTP/1.1 200 OK\""}
{"ts": "2026-08-13T08:17:31.237384047Z", "container": "prefect-worker", "msg": "2026-08-13 08:17:31 | INFO  | _client.py:_send_single_request:1025 | HTTP Request: GET http://prefect-server:4200/api/csrf-token?client=fa4503db-7389-4f10-a43d-906b30d0d528 \"HTTP/1.1 422 Unprocessable Entity\""}
{"ts": "2026-08-13T08:17:31.242183875Z", "container": "prefect-worker", "msg": "2026-08-13 08:17:31 | INFO  | _client.py:_send_single_request:1025 | HTTP Request: PATCH http://prefect-server:4200/api/flow_runs/8a98dc32-523f-4349-a649-628812d82b86 \"HTTP/1.1 204 No Content\""}
{"ts": "2026-08-13T08:17:31.260063278Z", "container": "prefect-worker", "msg": "2026-08-13 08:17:31 | INFO  | _client.py:_send_single_request:1740 | HTTP Request: GET http://prefect-server:4200/api/flow_runs/8a98dc32-523f-4349-a649-628812d82b86 \"HTTP/1.1 200 OK\""}
{"ts": "2026-08-13T08:17:31.273616915Z", "container": "prefect-worker", "msg": "2026-08-13 08:17:31 | INFO  | _client.py:_send_single_request:1025 | HTTP Request: POST http://prefect-server:4200/api/flow_runs/8a98dc32-523f-4349-a649-628812d82b86/set_state \"HTTP/1.1 201 Created\""}
{"ts": "2026-08-13T08:17:31.278688846Z", "container": "prefect-worker", "msg": "2026-08-13 08:17:31 | INFO  | _client.py:_send_single_request:1025 | HTTP Request: GET http://prefect-server:4200/api/flow_runs/8a98dc32-523f-4349-a649-628812d82b86 \"HTTP/1.1 200 OK\""}
{"ts": "2026-08-13T08:17:31.282134993Z", "container": "prefect-worker", "msg": "2026-08-13 08:17:31 | INFO  | _client.py:_send_single_request:1025 | HTTP Request: GET http://prefect-server:4200/api/admin/storage \"HTTP/1.1 200 OK\""}
{"ts": "2026-08-13T08:17:31.284947665Z", "container": "prefect-worker", "msg": "2026-08-13 08:17:31 | INFO  | _client.py:_send_single_request:1025 | HTTP Request: GET http://prefect-server:4200/api/admin/storage \"HTTP/1.1 200 OK\""}
{"ts": "2026-08-13T08:17:31.285463980Z", "container": "prefect-worker", "msg": "2026-08-13 08:17:31 | INFO  | flow_engine.py:setup_run_context:1133 | Beginning flow run 'giga-oryx' for flow 'smarthub-data-pull'"}
{"ts": "2026-08-13T08:17:31.285865003Z", "container": "prefect-worker", "msg": "2026-08-13 08:17:31 | INFO  | flow_engine.py:setup_run_context:1138 | View at http://prefect-server:4200/runs/flow-run/8a98dc32-523f-4349-a649-628812d82b86"}
{"ts": "2026-08-13T08:17:31.318526983Z", "container": "prefect-worker", "msg": "2026-08-13 08:17:31 | INFO  | _client.py:_send_single_request:1740 | HTTP Request: GET http://prefect-server:4200/api/flows/c49e248a-be9d-43b9-ad26-cff3b7117b11 \"HTTP/1.1 200 OK\""}
{"ts": "2026-08-13T08:17:31.327281293Z", "container": "prefect-worker", "msg": "2026-08-13 08:17:31 | INFO  | _client.py:_send_single_request:1740 | HTTP Request: GET http://prefect-server:4200/api/work_queues/32c7c4c1-2900-49ee-9a5d-6d3163577ef9 \"HTTP/1.1 200 OK\""}
{"ts": "2026-08-13T08:17:31.327536105Z", "container": "prefect-worker", "msg": "2026-08-13 08:17:31 | INFO  | _client.py:_send_single_request:1740 | HTTP Request: GET http://prefect-server:4200/api/deployments/15dcce44-4b5f-4048-b854-eeba60c3b514 \"HTTP/1.1 200 OK\""}
{"ts": "2026-08-13T08:17:31.329536701Z", "container": "prefect-worker", "msg": "2026-08-13 08:17:31 | INFO  | _client.py:_send_single_request:1025 | HTTP Request: GET http://prefect-server:4200/api/variables/name/smarthub_last_pull_timestamp_auto \"HTTP/1.1 200 OK\""}
{"ts": "2026-08-13T08:17:31.333151940Z", "container": "prefect-worker", "msg": "2026-08-13 08:17:31 | INFO  | task_engine.py:log_finished_message:410 | Finished in state Completed()"}
{"ts": "2026-08-13T08:17:31.333440482Z", "container": "prefect-worker", "msg": "2026-08-13 08:17:31 | INFO  | flow.py:data_pull_flow:246 | [auto] pulling window 2026-08-13 02:59:51 -> 2026-08-13 08:17:31"}
{"ts": "2026-08-13T08:17:31.336728368Z", "container": "prefect-worker", "msg": "2026-08-13 08:17:31 | INFO  | _client.py:_send_single_request:1025 | HTTP Request: GET http://prefect-server:4200/api/variables/name/smarthub_last_pull_timestamp_auto \"HTTP/1.1 200 OK\""}
{"ts": "2026-08-13T08:17:31.340782851Z", "container": "prefect-worker", "msg": "2026-08-13 08:17:31 | INFO  | pull.py:fetch_leads:134 | SSH_TUNNEL=false -- connecting directly to Redshift smart-hub.c9m7m7mw0tl8.us-east-1.redshift.amazonaws.com:5439"}
{"ts": "2026-08-13T08:17:31.350091515Z", "container": "prefect-worker", "msg": "2026-08-13 08:17:31 | INFO  | _client.py:_send_single_request:1740 | HTTP Request: GET http://prefect-server:4200/api/work_pools/smarthub-pool \"HTTP/1.1 200 OK\""}
{"ts": "2026-08-13T08:17:31.539106641Z", "container": "prefect-worker", "msg": "2026-08-13 08:17:31 | INFO  | plugins.py:__init__:37 | setup plugin alembic.autogenerate.schemas"}
{"ts": "2026-08-13T08:17:31.539314853Z", "container": "prefect-worker", "msg": "2026-08-13 08:17:31 | INFO  | plugins.py:__init__:37 | setup plugin alembic.autogenerate.tables"}
{"ts": "2026-08-13T08:17:31.539328143Z", "container": "prefect-worker", "msg": "2026-08-13 08:17:31 | INFO  | plugins.py:__init__:37 | setup plugin alembic.autogenerate.types"}
{"ts": "2026-08-13T08:17:31.539331933Z", "container": "prefect-worker", "msg": "2026-08-13 08:17:31 | INFO  | plugins.py:__init__:37 | setup plugin alembic.autogenerate.constraints"}
{"ts": "2026-08-13T08:17:31.539633955Z", "container": "prefect-worker", "msg": "2026-08-13 08:17:31 | INFO  | plugins.py:__init__:37 | setup plugin alembic.autogenerate.defaults"}
{"ts": "2026-08-13T08:17:31.539642385Z", "container": "prefect-worker", "msg": "2026-08-13 08:17:31 | INFO  | plugins.py:__init__:37 | setup plugin alembic.autogenerate.comments"}
{"ts": "2026-08-13T08:17:32.080374614Z", "container": "prefect-worker", "msg": "2026-08-13 08:17:32 | INFO  | pull.py:fetch_leads:154 | Fetched leads frame with shape (5190, 57)"}
{"ts": "2026-08-13T08:17:32.081667844Z", "container": "prefect-worker", "msg": "2026-08-13 08:17:32 | INFO  | task_engine.py:log_finished_message:410 | Finished in state Completed()"}
{"ts": "2026-08-13T08:17:32.296607947Z", "container": "prefect-worker", "msg": "2026-08-13 08:17:32 | INFO  | validation_report.py:log_summary:165 | data-quality: rows=5,190, status=issues flagged, rule_violation_rows=10,382, cross_field={'current_carrier_when_not_insured': 4230}, high_missing=['accepted', 'accepted_listings', 'annual_revenue', 'erred', 'error_reason_id', 'expected_revenue', 'health_conditions', 'household_income', 'lead_created_at', 'life_coverage_amount', 'life_coverage_type', 'naics_code', 'num_dependents', 'num_employees', 'num_selected_listings', 'pnc_bundle', 'realized_payout', 'rev', 'sic_code', 'won']"}
{"ts": "2026-08-13T08:17:32.311365984Z", "container": "prefect-worker", "msg": "2026-08-13 08:17:32 | INFO  | _client.py:_send_single_request:1025 | HTTP Request: POST http://prefect-server:4200/api/artifacts/ \"HTTP/1.1 201 Created\""}
{"ts": "2026-08-13T08:17:32.314364708Z", "container": "prefect-worker", "msg": "2026-08-13 08:17:32 | INFO  | task_engine.py:log_finished_message:410 | Finished in state Completed()"}
{"ts": "2026-08-13T08:17:32.433179205Z", "container": "prefect-worker", "msg": "2026-08-13 08:17:32 | INFO  | storage.py:append_parquet:470 | Parquet partition 13-08-2026.parquet: +5190 rows"}
{"ts": "2026-08-13T08:17:32.447142946Z", "container": "prefect-worker", "msg": "2026-08-13 08:17:32 | INFO  | task_engine.py:log_finished_message:410 | Finished in state Completed()"}
{"ts": "2026-08-13T08:17:32.475741204Z", "container": "prefect-worker", "msg": "2026-08-13 08:17:32 | INFO  | _client.py:_send_single_request:1025 | HTTP Request: GET http://prefect-server:4200/api/variables/name/smarthub_last_pull_timestamp_auto \"HTTP/1.1 200 OK\""}
{"ts": "2026-08-13T08:17:32.486798502Z", "container": "prefect-worker", "msg": "2026-08-13 08:17:32 | INFO  | _client.py:_send_single_request:1025 | HTTP Request: PATCH http://prefect-server:4200/api/variables/name/smarthub_last_pull_timestamp_auto \"HTTP/1.1 204 No Content\""}
{"ts": "2026-08-13T08:17:32.498575786Z", "container": "prefect-worker", "msg": "2026-08-13 08:17:32 | INFO  | _client.py:_send_single_request:1025 | HTTP Request: GET http://prefect-server:4200/api/variables/name/smarthub_last_pull_timestamp_auto \"HTTP/1.1 200 OK\""}
{"ts": "2026-08-13T08:17:32.499866296Z", "container": "prefect-worker", "msg": "2026-08-13 08:17:32 | INFO  | task_engine.py:log_finished_message:410 | Finished in state Completed()"}
{"ts": "2026-08-13T08:17:32.500382220Z", "container": "prefect-worker", "msg": "2026-08-13 08:17:32 | INFO  | flow.py:data_pull_flow:254 | [auto] persisted {'parquet_rows': 5190, 'parquet_paths': ['/app/data/raw_datasets/leads/2026/08/13-08-2026.parquet']}; watermark now 2026-08-13 08:17:15"}
{"ts": "2026-08-13T08:17:32.549142359Z", "container": "prefect-worker", "msg": "2026-08-13 08:17:32 | INFO  | _client.py:_send_single_request:1025 | HTTP Request: POST http://prefect-server:4200/api/artifacts/ \"HTTP/1.1 201 Created\""}
{"ts": "2026-08-13T08:17:32.634426148Z", "container": "prefect-worker", "msg": "2026-08-13 08:17:32 | INFO  | _client.py:_send_single_request:1025 | HTTP Request: POST http://prefect-server:4200/api/flow_runs/8a98dc32-523f-4349-a649-628812d82b86/set_state \"HTTP/1.1 201 Created\""}
{"ts": "2026-08-13T08:17:32.763154234Z", "container": "prefect-worker", "msg": "2026-08-13 08:17:32 | INFO  | _client.py:_send_single_request:1740 | HTTP Request: GET http://prefect-server:4200/api/csrf-token?client=7100349f-f93a-47bc-ad5e-7102b726fa8d \"HTTP/1.1 422 Unprocessable Entity\""}
{"ts": "2026-08-13T08:17:32.772760771Z", "container": "prefect-worker", "msg": "2026-08-13 08:17:32 | INFO  | _client.py:_send_single_request:1740 | HTTP Request: POST http://prefect-server:4200/api/logs/ \"HTTP/1.1 201 Created\""}
{"ts": "2026-08-13T08:17:33.470429070Z", "container": "prefect-worker", "msg": "2026-08-13 08:17:33 | INFO  | flow_engine.py:initialize_run:1235 | Finished in state Completed()"}
{"ts": "2026-08-13T08:17:33.478008191Z", "container": "prefect-worker", "msg": "2026-08-13 08:17:33 | INFO  | _client.py:_send_single_request:1740 | HTTP Request: POST http://prefect-server:4200/api/logs/ \"HTTP/1.1 201 Created\""}
{"ts": "2026-08-13T08:17:33.932587922Z", "container": "prefect-worker", "msg": "08:17:33.931 | INFO    | prefect.flow_runs.runner - Process for flow run 'giga-oryx' exited cleanly."}
{"ts": "2026-08-13T08:29:52.282495517Z", "container": "prefect-worker", "msg": "08:29:52.281 | INFO    | prefect.flow_runs.worker - Worker 'ProcessWorker 913b37e1-de0e-4973-8eeb-baef1047de2f' submitting flow run '019ffa22-e233-7f35-b176-f26d89d37ed2'"}
{"ts": "2026-08-13T08:29:52.418141777Z", "container": "prefect-worker", "msg": "08:29:52.417 | INFO    | prefect.flow_runs.runner - Starting flow run process..."}
{"ts": "2026-08-13T08:29:52.441669453Z", "container": "prefect-worker", "msg": "08:29:52.441 | INFO    | prefect.flow_runs.worker - Flow run 'amusing-quetzal' submitted to infrastructure"}
{"ts": "2026-08-13T08:29:53.650803616Z", "container": "prefect-worker", "msg": "08:29:53.645 | INFO    | Flow run 'amusing-quetzal' - Running 1 deployment pull step(s)"}
{"ts": "2026-08-13T08:29:53.671796331Z", "container": "prefect-worker", "msg": "08:29:53.670 | INFO    | Flow run 'amusing-quetzal' - Executing deployment step: set_working_directory"}
{"ts": "2026-08-13T08:29:53.683881817Z", "container": "prefect-worker", "msg": "08:29:53.682 | INFO    | Flow run 'amusing-quetzal' - Deployment step 'set_working_directory' completed successfully"}
{"ts": "2026-08-13T08:29:53.697890817Z", "container": "prefect-worker", "msg": "08:29:53.697 | INFO    | Flow run 'amusing-quetzal' - All deployment steps completed successfully"}
{"ts": "2026-08-13T08:29:53.781568877Z", "container": "prefect-worker", "msg": "2026-08-13 08:29:53 | INFO  | _client.py:_send_single_request:1025 | HTTP Request: GET http://prefect-server:4200/api/admin/version \"HTTP/1.1 200 OK\""}
{"ts": "2026-08-13T08:29:53.784752952Z", "container": "prefect-worker", "msg": "2026-08-13 08:29:53 | INFO  | _client.py:_send_single_request:1025 | HTTP Request: GET http://prefect-server:4200/api/csrf-token?client=b077a3e9-f70c-45d8-87fd-09350b2646aa \"HTTP/1.1 422 Unprocessable Entity\""}
{"ts": "2026-08-13T08:29:53.789687151Z", "container": "prefect-worker", "msg": "2026-08-13 08:29:53 | INFO  | _client.py:_send_single_request:1025 | HTTP Request: PATCH http://prefect-server:4200/api/flow_runs/019ffa22-e233-7f35-b176-f26d89d37ed2 \"HTTP/1.1 204 No Content\""}
{"ts": "2026-08-13T08:29:53.807445181Z", "container": "prefect-worker", "msg": "2026-08-13 08:29:53 | INFO  | _client.py:_send_single_request:1740 | HTTP Request: GET http://prefect-server:4200/api/flow_runs/019ffa22-e233-7f35-b176-f26d89d37ed2 \"HTTP/1.1 200 OK\""}
{"ts": "2026-08-13T08:29:53.818138545Z", "container": "prefect-worker", "msg": "2026-08-13 08:29:53 | INFO  | _client.py:_send_single_request:1025 | HTTP Request: POST http://prefect-server:4200/api/flow_runs/019ffa22-e233-7f35-b176-f26d89d37ed2/set_state \"HTTP/1.1 200 OK\""}
{"ts": "2026-08-13T08:29:55.661359448Z", "container": "prefect-worker", "msg": "2026-08-13 08:29:55 | INFO  | _client.py:_send_single_request:1740 | HTTP Request: GET http://prefect-server:4200/api/csrf-token?client=349e70ef-2f68-492e-a55e-afa9cbedbf73 \"HTTP/1.1 422 Unprocessable Entity\""}
{"ts": "2026-08-13T08:29:55.668266962Z", "container": "prefect-worker", "msg": "2026-08-13 08:29:55 | INFO  | _client.py:_send_single_request:1740 | HTTP Request: POST http://prefect-server:4200/api/logs/ \"HTTP/1.1 201 Created\""}
{"ts": "2026-08-13T08:29:59.832278363Z", "container": "prefect-worker", "msg": "2026-08-13 08:29:59 | INFO  | _client.py:_send_single_request:1025 | HTTP Request: POST http://prefect-server:4200/api/flow_runs/019ffa22-e233-7f35-b176-f26d89d37ed2/set_state \"HTTP/1.1 201 Created\""}
{"ts": "2026-08-13T08:29:59.837856677Z", "container": "prefect-worker", "msg": "2026-08-13 08:29:59 | INFO  | _client.py:_send_single_request:1025 | HTTP Request: GET http://prefect-server:4200/api/flow_runs/019ffa22-e233-7f35-b176-f26d89d37ed2 \"HTTP/1.1 200 OK\""}
{"ts": "2026-08-13T08:29:59.842422963Z", "container": "prefect-worker", "msg": "2026-08-13 08:29:59 | INFO  | _client.py:_send_single_request:1025 | HTTP Request: GET http://prefect-server:4200/api/admin/storage \"HTTP/1.1 200 OK\""}
{"ts": "2026-08-13T08:29:59.845331456Z", "container": "prefect-worker", "msg": "2026-08-13 08:29:59 | INFO  | _client.py:_send_single_request:1025 | HTTP Request: GET http://prefect-server:4200/api/admin/storage \"HTTP/1.1 200 OK\""}
{"ts": "2026-08-13T08:29:59.845867850Z", "container": "prefect-worker", "msg": "2026-08-13 08:29:59 | INFO  | flow_engine.py:setup_run_context:1133 | Beginning flow run 'amusing-quetzal' for flow 'smarthub-build-features'"}
{"ts": "2026-08-13T08:29:59.846231083Z", "container": "prefect-worker", "msg": "2026-08-13 08:29:59 | INFO  | flow_engine.py:setup_run_context:1138 | View at http://prefect-server:4200/runs/flow-run/019ffa22-e233-7f35-b176-f26d89d37ed2"}
{"ts": "2026-08-13T08:29:59.867869754Z", "container": "prefect-worker", "msg": "2026-08-13 08:29:59 | INFO  | _client.py:_send_single_request:1740 | HTTP Request: GET http://prefect-server:4200/api/flows/ed336d12-897f-42a6-bdf9-d48b8de86b57 \"HTTP/1.1 200 OK\""}
{"ts": "2026-08-13T08:29:59.935910830Z", "container": "prefect-worker", "msg": "2026-08-13 08:29:59 | INFO  | _client.py:_send_single_request:1740 | HTTP Request: GET http://prefect-server:4200/api/work_queues/109a2d50-2dca-4233-a9a5-9ec78fefd79f \"HTTP/1.1 200 OK\""}
{"ts": "2026-08-13T08:29:59.937911556Z", "container": "prefect-worker", "msg": "2026-08-13 08:29:59 | INFO  | _client.py:_send_single_request:1740 | HTTP Request: GET http://prefect-server:4200/api/deployments/8d536def-a82a-4c94-941b-14c2c0468511 \"HTTP/1.1 200 OK\""}
{"ts": "2026-08-13T08:29:59.938260119Z", "container": "prefect-worker", "msg": "2026-08-13 08:29:59 | INFO  | _client.py:_send_single_request:1740 | HTTP Request: GET http://prefect-server:4200/api/work_pools/smarthub-pool \"HTTP/1.1 200 OK\""}
{"ts": "2026-08-13T08:30:01.696641232Z", "container": "prefect-worker", "msg": "2026-08-13 08:30:01 | INFO  | _client.py:_send_single_request:1740 | HTTP Request: POST http://prefect-server:4200/api/logs/ \"HTTP/1.1 201 Created\""}
{"ts": "2026-08-13T08:30:08.974570791Z", "container": "prefect-worker", "msg": "2026-08-13 08:30:08 | INFO  | build.py:run_build_features:266 | [auto] training table 2026-08-13T083008Z: 515062 rows, 40 cols -> /app/data/training_datasets/auto/2026-08-13T083008Z.parquet"}
{"ts": "2026-08-13T08:30:09.090902116Z", "container": "prefect-worker", "msg": "2026-08-13 08:30:09 | INFO  | task_engine.py:log_finished_message:410 | Finished in state Completed()"}
{"ts": "2026-08-13T08:30:09.110138750Z", "container": "prefect-worker", "msg": "2026-08-13 08:30:09 | INFO  | _client.py:_send_single_request:1025 | HTTP Request: POST http://prefect-server:4200/api/artifacts/ \"HTTP/1.1 201 Created\""}
{"ts": "2026-08-13T08:30:09.288258008Z", "container": "prefect-worker", "msg": "2026-08-13 08:30:09 | INFO  | _client.py:_send_single_request:1025 | HTTP Request: POST http://prefect-server:4200/api/flow_runs/019ffa22-e233-7f35-b176-f26d89d37ed2/set_state \"HTTP/1.1 201 Created\""}
{"ts": "2026-08-13T08:30:09.923223652Z", "container": "prefect-worker", "msg": "2026-08-13 08:30:09 | INFO  | _client.py:_send_single_request:1740 | HTTP Request: POST http://prefect-server:4200/api/logs/ \"HTTP/1.1 201 Created\""}
{"ts": "2026-08-13T08:30:10.093315646Z", "container": "prefect-worker", "msg": "2026-08-13 08:30:10 | INFO  | flow_engine.py:initialize_run:1235 | Finished in state Completed()"}
{"ts": "2026-08-13T08:30:10.100362453Z", "container": "prefect-worker", "msg": "2026-08-13 08:30:10 | INFO  | _client.py:_send_single_request:1740 | HTTP Request: POST http://prefect-server:4200/api/logs/ \"HTTP/1.1 201 Created\""}
{"ts": "2026-08-13T08:30:10.400266030Z", "container": "prefect-worker", "msg": "08:30:10.399 | INFO    | prefect.flow_runs.runner - Process for flow run 'amusing-quetzal' exited cleanly."}
{"ts": "2026-08-13T08:44:57.023013929Z", "container": "prefect-worker", "msg": "08:44:57.022 | INFO    | prefect.flow_runs.worker - Worker 'ProcessWorker 913b37e1-de0e-4973-8eeb-baef1047de2f' submitting flow run '019ffa22-e232-7554-8c37-2ba4ed8c7eab'"}
{"ts": "2026-08-13T08:44:57.156422838Z", "container": "prefect-worker", "msg": "08:44:57.155 | INFO    | prefect.flow_runs.runner - Starting flow run process..."}
{"ts": "2026-08-13T08:44:57.180026786Z", "container": "prefect-worker", "msg": "08:44:57.179 | INFO    | prefect.flow_runs.worker - Flow run 'muscular-antelope' submitted to infrastructure"}
{"ts": "2026-08-13T08:44:58.385981714Z", "container": "prefect-worker", "msg": "08:44:58.380 | INFO    | Flow run 'muscular-antelope' - Running 1 deployment pull step(s)"}
{"ts": "2026-08-13T08:44:58.406729899Z", "container": "prefect-worker", "msg": "08:44:58.405 | INFO    | Flow run 'muscular-antelope' - Executing deployment step: set_working_directory"}
{"ts": "2026-08-13T08:44:58.418367301Z", "container": "prefect-worker", "msg": "08:44:58.417 | INFO    | Flow run 'muscular-antelope' - Deployment step 'set_working_directory' completed successfully"}
{"ts": "2026-08-13T08:44:58.432516193Z", "container": "prefect-worker", "msg": "08:44:58.431 | INFO    | Flow run 'muscular-antelope' - All deployment steps completed successfully"}
{"ts": "2026-08-13T08:44:58.515107990Z", "container": "prefect-worker", "msg": "2026-08-13 08:44:58 | INFO  | _client.py:_send_single_request:1025 | HTTP Request: GET http://prefect-server:4200/api/admin/version \"HTTP/1.1 200 OK\""}
{"ts": "2026-08-13T08:44:58.518888819Z", "container": "prefect-worker", "msg": "2026-08-13 08:44:58 | INFO  | _client.py:_send_single_request:1025 | HTTP Request: GET http://prefect-server:4200/api/csrf-token?client=5e2c5ef1-0666-46a8-bd92-01fefa7abb1c \"HTTP/1.1 422 Unprocessable Entity\""}
{"ts": "2026-08-13T08:44:58.523839739Z", "container": "prefect-worker", "msg": "2026-08-13 08:44:58 | INFO  | _client.py:_send_single_request:1025 | HTTP Request: PATCH http://prefect-server:4200/api/flow_runs/019ffa22-e232-7554-8c37-2ba4ed8c7eab \"HTTP/1.1 204 No Content\""}
{"ts": "2026-08-13T08:44:58.542328976Z", "container": "prefect-worker", "msg": "2026-08-13 08:44:58 | INFO  | _client.py:_send_single_request:1740 | HTTP Request: GET http://prefect-server:4200/api/flow_runs/019ffa22-e232-7554-8c37-2ba4ed8c7eab \"HTTP/1.1 200 OK\""}
{"ts": "2026-08-13T08:44:58.553481524Z", "container": "prefect-worker", "msg": "2026-08-13 08:44:58 | INFO  | _client.py:_send_single_request:1025 | HTTP Request: POST http://prefect-server:4200/api/flow_runs/019ffa22-e232-7554-8c37-2ba4ed8c7eab/set_state \"HTTP/1.1 200 OK\""}
{"ts": "2026-08-13T08:44:59.566984674Z", "container": "prefect-worker", "msg": "2026-08-13 08:44:59 | INFO  | _client.py:_send_single_request:1025 | HTTP Request: POST http://prefect-server:4200/api/flow_runs/019ffa22-e232-7554-8c37-2ba4ed8c7eab/set_state \"HTTP/1.1 201 Created\""}
{"ts": "2026-08-13T08:44:59.572886671Z", "container": "prefect-worker", "msg": "2026-08-13 08:44:59 | INFO  | _client.py:_send_single_request:1025 | HTTP Request: GET http://prefect-server:4200/api/flow_runs/019ffa22-e232-7554-8c37-2ba4ed8c7eab \"HTTP/1.1 200 OK\""}
{"ts": "2026-08-13T08:44:59.576539680Z", "container": "prefect-worker", "msg": "2026-08-13 08:44:59 | INFO  | _client.py:_send_single_request:1025 | HTTP Request: GET http://prefect-server:4200/api/admin/storage \"HTTP/1.1 200 OK\""}
{"ts": "2026-08-13T08:44:59.579448983Z", "container": "prefect-worker", "msg": "2026-08-13 08:44:59 | INFO  | _client.py:_send_single_request:1025 | HTTP Request: GET http://prefect-server:4200/api/admin/storage \"HTTP/1.1 200 OK\""}
{"ts": "2026-08-13T08:44:59.579961437Z", "container": "prefect-worker", "msg": "2026-08-13 08:44:59 | INFO  | flow_engine.py:setup_run_context:1133 | Beginning flow run 'muscular-antelope' for flow 'smarthub-build-features'"}
{"ts": "2026-08-13T08:44:59.580520682Z", "container": "prefect-worker", "msg": "2026-08-13 08:44:59 | INFO  | flow_engine.py:setup_run_context:1138 | View at http://prefect-server:4200/runs/flow-run/019ffa22-e232-7554-8c37-2ba4ed8c7eab"}
{"ts": "2026-08-13T08:44:59.602250044Z", "container": "prefect-worker", "msg": "2026-08-13 08:44:59 | INFO  | _client.py:_send_single_request:1740 | HTTP Request: GET http://prefect-server:4200/api/flows/ed336d12-897f-42a6-bdf9-d48b8de86b57 \"HTTP/1.1 200 OK\""}
{"ts": "2026-08-13T08:44:59.668075147Z", "container": "prefect-worker", "msg": "2026-08-13 08:44:59 | INFO  | _client.py:_send_single_request:1740 | HTTP Request: GET http://prefect-server:4200/api/deployments/8d536def-a82a-4c94-941b-14c2c0468511 \"HTTP/1.1 200 OK\""}
{"ts": "2026-08-13T08:44:59.687328790Z", "container": "prefect-worker", "msg": "2026-08-13 08:44:59 | INFO  | _client.py:_send_single_request:1740 | HTTP Request: GET http://prefect-server:4200/api/work_pools/smarthub-pool \"HTTP/1.1 200 OK\""}
{"ts": "2026-08-13T08:44:59.687758783Z", "container": "prefect-worker", "msg": "2026-08-13 08:44:59 | INFO  | _client.py:_send_single_request:1740 | HTTP Request: GET http://prefect-server:4200/api/work_queues/109a2d50-2dca-4233-a9a5-9ec78fefd79f \"HTTP/1.1 200 OK\""}
{"ts": "2026-08-13T08:45:00.397495220Z", "container": "prefect-worker", "msg": "2026-08-13 08:45:00 | INFO  | _client.py:_send_single_request:1740 | HTTP Request: GET http://prefect-server:4200/api/csrf-token?client=b8bab5b1-d434-4c55-9ee2-8f7d59ae4aad \"HTTP/1.1 422 Unprocessable Entity\""}
{"ts": "2026-08-13T08:45:00.414604756Z", "container": "prefect-worker", "msg": "2026-08-13 08:45:00 | INFO  | _client.py:_send_single_request:1740 | HTTP Request: POST http://prefect-server:4200/api/logs/ \"HTTP/1.1 201 Created\""}
{"ts": "2026-08-13T08:45:04.101001944Z", "container": "prefect-worker", "msg": "2026-08-13 08:45:04 | INFO  | build.py:run_build_features:266 | [home] training table 2026-08-13T084503Z: 75495 rows, 34 cols -> /app/data/training_datasets/home/2026-08-13T084503Z.parquet"}
{"ts": "2026-08-13T08:45:04.231913244Z", "container": "prefect-worker", "msg": "2026-08-13 08:45:04 | INFO  | task_engine.py:log_finished_message:410 | Finished in state Completed()"}
{"ts": "2026-08-13T08:45:04.257372276Z", "container": "prefect-worker", "msg": "2026-08-13 08:45:04 | INFO  | _client.py:_send_single_request:1025 | HTTP Request: POST http://prefect-server:4200/api/artifacts/ \"HTTP/1.1 201 Created\""}
{"ts": "2026-08-13T08:45:04.380767296Z", "container": "prefect-worker", "msg": "2026-08-13 08:45:04 | INFO  | _client.py:_send_single_request:1025 | HTTP Request: POST http://prefect-server:4200/api/flow_runs/019ffa22-e232-7554-8c37-2ba4ed8c7eab/set_state \"HTTP/1.1 201 Created\""}
{"ts": "2026-08-13T08:45:04.452319315Z", "container": "prefect-worker", "msg": "2026-08-13 08:45:04 | INFO  | _client.py:_send_single_request:1740 | HTTP Request: POST http://prefect-server:4200/api/logs/ \"HTTP/1.1 201 Created\""}
{"ts": "2026-08-13T08:45:04.632960889Z", "container": "prefect-worker", "msg": "2026-08-13 08:45:04 | INFO  | flow_engine.py:initialize_run:1235 | Finished in state Completed()"}
{"ts": "2026-08-13T08:45:04.640591760Z", "container": "prefect-worker", "msg": "2026-08-13 08:45:04 | INFO  | _client.py:_send_single_request:1740 | HTTP Request: POST http://prefect-server:4200/api/logs/ \"HTTP/1.1 201 Created\""}
{"ts": "2026-08-13T08:45:04.918761339Z", "container": "prefect-worker", "msg": "08:45:04.918 | INFO    | prefect.flow_runs.runner - Process for flow run 'muscular-antelope' exited cleanly."}
{"ts": "2026-08-13T10:28:40.733400205Z", "container": "prefect-worker", "msg": "Received SIGTERM. Sending SIGINT to the process worker (PID 7)..."}
{"ts": "2026-08-13T10:28:40.733512966Z", "container": "prefect-worker", "msg": "Received SIGINT. Sending SIGINT to the process worker (PID 7)..."}
{"ts": "2026-08-13T10:28:40.737198775Z", "container": "prefect-worker", "msg": "Worker 'ProcessWorker 913b37e1-de0e-4973-8eeb-baef1047de2f' stopped!"}
{"ts": "2026-08-13T10:28:53.510873228Z", "container": "prefect-worker", "msg": "Waiting for Prefect API at http://prefect-server:4200/api ..."}
{"ts": "2026-08-13T10:28:54.685790421Z", "container": "prefect-worker", "msg": "Prefect API is up."}
{"ts": "2026-08-13T10:28:56.057501755Z", "container": "prefect-worker", "msg": "Work pool named 'smarthub-pool' already exists. Use --overwrite to update it."}
{"ts": "2026-08-13T10:28:57.195497487Z", "container": "prefect-worker", "msg": "Work queue with name: 'default' already exists."}
{"ts": "2026-08-13T10:28:58.234356833Z", "container": "prefect-worker", "msg": "Work queue with name: 'features' already exists."}
{"ts": "2026-08-13T10:28:59.276898058Z", "container": "prefect-worker", "msg": "Work queue with name: 'training' already exists."}
{"ts": "2026-08-13T10:28:59.445844367Z", "container": "prefect-worker", "msg": "Registering deployments from prefect.yaml ..."}
{"ts": "2026-08-13T10:29:00.888395404Z", "container": "prefect-worker", "msg": "Deploying all flows with an existing deployment configuration..."}
{"ts": "2026-08-13T10:29:00.888653656Z", "container": "prefect-worker", "msg": "╭──────────────────────────────────────────────────────────────────────────────╮"}
{"ts": "2026-08-13T10:29:00.888659856Z", "container": "prefect-worker", "msg": "│ Deploying data-pull                                                          │"}
{"ts": "2026-08-13T10:29:00.888663196Z", "container": "prefect-worker", "msg": "╰──────────────────────────────────────────────────────────────────────────────╯"}
{"ts": "2026-08-13T10:29:01.441658239Z", "container": "prefect-worker", "msg": "2026-08-13 10:29:01 | INFO  | _client.py:_send_single_request:1740 | HTTP Request: GET http://prefect-server:4200/api/work_pools/smarthub-pool \"HTTP/1.1 200 OK\""}
{"ts": "2026-08-13T10:29:01.447178554Z", "container": "prefect-worker", "msg": "2026-08-13 10:29:01 | INFO  | _client.py:_send_single_request:1740 | HTTP Request: GET http://prefect-server:4200/api/work_pools/smarthub-pool \"HTTP/1.1 200 OK\""}
{"ts": "2026-08-13T10:29:01.494575409Z", "container": "prefect-worker", "msg": "2026-08-13 10:29:01 | INFO  | _client.py:_send_single_request:1740 | HTTP Request: GET http://prefect-server:4200/api/deployments/name/smarthub-data-pull/data-pull \"HTTP/1.1 200 OK\""}
{"ts": "2026-08-13T10:29:01.517649222Z", "container": "prefect-worker", "msg": "2026-08-13 10:29:01 | INFO  | _client.py:_send_single_request:1740 | HTTP Request: GET http://prefect-server:4200/api/csrf-token?client=fd32625d-c40c-4764-9474-82573859621c \"HTTP/1.1 422 Unprocessable Entity\""}
{"ts": "2026-08-13T10:29:01.583141201Z", "container": "prefect-worker", "msg": "2026-08-13 10:29:01 | INFO  | _client.py:_send_single_request:1740 | HTTP Request: PATCH http://prefect-server:4200/api/deployments/15dcce44-4b5f-4048-b854-eeba60c3b514 \"HTTP/1.1 204 No Content\""}
{"ts": "2026-08-13T10:29:01.588818356Z", "container": "prefect-worker", "msg": "2026-08-13 10:29:01 | INFO  | _client.py:_send_single_request:1740 | HTTP Request: DELETE http://prefect-server:4200/api/automations/owned-by/prefect.deployment.15dcce44-4b5f-4048-b854-eeba60c3b514 \"HTTP/1.1 202 Accepted\""}
{"ts": "2026-08-13T10:29:01.590977753Z", "container": "prefect-worker", "msg": "2026-08-13 10:29:01 | INFO  | _client.py:_send_single_request:1740 | HTTP Request: GET http://prefect-server:4200/api/csrf-token?client=9ba64a8a-8997-468d-92f8-29351f50eb2d \"HTTP/1.1 422 Unprocessable Entity\""}
{"ts": "2026-08-13T10:29:01.594445111Z", "container": "prefect-worker", "msg": "2026-08-13 10:29:01 | INFO  | _client.py:_send_single_request:1740 | HTTP Request: DELETE http://prefect-server:4200/api/automations/owned-by/prefect.deployment.15dcce44-4b5f-4048-b854-eeba60c3b514 \"HTTP/1.1 202 Accepted\""}
{"ts": "2026-08-13T10:29:01.595190997Z", "container": "prefect-worker", "msg": "╭──────────────────────────────────────────────────────────────────────────────╮"}
{"ts": "2026-08-13T10:29:01.595211647Z", "container": "prefect-worker", "msg": "│ Deployment 'smarthub-data-pull/data-pull' successfully created with id       │"}
{"ts": "2026-08-13T10:29:01.595215737Z", "container": "prefect-worker", "msg": "│ '15dcce44-4b5f-4048-b854-eeba60c3b514'.                                      │"}
{"ts": "2026-08-13T10:29:01.595219147Z", "container": "prefect-worker", "msg": "╰──────────────────────────────────────────────────────────────────────────────╯"}
{"ts": "2026-08-13T10:29:01.595410569Z", "container": "prefect-worker", "msg": ""}
{"ts": "2026-08-13T10:29:01.595420299Z", "container": "prefect-worker", "msg": "View Deployment in UI: http://prefect-server:4200/deployments/deployment/15dcce44-4b5f-4048-b854-eeba60c3b514"}
{"ts": "2026-08-13T10:29:01.595424119Z", "container": "prefect-worker", "msg": ""}
{"ts": "2026-08-13T10:29:01.600848462Z", "container": "prefect-worker", "msg": "2026-08-13 10:29:01 | INFO  | _client.py:_send_single_request:1740 | HTTP Request: POST http://prefect-server:4200/api/work_pools/smarthub-pool/workers/filter \"HTTP/1.1 200 OK\""}
{"ts": "2026-08-13T10:29:01.601890590Z", "container": "prefect-worker", "msg": ""}
{"ts": "2026-08-13T10:29:01.601900270Z", "container": "prefect-worker", "msg": "To schedule a run for this deployment, use the following command:"}
{"ts": "2026-08-13T10:29:01.602111592Z", "container": "prefect-worker", "msg": ""}
{"ts": "2026-08-13T10:29:01.602120982Z", "container": "prefect-worker", "msg": "        $ prefect deployment run 'smarthub-data-pull/data-pull'"}
{"ts": "2026-08-13T10:29:01.602124692Z", "container": "prefect-worker", "msg": ""}
{"ts": "2026-08-13T10:29:01.602293713Z", "container": "prefect-worker", "msg": "╭──────────────────────────────────────────────────────────────────────────────╮"}
{"ts": "2026-08-13T10:29:01.602300763Z", "container": "prefect-worker", "msg": "│ Deploying build-features                                                     │"}
{"ts": "2026-08-13T10:29:01.602303973Z", "container": "prefect-worker", "msg": "╰──────────────────────────────────────────────────────────────────────────────╯"}
{"ts": "2026-08-13T10:29:01.640886519Z", "container": "prefect-worker", "msg": "2026-08-13 10:29:01 | INFO  | _client.py:_send_single_request:1740 | HTTP Request: GET http://prefect-server:4200/api/work_pools/smarthub-pool \"HTTP/1.1 200 OK\""}
{"ts": "2026-08-13T10:29:01.644632729Z", "container": "prefect-worker", "msg": "2026-08-13 10:29:01 | INFO  | _client.py:_send_single_request:1740 | HTTP Request: GET http://prefect-server:4200/api/work_pools/smarthub-pool \"HTTP/1.1 200 OK\""}
{"ts": "2026-08-13T10:29:01.686385760Z", "container": "prefect-worker", "msg": "2026-08-13 10:29:01 | INFO  | _client.py:_send_single_request:1740 | HTTP Request: GET http://prefect-server:4200/api/deployments/name/smarthub-build-features/build-features \"HTTP/1.1 200 OK\""}
{"ts": "2026-08-13T10:29:01.701948653Z", "container": "prefect-worker", "msg": "2026-08-13 10:29:01 | INFO  | _client.py:_send_single_request:1740 | HTTP Request: GET http://prefect-server:4200/api/csrf-token?client=5f195e2b-7089-4e71-9651-3e6147619f49 \"HTTP/1.1 422 Unprocessable Entity\""}
{"ts": "2026-08-13T10:29:01.759664451Z", "container": "prefect-worker", "msg": "2026-08-13 10:29:01 | INFO  | _client.py:_send_single_request:1740 | HTTP Request: PATCH http://prefect-server:4200/api/deployments/8d536def-a82a-4c94-941b-14c2c0468511 \"HTTP/1.1 204 No Content\""}
{"ts": "2026-08-13T10:29:01.764227867Z", "container": "prefect-worker", "msg": "2026-08-13 10:29:01 | INFO  | _client.py:_send_single_request:1740 | HTTP Request: DELETE http://prefect-server:4200/api/automations/owned-by/prefect.deployment.8d536def-a82a-4c94-941b-14c2c0468511 \"HTTP/1.1 202 Accepted\""}
{"ts": "2026-08-13T10:29:01.766241733Z", "container": "prefect-worker", "msg": "2026-08-13 10:29:01 | INFO  | _client.py:_send_single_request:1740 | HTTP Request: GET http://prefect-server:4200/api/csrf-token?client=9deceb05-b6e7-47fe-8ee4-9a9e997f7044 \"HTTP/1.1 422 Unprocessable Entity\""}
{"ts": "2026-08-13T10:29:01.769710390Z", "container": "prefect-worker", "msg": "2026-08-13 10:29:01 | INFO  | _client.py:_send_single_request:1740 | HTTP Request: DELETE http://prefect-server:4200/api/automations/owned-by/prefect.deployment.8d536def-a82a-4c94-941b-14c2c0468511 \"HTTP/1.1 202 Accepted\""}
{"ts": "2026-08-13T10:29:01.770328925Z", "container": "prefect-worker", "msg": "╭──────────────────────────────────────────────────────────────────────────────╮"}
{"ts": "2026-08-13T10:29:01.770336735Z", "container": "prefect-worker", "msg": "│ Deployment 'smarthub-build-features/build-features' successfully created     │"}
{"ts": "2026-08-13T10:29:01.770340195Z", "container": "prefect-worker", "msg": "│ with id '8d536def-a82a-4c94-941b-14c2c0468511'.                              │"}
{"ts": "2026-08-13T10:29:01.770343345Z", "container": "prefect-worker", "msg": "╰──────────────────────────────────────────────────────────────────────────────╯"}
{"ts": "2026-08-13T10:29:01.770477946Z", "container": "prefect-worker", "msg": ""}
{"ts": "2026-08-13T10:29:01.770488716Z", "container": "prefect-worker", "msg": "View Deployment in UI: http://prefect-server:4200/deployments/deployment/8d536def-a82a-4c94-941b-14c2c0468511"}
{"ts": "2026-08-13T10:29:01.770492656Z", "container": "prefect-worker", "msg": ""}
{"ts": "2026-08-13T10:29:01.774550219Z", "container": "prefect-worker", "msg": "2026-08-13 10:29:01 | INFO  | _client.py:_send_single_request:1740 | HTTP Request: POST http://prefect-server:4200/api/work_pools/smarthub-pool/workers/filter \"HTTP/1.1 200 OK\""}
{"ts": "2026-08-13T10:29:01.775090223Z", "container": "prefect-worker", "msg": ""}
{"ts": "2026-08-13T10:29:01.775094583Z", "container": "prefect-worker", "msg": "To schedule a run for this deployment, use the following command:"}
{"ts": "2026-08-13T10:29:01.775288045Z", "container": "prefect-worker", "msg": ""}
{"ts": "2026-08-13T10:29:01.775454656Z", "container": "prefect-worker", "msg": "        $ prefect deployment run 'smarthub-build-features/build-features'"}
{"ts": "2026-08-13T10:29:01.775458766Z", "container": "prefect-worker", "msg": ""}
{"ts": "2026-08-13T10:29:01.775556987Z", "container": "prefect-worker", "msg": "╭──────────────────────────────────────────────────────────────────────────────╮"}
{"ts": "2026-08-13T10:29:01.775566827Z", "container": "prefect-worker", "msg": "│ Deploying train-model                                                        │"}
{"ts": "2026-08-13T10:29:01.775570717Z", "container": "prefect-worker", "msg": "╰──────────────────────────────────────────────────────────────────────────────╯"}
{"ts": "2026-08-13T10:29:02.771149650Z", "container": "prefect-worker", "msg": "2026-08-13 10:29:02 | INFO  | font_manager.py:_load_fontmanager:1847 | generated new fontManager"}
{"ts": "2026-08-13T10:29:02.957893400Z", "container": "prefect-worker", "msg": "2026-08-13 10:29:02 | INFO  | _client.py:_send_single_request:1740 | HTTP Request: GET http://prefect-server:4200/api/work_pools/smarthub-pool \"HTTP/1.1 200 OK\""}
{"ts": "2026-08-13T10:29:02.962012393Z", "container": "prefect-worker", "msg": "2026-08-13 10:29:02 | INFO  | _client.py:_send_single_request:1740 | HTTP Request: GET http://prefect-server:4200/api/work_pools/smarthub-pool \"HTTP/1.1 200 OK\""}
{"ts": "2026-08-13T10:29:03.004679871Z", "container": "prefect-worker", "msg": "2026-08-13 10:29:03 | INFO  | _client.py:_send_single_request:1740 | HTTP Request: GET http://prefect-server:4200/api/deployments/name/smarthub-train-model/train-model \"HTTP/1.1 200 OK\""}
{"ts": "2026-08-13T10:29:03.020417616Z", "container": "prefect-worker", "msg": "2026-08-13 10:29:03 | INFO  | _client.py:_send_single_request:1740 | HTTP Request: GET http://prefect-server:4200/api/csrf-token?client=623aa4ac-5303-4794-9b5d-d9cac8684354 \"HTTP/1.1 422 Unprocessable Entity\""}
{"ts": "2026-08-13T10:29:03.076793233Z", "container": "prefect-worker", "msg": "2026-08-13 10:29:03 | INFO  | _client.py:_send_single_request:1740 | HTTP Request: PATCH http://prefect-server:4200/api/deployments/f2af7572-283e-43ab-bfa3-0ad7cee08503 \"HTTP/1.1 204 No Content\""}
{"ts": "2026-08-13T10:29:03.081360749Z", "container": "prefect-worker", "msg": "2026-08-13 10:29:03 | INFO  | _client.py:_send_single_request:1740 | HTTP Request: DELETE http://prefect-server:4200/api/automations/owned-by/prefect.deployment.f2af7572-283e-43ab-bfa3-0ad7cee08503 \"HTTP/1.1 202 Accepted\""}
{"ts": "2026-08-13T10:29:03.083381295Z", "container": "prefect-worker", "msg": "2026-08-13 10:29:03 | INFO  | _client.py:_send_single_request:1740 | HTTP Request: GET http://prefect-server:4200/api/csrf-token?client=b2ddc3b5-afce-4e92-9c44-7c1669c0c1b0 \"HTTP/1.1 422 Unprocessable Entity\""}
{"ts": "2026-08-13T10:29:03.086791492Z", "container": "prefect-worker", "msg": "2026-08-13 10:29:03 | INFO  | _client.py:_send_single_request:1740 | HTTP Request: DELETE http://prefect-server:4200/api/automations/owned-by/prefect.deployment.f2af7572-283e-43ab-bfa3-0ad7cee08503 \"HTTP/1.1 202 Accepted\""}
{"ts": "2026-08-13T10:29:03.087489157Z", "container": "prefect-worker", "msg": "╭──────────────────────────────────────────────────────────────────────────────╮"}
{"ts": "2026-08-13T10:29:03.087498357Z", "container": "prefect-worker", "msg": "│ Deployment 'smarthub-train-model/train-model' successfully created with id   │"}
{"ts": "2026-08-13T10:29:03.087501547Z", "container": "prefect-worker", "msg": "│ 'f2af7572-283e-43ab-bfa3-0ad7cee08503'.                                      │"}
{"ts": "2026-08-13T10:29:03.087504637Z", "container": "prefect-worker", "msg": "╰──────────────────────────────────────────────────────────────────────────────╯"}
{"ts": "2026-08-13T10:29:03.087616418Z", "container": "prefect-worker", "msg": ""}
{"ts": "2026-08-13T10:29:03.087632808Z", "container": "prefect-worker", "msg": "View Deployment in UI: http://prefect-server:4200/deployments/deployment/f2af7572-283e-43ab-bfa3-0ad7cee08503"}
{"ts": "2026-08-13T10:29:03.087641818Z", "container": "prefect-worker", "msg": ""}
{"ts": "2026-08-13T10:29:03.091565850Z", "container": "prefect-worker", "msg": "2026-08-13 10:29:03 | INFO  | _client.py:_send_single_request:1740 | HTTP Request: POST http://prefect-server:4200/api/work_pools/smarthub-pool/workers/filter \"HTTP/1.1 200 OK\""}
{"ts": "2026-08-13T10:29:03.092110924Z", "container": "prefect-worker", "msg": ""}
{"ts": "2026-08-13T10:29:03.092119184Z", "container": "prefect-worker", "msg": "To schedule a run for this deployment, use the following command:"}
{"ts": "2026-08-13T10:29:03.092300415Z", "container": "prefect-worker", "msg": ""}
{"ts": "2026-08-13T10:29:03.092306946Z", "container": "prefect-worker", "msg": "        $ prefect deployment run 'smarthub-train-model/train-model'"}
{"ts": "2026-08-13T10:29:03.092310506Z", "container": "prefect-worker", "msg": ""}
{"ts": "2026-08-13T10:29:03.685098065Z", "container": "prefect-worker", "msg": "Starting worker on pool='smarthub-pool' queues='default features training' ..."}
{"ts": "2026-08-13T10:29:05.094386907Z", "container": "prefect-worker", "msg": "Discovered type 'process' for work pool 'smarthub-pool'."}
{"ts": "2026-08-13T10:29:05.417108646Z", "container": "prefect-worker", "msg": "Worker 'ProcessWorker 6d8559fa-316d-47df-8c7f-99c3b782d9b1' started!"}
{"ts": "2026-08-13T11:11:02.794561828Z", "container": "prefect-worker", "msg": "Received SIGTERM. Sending SIGINT to the process worker (PID 7)..."}
{"ts": "2026-08-13T11:11:02.794666928Z", "container": "prefect-worker", "msg": "Received SIGINT. Sending SIGINT to the process worker (PID 7)..."}
{"ts": "2026-08-13T11:11:02.799258125Z", "container": "prefect-worker", "msg": "Worker 'ProcessWorker 6d8559fa-316d-47df-8c7f-99c3b782d9b1' stopped!"}
{"ts": "2026-08-13T11:27:53.559205756Z", "container": "prefect-worker", "msg": "Prefect API is up."}
{"ts": "2026-08-13T11:27:54.944677014Z", "container": "prefect-worker", "msg": "Work pool named 'smarthub-pool' already exists. Use --overwrite to update it."}
{"ts": "2026-08-13T11:27:56.086259282Z", "container": "prefect-worker", "msg": "Work queue with name: 'default' already exists."}
{"ts": "2026-08-13T11:27:57.114667294Z", "container": "prefect-worker", "msg": "Work queue with name: 'features' already exists."}
{"ts": "2026-08-13T11:27:58.138070946Z", "container": "prefect-worker", "msg": "Work queue with name: 'training' already exists."}
{"ts": "2026-08-13T11:27:58.267866826Z", "container": "prefect-worker", "msg": "Registering deployments from prefect.yaml ..."}
{"ts": "2026-08-13T11:27:59.704034486Z", "container": "prefect-worker", "msg": "Deploying all flows with an existing deployment configuration..."}
{"ts": "2026-08-13T11:27:59.704268918Z", "container": "prefect-worker", "msg": "╭──────────────────────────────────────────────────────────────────────────────╮"}
{"ts": "2026-08-13T11:27:59.704282848Z", "container": "prefect-worker", "msg": "│ Deploying data-pull                                                          │"}
{"ts": "2026-08-13T11:27:59.704286828Z", "container": "prefect-worker", "msg": "╰──────────────────────────────────────────────────────────────────────────────╯"}
{"ts": "2026-08-13T11:28:00.260221493Z", "container": "prefect-worker", "msg": "2026-08-13 11:28:00 | INFO  | _client.py:_send_single_request:1740 | HTTP Request: GET http://prefect-server:4200/api/work_pools/smarthub-pool \"HTTP/1.1 200 OK\""}
{"ts": "2026-08-13T11:28:00.266096580Z", "container": "prefect-worker", "msg": "2026-08-13 11:28:00 | INFO  | _client.py:_send_single_request:1740 | HTTP Request: GET http://prefect-server:4200/api/work_pools/smarthub-pool \"HTTP/1.1 200 OK\""}
{"ts": "2026-08-13T11:28:00.318877023Z", "container": "prefect-worker", "msg": "2026-08-13 11:28:00 | INFO  | _client.py:_send_single_request:1740 | HTTP Request: GET http://prefect-server:4200/api/deployments/name/smarthub-data-pull/data-pull \"HTTP/1.1 200 OK\""}
{"ts": "2026-08-13T11:28:00.343634392Z", "container": "prefect-worker", "msg": "2026-08-13 11:28:00 | INFO  | _client.py:_send_single_request:1740 | HTTP Request: GET http://prefect-server:4200/api/csrf-token?client=7a7c6cea-8e22-4646-956c-3b8a35b92d29 \"HTTP/1.1 422 Unprocessable Entity\""}
{"ts": "2026-08-13T11:28:00.419945163Z", "container": "prefect-worker", "msg": "2026-08-13 11:28:00 | INFO  | _client.py:_send_single_request:1740 | HTTP Request: PATCH http://prefect-server:4200/api/deployments/15dcce44-4b5f-4048-b854-eeba60c3b514 \"HTTP/1.1 204 No Content\""}
{"ts": "2026-08-13T11:28:00.443657023Z", "container": "prefect-worker", "msg": "2026-08-13 11:28:00 | INFO  | _client.py:_send_single_request:1740 | HTTP Request: DELETE http://prefect-server:4200/api/automations/owned-by/prefect.deployment.15dcce44-4b5f-4048-b854-eeba60c3b514 \"HTTP/1.1 202 Accepted\""}
{"ts": "2026-08-13T11:28:00.446277934Z", "container": "prefect-worker", "msg": "2026-08-13 11:28:00 | INFO  | _client.py:_send_single_request:1740 | HTTP Request: GET http://prefect-server:4200/api/csrf-token?client=3a507570-6c00-4d47-934a-295b8f80345d \"HTTP/1.1 422 Unprocessable Entity\""}
{"ts": "2026-08-13T11:28:00.450039954Z", "container": "prefect-worker", "msg": "2026-08-13 11:28:00 | INFO  | _client.py:_send_single_request:1740 | HTTP Request: DELETE http://prefect-server:4200/api/automations/owned-by/prefect.deployment.15dcce44-4b5f-4048-b854-eeba60c3b514 \"HTTP/1.1 202 Accepted\""}
{"ts": "2026-08-13T11:28:00.450761320Z", "container": "prefect-worker", "msg": "╭──────────────────────────────────────────────────────────────────────────────╮"}
{"ts": "2026-08-13T11:28:00.450776980Z", "container": "prefect-worker", "msg": "│ Deployment 'smarthub-data-pull/data-pull' successfully created with id       │"}
{"ts": "2026-08-13T11:28:00.450780410Z", "container": "prefect-worker", "msg": "│ '15dcce44-4b5f-4048-b854-eeba60c3b514'.                                      │"}
{"ts": "2026-08-13T11:28:00.450783670Z", "container": "prefect-worker", "msg": "╰──────────────────────────────────────────────────────────────────────────────╯"}
{"ts": "2026-08-13T11:28:00.450951741Z", "container": "prefect-worker", "msg": ""}
{"ts": "2026-08-13T11:28:00.450963721Z", "container": "prefect-worker", "msg": "View Deployment in UI: http://prefect-server:4200/deployments/deployment/15dcce44-4b5f-4048-b854-eeba60c3b514"}
{"ts": "2026-08-13T11:28:00.450967611Z", "container": "prefect-worker", "msg": ""}
{"ts": "2026-08-13T11:28:00.457398153Z", "container": "prefect-worker", "msg": "2026-08-13 11:28:00 | INFO  | _client.py:_send_single_request:1740 | HTTP Request: POST http://prefect-server:4200/api/work_pools/smarthub-pool/workers/filter \"HTTP/1.1 200 OK\""}
{"ts": "2026-08-13T11:28:00.457940498Z", "container": "prefect-worker", "msg": ""}
{"ts": "2026-08-13T11:28:00.457948778Z", "container": "prefect-worker", "msg": "To execute flow runs from these deployments, start a worker in a separate "}
{"ts": "2026-08-13T11:28:00.457952258Z", "container": "prefect-worker", "msg": "terminal that pulls work from the 'smarthub-pool' work pool:"}
{"ts": "2026-08-13T11:28:00.458166420Z", "container": "prefect-worker", "msg": ""}
{"ts": "2026-08-13T11:28:00.458172730Z", "container": "prefect-worker", "msg": "        $ prefect worker start --pool 'smarthub-pool'"}
{"ts": "2026-08-13T11:28:00.458301771Z", "container": "prefect-worker", "msg": ""}
{"ts": "2026-08-13T11:28:00.458310891Z", "container": "prefect-worker", "msg": "To schedule a run for this deployment, use the following command:"}
{"ts": "2026-08-13T11:28:00.458452002Z", "container": "prefect-worker", "msg": ""}
{"ts": "2026-08-13T11:28:00.458459802Z", "container": "prefect-worker", "msg": "        $ prefect deployment run 'smarthub-data-pull/data-pull'"}
{"ts": "2026-08-13T11:28:00.458462992Z", "container": "prefect-worker", "msg": ""}
{"ts": "2026-08-13T11:28:00.458634793Z", "container": "prefect-worker", "msg": "╭──────────────────────────────────────────────────────────────────────────────╮"}
{"ts": "2026-08-13T11:28:00.458638923Z", "container": "prefect-worker", "msg": "│ Deploying build-features                                                     │"}
{"ts": "2026-08-13T11:28:00.458642003Z", "container": "prefect-worker", "msg": "╰──────────────────────────────────────────────────────────────────────────────╯"}
{"ts": "2026-08-13T11:28:00.498244241Z", "container": "prefect-worker", "msg": "2026-08-13 11:28:00 | INFO  | _client.py:_send_single_request:1740 | HTTP Request: GET http://prefect-server:4200/api/work_pools/smarthub-pool \"HTTP/1.1 200 OK\""}
{"ts": "2026-08-13T11:28:00.502672886Z", "container": "prefect-worker", "msg": "2026-08-13 11:28:00 | INFO  | _client.py:_send_single_request:1740 | HTTP Request: GET http://prefect-server:4200/api/work_pools/smarthub-pool \"HTTP/1.1 200 OK\""}
{"ts": "2026-08-13T11:28:00.551410157Z", "container": "prefect-worker", "msg": "2026-08-13 11:28:00 | INFO  | _client.py:_send_single_request:1740 | HTTP Request: GET http://prefect-server:4200/api/deployments/name/smarthub-build-features/build-features \"HTTP/1.1 200 OK\""}
{"ts": "2026-08-13T11:28:00.561536898Z", "container": "prefect-worker", "msg": "2026-08-13 11:28:00 | INFO  | _client.py:_send_single_request:1740 | HTTP Request: GET http://prefect-server:4200/api/csrf-token?client=a4a71134-4d46-453c-b6d7-91ae448ecc2e \"HTTP/1.1 422 Unprocessable Entity\""}
{"ts": "2026-08-13T11:28:00.636809751Z", "container": "prefect-worker", "msg": "2026-08-13 11:28:00 | INFO  | _client.py:_send_single_request:1740 | HTTP Request: PATCH http://prefect-server:4200/api/deployments/8d536def-a82a-4c94-941b-14c2c0468511 \"HTTP/1.1 204 No Content\""}
{"ts": "2026-08-13T11:28:00.642519997Z", "container": "prefect-worker", "msg": "2026-08-13 11:28:00 | INFO  | _client.py:_send_single_request:1740 | HTTP Request: DELETE http://prefect-server:4200/api/automations/owned-by/prefect.deployment.8d536def-a82a-4c94-941b-14c2c0468511 \"HTTP/1.1 202 Accepted\""}
{"ts": "2026-08-13T11:28:00.646438568Z", "container": "prefect-worker", "msg": "2026-08-13 11:28:00 | INFO  | _client.py:_send_single_request:1740 | HTTP Request: GET http://prefect-server:4200/api/csrf-token?client=a1f680b3-508f-43cf-820e-3cfde1dcdd4a \"HTTP/1.1 422 Unprocessable Entity\""}
{"ts": "2026-08-13T11:28:00.671030455Z", "container": "prefect-worker", "msg": "2026-08-13 11:28:00 | INFO  | _client.py:_send_single_request:1740 | HTTP Request: DELETE http://prefect-server:4200/api/automations/owned-by/prefect.deployment.8d536def-a82a-4c94-941b-14c2c0468511 \"HTTP/1.1 202 Accepted\""}
{"ts": "2026-08-13T11:28:00.671828982Z", "container": "prefect-worker", "msg": "╭──────────────────────────────────────────────────────────────────────────────╮"}
{"ts": "2026-08-13T11:28:00.671842922Z", "container": "prefect-worker", "msg": "│ Deployment 'smarthub-build-features/build-features' successfully created     │"}
{"ts": "2026-08-13T11:28:00.671846762Z", "container": "prefect-worker", "msg": "│ with id '8d536def-a82a-4c94-941b-14c2c0468511'.                              │"}
{"ts": "2026-08-13T11:28:00.671850242Z", "container": "prefect-worker", "msg": "╰──────────────────────────────────────────────────────────────────────────────╯"}
{"ts": "2026-08-13T11:28:00.671956263Z", "container": "prefect-worker", "msg": ""}
{"ts": "2026-08-13T11:28:00.671962033Z", "container": "prefect-worker", "msg": "View Deployment in UI: http://prefect-server:4200/deployments/deployment/8d536def-a82a-4c94-941b-14c2c0468511"}
{"ts": "2026-08-13T11:28:00.671965383Z", "container": "prefect-worker", "msg": ""}
{"ts": "2026-08-13T11:28:00.692310106Z", "container": "prefect-worker", "msg": "2026-08-13 11:28:00 | INFO  | _client.py:_send_single_request:1740 | HTTP Request: POST http://prefect-server:4200/api/work_pools/smarthub-pool/workers/filter \"HTTP/1.1 200 OK\""}
{"ts": "2026-08-13T11:28:00.693023111Z", "container": "prefect-worker", "msg": ""}
{"ts": "2026-08-13T11:28:00.693036231Z", "container": "prefect-worker", "msg": "To execute flow runs from these deployments, start a worker in a separate "}
{"ts": "2026-08-13T11:28:00.693040671Z", "container": "prefect-worker", "msg": "terminal that pulls work from the 'smarthub-pool' work pool:"}
{"ts": "2026-08-13T11:28:00.693194783Z", "container": "prefect-worker", "msg": ""}
{"ts": "2026-08-13T11:28:00.693205823Z", "container": "prefect-worker", "msg": "        $ prefect worker start --pool 'smarthub-pool'"}
{"ts": "2026-08-13T11:28:00.693312254Z", "container": "prefect-worker", "msg": ""}
{"ts": "2026-08-13T11:28:00.693320014Z", "container": "prefect-worker", "msg": "To schedule a run for this deployment, use the following command:"}
{"ts": "2026-08-13T11:28:00.693471395Z", "container": "prefect-worker", "msg": ""}
{"ts": "2026-08-13T11:28:00.693477175Z", "container": "prefect-worker", "msg": "        $ prefect deployment run 'smarthub-build-features/build-features'"}
{"ts": "2026-08-13T11:28:00.693480565Z", "container": "prefect-worker", "msg": ""}
{"ts": "2026-08-13T11:28:00.693719407Z", "container": "prefect-worker", "msg": "╭──────────────────────────────────────────────────────────────────────────────╮"}
{"ts": "2026-08-13T11:28:00.693728197Z", "container": "prefect-worker", "msg": "│ Deploying train-model                                                        │"}
{"ts": "2026-08-13T11:28:00.693739567Z", "container": "prefect-worker", "msg": "╰──────────────────────────────────────────────────────────────────────────────╯"}
{"ts": "2026-08-13T11:28:01.670614826Z", "container": "prefect-worker", "msg": "2026-08-13 11:28:01 | INFO  | font_manager.py:_load_fontmanager:1847 | generated new fontManager"}
{"ts": "2026-08-13T11:28:01.856612697Z", "container": "prefect-worker", "msg": "2026-08-13 11:28:01 | INFO  | _client.py:_send_single_request:1740 | HTTP Request: GET http://prefect-server:4200/api/work_pools/smarthub-pool \"HTTP/1.1 200 OK\""}
{"ts": "2026-08-13T11:28:01.860730160Z", "container": "prefect-worker", "msg": "2026-08-13 11:28:01 | INFO  | _client.py:_send_single_request:1740 | HTTP Request: GET http://prefect-server:4200/api/work_pools/smarthub-pool \"HTTP/1.1 200 OK\""}
{"ts": "2026-08-13T11:28:01.916335765Z", "container": "prefect-worker", "msg": "2026-08-13 11:28:01 | INFO  | _client.py:_send_single_request:1740 | HTTP Request: GET http://prefect-server:4200/api/deployments/name/smarthub-train-model/train-model \"HTTP/1.1 200 OK\""}
{"ts": "2026-08-13T11:28:01.932358024Z", "container": "prefect-worker", "msg": "2026-08-13 11:28:01 | INFO  | _client.py:_send_single_request:1740 | HTTP Request: GET http://prefect-server:4200/api/csrf-token?client=4b24a635-7398-4a58-a767-ffc26ca9a10c \"HTTP/1.1 422 Unprocessable Entity\""}
{"ts": "2026-08-13T11:28:01.996626169Z", "container": "prefect-worker", "msg": "2026-08-13 11:28:01 | INFO  | _client.py:_send_single_request:1740 | HTTP Request: PATCH http://prefect-server:4200/api/deployments/f2af7572-283e-43ab-bfa3-0ad7cee08503 \"HTTP/1.1 204 No Content\""}
{"ts": "2026-08-13T11:28:02.001297976Z", "container": "prefect-worker", "msg": "2026-08-13 11:28:02 | INFO  | _client.py:_send_single_request:1740 | HTTP Request: DELETE http://prefect-server:4200/api/automations/owned-by/prefect.deployment.f2af7572-283e-43ab-bfa3-0ad7cee08503 \"HTTP/1.1 202 Accepted\""}
{"ts": "2026-08-13T11:28:02.003500364Z", "container": "prefect-worker", "msg": "2026-08-13 11:28:02 | INFO  | _client.py:_send_single_request:1740 | HTTP Request: GET http://prefect-server:4200/api/csrf-token?client=d8670406-820c-493b-9aa5-f171dc726c0d \"HTTP/1.1 422 Unprocessable Entity\""}
{"ts": "2026-08-13T11:28:02.006993722Z", "container": "prefect-worker", "msg": "2026-08-13 11:28:02 | INFO  | _client.py:_send_single_request:1740 | HTTP Request: DELETE http://prefect-server:4200/api/automations/owned-by/prefect.deployment.f2af7572-283e-43ab-bfa3-0ad7cee08503 \"HTTP/1.1 202 Accepted\""}
{"ts": "2026-08-13T11:28:02.007632237Z", "container": "prefect-worker", "msg": "╭──────────────────────────────────────────────────────────────────────────────╮"}
{"ts": "2026-08-13T11:28:02.007641187Z", "container": "prefect-worker", "msg": "│ Deployment 'smarthub-train-model/train-model' successfully created with id   │"}
{"ts": "2026-08-13T11:28:02.007644847Z", "container": "prefect-worker", "msg": "│ 'f2af7572-283e-43ab-bfa3-0ad7cee08503'.                                      │"}
{"ts": "2026-08-13T11:28:02.007648307Z", "container": "prefect-worker", "msg": "╰──────────────────────────────────────────────────────────────────────────────╯"}
{"ts": "2026-08-13T11:28:02.007748338Z", "container": "prefect-worker", "msg": ""}
{"ts": "2026-08-13T11:28:02.007755768Z", "container": "prefect-worker", "msg": "View Deployment in UI: http://prefect-server:4200/deployments/deployment/f2af7572-283e-43ab-bfa3-0ad7cee08503"}
{"ts": "2026-08-13T11:28:02.007759438Z", "container": "prefect-worker", "msg": ""}
{"ts": "2026-08-13T11:28:02.011655209Z", "container": "prefect-worker", "msg": "2026-08-13 11:28:02 | INFO  | _client.py:_send_single_request:1740 | HTTP Request: POST http://prefect-server:4200/api/work_pools/smarthub-pool/workers/filter \"HTTP/1.1 200 OK\""}
{"ts": "2026-08-13T11:28:02.012165893Z", "container": "prefect-worker", "msg": ""}
{"ts": "2026-08-13T11:28:02.012176664Z", "container": "prefect-worker", "msg": "To execute flow runs from these deployments, start a worker in a separate "}
{"ts": "2026-08-13T11:28:02.012180524Z", "container": "prefect-worker", "msg": "terminal that pulls work from the 'smarthub-pool' work pool:"}
{"ts": "2026-08-13T11:28:02.012319035Z", "container": "prefect-worker", "msg": ""}
{"ts": "2026-08-13T11:28:02.012324845Z", "container": "prefect-worker", "msg": "        $ prefect worker start --pool 'smarthub-pool'"}
{"ts": "2026-08-13T11:28:02.012432016Z", "container": "prefect-worker", "msg": ""}
{"ts": "2026-08-13T11:28:02.012436956Z", "container": "prefect-worker", "msg": "To schedule a run for this deployment, use the following command:"}
{"ts": "2026-08-13T11:28:02.012578667Z", "container": "prefect-worker", "msg": ""}
{"ts": "2026-08-13T11:28:02.012583297Z", "container": "prefect-worker", "msg": "        $ prefect deployment run 'smarthub-train-model/train-model'"}
{"ts": "2026-08-13T11:28:02.012586377Z", "container": "prefect-worker", "msg": ""}
{"ts": "2026-08-13T11:28:02.569967783Z", "container": "prefect-worker", "msg": "Starting worker on pool='smarthub-pool' queues='default features training' ..."}
{"ts": "2026-08-13T11:28:03.931373264Z", "container": "prefect-worker", "msg": "Discovered type 'process' for work pool 'smarthub-pool'."}
{"ts": "2026-08-13T11:28:04.280857445Z", "container": "prefect-worker", "msg": "Worker 'ProcessWorker d0b03e28-b8aa-4bb8-9755-636298402191' started!"}
{"ts": "2026-08-13T11:29:57.444100724Z", "container": "prefect-worker", "msg": "Received SIGTERM. Sending SIGINT to the process worker (PID 7)..."}
{"ts": "2026-08-13T11:29:57.444329536Z", "container": "prefect-worker", "msg": "Received SIGINT. Sending SIGINT to the process worker (PID 7)..."}
{"ts": "2026-08-13T11:29:57.447598672Z", "container": "prefect-worker", "msg": "Worker 'ProcessWorker d0b03e28-b8aa-4bb8-9755-636298402191' stopped!"}
{"ts": "2026-08-13T11:30:09.040772097Z", "container": "prefect-worker", "msg": "Waiting for Prefect API at http://prefect-server:4200/api ..."}
{"ts": "2026-08-13T11:30:10.231935131Z", "container": "prefect-worker", "msg": "Prefect API is up."}
{"ts": "2026-08-13T11:30:11.584361254Z", "container": "prefect-worker", "msg": "Work pool named 'smarthub-pool' already exists. Use --overwrite to update it."}
{"ts": "2026-08-13T11:30:12.742173541Z", "container": "prefect-worker", "msg": "Work queue with name: 'default' already exists."}
{"ts": "2026-08-13T11:30:13.775040877Z", "container": "prefect-worker", "msg": "Work queue with name: 'features' already exists."}
{"ts": "2026-08-13T11:30:14.816820605Z", "container": "prefect-worker", "msg": "Work queue with name: 'training' already exists."}
{"ts": "2026-08-13T11:30:14.946035239Z", "container": "prefect-worker", "msg": "Registering deployments from prefect.yaml ..."}
{"ts": "2026-08-13T11:30:16.347196713Z", "container": "prefect-worker", "msg": "Deploying all flows with an existing deployment configuration..."}
{"ts": "2026-08-13T11:30:16.347713267Z", "container": "prefect-worker", "msg": "╭──────────────────────────────────────────────────────────────────────────────╮"}
{"ts": "2026-08-13T11:30:16.347726857Z", "container": "prefect-worker", "msg": "│ Deploying data-pull                                                          │"}
{"ts": "2026-08-13T11:30:16.347730727Z", "container": "prefect-worker", "msg": "╰──────────────────────────────────────────────────────────────────────────────╯"}
{"ts": "2026-08-13T11:30:16.891380238Z", "container": "prefect-worker", "msg": "2026-08-13 11:30:16 | INFO  | _client.py:_send_single_request:1740 | HTTP Request: GET http://prefect-server:4200/api/work_pools/smarthub-pool \"HTTP/1.1 200 OK\""}
{"ts": "2026-08-13T11:30:16.896960453Z", "container": "prefect-worker", "msg": "2026-08-13 11:30:16 | INFO  | _client.py:_send_single_request:1740 | HTTP Request: GET http://prefect-server:4200/api/work_pools/smarthub-pool \"HTTP/1.1 200 OK\""}
{"ts": "2026-08-13T11:30:16.944464913Z", "container": "prefect-worker", "msg": "2026-08-13 11:30:16 | INFO  | _client.py:_send_single_request:1740 | HTTP Request: GET http://prefect-server:4200/api/deployments/name/smarthub-data-pull/data-pull \"HTTP/1.1 200 OK\""}
{"ts": "2026-08-13T11:30:16.967667899Z", "container": "prefect-worker", "msg": "2026-08-13 11:30:16 | INFO  | _client.py:_send_single_request:1740 | HTTP Request: GET http://prefect-server:4200/api/csrf-token?client=f805c850-3ec6-4c99-a441-e7f988a61599 \"HTTP/1.1 422 Unprocessable Entity\""}
{"ts": "2026-08-13T11:30:17.032767130Z", "container": "prefect-worker", "msg": "2026-08-13 11:30:17 | INFO  | _client.py:_send_single_request:1740 | HTTP Request: PATCH http://prefect-server:4200/api/deployments/15dcce44-4b5f-4048-b854-eeba60c3b514 \"HTTP/1.1 204 No Content\""}
{"ts": "2026-08-13T11:30:17.038632737Z", "container": "prefect-worker", "msg": "2026-08-13 11:30:17 | INFO  | _client.py:_send_single_request:1740 | HTTP Request: DELETE http://prefect-server:4200/api/automations/owned-by/prefect.deployment.15dcce44-4b5f-4048-b854-eeba60c3b514 \"HTTP/1.1 202 Accepted\""}
{"ts": "2026-08-13T11:30:17.040785194Z", "container": "prefect-worker", "msg": "2026-08-13 11:30:17 | INFO  | _client.py:_send_single_request:1740 | HTTP Request: GET http://prefect-server:4200/api/csrf-token?client=ac13e23a-986b-427a-84aa-f3d940b2af77 \"HTTP/1.1 422 Unprocessable Entity\""}
{"ts": "2026-08-13T11:30:17.044499964Z", "container": "prefect-worker", "msg": "2026-08-13 11:30:17 | INFO  | _client.py:_send_single_request:1740 | HTTP Request: DELETE http://prefect-server:4200/api/automations/owned-by/prefect.deployment.15dcce44-4b5f-4048-b854-eeba60c3b514 \"HTTP/1.1 202 Accepted\""}
{"ts": "2026-08-13T11:30:17.045278790Z", "container": "prefect-worker", "msg": "╭──────────────────────────────────────────────────────────────────────────────╮"}
{"ts": "2026-08-13T11:30:17.045296920Z", "container": "prefect-worker", "msg": "│ Deployment 'smarthub-data-pull/data-pull' successfully created with id       │"}
{"ts": "2026-08-13T11:30:17.045300610Z", "container": "prefect-worker", "msg": "│ '15dcce44-4b5f-4048-b854-eeba60c3b514'.                                      │"}
{"ts": "2026-08-13T11:30:17.045303710Z", "container": "prefect-worker", "msg": "╰──────────────────────────────────────────────────────────────────────────────╯"}
{"ts": "2026-08-13T11:30:17.045473571Z", "container": "prefect-worker", "msg": ""}
{"ts": "2026-08-13T11:30:17.045482311Z", "container": "prefect-worker", "msg": "View Deployment in UI: http://prefect-server:4200/deployments/deployment/15dcce44-4b5f-4048-b854-eeba60c3b514"}
{"ts": "2026-08-13T11:30:17.045486091Z", "container": "prefect-worker", "msg": ""}
{"ts": "2026-08-13T11:30:17.050825324Z", "container": "prefect-worker", "msg": "2026-08-13 11:30:17 | INFO  | _client.py:_send_single_request:1740 | HTTP Request: POST http://prefect-server:4200/api/work_pools/smarthub-pool/workers/filter \"HTTP/1.1 200 OK\""}
{"ts": "2026-08-13T11:30:17.051900093Z", "container": "prefect-worker", "msg": ""}
{"ts": "2026-08-13T11:30:17.051913233Z", "container": "prefect-worker", "msg": "To schedule a run for this deployment, use the following command:"}
{"ts": "2026-08-13T11:30:17.052116544Z", "container": "prefect-worker", "msg": ""}
{"ts": "2026-08-13T11:30:17.052121895Z", "container": "prefect-worker", "msg": "        $ prefect deployment run 'smarthub-data-pull/data-pull'"}
{"ts": "2026-08-13T11:30:17.052125115Z", "container": "prefect-worker", "msg": ""}
{"ts": "2026-08-13T11:30:17.052287086Z", "container": "prefect-worker", "msg": "╭──────────────────────────────────────────────────────────────────────────────╮"}
{"ts": "2026-08-13T11:30:17.052294506Z", "container": "prefect-worker", "msg": "│ Deploying build-features                                                     │"}
{"ts": "2026-08-13T11:30:17.052297826Z", "container": "prefect-worker", "msg": "╰──────────────────────────────────────────────────────────────────────────────╯"}
{"ts": "2026-08-13T11:30:17.092644539Z", "container": "prefect-worker", "msg": "2026-08-13 11:30:17 | INFO  | _client.py:_send_single_request:1740 | HTTP Request: GET http://prefect-server:4200/api/work_pools/smarthub-pool \"HTTP/1.1 200 OK\""}
{"ts": "2026-08-13T11:30:17.096565090Z", "container": "prefect-worker", "msg": "2026-08-13 11:30:17 | INFO  | _client.py:_send_single_request:1740 | HTTP Request: GET http://prefect-server:4200/api/work_pools/smarthub-pool \"HTTP/1.1 200 OK\""}
{"ts": "2026-08-13T11:30:17.138954360Z", "container": "prefect-worker", "msg": "2026-08-13 11:30:17 | INFO  | _client.py:_send_single_request:1740 | HTTP Request: GET http://prefect-server:4200/api/deployments/name/smarthub-build-features/build-features \"HTTP/1.1 200 OK\""}
{"ts": "2026-08-13T11:30:17.154612615Z", "container": "prefect-worker", "msg": "2026-08-13 11:30:17 | INFO  | _client.py:_send_single_request:1740 | HTTP Request: GET http://prefect-server:4200/api/csrf-token?client=c3dd1a5c-df43-4984-91de-3d54d7ec084d \"HTTP/1.1 422 Unprocessable Entity\""}
{"ts": "2026-08-13T11:30:17.211679961Z", "container": "prefect-worker", "msg": "2026-08-13 11:30:17 | INFO  | _client.py:_send_single_request:1740 | HTTP Request: PATCH http://prefect-server:4200/api/deployments/8d536def-a82a-4c94-941b-14c2c0468511 \"HTTP/1.1 204 No Content\""}
{"ts": "2026-08-13T11:30:17.216148727Z", "container": "prefect-worker", "msg": "2026-08-13 11:30:17 | INFO  | _client.py:_send_single_request:1740 | HTTP Request: DELETE http://prefect-server:4200/api/automations/owned-by/prefect.deployment.8d536def-a82a-4c94-941b-14c2c0468511 \"HTTP/1.1 202 Accepted\""}
{"ts": "2026-08-13T11:30:17.218182663Z", "container": "prefect-worker", "msg": "2026-08-13 11:30:17 | INFO  | _client.py:_send_single_request:1740 | HTTP Request: GET http://prefect-server:4200/api/csrf-token?client=9112954e-76fc-4cfc-bbe8-1b03d9f09828 \"HTTP/1.1 422 Unprocessable Entity\""}
{"ts": "2026-08-13T11:30:17.221651521Z", "container": "prefect-worker", "msg": "2026-08-13 11:30:17 | INFO  | _client.py:_send_single_request:1740 | HTTP Request: DELETE http://prefect-server:4200/api/automations/owned-by/prefect.deployment.8d536def-a82a-4c94-941b-14c2c0468511 \"HTTP/1.1 202 Accepted\""}
{"ts": "2026-08-13T11:30:17.222287656Z", "container": "prefect-worker", "msg": "╭──────────────────────────────────────────────────────────────────────────────╮"}
{"ts": "2026-08-13T11:30:17.222295336Z", "container": "prefect-worker", "msg": "│ Deployment 'smarthub-build-features/build-features' successfully created     │"}
{"ts": "2026-08-13T11:30:17.222298606Z", "container": "prefect-worker", "msg": "│ with id '8d536def-a82a-4c94-941b-14c2c0468511'.                              │"}
{"ts": "2026-08-13T11:30:17.222301726Z", "container": "prefect-worker", "msg": "╰──────────────────────────────────────────────────────────────────────────────╯"}
{"ts": "2026-08-13T11:30:17.222403187Z", "container": "prefect-worker", "msg": ""}
{"ts": "2026-08-13T11:30:17.222410357Z", "container": "prefect-worker", "msg": "View Deployment in UI: http://prefect-server:4200/deployments/deployment/8d536def-a82a-4c94-941b-14c2c0468511"}
{"ts": "2026-08-13T11:30:17.222413867Z", "container": "prefect-worker", "msg": ""}
{"ts": "2026-08-13T11:30:17.226338969Z", "container": "prefect-worker", "msg": "2026-08-13 11:30:17 | INFO  | _client.py:_send_single_request:1740 | HTTP Request: POST http://prefect-server:4200/api/work_pools/smarthub-pool/workers/filter \"HTTP/1.1 200 OK\""}
{"ts": "2026-08-13T11:30:17.226852343Z", "container": "prefect-worker", "msg": ""}
{"ts": "2026-08-13T11:30:17.226861623Z", "container": "prefect-worker", "msg": "To schedule a run for this deployment, use the following command:"}
{"ts": "2026-08-13T11:30:17.227028794Z", "container": "prefect-worker", "msg": ""}
{"ts": "2026-08-13T11:30:17.227032754Z", "container": "prefect-worker", "msg": "        $ prefect deployment run 'smarthub-build-features/build-features'"}
{"ts": "2026-08-13T11:30:17.227035814Z", "container": "prefect-worker", "msg": ""}
{"ts": "2026-08-13T11:30:17.227236636Z", "container": "prefect-worker", "msg": "╭──────────────────────────────────────────────────────────────────────────────╮"}
{"ts": "2026-08-13T11:30:17.227242016Z", "container": "prefect-worker", "msg": "│ Deploying train-model                                                        │"}
{"ts": "2026-08-13T11:30:17.227245266Z", "container": "prefect-worker", "msg": "╰──────────────────────────────────────────────────────────────────────────────╯"}
{"ts": "2026-08-13T11:30:18.192443291Z", "container": "prefect-worker", "msg": "2026-08-13 11:30:18 | INFO  | font_manager.py:_load_fontmanager:1847 | generated new fontManager"}
{"ts": "2026-08-13T11:30:18.378340539Z", "container": "prefect-worker", "msg": "2026-08-13 11:30:18 | INFO  | _client.py:_send_single_request:1740 | HTTP Request: GET http://prefect-server:4200/api/work_pools/smarthub-pool \"HTTP/1.1 200 OK\""}
{"ts": "2026-08-13T11:30:18.382372301Z", "container": "prefect-worker", "msg": "2026-08-13 11:30:18 | INFO  | _client.py:_send_single_request:1740 | HTTP Request: GET http://prefect-server:4200/api/work_pools/smarthub-pool \"HTTP/1.1 200 OK\""}
{"ts": "2026-08-13T11:30:18.424201716Z", "container": "prefect-worker", "msg": "2026-08-13 11:30:18 | INFO  | _client.py:_send_single_request:1740 | HTTP Request: GET http://prefect-server:4200/api/deployments/name/smarthub-train-model/train-model \"HTTP/1.1 200 OK\""}
{"ts": "2026-08-13T11:30:18.440092943Z", "container": "prefect-worker", "msg": "2026-08-13 11:30:18 | INFO  | _client.py:_send_single_request:1740 | HTTP Request: GET http://prefect-server:4200/api/csrf-token?client=3176b0b4-af6a-4b21-9aeb-552f55bee6dd \"HTTP/1.1 422 Unprocessable Entity\""}
{"ts": "2026-08-13T11:30:18.496112861Z", "container": "prefect-worker", "msg": "2026-08-13 11:30:18 | INFO  | _client.py:_send_single_request:1740 | HTTP Request: PATCH http://prefect-server:4200/api/deployments/f2af7572-283e-43ab-bfa3-0ad7cee08503 \"HTTP/1.1 204 No Content\""}
{"ts": "2026-08-13T11:30:18.500575147Z", "container": "prefect-worker", "msg": "2026-08-13 11:30:18 | INFO  | _client.py:_send_single_request:1740 | HTTP Request: DELETE http://prefect-server:4200/api/automations/owned-by/prefect.deployment.f2af7572-283e-43ab-bfa3-0ad7cee08503 \"HTTP/1.1 202 Accepted\""}
{"ts": "2026-08-13T11:30:18.502720864Z", "container": "prefect-worker", "msg": "2026-08-13 11:30:18 | INFO  | _client.py:_send_single_request:1740 | HTTP Request: GET http://prefect-server:4200/api/csrf-token?client=e516cca7-1ef1-422c-865e-82df67ae286b \"HTTP/1.1 422 Unprocessable Entity\""}
{"ts": "2026-08-13T11:30:18.506183352Z", "container": "prefect-worker", "msg": "2026-08-13 11:30:18 | INFO  | _client.py:_send_single_request:1740 | HTTP Request: DELETE http://prefect-server:4200/api/automations/owned-by/prefect.deployment.f2af7572-283e-43ab-bfa3-0ad7cee08503 \"HTTP/1.1 202 Accepted\""}
{"ts": "2026-08-13T11:30:18.506821077Z", "container": "prefect-worker", "msg": "╭──────────────────────────────────────────────────────────────────────────────╮"}
{"ts": "2026-08-13T11:30:18.506835037Z", "container": "prefect-worker", "msg": "│ Deployment 'smarthub-train-model/train-model' successfully created with id   │"}
{"ts": "2026-08-13T11:30:18.506839057Z", "container": "prefect-worker", "msg": "│ 'f2af7572-283e-43ab-bfa3-0ad7cee08503'.                                      │"}
{"ts": "2026-08-13T11:30:18.506842507Z", "container": "prefect-worker", "msg": "╰──────────────────────────────────────────────────────────────────────────────╯"}
{"ts": "2026-08-13T11:30:18.506935938Z", "container": "prefect-worker", "msg": ""}
{"ts": "2026-08-13T11:30:18.506947228Z", "container": "prefect-worker", "msg": "View Deployment in UI: http://prefect-server:4200/deployments/deployment/f2af7572-283e-43ab-bfa3-0ad7cee08503"}
{"ts": "2026-08-13T11:30:18.506951248Z", "container": "prefect-worker", "msg": ""}
{"ts": "2026-08-13T11:30:18.511124372Z", "container": "prefect-worker", "msg": "2026-08-13 11:30:18 | INFO  | _client.py:_send_single_request:1740 | HTTP Request: POST http://prefect-server:4200/api/work_pools/smarthub-pool/workers/filter \"HTTP/1.1 200 OK\""}
{"ts": "2026-08-13T11:30:18.511705636Z", "container": "prefect-worker", "msg": ""}
{"ts": "2026-08-13T11:30:18.511713786Z", "container": "prefect-worker", "msg": "To schedule a run for this deployment, use the following command:"}
{"ts": "2026-08-13T11:30:18.511894388Z", "container": "prefect-worker", "msg": ""}
{"ts": "2026-08-13T11:30:18.511905798Z", "container": "prefect-worker", "msg": "        $ prefect deployment run 'smarthub-train-model/train-model'"}
{"ts": "2026-08-13T11:30:18.511909688Z", "container": "prefect-worker", "msg": ""}
{"ts": "2026-08-13T11:30:19.082552225Z", "container": "prefect-worker", "msg": "Starting worker on pool='smarthub-pool' queues='default features training' ..."}
{"ts": "2026-08-13T11:30:20.449648764Z", "container": "prefect-worker", "msg": "Discovered type 'process' for work pool 'smarthub-pool'."}
{"ts": "2026-08-13T11:30:20.751949677Z", "container": "prefect-worker", "msg": "Worker 'ProcessWorker a4fa7ec8-7f55-4058-867b-bfd7069175c3' started!"}
{"ts": "2026-08-13T11:37:44.687717725Z", "container": "prefect-worker", "msg": "Received SIGTERM. Sending SIGINT to the process worker (PID 8)..."}
{"ts": "2026-08-13T11:37:44.687839336Z", "container": "prefect-worker", "msg": "Received SIGINT. Sending SIGINT to the process worker (PID 8)..."}
{"ts": "2026-08-13T11:37:44.691220813Z", "container": "prefect-worker", "msg": "Worker 'ProcessWorker a4fa7ec8-7f55-4058-867b-bfd7069175c3' stopped!"}
{"ts": "2026-08-13T11:37:58.616066812Z", "container": "prefect-worker", "msg": "Prefect API is up."}
{"ts": "2026-08-13T11:37:59.977980640Z", "container": "prefect-worker", "msg": "Work pool named 'smarthub-pool' already exists. Use --overwrite to update it."}
{"ts": "2026-08-13T11:38:01.118683759Z", "container": "prefect-worker", "msg": "Work queue with name: 'default' already exists."}
{"ts": "2026-08-13T11:38:02.148769455Z", "container": "prefect-worker", "msg": "Work queue with name: 'features' already exists."}
{"ts": "2026-08-13T11:38:03.179934048Z", "container": "prefect-worker", "msg": "Work queue with name: 'training' already exists."}
{"ts": "2026-08-13T11:38:03.340642023Z", "container": "prefect-worker", "msg": "Registering deployments from prefect.yaml ..."}
{"ts": "2026-08-13T11:38:04.749143793Z", "container": "prefect-worker", "msg": "Deploying all flows with an existing deployment configuration..."}
{"ts": "2026-08-13T11:38:04.749391345Z", "container": "prefect-worker", "msg": "╭──────────────────────────────────────────────────────────────────────────────╮"}
{"ts": "2026-08-13T11:38:04.749397926Z", "container": "prefect-worker", "msg": "│ Deploying data-pull                                                          │"}
{"ts": "2026-08-13T11:38:04.749401416Z", "container": "prefect-worker", "msg": "╰──────────────────────────────────────────────────────────────────────────────╯"}
{"ts": "2026-08-13T11:38:05.283933189Z", "container": "prefect-worker", "msg": "2026-08-13 11:38:05 | INFO  | _client.py:_send_single_request:1740 | HTTP Request: GET http://prefect-server:4200/api/work_pools/smarthub-pool \"HTTP/1.1 200 OK\""}
{"ts": "2026-08-13T11:38:05.289307242Z", "container": "prefect-worker", "msg": "2026-08-13 11:38:05 | INFO  | _client.py:_send_single_request:1740 | HTTP Request: GET http://prefect-server:4200/api/work_pools/smarthub-pool \"HTTP/1.1 200 OK\""}
{"ts": "2026-08-13T11:38:05.334891446Z", "container": "prefect-worker", "msg": "2026-08-13 11:38:05 | INFO  | _client.py:_send_single_request:1740 | HTTP Request: GET http://prefect-server:4200/api/deployments/name/smarthub-data-pull/data-pull \"HTTP/1.1 200 OK\""}
{"ts": "2026-08-13T11:38:05.357923651Z", "container": "prefect-worker", "msg": "2026-08-13 11:38:05 | INFO  | _client.py:_send_single_request:1740 | HTTP Request: GET http://prefect-server:4200/api/csrf-token?client=57559f17-1144-429c-804b-8a90534da119 \"HTTP/1.1 422 Unprocessable Entity\""}
{"ts": "2026-08-13T11:38:05.420838474Z", "container": "prefect-worker", "msg": "2026-08-13 11:38:05 | INFO  | _client.py:_send_single_request:1740 | HTTP Request: PATCH http://prefect-server:4200/api/deployments/15dcce44-4b5f-4048-b854-eeba60c3b514 \"HTTP/1.1 204 No Content\""}
{"ts": "2026-08-13T11:38:05.426396638Z", "container": "prefect-worker", "msg": "2026-08-13 11:38:05 | INFO  | _client.py:_send_single_request:1740 | HTTP Request: DELETE http://prefect-server:4200/api/automations/owned-by/prefect.deployment.15dcce44-4b5f-4048-b854-eeba60c3b514 \"HTTP/1.1 202 Accepted\""}
{"ts": "2026-08-13T11:38:05.428427685Z", "container": "prefect-worker", "msg": "2026-08-13 11:38:05 | INFO  | _client.py:_send_single_request:1740 | HTTP Request: GET http://prefect-server:4200/api/csrf-token?client=d03293b8-1ad9-46e0-89f7-92f46991bb22 \"HTTP/1.1 422 Unprocessable Entity\""}
{"ts": "2026-08-13T11:38:05.431885092Z", "container": "prefect-worker", "msg": "2026-08-13 11:38:05 | INFO  | _client.py:_send_single_request:1740 | HTTP Request: DELETE http://prefect-server:4200/api/automations/owned-by/prefect.deployment.15dcce44-4b5f-4048-b854-eeba60c3b514 \"HTTP/1.1 202 Accepted\""}
{"ts": "2026-08-13T11:38:05.432617018Z", "container": "prefect-worker", "msg": "╭──────────────────────────────────────────────────────────────────────────────╮"}
{"ts": "2026-08-13T11:38:05.432636168Z", "container": "prefect-worker", "msg": "│ Deployment 'smarthub-data-pull/data-pull' successfully created with id       │"}
{"ts": "2026-08-13T11:38:05.432640008Z", "container": "prefect-worker", "msg": "│ '15dcce44-4b5f-4048-b854-eeba60c3b514'.                                      │"}
{"ts": "2026-08-13T11:38:05.432643268Z", "container": "prefect-worker", "msg": "╰──────────────────────────────────────────────────────────────────────────────╯"}
{"ts": "2026-08-13T11:38:05.432803349Z", "container": "prefect-worker", "msg": ""}
{"ts": "2026-08-13T11:38:05.432811579Z", "container": "prefect-worker", "msg": "View Deployment in UI: http://prefect-server:4200/deployments/deployment/15dcce44-4b5f-4048-b854-eeba60c3b514"}
{"ts": "2026-08-13T11:38:05.432815189Z", "container": "prefect-worker", "msg": ""}
{"ts": "2026-08-13T11:38:05.437958620Z", "container": "prefect-worker", "msg": "2026-08-13 11:38:05 | INFO  | _client.py:_send_single_request:1740 | HTTP Request: POST http://prefect-server:4200/api/work_pools/smarthub-pool/workers/filter \"HTTP/1.1 200 OK\""}
{"ts": "2026-08-13T11:38:05.438969778Z", "container": "prefect-worker", "msg": ""}
{"ts": "2026-08-13T11:38:05.438977578Z", "container": "prefect-worker", "msg": "To schedule a run for this deployment, use the following command:"}
{"ts": "2026-08-13T11:38:05.439193670Z", "container": "prefect-worker", "msg": ""}
{"ts": "2026-08-13T11:38:05.439205110Z", "container": "prefect-worker", "msg": "        $ prefect deployment run 'smarthub-data-pull/data-pull'"}
{"ts": "2026-08-13T11:38:05.439209150Z", "container": "prefect-worker", "msg": ""}
{"ts": "2026-08-13T11:38:05.439380792Z", "container": "prefect-worker", "msg": "╭──────────────────────────────────────────────────────────────────────────────╮"}
{"ts": "2026-08-13T11:38:05.439387712Z", "container": "prefect-worker", "msg": "│ Deploying build-features                                                     │"}
{"ts": "2026-08-13T11:38:05.439390992Z", "container": "prefect-worker", "msg": "╰──────────────────────────────────────────────────────────────────────────────╯"}
{"ts": "2026-08-13T11:38:05.478220802Z", "container": "prefect-worker", "msg": "2026-08-13 11:38:05 | INFO  | _client.py:_send_single_request:1740 | HTTP Request: GET http://prefect-server:4200/api/work_pools/smarthub-pool \"HTTP/1.1 200 OK\""}
{"ts": "2026-08-13T11:38:05.482021663Z", "container": "prefect-worker", "msg": "2026-08-13 11:38:05 | INFO  | _client.py:_send_single_request:1740 | HTTP Request: GET http://prefect-server:4200/api/work_pools/smarthub-pool \"HTTP/1.1 200 OK\""}
{"ts": "2026-08-13T11:38:05.523958818Z", "container": "prefect-worker", "msg": "2026-08-13 11:38:05 | INFO  | _client.py:_send_single_request:1740 | HTTP Request: GET http://prefect-server:4200/api/deployments/name/smarthub-build-features/build-features \"HTTP/1.1 200 OK\""}
{"ts": "2026-08-13T11:38:05.539651394Z", "container": "prefect-worker", "msg": "2026-08-13 11:38:05 | INFO  | _client.py:_send_single_request:1740 | HTTP Request: GET http://prefect-server:4200/api/csrf-token?client=1093b732-901d-4c1b-a825-4e5ba613e576 \"HTTP/1.1 422 Unprocessable Entity\""}
{"ts": "2026-08-13T11:38:05.597347334Z", "container": "prefect-worker", "msg": "2026-08-13 11:38:05 | INFO  | _client.py:_send_single_request:1740 | HTTP Request: PATCH http://prefect-server:4200/api/deployments/8d536def-a82a-4c94-941b-14c2c0468511 \"HTTP/1.1 204 No Content\""}
{"ts": "2026-08-13T11:38:05.601877121Z", "container": "prefect-worker", "msg": "2026-08-13 11:38:05 | INFO  | _client.py:_send_single_request:1740 | HTTP Request: DELETE http://prefect-server:4200/api/automations/owned-by/prefect.deployment.8d536def-a82a-4c94-941b-14c2c0468511 \"HTTP/1.1 202 Accepted\""}
{"ts": "2026-08-13T11:38:05.604027528Z", "container": "prefect-worker", "msg": "2026-08-13 11:38:05 | INFO  | _client.py:_send_single_request:1740 | HTTP Request: GET http://prefect-server:4200/api/csrf-token?client=a88ab4e8-28bd-47d4-9f8b-759bd89516ce \"HTTP/1.1 422 Unprocessable Entity\""}
{"ts": "2026-08-13T11:38:05.607522286Z", "container": "prefect-worker", "msg": "2026-08-13 11:38:05 | INFO  | _client.py:_send_single_request:1740 | HTTP Request: DELETE http://prefect-server:4200/api/automations/owned-by/prefect.deployment.8d536def-a82a-4c94-941b-14c2c0468511 \"HTTP/1.1 202 Accepted\""}
{"ts": "2026-08-13T11:38:05.608156181Z", "container": "prefect-worker", "msg": "╭──────────────────────────────────────────────────────────────────────────────╮"}
{"ts": "2026-08-13T11:38:05.608165811Z", "container": "prefect-worker", "msg": "│ Deployment 'smarthub-build-features/build-features' successfully created     │"}
{"ts": "2026-08-13T11:38:05.608169471Z", "container": "prefect-worker", "msg": "│ with id '8d536def-a82a-4c94-941b-14c2c0468511'.                              │"}
{"ts": "2026-08-13T11:38:05.608172581Z", "container": "prefect-worker", "msg": "╰──────────────────────────────────────────────────────────────────────────────╯"}
{"ts": "2026-08-13T11:38:05.608279832Z", "container": "prefect-worker", "msg": ""}
{"ts": "2026-08-13T11:38:05.608293062Z", "container": "prefect-worker", "msg": "View Deployment in UI: http://prefect-server:4200/deployments/deployment/8d536def-a82a-4c94-941b-14c2c0468511"}
{"ts": "2026-08-13T11:38:05.608297042Z", "container": "prefect-worker", "msg": ""}
{"ts": "2026-08-13T11:38:05.612289384Z", "container": "prefect-worker", "msg": "2026-08-13 11:38:05 | INFO  | _client.py:_send_single_request:1740 | HTTP Request: POST http://prefect-server:4200/api/work_pools/smarthub-pool/workers/filter \"HTTP/1.1 200 OK\""}
{"ts": "2026-08-13T11:38:05.612819648Z", "container": "prefect-worker", "msg": ""}
{"ts": "2026-08-13T11:38:05.612830668Z", "container": "prefect-worker", "msg": "To schedule a run for this deployment, use the following command:"}
{"ts": "2026-08-13T11:38:05.612996650Z", "container": "prefect-worker", "msg": ""}
{"ts": "2026-08-13T11:38:05.613002240Z", "container": "prefect-worker", "msg": "        $ prefect deployment run 'smarthub-build-features/build-features'"}
{"ts": "2026-08-13T11:38:05.613005600Z", "container": "prefect-worker", "msg": ""}
{"ts": "2026-08-13T11:38:05.613221181Z", "container": "prefect-worker", "msg": "╭──────────────────────────────────────────────────────────────────────────────╮"}
{"ts": "2026-08-13T11:38:05.613228941Z", "container": "prefect-worker", "msg": "│ Deploying train-model                                                        │"}
{"ts": "2026-08-13T11:38:05.613232252Z", "container": "prefect-worker", "msg": "╰──────────────────────────────────────────────────────────────────────────────╯"}
{"ts": "2026-08-13T11:38:06.580811127Z", "container": "prefect-worker", "msg": "2026-08-13 11:38:06 | INFO  | font_manager.py:_load_fontmanager:1847 | generated new fontManager"}
{"ts": "2026-08-13T11:38:06.769001671Z", "container": "prefect-worker", "msg": "2026-08-13 11:38:06 | INFO  | _client.py:_send_single_request:1740 | HTTP Request: GET http://prefect-server:4200/api/work_pools/smarthub-pool \"HTTP/1.1 200 OK\""}
{"ts": "2026-08-13T11:38:06.772864142Z", "container": "prefect-worker", "msg": "2026-08-13 11:38:06 | INFO  | _client.py:_send_single_request:1740 | HTTP Request: GET http://prefect-server:4200/api/work_pools/smarthub-pool \"HTTP/1.1 200 OK\""}
{"ts": "2026-08-13T11:38:06.814550336Z", "container": "prefect-worker", "msg": "2026-08-13 11:38:06 | INFO  | _client.py:_send_single_request:1740 | HTTP Request: GET http://prefect-server:4200/api/deployments/name/smarthub-train-model/train-model \"HTTP/1.1 200 OK\""}
{"ts": "2026-08-13T11:38:06.830246591Z", "container": "prefect-worker", "msg": "2026-08-13 11:38:06 | INFO  | _client.py:_send_single_request:1740 | HTTP Request: GET http://prefect-server:4200/api/csrf-token?client=07ebfd3b-f8e7-4fca-837b-d690480b53c5 \"HTTP/1.1 422 Unprocessable Entity\""}
{"ts": "2026-08-13T11:38:06.886804344Z", "container": "prefect-worker", "msg": "2026-08-13 11:38:06 | INFO  | _client.py:_send_single_request:1740 | HTTP Request: PATCH http://prefect-server:4200/api/deployments/f2af7572-283e-43ab-bfa3-0ad7cee08503 \"HTTP/1.1 204 No Content\""}
{"ts": "2026-08-13T11:38:06.891201348Z", "container": "prefect-worker", "msg": "2026-08-13 11:38:06 | INFO  | _client.py:_send_single_request:1740 | HTTP Request: DELETE http://prefect-server:4200/api/automations/owned-by/prefect.deployment.f2af7572-283e-43ab-bfa3-0ad7cee08503 \"HTTP/1.1 202 Accepted\""}
{"ts": "2026-08-13T11:38:06.893191234Z", "container": "prefect-worker", "msg": "2026-08-13 11:38:06 | INFO  | _client.py:_send_single_request:1740 | HTTP Request: GET http://prefect-server:4200/api/csrf-token?client=1b130fc8-5113-4c21-8ef0-824616ff90dd \"HTTP/1.1 422 Unprocessable Entity\""}
{"ts": "2026-08-13T11:38:06.896689642Z", "container": "prefect-worker", "msg": "2026-08-13 11:38:06 | INFO  | _client.py:_send_single_request:1740 | HTTP Request: DELETE http://prefect-server:4200/api/automations/owned-by/prefect.deployment.f2af7572-283e-43ab-bfa3-0ad7cee08503 \"HTTP/1.1 202 Accepted\""}
{"ts": "2026-08-13T11:38:06.897319457Z", "container": "prefect-worker", "msg": "╭──────────────────────────────────────────────────────────────────────────────╮"}
{"ts": "2026-08-13T11:38:06.897330497Z", "container": "prefect-worker", "msg": "│ Deployment 'smarthub-train-model/train-model' successfully created with id   │"}
{"ts": "2026-08-13T11:38:06.897334237Z", "container": "prefect-worker", "msg": "│ 'f2af7572-283e-43ab-bfa3-0ad7cee08503'.                                      │"}
{"ts": "2026-08-13T11:38:06.897337537Z", "container": "prefect-worker", "msg": "╰──────────────────────────────────────────────────────────────────────────────╯"}
{"ts": "2026-08-13T11:38:06.897434688Z", "container": "prefect-worker", "msg": ""}
{"ts": "2026-08-13T11:38:06.897441758Z", "container": "prefect-worker", "msg": "View Deployment in UI: http://prefect-server:4200/deployments/deployment/f2af7572-283e-43ab-bfa3-0ad7cee08503"}
{"ts": "2026-08-13T11:38:06.897445518Z", "container": "prefect-worker", "msg": ""}
{"ts": "2026-08-13T11:38:06.901463300Z", "container": "prefect-worker", "msg": "2026-08-13 11:38:06 | INFO  | _client.py:_send_single_request:1740 | HTTP Request: POST http://prefect-server:4200/api/work_pools/smarthub-pool/workers/filter \"HTTP/1.1 200 OK\""}
{"ts": "2026-08-13T11:38:06.902008015Z", "container": "prefect-worker", "msg": ""}
{"ts": "2026-08-13T11:38:06.902018005Z", "container": "prefect-worker", "msg": "To schedule a run for this deployment, use the following command:"}
{"ts": "2026-08-13T11:38:06.902189856Z", "container": "prefect-worker", "msg": ""}
{"ts": "2026-08-13T11:38:06.902196226Z", "container": "prefect-worker", "msg": "        $ prefect deployment run 'smarthub-train-model/train-model'"}
{"ts": "2026-08-13T11:38:06.902199756Z", "container": "prefect-worker", "msg": ""}
{"ts": "2026-08-13T11:38:07.474574332Z", "container": "prefect-worker", "msg": "Starting worker on pool='smarthub-pool' queues='default features training' ..."}
{"ts": "2026-08-13T11:38:08.864465454Z", "container": "prefect-worker", "msg": "Discovered type 'process' for work pool 'smarthub-pool'."}
{"ts": "2026-08-13T11:38:09.187974001Z", "container": "prefect-worker", "msg": "Worker 'ProcessWorker 60449a16-998b-44fb-a608-3fabaa5d666a' started!"}
{"ts": "2026-08-13T11:47:28.219034288Z", "container": "prefect-worker", "msg": "Received SIGTERM. Sending SIGINT to the process worker (PID 7)..."}
{"ts": "2026-08-13T11:47:28.219185510Z", "container": "prefect-worker", "msg": "Received SIGINT. Sending SIGINT to the process worker (PID 7)..."}
{"ts": "2026-08-13T11:47:28.222599666Z", "container": "prefect-worker", "msg": "Worker 'ProcessWorker 60449a16-998b-44fb-a608-3fabaa5d666a' stopped!"}
{"ts": "2026-08-13T11:47:42.176430856Z", "container": "prefect-worker", "msg": "Prefect API is up."}
{"ts": "2026-08-13T11:47:43.542368106Z", "container": "prefect-worker", "msg": "Work pool named 'smarthub-pool' already exists. Use --overwrite to update it."}
{"ts": "2026-08-13T11:47:44.703074972Z", "container": "prefect-worker", "msg": "Work queue with name: 'default' already exists."}
{"ts": "2026-08-13T11:47:45.761591584Z", "container": "prefect-worker", "msg": "Work queue with name: 'features' already exists."}
{"ts": "2026-08-13T11:47:46.797846958Z", "container": "prefect-worker", "msg": "Work queue with name: 'training' already exists."}
{"ts": "2026-08-13T11:47:46.938499618Z", "container": "prefect-worker", "msg": "Registering deployments from prefect.yaml ..."}
{"ts": "2026-08-13T11:47:48.368874322Z", "container": "prefect-worker", "msg": "Deploying all flows with an existing deployment configuration..."}
{"ts": "2026-08-13T11:47:48.369133974Z", "container": "prefect-worker", "msg": "╭──────────────────────────────────────────────────────────────────────────────╮"}
{"ts": "2026-08-13T11:47:48.369148824Z", "container": "prefect-worker", "msg": "│ Deploying data-pull                                                          │"}
{"ts": "2026-08-13T11:47:48.369152804Z", "container": "prefect-worker", "msg": "╰──────────────────────────────────────────────────────────────────────────────╯"}
{"ts": "2026-08-13T11:47:48.915408406Z", "container": "prefect-worker", "msg": "2026-08-13 11:47:48 | INFO  | _client.py:_send_single_request:1740 | HTTP Request: GET http://prefect-server:4200/api/work_pools/smarthub-pool \"HTTP/1.1 200 OK\""}
{"ts": "2026-08-13T11:47:48.920913859Z", "container": "prefect-worker", "msg": "2026-08-13 11:47:48 | INFO  | _client.py:_send_single_request:1740 | HTTP Request: GET http://prefect-server:4200/api/work_pools/smarthub-pool \"HTTP/1.1 200 OK\""}
{"ts": "2026-08-13T11:47:48.968081005Z", "container": "prefect-worker", "msg": "2026-08-13 11:47:48 | INFO  | _client.py:_send_single_request:1740 | HTTP Request: GET http://prefect-server:4200/api/deployments/name/smarthub-data-pull/data-pull \"HTTP/1.1 200 OK\""}
{"ts": "2026-08-13T11:47:48.991134199Z", "container": "prefect-worker", "msg": "2026-08-13 11:47:48 | INFO  | _client.py:_send_single_request:1740 | HTTP Request: GET http://prefect-server:4200/api/csrf-token?client=4ac34526-bdf7-4648-a607-dbfdcb51c0b5 \"HTTP/1.1 422 Unprocessable Entity\""}
{"ts": "2026-08-13T11:47:49.057269195Z", "container": "prefect-worker", "msg": "2026-08-13 11:47:49 | INFO  | _client.py:_send_single_request:1740 | HTTP Request: PATCH http://prefect-server:4200/api/deployments/15dcce44-4b5f-4048-b854-eeba60c3b514 \"HTTP/1.1 204 No Content\""}
{"ts": "2026-08-13T11:47:49.063016601Z", "container": "prefect-worker", "msg": "2026-08-13 11:47:49 | INFO  | _client.py:_send_single_request:1740 | HTTP Request: DELETE http://prefect-server:4200/api/automations/owned-by/prefect.deployment.15dcce44-4b5f-4048-b854-eeba60c3b514 \"HTTP/1.1 202 Accepted\""}
{"ts": "2026-08-13T11:47:49.065162988Z", "container": "prefect-worker", "msg": "2026-08-13 11:47:49 | INFO  | _client.py:_send_single_request:1740 | HTTP Request: GET http://prefect-server:4200/api/csrf-token?client=f9e20e86-e320-4798-993c-7e02691f5b2a \"HTTP/1.1 422 Unprocessable Entity\""}
{"ts": "2026-08-13T11:47:49.068759517Z", "container": "prefect-worker", "msg": "2026-08-13 11:47:49 | INFO  | _client.py:_send_single_request:1740 | HTTP Request: DELETE http://prefect-server:4200/api/automations/owned-by/prefect.deployment.15dcce44-4b5f-4048-b854-eeba60c3b514 \"HTTP/1.1 202 Accepted\""}
{"ts": "2026-08-13T11:47:49.069539943Z", "container": "prefect-worker", "msg": "╭──────────────────────────────────────────────────────────────────────────────╮"}
{"ts": "2026-08-13T11:47:49.069557873Z", "container": "prefect-worker", "msg": "│ Deployment 'smarthub-data-pull/data-pull' successfully created with id       │"}
{"ts": "2026-08-13T11:47:49.069561383Z", "container": "prefect-worker", "msg": "│ '15dcce44-4b5f-4048-b854-eeba60c3b514'.                                      │"}
{"ts": "2026-08-13T11:47:49.069564453Z", "container": "prefect-worker", "msg": "╰──────────────────────────────────────────────────────────────────────────────╯"}
{"ts": "2026-08-13T11:47:49.069727574Z", "container": "prefect-worker", "msg": ""}
{"ts": "2026-08-13T11:47:49.069736464Z", "container": "prefect-worker", "msg": "View Deployment in UI: http://prefect-server:4200/deployments/deployment/15dcce44-4b5f-4048-b854-eeba60c3b514"}
{"ts": "2026-08-13T11:47:49.069739915Z", "container": "prefect-worker", "msg": ""}
{"ts": "2026-08-13T11:47:49.074979996Z", "container": "prefect-worker", "msg": "2026-08-13 11:47:49 | INFO  | _client.py:_send_single_request:1740 | HTTP Request: POST http://prefect-server:4200/api/work_pools/smarthub-pool/workers/filter \"HTTP/1.1 200 OK\""}
{"ts": "2026-08-13T11:47:49.076056895Z", "container": "prefect-worker", "msg": ""}
{"ts": "2026-08-13T11:47:49.076064425Z", "container": "prefect-worker", "msg": "To schedule a run for this deployment, use the following command:"}
{"ts": "2026-08-13T11:47:49.076284347Z", "container": "prefect-worker", "msg": ""}
{"ts": "2026-08-13T11:47:49.076290837Z", "container": "prefect-worker", "msg": "        $ prefect deployment run 'smarthub-data-pull/data-pull'"}
{"ts": "2026-08-13T11:47:49.076294317Z", "container": "prefect-worker", "msg": ""}
{"ts": "2026-08-13T11:47:49.076467398Z", "container": "prefect-worker", "msg": "╭──────────────────────────────────────────────────────────────────────────────╮"}
{"ts": "2026-08-13T11:47:49.076475258Z", "container": "prefect-worker", "msg": "│ Deploying build-features                                                     │"}
{"ts": "2026-08-13T11:47:49.076478598Z", "container": "prefect-worker", "msg": "╰──────────────────────────────────────────────────────────────────────────────╯"}
{"ts": "2026-08-13T11:47:49.115459569Z", "container": "prefect-worker", "msg": "2026-08-13 11:47:49 | INFO  | _client.py:_send_single_request:1740 | HTTP Request: GET http://prefect-server:4200/api/work_pools/smarthub-pool \"HTTP/1.1 200 OK\""}
{"ts": "2026-08-13T11:47:49.119409221Z", "container": "prefect-worker", "msg": "2026-08-13 11:47:49 | INFO  | _client.py:_send_single_request:1740 | HTTP Request: GET http://prefect-server:4200/api/work_pools/smarthub-pool \"HTTP/1.1 200 OK\""}
{"ts": "2026-08-13T11:47:49.161166983Z", "container": "prefect-worker", "msg": "2026-08-13 11:47:49 | INFO  | _client.py:_send_single_request:1740 | HTTP Request: GET http://prefect-server:4200/api/deployments/name/smarthub-build-features/build-features \"HTTP/1.1 200 OK\""}
{"ts": "2026-08-13T11:47:49.176682017Z", "container": "prefect-worker", "msg": "2026-08-13 11:47:49 | INFO  | _client.py:_send_single_request:1740 | HTTP Request: GET http://prefect-server:4200/api/csrf-token?client=9c537c06-97f3-41c1-b5b0-2df1f561eb47 \"HTTP/1.1 422 Unprocessable Entity\""}
{"ts": "2026-08-13T11:47:49.233904722Z", "container": "prefect-worker", "msg": "2026-08-13 11:47:49 | INFO  | _client.py:_send_single_request:1740 | HTTP Request: PATCH http://prefect-server:4200/api/deployments/8d536def-a82a-4c94-941b-14c2c0468511 \"HTTP/1.1 204 No Content\""}
{"ts": "2026-08-13T11:47:49.238555059Z", "container": "prefect-worker", "msg": "2026-08-13 11:47:49 | INFO  | _client.py:_send_single_request:1740 | HTTP Request: DELETE http://prefect-server:4200/api/automations/owned-by/prefect.deployment.8d536def-a82a-4c94-941b-14c2c0468511 \"HTTP/1.1 202 Accepted\""}
{"ts": "2026-08-13T11:47:49.240803297Z", "container": "prefect-worker", "msg": "2026-08-13 11:47:49 | INFO  | _client.py:_send_single_request:1740 | HTTP Request: GET http://prefect-server:4200/api/csrf-token?client=d5c903cb-b606-42c4-86d4-8f8ba01c857f \"HTTP/1.1 422 Unprocessable Entity\""}
{"ts": "2026-08-13T11:47:49.244479727Z", "container": "prefect-worker", "msg": "2026-08-13 11:47:49 | INFO  | _client.py:_send_single_request:1740 | HTTP Request: DELETE http://prefect-server:4200/api/automations/owned-by/prefect.deployment.8d536def-a82a-4c94-941b-14c2c0468511 \"HTTP/1.1 202 Accepted\""}
{"ts": "2026-08-13T11:47:49.245147542Z", "container": "prefect-worker", "msg": "╭──────────────────────────────────────────────────────────────────────────────╮"}
{"ts": "2026-08-13T11:47:49.245155992Z", "container": "prefect-worker", "msg": "│ Deployment 'smarthub-build-features/build-features' successfully created     │"}
{"ts": "2026-08-13T11:47:49.245159632Z", "container": "prefect-worker", "msg": "│ with id '8d536def-a82a-4c94-941b-14c2c0468511'.                              │"}
{"ts": "2026-08-13T11:47:49.245162872Z", "container": "prefect-worker", "msg": "╰──────────────────────────────────────────────────────────────────────────────╯"}
{"ts": "2026-08-13T11:47:49.245262703Z", "container": "prefect-worker", "msg": ""}
{"ts": "2026-08-13T11:47:49.245269013Z", "container": "prefect-worker", "msg": "View Deployment in UI: http://prefect-server:4200/deployments/deployment/8d536def-a82a-4c94-941b-14c2c0468511"}
{"ts": "2026-08-13T11:47:49.245272143Z", "container": "prefect-worker", "msg": ""}
{"ts": "2026-08-13T11:47:49.249330845Z", "container": "prefect-worker", "msg": "2026-08-13 11:47:49 | INFO  | _client.py:_send_single_request:1740 | HTTP Request: POST http://prefect-server:4200/api/work_pools/smarthub-pool/workers/filter \"HTTP/1.1 200 OK\""}
{"ts": "2026-08-13T11:47:49.249885680Z", "container": "prefect-worker", "msg": ""}
{"ts": "2026-08-13T11:47:49.249889360Z", "container": "prefect-worker", "msg": "To schedule a run for this deployment, use the following command:"}
{"ts": "2026-08-13T11:47:49.250076851Z", "container": "prefect-worker", "msg": ""}
{"ts": "2026-08-13T11:47:49.250081701Z", "container": "prefect-worker", "msg": "        $ prefect deployment run 'smarthub-build-features/build-features'"}
{"ts": "2026-08-13T11:47:49.250084821Z", "container": "prefect-worker", "msg": ""}
{"ts": "2026-08-13T11:47:49.250288733Z", "container": "prefect-worker", "msg": "╭──────────────────────────────────────────────────────────────────────────────╮"}
{"ts": "2026-08-13T11:47:49.250295853Z", "container": "prefect-worker", "msg": "│ Deploying train-model                                                        │"}
{"ts": "2026-08-13T11:47:49.250299043Z", "container": "prefect-worker", "msg": "╰──────────────────────────────────────────────────────────────────────────────╯"}
{"ts": "2026-08-13T11:47:50.247386015Z", "container": "prefect-worker", "msg": "2026-08-13 11:47:50 | INFO  | font_manager.py:_load_fontmanager:1847 | generated new fontManager"}
{"ts": "2026-08-13T11:47:50.439273884Z", "container": "prefect-worker", "msg": "2026-08-13 11:47:50 | INFO  | _client.py:_send_single_request:1740 | HTTP Request: GET http://prefect-server:4200/api/work_pools/smarthub-pool \"HTTP/1.1 200 OK\""}
{"ts": "2026-08-13T11:47:50.443305456Z", "container": "prefect-worker", "msg": "2026-08-13 11:47:50 | INFO  | _client.py:_send_single_request:1740 | HTTP Request: GET http://prefect-server:4200/api/work_pools/smarthub-pool \"HTTP/1.1 200 OK\""}
{"ts": "2026-08-13T11:47:50.486544880Z", "container": "prefect-worker", "msg": "2026-08-13 11:47:50 | INFO  | _client.py:_send_single_request:1740 | HTTP Request: GET http://prefect-server:4200/api/deployments/name/smarthub-train-model/train-model \"HTTP/1.1 200 OK\""}
{"ts": "2026-08-13T11:47:50.502528737Z", "container": "prefect-worker", "msg": "2026-08-13 11:47:50 | INFO  | _client.py:_send_single_request:1740 | HTTP Request: GET http://prefect-server:4200/api/csrf-token?client=73a935f6-bddd-47f8-aca8-39aefd1f767e \"HTTP/1.1 422 Unprocessable Entity\""}
{"ts": "2026-08-13T11:47:50.563841326Z", "container": "prefect-worker", "msg": "2026-08-13 11:47:50 | INFO  | _client.py:_send_single_request:1740 | HTTP Request: PATCH http://prefect-server:4200/api/deployments/f2af7572-283e-43ab-bfa3-0ad7cee08503 \"HTTP/1.1 204 No Content\""}
{"ts": "2026-08-13T11:47:50.568621794Z", "container": "prefect-worker", "msg": "2026-08-13 11:47:50 | INFO  | _client.py:_send_single_request:1740 | HTTP Request: DELETE http://prefect-server:4200/api/automations/owned-by/prefect.deployment.f2af7572-283e-43ab-bfa3-0ad7cee08503 \"HTTP/1.1 202 Accepted\""}
{"ts": "2026-08-13T11:47:50.570909153Z", "container": "prefect-worker", "msg": "2026-08-13 11:47:50 | INFO  | _client.py:_send_single_request:1740 | HTTP Request: GET http://prefect-server:4200/api/csrf-token?client=a789d0d2-a709-4558-9c1a-1f06e4816978 \"HTTP/1.1 422 Unprocessable Entity\""}
{"ts": "2026-08-13T11:47:50.574560021Z", "container": "prefect-worker", "msg": "2026-08-13 11:47:50 | INFO  | _client.py:_send_single_request:1740 | HTTP Request: DELETE http://prefect-server:4200/api/automations/owned-by/prefect.deployment.f2af7572-283e-43ab-bfa3-0ad7cee08503 \"HTTP/1.1 202 Accepted\""}
{"ts": "2026-08-13T11:47:50.575210926Z", "container": "prefect-worker", "msg": "╭──────────────────────────────────────────────────────────────────────────────╮"}
{"ts": "2026-08-13T11:47:50.575217946Z", "container": "prefect-worker", "msg": "│ Deployment 'smarthub-train-model/train-model' successfully created with id   │"}
{"ts": "2026-08-13T11:47:50.575221466Z", "container": "prefect-worker", "msg": "│ 'f2af7572-283e-43ab-bfa3-0ad7cee08503'.                                      │"}
{"ts": "2026-08-13T11:47:50.575224517Z", "container": "prefect-worker", "msg": "╰──────────────────────────────────────────────────────────────────────────────╯"}
{"ts": "2026-08-13T11:47:50.575357358Z", "container": "prefect-worker", "msg": ""}
{"ts": "2026-08-13T11:47:50.575364658Z", "container": "prefect-worker", "msg": "View Deployment in UI: http://prefect-server:4200/deployments/deployment/f2af7572-283e-43ab-bfa3-0ad7cee08503"}
{"ts": "2026-08-13T11:47:50.575368278Z", "container": "prefect-worker", "msg": ""}
{"ts": "2026-08-13T11:47:50.579633472Z", "container": "prefect-worker", "msg": "2026-08-13 11:47:50 | INFO  | _client.py:_send_single_request:1740 | HTTP Request: POST http://prefect-server:4200/api/work_pools/smarthub-pool/workers/filter \"HTTP/1.1 200 OK\""}
{"ts": "2026-08-13T11:47:50.580198926Z", "container": "prefect-worker", "msg": ""}
{"ts": "2026-08-13T11:47:50.580205636Z", "container": "prefect-worker", "msg": "To schedule a run for this deployment, use the following command:"}
{"ts": "2026-08-13T11:47:50.580385588Z", "container": "prefect-worker", "msg": ""}
{"ts": "2026-08-13T11:47:50.580391868Z", "container": "prefect-worker", "msg": "        $ prefect deployment run 'smarthub-train-model/train-model'"}
{"ts": "2026-08-13T11:47:50.580395718Z", "container": "prefect-worker", "msg": ""}
{"ts": "2026-08-13T11:47:51.189668211Z", "container": "prefect-worker", "msg": "Starting worker on pool='smarthub-pool' queues='default features training' ..."}
{"ts": "2026-08-13T11:47:52.568520814Z", "container": "prefect-worker", "msg": "Discovered type 'process' for work pool 'smarthub-pool'."}
{"ts": "2026-08-13T11:47:52.891071333Z", "container": "prefect-worker", "msg": "Worker 'ProcessWorker c09911e3-8540-45ba-b9e5-a987ad0388ad' started!"}
{"ts": "2026-08-13T11:59:56.674268271Z", "container": "prefect-worker", "msg": "11:59:56.671 | INFO    | prefect.flow_runs.worker - Worker 'ProcessWorker c09911e3-8540-45ba-b9e5-a987ad0388ad' submitting flow run '019ffaf3-339b-7d59-baca-9fd8037d67d3'"}
{"ts": "2026-08-13T11:59:57.033664486Z", "container": "prefect-worker", "msg": "11:59:57.033 | INFO    | prefect.flow_runs.runner - Starting flow run process..."}
{"ts": "2026-08-13T11:59:57.060954813Z", "container": "prefect-worker", "msg": "11:59:57.060 | INFO    | prefect.flow_runs.worker - Flow run 'impressive-toucanet' submitted to infrastructure"}
{"ts": "2026-08-13T11:59:58.252884184Z", "container": "prefect-worker", "msg": "11:59:58.246 | INFO    | Flow run 'impressive-toucanet' - Running 1 deployment pull step(s)"}
{"ts": "2026-08-13T11:59:58.273313687Z", "container": "prefect-worker", "msg": "11:59:58.272 | INFO    | Flow run 'impressive-toucanet' - Executing deployment step: set_working_directory"}
{"ts": "2026-08-13T11:59:58.284666217Z", "container": "prefect-worker", "msg": "11:59:58.284 | INFO    | Flow run 'impressive-toucanet' - Deployment step 'set_working_directory' completed successfully"}
{"ts": "2026-08-13T11:59:58.298090264Z", "container": "prefect-worker", "msg": "11:59:58.297 | INFO    | Flow run 'impressive-toucanet' - All deployment steps completed successfully"}
{"ts": "2026-08-13T11:59:58.734837295Z", "container": "prefect-worker", "msg": "2026-08-13 11:59:58 | INFO  | _client.py:_send_single_request:1025 | HTTP Request: GET http://prefect-server:4200/api/admin/version \"HTTP/1.1 200 OK\""}
{"ts": "2026-08-13T11:59:58.738300203Z", "container": "prefect-worker", "msg": "2026-08-13 11:59:58 | INFO  | _client.py:_send_single_request:1025 | HTTP Request: GET http://prefect-server:4200/api/csrf-token?client=3d02358c-5640-457a-8ace-81e29b74cc8d \"HTTP/1.1 422 Unprocessable Entity\""}
{"ts": "2026-08-13T11:59:58.743480245Z", "container": "prefect-worker", "msg": "2026-08-13 11:59:58 | INFO  | _client.py:_send_single_request:1025 | HTTP Request: PATCH http://prefect-server:4200/api/flow_runs/019ffaf3-339b-7d59-baca-9fd8037d67d3 \"HTTP/1.1 204 No Content\""}
{"ts": "2026-08-13T11:59:58.761369657Z", "container": "prefect-worker", "msg": "2026-08-13 11:59:58 | INFO  | _client.py:_send_single_request:1740 | HTTP Request: GET http://prefect-server:4200/api/flow_runs/019ffaf3-339b-7d59-baca-9fd8037d67d3 \"HTTP/1.1 200 OK\""}
{"ts": "2026-08-13T11:59:58.773922477Z", "container": "prefect-worker", "msg": "2026-08-13 11:59:58 | INFO  | _client.py:_send_single_request:1025 | HTTP Request: POST http://prefect-server:4200/api/flow_runs/019ffaf3-339b-7d59-baca-9fd8037d67d3/set_state \"HTTP/1.1 200 OK\""}
{"ts": "2026-08-13T11:59:59.789026398Z", "container": "prefect-worker", "msg": "2026-08-13 11:59:59 | INFO  | _client.py:_send_single_request:1025 | HTTP Request: POST http://prefect-server:4200/api/flow_runs/019ffaf3-339b-7d59-baca-9fd8037d67d3/set_state \"HTTP/1.1 201 Created\""}
{"ts": "2026-08-13T11:59:59.794866235Z", "container": "prefect-worker", "msg": "2026-08-13 11:59:59 | INFO  | _client.py:_send_single_request:1025 | HTTP Request: GET http://prefect-server:4200/api/flow_runs/019ffaf3-339b-7d59-baca-9fd8037d67d3 \"HTTP/1.1 200 OK\""}
{"ts": "2026-08-13T11:59:59.799904955Z", "container": "prefect-worker", "msg": "2026-08-13 11:59:59 | INFO  | _client.py:_send_single_request:1025 | HTTP Request: GET http://prefect-server:4200/api/admin/storage \"HTTP/1.1 200 OK\""}
{"ts": "2026-08-13T11:59:59.802886378Z", "container": "prefect-worker", "msg": "2026-08-13 11:59:59 | INFO  | _client.py:_send_single_request:1025 | HTTP Request: GET http://prefect-server:4200/api/admin/storage \"HTTP/1.1 200 OK\""}
{"ts": "2026-08-13T11:59:59.803406212Z", "container": "prefect-worker", "msg": "2026-08-13 11:59:59 | INFO  | flow_engine.py:setup_run_context:1133 | Beginning flow run 'impressive-toucanet' for flow 'smarthub-data-pull'"}
{"ts": "2026-08-13T11:59:59.803826796Z", "container": "prefect-worker", "msg": "2026-08-13 11:59:59 | INFO  | flow_engine.py:setup_run_context:1138 | View at http://prefect-server:4200/runs/flow-run/019ffaf3-339b-7d59-baca-9fd8037d67d3"}
{"ts": "2026-08-13T11:59:59.837279433Z", "container": "prefect-worker", "msg": "2026-08-13 11:59:59 | INFO  | _client.py:_send_single_request:1740 | HTTP Request: GET http://prefect-server:4200/api/flows/c49e248a-be9d-43b9-ad26-cff3b7117b11 \"HTTP/1.1 200 OK\""}
{"ts": "2026-08-13T11:59:59.845679260Z", "container": "prefect-worker", "msg": "2026-08-13 11:59:59 | INFO  | _client.py:_send_single_request:1740 | HTTP Request: GET http://prefect-server:4200/api/work_queues/32c7c4c1-2900-49ee-9a5d-6d3163577ef9 \"HTTP/1.1 200 OK\""}
{"ts": "2026-08-13T11:59:59.847683575Z", "container": "prefect-worker", "msg": "2026-08-13 11:59:59 | INFO  | _client.py:_send_single_request:1740 | HTTP Request: GET http://prefect-server:4200/api/deployments/15dcce44-4b5f-4048-b854-eeba60c3b514 \"HTTP/1.1 200 OK\""}
{"ts": "2026-08-13T11:59:59.848000588Z", "container": "prefect-worker", "msg": "2026-08-13 11:59:59 | INFO  | _client.py:_send_single_request:1740 | HTTP Request: GET http://prefect-server:4200/api/work_pools/smarthub-pool \"HTTP/1.1 200 OK\""}
{"ts": "2026-08-13T11:59:59.848786944Z", "container": "prefect-worker", "msg": "2026-08-13 11:59:59 | INFO  | _client.py:_send_single_request:1025 | HTTP Request: GET http://prefect-server:4200/api/variables/name/smarthub_last_pull_timestamp_auto \"HTTP/1.1 200 OK\""}
{"ts": "2026-08-13T11:59:59.852014390Z", "container": "prefect-worker", "msg": "2026-08-13 11:59:59 | INFO  | task_engine.py:log_finished_message:410 | Finished in state Completed()"}
{"ts": "2026-08-13T11:59:59.852345443Z", "container": "prefect-worker", "msg": "2026-08-13 11:59:59 | INFO  | flow.py:data_pull_flow:246 | [auto] pulling window 2026-08-13 07:17:15 -> 2026-08-13 11:59:59"}
{"ts": "2026-08-13T11:59:59.855549438Z", "container": "prefect-worker", "msg": "2026-08-13 11:59:59 | INFO  | _client.py:_send_single_request:1025 | HTTP Request: GET http://prefect-server:4200/api/variables/name/smarthub_last_pull_timestamp_auto \"HTTP/1.1 200 OK\""}
{"ts": "2026-08-13T11:59:59.859693531Z", "container": "prefect-worker", "msg": "2026-08-13 11:59:59 | INFO  | pull.py:fetch_leads:134 | SSH_TUNNEL=false -- connecting directly to Redshift smart-hub.c9m7m7mw0tl8.us-east-1.redshift.amazonaws.com:5439"}
{"ts": "2026-08-13T12:00:00.061373029Z", "container": "prefect-worker", "msg": "2026-08-13 12:00:00 | INFO  | plugins.py:__init__:37 | setup plugin alembic.autogenerate.schemas"}
{"ts": "2026-08-13T12:00:00.061529600Z", "container": "prefect-worker", "msg": "2026-08-13 12:00:00 | INFO  | plugins.py:__init__:37 | setup plugin alembic.autogenerate.tables"}
{"ts": "2026-08-13T12:00:00.061542080Z", "container": "prefect-worker", "msg": "2026-08-13 12:00:00 | INFO  | plugins.py:__init__:37 | setup plugin alembic.autogenerate.types"}
{"ts": "2026-08-13T12:00:00.061546140Z", "container": "prefect-worker", "msg": "2026-08-13 12:00:00 | INFO  | plugins.py:__init__:37 | setup plugin alembic.autogenerate.constraints"}
{"ts": "2026-08-13T12:00:00.061549410Z", "container": "prefect-worker", "msg": "2026-08-13 12:00:00 | INFO  | plugins.py:__init__:37 | setup plugin alembic.autogenerate.defaults"}
{"ts": "2026-08-13T12:00:00.061747692Z", "container": "prefect-worker", "msg": "2026-08-13 12:00:00 | INFO  | plugins.py:__init__:37 | setup plugin alembic.autogenerate.comments"}
{"ts": "2026-08-13T12:00:00.267629703Z", "container": "prefect-worker", "msg": "2026-08-13 12:00:00 | INFO  | _client.py:_send_single_request:1740 | HTTP Request: GET http://prefect-server:4200/api/csrf-token?client=7e195dea-72f4-47f9-a4b9-ac4e90da518f \"HTTP/1.1 422 Unprocessable Entity\""}
{"ts": "2026-08-13T12:00:00.276668895Z", "container": "prefect-worker", "msg": "2026-08-13 12:00:00 | INFO  | _client.py:_send_single_request:1740 | HTTP Request: POST http://prefect-server:4200/api/logs/ \"HTTP/1.1 201 Created\""}
{"ts": "2026-08-13T12:00:02.038652499Z", "container": "prefect-worker", "msg": "2026-08-13 12:00:02 | INFO  | pull.py:fetch_leads:154 | Fetched leads frame with shape (4024, 57)"}
{"ts": "2026-08-13T12:00:02.039872479Z", "container": "prefect-worker", "msg": "2026-08-13 12:00:02 | INFO  | task_engine.py:log_finished_message:410 | Finished in state Completed()"}
{"ts": "2026-08-13T12:00:02.229030687Z", "container": "prefect-worker", "msg": "2026-08-13 12:00:02 | INFO  | validation_report.py:log_summary:165 | data-quality: rows=4,024, status=issues flagged, rule_violation_rows=8,049, cross_field={'current_carrier_when_not_insured': 3334}, high_missing=['accepted', 'accepted_listings', 'annual_revenue', 'erred', 'error_reason_id', 'health_conditions', 'household_income', 'lead_created_at', 'life_coverage_amount', 'life_coverage_type', 'naics_code', 'num_dependents', 'num_employees', 'pnc_bundle', 'rev', 'sic_code', 'won']"}
{"ts": "2026-08-13T12:00:02.250622709Z", "container": "prefect-worker", "msg": "2026-08-13 12:00:02 | INFO  | _client.py:_send_single_request:1025 | HTTP Request: POST http://prefect-server:4200/api/artifacts/ \"HTTP/1.1 201 Created\""}
{"ts": "2026-08-13T12:00:02.253885275Z", "container": "prefect-worker", "msg": "2026-08-13 12:00:02 | INFO  | task_engine.py:log_finished_message:410 | Finished in state Completed()"}
{"ts": "2026-08-13T12:00:02.290757989Z", "container": "prefect-worker", "msg": "2026-08-13 12:00:02 | INFO  | _client.py:_send_single_request:1740 | HTTP Request: POST http://prefect-server:4200/api/logs/ \"HTTP/1.1 201 Created\""}
{"ts": "2026-08-13T12:00:02.388912751Z", "container": "prefect-worker", "msg": "2026-08-13 12:00:02 | INFO  | storage.py:append_parquet:470 | Parquet partition 13-08-2026.parquet: +4024 rows"}
{"ts": "2026-08-13T12:00:02.402175927Z", "container": "prefect-worker", "msg": "2026-08-13 12:00:02 | INFO  | task_engine.py:log_finished_message:410 | Finished in state Completed()"}
{"ts": "2026-08-13T12:00:02.433972810Z", "container": "prefect-worker", "msg": "2026-08-13 12:00:02 | INFO  | _client.py:_send_single_request:1025 | HTTP Request: GET http://prefect-server:4200/api/variables/name/smarthub_last_pull_timestamp_auto \"HTTP/1.1 200 OK\""}
{"ts": "2026-08-13T12:00:02.632670874Z", "container": "prefect-worker", "msg": "2026-08-13 12:00:02 | INFO  | _client.py:_send_single_request:1025 | HTTP Request: PATCH http://prefect-server:4200/api/variables/name/smarthub_last_pull_timestamp_auto \"HTTP/1.1 204 No Content\""}
{"ts": "2026-08-13T12:00:02.635982321Z", "container": "prefect-worker", "msg": "2026-08-13 12:00:02 | INFO  | _client.py:_send_single_request:1025 | HTTP Request: GET http://prefect-server:4200/api/variables/name/smarthub_last_pull_timestamp_auto \"HTTP/1.1 200 OK\""}
{"ts": "2026-08-13T12:00:02.637415742Z", "container": "prefect-worker", "msg": "2026-08-13 12:00:02 | INFO  | task_engine.py:log_finished_message:410 | Finished in state Completed()"}
{"ts": "2026-08-13T12:00:02.637941876Z", "container": "prefect-worker", "msg": "2026-08-13 12:00:02 | INFO  | flow.py:data_pull_flow:254 | [auto] persisted {'parquet_rows': 4024, 'parquet_paths': ['/app/data/raw_datasets/leads/2026/08/13-08-2026.parquet']}; watermark now 2026-08-13 11:59:48"}
{"ts": "2026-08-13T12:00:02.657775234Z", "container": "prefect-worker", "msg": "2026-08-13 12:00:02 | INFO  | _client.py:_send_single_request:1025 | HTTP Request: POST http://prefect-server:4200/api/artifacts/ \"HTTP/1.1 201 Created\""}
{"ts": "2026-08-13T12:00:02.742018136Z", "container": "prefect-worker", "msg": "2026-08-13 12:00:02 | INFO  | _client.py:_send_single_request:1025 | HTTP Request: POST http://prefect-server:4200/api/flow_runs/019ffaf3-339b-7d59-baca-9fd8037d67d3/set_state \"HTTP/1.1 201 Created\""}
{"ts": "2026-08-13T12:00:03.004307646Z", "container": "prefect-worker", "msg": "2026-08-13 12:00:03 | INFO  | flow_engine.py:initialize_run:1235 | Finished in state Completed()"}
{"ts": "2026-08-13T12:00:03.013248898Z", "container": "prefect-worker", "msg": "2026-08-13 12:00:03 | INFO  | _client.py:_send_single_request:1740 | HTTP Request: POST http://prefect-server:4200/api/logs/ \"HTTP/1.1 201 Created\""}
{"ts": "2026-08-13T12:00:03.454827467Z", "container": "prefect-worker", "msg": "12:00:03.454 | INFO    | prefect.flow_runs.runner - Process for flow run 'impressive-toucanet' exited cleanly."}
{"ts": "2026-08-13T12:14:58.482332333Z", "container": "prefect-worker", "msg": "12:14:58.481 | INFO    | prefect.flow_runs.worker - Worker 'ProcessWorker c09911e3-8540-45ba-b9e5-a987ad0388ad' submitting flow run '019ffaf3-339a-71d7-a606-503c8ec1c688'"}
{"ts": "2026-08-13T12:14:58.619745554Z", "container": "prefect-worker", "msg": "12:14:58.619 | INFO    | prefect.flow_runs.runner - Starting flow run process..."}
{"ts": "2026-08-13T12:14:58.643365603Z", "container": "prefect-worker", "msg": "12:14:58.642 | INFO    | prefect.flow_runs.worker - Flow run 'impossible-kelpie' submitted to infrastructure"}
{"ts": "2026-08-13T12:14:59.855287210Z", "container": "prefect-worker", "msg": "12:14:59.849 | INFO    | Flow run 'impossible-kelpie' - Running 1 deployment pull step(s)"}
{"ts": "2026-08-13T12:14:59.877214225Z", "container": "prefect-worker", "msg": "12:14:59.876 | INFO    | Flow run 'impossible-kelpie' - Executing deployment step: set_working_directory"}
{"ts": "2026-08-13T12:14:59.888966209Z", "container": "prefect-worker", "msg": "12:14:59.888 | INFO    | Flow run 'impossible-kelpie' - Deployment step 'set_working_directory' completed successfully"}
{"ts": "2026-08-13T12:14:59.902979272Z", "container": "prefect-worker", "msg": "12:14:59.902 | INFO    | Flow run 'impossible-kelpie' - All deployment steps completed successfully"}
{"ts": "2026-08-13T12:15:00.359338307Z", "container": "prefect-worker", "msg": "2026-08-13 12:15:00 | INFO  | _client.py:_send_single_request:1025 | HTTP Request: GET http://prefect-server:4200/api/admin/version \"HTTP/1.1 200 OK\""}
{"ts": "2026-08-13T12:15:00.362889525Z", "container": "prefect-worker", "msg": "2026-08-13 12:15:00 | INFO  | _client.py:_send_single_request:1025 | HTTP Request: GET http://prefect-server:4200/api/csrf-token?client=99506499-b7dc-4379-b8cd-fd0dd19090cd \"HTTP/1.1 422 Unprocessable Entity\""}
{"ts": "2026-08-13T12:15:00.368172287Z", "container": "prefect-worker", "msg": "2026-08-13 12:15:00 | INFO  | _client.py:_send_single_request:1025 | HTTP Request: PATCH http://prefect-server:4200/api/flow_runs/019ffaf3-339a-71d7-a606-503c8ec1c688 \"HTTP/1.1 204 No Content\""}
{"ts": "2026-08-13T12:15:00.386900648Z", "container": "prefect-worker", "msg": "2026-08-13 12:15:00 | INFO  | _client.py:_send_single_request:1740 | HTTP Request: GET http://prefect-server:4200/api/flow_runs/019ffaf3-339a-71d7-a606-503c8ec1c688 \"HTTP/1.1 200 OK\""}
{"ts": "2026-08-13T12:15:00.400752219Z", "container": "prefect-worker", "msg": "2026-08-13 12:15:00 | INFO  | _client.py:_send_single_request:1025 | HTTP Request: POST http://prefect-server:4200/api/flow_runs/019ffaf3-339a-71d7-a606-503c8ec1c688/set_state \"HTTP/1.1 201 Created\""}
{"ts": "2026-08-13T12:15:00.405971470Z", "container": "prefect-worker", "msg": "2026-08-13 12:15:00 | INFO  | _client.py:_send_single_request:1025 | HTTP Request: GET http://prefect-server:4200/api/flow_runs/019ffaf3-339a-71d7-a606-503c8ec1c688 \"HTTP/1.1 200 OK\""}
{"ts": "2026-08-13T12:15:00.410180334Z", "container": "prefect-worker", "msg": "2026-08-13 12:15:00 | INFO  | _client.py:_send_single_request:1025 | HTTP Request: GET http://prefect-server:4200/api/admin/storage \"HTTP/1.1 200 OK\""}
{"ts": "2026-08-13T12:15:00.413094777Z", "container": "prefect-worker", "msg": "2026-08-13 12:15:00 | INFO  | _client.py:_send_single_request:1025 | HTTP Request: GET http://prefect-server:4200/api/admin/storage \"HTTP/1.1 200 OK\""}
{"ts": "2026-08-13T12:15:00.413695822Z", "container": "prefect-worker", "msg": "2026-08-13 12:15:00 | INFO  | flow_engine.py:setup_run_context:1133 | Beginning flow run 'impossible-kelpie' for flow 'smarthub-data-pull'"}
{"ts": "2026-08-13T12:15:00.414145146Z", "container": "prefect-worker", "msg": "2026-08-13 12:15:00 | INFO  | flow_engine.py:setup_run_context:1138 | View at http://prefect-server:4200/runs/flow-run/019ffaf3-339a-71d7-a606-503c8ec1c688"}
{"ts": "2026-08-13T12:15:00.443198949Z", "container": "prefect-worker", "msg": "2026-08-13 12:15:00 | INFO  | _client.py:_send_single_request:1740 | HTTP Request: GET http://prefect-server:4200/api/flows/c49e248a-be9d-43b9-ad26-cff3b7117b11 \"HTTP/1.1 200 OK\""}
{"ts": "2026-08-13T12:15:00.453749623Z", "container": "prefect-worker", "msg": "2026-08-13 12:15:00 | INFO  | _client.py:_send_single_request:1740 | HTTP Request: GET http://prefect-server:4200/api/deployments/15dcce44-4b5f-4048-b854-eeba60c3b514 \"HTTP/1.1 200 OK\""}
{"ts": "2026-08-13T12:15:00.457401802Z", "container": "prefect-worker", "msg": "2026-08-13 12:15:00 | INFO  | _client.py:_send_single_request:1025 | HTTP Request: GET http://prefect-server:4200/api/variables/name/smarthub_last_pull_timestamp_home \"HTTP/1.1 200 OK\""}
{"ts": "2026-08-13T12:15:00.460544387Z", "container": "prefect-worker", "msg": "2026-08-13 12:15:00 | INFO  | task_engine.py:log_finished_message:410 | Finished in state Completed()"}
{"ts": "2026-08-13T12:15:00.460858800Z", "container": "prefect-worker", "msg": "2026-08-13 12:15:00 | INFO  | flow.py:data_pull_flow:246 | [home] pulling window 2026-08-13 07:13:38 -> 2026-08-13 12:15:00"}
{"ts": "2026-08-13T12:15:00.463841024Z", "container": "prefect-worker", "msg": "2026-08-13 12:15:00 | INFO  | _client.py:_send_single_request:1025 | HTTP Request: GET http://prefect-server:4200/api/variables/name/smarthub_last_pull_timestamp_home \"HTTP/1.1 200 OK\""}
{"ts": "2026-08-13T12:15:00.467730555Z", "container": "prefect-worker", "msg": "2026-08-13 12:15:00 | INFO  | pull.py:fetch_leads:134 | SSH_TUNNEL=false -- connecting directly to Redshift smart-hub.c9m7m7mw0tl8.us-east-1.redshift.amazonaws.com:5439"}
{"ts": "2026-08-13T12:15:00.476433115Z", "container": "prefect-worker", "msg": "2026-08-13 12:15:00 | INFO  | _client.py:_send_single_request:1740 | HTTP Request: GET http://prefect-server:4200/api/work_queues/32c7c4c1-2900-49ee-9a5d-6d3163577ef9 \"HTTP/1.1 200 OK\""}
{"ts": "2026-08-13T12:15:00.476447215Z", "container": "prefect-worker", "msg": "2026-08-13 12:15:00 | INFO  | _client.py:_send_single_request:1740 | HTTP Request: GET http://prefect-server:4200/api/work_pools/smarthub-pool \"HTTP/1.1 200 OK\""}
{"ts": "2026-08-13T12:15:00.670286547Z", "container": "prefect-worker", "msg": "2026-08-13 12:15:00 | INFO  | plugins.py:__init__:37 | setup plugin alembic.autogenerate.schemas"}
{"ts": "2026-08-13T12:15:00.670493849Z", "container": "prefect-worker", "msg": "2026-08-13 12:15:00 | INFO  | plugins.py:__init__:37 | setup plugin alembic.autogenerate.tables"}
{"ts": "2026-08-13T12:15:00.670505809Z", "container": "prefect-worker", "msg": "2026-08-13 12:15:00 | INFO  | plugins.py:__init__:37 | setup plugin alembic.autogenerate.types"}
{"ts": "2026-08-13T12:15:00.670509619Z", "container": "prefect-worker", "msg": "2026-08-13 12:15:00 | INFO  | plugins.py:__init__:37 | setup plugin alembic.autogenerate.constraints"}
{"ts": "2026-08-13T12:15:00.670573569Z", "container": "prefect-worker", "msg": "2026-08-13 12:15:00 | INFO  | plugins.py:__init__:37 | setup plugin alembic.autogenerate.defaults"}
{"ts": "2026-08-13T12:15:00.670585779Z", "container": "prefect-worker", "msg": "2026-08-13 12:15:00 | INFO  | plugins.py:__init__:37 | setup plugin alembic.autogenerate.comments"}
{"ts": "2026-08-13T12:15:01.138670169Z", "container": "prefect-worker", "msg": "2026-08-13 12:15:01 | INFO  | pull.py:fetch_leads:154 | Fetched leads frame with shape (606, 57)"}
{"ts": "2026-08-13T12:15:01.139922559Z", "container": "prefect-worker", "msg": "2026-08-13 12:15:01 | INFO  | task_engine.py:log_finished_message:410 | Finished in state Completed()"}
{"ts": "2026-08-13T12:15:01.287765853Z", "container": "prefect-worker", "msg": "2026-08-13 12:15:01 | INFO  | validation_report.py:log_summary:165 | data-quality: rows=606, status=issues flagged, rule_violation_rows=1,214, cross_field={'current_carrier_when_not_insured': 573}, high_missing=['accepted', 'accepted_listings', 'annual_revenue', 'erred', 'error_reason_id', 'health_conditions', 'household_income', 'lead_created_at', 'life_coverage_amount', 'life_coverage_type', 'naics_code', 'num_dependents', 'num_employees', 'num_home_claims', 'pnc_bundle', 'rev', 'sic_code', 'won']"}
{"ts": "2026-08-13T12:15:01.303252937Z", "container": "prefect-worker", "msg": "2026-08-13 12:15:01 | INFO  | _client.py:_send_single_request:1025 | HTTP Request: POST http://prefect-server:4200/api/artifacts/ \"HTTP/1.1 201 Created\""}
{"ts": "2026-08-13T12:15:01.306311641Z", "container": "prefect-worker", "msg": "2026-08-13 12:15:01 | INFO  | task_engine.py:log_finished_message:410 | Finished in state Completed()"}
{"ts": "2026-08-13T12:15:01.428006406Z", "container": "prefect-worker", "msg": "2026-08-13 12:15:01 | INFO  | storage.py:append_parquet:470 | Parquet partition 13-08-2026.parquet: +606 rows"}
{"ts": "2026-08-13T12:15:01.435686637Z", "container": "prefect-worker", "msg": "2026-08-13 12:15:01 | INFO  | task_engine.py:log_finished_message:410 | Finished in state Completed()"}
{"ts": "2026-08-13T12:15:01.456129031Z", "container": "prefect-worker", "msg": "2026-08-13 12:15:01 | INFO  | _client.py:_send_single_request:1025 | HTTP Request: GET http://prefect-server:4200/api/variables/name/smarthub_last_pull_timestamp_home \"HTTP/1.1 200 OK\""}
{"ts": "2026-08-13T12:15:01.468651612Z", "container": "prefect-worker", "msg": "2026-08-13 12:15:01 | INFO  | _client.py:_send_single_request:1025 | HTTP Request: PATCH http://prefect-server:4200/api/variables/name/smarthub_last_pull_timestamp_home \"HTTP/1.1 204 No Content\""}
{"ts": "2026-08-13T12:15:01.471554315Z", "container": "prefect-worker", "msg": "2026-08-13 12:15:01 | INFO  | _client.py:_send_single_request:1025 | HTTP Request: GET http://prefect-server:4200/api/variables/name/smarthub_last_pull_timestamp_home \"HTTP/1.1 200 OK\""}
{"ts": "2026-08-13T12:15:01.472872875Z", "container": "prefect-worker", "msg": "2026-08-13 12:15:01 | INFO  | task_engine.py:log_finished_message:410 | Finished in state Completed()"}
{"ts": "2026-08-13T12:15:01.473457800Z", "container": "prefect-worker", "msg": "2026-08-13 12:15:01 | INFO  | flow.py:data_pull_flow:254 | [home] persisted {'parquet_rows': 606, 'parquet_paths': ['/app/data/raw_datasets/leads/2026/08/13-08-2026.parquet']}; watermark now 2026-08-13 12:13:44"}
{"ts": "2026-08-13T12:15:01.491576945Z", "container": "prefect-worker", "msg": "2026-08-13 12:15:01 | INFO  | _client.py:_send_single_request:1025 | HTTP Request: POST http://prefect-server:4200/api/artifacts/ \"HTTP/1.1 201 Created\""}
{"ts": "2026-08-13T12:15:01.577622294Z", "container": "prefect-worker", "msg": "2026-08-13 12:15:01 | INFO  | _client.py:_send_single_request:1025 | HTTP Request: POST http://prefect-server:4200/api/flow_runs/019ffaf3-339a-71d7-a606-503c8ec1c688/set_state \"HTTP/1.1 201 Created\""}
{"ts": "2026-08-13T12:15:01.861964121Z", "container": "prefect-worker", "msg": "2026-08-13 12:15:01 | INFO  | _client.py:_send_single_request:1740 | HTTP Request: GET http://prefect-server:4200/api/csrf-token?client=3d69c3c9-bad2-4e66-9229-ef26343c4983 \"HTTP/1.1 422 Unprocessable Entity\""}
{"ts": "2026-08-13T12:15:01.872536326Z", "container": "prefect-worker", "msg": "2026-08-13 12:15:01 | INFO  | _client.py:_send_single_request:1740 | HTTP Request: POST http://prefect-server:4200/api/logs/ \"HTTP/1.1 201 Created\""}
{"ts": "2026-08-13T12:15:02.608499791Z", "container": "prefect-worker", "msg": "2026-08-13 12:15:02 | INFO  | flow_engine.py:initialize_run:1235 | Finished in state Completed()"}
{"ts": "2026-08-13T12:15:02.616642796Z", "container": "prefect-worker", "msg": "2026-08-13 12:15:02 | INFO  | _client.py:_send_single_request:1740 | HTTP Request: POST http://prefect-server:4200/api/logs/ \"HTTP/1.1 201 Created\""}
{"ts": "2026-08-13T12:15:03.106670671Z", "container": "prefect-worker", "msg": "12:15:03.105 | INFO    | prefect.flow_runs.runner - Process for flow run 'impossible-kelpie' exited cleanly."}
{"ts": "2026-08-13T12:29:51.904857325Z", "container": "prefect-worker", "msg": "12:29:51.904 | INFO    | prefect.flow_runs.worker - Worker 'ProcessWorker c09911e3-8540-45ba-b9e5-a987ad0388ad' submitting flow run '019ffaf3-33b2-7e61-8429-e61377f20ec1'"}
{"ts": "2026-08-13T12:29:52.047504322Z", "container": "prefect-worker", "msg": "12:29:52.046 | INFO    | prefect.flow_runs.runner - Starting flow run process..."}
{"ts": "2026-08-13T12:29:52.071157600Z", "container": "prefect-worker", "msg": "12:29:52.070 | INFO    | prefect.flow_runs.worker - Flow run 'acrid-owl' submitted to infrastructure"}
{"ts": "2026-08-13T12:29:53.257581941Z", "container": "prefect-worker", "msg": "12:29:53.251 | INFO    | Flow run 'acrid-owl' - Running 1 deployment pull step(s)"}
{"ts": "2026-08-13T12:29:53.277831412Z", "container": "prefect-worker", "msg": "12:29:53.276 | INFO    | Flow run 'acrid-owl' - Executing deployment step: set_working_directory"}
{"ts": "2026-08-13T12:29:53.289498885Z", "container": "prefect-worker", "msg": "12:29:53.288 | INFO    | Flow run 'acrid-owl' - Deployment step 'set_working_directory' completed successfully"}
{"ts": "2026-08-13T12:29:53.304574225Z", "container": "prefect-worker", "msg": "12:29:53.303 | INFO    | Flow run 'acrid-owl' - All deployment steps completed successfully"}
{"ts": "2026-08-13T12:29:53.388426723Z", "container": "prefect-worker", "msg": "2026-08-13 12:29:53 | INFO  | _client.py:_send_single_request:1025 | HTTP Request: GET http://prefect-server:4200/api/admin/version \"HTTP/1.1 200 OK\""}
{"ts": "2026-08-13T12:29:53.391736080Z", "container": "prefect-worker", "msg": "2026-08-13 12:29:53 | INFO  | _client.py:_send_single_request:1025 | HTTP Request: GET http://prefect-server:4200/api/csrf-token?client=4f48e08e-15c4-45b0-b7c2-6659aadb807c \"HTTP/1.1 422 Unprocessable Entity\""}
{"ts": "2026-08-13T12:29:53.396733919Z", "container": "prefect-worker", "msg": "2026-08-13 12:29:53 | INFO  | _client.py:_send_single_request:1025 | HTTP Request: PATCH http://prefect-server:4200/api/flow_runs/019ffaf3-33b2-7e61-8429-e61377f20ec1 \"HTTP/1.1 204 No Content\""}
{"ts": "2026-08-13T12:29:53.415226926Z", "container": "prefect-worker", "msg": "2026-08-13 12:29:53 | INFO  | _client.py:_send_single_request:1740 | HTTP Request: GET http://prefect-server:4200/api/flow_runs/019ffaf3-33b2-7e61-8429-e61377f20ec1 \"HTTP/1.1 200 OK\""}
{"ts": "2026-08-13T12:29:53.426732328Z", "container": "prefect-worker", "msg": "2026-08-13 12:29:53 | INFO  | _client.py:_send_single_request:1025 | HTTP Request: POST http://prefect-server:4200/api/flow_runs/019ffaf3-33b2-7e61-8429-e61377f20ec1/set_state \"HTTP/1.1 200 OK\""}
{"ts": "2026-08-13T12:29:55.266013351Z", "container": "prefect-worker", "msg": "2026-08-13 12:29:55 | INFO  | _client.py:_send_single_request:1740 | HTTP Request: GET http://prefect-server:4200/api/csrf-token?client=e53f6118-c2ad-4e24-9ba0-5a615106166e \"HTTP/1.1 422 Unprocessable Entity\""}
{"ts": "2026-08-13T12:29:55.275862979Z", "container": "prefect-worker", "msg": "2026-08-13 12:29:55 | INFO  | _client.py:_send_single_request:1740 | HTTP Request: POST http://prefect-server:4200/api/logs/ \"HTTP/1.1 201 Created\""}
{"ts": "2026-08-13T12:30:00.441583671Z", "container": "prefect-worker", "msg": "2026-08-13 12:30:00 | INFO  | _client.py:_send_single_request:1025 | HTTP Request: POST http://prefect-server:4200/api/flow_runs/019ffaf3-33b2-7e61-8429-e61377f20ec1/set_state \"HTTP/1.1 201 Created\""}
{"ts": "2026-08-13T12:30:00.447855141Z", "container": "prefect-worker", "msg": "2026-08-13 12:30:00 | INFO  | _client.py:_send_single_request:1025 | HTTP Request: GET http://prefect-server:4200/api/flow_runs/019ffaf3-33b2-7e61-8429-e61377f20ec1 \"HTTP/1.1 200 OK\""}
{"ts": "2026-08-13T12:30:00.452580158Z", "container": "prefect-worker", "msg": "2026-08-13 12:30:00 | INFO  | _client.py:_send_single_request:1025 | HTTP Request: GET http://prefect-server:4200/api/admin/storage \"HTTP/1.1 200 OK\""}
{"ts": "2026-08-13T12:30:00.455520402Z", "container": "prefect-worker", "msg": "2026-08-13 12:30:00 | INFO  | _client.py:_send_single_request:1025 | HTTP Request: GET http://prefect-server:4200/api/admin/storage \"HTTP/1.1 200 OK\""}
{"ts": "2026-08-13T12:30:00.456057256Z", "container": "prefect-worker", "msg": "2026-08-13 12:30:00 | INFO  | flow_engine.py:setup_run_context:1133 | Beginning flow run 'acrid-owl' for flow 'smarthub-build-features'"}
{"ts": "2026-08-13T12:30:00.456360399Z", "container": "prefect-worker", "msg": "2026-08-13 12:30:00 | INFO  | flow_engine.py:setup_run_context:1138 | View at http://prefect-server:4200/runs/flow-run/019ffaf3-33b2-7e61-8429-e61377f20ec1"}
{"ts": "2026-08-13T12:30:00.477775599Z", "container": "prefect-worker", "msg": "2026-08-13 12:30:00 | INFO  | _client.py:_send_single_request:1740 | HTTP Request: GET http://prefect-server:4200/api/flows/ed336d12-897f-42a6-bdf9-d48b8de86b57 \"HTTP/1.1 200 OK\""}
{"ts": "2026-08-13T12:30:00.553620064Z", "container": "prefect-worker", "msg": "2026-08-13 12:30:00 | INFO  | _client.py:_send_single_request:1740 | HTTP Request: GET http://prefect-server:4200/api/deployments/8d536def-a82a-4c94-941b-14c2c0468511 \"HTTP/1.1 200 OK\""}
{"ts": "2026-08-13T12:30:00.574450550Z", "container": "prefect-worker", "msg": "2026-08-13 12:30:00 | INFO  | _client.py:_send_single_request:1740 | HTTP Request: GET http://prefect-server:4200/api/work_queues/109a2d50-2dca-4233-a9a5-9ec78fefd79f \"HTTP/1.1 200 OK\""}
{"ts": "2026-08-13T12:30:00.574766372Z", "container": "prefect-worker", "msg": "2026-08-13 12:30:00 | INFO  | _client.py:_send_single_request:1740 | HTTP Request: GET http://prefect-server:4200/api/work_pools/smarthub-pool \"HTTP/1.1 200 OK\""}
{"ts": "2026-08-13T12:30:01.293083826Z", "container": "prefect-worker", "msg": "2026-08-13 12:30:01 | INFO  | _client.py:_send_single_request:1740 | HTTP Request: POST http://prefect-server:4200/api/logs/ \"HTTP/1.1 201 Created\""}
{"ts": "2026-08-13T12:30:09.180034370Z", "container": "prefect-worker", "msg": "2026-08-13 12:30:09 | INFO  | build.py:run_build_features:266 | [auto] training table 2026-08-13T123008Z: 514987 rows, 40 cols -> /app/data/training_datasets/auto/2026-08-13T123008Z.parquet"}
{"ts": "2026-08-13T12:30:09.294147630Z", "container": "prefect-worker", "msg": "2026-08-13 12:30:09 | INFO  | task_engine.py:log_finished_message:410 | Finished in state Completed()"}
{"ts": "2026-08-13T12:30:09.315911553Z", "container": "prefect-worker", "msg": "2026-08-13 12:30:09 | INFO  | _client.py:_send_single_request:1025 | HTTP Request: POST http://prefect-server:4200/api/artifacts/ \"HTTP/1.1 201 Created\""}
{"ts": "2026-08-13T12:30:09.511447991Z", "container": "prefect-worker", "msg": "2026-08-13 12:30:09 | INFO  | _client.py:_send_single_request:1025 | HTTP Request: POST http://prefect-server:4200/api/flow_runs/019ffaf3-33b2-7e61-8429-e61377f20ec1/set_state \"HTTP/1.1 201 Created\""}
{"ts": "2026-08-13T12:30:09.514666587Z", "container": "prefect-worker", "msg": "2026-08-13 12:30:09 | INFO  | _client.py:_send_single_request:1740 | HTTP Request: POST http://prefect-server:4200/api/logs/ \"HTTP/1.1 201 Created\""}
{"ts": "2026-08-13T12:30:10.173060023Z", "container": "prefect-worker", "msg": "2026-08-13 12:30:10 | INFO  | flow_engine.py:initialize_run:1235 | Finished in state Completed()"}
{"ts": "2026-08-13T12:30:10.181191908Z", "container": "prefect-worker", "msg": "2026-08-13 12:30:10 | INFO  | _client.py:_send_single_request:1740 | HTTP Request: POST http://prefect-server:4200/api/logs/ \"HTTP/1.1 201 Created\""}
{"ts": "2026-08-13T12:30:10.490981036Z", "container": "prefect-worker", "msg": "12:30:10.490 | INFO    | prefect.flow_runs.runner - Process for flow run 'acrid-owl' exited cleanly."}
{"ts": "2026-08-13T12:44:57.969309715Z", "container": "prefect-worker", "msg": "12:44:57.968 | INFO    | prefect.flow_runs.worker - Worker 'ProcessWorker c09911e3-8540-45ba-b9e5-a987ad0388ad' submitting flow run '019ffaf3-33b1-7381-8d65-683930c9b110'"}
{"ts": "2026-08-13T12:44:58.109588187Z", "container": "prefect-worker", "msg": "12:44:58.109 | INFO    | prefect.flow_runs.runner - Starting flow run process..."}
{"ts": "2026-08-13T12:44:58.133216276Z", "container": "prefect-worker", "msg": "12:44:58.132 | INFO    | prefect.flow_runs.worker - Flow run 'azure-porcupine' submitted to infrastructure"}
{"ts": "2026-08-13T12:44:59.327250181Z", "container": "prefect-worker", "msg": "12:44:59.321 | INFO    | Flow run 'azure-porcupine' - Running 1 deployment pull step(s)"}
{"ts": "2026-08-13T12:44:59.346991249Z", "container": "prefect-worker", "msg": "12:44:59.346 | INFO    | Flow run 'azure-porcupine' - Executing deployment step: set_working_directory"}
{"ts": "2026-08-13T12:44:59.358375120Z", "container": "prefect-worker", "msg": "12:44:59.357 | INFO    | Flow run 'azure-porcupine' - Deployment step 'set_working_directory' completed successfully"}
{"ts": "2026-08-13T12:44:59.371613156Z", "container": "prefect-worker", "msg": "12:44:59.371 | INFO    | Flow run 'azure-porcupine' - All deployment steps completed successfully"}
{"ts": "2026-08-13T12:44:59.453018157Z", "container": "prefect-worker", "msg": "2026-08-13 12:44:59 | INFO  | _client.py:_send_single_request:1025 | HTTP Request: GET http://prefect-server:4200/api/admin/version \"HTTP/1.1 200 OK\""}
{"ts": "2026-08-13T12:44:59.456267743Z", "container": "prefect-worker", "msg": "2026-08-13 12:44:59 | INFO  | _client.py:_send_single_request:1025 | HTTP Request: GET http://prefect-server:4200/api/csrf-token?client=b4a7d34b-db31-4be3-b1c7-95ca13935516 \"HTTP/1.1 422 Unprocessable Entity\""}
{"ts": "2026-08-13T12:44:59.461629766Z", "container": "prefect-worker", "msg": "2026-08-13 12:44:59 | INFO  | _client.py:_send_single_request:1025 | HTTP Request: PATCH http://prefect-server:4200/api/flow_runs/019ffaf3-33b1-7381-8d65-683930c9b110 \"HTTP/1.1 204 No Content\""}
{"ts": "2026-08-13T12:44:59.480316986Z", "container": "prefect-worker", "msg": "2026-08-13 12:44:59 | INFO  | _client.py:_send_single_request:1740 | HTTP Request: GET http://prefect-server:4200/api/flow_runs/019ffaf3-33b1-7381-8d65-683930c9b110 \"HTTP/1.1 200 OK\""}
{"ts": "2026-08-13T12:44:59.492194051Z", "container": "prefect-worker", "msg": "2026-08-13 12:44:59 | INFO  | _client.py:_send_single_request:1025 | HTTP Request: POST http://prefect-server:4200/api/flow_runs/019ffaf3-33b1-7381-8d65-683930c9b110/set_state \"HTTP/1.1 200 OK\""}
{"ts": "2026-08-13T12:45:00.507151262Z", "container": "prefect-worker", "msg": "2026-08-13 12:45:00 | INFO  | _client.py:_send_single_request:1025 | HTTP Request: POST http://prefect-server:4200/api/flow_runs/019ffaf3-33b1-7381-8d65-683930c9b110/set_state \"HTTP/1.1 201 Created\""}
{"ts": "2026-08-13T12:45:00.512966799Z", "container": "prefect-worker", "msg": "2026-08-13 12:45:00 | INFO  | _client.py:_send_single_request:1025 | HTTP Request: GET http://prefect-server:4200/api/flow_runs/019ffaf3-33b1-7381-8d65-683930c9b110 \"HTTP/1.1 200 OK\""}
{"ts": "2026-08-13T12:45:00.517374324Z", "container": "prefect-worker", "msg": "2026-08-13 12:45:00 | INFO  | _client.py:_send_single_request:1025 | HTTP Request: GET http://prefect-server:4200/api/admin/storage \"HTTP/1.1 200 OK\""}
{"ts": "2026-08-13T12:45:00.520412439Z", "container": "prefect-worker", "msg": "2026-08-13 12:45:00 | INFO  | _client.py:_send_single_request:1025 | HTTP Request: GET http://prefect-server:4200/api/admin/storage \"HTTP/1.1 200 OK\""}
{"ts": "2026-08-13T12:45:00.520955153Z", "container": "prefect-worker", "msg": "2026-08-13 12:45:00 | INFO  | flow_engine.py:setup_run_context:1133 | Beginning flow run 'azure-porcupine' for flow 'smarthub-build-features'"}
{"ts": "2026-08-13T12:45:00.521347066Z", "container": "prefect-worker", "msg": "2026-08-13 12:45:00 | INFO  | flow_engine.py:setup_run_context:1138 | View at http://prefect-server:4200/runs/flow-run/019ffaf3-33b1-7381-8d65-683930c9b110"}
{"ts": "2026-08-13T12:45:00.547683507Z", "container": "prefect-worker", "msg": "2026-08-13 12:45:00 | INFO  | _client.py:_send_single_request:1740 | HTTP Request: GET http://prefect-server:4200/api/flows/ed336d12-897f-42a6-bdf9-d48b8de86b57 \"HTTP/1.1 200 OK\""}
{"ts": "2026-08-13T12:45:00.610838772Z", "container": "prefect-worker", "msg": "2026-08-13 12:45:00 | INFO  | _client.py:_send_single_request:1740 | HTTP Request: GET http://prefect-server:4200/api/work_queues/109a2d50-2dca-4233-a9a5-9ec78fefd79f \"HTTP/1.1 200 OK\""}
{"ts": "2026-08-13T12:45:00.611014873Z", "container": "prefect-worker", "msg": "2026-08-13 12:45:00 | INFO  | _client.py:_send_single_request:1740 | HTTP Request: GET http://prefect-server:4200/api/work_pools/smarthub-pool \"HTTP/1.1 200 OK\""}
{"ts": "2026-08-13T12:45:00.611335846Z", "container": "prefect-worker", "msg": "2026-08-13 12:45:00 | INFO  | _client.py:_send_single_request:1740 | HTTP Request: GET http://prefect-server:4200/api/deployments/8d536def-a82a-4c94-941b-14c2c0468511 \"HTTP/1.1 200 OK\""}
{"ts": "2026-08-13T12:45:01.347161745Z", "container": "prefect-worker", "msg": "2026-08-13 12:45:01 | INFO  | _client.py:_send_single_request:1740 | HTTP Request: GET http://prefect-server:4200/api/csrf-token?client=1dd139fb-2831-4217-9d99-3252a2e6797e \"HTTP/1.1 422 Unprocessable Entity\""}
{"ts": "2026-08-13T12:45:01.364858096Z", "container": "prefect-worker", "msg": "2026-08-13 12:45:01 | INFO  | _client.py:_send_single_request:1740 | HTTP Request: POST http://prefect-server:4200/api/logs/ \"HTTP/1.1 201 Created\""}
{"ts": "2026-08-13T12:45:05.130648686Z", "container": "prefect-worker", "msg": "2026-08-13 12:45:05 | INFO  | build.py:run_build_features:266 | [home] training table 2026-08-13T124504Z: 75874 rows, 34 cols -> /app/data/training_datasets/home/2026-08-13T124504Z.parquet"}
{"ts": "2026-08-13T12:45:05.262896235Z", "container": "prefect-worker", "msg": "2026-08-13 12:45:05 | INFO  | task_engine.py:log_finished_message:410 | Finished in state Completed()"}
{"ts": "2026-08-13T12:45:05.281321212Z", "container": "prefect-worker", "msg": "2026-08-13 12:45:05 | INFO  | _client.py:_send_single_request:1025 | HTTP Request: POST http://prefect-server:4200/api/artifacts/ \"HTTP/1.1 201 Created\""}
{"ts": "2026-08-13T12:45:05.394968632Z", "container": "prefect-worker", "msg": "2026-08-13 12:45:05 | INFO  | _client.py:_send_single_request:1740 | HTTP Request: POST http://prefect-server:4200/api/logs/ \"HTTP/1.1 201 Created\""}
{"ts": "2026-08-13T12:45:05.410803329Z", "container": "prefect-worker", "msg": "2026-08-13 12:45:05 | INFO  | _client.py:_send_single_request:1025 | HTTP Request: POST http://prefect-server:4200/api/flow_runs/019ffaf3-33b1-7381-8d65-683930c9b110/set_state \"HTTP/1.1 201 Created\""}
{"ts": "2026-08-13T12:45:05.674247388Z", "container": "prefect-worker", "msg": "2026-08-13 12:45:05 | INFO  | flow_engine.py:initialize_run:1235 | Finished in state Completed()"}
{"ts": "2026-08-13T12:45:05.681785998Z", "container": "prefect-worker", "msg": "2026-08-13 12:45:05 | INFO  | _client.py:_send_single_request:1740 | HTTP Request: POST http://prefect-server:4200/api/logs/ \"HTTP/1.1 201 Created\""}
{"ts": "2026-08-13T12:45:05.967184373Z", "container": "prefect-worker", "msg": "12:45:05.966 | INFO    | prefect.flow_runs.runner - Process for flow run 'azure-porcupine' exited cleanly."}
{"ts": "2026-08-13T15:59:51.990411919Z", "container": "prefect-worker", "msg": "15:59:51.989 | INFO    | prefect.flow_runs.worker - Worker 'ProcessWorker c09911e3-8540-45ba-b9e5-a987ad0388ad' submitting flow run '019ffaf3-339b-7e6e-8152-11aec644f4e5'"}
{"ts": "2026-08-13T15:59:52.137100626Z", "container": "prefect-worker", "msg": "15:59:52.136 | INFO    | prefect.flow_runs.runner - Starting flow run process..."}
{"ts": "2026-08-13T15:59:52.161244083Z", "container": "prefect-worker", "msg": "15:59:52.160 | INFO    | prefect.flow_runs.worker - Flow run 'skinny-mussel' submitted to infrastructure"}
{"ts": "2026-08-13T15:59:53.351020407Z", "container": "prefect-worker", "msg": "15:59:53.345 | INFO    | Flow run 'skinny-mussel' - Running 1 deployment pull step(s)"}
{"ts": "2026-08-13T15:59:53.372108599Z", "container": "prefect-worker", "msg": "15:59:53.371 | INFO    | Flow run 'skinny-mussel' - Executing deployment step: set_working_directory"}
{"ts": "2026-08-13T15:59:53.383524252Z", "container": "prefect-worker", "msg": "15:59:53.382 | INFO    | Flow run 'skinny-mussel' - Deployment step 'set_working_directory' completed successfully"}
{"ts": "2026-08-13T15:59:53.397247034Z", "container": "prefect-worker", "msg": "15:59:53.396 | INFO    | Flow run 'skinny-mussel' - All deployment steps completed successfully"}
{"ts": "2026-08-13T15:59:53.848132036Z", "container": "prefect-worker", "msg": "2026-08-13 15:59:53 | INFO  | _client.py:_send_single_request:1025 | HTTP Request: GET http://prefect-server:4200/api/admin/version \"HTTP/1.1 200 OK\""}
{"ts": "2026-08-13T15:59:53.851806015Z", "container": "prefect-worker", "msg": "2026-08-13 15:59:53 | INFO  | _client.py:_send_single_request:1025 | HTTP Request: GET http://prefect-server:4200/api/csrf-token?client=16421644-8b9f-4183-91d3-f0c17d533d39 \"HTTP/1.1 422 Unprocessable Entity\""}
{"ts": "2026-08-13T15:59:53.857152669Z", "container": "prefect-worker", "msg": "2026-08-13 15:59:53 | INFO  | _client.py:_send_single_request:1025 | HTTP Request: PATCH http://prefect-server:4200/api/flow_runs/019ffaf3-339b-7e6e-8152-11aec644f4e5 \"HTTP/1.1 204 No Content\""}
{"ts": "2026-08-13T15:59:53.875925092Z", "container": "prefect-worker", "msg": "2026-08-13 15:59:53 | INFO  | _client.py:_send_single_request:1740 | HTTP Request: GET http://prefect-server:4200/api/flow_runs/019ffaf3-339b-7e6e-8152-11aec644f4e5 \"HTTP/1.1 200 OK\""}
{"ts": "2026-08-13T15:59:53.887324656Z", "container": "prefect-worker", "msg": "2026-08-13 15:59:53 | INFO  | _client.py:_send_single_request:1025 | HTTP Request: POST http://prefect-server:4200/api/flow_runs/019ffaf3-339b-7e6e-8152-11aec644f4e5/set_state \"HTTP/1.1 200 OK\""}
{"ts": "2026-08-13T15:59:55.357857581Z", "container": "prefect-worker", "msg": "2026-08-13 15:59:55 | INFO  | _client.py:_send_single_request:1740 | HTTP Request: GET http://prefect-server:4200/api/csrf-token?client=6a97f307-bfe6-4c6a-936b-1f273a4b72a9 \"HTTP/1.1 422 Unprocessable Entity\""}
{"ts": "2026-08-13T15:59:55.364390154Z", "container": "prefect-worker", "msg": "2026-08-13 15:59:55 | INFO  | _client.py:_send_single_request:1740 | HTTP Request: POST http://prefect-server:4200/api/logs/ \"HTTP/1.1 201 Created\""}
{"ts": "2026-08-13T15:59:59.904535009Z", "container": "prefect-worker", "msg": "2026-08-13 15:59:59 | INFO  | _client.py:_send_single_request:1025 | HTTP Request: POST http://prefect-server:4200/api/flow_runs/019ffaf3-339b-7e6e-8152-11aec644f4e5/set_state \"HTTP/1.1 201 Created\""}
{"ts": "2026-08-13T15:59:59.910387286Z", "container": "prefect-worker", "msg": "2026-08-13 15:59:59 | INFO  | _client.py:_send_single_request:1025 | HTTP Request: GET http://prefect-server:4200/api/flow_runs/019ffaf3-339b-7e6e-8152-11aec644f4e5 \"HTTP/1.1 200 OK\""}
{"ts": "2026-08-13T15:59:59.914657361Z", "container": "prefect-worker", "msg": "2026-08-13 15:59:59 | INFO  | _client.py:_send_single_request:1025 | HTTP Request: GET http://prefect-server:4200/api/admin/storage \"HTTP/1.1 200 OK\""}
{"ts": "2026-08-13T15:59:59.917628635Z", "container": "prefect-worker", "msg": "2026-08-13 15:59:59 | INFO  | _client.py:_send_single_request:1025 | HTTP Request: GET http://prefect-server:4200/api/admin/storage \"HTTP/1.1 200 OK\""}
{"ts": "2026-08-13T15:59:59.918162449Z", "container": "prefect-worker", "msg": "2026-08-13 15:59:59 | INFO  | flow_engine.py:setup_run_context:1133 | Beginning flow run 'skinny-mussel' for flow 'smarthub-data-pull'"}
{"ts": "2026-08-13T15:59:59.918482862Z", "container": "prefect-worker", "msg": "2026-08-13 15:59:59 | INFO  | flow_engine.py:setup_run_context:1138 | View at http://prefect-server:4200/runs/flow-run/019ffaf3-339b-7e6e-8152-11aec644f4e5"}
{"ts": "2026-08-13T15:59:59.952215165Z", "container": "prefect-worker", "msg": "2026-08-13 15:59:59 | INFO  | _client.py:_send_single_request:1740 | HTTP Request: GET http://prefect-server:4200/api/flows/c49e248a-be9d-43b9-ad26-cff3b7117b11 \"HTTP/1.1 200 OK\""}
{"ts": "2026-08-13T15:59:59.952391617Z", "container": "prefect-worker", "msg": "2026-08-13 15:59:59 | INFO  | _client.py:_send_single_request:1740 | HTTP Request: GET http://prefect-server:4200/api/work_queues/32c7c4c1-2900-49ee-9a5d-6d3163577ef9 \"HTTP/1.1 200 OK\""}
{"ts": "2026-08-13T15:59:59.960335291Z", "container": "prefect-worker", "msg": "2026-08-13 15:59:59 | INFO  | _client.py:_send_single_request:1740 | HTTP Request: GET http://prefect-server:4200/api/work_pools/smarthub-pool \"HTTP/1.1 200 OK\""}
{"ts": "2026-08-13T15:59:59.961957104Z", "container": "prefect-worker", "msg": "2026-08-13 15:59:59 | INFO  | _client.py:_send_single_request:1740 | HTTP Request: GET http://prefect-server:4200/api/deployments/15dcce44-4b5f-4048-b854-eeba60c3b514 \"HTTP/1.1 200 OK\""}
{"ts": "2026-08-13T15:59:59.962790871Z", "container": "prefect-worker", "msg": "2026-08-13 15:59:59 | INFO  | _client.py:_send_single_request:1025 | HTTP Request: GET http://prefect-server:4200/api/variables/name/smarthub_last_pull_timestamp_auto \"HTTP/1.1 200 OK\""}
{"ts": "2026-08-13T15:59:59.965616894Z", "container": "prefect-worker", "msg": "2026-08-13 15:59:59 | INFO  | task_engine.py:log_finished_message:410 | Finished in state Completed()"}
{"ts": "2026-08-13T15:59:59.965877736Z", "container": "prefect-worker", "msg": "2026-08-13 15:59:59 | INFO  | flow.py:data_pull_flow:246 | [auto] pulling window 2026-08-13 10:59:48 -> 2026-08-13 15:59:59"}
{"ts": "2026-08-13T15:59:59.969008932Z", "container": "prefect-worker", "msg": "2026-08-13 15:59:59 | INFO  | _client.py:_send_single_request:1025 | HTTP Request: GET http://prefect-server:4200/api/variables/name/smarthub_last_pull_timestamp_auto \"HTTP/1.1 200 OK\""}
{"ts": "2026-08-13T15:59:59.973086835Z", "container": "prefect-worker", "msg": "2026-08-13 15:59:59 | INFO  | pull.py:fetch_leads:134 | SSH_TUNNEL=false -- connecting directly to Redshift smart-hub.c9m7m7mw0tl8.us-east-1.redshift.amazonaws.com:5439"}
{"ts": "2026-08-13T16:00:00.172865925Z", "container": "prefect-worker", "msg": "2026-08-13 16:00:00 | INFO  | plugins.py:__init__:37 | setup plugin alembic.autogenerate.schemas"}
{"ts": "2026-08-13T16:00:00.173123747Z", "container": "prefect-worker", "msg": "2026-08-13 16:00:00 | INFO  | plugins.py:__init__:37 | setup plugin alembic.autogenerate.tables"}
{"ts": "2026-08-13T16:00:00.173135727Z", "container": "prefect-worker", "msg": "2026-08-13 16:00:00 | INFO  | plugins.py:__init__:37 | setup plugin alembic.autogenerate.types"}
{"ts": "2026-08-13T16:00:00.173139797Z", "container": "prefect-worker", "msg": "2026-08-13 16:00:00 | INFO  | plugins.py:__init__:37 | setup plugin alembic.autogenerate.constraints"}
{"ts": "2026-08-13T16:00:00.173143127Z", "container": "prefect-worker", "msg": "2026-08-13 16:00:00 | INFO  | plugins.py:__init__:37 | setup plugin alembic.autogenerate.defaults"}
{"ts": "2026-08-13T16:00:00.173370849Z", "container": "prefect-worker", "msg": "2026-08-13 16:00:00 | INFO  | plugins.py:__init__:37 | setup plugin alembic.autogenerate.comments"}
{"ts": "2026-08-13T16:00:01.001066130Z", "container": "prefect-worker", "msg": "2026-08-13 16:00:01 | INFO  | pull.py:fetch_leads:154 | Fetched leads frame with shape (13182, 57)"}
{"ts": "2026-08-13T16:00:01.002425211Z", "container": "prefect-worker", "msg": "2026-08-13 16:00:01 | INFO  | task_engine.py:log_finished_message:410 | Finished in state Completed()"}
{"ts": "2026-08-13T16:00:01.365650436Z", "container": "prefect-worker", "msg": "2026-08-13 16:00:01 | INFO  | validation_report.py:log_summary:165 | data-quality: rows=13,182, status=issues flagged, rule_violation_rows=26,366, cross_field={'current_carrier_when_not_insured': 10657}, high_missing=['accepted', 'accepted_listings', 'annual_revenue', 'erred', 'error_reason_id', 'health_conditions', 'household_income', 'lead_created_at', 'life_coverage_amount', 'life_coverage_type', 'naics_code', 'num_dependents', 'num_employees', 'pnc_bundle', 'rev', 'sic_code', 'won']"}
{"ts": "2026-08-13T16:00:01.380829010Z", "container": "prefect-worker", "msg": "2026-08-13 16:00:01 | INFO  | _client.py:_send_single_request:1740 | HTTP Request: POST http://prefect-server:4200/api/logs/ \"HTTP/1.1 201 Created\""}
{"ts": "2026-08-13T16:00:01.383533952Z", "container": "prefect-worker", "msg": "2026-08-13 16:00:01 | INFO  | _client.py:_send_single_request:1025 | HTTP Request: POST http://prefect-server:4200/api/artifacts/ \"HTTP/1.1 201 Created\""}
{"ts": "2026-08-13T16:00:01.386355114Z", "container": "prefect-worker", "msg": "2026-08-13 16:00:01 | INFO  | task_engine.py:log_finished_message:410 | Finished in state Completed()"}
{"ts": "2026-08-13T16:00:01.741188271Z", "container": "prefect-worker", "msg": "2026-08-13 16:00:01 | INFO  | storage.py:append_parquet:470 | Parquet partition 13-08-2026.parquet: +13182 rows"}
{"ts": "2026-08-13T16:00:01.771589938Z", "container": "prefect-worker", "msg": "2026-08-13 16:00:01 | INFO  | task_engine.py:log_finished_message:410 | Finished in state Completed()"}
{"ts": "2026-08-13T16:00:01.847055030Z", "container": "prefect-worker", "msg": "2026-08-13 16:00:01 | INFO  | _client.py:_send_single_request:1025 | HTTP Request: GET http://prefect-server:4200/api/variables/name/smarthub_last_pull_timestamp_auto \"HTTP/1.1 200 OK\""}
{"ts": "2026-08-13T16:00:01.854363119Z", "container": "prefect-worker", "msg": "2026-08-13 16:00:01 | INFO  | _client.py:_send_single_request:1025 | HTTP Request: PATCH http://prefect-server:4200/api/variables/name/smarthub_last_pull_timestamp_auto \"HTTP/1.1 204 No Content\""}
{"ts": "2026-08-13T16:00:01.856976640Z", "container": "prefect-worker", "msg": "2026-08-13 16:00:01 | INFO  | _client.py:_send_single_request:1025 | HTTP Request: GET http://prefect-server:4200/api/variables/name/smarthub_last_pull_timestamp_auto \"HTTP/1.1 200 OK\""}
{"ts": "2026-08-13T16:00:01.858284601Z", "container": "prefect-worker", "msg": "2026-08-13 16:00:01 | INFO  | task_engine.py:log_finished_message:410 | Finished in state Completed()"}
{"ts": "2026-08-13T16:00:01.858774825Z", "container": "prefect-worker", "msg": "2026-08-13 16:00:01 | INFO  | flow.py:data_pull_flow:254 | [auto] persisted {'parquet_rows': 13182, 'parquet_paths': ['/app/data/raw_datasets/leads/2026/08/13-08-2026.parquet']}; watermark now 2026-08-13 15:59:21"}
{"ts": "2026-08-13T16:00:01.935100954Z", "container": "prefect-worker", "msg": "2026-08-13 16:00:01 | INFO  | _client.py:_send_single_request:1025 | HTTP Request: POST http://prefect-server:4200/api/artifacts/ \"HTTP/1.1 201 Created\""}
{"ts": "2026-08-13T16:00:02.037173122Z", "container": "prefect-worker", "msg": "2026-08-13 16:00:02 | INFO  | _client.py:_send_single_request:1025 | HTTP Request: POST http://prefect-server:4200/api/flow_runs/019ffaf3-339b-7e6e-8152-11aec644f4e5/set_state \"HTTP/1.1 201 Created\""}
{"ts": "2026-08-13T16:00:02.933109296Z", "container": "prefect-worker", "msg": "2026-08-13 16:00:02 | INFO  | flow_engine.py:initialize_run:1235 | Finished in state Completed()"}
{"ts": "2026-08-13T16:00:02.943031497Z", "container": "prefect-worker", "msg": "2026-08-13 16:00:02 | INFO  | _client.py:_send_single_request:1740 | HTTP Request: POST http://prefect-server:4200/api/logs/ \"HTTP/1.1 201 Created\""}
{"ts": "2026-08-13T16:00:03.438370323Z", "container": "prefect-worker", "msg": "16:00:03.437 | INFO    | prefect.flow_runs.runner - Process for flow run 'skinny-mussel' exited cleanly."}
{"ts": "2026-08-13T16:14:55.538279227Z", "container": "prefect-worker", "msg": "16:14:55.537 | INFO    | prefect.flow_runs.worker - Worker 'ProcessWorker c09911e3-8540-45ba-b9e5-a987ad0388ad' submitting flow run '019ffaf3-339a-7129-b012-1e4e24533868'"}
{"ts": "2026-08-13T16:14:55.679479966Z", "container": "prefect-worker", "msg": "16:14:55.678 | INFO    | prefect.flow_runs.runner - Starting flow run process..."}
{"ts": "2026-08-13T16:14:55.703675694Z", "container": "prefect-worker", "msg": "16:14:55.703 | INFO    | prefect.flow_runs.worker - Flow run 'visionary-toad' submitted to infrastructure"}
{"ts": "2026-08-13T16:14:56.928869208Z", "container": "prefect-worker", "msg": "16:14:56.922 | INFO    | Flow run 'visionary-toad' - Running 1 deployment pull step(s)"}
{"ts": "2026-08-13T16:14:56.949993730Z", "container": "prefect-worker", "msg": "16:14:56.948 | INFO    | Flow run 'visionary-toad' - Executing deployment step: set_working_directory"}
{"ts": "2026-08-13T16:14:56.961983998Z", "container": "prefect-worker", "msg": "16:14:56.961 | INFO    | Flow run 'visionary-toad' - Deployment step 'set_working_directory' completed successfully"}
{"ts": "2026-08-13T16:14:56.976114093Z", "container": "prefect-worker", "msg": "16:14:56.975 | INFO    | Flow run 'visionary-toad' - All deployment steps completed successfully"}
{"ts": "2026-08-13T16:14:57.409289509Z", "container": "prefect-worker", "msg": "2026-08-13 16:14:57 | INFO  | _client.py:_send_single_request:1025 | HTTP Request: GET http://prefect-server:4200/api/admin/version \"HTTP/1.1 200 OK\""}
{"ts": "2026-08-13T16:14:57.412806848Z", "container": "prefect-worker", "msg": "2026-08-13 16:14:57 | INFO  | _client.py:_send_single_request:1025 | HTTP Request: GET http://prefect-server:4200/api/csrf-token?client=a0af8b71-b9d7-4ac5-83c8-42d07841fb49 \"HTTP/1.1 422 Unprocessable Entity\""}
{"ts": "2026-08-13T16:14:57.418301913Z", "container": "prefect-worker", "msg": "2026-08-13 16:14:57 | INFO  | _client.py:_send_single_request:1025 | HTTP Request: PATCH http://prefect-server:4200/api/flow_runs/019ffaf3-339a-7129-b012-1e4e24533868 \"HTTP/1.1 204 No Content\""}
{"ts": "2026-08-13T16:14:57.436923215Z", "container": "prefect-worker", "msg": "2026-08-13 16:14:57 | INFO  | _client.py:_send_single_request:1740 | HTTP Request: GET http://prefect-server:4200/api/flow_runs/019ffaf3-339a-7129-b012-1e4e24533868 \"HTTP/1.1 200 OK\""}
{"ts": "2026-08-13T16:14:57.448442388Z", "container": "prefect-worker", "msg": "2026-08-13 16:14:57 | INFO  | _client.py:_send_single_request:1025 | HTTP Request: POST http://prefect-server:4200/api/flow_runs/019ffaf3-339a-7129-b012-1e4e24533868/set_state \"HTTP/1.1 200 OK\""}
{"ts": "2026-08-13T16:14:58.935853377Z", "container": "prefect-worker", "msg": "2026-08-13 16:14:58 | INFO  | _client.py:_send_single_request:1740 | HTTP Request: GET http://prefect-server:4200/api/csrf-token?client=f08ea82b-8f6b-4a91-807c-abeb5699d434 \"HTTP/1.1 422 Unprocessable Entity\""}
{"ts": "2026-08-13T16:14:58.942262710Z", "container": "prefect-worker", "msg": "2026-08-13 16:14:58 | INFO  | _client.py:_send_single_request:1740 | HTTP Request: POST http://prefect-server:4200/api/logs/ \"HTTP/1.1 201 Created\""}
{"ts": "2026-08-13T16:15:00.465124048Z", "container": "prefect-worker", "msg": "2026-08-13 16:15:00 | INFO  | _client.py:_send_single_request:1025 | HTTP Request: POST http://prefect-server:4200/api/flow_runs/019ffaf3-339a-7129-b012-1e4e24533868/set_state \"HTTP/1.1 201 Created\""}
{"ts": "2026-08-13T16:15:00.471813212Z", "container": "prefect-worker", "msg": "2026-08-13 16:15:00 | INFO  | _client.py:_send_single_request:1025 | HTTP Request: GET http://prefect-server:4200/api/flow_runs/019ffaf3-339a-7129-b012-1e4e24533868 \"HTTP/1.1 200 OK\""}
{"ts": "2026-08-13T16:15:00.476201188Z", "container": "prefect-worker", "msg": "2026-08-13 16:15:00 | INFO  | _client.py:_send_single_request:1025 | HTTP Request: GET http://prefect-server:4200/api/admin/storage \"HTTP/1.1 200 OK\""}
{"ts": "2026-08-13T16:15:00.479136022Z", "container": "prefect-worker", "msg": "2026-08-13 16:15:00 | INFO  | _client.py:_send_single_request:1025 | HTTP Request: GET http://prefect-server:4200/api/admin/storage \"HTTP/1.1 200 OK\""}
{"ts": "2026-08-13T16:15:00.479724417Z", "container": "prefect-worker", "msg": "2026-08-13 16:15:00 | INFO  | flow_engine.py:setup_run_context:1133 | Beginning flow run 'visionary-toad' for flow 'smarthub-data-pull'"}
{"ts": "2026-08-13T16:15:00.480318331Z", "container": "prefect-worker", "msg": "2026-08-13 16:15:00 | INFO  | flow_engine.py:setup_run_context:1138 | View at http://prefect-server:4200/runs/flow-run/019ffaf3-339a-7129-b012-1e4e24533868"}
{"ts": "2026-08-13T16:15:00.502792255Z", "container": "prefect-worker", "msg": "2026-08-13 16:15:00 | INFO  | _client.py:_send_single_request:1740 | HTTP Request: GET http://prefect-server:4200/api/flows/c49e248a-be9d-43b9-ad26-cff3b7117b11 \"HTTP/1.1 200 OK\""}
{"ts": "2026-08-13T16:15:00.520806281Z", "container": "prefect-worker", "msg": "2026-08-13 16:15:00 | INFO  | _client.py:_send_single_request:1740 | HTTP Request: GET http://prefect-server:4200/api/deployments/15dcce44-4b5f-4048-b854-eeba60c3b514 \"HTTP/1.1 200 OK\""}
{"ts": "2026-08-13T16:15:00.523438782Z", "container": "prefect-worker", "msg": "2026-08-13 16:15:00 | INFO  | _client.py:_send_single_request:1025 | HTTP Request: GET http://prefect-server:4200/api/variables/name/smarthub_last_pull_timestamp_home \"HTTP/1.1 200 OK\""}
{"ts": "2026-08-13T16:15:00.527187743Z", "container": "prefect-worker", "msg": "2026-08-13 16:15:00 | INFO  | task_engine.py:log_finished_message:410 | Finished in state Completed()"}
{"ts": "2026-08-13T16:15:00.527500646Z", "container": "prefect-worker", "msg": "2026-08-13 16:15:00 | INFO  | flow.py:data_pull_flow:246 | [home] pulling window 2026-08-13 11:13:44 -> 2026-08-13 16:15:00"}
{"ts": "2026-08-13T16:15:00.531374087Z", "container": "prefect-worker", "msg": "2026-08-13 16:15:00 | INFO  | _client.py:_send_single_request:1025 | HTTP Request: GET http://prefect-server:4200/api/variables/name/smarthub_last_pull_timestamp_home \"HTTP/1.1 200 OK\""}
{"ts": "2026-08-13T16:15:00.535477951Z", "container": "prefect-worker", "msg": "2026-08-13 16:15:00 | INFO  | pull.py:fetch_leads:134 | SSH_TUNNEL=false -- connecting directly to Redshift smart-hub.c9m7m7mw0tl8.us-east-1.redshift.amazonaws.com:5439"}
{"ts": "2026-08-13T16:15:00.539053030Z", "container": "prefect-worker", "msg": "2026-08-13 16:15:00 | INFO  | _client.py:_send_single_request:1740 | HTTP Request: GET http://prefect-server:4200/api/work_queues/32c7c4c1-2900-49ee-9a5d-6d3163577ef9 \"HTTP/1.1 200 OK\""}
{"ts": "2026-08-13T16:15:00.539716695Z", "container": "prefect-worker", "msg": "2026-08-13 16:15:00 | INFO  | _client.py:_send_single_request:1740 | HTTP Request: GET http://prefect-server:4200/api/work_pools/smarthub-pool \"HTTP/1.1 200 OK\""}
{"ts": "2026-08-13T16:15:00.744131159Z", "container": "prefect-worker", "msg": "2026-08-13 16:15:00 | INFO  | plugins.py:__init__:37 | setup plugin alembic.autogenerate.schemas"}
{"ts": "2026-08-13T16:15:00.744298641Z", "container": "prefect-worker", "msg": "2026-08-13 16:15:00 | INFO  | plugins.py:__init__:37 | setup plugin alembic.autogenerate.tables"}
{"ts": "2026-08-13T16:15:00.744305971Z", "container": "prefect-worker", "msg": "2026-08-13 16:15:00 | INFO  | plugins.py:__init__:37 | setup plugin alembic.autogenerate.types"}
{"ts": "2026-08-13T16:15:00.744309281Z", "container": "prefect-worker", "msg": "2026-08-13 16:15:00 | INFO  | plugins.py:__init__:37 | setup plugin alembic.autogenerate.constraints"}
{"ts": "2026-08-13T16:15:00.744312391Z", "container": "prefect-worker", "msg": "2026-08-13 16:15:00 | INFO  | plugins.py:__init__:37 | setup plugin alembic.autogenerate.defaults"}
{"ts": "2026-08-13T16:15:00.744536553Z", "container": "prefect-worker", "msg": "2026-08-13 16:15:00 | INFO  | plugins.py:__init__:37 | setup plugin alembic.autogenerate.comments"}
{"ts": "2026-08-13T16:15:00.952820158Z", "container": "prefect-worker", "msg": "2026-08-13 16:15:00 | INFO  | _client.py:_send_single_request:1740 | HTTP Request: POST http://prefect-server:4200/api/logs/ \"HTTP/1.1 201 Created\""}
{"ts": "2026-08-13T16:15:01.175985255Z", "container": "prefect-worker", "msg": "2026-08-13 16:15:01 | INFO  | pull.py:fetch_leads:154 | Fetched leads frame with shape (1671, 57)"}
{"ts": "2026-08-13T16:15:01.177177365Z", "container": "prefect-worker", "msg": "2026-08-13 16:15:01 | INFO  | task_engine.py:log_finished_message:410 | Finished in state Completed()"}
{"ts": "2026-08-13T16:15:01.342110268Z", "container": "prefect-worker", "msg": "2026-08-13 16:15:01 | INFO  | validation_report.py:log_summary:165 | data-quality: rows=1,671, status=issues flagged, rule_violation_rows=3,349, cross_field={'current_carrier_when_not_insured': 1498}, high_missing=['accepted', 'accepted_listings', 'annual_revenue', 'erred', 'error_reason_id', 'health_conditions', 'household_income', 'lead_created_at', 'life_coverage_amount', 'life_coverage_type', 'naics_code', 'num_dependents', 'num_employees', 'num_home_claims', 'pnc_bundle', 'rev', 'sic_code', 'won']"}
{"ts": "2026-08-13T16:15:01.355840219Z", "container": "prefect-worker", "msg": "2026-08-13 16:15:01 | INFO  | _client.py:_send_single_request:1025 | HTTP Request: POST http://prefect-server:4200/api/artifacts/ \"HTTP/1.1 201 Created\""}
{"ts": "2026-08-13T16:15:01.358746233Z", "container": "prefect-worker", "msg": "2026-08-13 16:15:01 | INFO  | task_engine.py:log_finished_message:410 | Finished in state Completed()"}
{"ts": "2026-08-13T16:15:01.544878468Z", "container": "prefect-worker", "msg": "2026-08-13 16:15:01 | INFO  | storage.py:append_parquet:470 | Parquet partition 13-08-2026.parquet: +1671 rows"}
{"ts": "2026-08-13T16:15:01.557740343Z", "container": "prefect-worker", "msg": "2026-08-13 16:15:01 | INFO  | task_engine.py:log_finished_message:410 | Finished in state Completed()"}
{"ts": "2026-08-13T16:15:01.583131610Z", "container": "prefect-worker", "msg": "2026-08-13 16:15:01 | INFO  | _client.py:_send_single_request:1025 | HTTP Request: GET http://prefect-server:4200/api/variables/name/smarthub_last_pull_timestamp_home \"HTTP/1.1 200 OK\""}
{"ts": "2026-08-13T16:15:01.594380412Z", "container": "prefect-worker", "msg": "2026-08-13 16:15:01 | INFO  | _client.py:_send_single_request:1025 | HTTP Request: PATCH http://prefect-server:4200/api/variables/name/smarthub_last_pull_timestamp_home \"HTTP/1.1 204 No Content\""}
{"ts": "2026-08-13T16:15:01.597184204Z", "container": "prefect-worker", "msg": "2026-08-13 16:15:01 | INFO  | _client.py:_send_single_request:1025 | HTTP Request: GET http://prefect-server:4200/api/variables/name/smarthub_last_pull_timestamp_home \"HTTP/1.1 200 OK\""}
{"ts": "2026-08-13T16:15:01.598611946Z", "container": "prefect-worker", "msg": "2026-08-13 16:15:01 | INFO  | task_engine.py:log_finished_message:410 | Finished in state Completed()"}
{"ts": "2026-08-13T16:15:01.599567963Z", "container": "prefect-worker", "msg": "2026-08-13 16:15:01 | INFO  | flow.py:data_pull_flow:254 | [home] persisted {'parquet_rows': 1671, 'parquet_paths': ['/app/data/raw_datasets/leads/2026/08/13-08-2026.parquet']}; watermark now 2026-08-13 16:14:44"}
{"ts": "2026-08-13T16:15:01.668288003Z", "container": "prefect-worker", "msg": "2026-08-13 16:15:01 | INFO  | _client.py:_send_single_request:1025 | HTTP Request: POST http://prefect-server:4200/api/artifacts/ \"HTTP/1.1 201 Created\""}
{"ts": "2026-08-13T16:15:01.750552643Z", "container": "prefect-worker", "msg": "2026-08-13 16:15:01 | INFO  | _client.py:_send_single_request:1025 | HTTP Request: POST http://prefect-server:4200/api/flow_runs/019ffaf3-339a-7129-b012-1e4e24533868/set_state \"HTTP/1.1 201 Created\""}
{"ts": "2026-08-13T16:15:02.677299928Z", "container": "prefect-worker", "msg": "2026-08-13 16:15:02 | INFO  | flow_engine.py:initialize_run:1235 | Finished in state Completed()"}
{"ts": "2026-08-13T16:15:02.687518481Z", "container": "prefect-worker", "msg": "2026-08-13 16:15:02 | INFO  | _client.py:_send_single_request:1740 | HTTP Request: POST http://prefect-server:4200/api/logs/ \"HTTP/1.1 201 Created\""}
{"ts": "2026-08-13T16:15:03.161571811Z", "container": "prefect-worker", "msg": "16:15:03.160 | INFO    | prefect.flow_runs.runner - Process for flow run 'visionary-toad' exited cleanly."}
{"ts": "2026-08-13T16:29:52.418154312Z", "container": "prefect-worker", "msg": "16:29:52.417 | INFO    | prefect.flow_runs.worker - Worker 'ProcessWorker c09911e3-8540-45ba-b9e5-a987ad0388ad' submitting flow run '019ffaf3-33b2-725e-8fed-6dc98df52291'"}
{"ts": "2026-08-13T16:29:52.556347526Z", "container": "prefect-worker", "msg": "16:29:52.555 | INFO    | prefect.flow_runs.runner - Starting flow run process..."}
{"ts": "2026-08-13T16:29:52.579757517Z", "container": "prefect-worker", "msg": "16:29:52.579 | INFO    | prefect.flow_runs.worker - Flow run 'keen-cassowary' submitted to infrastructure"}
{"ts": "2026-08-13T16:29:53.775382207Z", "container": "prefect-worker", "msg": "16:29:53.769 | INFO    | Flow run 'keen-cassowary' - Running 1 deployment pull step(s)"}
{"ts": "2026-08-13T16:29:53.796009776Z", "container": "prefect-worker", "msg": "16:29:53.794 | INFO    | Flow run 'keen-cassowary' - Executing deployment step: set_working_directory"}
{"ts": "2026-08-13T16:29:53.807241283Z", "container": "prefect-worker", "msg": "16:29:53.806 | INFO    | Flow run 'keen-cassowary' - Deployment step 'set_working_directory' completed successfully"}
{"ts": "2026-08-13T16:29:53.820696656Z", "container": "prefect-worker", "msg": "16:29:53.820 | INFO    | Flow run 'keen-cassowary' - All deployment steps completed successfully"}
{"ts": "2026-08-13T16:29:53.902488816Z", "container": "prefect-worker", "msg": "2026-08-13 16:29:53 | INFO  | _client.py:_send_single_request:1025 | HTTP Request: GET http://prefect-server:4200/api/admin/version \"HTTP/1.1 200 OK\""}
{"ts": "2026-08-13T16:29:53.905790012Z", "container": "prefect-worker", "msg": "2026-08-13 16:29:53 | INFO  | _client.py:_send_single_request:1025 | HTTP Request: GET http://prefect-server:4200/api/csrf-token?client=46695232-e1fb-4fe5-83a5-7b0ab1dce6fc \"HTTP/1.1 422 Unprocessable Entity\""}
{"ts": "2026-08-13T16:29:53.911191674Z", "container": "prefect-worker", "msg": "2026-08-13 16:29:53 | INFO  | _client.py:_send_single_request:1025 | HTTP Request: PATCH http://prefect-server:4200/api/flow_runs/019ffaf3-33b2-725e-8fed-6dc98df52291 \"HTTP/1.1 204 No Content\""}
{"ts": "2026-08-13T16:29:53.929352583Z", "container": "prefect-worker", "msg": "2026-08-13 16:29:53 | INFO  | _client.py:_send_single_request:1740 | HTTP Request: GET http://prefect-server:4200/api/flow_runs/019ffaf3-33b2-725e-8fed-6dc98df52291 \"HTTP/1.1 200 OK\""}
{"ts": "2026-08-13T16:29:53.940662250Z", "container": "prefect-worker", "msg": "2026-08-13 16:29:53 | INFO  | _client.py:_send_single_request:1025 | HTTP Request: POST http://prefect-server:4200/api/flow_runs/019ffaf3-33b2-725e-8fed-6dc98df52291/set_state \"HTTP/1.1 200 OK\""}
{"ts": "2026-08-13T16:29:55.782058256Z", "container": "prefect-worker", "msg": "2026-08-13 16:29:55 | INFO  | _client.py:_send_single_request:1740 | HTTP Request: GET http://prefect-server:4200/api/csrf-token?client=e8392bf4-b03b-4f2e-8ed7-c6b37aa4ef2e \"HTTP/1.1 422 Unprocessable Entity\""}
{"ts": "2026-08-13T16:29:55.788810068Z", "container": "prefect-worker", "msg": "2026-08-13 16:29:55 | INFO  | _client.py:_send_single_request:1740 | HTTP Request: POST http://prefect-server:4200/api/logs/ \"HTTP/1.1 201 Created\""}
{"ts": "2026-08-13T16:29:59.955439417Z", "container": "prefect-worker", "msg": "2026-08-13 16:29:59 | INFO  | _client.py:_send_single_request:1025 | HTTP Request: POST http://prefect-server:4200/api/flow_runs/019ffaf3-33b2-725e-8fed-6dc98df52291/set_state \"HTTP/1.1 201 Created\""}
{"ts": "2026-08-13T16:29:59.960995600Z", "container": "prefect-worker", "msg": "2026-08-13 16:29:59 | INFO  | _client.py:_send_single_request:1025 | HTTP Request: GET http://prefect-server:4200/api/flow_runs/019ffaf3-33b2-725e-8fed-6dc98df52291 \"HTTP/1.1 200 OK\""}
{"ts": "2026-08-13T16:29:59.965667476Z", "container": "prefect-worker", "msg": "2026-08-13 16:29:59 | INFO  | _client.py:_send_single_request:1025 | HTTP Request: GET http://prefect-server:4200/api/admin/storage \"HTTP/1.1 200 OK\""}
{"ts": "2026-08-13T16:29:59.968626618Z", "container": "prefect-worker", "msg": "2026-08-13 16:29:59 | INFO  | _client.py:_send_single_request:1025 | HTTP Request: GET http://prefect-server:4200/api/admin/storage \"HTTP/1.1 200 OK\""}
{"ts": "2026-08-13T16:29:59.969237333Z", "container": "prefect-worker", "msg": "2026-08-13 16:29:59 | INFO  | flow_engine.py:setup_run_context:1133 | Beginning flow run 'keen-cassowary' for flow 'smarthub-build-features'"}
{"ts": "2026-08-13T16:29:59.969690606Z", "container": "prefect-worker", "msg": "2026-08-13 16:29:59 | INFO  | flow_engine.py:setup_run_context:1138 | View at http://prefect-server:4200/runs/flow-run/019ffaf3-33b2-725e-8fed-6dc98df52291"}
{"ts": "2026-08-13T16:29:59.991510725Z", "container": "prefect-worker", "msg": "2026-08-13 16:29:59 | INFO  | _client.py:_send_single_request:1740 | HTTP Request: GET http://prefect-server:4200/api/flows/ed336d12-897f-42a6-bdf9-d48b8de86b57 \"HTTP/1.1 200 OK\""}
{"ts": "2026-08-13T16:30:00.062353330Z", "container": "prefect-worker", "msg": "2026-08-13 16:30:00 | INFO  | _client.py:_send_single_request:1740 | HTTP Request: GET http://prefect-server:4200/api/work_queues/109a2d50-2dca-4233-a9a5-9ec78fefd79f \"HTTP/1.1 200 OK\""}
{"ts": "2026-08-13T16:30:00.064483307Z", "container": "prefect-worker", "msg": "2026-08-13 16:30:00 | INFO  | _client.py:_send_single_request:1740 | HTTP Request: GET http://prefect-server:4200/api/work_pools/smarthub-pool \"HTTP/1.1 200 OK\""}
{"ts": "2026-08-13T16:30:00.065008691Z", "container": "prefect-worker", "msg": "2026-08-13 16:30:00 | INFO  | _client.py:_send_single_request:1740 | HTTP Request: GET http://prefect-server:4200/api/deployments/8d536def-a82a-4c94-941b-14c2c0468511 \"HTTP/1.1 200 OK\""}
{"ts": "2026-08-13T16:30:01.829468124Z", "container": "prefect-worker", "msg": "2026-08-13 16:30:01 | INFO  | _client.py:_send_single_request:1740 | HTTP Request: POST http://prefect-server:4200/api/logs/ \"HTTP/1.1 201 Created\""}
{"ts": "2026-08-13T16:30:09.509599485Z", "container": "prefect-worker", "msg": "2026-08-13 16:30:09 | INFO  | build.py:run_build_features:266 | [auto] training table 2026-08-13T163008Z: 515339 rows, 40 cols -> /app/data/training_datasets/auto/2026-08-13T163008Z.parquet"}
{"ts": "2026-08-13T16:30:09.623040217Z", "container": "prefect-worker", "msg": "2026-08-13 16:30:09 | INFO  | task_engine.py:log_finished_message:410 | Finished in state Completed()"}
{"ts": "2026-08-13T16:30:09.642979748Z", "container": "prefect-worker", "msg": "2026-08-13 16:30:09 | INFO  | _client.py:_send_single_request:1025 | HTTP Request: POST http://prefect-server:4200/api/artifacts/ \"HTTP/1.1 201 Created\""}
{"ts": "2026-08-13T16:30:09.839429649Z", "container": "prefect-worker", "msg": "2026-08-13 16:30:09 | INFO  | _client.py:_send_single_request:1025 | HTTP Request: POST http://prefect-server:4200/api/flow_runs/019ffaf3-33b2-725e-8fed-6dc98df52291/set_state \"HTTP/1.1 201 Created\""}
{"ts": "2026-08-13T16:30:10.128265183Z", "container": "prefect-worker", "msg": "2026-08-13 16:30:10 | INFO  | _client.py:_send_single_request:1740 | HTTP Request: POST http://prefect-server:4200/api/logs/ \"HTTP/1.1 201 Created\""}
{"ts": "2026-08-13T16:30:10.506910799Z", "container": "prefect-worker", "msg": "2026-08-13 16:30:10 | INFO  | flow_engine.py:initialize_run:1235 | Finished in state Completed()"}
{"ts": "2026-08-13T16:30:10.514282428Z", "container": "prefect-worker", "msg": "2026-08-13 16:30:10 | INFO  | _client.py:_send_single_request:1740 | HTTP Request: POST http://prefect-server:4200/api/logs/ \"HTTP/1.1 201 Created\""}
{"ts": "2026-08-13T16:30:10.811488710Z", "container": "prefect-worker", "msg": "16:30:10.810 | INFO    | prefect.flow_runs.runner - Process for flow run 'keen-cassowary' exited cleanly."}
{"ts": "2026-08-13T16:45:01.131044183Z", "container": "prefect-worker", "msg": "16:45:01.130 | INFO    | prefect.flow_runs.worker - Worker 'ProcessWorker c09911e3-8540-45ba-b9e5-a987ad0388ad' submitting flow run '019ffaf3-33b1-7c1a-a7bd-4fee7df8fc9c'"}
{"ts": "2026-08-13T16:45:01.265146394Z", "container": "prefect-worker", "msg": "16:45:01.264 | INFO    | prefect.flow_runs.runner - Starting flow run process..."}
{"ts": "2026-08-13T16:45:01.288499573Z", "container": "prefect-worker", "msg": "16:45:01.287 | INFO    | prefect.flow_runs.worker - Flow run 'careful-anteater' submitted to infrastructure"}
{"ts": "2026-08-13T16:45:02.480926262Z", "container": "prefect-worker", "msg": "16:45:02.475 | INFO    | Flow run 'careful-anteater' - Running 1 deployment pull step(s)"}
{"ts": "2026-08-13T16:45:02.501495068Z", "container": "prefect-worker", "msg": "16:45:02.500 | INFO    | Flow run 'careful-anteater' - Executing deployment step: set_working_directory"}
{"ts": "2026-08-13T16:45:02.512844779Z", "container": "prefect-worker", "msg": "16:45:02.512 | INFO    | Flow run 'careful-anteater' - Deployment step 'set_working_directory' completed successfully"}
{"ts": "2026-08-13T16:45:02.526733041Z", "container": "prefect-worker", "msg": "16:45:02.526 | INFO    | Flow run 'careful-anteater' - All deployment steps completed successfully"}
{"ts": "2026-08-13T16:45:02.608991025Z", "container": "prefect-worker", "msg": "2026-08-13 16:45:02 | INFO  | _client.py:_send_single_request:1025 | HTTP Request: GET http://prefect-server:4200/api/admin/version \"HTTP/1.1 200 OK\""}
{"ts": "2026-08-13T16:45:02.612408302Z", "container": "prefect-worker", "msg": "2026-08-13 16:45:02 | INFO  | _client.py:_send_single_request:1025 | HTTP Request: GET http://prefect-server:4200/api/csrf-token?client=71436147-e146-4a48-9910-a1cb7c87897a \"HTTP/1.1 422 Unprocessable Entity\""}
{"ts": "2026-08-13T16:45:02.617915877Z", "container": "prefect-worker", "msg": "2026-08-13 16:45:02 | INFO  | _client.py:_send_single_request:1025 | HTTP Request: PATCH http://prefect-server:4200/api/flow_runs/019ffaf3-33b1-7c1a-a7bd-4fee7df8fc9c \"HTTP/1.1 204 No Content\""}
{"ts": "2026-08-13T16:45:02.636428346Z", "container": "prefect-worker", "msg": "2026-08-13 16:45:02 | INFO  | _client.py:_send_single_request:1740 | HTTP Request: GET http://prefect-server:4200/api/flow_runs/019ffaf3-33b1-7c1a-a7bd-4fee7df8fc9c \"HTTP/1.1 200 OK\""}
{"ts": "2026-08-13T16:45:02.651096624Z", "container": "prefect-worker", "msg": "2026-08-13 16:45:02 | INFO  | _client.py:_send_single_request:1025 | HTTP Request: POST http://prefect-server:4200/api/flow_runs/019ffaf3-33b1-7c1a-a7bd-4fee7df8fc9c/set_state \"HTTP/1.1 201 Created\""}
{"ts": "2026-08-13T16:45:02.657262664Z", "container": "prefect-worker", "msg": "2026-08-13 16:45:02 | INFO  | _client.py:_send_single_request:1025 | HTTP Request: GET http://prefect-server:4200/api/flow_runs/019ffaf3-33b1-7c1a-a7bd-4fee7df8fc9c \"HTTP/1.1 200 OK\""}
{"ts": "2026-08-13T16:45:02.661740060Z", "container": "prefect-worker", "msg": "2026-08-13 16:45:02 | INFO  | _client.py:_send_single_request:1025 | HTTP Request: GET http://prefect-server:4200/api/admin/storage \"HTTP/1.1 200 OK\""}
{"ts": "2026-08-13T16:45:02.664655684Z", "container": "prefect-worker", "msg": "2026-08-13 16:45:02 | INFO  | _client.py:_send_single_request:1025 | HTTP Request: GET http://prefect-server:4200/api/admin/storage \"HTTP/1.1 200 OK\""}
{"ts": "2026-08-13T16:45:02.665162288Z", "container": "prefect-worker", "msg": "2026-08-13 16:45:02 | INFO  | flow_engine.py:setup_run_context:1133 | Beginning flow run 'careful-anteater' for flow 'smarthub-build-features'"}
{"ts": "2026-08-13T16:45:02.665528551Z", "container": "prefect-worker", "msg": "2026-08-13 16:45:02 | INFO  | flow_engine.py:setup_run_context:1138 | View at http://prefect-server:4200/runs/flow-run/019ffaf3-33b1-7c1a-a7bd-4fee7df8fc9c"}
{"ts": "2026-08-13T16:45:02.687350197Z", "container": "prefect-worker", "msg": "2026-08-13 16:45:02 | INFO  | _client.py:_send_single_request:1740 | HTTP Request: GET http://prefect-server:4200/api/flows/ed336d12-897f-42a6-bdf9-d48b8de86b57 \"HTTP/1.1 200 OK\""}
{"ts": "2026-08-13T16:45:02.756576375Z", "container": "prefect-worker", "msg": "2026-08-13 16:45:02 | INFO  | _client.py:_send_single_request:1740 | HTTP Request: GET http://prefect-server:4200/api/work_queues/109a2d50-2dca-4233-a9a5-9ec78fefd79f \"HTTP/1.1 200 OK\""}
{"ts": "2026-08-13T16:45:02.758367920Z", "container": "prefect-worker", "msg": "2026-08-13 16:45:02 | INFO  | _client.py:_send_single_request:1740 | HTTP Request: GET http://prefect-server:4200/api/deployments/8d536def-a82a-4c94-941b-14c2c0468511 \"HTTP/1.1 200 OK\""}
{"ts": "2026-08-13T16:45:02.758943354Z", "container": "prefect-worker", "msg": "2026-08-13 16:45:02 | INFO  | _client.py:_send_single_request:1740 | HTTP Request: GET http://prefect-server:4200/api/work_pools/smarthub-pool \"HTTP/1.1 200 OK\""}
{"ts": "2026-08-13T16:45:04.519498387Z", "container": "prefect-worker", "msg": "2026-08-13 16:45:04 | INFO  | _client.py:_send_single_request:1740 | HTTP Request: GET http://prefect-server:4200/api/csrf-token?client=56bce49f-d460-4a3c-b561-f2e4e65924d1 \"HTTP/1.1 422 Unprocessable Entity\""}
{"ts": "2026-08-13T16:45:04.530510105Z", "container": "prefect-worker", "msg": "2026-08-13 16:45:04 | INFO  | _client.py:_send_single_request:1740 | HTTP Request: POST http://prefect-server:4200/api/logs/ \"HTTP/1.1 201 Created\""}
{"ts": "2026-08-13T16:45:07.799930489Z", "container": "prefect-worker", "msg": "2026-08-13 16:45:07 | INFO  | build.py:run_build_features:266 | [home] training table 2026-08-13T164507Z: 76762 rows, 34 cols -> /app/data/training_datasets/home/2026-08-13T164507Z.parquet"}
{"ts": "2026-08-13T16:45:07.932985893Z", "container": "prefect-worker", "msg": "2026-08-13 16:45:07 | INFO  | task_engine.py:log_finished_message:410 | Finished in state Completed()"}
{"ts": "2026-08-13T16:45:07.953353367Z", "container": "prefect-worker", "msg": "2026-08-13 16:45:07 | INFO  | _client.py:_send_single_request:1025 | HTTP Request: POST http://prefect-server:4200/api/artifacts/ \"HTTP/1.1 201 Created\""}
{"ts": "2026-08-13T16:45:08.064564304Z", "container": "prefect-worker", "msg": "2026-08-13 16:45:08 | INFO  | _client.py:_send_single_request:1025 | HTTP Request: POST http://prefect-server:4200/api/flow_runs/019ffaf3-33b1-7c1a-a7bd-4fee7df8fc9c/set_state \"HTTP/1.1 201 Created\""}
{"ts": "2026-08-13T16:45:08.335081146Z", "container": "prefect-worker", "msg": "2026-08-13 16:45:08 | INFO  | flow_engine.py:initialize_run:1235 | Finished in state Completed()"}
{"ts": "2026-08-13T16:45:08.344806565Z", "container": "prefect-worker", "msg": "2026-08-13 16:45:08 | INFO  | _client.py:_send_single_request:1740 | HTTP Request: POST http://prefect-server:4200/api/logs/ \"HTTP/1.1 201 Created\""}
{"ts": "2026-08-13T16:45:08.657664658Z", "container": "prefect-worker", "msg": "16:45:08.656 | INFO    | prefect.flow_runs.runner - Process for flow run 'careful-anteater' exited cleanly."}
{"ts": "2026-08-13T19:59:52.376599781Z", "container": "prefect-worker", "msg": "19:59:52.375 | INFO    | prefect.flow_runs.worker - Worker 'ProcessWorker c09911e3-8540-45ba-b9e5-a987ad0388ad' submitting flow run '019ffaf3-339b-7f67-99fa-0683a5c9134f'"}
{"ts": "2026-08-13T19:59:52.517715311Z", "container": "prefect-worker", "msg": "19:59:52.517 | INFO    | prefect.flow_runs.runner - Starting flow run process..."}
{"ts": "2026-08-13T19:59:52.541150039Z", "container": "prefect-worker", "msg": "19:59:52.540 | INFO    | prefect.flow_runs.worker - Flow run 'predictable-crow' submitted to infrastructure"}
{"ts": "2026-08-13T19:59:53.768164446Z", "container": "prefect-worker", "msg": "19:59:53.762 | INFO    | Flow run 'predictable-crow' - Running 1 deployment pull step(s)"}
{"ts": "2026-08-13T19:59:53.788824512Z", "container": "prefect-worker", "msg": "19:59:53.787 | INFO    | Flow run 'predictable-crow' - Executing deployment step: set_working_directory"}
{"ts": "2026-08-13T19:59:53.800558116Z", "container": "prefect-worker", "msg": "19:59:53.799 | INFO    | Flow run 'predictable-crow' - Deployment step 'set_working_directory' completed successfully"}
{"ts": "2026-08-13T19:59:53.814459837Z", "container": "prefect-worker", "msg": "19:59:53.813 | INFO    | Flow run 'predictable-crow' - All deployment steps completed successfully"}
{"ts": "2026-08-13T19:59:54.254829014Z", "container": "prefect-worker", "msg": "2026-08-13 19:59:54 | INFO  | _client.py:_send_single_request:1025 | HTTP Request: GET http://prefect-server:4200/api/admin/version \"HTTP/1.1 200 OK\""}
{"ts": "2026-08-13T19:59:54.258456114Z", "container": "prefect-worker", "msg": "2026-08-13 19:59:54 | INFO  | _client.py:_send_single_request:1025 | HTTP Request: GET http://prefect-server:4200/api/csrf-token?client=a337e065-3cef-48f0-8125-b377aceead46 \"HTTP/1.1 422 Unprocessable Entity\""}
{"ts": "2026-08-13T19:59:54.263909737Z", "container": "prefect-worker", "msg": "2026-08-13 19:59:54 | INFO  | _client.py:_send_single_request:1025 | HTTP Request: PATCH http://prefect-server:4200/api/flow_runs/019ffaf3-339b-7f67-99fa-0683a5c9134f \"HTTP/1.1 204 No Content\""}
{"ts": "2026-08-13T19:59:54.284340241Z", "container": "prefect-worker", "msg": "2026-08-13 19:59:54 | INFO  | _client.py:_send_single_request:1740 | HTTP Request: GET http://prefect-server:4200/api/flow_runs/019ffaf3-339b-7f67-99fa-0683a5c9134f \"HTTP/1.1 200 OK\""}
{"ts": "2026-08-13T19:59:54.296265496Z", "container": "prefect-worker", "msg": "2026-08-13 19:59:54 | INFO  | _client.py:_send_single_request:1025 | HTTP Request: POST http://prefect-server:4200/api/flow_runs/019ffaf3-339b-7f67-99fa-0683a5c9134f/set_state \"HTTP/1.1 200 OK\""}
{"ts": "2026-08-13T19:59:55.778393517Z", "container": "prefect-worker", "msg": "2026-08-13 19:59:55 | INFO  | _client.py:_send_single_request:1740 | HTTP Request: GET http://prefect-server:4200/api/csrf-token?client=19cd3d71-ca1d-494e-8365-c35c5f2a2da9 \"HTTP/1.1 422 Unprocessable Entity\""}
{"ts": "2026-08-13T19:59:55.785642415Z", "container": "prefect-worker", "msg": "2026-08-13 19:59:55 | INFO  | _client.py:_send_single_request:1740 | HTTP Request: POST http://prefect-server:4200/api/logs/ \"HTTP/1.1 201 Created\""}
{"ts": "2026-08-13T20:00:00.311915628Z", "container": "prefect-worker", "msg": "2026-08-13 20:00:00 | INFO  | _client.py:_send_single_request:1025 | HTTP Request: POST http://prefect-server:4200/api/flow_runs/019ffaf3-339b-7f67-99fa-0683a5c9134f/set_state \"HTTP/1.1 201 Created\""}
{"ts": "2026-08-13T20:00:00.317535423Z", "container": "prefect-worker", "msg": "2026-08-13 20:00:00 | INFO  | _client.py:_send_single_request:1025 | HTTP Request: GET http://prefect-server:4200/api/flow_runs/019ffaf3-339b-7f67-99fa-0683a5c9134f \"HTTP/1.1 200 OK\""}
{"ts": "2026-08-13T20:00:00.321842177Z", "container": "prefect-worker", "msg": "2026-08-13 20:00:00 | INFO  | _client.py:_send_single_request:1025 | HTTP Request: GET http://prefect-server:4200/api/admin/storage \"HTTP/1.1 200 OK\""}
{"ts": "2026-08-13T20:00:00.324822461Z", "container": "prefect-worker", "msg": "2026-08-13 20:00:00 | INFO  | _client.py:_send_single_request:1025 | HTTP Request: GET http://prefect-server:4200/api/admin/storage \"HTTP/1.1 200 OK\""}
{"ts": "2026-08-13T20:00:00.325371425Z", "container": "prefect-worker", "msg": "2026-08-13 20:00:00 | INFO  | flow_engine.py:setup_run_context:1133 | Beginning flow run 'predictable-crow' for flow 'smarthub-data-pull'"}
{"ts": "2026-08-13T20:00:00.325664858Z", "container": "prefect-worker", "msg": "2026-08-13 20:00:00 | INFO  | flow_engine.py:setup_run_context:1138 | View at http://prefect-server:4200/runs/flow-run/019ffaf3-339b-7f67-99fa-0683a5c9134f"}
{"ts": "2026-08-13T20:00:00.359193386Z", "container": "prefect-worker", "msg": "2026-08-13 20:00:00 | INFO  | _client.py:_send_single_request:1740 | HTTP Request: GET http://prefect-server:4200/api/work_queues/32c7c4c1-2900-49ee-9a5d-6d3163577ef9 \"HTTP/1.1 200 OK\""}
{"ts": "2026-08-13T20:00:00.359473609Z", "container": "prefect-worker", "msg": "2026-08-13 20:00:00 | INFO  | _client.py:_send_single_request:1740 | HTTP Request: GET http://prefect-server:4200/api/flows/c49e248a-be9d-43b9-ad26-cff3b7117b11 \"HTTP/1.1 200 OK\""}
{"ts": "2026-08-13T20:00:00.368079927Z", "container": "prefect-worker", "msg": "2026-08-13 20:00:00 | INFO  | _client.py:_send_single_request:1740 | HTTP Request: GET http://prefect-server:4200/api/deployments/15dcce44-4b5f-4048-b854-eeba60c3b514 \"HTTP/1.1 200 OK\""}
{"ts": "2026-08-13T20:00:00.369826921Z", "container": "prefect-worker", "msg": "2026-08-13 20:00:00 | INFO  | _client.py:_send_single_request:1025 | HTTP Request: GET http://prefect-server:4200/api/variables/name/smarthub_last_pull_timestamp_auto \"HTTP/1.1 200 OK\""}
{"ts": "2026-08-13T20:00:00.372828215Z", "container": "prefect-worker", "msg": "2026-08-13 20:00:00 | INFO  | task_engine.py:log_finished_message:410 | Finished in state Completed()"}
{"ts": "2026-08-13T20:00:00.373150868Z", "container": "prefect-worker", "msg": "2026-08-13 20:00:00 | INFO  | flow.py:data_pull_flow:246 | [auto] pulling window 2026-08-13 14:59:21 -> 2026-08-13 20:00:00"}
{"ts": "2026-08-13T20:00:00.376931618Z", "container": "prefect-worker", "msg": "2026-08-13 20:00:00 | INFO  | _client.py:_send_single_request:1025 | HTTP Request: GET http://prefect-server:4200/api/variables/name/smarthub_last_pull_timestamp_auto \"HTTP/1.1 200 OK\""}
{"ts": "2026-08-13T20:00:00.381201622Z", "container": "prefect-worker", "msg": "2026-08-13 20:00:00 | INFO  | pull.py:fetch_leads:134 | SSH_TUNNEL=false -- connecting directly to Redshift smart-hub.c9m7m7mw0tl8.us-east-1.redshift.amazonaws.com:5439"}
{"ts": "2026-08-13T20:00:00.386598406Z", "container": "prefect-worker", "msg": "2026-08-13 20:00:00 | INFO  | _client.py:_send_single_request:1740 | HTTP Request: GET http://prefect-server:4200/api/work_pools/smarthub-pool \"HTTP/1.1 200 OK\""}
{"ts": "2026-08-13T20:00:00.581960710Z", "container": "prefect-worker", "msg": "2026-08-13 20:00:00 | INFO  | plugins.py:__init__:37 | setup plugin alembic.autogenerate.schemas"}
{"ts": "2026-08-13T20:00:00.582116181Z", "container": "prefect-worker", "msg": "2026-08-13 20:00:00 | INFO  | plugins.py:__init__:37 | setup plugin alembic.autogenerate.tables"}
{"ts": "2026-08-13T20:00:00.582129232Z", "container": "prefect-worker", "msg": "2026-08-13 20:00:00 | INFO  | plugins.py:__init__:37 | setup plugin alembic.autogenerate.types"}
{"ts": "2026-08-13T20:00:00.582280233Z", "container": "prefect-worker", "msg": "2026-08-13 20:00:00 | INFO  | plugins.py:__init__:37 | setup plugin alembic.autogenerate.constraints"}
{"ts": "2026-08-13T20:00:00.582291363Z", "container": "prefect-worker", "msg": "2026-08-13 20:00:00 | INFO  | plugins.py:__init__:37 | setup plugin alembic.autogenerate.defaults"}
{"ts": "2026-08-13T20:00:00.582295463Z", "container": "prefect-worker", "msg": "2026-08-13 20:00:00 | INFO  | plugins.py:__init__:37 | setup plugin alembic.autogenerate.comments"}
{"ts": "2026-08-13T20:00:01.566009962Z", "container": "prefect-worker", "msg": "2026-08-13 20:00:01 | INFO  | pull.py:fetch_leads:154 | Fetched leads frame with shape (17399, 57)"}
{"ts": "2026-08-13T20:00:01.567471164Z", "container": "prefect-worker", "msg": "2026-08-13 20:00:01 | INFO  | task_engine.py:log_finished_message:410 | Finished in state Completed()"}
{"ts": "2026-08-13T20:00:01.821967262Z", "container": "prefect-worker", "msg": "2026-08-13 20:00:01 | INFO  | _client.py:_send_single_request:1740 | HTTP Request: POST http://prefect-server:4200/api/logs/ \"HTTP/1.1 201 Created\""}
{"ts": "2026-08-13T20:00:02.122950982Z", "container": "prefect-worker", "msg": "2026-08-13 20:00:02 | INFO  | validation_report.py:log_summary:165 | data-quality: rows=17,399, status=issues flagged, rule_violation_rows=34,801, cross_field={'current_carrier_when_not_insured': 13713}, high_missing=['accepted', 'accepted_listings', 'annual_revenue', 'erred', 'error_reason_id', 'health_conditions', 'household_income', 'lead_created_at', 'life_coverage_amount', 'life_coverage_type', 'naics_code', 'num_dependents', 'num_employees', 'pnc_bundle', 'rev', 'sic_code', 'won']"}
{"ts": "2026-08-13T20:00:02.139334174Z", "container": "prefect-worker", "msg": "2026-08-13 20:00:02 | INFO  | _client.py:_send_single_request:1025 | HTTP Request: POST http://prefect-server:4200/api/artifacts/ \"HTTP/1.1 201 Created\""}
{"ts": "2026-08-13T20:00:02.142507360Z", "container": "prefect-worker", "msg": "2026-08-13 20:00:02 | INFO  | task_engine.py:log_finished_message:410 | Finished in state Completed()"}
{"ts": "2026-08-13T20:00:02.482584713Z", "container": "prefect-worker", "msg": "2026-08-13 20:00:02 | INFO  | storage.py:append_parquet:470 | Parquet partition 13-08-2026.parquet: +17399 rows"}
{"ts": "2026-08-13T20:00:02.519257927Z", "container": "prefect-worker", "msg": "2026-08-13 20:00:02 | INFO  | task_engine.py:log_finished_message:410 | Finished in state Completed()"}
{"ts": "2026-08-13T20:00:02.604264407Z", "container": "prefect-worker", "msg": "2026-08-13 20:00:02 | INFO  | _client.py:_send_single_request:1025 | HTTP Request: GET http://prefect-server:4200/api/variables/name/smarthub_last_pull_timestamp_auto \"HTTP/1.1 200 OK\""}
{"ts": "2026-08-13T20:00:02.612074170Z", "container": "prefect-worker", "msg": "2026-08-13 20:00:02 | INFO  | _client.py:_send_single_request:1025 | HTTP Request: PATCH http://prefect-server:4200/api/variables/name/smarthub_last_pull_timestamp_auto \"HTTP/1.1 204 No Content\""}
{"ts": "2026-08-13T20:00:02.614742562Z", "container": "prefect-worker", "msg": "2026-08-13 20:00:02 | INFO  | _client.py:_send_single_request:1025 | HTTP Request: GET http://prefect-server:4200/api/variables/name/smarthub_last_pull_timestamp_auto \"HTTP/1.1 200 OK\""}
{"ts": "2026-08-13T20:00:02.616118253Z", "container": "prefect-worker", "msg": "2026-08-13 20:00:02 | INFO  | task_engine.py:log_finished_message:410 | Finished in state Completed()"}
{"ts": "2026-08-13T20:00:02.617065980Z", "container": "prefect-worker", "msg": "2026-08-13 20:00:02 | INFO  | flow.py:data_pull_flow:254 | [auto] persisted {'parquet_rows': 17399, 'parquet_paths': ['/app/data/raw_datasets/leads/2026/08/13-08-2026.parquet']}; watermark now 2026-08-13 19:59:33"}
{"ts": "2026-08-13T20:00:02.644355649Z", "container": "prefect-worker", "msg": "2026-08-13 20:00:02 | INFO  | _client.py:_send_single_request:1025 | HTTP Request: POST http://prefect-server:4200/api/artifacts/ \"HTTP/1.1 201 Created\""}
{"ts": "2026-08-13T20:00:02.765054125Z", "container": "prefect-worker", "msg": "2026-08-13 20:00:02 | INFO  | _client.py:_send_single_request:1025 | HTTP Request: POST http://prefect-server:4200/api/flow_runs/019ffaf3-339b-7f67-99fa-0683a5c9134f/set_state \"HTTP/1.1 201 Created\""}
{"ts": "2026-08-13T20:00:03.430170102Z", "container": "prefect-worker", "msg": "2026-08-13 20:00:03 | INFO  | flow_engine.py:initialize_run:1235 | Finished in state Completed()"}
{"ts": "2026-08-13T20:00:03.440013331Z", "container": "prefect-worker", "msg": "2026-08-13 20:00:03 | INFO  | _client.py:_send_single_request:1740 | HTTP Request: POST http://prefect-server:4200/api/logs/ \"HTTP/1.1 201 Created\""}
{"ts": "2026-08-13T20:00:03.943637795Z", "container": "prefect-worker", "msg": "20:00:03.942 | INFO    | prefect.flow_runs.runner - Process for flow run 'predictable-crow' exited cleanly."}
{"ts": "2026-08-13T20:14:51.761574433Z", "container": "prefect-worker", "msg": "20:14:51.760 | INFO    | prefect.flow_runs.worker - Worker 'ProcessWorker c09911e3-8540-45ba-b9e5-a987ad0388ad' submitting flow run '019ffaf3-339a-7f00-b33d-6c14d59db6eb'"}
{"ts": "2026-08-13T20:14:51.894566990Z", "container": "prefect-worker", "msg": "20:14:51.894 | INFO    | prefect.flow_runs.runner - Starting flow run process..."}
{"ts": "2026-08-13T20:14:51.929358806Z", "container": "prefect-worker", "msg": "20:14:51.928 | INFO    | prefect.flow_runs.worker - Flow run 'violet-sponge' submitted to infrastructure"}
{"ts": "2026-08-13T20:14:53.122921132Z", "container": "prefect-worker", "msg": "20:14:53.117 | INFO    | Flow run 'violet-sponge' - Running 1 deployment pull step(s)"}
{"ts": "2026-08-13T20:14:53.143715727Z", "container": "prefect-worker", "msg": "20:14:53.142 | INFO    | Flow run 'violet-sponge' - Executing deployment step: set_working_directory"}
{"ts": "2026-08-13T20:14:53.155066188Z", "container": "prefect-worker", "msg": "20:14:53.154 | INFO    | Flow run 'violet-sponge' - Deployment step 'set_working_directory' completed successfully"}
{"ts": "2026-08-13T20:14:53.168986308Z", "container": "prefect-worker", "msg": "20:14:53.168 | INFO    | Flow run 'violet-sponge' - All deployment steps completed successfully"}
{"ts": "2026-08-13T20:14:53.615893340Z", "container": "prefect-worker", "msg": "2026-08-13 20:14:53 | INFO  | _client.py:_send_single_request:1025 | HTTP Request: GET http://prefect-server:4200/api/admin/version \"HTTP/1.1 200 OK\""}
{"ts": "2026-08-13T20:14:53.619258197Z", "container": "prefect-worker", "msg": "2026-08-13 20:14:53 | INFO  | _client.py:_send_single_request:1025 | HTTP Request: GET http://prefect-server:4200/api/csrf-token?client=0461c1fc-f0ad-45dc-99d8-340638ac3d80 \"HTTP/1.1 422 Unprocessable Entity\""}
{"ts": "2026-08-13T20:14:53.625013942Z", "container": "prefect-worker", "msg": "2026-08-13 20:14:53 | INFO  | _client.py:_send_single_request:1025 | HTTP Request: PATCH http://prefect-server:4200/api/flow_runs/019ffaf3-339a-7f00-b33d-6c14d59db6eb \"HTTP/1.1 204 No Content\""}
{"ts": "2026-08-13T20:14:53.643914513Z", "container": "prefect-worker", "msg": "2026-08-13 20:14:53 | INFO  | _client.py:_send_single_request:1740 | HTTP Request: GET http://prefect-server:4200/api/flow_runs/019ffaf3-339a-7f00-b33d-6c14d59db6eb \"HTTP/1.1 200 OK\""}
{"ts": "2026-08-13T20:14:53.655838968Z", "container": "prefect-worker", "msg": "2026-08-13 20:14:53 | INFO  | _client.py:_send_single_request:1025 | HTTP Request: POST http://prefect-server:4200/api/flow_runs/019ffaf3-339a-7f00-b33d-6c14d59db6eb/set_state \"HTTP/1.1 200 OK\""}
{"ts": "2026-08-13T20:14:55.129711701Z", "container": "prefect-worker", "msg": "2026-08-13 20:14:55 | INFO  | _client.py:_send_single_request:1740 | HTTP Request: GET http://prefect-server:4200/api/csrf-token?client=e84a30e5-fe96-4a5d-bb37-3d1aeb639711 \"HTTP/1.1 422 Unprocessable Entity\""}
{"ts": "2026-08-13T20:14:55.136557135Z", "container": "prefect-worker", "msg": "2026-08-13 20:14:55 | INFO  | _client.py:_send_single_request:1740 | HTTP Request: POST http://prefect-server:4200/api/logs/ \"HTTP/1.1 201 Created\""}
{"ts": "2026-08-13T20:14:59.671366229Z", "container": "prefect-worker", "msg": "2026-08-13 20:14:59 | INFO  | _client.py:_send_single_request:1025 | HTTP Request: POST http://prefect-server:4200/api/flow_runs/019ffaf3-339a-7f00-b33d-6c14d59db6eb/set_state \"HTTP/1.1 201 Created\""}
{"ts": "2026-08-13T20:14:59.677542779Z", "container": "prefect-worker", "msg": "2026-08-13 20:14:59 | INFO  | _client.py:_send_single_request:1025 | HTTP Request: GET http://prefect-server:4200/api/flow_runs/019ffaf3-339a-7f00-b33d-6c14d59db6eb \"HTTP/1.1 200 OK\""}
{"ts": "2026-08-13T20:14:59.682225516Z", "container": "prefect-worker", "msg": "2026-08-13 20:14:59 | INFO  | _client.py:_send_single_request:1025 | HTTP Request: GET http://prefect-server:4200/api/admin/storage \"HTTP/1.1 200 OK\""}
{"ts": "2026-08-13T20:14:59.685385901Z", "container": "prefect-worker", "msg": "2026-08-13 20:14:59 | INFO  | _client.py:_send_single_request:1025 | HTTP Request: GET http://prefect-server:4200/api/admin/storage \"HTTP/1.1 200 OK\""}
{"ts": "2026-08-13T20:14:59.685998956Z", "container": "prefect-worker", "msg": "2026-08-13 20:14:59 | INFO  | flow_engine.py:setup_run_context:1133 | Beginning flow run 'violet-sponge' for flow 'smarthub-data-pull'"}
{"ts": "2026-08-13T20:14:59.686583671Z", "container": "prefect-worker", "msg": "2026-08-13 20:14:59 | INFO  | flow_engine.py:setup_run_context:1138 | View at http://prefect-server:4200/runs/flow-run/019ffaf3-339a-7f00-b33d-6c14d59db6eb"}
{"ts": "2026-08-13T20:14:59.721411478Z", "container": "prefect-worker", "msg": "2026-08-13 20:14:59 | INFO  | _client.py:_send_single_request:1740 | HTTP Request: GET http://prefect-server:4200/api/flows/c49e248a-be9d-43b9-ad26-cff3b7117b11 \"HTTP/1.1 200 OK\""}
{"ts": "2026-08-13T20:14:59.730115977Z", "container": "prefect-worker", "msg": "2026-08-13 20:14:59 | INFO  | _client.py:_send_single_request:1740 | HTTP Request: GET http://prefect-server:4200/api/work_queues/32c7c4c1-2900-49ee-9a5d-6d3163577ef9 \"HTTP/1.1 200 OK\""}
{"ts": "2026-08-13T20:14:59.730343179Z", "container": "prefect-worker", "msg": "2026-08-13 20:14:59 | INFO  | _client.py:_send_single_request:1740 | HTTP Request: GET http://prefect-server:4200/api/deployments/15dcce44-4b5f-4048-b854-eeba60c3b514 \"HTTP/1.1 200 OK\""}
{"ts": "2026-08-13T20:14:59.732621227Z", "container": "prefect-worker", "msg": "2026-08-13 20:14:59 | INFO  | _client.py:_send_single_request:1025 | HTTP Request: GET http://prefect-server:4200/api/variables/name/smarthub_last_pull_timestamp_home \"HTTP/1.1 200 OK\""}
{"ts": "2026-08-13T20:14:59.736223706Z", "container": "prefect-worker", "msg": "2026-08-13 20:14:59 | INFO  | task_engine.py:log_finished_message:410 | Finished in state Completed()"}
{"ts": "2026-08-13T20:14:59.736610609Z", "container": "prefect-worker", "msg": "2026-08-13 20:14:59 | INFO  | flow.py:data_pull_flow:246 | [home] pulling window 2026-08-13 15:14:44 -> 2026-08-13 20:14:59"}
{"ts": "2026-08-13T20:14:59.740490499Z", "container": "prefect-worker", "msg": "2026-08-13 20:14:59 | INFO  | _client.py:_send_single_request:1025 | HTTP Request: GET http://prefect-server:4200/api/variables/name/smarthub_last_pull_timestamp_home \"HTTP/1.1 200 OK\""}
{"ts": "2026-08-13T20:14:59.744742513Z", "container": "prefect-worker", "msg": "2026-08-13 20:14:59 | INFO  | pull.py:fetch_leads:134 | SSH_TUNNEL=false -- connecting directly to Redshift smart-hub.c9m7m7mw0tl8.us-east-1.redshift.amazonaws.com:5439"}
{"ts": "2026-08-13T20:14:59.752936209Z", "container": "prefect-worker", "msg": "2026-08-13 20:14:59 | INFO  | _client.py:_send_single_request:1740 | HTTP Request: GET http://prefect-server:4200/api/work_pools/smarthub-pool \"HTTP/1.1 200 OK\""}
{"ts": "2026-08-13T20:14:59.961532268Z", "container": "prefect-worker", "msg": "2026-08-13 20:14:59 | INFO  | plugins.py:__init__:37 | setup plugin alembic.autogenerate.schemas"}
{"ts": "2026-08-13T20:14:59.961723730Z", "container": "prefect-worker", "msg": "2026-08-13 20:14:59 | INFO  | plugins.py:__init__:37 | setup plugin alembic.autogenerate.tables"}
{"ts": "2026-08-13T20:14:59.961738320Z", "container": "prefect-worker", "msg": "2026-08-13 20:14:59 | INFO  | plugins.py:__init__:37 | setup plugin alembic.autogenerate.types"}
{"ts": "2026-08-13T20:14:59.961742340Z", "container": "prefect-worker", "msg": "2026-08-13 20:14:59 | INFO  | plugins.py:__init__:37 | setup plugin alembic.autogenerate.constraints"}
{"ts": "2026-08-13T20:14:59.961847721Z", "container": "prefect-worker", "msg": "2026-08-13 20:14:59 | INFO  | plugins.py:__init__:37 | setup plugin alembic.autogenerate.defaults"}
{"ts": "2026-08-13T20:14:59.961854381Z", "container": "prefect-worker", "msg": "2026-08-13 20:14:59 | INFO  | plugins.py:__init__:37 | setup plugin alembic.autogenerate.comments"}
{"ts": "2026-08-13T20:15:00.561626242Z", "container": "prefect-worker", "msg": "2026-08-13 20:15:00 | INFO  | pull.py:fetch_leads:154 | Fetched leads frame with shape (2003, 57)"}
{"ts": "2026-08-13T20:15:00.562900392Z", "container": "prefect-worker", "msg": "2026-08-13 20:15:00 | INFO  | task_engine.py:log_finished_message:410 | Finished in state Completed()"}
{"ts": "2026-08-13T20:15:00.728986743Z", "container": "prefect-worker", "msg": "2026-08-13 20:15:00 | INFO  | validation_report.py:log_summary:165 | data-quality: rows=2,003, status=issues flagged, rule_violation_rows=4,012, cross_field={'current_carrier_when_not_insured': 1783}, high_missing=['accepted', 'accepted_listings', 'annual_revenue', 'erred', 'error_reason_id', 'health_conditions', 'household_income', 'lead_created_at', 'life_coverage_amount', 'life_coverage_type', 'naics_code', 'num_dependents', 'num_employees', 'num_home_claims', 'pnc_bundle', 'rev', 'sic_code', 'won']"}
{"ts": "2026-08-13T20:15:00.741906886Z", "container": "prefect-worker", "msg": "2026-08-13 20:15:00 | INFO  | _client.py:_send_single_request:1025 | HTTP Request: POST http://prefect-server:4200/api/artifacts/ \"HTTP/1.1 201 Created\""}
{"ts": "2026-08-13T20:15:00.745023481Z", "container": "prefect-worker", "msg": "2026-08-13 20:15:00 | INFO  | task_engine.py:log_finished_message:410 | Finished in state Completed()"}
{"ts": "2026-08-13T20:15:01.010001269Z", "container": "prefect-worker", "msg": "2026-08-13 20:15:01 | INFO  | storage.py:append_parquet:470 | Parquet partition 13-08-2026.parquet: +2003 rows"}
{"ts": "2026-08-13T20:15:01.025858615Z", "container": "prefect-worker", "msg": "2026-08-13 20:15:01 | INFO  | task_engine.py:log_finished_message:410 | Finished in state Completed()"}
{"ts": "2026-08-13T20:15:01.048388744Z", "container": "prefect-worker", "msg": "2026-08-13 20:15:01 | INFO  | _client.py:_send_single_request:1025 | HTTP Request: GET http://prefect-server:4200/api/variables/name/smarthub_last_pull_timestamp_home \"HTTP/1.1 200 OK\""}
{"ts": "2026-08-13T20:15:01.061022545Z", "container": "prefect-worker", "msg": "2026-08-13 20:15:01 | INFO  | _client.py:_send_single_request:1025 | HTTP Request: PATCH http://prefect-server:4200/api/variables/name/smarthub_last_pull_timestamp_home \"HTTP/1.1 204 No Content\""}
{"ts": "2026-08-13T20:15:01.063615196Z", "container": "prefect-worker", "msg": "2026-08-13 20:15:01 | INFO  | _client.py:_send_single_request:1025 | HTTP Request: GET http://prefect-server:4200/api/variables/name/smarthub_last_pull_timestamp_home \"HTTP/1.1 200 OK\""}
{"ts": "2026-08-13T20:15:01.064882806Z", "container": "prefect-worker", "msg": "2026-08-13 20:15:01 | INFO  | task_engine.py:log_finished_message:410 | Finished in state Completed()"}
{"ts": "2026-08-13T20:15:01.065240098Z", "container": "prefect-worker", "msg": "2026-08-13 20:15:01 | INFO  | flow.py:data_pull_flow:254 | [home] persisted {'parquet_rows': 2003, 'parquet_paths': ['/app/data/raw_datasets/leads/2026/08/13-08-2026.parquet']}; watermark now 2026-08-13 20:14:30"}
{"ts": "2026-08-13T20:15:01.082312614Z", "container": "prefect-worker", "msg": "2026-08-13 20:15:01 | INFO  | _client.py:_send_single_request:1025 | HTTP Request: POST http://prefect-server:4200/api/artifacts/ \"HTTP/1.1 201 Created\""}
{"ts": "2026-08-13T20:15:01.149430318Z", "container": "prefect-worker", "msg": "2026-08-13 20:15:01 | INFO  | _client.py:_send_single_request:1740 | HTTP Request: POST http://prefect-server:4200/api/logs/ \"HTTP/1.1 201 Created\""}
{"ts": "2026-08-13T20:15:01.197604231Z", "container": "prefect-worker", "msg": "2026-08-13 20:15:01 | INFO  | _client.py:_send_single_request:1025 | HTTP Request: POST http://prefect-server:4200/api/flow_runs/019ffaf3-339a-7f00-b33d-6c14d59db6eb/set_state \"HTTP/1.1 201 Created\""}
{"ts": "2026-08-13T20:15:01.890820316Z", "container": "prefect-worker", "msg": "2026-08-13 20:15:01 | INFO  | flow_engine.py:initialize_run:1235 | Finished in state Completed()"}
{"ts": "2026-08-13T20:15:01.898611608Z", "container": "prefect-worker", "msg": "2026-08-13 20:15:01 | INFO  | _client.py:_send_single_request:1740 | HTTP Request: POST http://prefect-server:4200/api/logs/ \"HTTP/1.1 201 Created\""}
{"ts": "2026-08-13T20:15:02.388547336Z", "container": "prefect-worker", "msg": "20:15:02.387 | INFO    | prefect.flow_runs.runner - Process for flow run 'violet-sponge' exited cleanly."}
{"ts": "2026-08-13T20:29:52.533296466Z", "container": "prefect-worker", "msg": "20:29:52.532 | INFO    | prefect.flow_runs.worker - Worker 'ProcessWorker c09911e3-8540-45ba-b9e5-a987ad0388ad' submitting flow run '019ffaf3-33b2-7187-a6e0-3ee64e7e61fc'"}
{"ts": "2026-08-13T20:29:52.675249018Z", "container": "prefect-worker", "msg": "20:29:52.674 | INFO    | prefect.flow_runs.runner - Starting flow run process..."}
{"ts": "2026-08-13T20:29:52.699141738Z", "container": "prefect-worker", "msg": "20:29:52.698 | INFO    | prefect.flow_runs.worker - Flow run 'tourmaline-nautilus' submitted to infrastructure"}
{"ts": "2026-08-13T20:29:53.892266075Z", "container": "prefect-worker", "msg": "20:29:53.886 | INFO    | Flow run 'tourmaline-nautilus' - Running 1 deployment pull step(s)"}
{"ts": "2026-08-13T20:29:53.913232442Z", "container": "prefect-worker", "msg": "20:29:53.912 | INFO    | Flow run 'tourmaline-nautilus' - Executing deployment step: set_working_directory"}
{"ts": "2026-08-13T20:29:53.924974406Z", "container": "prefect-worker", "msg": "20:29:53.924 | INFO    | Flow run 'tourmaline-nautilus' - Deployment step 'set_working_directory' completed successfully"}
{"ts": "2026-08-13T20:29:53.939431841Z", "container": "prefect-worker", "msg": "20:29:53.938 | INFO    | Flow run 'tourmaline-nautilus' - All deployment steps completed successfully"}
{"ts": "2026-08-13T20:29:54.023094638Z", "container": "prefect-worker", "msg": "2026-08-13 20:29:54 | INFO  | _client.py:_send_single_request:1025 | HTTP Request: GET http://prefect-server:4200/api/admin/version \"HTTP/1.1 200 OK\""}
{"ts": "2026-08-13T20:29:54.026405284Z", "container": "prefect-worker", "msg": "2026-08-13 20:29:54 | INFO  | _client.py:_send_single_request:1025 | HTTP Request: GET http://prefect-server:4200/api/csrf-token?client=0640d90b-eaab-4fb1-903a-9fa40c197e26 \"HTTP/1.1 422 Unprocessable Entity\""}
{"ts": "2026-08-13T20:29:54.031515315Z", "container": "prefect-worker", "msg": "2026-08-13 20:29:54 | INFO  | _client.py:_send_single_request:1025 | HTTP Request: PATCH http://prefect-server:4200/api/flow_runs/019ffaf3-33b2-7187-a6e0-3ee64e7e61fc \"HTTP/1.1 204 No Content\""}
{"ts": "2026-08-13T20:29:54.050332165Z", "container": "prefect-worker", "msg": "2026-08-13 20:29:54 | INFO  | _client.py:_send_single_request:1740 | HTTP Request: GET http://prefect-server:4200/api/flow_runs/019ffaf3-33b2-7187-a6e0-3ee64e7e61fc \"HTTP/1.1 200 OK\""}
{"ts": "2026-08-13T20:29:54.062325501Z", "container": "prefect-worker", "msg": "2026-08-13 20:29:54 | INFO  | _client.py:_send_single_request:1025 | HTTP Request: POST http://prefect-server:4200/api/flow_runs/019ffaf3-33b2-7187-a6e0-3ee64e7e61fc/set_state \"HTTP/1.1 200 OK\""}
{"ts": "2026-08-13T20:29:55.898989316Z", "container": "prefect-worker", "msg": "2026-08-13 20:29:55 | INFO  | _client.py:_send_single_request:1740 | HTTP Request: GET http://prefect-server:4200/api/csrf-token?client=ae4640a6-5763-47fd-8c12-dd2ac2bee685 \"HTTP/1.1 422 Unprocessable Entity\""}
{"ts": "2026-08-13T20:29:55.906071383Z", "container": "prefect-worker", "msg": "2026-08-13 20:29:55 | INFO  | _client.py:_send_single_request:1740 | HTTP Request: POST http://prefect-server:4200/api/logs/ \"HTTP/1.1 201 Created\""}
{"ts": "2026-08-13T20:30:00.079843902Z", "container": "prefect-worker", "msg": "2026-08-13 20:30:00 | INFO  | _client.py:_send_single_request:1025 | HTTP Request: POST http://prefect-server:4200/api/flow_runs/019ffaf3-33b2-7187-a6e0-3ee64e7e61fc/set_state \"HTTP/1.1 201 Created\""}
{"ts": "2026-08-13T20:30:00.086005501Z", "container": "prefect-worker", "msg": "2026-08-13 20:30:00 | INFO  | _client.py:_send_single_request:1025 | HTTP Request: GET http://prefect-server:4200/api/flow_runs/019ffaf3-33b2-7187-a6e0-3ee64e7e61fc \"HTTP/1.1 200 OK\""}
{"ts": "2026-08-13T20:30:00.090581087Z", "container": "prefect-worker", "msg": "2026-08-13 20:30:00 | INFO  | _client.py:_send_single_request:1025 | HTTP Request: GET http://prefect-server:4200/api/admin/storage \"HTTP/1.1 200 OK\""}
{"ts": "2026-08-13T20:30:00.093514960Z", "container": "prefect-worker", "msg": "2026-08-13 20:30:00 | INFO  | _client.py:_send_single_request:1025 | HTTP Request: GET http://prefect-server:4200/api/admin/storage \"HTTP/1.1 200 OK\""}
{"ts": "2026-08-13T20:30:00.094031825Z", "container": "prefect-worker", "msg": "2026-08-13 20:30:00 | INFO  | flow_engine.py:setup_run_context:1133 | Beginning flow run 'tourmaline-nautilus' for flow 'smarthub-build-features'"}
{"ts": "2026-08-13T20:30:00.094462118Z", "container": "prefect-worker", "msg": "2026-08-13 20:30:00 | INFO  | flow_engine.py:setup_run_context:1138 | View at http://prefect-server:4200/runs/flow-run/019ffaf3-33b2-7187-a6e0-3ee64e7e61fc"}
{"ts": "2026-08-13T20:30:00.182398469Z", "container": "prefect-worker", "msg": "2026-08-13 20:30:00 | INFO  | _client.py:_send_single_request:1740 | HTTP Request: GET http://prefect-server:4200/api/flows/ed336d12-897f-42a6-bdf9-d48b8de86b57 \"HTTP/1.1 200 OK\""}
{"ts": "2026-08-13T20:30:00.182998824Z", "container": "prefect-worker", "msg": "2026-08-13 20:30:00 | INFO  | _client.py:_send_single_request:1740 | HTTP Request: GET http://prefect-server:4200/api/work_queues/109a2d50-2dca-4233-a9a5-9ec78fefd79f \"HTTP/1.1 200 OK\""}
{"ts": "2026-08-13T20:30:00.183316756Z", "container": "prefect-worker", "msg": "2026-08-13 20:30:00 | INFO  | _client.py:_send_single_request:1740 | HTTP Request: GET http://prefect-server:4200/api/deployments/8d536def-a82a-4c94-941b-14c2c0468511 \"HTTP/1.1 200 OK\""}
{"ts": "2026-08-13T20:30:00.184279764Z", "container": "prefect-worker", "msg": "2026-08-13 20:30:00 | INFO  | _client.py:_send_single_request:1740 | HTTP Request: GET http://prefect-server:4200/api/work_pools/smarthub-pool \"HTTP/1.1 200 OK\""}
{"ts": "2026-08-13T20:30:01.916557080Z", "container": "prefect-worker", "msg": "2026-08-13 20:30:01 | INFO  | _client.py:_send_single_request:1740 | HTTP Request: POST http://prefect-server:4200/api/logs/ \"HTTP/1.1 201 Created\""}
{"ts": "2026-08-13T20:30:08.611310814Z", "container": "prefect-worker", "msg": "2026-08-13 20:30:08 | INFO  | build.py:run_build_features:266 | [auto] training table 2026-08-13T203007Z: 516814 rows, 40 cols -> /app/data/training_datasets/auto/2026-08-13T203007Z.parquet"}
{"ts": "2026-08-13T20:30:08.726051889Z", "container": "prefect-worker", "msg": "2026-08-13 20:30:08 | INFO  | task_engine.py:log_finished_message:410 | Finished in state Completed()"}
{"ts": "2026-08-13T20:30:08.746599423Z", "container": "prefect-worker", "msg": "2026-08-13 20:30:08 | INFO  | _client.py:_send_single_request:1025 | HTTP Request: POST http://prefect-server:4200/api/artifacts/ \"HTTP/1.1 201 Created\""}
{"ts": "2026-08-13T20:30:08.926455527Z", "container": "prefect-worker", "msg": "2026-08-13 20:30:08 | INFO  | _client.py:_send_single_request:1025 | HTTP Request: POST http://prefect-server:4200/api/flow_runs/019ffaf3-33b2-7187-a6e0-3ee64e7e61fc/set_state \"HTTP/1.1 201 Created\""}
{"ts": "2026-08-13T20:30:09.728171140Z", "container": "prefect-worker", "msg": "2026-08-13 20:30:09 | INFO  | flow_engine.py:initialize_run:1235 | Finished in state Completed()"}
{"ts": "2026-08-13T20:30:09.736912089Z", "container": "prefect-worker", "msg": "2026-08-13 20:30:09 | INFO  | _client.py:_send_single_request:1740 | HTTP Request: POST http://prefect-server:4200/api/logs/ \"HTTP/1.1 201 Created\""}
{"ts": "2026-08-13T20:30:10.049170800Z", "container": "prefect-worker", "msg": "20:30:10.048 | INFO    | prefect.flow_runs.runner - Process for flow run 'tourmaline-nautilus' exited cleanly."}
{"ts": "2026-08-13T20:44:54.982569257Z", "container": "prefect-worker", "msg": "20:44:54.981 | INFO    | prefect.flow_runs.worker - Worker 'ProcessWorker c09911e3-8540-45ba-b9e5-a987ad0388ad' submitting flow run '019ffaf3-33b1-75a9-9e2b-561c8acf8f11'"}
{"ts": "2026-08-13T20:44:55.117692740Z", "container": "prefect-worker", "msg": "20:44:55.117 | INFO    | prefect.flow_runs.runner - Starting flow run process..."}
{"ts": "2026-08-13T20:44:55.141795894Z", "container": "prefect-worker", "msg": "20:44:55.141 | INFO    | prefect.flow_runs.worker - Flow run 'magic-gorilla' submitted to infrastructure"}
{"ts": "2026-08-13T20:44:56.324581666Z", "container": "prefect-worker", "msg": "20:44:56.318 | INFO    | Flow run 'magic-gorilla' - Running 1 deployment pull step(s)"}
{"ts": "2026-08-13T20:44:56.344816678Z", "container": "prefect-worker", "msg": "20:44:56.343 | INFO    | Flow run 'magic-gorilla' - Executing deployment step: set_working_directory"}
{"ts": "2026-08-13T20:44:56.356497652Z", "container": "prefect-worker", "msg": "20:44:56.355 | INFO    | Flow run 'magic-gorilla' - Deployment step 'set_working_directory' completed successfully"}
{"ts": "2026-08-13T20:44:56.370361603Z", "container": "prefect-worker", "msg": "20:44:56.369 | INFO    | Flow run 'magic-gorilla' - All deployment steps completed successfully"}
{"ts": "2026-08-13T20:44:56.455383025Z", "container": "prefect-worker", "msg": "2026-08-13 20:44:56 | INFO  | _client.py:_send_single_request:1025 | HTTP Request: GET http://prefect-server:4200/api/admin/version \"HTTP/1.1 200 OK\""}
{"ts": "2026-08-13T20:44:56.458658591Z", "container": "prefect-worker", "msg": "2026-08-13 20:44:56 | INFO  | _client.py:_send_single_request:1025 | HTTP Request: GET http://prefect-server:4200/api/csrf-token?client=2feaaf93-4b1b-4b30-b335-c9e0a08727cd \"HTTP/1.1 422 Unprocessable Entity\""}
{"ts": "2026-08-13T20:44:56.463778402Z", "container": "prefect-worker", "msg": "2026-08-13 20:44:56 | INFO  | _client.py:_send_single_request:1025 | HTTP Request: PATCH http://prefect-server:4200/api/flow_runs/019ffaf3-33b1-75a9-9e2b-561c8acf8f11 \"HTTP/1.1 204 No Content\""}
{"ts": "2026-08-13T20:44:56.481980238Z", "container": "prefect-worker", "msg": "2026-08-13 20:44:56 | INFO  | _client.py:_send_single_request:1740 | HTTP Request: GET http://prefect-server:4200/api/flow_runs/019ffaf3-33b1-75a9-9e2b-561c8acf8f11 \"HTTP/1.1 200 OK\""}
{"ts": "2026-08-13T20:44:56.493185518Z", "container": "prefect-worker", "msg": "2026-08-13 20:44:56 | INFO  | _client.py:_send_single_request:1025 | HTTP Request: POST http://prefect-server:4200/api/flow_runs/019ffaf3-33b1-75a9-9e2b-561c8acf8f11/set_state \"HTTP/1.1 200 OK\""}
{"ts": "2026-08-13T20:44:58.331268054Z", "container": "prefect-worker", "msg": "2026-08-13 20:44:58 | INFO  | _client.py:_send_single_request:1740 | HTTP Request: GET http://prefect-server:4200/api/csrf-token?client=0771b85d-04e7-41b2-8ed5-27503d260b6e \"HTTP/1.1 422 Unprocessable Entity\""}
{"ts": "2026-08-13T20:44:58.337939327Z", "container": "prefect-worker", "msg": "2026-08-13 20:44:58 | INFO  | _client.py:_send_single_request:1740 | HTTP Request: POST http://prefect-server:4200/api/logs/ \"HTTP/1.1 201 Created\""}
{"ts": "2026-08-13T20:45:00.509583717Z", "container": "prefect-worker", "msg": "2026-08-13 20:45:00 | INFO  | _client.py:_send_single_request:1025 | HTTP Request: POST http://prefect-server:4200/api/flow_runs/019ffaf3-33b1-75a9-9e2b-561c8acf8f11/set_state \"HTTP/1.1 201 Created\""}
{"ts": "2026-08-13T20:45:00.515581116Z", "container": "prefect-worker", "msg": "2026-08-13 20:45:00 | INFO  | _client.py:_send_single_request:1025 | HTTP Request: GET http://prefect-server:4200/api/flow_runs/019ffaf3-33b1-75a9-9e2b-561c8acf8f11 \"HTTP/1.1 200 OK\""}
{"ts": "2026-08-13T20:45:00.519706759Z", "container": "prefect-worker", "msg": "2026-08-13 20:45:00 | INFO  | _client.py:_send_single_request:1025 | HTTP Request: GET http://prefect-server:4200/api/admin/storage \"HTTP/1.1 200 OK\""}
{"ts": "2026-08-13T20:45:00.522873494Z", "container": "prefect-worker", "msg": "2026-08-13 20:45:00 | INFO  | _client.py:_send_single_request:1025 | HTTP Request: GET http://prefect-server:4200/api/admin/storage \"HTTP/1.1 200 OK\""}
{"ts": "2026-08-13T20:45:00.523377428Z", "container": "prefect-worker", "msg": "2026-08-13 20:45:00 | INFO  | flow_engine.py:setup_run_context:1133 | Beginning flow run 'magic-gorilla' for flow 'smarthub-build-features'"}
{"ts": "2026-08-13T20:45:00.523904773Z", "container": "prefect-worker", "msg": "2026-08-13 20:45:00 | INFO  | flow_engine.py:setup_run_context:1138 | View at http://prefect-server:4200/runs/flow-run/019ffaf3-33b1-75a9-9e2b-561c8acf8f11"}
{"ts": "2026-08-13T20:45:00.614444268Z", "container": "prefect-worker", "msg": "2026-08-13 20:45:00 | INFO  | _client.py:_send_single_request:1740 | HTTP Request: GET http://prefect-server:4200/api/flows/ed336d12-897f-42a6-bdf9-d48b8de86b57 \"HTTP/1.1 200 OK\""}
{"ts": "2026-08-13T20:45:00.615031153Z", "container": "prefect-worker", "msg": "2026-08-13 20:45:00 | INFO  | _client.py:_send_single_request:1740 | HTTP Request: GET http://prefect-server:4200/api/work_queues/109a2d50-2dca-4233-a9a5-9ec78fefd79f \"HTTP/1.1 200 OK\""}
{"ts": "2026-08-13T20:45:00.615325315Z", "container": "prefect-worker", "msg": "2026-08-13 20:45:00 | INFO  | _client.py:_send_single_request:1740 | HTTP Request: GET http://prefect-server:4200/api/deployments/8d536def-a82a-4c94-941b-14c2c0468511 \"HTTP/1.1 200 OK\""}
{"ts": "2026-08-13T20:45:00.616340883Z", "container": "prefect-worker", "msg": "2026-08-13 20:45:00 | INFO  | _client.py:_send_single_request:1740 | HTTP Request: GET http://prefect-server:4200/api/work_pools/smarthub-pool \"HTTP/1.1 200 OK\""}
{"ts": "2026-08-13T20:45:02.365883940Z", "container": "prefect-worker", "msg": "2026-08-13 20:45:02 | INFO  | _client.py:_send_single_request:1740 | HTTP Request: POST http://prefect-server:4200/api/logs/ \"HTTP/1.1 201 Created\""}
{"ts": "2026-08-13T20:45:05.729716518Z", "container": "prefect-worker", "msg": "2026-08-13 20:45:05 | INFO  | build.py:run_build_features:266 | [home] training table 2026-08-13T204505Z: 77221 rows, 34 cols -> /app/data/training_datasets/home/2026-08-13T204505Z.parquet"}
{"ts": "2026-08-13T20:45:05.856961338Z", "container": "prefect-worker", "msg": "2026-08-13 20:45:05 | INFO  | task_engine.py:log_finished_message:410 | Finished in state Completed()"}
{"ts": "2026-08-13T20:45:05.877784555Z", "container": "prefect-worker", "msg": "2026-08-13 20:45:05 | INFO  | _client.py:_send_single_request:1025 | HTTP Request: POST http://prefect-server:4200/api/artifacts/ \"HTTP/1.1 201 Created\""}
{"ts": "2026-08-13T20:45:05.994153488Z", "container": "prefect-worker", "msg": "2026-08-13 20:45:05 | INFO  | _client.py:_send_single_request:1025 | HTTP Request: POST http://prefect-server:4200/api/flow_runs/019ffaf3-33b1-75a9-9e2b-561c8acf8f11/set_state \"HTTP/1.1 201 Created\""}
{"ts": "2026-08-13T20:45:06.258156034Z", "container": "prefect-worker", "msg": "2026-08-13 20:45:06 | INFO  | flow_engine.py:initialize_run:1235 | Finished in state Completed()"}
{"ts": "2026-08-13T20:45:06.265728716Z", "container": "prefect-worker", "msg": "2026-08-13 20:45:06 | INFO  | _client.py:_send_single_request:1740 | HTTP Request: POST http://prefect-server:4200/api/logs/ \"HTTP/1.1 201 Created\""}
{"ts": "2026-08-13T20:45:06.553488142Z", "container": "prefect-worker", "msg": "20:45:06.552 | INFO    | prefect.flow_runs.runner - Process for flow run 'magic-gorilla' exited cleanly."}
{"ts": "2026-08-13T23:59:53.934751174Z", "container": "prefect-worker", "msg": "23:59:53.934 | INFO    | prefect.flow_runs.worker - Worker 'ProcessWorker c09911e3-8540-45ba-b9e5-a987ad0388ad' submitting flow run '019ffaff-373e-7749-a6f1-b2ec3e5b82e0'"}
{"ts": "2026-08-13T23:59:54.077101137Z", "container": "prefect-worker", "msg": "23:59:54.076 | INFO    | prefect.flow_runs.runner - Starting flow run process..."}
{"ts": "2026-08-13T23:59:54.100773586Z", "container": "prefect-worker", "msg": "23:59:54.100 | INFO    | prefect.flow_runs.worker - Flow run 'original-stallion' submitted to infrastructure"}
{"ts": "2026-08-13T23:59:55.307116793Z", "container": "prefect-worker", "msg": "23:59:55.301 | INFO    | Flow run 'original-stallion' - Running 1 deployment pull step(s)"}
{"ts": "2026-08-13T23:59:55.328272542Z", "container": "prefect-worker", "msg": "23:59:55.326 | INFO    | Flow run 'original-stallion' - Executing deployment step: set_working_directory"}
{"ts": "2026-08-13T23:59:55.339729683Z", "container": "prefect-worker", "msg": "23:59:55.339 | INFO    | Flow run 'original-stallion' - Deployment step 'set_working_directory' completed successfully"}
{"ts": "2026-08-13T23:59:55.353480762Z", "container": "prefect-worker", "msg": "23:59:55.352 | INFO    | Flow run 'original-stallion' - All deployment steps completed successfully"}
{"ts": "2026-08-13T23:59:55.798075513Z", "container": "prefect-worker", "msg": "2026-08-13 23:59:55 | INFO  | _client.py:_send_single_request:1025 | HTTP Request: GET http://prefect-server:4200/api/admin/version \"HTTP/1.1 200 OK\""}
{"ts": "2026-08-13T23:59:55.801452000Z", "container": "prefect-worker", "msg": "2026-08-13 23:59:55 | INFO  | _client.py:_send_single_request:1025 | HTTP Request: GET http://prefect-server:4200/api/csrf-token?client=a87254cf-c4cb-4b70-8089-83f24dba0d7a \"HTTP/1.1 422 Unprocessable Entity\""}
{"ts": "2026-08-13T23:59:55.806717202Z", "container": "prefect-worker", "msg": "2026-08-13 23:59:55 | INFO  | _client.py:_send_single_request:1025 | HTTP Request: PATCH http://prefect-server:4200/api/flow_runs/019ffaff-373e-7749-a6f1-b2ec3e5b82e0 \"HTTP/1.1 204 No Content\""}
{"ts": "2026-08-13T23:59:55.826479989Z", "container": "prefect-worker", "msg": "2026-08-13 23:59:55 | INFO  | _client.py:_send_single_request:1740 | HTTP Request: GET http://prefect-server:4200/api/flow_runs/019ffaff-373e-7749-a6f1-b2ec3e5b82e0 \"HTTP/1.1 200 OK\""}
{"ts": "2026-08-13T23:59:55.838233393Z", "container": "prefect-worker", "msg": "2026-08-13 23:59:55 | INFO  | _client.py:_send_single_request:1025 | HTTP Request: POST http://prefect-server:4200/api/flow_runs/019ffaff-373e-7749-a6f1-b2ec3e5b82e0/set_state \"HTTP/1.1 200 OK\""}
{"ts": "2026-08-13T23:59:57.313962536Z", "container": "prefect-worker", "msg": "2026-08-13 23:59:57 | INFO  | _client.py:_send_single_request:1740 | HTTP Request: GET http://prefect-server:4200/api/csrf-token?client=ddfc53af-2f00-44eb-9147-4e76dee1c1cf \"HTTP/1.1 422 Unprocessable Entity\""}
{"ts": "2026-08-13T23:59:57.321455325Z", "container": "prefect-worker", "msg": "2026-08-13 23:59:57 | INFO  | _client.py:_send_single_request:1740 | HTTP Request: POST http://prefect-server:4200/api/logs/ \"HTTP/1.1 201 Created\""}
{"ts": "2026-08-13T23:59:59.854510078Z", "container": "prefect-worker", "msg": "2026-08-13 23:59:59 | INFO  | _client.py:_send_single_request:1025 | HTTP Request: POST http://prefect-server:4200/api/flow_runs/019ffaff-373e-7749-a6f1-b2ec3e5b82e0/set_state \"HTTP/1.1 201 Created\""}
{"ts": "2026-08-13T23:59:59.860432955Z", "container": "prefect-worker", "msg": "2026-08-13 23:59:59 | INFO  | _client.py:_send_single_request:1025 | HTTP Request: GET http://prefect-server:4200/api/flow_runs/019ffaff-373e-7749-a6f1-b2ec3e5b82e0 \"HTTP/1.1 200 OK\""}
{"ts": "2026-08-13T23:59:59.864729840Z", "container": "prefect-worker", "msg": "2026-08-13 23:59:59 | INFO  | _client.py:_send_single_request:1025 | HTTP Request: GET http://prefect-server:4200/api/admin/storage \"HTTP/1.1 200 OK\""}
{"ts": "2026-08-13T23:59:59.867631453Z", "container": "prefect-worker", "msg": "2026-08-13 23:59:59 | INFO  | _client.py:_send_single_request:1025 | HTTP Request: GET http://prefect-server:4200/api/admin/storage \"HTTP/1.1 200 OK\""}
{"ts": "2026-08-13T23:59:59.868148277Z", "container": "prefect-worker", "msg": "2026-08-13 23:59:59 | INFO  | flow_engine.py:setup_run_context:1133 | Beginning flow run 'original-stallion' for flow 'smarthub-data-pull'"}
{"ts": "2026-08-13T23:59:59.868709211Z", "container": "prefect-worker", "msg": "2026-08-13 23:59:59 | INFO  | flow_engine.py:setup_run_context:1138 | View at http://prefect-server:4200/runs/flow-run/019ffaff-373e-7749-a6f1-b2ec3e5b82e0"}
{"ts": "2026-08-13T23:59:59.910987948Z", "container": "prefect-worker", "msg": "2026-08-13 23:59:59 | INFO  | _client.py:_send_single_request:1740 | HTTP Request: GET http://prefect-server:4200/api/flows/c49e248a-be9d-43b9-ad26-cff3b7117b11 \"HTTP/1.1 200 OK\""}
{"ts": "2026-08-13T23:59:59.911773284Z", "container": "prefect-worker", "msg": "2026-08-13 23:59:59 | INFO  | _client.py:_send_single_request:1740 | HTTP Request: GET http://prefect-server:4200/api/work_queues/32c7c4c1-2900-49ee-9a5d-6d3163577ef9 \"HTTP/1.1 200 OK\""}
{"ts": "2026-08-13T23:59:59.912039936Z", "container": "prefect-worker", "msg": "2026-08-13 23:59:59 | INFO  | _client.py:_send_single_request:1740 | HTTP Request: GET http://prefect-server:4200/api/deployments/15dcce44-4b5f-4048-b854-eeba60c3b514 \"HTTP/1.1 200 OK\""}
{"ts": "2026-08-13T23:59:59.914395935Z", "container": "prefect-worker", "msg": "2026-08-13 23:59:59 | INFO  | _client.py:_send_single_request:1025 | HTTP Request: GET http://prefect-server:4200/api/variables/name/smarthub_last_pull_timestamp_auto \"HTTP/1.1 200 OK\""}
{"ts": "2026-08-13T23:59:59.917318168Z", "container": "prefect-worker", "msg": "2026-08-13 23:59:59 | INFO  | task_engine.py:log_finished_message:410 | Finished in state Completed()"}
{"ts": "2026-08-13T23:59:59.917734622Z", "container": "prefect-worker", "msg": "2026-08-13 23:59:59 | INFO  | flow.py:data_pull_flow:246 | [auto] pulling window 2026-08-13 18:59:33 -> 2026-08-13 23:59:59"}
{"ts": "2026-08-13T23:59:59.920928807Z", "container": "prefect-worker", "msg": "2026-08-13 23:59:59 | INFO  | _client.py:_send_single_request:1025 | HTTP Request: GET http://prefect-server:4200/api/variables/name/smarthub_last_pull_timestamp_auto \"HTTP/1.1 200 OK\""}
{"ts": "2026-08-13T23:59:59.925035270Z", "container": "prefect-worker", "msg": "2026-08-13 23:59:59 | INFO  | pull.py:fetch_leads:134 | SSH_TUNNEL=false -- connecting directly to Redshift smart-hub.c9m7m7mw0tl8.us-east-1.redshift.amazonaws.com:5439"}
{"ts": "2026-08-13T23:59:59.935375032Z", "container": "prefect-worker", "msg": "2026-08-13 23:59:59 | INFO  | _client.py:_send_single_request:1740 | HTTP Request: GET http://prefect-server:4200/api/work_pools/smarthub-pool \"HTTP/1.1 200 OK\""}
