{"ts": "2026-08-12T00:00:00.049Z", "level": "INFO", "service": "worker", "logger": "httpx", "msg": "HTTP Request: POST http://prefect-server:4200/api/flow_runs/019ff0ce-34cd-78aa-a34a-11ccbce6c06e/set_state \"HTTP/1.1 201 Created\"", "container": "prefect-worker"}
{"ts": "2026-08-12T00:00:00.055Z", "level": "INFO", "service": "worker", "logger": "httpx", "msg": "HTTP Request: GET http://prefect-server:4200/api/flow_runs/019ff0ce-34cd-78aa-a34a-11ccbce6c06e \"HTTP/1.1 200 OK\"", "container": "prefect-worker"}
{"ts": "2026-08-12T00:00:00.059Z", "level": "INFO", "service": "worker", "logger": "httpx", "msg": "HTTP Request: GET http://prefect-server:4200/api/admin/storage \"HTTP/1.1 200 OK\"", "container": "prefect-worker"}
{"ts": "2026-08-12T00:00:00.062Z", "level": "INFO", "service": "worker", "logger": "httpx", "msg": "HTTP Request: GET http://prefect-server:4200/api/admin/storage \"HTTP/1.1 200 OK\"", "container": "prefect-worker"}
{"ts": "2026-08-12T00:00:00.063Z", "level": "INFO", "service": "worker", "logger": "prefect.flow_runs", "msg": "Beginning flow run 'strict-wildebeest' for flow 'smarthub-data-pull'", "flow_run_name": "strict-wildebeest", "flow_run_id": "019ff0ce-34cd-78aa-a34a-11ccbce6c06e", "flow_name": "smarthub-data-pull", "deployment_name": "data-pull", "container": "prefect-worker"}
{"ts": "2026-08-12T00:00:00.063Z", "level": "INFO", "service": "worker", "logger": "prefect.flow_runs", "msg": "View at http://prefect-server:4200/runs/flow-run/019ff0ce-34cd-78aa-a34a-11ccbce6c06e", "flow_run_name": "strict-wildebeest", "flow_run_id": "019ff0ce-34cd-78aa-a34a-11ccbce6c06e", "flow_name": "smarthub-data-pull", "deployment_name": "data-pull", "send_to_api": false, "container": "prefect-worker"}
{"ts": "2026-08-12T00:00:00.097Z", "level": "INFO", "service": "worker", "logger": "httpx", "msg": "HTTP Request: GET http://prefect-server:4200/api/flows/c49e248a-be9d-43b9-ad26-cff3b7117b11 \"HTTP/1.1 200 OK\"", "container": "prefect-worker"}
{"ts": "2026-08-12T00:00:00.097Z", "level": "INFO", "service": "worker", "logger": "httpx", "msg": "HTTP Request: GET http://prefect-server:4200/api/work_queues/32c7c4c1-2900-49ee-9a5d-6d3163577ef9 \"HTTP/1.1 200 OK\"", "container": "prefect-worker"}
{"ts": "2026-08-12T00:00:00.106Z", "level": "INFO", "service": "worker", "logger": "httpx", "msg": "HTTP Request: GET http://prefect-server:4200/api/work_pools/smarthub-pool \"HTTP/1.1 200 OK\"", "container": "prefect-worker"}
{"ts": "2026-08-12T00:00:00.108Z", "level": "INFO", "service": "worker", "logger": "httpx", "msg": "HTTP Request: GET http://prefect-server:4200/api/deployments/15dcce44-4b5f-4048-b854-eeba60c3b514 \"HTTP/1.1 200 OK\"", "container": "prefect-worker"}
{"ts": "2026-08-12T00:00:00.108Z", "level": "INFO", "service": "worker", "logger": "httpx", "msg": "HTTP Request: GET http://prefect-server:4200/api/variables/name/smarthub_last_pull_timestamp_auto \"HTTP/1.1 200 OK\"", "container": "prefect-worker"}
{"ts": "2026-08-12T00:00:00.111Z", "level": "INFO", "service": "worker", "logger": "prefect.task_runs", "msg": "Finished in state Completed()", "task_run_id": "019ff344-cc53-7032-9b2c-4080a6f64d5d", "flow_run_id": "019ff0ce-34cd-78aa-a34a-11ccbce6c06e", "task_run_name": "resolve_window-108", "task_name": "resolve_window", "flow_run_name": "strict-wildebeest", "flow_name": "smarthub-data-pull", "container": "prefect-worker"}
{"ts": "2026-08-12T00:00:00.112Z", "level": "INFO", "service": "worker", "logger": "prefect.flow_runs", "msg": "[auto] pulling window 2026-08-11 18:59:33 -> 2026-08-12 00:00:00", "flow_run_name": "strict-wildebeest", "flow_run_id": "019ff0ce-34cd-78aa-a34a-11ccbce6c06e", "flow_name": "smarthub-data-pull", "deployment_name": "data-pull", "container": "prefect-worker"}
{"ts": "2026-08-12T00:00:00.115Z", "level": "INFO", "service": "worker", "logger": "httpx", "msg": "HTTP Request: GET http://prefect-server:4200/api/variables/name/smarthub_last_pull_timestamp_auto \"HTTP/1.1 200 OK\"", "container": "prefect-worker"}
{"ts": "2026-08-12T00:00:00.119Z", "level": "INFO", "service": "worker", "logger": "smarthub.data_pull.pull", "msg": "SSH_TUNNEL=false -- connecting directly to Redshift smart-hub.c9m7m7mw0tl8.us-east-1.redshift.amazonaws.com:5439", "container": "prefect-worker"}
{"ts": "2026-08-12T00:00:00.315Z", "level": "INFO", "service": "worker", "logger": "alembic.runtime.plugins", "msg": "setup plugin alembic.autogenerate.schemas", "container": "prefect-worker"}
{"ts": "2026-08-12T00:00:00.316Z", "level": "INFO", "service": "worker", "logger": "alembic.runtime.plugins", "msg": "setup plugin alembic.autogenerate.tables", "container": "prefect-worker"}
{"ts": "2026-08-12T00:00:00.316Z", "level": "INFO", "service": "worker", "logger": "alembic.runtime.plugins", "msg": "setup plugin alembic.autogenerate.types", "container": "prefect-worker"}
{"ts": "2026-08-12T00:00:00.316Z", "level": "INFO", "service": "worker", "logger": "alembic.runtime.plugins", "msg": "setup plugin alembic.autogenerate.constraints", "container": "prefect-worker"}
{"ts": "2026-08-12T00:00:00.316Z", "level": "INFO", "service": "worker", "logger": "alembic.runtime.plugins", "msg": "setup plugin alembic.autogenerate.defaults", "container": "prefect-worker"}
{"ts": "2026-08-12T00:00:00.316Z", "level": "INFO", "service": "worker", "logger": "alembic.runtime.plugins", "msg": "setup plugin alembic.autogenerate.comments", "container": "prefect-worker"}
{"ts": "2026-08-12T00:00:00.540Z", "level": "INFO", "service": "worker", "logger": "httpx", "msg": "HTTP Request: POST http://prefect-server:4200/api/logs/ \"HTTP/1.1 201 Created\"", "container": "prefect-worker"}
{"ts": "2026-08-12T00:00:01.585Z", "level": "INFO", "service": "worker", "logger": "smarthub.data_pull.pull", "msg": "Fetched leads frame with shape (13613, 57)", "container": "prefect-worker"}
{"ts": "2026-08-12T00:00:01.586Z", "level": "INFO", "service": "worker", "logger": "prefect.task_runs", "msg": "Finished in state Completed()", "task_run_id": "019ff344-cc73-7b63-9574-f5baee766ce7", "flow_run_id": "019ff0ce-34cd-78aa-a34a-11ccbce6c06e", "task_run_name": "fetch-019", "task_name": "fetch", "flow_run_name": "strict-wildebeest", "flow_name": "smarthub-data-pull", "container": "prefect-worker"}
{"ts": "2026-08-12T00:00:01.992Z", "level": "INFO", "service": "worker", "logger": "prefect.task_runs", "msg": "data-quality: rows=13,613, status=issues flagged, rule_violation_rows=27,228, cross_field={'current_carrier_when_not_insured': 11231}, high_missing=['accepted', 'accepted_listings', 'annual_revenue', 'erred', 'error_reason_id', 'health_conditions', 'household_income', 'lead_created_at', 'life_coverage_amount', 'life_coverage_type', 'naics_code', 'num_dependents', 'num_employees', 'pnc_bundle', 'rev', 'sic_code', 'won']", "task_run_id": "019ff344-d233-7e22-8314-4a6adc69ee6f", "flow_run_id": "019ff0ce-34cd-78aa-a34a-11ccbce6c06e", "task_run_name": "validate-leads-062", "task_name": "validate-leads", "flow_run_name": "strict-wildebeest", "flow_name": "smarthub-data-pull", "container": "prefect-worker"}
{"ts": "2026-08-12T00:00:02.013Z", "level": "INFO", "service": "worker", "logger": "httpx", "msg": "HTTP Request: POST http://prefect-server:4200/api/artifacts/ \"HTTP/1.1 201 Created\"", "container": "prefect-worker"}
{"ts": "2026-08-12T00:00:02.016Z", "level": "INFO", "service": "worker", "logger": "prefect.task_runs", "msg": "Finished in state Completed()", "task_run_id": "019ff344-d233-7e22-8314-4a6adc69ee6f", "flow_run_id": "019ff0ce-34cd-78aa-a34a-11ccbce6c06e", "task_run_name": "validate-leads-062", "task_name": "validate-leads", "flow_run_name": "strict-wildebeest", "flow_name": "smarthub-data-pull", "container": "prefect-worker"}
{"ts": "2026-08-12T00:00:02.501Z", "level": "INFO", "service": "worker", "logger": "smarthub.core.storage", "msg": "Parquet partition 11-08-2026.parquet: +13613 rows", "container": "prefect-worker"}
{"ts": "2026-08-12T00:00:02.537Z", "level": "INFO", "service": "worker", "logger": "prefect.task_runs", "msg": "Finished in state Completed()", "task_run_id": "019ff344-d3e1-7189-b881-4792468efaf4", "flow_run_id": "019ff0ce-34cd-78aa-a34a-11ccbce6c06e", "task_run_name": "persist-528", "task_name": "persist", "flow_run_name": "strict-wildebeest", "flow_name": "smarthub-data-pull", "container": "prefect-worker"}
{"ts": "2026-08-12T00:00:02.606Z", "level": "INFO", "service": "worker", "logger": "httpx", "msg": "HTTP Request: POST http://prefect-server:4200/api/logs/ \"HTTP/1.1 201 Created\"", "container": "prefect-worker"}
{"ts": "2026-08-12T00:00:02.609Z", "level": "INFO", "service": "worker", "logger": "httpx", "msg": "HTTP Request: GET http://prefect-server:4200/api/variables/name/smarthub_last_pull_timestamp_auto \"HTTP/1.1 200 OK\"", "container": "prefect-worker"}
{"ts": "2026-08-12T00:00:02.617Z", "level": "INFO", "service": "worker", "logger": "httpx", "msg": "HTTP Request: PATCH http://prefect-server:4200/api/variables/name/smarthub_last_pull_timestamp_auto \"HTTP/1.1 204 No Content\"", "container": "prefect-worker"}
{"ts": "2026-08-12T00:00:02.620Z", "level": "INFO", "service": "worker", "logger": "httpx", "msg": "HTTP Request: GET http://prefect-server:4200/api/variables/name/smarthub_last_pull_timestamp_auto \"HTTP/1.1 200 OK\"", "container": "prefect-worker"}
{"ts": "2026-08-12T00:00:02.621Z", "level": "INFO", "service": "worker", "logger": "prefect.task_runs", "msg": "Finished in state Completed()", "task_run_id": "019ff344-d5ea-7ed2-87b3-b22f0ba8893f", "flow_run_id": "019ff0ce-34cd-78aa-a34a-11ccbce6c06e", "task_run_name": "update_watermark-2fe", "task_name": "update_watermark", "flow_run_name": "strict-wildebeest", "flow_name": "smarthub-data-pull", "container": "prefect-worker"}
{"ts": "2026-08-12T00:00:02.622Z", "level": "INFO", "service": "worker", "logger": "prefect.flow_runs", "msg": "[auto] persisted {'parquet_rows': 13613, 'parquet_paths': ['/app/data/raw_datasets/leads/2026/08/11-08-2026.parquet']}; watermark now 2026-08-11 23:59:31", "flow_run_name": "strict-wildebeest", "flow_run_id": "019ff0ce-34cd-78aa-a34a-11ccbce6c06e", "flow_name": "smarthub-data-pull", "deployment_name": "data-pull", "container": "prefect-worker"}
{"ts": "2026-08-12T00:00:02.692Z", "level": "INFO", "service": "worker", "logger": "httpx", "msg": "HTTP Request: POST http://prefect-server:4200/api/artifacts/ \"HTTP/1.1 201 Created\"", "container": "prefect-worker"}
{"ts": "2026-08-12T00:00:02.793Z", "level": "INFO", "service": "worker", "logger": "httpx", "msg": "HTTP Request: POST http://prefect-server:4200/api/flow_runs/019ff0ce-34cd-78aa-a34a-11ccbce6c06e/set_state \"HTTP/1.1 201 Created\"", "container": "prefect-worker"}
{"ts": "2026-08-12T00:00:03.161Z", "level": "INFO", "service": "worker", "logger": "prefect.flow_runs", "msg": "Finished in state Completed()", "flow_run_name": "strict-wildebeest", "flow_run_id": "019ff0ce-34cd-78aa-a34a-11ccbce6c06e", "flow_name": "smarthub-data-pull", "deployment_name": "data-pull", "container": "prefect-worker"}
{"ts": "2026-08-12T00:00:03.170Z", "level": "INFO", "service": "worker", "logger": "httpx", "msg": "HTTP Request: POST http://prefect-server:4200/api/logs/ \"HTTP/1.1 201 Created\"", "container": "prefect-worker"}
{"ts": "2026-08-12T00:00:03.656076123Z", "container": "prefect-worker", "msg": "00:00:03.655 | INFO    | prefect.flow_runs.runner - Process for flow run 'strict-wildebeest' exited cleanly."}
{"ts": "2026-08-12T00:14:58.730348749Z", "container": "prefect-worker", "msg": "00:14:58.729 | INFO    | prefect.flow_runs.worker - Worker 'ProcessWorker c27d727b-2d53-4615-accd-1d47578da3c7' submitting flow run '019ff0ce-34cd-7604-940e-238b9493b1be'"}
{"ts": "2026-08-12T00:14:58.873915819Z", "container": "prefect-worker", "msg": "00:14:58.873 | INFO    | prefect.flow_runs.runner - Starting flow run process..."}
{"ts": "2026-08-12T00:14:58.898232635Z", "container": "prefect-worker", "msg": "00:14:58.897 | INFO    | prefect.flow_runs.worker - Flow run 'aquamarine-shellfish' submitted to infrastructure"}
{"ts": "2026-08-12T00:15:00.077049205Z", "container": "prefect-worker", "msg": "00:15:00.071 | INFO    | Flow run 'aquamarine-shellfish' - Running 1 deployment pull step(s)"}
{"ts": "2026-08-12T00:15:00.097521920Z", "container": "prefect-worker", "msg": "00:15:00.096 | INFO    | Flow run 'aquamarine-shellfish' - Executing deployment step: set_working_directory"}
{"ts": "2026-08-12T00:15:00.109082543Z", "container": "prefect-worker", "msg": "00:15:00.108 | INFO    | Flow run 'aquamarine-shellfish' - Deployment step 'set_working_directory' completed successfully"}
{"ts": "2026-08-12T00:15:00.122708383Z", "container": "prefect-worker", "msg": "00:15:00.122 | INFO    | Flow run 'aquamarine-shellfish' - All deployment steps completed successfully"}
{"ts": "2026-08-12T00:15:00.563Z", "level": "INFO", "service": "worker", "logger": "httpx", "msg": "HTTP Request: GET http://prefect-server:4200/api/admin/version \"HTTP/1.1 200 OK\"", "container": "prefect-worker"}
{"ts": "2026-08-12T00:15:00.566Z", "level": "INFO", "service": "worker", "logger": "httpx", "msg": "HTTP Request: GET http://prefect-server:4200/api/csrf-token?client=2dd58550-1b27-4c29-8a94-3acb5c310b0d \"HTTP/1.1 422 Unprocessable Entity\"", "container": "prefect-worker"}
{"ts": "2026-08-12T00:15:00.571Z", "level": "INFO", "service": "worker", "logger": "httpx", "msg": "HTTP Request: PATCH http://prefect-server:4200/api/flow_runs/019ff0ce-34cd-7604-940e-238b9493b1be \"HTTP/1.1 204 No Content\"", "container": "prefect-worker"}
{"ts": "2026-08-12T00:15:00.589Z", "level": "INFO", "service": "worker", "logger": "httpx", "msg": "HTTP Request: GET http://prefect-server:4200/api/flow_runs/019ff0ce-34cd-7604-940e-238b9493b1be \"HTTP/1.1 200 OK\"", "container": "prefect-worker"}
{"ts": "2026-08-12T00:15:00.603Z", "level": "INFO", "service": "worker", "logger": "httpx", "msg": "HTTP Request: POST http://prefect-server:4200/api/flow_runs/019ff0ce-34cd-7604-940e-238b9493b1be/set_state \"HTTP/1.1 201 Created\"", "container": "prefect-worker"}
{"ts": "2026-08-12T00:15:00.609Z", "level": "INFO", "service": "worker", "logger": "httpx", "msg": "HTTP Request: GET http://prefect-server:4200/api/flow_runs/019ff0ce-34cd-7604-940e-238b9493b1be \"HTTP/1.1 200 OK\"", "container": "prefect-worker"}
{"ts": "2026-08-12T00:15:00.614Z", "level": "INFO", "service": "worker", "logger": "httpx", "msg": "HTTP Request: GET http://prefect-server:4200/api/admin/storage \"HTTP/1.1 200 OK\"", "container": "prefect-worker"}
{"ts": "2026-08-12T00:15:00.617Z", "level": "INFO", "service": "worker", "logger": "httpx", "msg": "HTTP Request: GET http://prefect-server:4200/api/admin/storage \"HTTP/1.1 200 OK\"", "container": "prefect-worker"}
{"ts": "2026-08-12T00:15:00.617Z", "level": "INFO", "service": "worker", "logger": "prefect.flow_runs", "msg": "Beginning flow run 'aquamarine-shellfish' for flow 'smarthub-data-pull'", "flow_run_name": "aquamarine-shellfish", "flow_run_id": "019ff0ce-34cd-7604-940e-238b9493b1be", "flow_name": "smarthub-data-pull", "deployment_name": "data-pull", "container": "prefect-worker"}
{"ts": "2026-08-12T00:15:00.617Z", "level": "INFO", "service": "worker", "logger": "prefect.flow_runs", "msg": "View at http://prefect-server:4200/runs/flow-run/019ff0ce-34cd-7604-940e-238b9493b1be", "flow_run_name": "aquamarine-shellfish", "flow_run_id": "019ff0ce-34cd-7604-940e-238b9493b1be", "flow_name": "smarthub-data-pull", "deployment_name": "data-pull", "send_to_api": false, "container": "prefect-worker"}
{"ts": "2026-08-12T00:15:00.644Z", "level": "INFO", "service": "worker", "logger": "httpx", "msg": "HTTP Request: GET http://prefect-server:4200/api/flows/c49e248a-be9d-43b9-ad26-cff3b7117b11 \"HTTP/1.1 200 OK\"", "container": "prefect-worker"}
{"ts": "2026-08-12T00:15:00.652Z", "level": "INFO", "service": "worker", "logger": "httpx", "msg": "HTTP Request: GET http://prefect-server:4200/api/work_queues/32c7c4c1-2900-49ee-9a5d-6d3163577ef9 \"HTTP/1.1 200 OK\"", "container": "prefect-worker"}
{"ts": "2026-08-12T00:15:00.661Z", "level": "INFO", "service": "worker", "logger": "httpx", "msg": "HTTP Request: GET http://prefect-server:4200/api/work_pools/smarthub-pool \"HTTP/1.1 200 OK\"", "container": "prefect-worker"}
{"ts": "2026-08-12T00:15:00.663Z", "level": "INFO", "service": "worker", "logger": "httpx", "msg": "HTTP Request: GET http://prefect-server:4200/api/deployments/15dcce44-4b5f-4048-b854-eeba60c3b514 \"HTTP/1.1 200 OK\"", "container": "prefect-worker"}
{"ts": "2026-08-12T00:15:00.663Z", "level": "INFO", "service": "worker", "logger": "httpx", "msg": "HTTP Request: GET http://prefect-server:4200/api/variables/name/smarthub_last_pull_timestamp_home \"HTTP/1.1 200 OK\"", "container": "prefect-worker"}
{"ts": "2026-08-12T00:15:00.667Z", "level": "INFO", "service": "worker", "logger": "prefect.task_runs", "msg": "Finished in state Completed()", "task_run_id": "019ff352-8a1d-7eba-b61c-80d606d01a67", "flow_run_id": "019ff0ce-34cd-7604-940e-238b9493b1be", "task_run_name": "resolve_window-e19", "task_name": "resolve_window", "flow_run_name": "aquamarine-shellfish", "flow_name": "smarthub-data-pull", "container": "prefect-worker"}
{"ts": "2026-08-12T00:15:00.667Z", "level": "INFO", "service": "worker", "logger": "prefect.flow_runs", "msg": "[home] pulling window 2026-08-11 19:14:25 -> 2026-08-12 00:15:00", "flow_run_name": "aquamarine-shellfish", "flow_run_id": "019ff0ce-34cd-7604-940e-238b9493b1be", "flow_name": "smarthub-data-pull", "deployment_name": "data-pull", "container": "prefect-worker"}
{"ts": "2026-08-12T00:15:00.670Z", "level": "INFO", "service": "worker", "logger": "httpx", "msg": "HTTP Request: GET http://prefect-server:4200/api/variables/name/smarthub_last_pull_timestamp_home \"HTTP/1.1 200 OK\"", "container": "prefect-worker"}
{"ts": "2026-08-12T00:15:00.675Z", "level": "INFO", "service": "worker", "logger": "smarthub.data_pull.pull", "msg": "SSH_TUNNEL=false -- connecting directly to Redshift smart-hub.c9m7m7mw0tl8.us-east-1.redshift.amazonaws.com:5439", "container": "prefect-worker"}
{"ts": "2026-08-12T00:15:00.871Z", "level": "INFO", "service": "worker", "logger": "alembic.runtime.plugins", "msg": "setup plugin alembic.autogenerate.schemas", "container": "prefect-worker"}
{"ts": "2026-08-12T00:15:00.872Z", "level": "INFO", "service": "worker", "logger": "alembic.runtime.plugins", "msg": "setup plugin alembic.autogenerate.tables", "container": "prefect-worker"}
{"ts": "2026-08-12T00:15:00.872Z", "level": "INFO", "service": "worker", "logger": "alembic.runtime.plugins", "msg": "setup plugin alembic.autogenerate.types", "container": "prefect-worker"}
{"ts": "2026-08-12T00:15:00.872Z", "level": "INFO", "service": "worker", "logger": "alembic.runtime.plugins", "msg": "setup plugin alembic.autogenerate.constraints", "container": "prefect-worker"}
{"ts": "2026-08-12T00:15:00.872Z", "level": "INFO", "service": "worker", "logger": "alembic.runtime.plugins", "msg": "setup plugin alembic.autogenerate.defaults", "container": "prefect-worker"}
{"ts": "2026-08-12T00:15:00.872Z", "level": "INFO", "service": "worker", "logger": "alembic.runtime.plugins", "msg": "setup plugin alembic.autogenerate.comments", "container": "prefect-worker"}
{"ts": "2026-08-12T00:15:01.332Z", "level": "INFO", "service": "worker", "logger": "smarthub.data_pull.pull", "msg": "Fetched leads frame with shape (1882, 57)", "container": "prefect-worker"}
{"ts": "2026-08-12T00:15:01.333Z", "level": "INFO", "service": "worker", "logger": "prefect.task_runs", "msg": "Finished in state Completed()", "task_run_id": "019ff352-8a3f-7299-abc7-ff77f6514a86", "flow_run_id": "019ff0ce-34cd-7604-940e-238b9493b1be", "task_run_name": "fetch-b63", "task_name": "fetch", "flow_run_name": "aquamarine-shellfish", "flow_name": "smarthub-data-pull", "container": "prefect-worker"}
{"ts": "2026-08-12T00:15:01.496Z", "level": "INFO", "service": "worker", "logger": "prefect.task_runs", "msg": "data-quality: rows=1,882, status=issues flagged, rule_violation_rows=3,768, cross_field={'current_carrier_when_not_insured': 1746}, high_missing=['accepted', 'accepted_listings', 'annual_revenue', 'erred', 'error_reason_id', 'health_conditions', 'household_income', 'lead_created_at', 'life_coverage_amount', 'life_coverage_type', 'naics_code', 'num_dependents', 'num_employees', 'num_home_claims', 'pnc_bundle', 'rev', 'sic_code', 'won']", "task_run_id": "019ff352-8cd6-7dfc-aa11-64631314472e", "flow_run_id": "019ff0ce-34cd-7604-940e-238b9493b1be", "task_run_name": "validate-leads-b1e", "task_name": "validate-leads", "flow_run_name": "aquamarine-shellfish", "flow_name": "smarthub-data-pull", "container": "prefect-worker"}
{"ts": "2026-08-12T00:15:01.511Z", "level": "INFO", "service": "worker", "logger": "httpx", "msg": "HTTP Request: POST http://prefect-server:4200/api/artifacts/ \"HTTP/1.1 201 Created\"", "container": "prefect-worker"}
{"ts": "2026-08-12T00:15:01.514Z", "level": "INFO", "service": "worker", "logger": "prefect.task_runs", "msg": "Finished in state Completed()", "task_run_id": "019ff352-8cd6-7dfc-aa11-64631314472e", "flow_run_id": "019ff0ce-34cd-7604-940e-238b9493b1be", "task_run_name": "validate-leads-b1e", "task_name": "validate-leads", "flow_run_name": "aquamarine-shellfish", "flow_name": "smarthub-data-pull", "container": "prefect-worker"}
{"ts": "2026-08-12T00:15:01.816Z", "level": "INFO", "service": "worker", "logger": "smarthub.core.storage", "msg": "Parquet partition 11-08-2026.parquet: +1799 rows", "container": "prefect-worker"}
{"ts": "2026-08-12T00:15:01.833Z", "level": "INFO", "service": "worker", "logger": "smarthub.core.storage", "msg": "Parquet partition 12-08-2026.parquet: +83 rows", "container": "prefect-worker"}
{"ts": "2026-08-12T00:15:01.839Z", "level": "INFO", "service": "worker", "logger": "prefect.task_runs", "msg": "Finished in state Completed()", "task_run_id": "019ff352-8d8b-798f-bf68-3433ae41c4c4", "flow_run_id": "019ff0ce-34cd-7604-940e-238b9493b1be", "task_run_name": "persist-cfc", "task_name": "persist", "flow_run_name": "aquamarine-shellfish", "flow_name": "smarthub-data-pull", "container": "prefect-worker"}
{"ts": "2026-08-12T00:15:01.864Z", "level": "INFO", "service": "worker", "logger": "httpx", "msg": "HTTP Request: GET http://prefect-server:4200/api/variables/name/smarthub_last_pull_timestamp_home \"HTTP/1.1 200 OK\"", "container": "prefect-worker"}
{"ts": "2026-08-12T00:15:01.875Z", "level": "INFO", "service": "worker", "logger": "httpx", "msg": "HTTP Request: PATCH http://prefect-server:4200/api/variables/name/smarthub_last_pull_timestamp_home \"HTTP/1.1 204 No Content\"", "container": "prefect-worker"}
{"ts": "2026-08-12T00:15:01.887Z", "level": "INFO", "service": "worker", "logger": "httpx", "msg": "HTTP Request: GET http://prefect-server:4200/api/variables/name/smarthub_last_pull_timestamp_home \"HTTP/1.1 200 OK\"", "container": "prefect-worker"}
{"ts": "2026-08-12T00:15:01.889Z", "level": "INFO", "service": "worker", "logger": "prefect.task_runs", "msg": "Finished in state Completed()", "task_run_id": "019ff352-8ed1-70b0-ad32-bbc3de745139", "flow_run_id": "019ff0ce-34cd-7604-940e-238b9493b1be", "task_run_name": "update_watermark-333", "task_name": "update_watermark", "flow_run_name": "aquamarine-shellfish", "flow_name": "smarthub-data-pull", "container": "prefect-worker"}
{"ts": "2026-08-12T00:15:01.889Z", "level": "INFO", "service": "worker", "logger": "prefect.flow_runs", "msg": "[home] persisted {'parquet_rows': 1882, 'parquet_paths': ['/app/data/raw_datasets/leads/2026/08/11-08-2026.parquet', '/app/data/raw_datasets/leads/2026/08/12-08-2026.parquet']}; watermark now 2026-08-12 00:13:59", "flow_run_name": "aquamarine-shellfish", "flow_run_id": "019ff0ce-34cd-7604-940e-238b9493b1be", "flow_name": "smarthub-data-pull", "deployment_name": "data-pull", "container": "prefect-worker"}
{"ts": "2026-08-12T00:15:01.946Z", "level": "INFO", "service": "worker", "logger": "httpx", "msg": "HTTP Request: POST http://prefect-server:4200/api/artifacts/ \"HTTP/1.1 201 Created\"", "container": "prefect-worker"}
{"ts": "2026-08-12T00:15:02.031Z", "level": "INFO", "service": "worker", "logger": "httpx", "msg": "HTTP Request: POST http://prefect-server:4200/api/flow_runs/019ff0ce-34cd-7604-940e-238b9493b1be/set_state \"HTTP/1.1 201 Created\"", "container": "prefect-worker"}
{"ts": "2026-08-12T00:15:02.083Z", "level": "INFO", "service": "worker", "logger": "httpx", "msg": "HTTP Request: GET http://prefect-server:4200/api/csrf-token?client=73a1c635-984a-48e5-aa17-1d86d63d1c53 \"HTTP/1.1 422 Unprocessable Entity\"", "container": "prefect-worker"}
{"ts": "2026-08-12T00:15:02.092Z", "level": "INFO", "service": "worker", "logger": "httpx", "msg": "HTTP Request: POST http://prefect-server:4200/api/logs/ \"HTTP/1.1 201 Created\"", "container": "prefect-worker"}
{"ts": "2026-08-12T00:15:02.809Z", "level": "INFO", "service": "worker", "logger": "prefect.flow_runs", "msg": "Finished in state Completed()", "flow_run_name": "aquamarine-shellfish", "flow_run_id": "019ff0ce-34cd-7604-940e-238b9493b1be", "flow_name": "smarthub-data-pull", "deployment_name": "data-pull", "container": "prefect-worker"}
{"ts": "2026-08-12T00:15:02.817Z", "level": "INFO", "service": "worker", "logger": "httpx", "msg": "HTTP Request: POST http://prefect-server:4200/api/logs/ \"HTTP/1.1 201 Created\"", "container": "prefect-worker"}
{"ts": "2026-08-12T00:15:03.271097218Z", "container": "prefect-worker", "msg": "00:15:03.270 | INFO    | prefect.flow_runs.runner - Process for flow run 'aquamarine-shellfish' exited cleanly."}
{"ts": "2026-08-12T00:29:53.750751141Z", "container": "prefect-worker", "msg": "00:29:53.750 | INFO    | prefect.flow_runs.worker - Worker 'ProcessWorker c27d727b-2d53-4615-accd-1d47578da3c7' submitting flow run '019ff0ce-34e5-7cbb-9add-dee16aa5d306'"}
{"ts": "2026-08-12T00:29:53.893094814Z", "container": "prefect-worker", "msg": "00:29:53.892 | INFO    | prefect.flow_runs.runner - Starting flow run process..."}
{"ts": "2026-08-12T00:29:53.916599382Z", "container": "prefect-worker", "msg": "00:29:53.916 | INFO    | prefect.flow_runs.worker - Flow run 'hungry-bloodhound' submitted to infrastructure"}
{"ts": "2026-08-12T00:29:55.114002292Z", "container": "prefect-worker", "msg": "00:29:55.108 | INFO    | Flow run 'hungry-bloodhound' - Running 1 deployment pull step(s)"}
{"ts": "2026-08-12T00:29:55.135026141Z", "container": "prefect-worker", "msg": "00:29:55.133 | INFO    | Flow run 'hungry-bloodhound' - Executing deployment step: set_working_directory"}
{"ts": "2026-08-12T00:29:55.146639874Z", "container": "prefect-worker", "msg": "00:29:55.146 | INFO    | Flow run 'hungry-bloodhound' - Deployment step 'set_working_directory' completed successfully"}
{"ts": "2026-08-12T00:29:55.160645536Z", "container": "prefect-worker", "msg": "00:29:55.159 | INFO    | Flow run 'hungry-bloodhound' - All deployment steps completed successfully"}
{"ts": "2026-08-12T00:29:55.242Z", "level": "INFO", "service": "worker", "logger": "httpx", "msg": "HTTP Request: GET http://prefect-server:4200/api/admin/version \"HTTP/1.1 200 OK\"", "container": "prefect-worker"}
{"ts": "2026-08-12T00:29:55.245Z", "level": "INFO", "service": "worker", "logger": "httpx", "msg": "HTTP Request: GET http://prefect-server:4200/api/csrf-token?client=0dfea00e-927d-4cbb-9b5e-eb5f07ec71fe \"HTTP/1.1 422 Unprocessable Entity\"", "container": "prefect-worker"}
{"ts": "2026-08-12T00:29:55.250Z", "level": "INFO", "service": "worker", "logger": "httpx", "msg": "HTTP Request: PATCH http://prefect-server:4200/api/flow_runs/019ff0ce-34e5-7cbb-9add-dee16aa5d306 \"HTTP/1.1 204 No Content\"", "container": "prefect-worker"}
{"ts": "2026-08-12T00:29:55.268Z", "level": "INFO", "service": "worker", "logger": "httpx", "msg": "HTTP Request: GET http://prefect-server:4200/api/flow_runs/019ff0ce-34e5-7cbb-9add-dee16aa5d306 \"HTTP/1.1 200 OK\"", "container": "prefect-worker"}
{"ts": "2026-08-12T00:29:55.279Z", "level": "INFO", "service": "worker", "logger": "httpx", "msg": "HTTP Request: POST http://prefect-server:4200/api/flow_runs/019ff0ce-34e5-7cbb-9add-dee16aa5d306/set_state \"HTTP/1.1 200 OK\"", "container": "prefect-worker"}
{"ts": "2026-08-12T00:29:57.120Z", "level": "INFO", "service": "worker", "logger": "httpx", "msg": "HTTP Request: GET http://prefect-server:4200/api/csrf-token?client=a77c21c6-6428-474a-8bb4-ab821f516004 \"HTTP/1.1 422 Unprocessable Entity\"", "container": "prefect-worker"}
{"ts": "2026-08-12T00:29:57.127Z", "level": "INFO", "service": "worker", "logger": "httpx", "msg": "HTTP Request: POST http://prefect-server:4200/api/logs/ \"HTTP/1.1 201 Created\"", "container": "prefect-worker"}
{"ts": "2026-08-12T00:30:00.293Z", "level": "INFO", "service": "worker", "logger": "httpx", "msg": "HTTP Request: POST http://prefect-server:4200/api/flow_runs/019ff0ce-34e5-7cbb-9add-dee16aa5d306/set_state \"HTTP/1.1 201 Created\"", "container": "prefect-worker"}
{"ts": "2026-08-12T00:30:00.298Z", "level": "INFO", "service": "worker", "logger": "httpx", "msg": "HTTP Request: GET http://prefect-server:4200/api/flow_runs/019ff0ce-34e5-7cbb-9add-dee16aa5d306 \"HTTP/1.1 200 OK\"", "container": "prefect-worker"}
{"ts": "2026-08-12T00:30:00.303Z", "level": "INFO", "service": "worker", "logger": "httpx", "msg": "HTTP Request: GET http://prefect-server:4200/api/admin/storage \"HTTP/1.1 200 OK\"", "container": "prefect-worker"}
{"ts": "2026-08-12T00:30:00.306Z", "level": "INFO", "service": "worker", "logger": "httpx", "msg": "HTTP Request: GET http://prefect-server:4200/api/admin/storage \"HTTP/1.1 200 OK\"", "container": "prefect-worker"}
{"ts": "2026-08-12T00:30:00.306Z", "level": "INFO", "service": "worker", "logger": "prefect.flow_runs", "msg": "Beginning flow run 'hungry-bloodhound' for flow 'smarthub-build-features'", "flow_run_name": "hungry-bloodhound", "flow_run_id": "019ff0ce-34e5-7cbb-9add-dee16aa5d306", "flow_name": "smarthub-build-features", "deployment_name": "build-features", "container": "prefect-worker"}
{"ts": "2026-08-12T00:30:00.307Z", "level": "INFO", "service": "worker", "logger": "prefect.flow_runs", "msg": "View at http://prefect-server:4200/runs/flow-run/019ff0ce-34e5-7cbb-9add-dee16aa5d306", "flow_run_name": "hungry-bloodhound", "flow_run_id": "019ff0ce-34e5-7cbb-9add-dee16aa5d306", "flow_name": "smarthub-build-features", "deployment_name": "build-features", "send_to_api": false, "container": "prefect-worker"}
{"ts": "2026-08-12T00:30:00.394Z", "level": "INFO", "service": "worker", "logger": "httpx", "msg": "HTTP Request: GET http://prefect-server:4200/api/flows/ed336d12-897f-42a6-bdf9-d48b8de86b57 \"HTTP/1.1 200 OK\"", "container": "prefect-worker"}
{"ts": "2026-08-12T00:30:00.395Z", "level": "INFO", "service": "worker", "logger": "httpx", "msg": "HTTP Request: GET http://prefect-server:4200/api/work_queues/109a2d50-2dca-4233-a9a5-9ec78fefd79f \"HTTP/1.1 200 OK\"", "container": "prefect-worker"}
{"ts": "2026-08-12T00:30:00.395Z", "level": "INFO", "service": "worker", "logger": "httpx", "msg": "HTTP Request: GET http://prefect-server:4200/api/deployments/8d536def-a82a-4c94-941b-14c2c0468511 \"HTTP/1.1 200 OK\"", "container": "prefect-worker"}
{"ts": "2026-08-12T00:30:00.395Z", "level": "INFO", "service": "worker", "logger": "httpx", "msg": "HTTP Request: GET http://prefect-server:4200/api/work_pools/smarthub-pool \"HTTP/1.1 200 OK\"", "container": "prefect-worker"}
{"ts": "2026-08-12T00:30:01.152Z", "level": "INFO", "service": "worker", "logger": "httpx", "msg": "HTTP Request: POST http://prefect-server:4200/api/logs/ \"HTTP/1.1 201 Created\"", "container": "prefect-worker"}
{"ts": "2026-08-12T00:30:08.861Z", "level": "INFO", "service": "worker", "logger": "prefect.task_runs", "msg": "[auto] training table 2026-08-12T003008Z: 462077 rows, 40 cols -> /app/data/training_datasets/auto/2026-08-12T003008Z.parquet", "task_run_id": "019ff360-4486-7470-ab76-84a5e36be977", "flow_run_id": "019ff0ce-34e5-7cbb-9add-dee16aa5d306", "task_run_name": "build-training-table-14d", "task_name": "build-training-table", "flow_run_name": "hungry-bloodhound", "flow_name": "smarthub-build-features", "container": "prefect-worker"}
{"ts": "2026-08-12T00:30:08.973Z", "level": "INFO", "service": "worker", "logger": "prefect.task_runs", "msg": "Finished in state Completed()", "task_run_id": "019ff360-4486-7470-ab76-84a5e36be977", "flow_run_id": "019ff0ce-34e5-7cbb-9add-dee16aa5d306", "task_run_name": "build-training-table-14d", "task_name": "build-training-table", "flow_run_name": "hungry-bloodhound", "flow_name": "smarthub-build-features", "container": "prefect-worker"}
{"ts": "2026-08-12T00:30:08.995Z", "level": "INFO", "service": "worker", "logger": "httpx", "msg": "HTTP Request: POST http://prefect-server:4200/api/artifacts/ \"HTTP/1.1 201 Created\"", "container": "prefect-worker"}
{"ts": "2026-08-12T00:30:09.167Z", "level": "INFO", "service": "worker", "logger": "httpx", "msg": "HTTP Request: POST http://prefect-server:4200/api/flow_runs/019ff0ce-34e5-7cbb-9add-dee16aa5d306/set_state \"HTTP/1.1 201 Created\"", "container": "prefect-worker"}
{"ts": "2026-08-12T00:30:09.882Z", "level": "INFO", "service": "worker", "logger": "httpx", "msg": "HTTP Request: POST http://prefect-server:4200/api/logs/ \"HTTP/1.1 201 Created\"", "container": "prefect-worker"}
{"ts": "2026-08-12T00:30:09.977Z", "level": "INFO", "service": "worker", "logger": "prefect.flow_runs", "msg": "Finished in state Completed()", "flow_run_name": "hungry-bloodhound", "flow_run_id": "019ff0ce-34e5-7cbb-9add-dee16aa5d306", "flow_name": "smarthub-build-features", "deployment_name": "build-features", "container": "prefect-worker"}
{"ts": "2026-08-12T00:30:09.985Z", "level": "INFO", "service": "worker", "logger": "httpx", "msg": "HTTP Request: POST http://prefect-server:4200/api/logs/ \"HTTP/1.1 201 Created\"", "container": "prefect-worker"}
{"ts": "2026-08-12T00:30:10.285159538Z", "container": "prefect-worker", "msg": "00:30:10.284 | INFO    | prefect.flow_runs.runner - Process for flow run 'hungry-bloodhound' exited cleanly."}
{"ts": "2026-08-12T00:44:54.420918185Z", "container": "prefect-worker", "msg": "00:44:54.420 | INFO    | prefect.flow_runs.worker - Worker 'ProcessWorker c27d727b-2d53-4615-accd-1d47578da3c7' submitting flow run '019ff0db-a216-7a0b-a89d-c9a4f9c787cd'"}
{"ts": "2026-08-12T00:44:54.567445081Z", "container": "prefect-worker", "msg": "00:44:54.566 | INFO    | prefect.flow_runs.runner - Starting flow run process..."}
{"ts": "2026-08-12T00:44:54.591674255Z", "container": "prefect-worker", "msg": "00:44:54.591 | INFO    | prefect.flow_runs.worker - Flow run 'gray-kagu' submitted to infrastructure"}
{"ts": "2026-08-12T00:44:55.778329746Z", "container": "prefect-worker", "msg": "00:44:55.772 | INFO    | Flow run 'gray-kagu' - Running 1 deployment pull step(s)"}
{"ts": "2026-08-12T00:44:55.799387615Z", "container": "prefect-worker", "msg": "00:44:55.798 | INFO    | Flow run 'gray-kagu' - Executing deployment step: set_working_directory"}
{"ts": "2026-08-12T00:44:55.810898528Z", "container": "prefect-worker", "msg": "00:44:55.810 | INFO    | Flow run 'gray-kagu' - Deployment step 'set_working_directory' completed successfully"}
{"ts": "2026-08-12T00:44:55.825027891Z", "container": "prefect-worker", "msg": "00:44:55.824 | INFO    | Flow run 'gray-kagu' - All deployment steps completed successfully"}
{"ts": "2026-08-12T00:44:55.906Z", "level": "INFO", "service": "worker", "logger": "httpx", "msg": "HTTP Request: GET http://prefect-server:4200/api/admin/version \"HTTP/1.1 200 OK\"", "container": "prefect-worker"}
{"ts": "2026-08-12T00:44:55.910Z", "level": "INFO", "service": "worker", "logger": "httpx", "msg": "HTTP Request: GET http://prefect-server:4200/api/csrf-token?client=52a57820-a3ab-45bd-8197-af83a03155d4 \"HTTP/1.1 422 Unprocessable Entity\"", "container": "prefect-worker"}
{"ts": "2026-08-12T00:44:55.915Z", "level": "INFO", "service": "worker", "logger": "httpx", "msg": "HTTP Request: PATCH http://prefect-server:4200/api/flow_runs/019ff0db-a216-7a0b-a89d-c9a4f9c787cd \"HTTP/1.1 204 No Content\"", "container": "prefect-worker"}
{"ts": "2026-08-12T00:44:55.933Z", "level": "INFO", "service": "worker", "logger": "httpx", "msg": "HTTP Request: GET http://prefect-server:4200/api/flow_runs/019ff0db-a216-7a0b-a89d-c9a4f9c787cd \"HTTP/1.1 200 OK\"", "container": "prefect-worker"}
{"ts": "2026-08-12T00:44:55.944Z", "level": "INFO", "service": "worker", "logger": "httpx", "msg": "HTTP Request: POST http://prefect-server:4200/api/flow_runs/019ff0db-a216-7a0b-a89d-c9a4f9c787cd/set_state \"HTTP/1.1 200 OK\"", "container": "prefect-worker"}
{"ts": "2026-08-12T00:44:57.784Z", "level": "INFO", "service": "worker", "logger": "httpx", "msg": "HTTP Request: GET http://prefect-server:4200/api/csrf-token?client=e5dc663f-e1ea-4f8b-b619-93cdabfc57a8 \"HTTP/1.1 422 Unprocessable Entity\"", "container": "prefect-worker"}
{"ts": "2026-08-12T00:44:57.791Z", "level": "INFO", "service": "worker", "logger": "httpx", "msg": "HTTP Request: POST http://prefect-server:4200/api/logs/ \"HTTP/1.1 201 Created\"", "container": "prefect-worker"}
{"ts": "2026-08-12T00:44:59.958Z", "level": "INFO", "service": "worker", "logger": "httpx", "msg": "HTTP Request: POST http://prefect-server:4200/api/flow_runs/019ff0db-a216-7a0b-a89d-c9a4f9c787cd/set_state \"HTTP/1.1 201 Created\"", "container": "prefect-worker"}
{"ts": "2026-08-12T00:44:59.963Z", "level": "INFO", "service": "worker", "logger": "httpx", "msg": "HTTP Request: GET http://prefect-server:4200/api/flow_runs/019ff0db-a216-7a0b-a89d-c9a4f9c787cd \"HTTP/1.1 200 OK\"", "container": "prefect-worker"}
{"ts": "2026-08-12T00:44:59.968Z", "level": "INFO", "service": "worker", "logger": "httpx", "msg": "HTTP Request: GET http://prefect-server:4200/api/admin/storage \"HTTP/1.1 200 OK\"", "container": "prefect-worker"}
{"ts": "2026-08-12T00:44:59.971Z", "level": "INFO", "service": "worker", "logger": "httpx", "msg": "HTTP Request: GET http://prefect-server:4200/api/admin/storage \"HTTP/1.1 200 OK\"", "container": "prefect-worker"}
{"ts": "2026-08-12T00:44:59.971Z", "level": "INFO", "service": "worker", "logger": "prefect.flow_runs", "msg": "Beginning flow run 'gray-kagu' for flow 'smarthub-build-features'", "flow_run_name": "gray-kagu", "flow_run_id": "019ff0db-a216-7a0b-a89d-c9a4f9c787cd", "flow_name": "smarthub-build-features", "deployment_name": "build-features", "container": "prefect-worker"}
{"ts": "2026-08-12T00:44:59.971Z", "level": "INFO", "service": "worker", "logger": "prefect.flow_runs", "msg": "View at http://prefect-server:4200/runs/flow-run/019ff0db-a216-7a0b-a89d-c9a4f9c787cd", "flow_run_name": "gray-kagu", "flow_run_id": "019ff0db-a216-7a0b-a89d-c9a4f9c787cd", "flow_name": "smarthub-build-features", "deployment_name": "build-features", "send_to_api": false, "container": "prefect-worker"}
{"ts": "2026-08-12T00:44:59.993Z", "level": "INFO", "service": "worker", "logger": "httpx", "msg": "HTTP Request: GET http://prefect-server:4200/api/flows/ed336d12-897f-42a6-bdf9-d48b8de86b57 \"HTTP/1.1 200 OK\"", "container": "prefect-worker"}
{"ts": "2026-08-12T00:45:00.060Z", "level": "INFO", "service": "worker", "logger": "httpx", "msg": "HTTP Request: GET http://prefect-server:4200/api/deployments/8d536def-a82a-4c94-941b-14c2c0468511 \"HTTP/1.1 200 OK\"", "container": "prefect-worker"}
{"ts": "2026-08-12T00:45:00.079Z", "level": "INFO", "service": "worker", "logger": "httpx", "msg": "HTTP Request: GET http://prefect-server:4200/api/work_queues/109a2d50-2dca-4233-a9a5-9ec78fefd79f \"HTTP/1.1 200 OK\"", "container": "prefect-worker"}
{"ts": "2026-08-12T00:45:00.080Z", "level": "INFO", "service": "worker", "logger": "httpx", "msg": "HTTP Request: GET http://prefect-server:4200/api/work_pools/smarthub-pool \"HTTP/1.1 200 OK\"", "container": "prefect-worker"}
{"ts": "2026-08-12T00:45:01.805Z", "level": "INFO", "service": "worker", "logger": "httpx", "msg": "HTTP Request: POST http://prefect-server:4200/api/logs/ \"HTTP/1.1 201 Created\"", "container": "prefect-worker"}
{"ts": "2026-08-12T00:45:04.436Z", "level": "INFO", "service": "worker", "logger": "prefect.task_runs", "msg": "[home] training table 2026-08-12T004504Z: 168 rows, 34 cols -> /app/data/training_datasets/home/2026-08-12T004504Z.parquet", "task_run_id": "019ff36d-fed6-7468-8570-f94e07408897", "flow_run_id": "019ff0db-a216-7a0b-a89d-c9a4f9c787cd", "task_run_name": "build-training-table-f51", "task_name": "build-training-table", "flow_run_name": "gray-kagu", "flow_name": "smarthub-build-features", "container": "prefect-worker"}
{"ts": "2026-08-12T00:45:04.582Z", "level": "INFO", "service": "worker", "logger": "prefect.task_runs", "msg": "Finished in state Completed()", "task_run_id": "019ff36d-fed6-7468-8570-f94e07408897", "flow_run_id": "019ff0db-a216-7a0b-a89d-c9a4f9c787cd", "task_run_name": "build-training-table-f51", "task_name": "build-training-table", "flow_run_name": "gray-kagu", "flow_name": "smarthub-build-features", "container": "prefect-worker"}
{"ts": "2026-08-12T00:45:04.604Z", "level": "INFO", "service": "worker", "logger": "httpx", "msg": "HTTP Request: POST http://prefect-server:4200/api/artifacts/ \"HTTP/1.1 201 Created\"", "container": "prefect-worker"}
{"ts": "2026-08-12T00:45:04.692Z", "level": "INFO", "service": "worker", "logger": "httpx", "msg": "HTTP Request: POST http://prefect-server:4200/api/flow_runs/019ff0db-a216-7a0b-a89d-c9a4f9c787cd/set_state \"HTTP/1.1 201 Created\"", "container": "prefect-worker"}
{"ts": "2026-08-12T00:45:05.585Z", "level": "INFO", "service": "worker", "logger": "prefect.flow_runs", "msg": "Finished in state Completed()", "flow_run_name": "gray-kagu", "flow_run_id": "019ff0db-a216-7a0b-a89d-c9a4f9c787cd", "flow_name": "smarthub-build-features", "deployment_name": "build-features", "container": "prefect-worker"}
{"ts": "2026-08-12T00:45:05.593Z", "level": "INFO", "service": "worker", "logger": "httpx", "msg": "HTTP Request: POST http://prefect-server:4200/api/logs/ \"HTTP/1.1 201 Created\"", "container": "prefect-worker"}
{"ts": "2026-08-12T00:45:05.880899486Z", "container": "prefect-worker", "msg": "00:45:05.880 | INFO    | prefect.flow_runs.runner - Process for flow run 'gray-kagu' exited cleanly."}
{"ts": "2026-08-12T03:59:50.898745344Z", "container": "prefect-worker", "msg": "03:59:50.898 | INFO    | prefect.flow_runs.worker - Worker 'ProcessWorker c27d727b-2d53-4615-accd-1d47578da3c7' submitting flow run '019ff18d-aded-7869-98e5-1bf05319a39f'"}
{"ts": "2026-08-12T03:59:51.038377884Z", "container": "prefect-worker", "msg": "03:59:51.037 | INFO    | prefect.flow_runs.runner - Starting flow run process..."}
{"ts": "2026-08-12T03:59:51.061878972Z", "container": "prefect-worker", "msg": "03:59:51.061 | INFO    | prefect.flow_runs.worker - Flow run 'super-gorilla' submitted to infrastructure"}
{"ts": "2026-08-12T03:59:52.247631252Z", "container": "prefect-worker", "msg": "03:59:52.241 | INFO    | Flow run 'super-gorilla' - Running 1 deployment pull step(s)"}
{"ts": "2026-08-12T03:59:52.269411297Z", "container": "prefect-worker", "msg": "03:59:52.268 | INFO    | Flow run 'super-gorilla' - Executing deployment step: set_working_directory"}
{"ts": "2026-08-12T03:59:52.281119571Z", "container": "prefect-worker", "msg": "03:59:52.280 | INFO    | Flow run 'super-gorilla' - Deployment step 'set_working_directory' completed successfully"}
{"ts": "2026-08-12T03:59:52.295621368Z", "container": "prefect-worker", "msg": "03:59:52.294 | INFO    | Flow run 'super-gorilla' - All deployment steps completed successfully"}
{"ts": "2026-08-12T03:59:52.732Z", "level": "INFO", "service": "worker", "logger": "httpx", "msg": "HTTP Request: GET http://prefect-server:4200/api/admin/version \"HTTP/1.1 200 OK\"", "container": "prefect-worker"}
{"ts": "2026-08-12T03:59:52.736Z", "level": "INFO", "service": "worker", "logger": "httpx", "msg": "HTTP Request: GET http://prefect-server:4200/api/csrf-token?client=b2a90f0e-3ec3-47b2-aca1-3f7174f12f6b \"HTTP/1.1 422 Unprocessable Entity\"", "container": "prefect-worker"}
{"ts": "2026-08-12T03:59:52.741Z", "level": "INFO", "service": "worker", "logger": "httpx", "msg": "HTTP Request: PATCH http://prefect-server:4200/api/flow_runs/019ff18d-aded-7869-98e5-1bf05319a39f \"HTTP/1.1 204 No Content\"", "container": "prefect-worker"}
{"ts": "2026-08-12T03:59:52.759Z", "level": "INFO", "service": "worker", "logger": "httpx", "msg": "HTTP Request: GET http://prefect-server:4200/api/flow_runs/019ff18d-aded-7869-98e5-1bf05319a39f \"HTTP/1.1 200 OK\"", "container": "prefect-worker"}
{"ts": "2026-08-12T03:59:52.770Z", "level": "INFO", "service": "worker", "logger": "httpx", "msg": "HTTP Request: POST http://prefect-server:4200/api/flow_runs/019ff18d-aded-7869-98e5-1bf05319a39f/set_state \"HTTP/1.1 200 OK\"", "container": "prefect-worker"}
{"ts": "2026-08-12T03:59:54.254Z", "level": "INFO", "service": "worker", "logger": "httpx", "msg": "HTTP Request: GET http://prefect-server:4200/api/csrf-token?client=c3338213-28fb-41a1-a651-f0e9efbcfa4f \"HTTP/1.1 422 Unprocessable Entity\"", "container": "prefect-worker"}
{"ts": "2026-08-12T03:59:54.261Z", "level": "INFO", "service": "worker", "logger": "httpx", "msg": "HTTP Request: POST http://prefect-server:4200/api/logs/ \"HTTP/1.1 201 Created\"", "container": "prefect-worker"}
{"ts": "2026-08-12T03:59:59.786Z", "level": "INFO", "service": "worker", "logger": "httpx", "msg": "HTTP Request: POST http://prefect-server:4200/api/flow_runs/019ff18d-aded-7869-98e5-1bf05319a39f/set_state \"HTTP/1.1 201 Created\"", "container": "prefect-worker"}
{"ts": "2026-08-12T03:59:59.791Z", "level": "INFO", "service": "worker", "logger": "httpx", "msg": "HTTP Request: GET http://prefect-server:4200/api/flow_runs/019ff18d-aded-7869-98e5-1bf05319a39f \"HTTP/1.1 200 OK\"", "container": "prefect-worker"}
{"ts": "2026-08-12T03:59:59.796Z", "level": "INFO", "service": "worker", "logger": "httpx", "msg": "HTTP Request: GET http://prefect-server:4200/api/admin/storage \"HTTP/1.1 200 OK\"", "container": "prefect-worker"}
{"ts": "2026-08-12T03:59:59.799Z", "level": "INFO", "service": "worker", "logger": "httpx", "msg": "HTTP Request: GET http://prefect-server:4200/api/admin/storage \"HTTP/1.1 200 OK\"", "container": "prefect-worker"}
{"ts": "2026-08-12T03:59:59.799Z", "level": "INFO", "service": "worker", "logger": "prefect.flow_runs", "msg": "Beginning flow run 'super-gorilla' for flow 'smarthub-data-pull'", "flow_run_name": "super-gorilla", "flow_run_id": "019ff18d-aded-7869-98e5-1bf05319a39f", "flow_name": "smarthub-data-pull", "deployment_name": "data-pull", "container": "prefect-worker"}
{"ts": "2026-08-12T03:59:59.799Z", "level": "INFO", "service": "worker", "logger": "prefect.flow_runs", "msg": "View at http://prefect-server:4200/runs/flow-run/019ff18d-aded-7869-98e5-1bf05319a39f", "flow_run_name": "super-gorilla", "flow_run_id": "019ff18d-aded-7869-98e5-1bf05319a39f", "flow_name": "smarthub-data-pull", "deployment_name": "data-pull", "send_to_api": false, "container": "prefect-worker"}
{"ts": "2026-08-12T03:59:59.832Z", "level": "INFO", "service": "worker", "logger": "httpx", "msg": "HTTP Request: GET http://prefect-server:4200/api/flows/c49e248a-be9d-43b9-ad26-cff3b7117b11 \"HTTP/1.1 200 OK\"", "container": "prefect-worker"}
{"ts": "2026-08-12T03:59:59.840Z", "level": "INFO", "service": "worker", "logger": "httpx", "msg": "HTTP Request: GET http://prefect-server:4200/api/work_queues/32c7c4c1-2900-49ee-9a5d-6d3163577ef9 \"HTTP/1.1 200 OK\"", "container": "prefect-worker"}
{"ts": "2026-08-12T03:59:59.841Z", "level": "INFO", "service": "worker", "logger": "httpx", "msg": "HTTP Request: GET http://prefect-server:4200/api/deployments/15dcce44-4b5f-4048-b854-eeba60c3b514 \"HTTP/1.1 200 OK\"", "container": "prefect-worker"}
{"ts": "2026-08-12T03:59:59.843Z", "level": "INFO", "service": "worker", "logger": "httpx", "msg": "HTTP Request: GET http://prefect-server:4200/api/variables/name/smarthub_last_pull_timestamp_auto \"HTTP/1.1 200 OK\"", "container": "prefect-worker"}
{"ts": "2026-08-12T03:59:59.846Z", "level": "INFO", "service": "worker", "logger": "prefect.task_runs", "msg": "Finished in state Completed()", "task_run_id": "019ff420-854b-7173-9833-6db983b6f83e", "flow_run_id": "019ff18d-aded-7869-98e5-1bf05319a39f", "task_run_name": "resolve_window-dfe", "task_name": "resolve_window", "flow_run_name": "super-gorilla", "flow_name": "smarthub-data-pull", "container": "prefect-worker"}
{"ts": "2026-08-12T03:59:59.846Z", "level": "INFO", "service": "worker", "logger": "prefect.flow_runs", "msg": "[auto] pulling window 2026-08-11 22:59:31 -> 2026-08-12 03:59:59", "flow_run_name": "super-gorilla", "flow_run_id": "019ff18d-aded-7869-98e5-1bf05319a39f", "flow_name": "smarthub-data-pull", "deployment_name": "data-pull", "container": "prefect-worker"}
{"ts": "2026-08-12T03:59:59.850Z", "level": "INFO", "service": "worker", "logger": "httpx", "msg": "HTTP Request: GET http://prefect-server:4200/api/variables/name/smarthub_last_pull_timestamp_auto \"HTTP/1.1 200 OK\"", "container": "prefect-worker"}
{"ts": "2026-08-12T03:59:59.854Z", "level": "INFO", "service": "worker", "logger": "smarthub.data_pull.pull", "msg": "SSH_TUNNEL=false -- connecting directly to Redshift smart-hub.c9m7m7mw0tl8.us-east-1.redshift.amazonaws.com:5439", "container": "prefect-worker"}
{"ts": "2026-08-12T03:59:59.863Z", "level": "INFO", "service": "worker", "logger": "httpx", "msg": "HTTP Request: GET http://prefect-server:4200/api/work_pools/smarthub-pool \"HTTP/1.1 200 OK\"", "container": "prefect-worker"}
{"ts": "2026-08-12T04:00:00.052Z", "level": "INFO", "service": "worker", "logger": "alembic.runtime.plugins", "msg": "setup plugin alembic.autogenerate.schemas", "container": "prefect-worker"}
{"ts": "2026-08-12T04:00:00.052Z", "level": "INFO", "service": "worker", "logger": "alembic.runtime.plugins", "msg": "setup plugin alembic.autogenerate.tables", "container": "prefect-worker"}
{"ts": "2026-08-12T04:00:00.053Z", "level": "INFO", "service": "worker", "logger": "alembic.runtime.plugins", "msg": "setup plugin alembic.autogenerate.types", "container": "prefect-worker"}
{"ts": "2026-08-12T04:00:00.053Z", "level": "INFO", "service": "worker", "logger": "alembic.runtime.plugins", "msg": "setup plugin alembic.autogenerate.constraints", "container": "prefect-worker"}
{"ts": "2026-08-12T04:00:00.053Z", "level": "INFO", "service": "worker", "logger": "alembic.runtime.plugins", "msg": "setup plugin alembic.autogenerate.defaults", "container": "prefect-worker"}
{"ts": "2026-08-12T04:00:00.053Z", "level": "INFO", "service": "worker", "logger": "alembic.runtime.plugins", "msg": "setup plugin alembic.autogenerate.comments", "container": "prefect-worker"}
{"ts": "2026-08-12T04:00:00.273Z", "level": "INFO", "service": "worker", "logger": "httpx", "msg": "HTTP Request: POST http://prefect-server:4200/api/logs/ \"HTTP/1.1 201 Created\"", "container": "prefect-worker"}
{"ts": "2026-08-12T04:00:01.124Z", "level": "INFO", "service": "worker", "logger": "smarthub.data_pull.pull", "msg": "Fetched leads frame with shape (9864, 57)", "container": "prefect-worker"}
{"ts": "2026-08-12T04:00:01.126Z", "level": "INFO", "service": "worker", "logger": "prefect.task_runs", "msg": "Finished in state Completed()", "task_run_id": "019ff420-856a-7db9-930a-ae2983bddc79", "flow_run_id": "019ff18d-aded-7869-98e5-1bf05319a39f", "task_run_name": "fetch-0f3", "task_name": "fetch", "flow_run_name": "super-gorilla", "flow_name": "smarthub-data-pull", "container": "prefect-worker"}
{"ts": "2026-08-12T04:00:01.426Z", "level": "INFO", "service": "worker", "logger": "prefect.task_runs", "msg": "data-quality: rows=9,864, status=issues flagged, rule_violation_rows=19,729, cross_field={'current_carrier_when_not_insured': 8331}, high_missing=['accepted', 'accepted_listings', 'annual_revenue', 'erred', 'error_reason_id', 'expected_revenue', 'health_conditions', 'household_income', 'lead_created_at', 'life_coverage_amount', 'life_coverage_type', 'naics_code', 'num_dependents', 'num_employees', 'num_selected_listings', 'pnc_bundle', 'realized_payout', 'rev', 'sic_code', 'won']", "task_run_id": "019ff420-8a67-74b6-9607-484781d82ff2", "flow_run_id": "019ff18d-aded-7869-98e5-1bf05319a39f", "task_run_name": "validate-leads-a31", "task_name": "validate-leads", "flow_run_name": "super-gorilla", "flow_name": "smarthub-data-pull", "container": "prefect-worker"}
{"ts": "2026-08-12T04:00:01.442Z", "level": "INFO", "service": "worker", "logger": "httpx", "msg": "HTTP Request: POST http://prefect-server:4200/api/artifacts/ \"HTTP/1.1 201 Created\"", "container": "prefect-worker"}
{"ts": "2026-08-12T04:00:01.446Z", "level": "INFO", "service": "worker", "logger": "prefect.task_runs", "msg": "Finished in state Completed()", "task_run_id": "019ff420-8a67-74b6-9607-484781d82ff2", "flow_run_id": "019ff18d-aded-7869-98e5-1bf05319a39f", "task_run_name": "validate-leads-a31", "task_name": "validate-leads", "flow_run_name": "super-gorilla", "flow_name": "smarthub-data-pull", "container": "prefect-worker"}
{"ts": "2026-08-12T04:00:01.800Z", "level": "INFO", "service": "worker", "logger": "smarthub.core.storage", "msg": "Parquet partition 11-08-2026.parquet: +2406 rows", "container": "prefect-worker"}
{"ts": "2026-08-12T04:00:01.849Z", "level": "INFO", "service": "worker", "logger": "smarthub.core.storage", "msg": "Parquet partition 12-08-2026.parquet: +7458 rows", "container": "prefect-worker"}
{"ts": "2026-08-12T04:00:01.871Z", "level": "INFO", "service": "worker", "logger": "prefect.task_runs", "msg": "Finished in state Completed()", "task_run_id": "019ff420-8ba6-76e1-b3fa-15bac86c64df", "flow_run_id": "019ff18d-aded-7869-98e5-1bf05319a39f", "task_run_name": "persist-e0a", "task_name": "persist", "flow_run_name": "super-gorilla", "flow_name": "smarthub-data-pull", "container": "prefect-worker"}
{"ts": "2026-08-12T04:00:02.018Z", "level": "INFO", "service": "worker", "logger": "httpx", "msg": "HTTP Request: GET http://prefect-server:4200/api/variables/name/smarthub_last_pull_timestamp_auto \"HTTP/1.1 200 OK\"", "container": "prefect-worker"}
{"ts": "2026-08-12T04:00:02.027Z", "level": "INFO", "service": "worker", "logger": "httpx", "msg": "HTTP Request: PATCH http://prefect-server:4200/api/variables/name/smarthub_last_pull_timestamp_auto \"HTTP/1.1 204 No Content\"", "container": "prefect-worker"}
{"ts": "2026-08-12T04:00:02.029Z", "level": "INFO", "service": "worker", "logger": "httpx", "msg": "HTTP Request: GET http://prefect-server:4200/api/variables/name/smarthub_last_pull_timestamp_auto \"HTTP/1.1 200 OK\"", "container": "prefect-worker"}
{"ts": "2026-08-12T04:00:02.030Z", "level": "INFO", "service": "worker", "logger": "prefect.task_runs", "msg": "Finished in state Completed()", "task_run_id": "019ff420-8d50-744e-940b-2ebeaa57eb56", "flow_run_id": "019ff18d-aded-7869-98e5-1bf05319a39f", "task_run_name": "update_watermark-9f2", "task_name": "update_watermark", "flow_run_name": "super-gorilla", "flow_name": "smarthub-data-pull", "container": "prefect-worker"}
{"ts": "2026-08-12T04:00:02.031Z", "level": "INFO", "service": "worker", "logger": "prefect.flow_runs", "msg": "[auto] persisted {'parquet_rows': 9864, 'parquet_paths': ['/app/data/raw_datasets/leads/2026/08/11-08-2026.parquet', '/app/data/raw_datasets/leads/2026/08/12-08-2026.parquet']}; watermark now 2026-08-12 03:59:49", "flow_run_name": "super-gorilla", "flow_run_id": "019ff18d-aded-7869-98e5-1bf05319a39f", "flow_name": "smarthub-data-pull", "deployment_name": "data-pull", "container": "prefect-worker"}
{"ts": "2026-08-12T04:00:02.091Z", "level": "INFO", "service": "worker", "logger": "httpx", "msg": "HTTP Request: POST http://prefect-server:4200/api/artifacts/ \"HTTP/1.1 201 Created\"", "container": "prefect-worker"}
{"ts": "2026-08-12T04:00:02.193Z", "level": "INFO", "service": "worker", "logger": "httpx", "msg": "HTTP Request: POST http://prefect-server:4200/api/flow_runs/019ff18d-aded-7869-98e5-1bf05319a39f/set_state \"HTTP/1.1 201 Created\"", "container": "prefect-worker"}
{"ts": "2026-08-12T04:00:02.282Z", "level": "INFO", "service": "worker", "logger": "httpx", "msg": "HTTP Request: POST http://prefect-server:4200/api/logs/ \"HTTP/1.1 201 Created\"", "container": "prefect-worker"}
{"ts": "2026-08-12T04:00:02.988Z", "level": "INFO", "service": "worker", "logger": "prefect.flow_runs", "msg": "Finished in state Completed()", "flow_run_name": "super-gorilla", "flow_run_id": "019ff18d-aded-7869-98e5-1bf05319a39f", "flow_name": "smarthub-data-pull", "deployment_name": "data-pull", "container": "prefect-worker"}
{"ts": "2026-08-12T04:00:02.997Z", "level": "INFO", "service": "worker", "logger": "httpx", "msg": "HTTP Request: POST http://prefect-server:4200/api/logs/ \"HTTP/1.1 201 Created\"", "container": "prefect-worker"}
{"ts": "2026-08-12T04:00:03.479623339Z", "container": "prefect-worker", "msg": "04:00:03.478 | INFO    | prefect.flow_runs.runner - Process for flow run 'super-gorilla' exited cleanly."}
{"ts": "2026-08-12T04:14:52.875674630Z", "container": "prefect-worker", "msg": "04:14:52.875 | INFO    | prefect.flow_runs.worker - Worker 'ProcessWorker c27d727b-2d53-4615-accd-1d47578da3c7' submitting flow run '019ff19b-7161-70eb-9a1f-c71c11daf26b'"}
{"ts": "2026-08-12T04:14:53.016221536Z", "container": "prefect-worker", "msg": "04:14:53.015 | INFO    | prefect.flow_runs.runner - Starting flow run process..."}
{"ts": "2026-08-12T04:14:53.039634993Z", "container": "prefect-worker", "msg": "04:14:53.039 | INFO    | prefect.flow_runs.worker - Flow run 'inventive-uakari' submitted to infrastructure"}
{"ts": "2026-08-12T04:14:54.243329751Z", "container": "prefect-worker", "msg": "04:14:54.237 | INFO    | Flow run 'inventive-uakari' - Running 1 deployment pull step(s)"}
{"ts": "2026-08-12T04:14:54.264241799Z", "container": "prefect-worker", "msg": "04:14:54.262 | INFO    | Flow run 'inventive-uakari' - Executing deployment step: set_working_directory"}
{"ts": "2026-08-12T04:14:54.275617880Z", "container": "prefect-worker", "msg": "04:14:54.274 | INFO    | Flow run 'inventive-uakari' - Deployment step 'set_working_directory' completed successfully"}
{"ts": "2026-08-12T04:14:54.289788443Z", "container": "prefect-worker", "msg": "04:14:54.289 | INFO    | Flow run 'inventive-uakari' - All deployment steps completed successfully"}
{"ts": "2026-08-12T04:14:54.733Z", "level": "INFO", "service": "worker", "logger": "httpx", "msg": "HTTP Request: GET http://prefect-server:4200/api/admin/version \"HTTP/1.1 200 OK\"", "container": "prefect-worker"}
{"ts": "2026-08-12T04:14:54.737Z", "level": "INFO", "service": "worker", "logger": "httpx", "msg": "HTTP Request: GET http://prefect-server:4200/api/csrf-token?client=178f5f78-a485-49bc-a609-dee4248d17fb \"HTTP/1.1 422 Unprocessable Entity\"", "container": "prefect-worker"}
{"ts": "2026-08-12T04:14:54.742Z", "level": "INFO", "service": "worker", "logger": "httpx", "msg": "HTTP Request: PATCH http://prefect-server:4200/api/flow_runs/019ff19b-7161-70eb-9a1f-c71c11daf26b \"HTTP/1.1 204 No Content\"", "container": "prefect-worker"}
{"ts": "2026-08-12T04:14:54.762Z", "level": "INFO", "service": "worker", "logger": "httpx", "msg": "HTTP Request: GET http://prefect-server:4200/api/flow_runs/019ff19b-7161-70eb-9a1f-c71c11daf26b \"HTTP/1.1 200 OK\"", "container": "prefect-worker"}
{"ts": "2026-08-12T04:14:54.773Z", "level": "INFO", "service": "worker", "logger": "httpx", "msg": "HTTP Request: POST http://prefect-server:4200/api/flow_runs/019ff19b-7161-70eb-9a1f-c71c11daf26b/set_state \"HTTP/1.1 200 OK\"", "container": "prefect-worker"}
{"ts": "2026-08-12T04:14:56.250Z", "level": "INFO", "service": "worker", "logger": "httpx", "msg": "HTTP Request: GET http://prefect-server:4200/api/csrf-token?client=cf120b78-f9df-40b3-821a-56b83156a4e5 \"HTTP/1.1 422 Unprocessable Entity\"", "container": "prefect-worker"}
{"ts": "2026-08-12T04:14:56.259Z", "level": "INFO", "service": "worker", "logger": "httpx", "msg": "HTTP Request: POST http://prefect-server:4200/api/logs/ \"HTTP/1.1 201 Created\"", "container": "prefect-worker"}
{"ts": "2026-08-12T04:14:59.787Z", "level": "INFO", "service": "worker", "logger": "httpx", "msg": "HTTP Request: POST http://prefect-server:4200/api/flow_runs/019ff19b-7161-70eb-9a1f-c71c11daf26b/set_state \"HTTP/1.1 201 Created\"", "container": "prefect-worker"}
{"ts": "2026-08-12T04:14:59.793Z", "level": "INFO", "service": "worker", "logger": "httpx", "msg": "HTTP Request: GET http://prefect-server:4200/api/flow_runs/019ff19b-7161-70eb-9a1f-c71c11daf26b \"HTTP/1.1 200 OK\"", "container": "prefect-worker"}
{"ts": "2026-08-12T04:14:59.798Z", "level": "INFO", "service": "worker", "logger": "httpx", "msg": "HTTP Request: GET http://prefect-server:4200/api/admin/storage \"HTTP/1.1 200 OK\"", "container": "prefect-worker"}
{"ts": "2026-08-12T04:14:59.800Z", "level": "INFO", "service": "worker", "logger": "httpx", "msg": "HTTP Request: GET http://prefect-server:4200/api/admin/storage \"HTTP/1.1 200 OK\"", "container": "prefect-worker"}
{"ts": "2026-08-12T04:14:59.801Z", "level": "INFO", "service": "worker", "logger": "prefect.flow_runs", "msg": "Beginning flow run 'inventive-uakari' for flow 'smarthub-data-pull'", "flow_run_name": "inventive-uakari", "flow_run_id": "019ff19b-7161-70eb-9a1f-c71c11daf26b", "flow_name": "smarthub-data-pull", "deployment_name": "data-pull", "container": "prefect-worker"}
{"ts": "2026-08-12T04:14:59.801Z", "level": "INFO", "service": "worker", "logger": "prefect.flow_runs", "msg": "View at http://prefect-server:4200/runs/flow-run/019ff19b-7161-70eb-9a1f-c71c11daf26b", "flow_run_name": "inventive-uakari", "flow_run_id": "019ff19b-7161-70eb-9a1f-c71c11daf26b", "flow_name": "smarthub-data-pull", "deployment_name": "data-pull", "send_to_api": false, "container": "prefect-worker"}
{"ts": "2026-08-12T04:14:59.826Z", "level": "INFO", "service": "worker", "logger": "httpx", "msg": "HTTP Request: GET http://prefect-server:4200/api/flows/c49e248a-be9d-43b9-ad26-cff3b7117b11 \"HTTP/1.1 200 OK\"", "container": "prefect-worker"}
{"ts": "2026-08-12T04:14:59.837Z", "level": "INFO", "service": "worker", "logger": "httpx", "msg": "HTTP Request: GET http://prefect-server:4200/api/work_queues/32c7c4c1-2900-49ee-9a5d-6d3163577ef9 \"HTTP/1.1 200 OK\"", "container": "prefect-worker"}
{"ts": "2026-08-12T04:14:59.846Z", "level": "INFO", "service": "worker", "logger": "httpx", "msg": "HTTP Request: GET http://prefect-server:4200/api/deployments/15dcce44-4b5f-4048-b854-eeba60c3b514 \"HTTP/1.1 200 OK\"", "container": "prefect-worker"}
{"ts": "2026-08-12T04:14:59.847Z", "level": "INFO", "service": "worker", "logger": "httpx", "msg": "HTTP Request: GET http://prefect-server:4200/api/work_pools/smarthub-pool \"HTTP/1.1 200 OK\"", "container": "prefect-worker"}
{"ts": "2026-08-12T04:14:59.847Z", "level": "INFO", "service": "worker", "logger": "httpx", "msg": "HTTP Request: GET http://prefect-server:4200/api/variables/name/smarthub_last_pull_timestamp_home \"HTTP/1.1 200 OK\"", "container": "prefect-worker"}
{"ts": "2026-08-12T04:14:59.850Z", "level": "INFO", "service": "worker", "logger": "prefect.task_runs", "msg": "Finished in state Completed()", "task_run_id": "019ff42e-40ed-75c0-ab26-187609f52e5c", "flow_run_id": "019ff19b-7161-70eb-9a1f-c71c11daf26b", "task_run_name": "resolve_window-6c4", "task_name": "resolve_window", "flow_run_name": "inventive-uakari", "flow_name": "smarthub-data-pull", "container": "prefect-worker"}
{"ts": "2026-08-12T04:14:59.850Z", "level": "INFO", "service": "worker", "logger": "prefect.flow_runs", "msg": "[home] pulling window 2026-08-11 23:13:59 -> 2026-08-12 04:14:59", "flow_run_name": "inventive-uakari", "flow_run_id": "019ff19b-7161-70eb-9a1f-c71c11daf26b", "flow_name": "smarthub-data-pull", "deployment_name": "data-pull", "container": "prefect-worker"}
{"ts": "2026-08-12T04:14:59.854Z", "level": "INFO", "service": "worker", "logger": "httpx", "msg": "HTTP Request: GET http://prefect-server:4200/api/variables/name/smarthub_last_pull_timestamp_home \"HTTP/1.1 200 OK\"", "container": "prefect-worker"}
{"ts": "2026-08-12T04:14:59.858Z", "level": "INFO", "service": "worker", "logger": "smarthub.data_pull.pull", "msg": "SSH_TUNNEL=false -- connecting directly to Redshift smart-hub.c9m7m7mw0tl8.us-east-1.redshift.amazonaws.com:5439", "container": "prefect-worker"}
{"ts": "2026-08-12T04:15:00.053Z", "level": "INFO", "service": "worker", "logger": "alembic.runtime.plugins", "msg": "setup plugin alembic.autogenerate.schemas", "container": "prefect-worker"}
{"ts": "2026-08-12T04:15:00.053Z", "level": "INFO", "service": "worker", "logger": "alembic.runtime.plugins", "msg": "setup plugin alembic.autogenerate.tables", "container": "prefect-worker"}
{"ts": "2026-08-12T04:15:00.053Z", "level": "INFO", "service": "worker", "logger": "alembic.runtime.plugins", "msg": "setup plugin alembic.autogenerate.types", "container": "prefect-worker"}
{"ts": "2026-08-12T04:15:00.053Z", "level": "INFO", "service": "worker", "logger": "alembic.runtime.plugins", "msg": "setup plugin alembic.autogenerate.constraints", "container": "prefect-worker"}
{"ts": "2026-08-12T04:15:00.053Z", "level": "INFO", "service": "worker", "logger": "alembic.runtime.plugins", "msg": "setup plugin alembic.autogenerate.defaults", "container": "prefect-worker"}
{"ts": "2026-08-12T04:15:00.053Z", "level": "INFO", "service": "worker", "logger": "alembic.runtime.plugins", "msg": "setup plugin alembic.autogenerate.comments", "container": "prefect-worker"}
{"ts": "2026-08-12T04:15:00.268Z", "level": "INFO", "service": "worker", "logger": "httpx", "msg": "HTTP Request: POST http://prefect-server:4200/api/logs/ \"HTTP/1.1 201 Created\"", "container": "prefect-worker"}
{"ts": "2026-08-12T04:15:00.477Z", "level": "INFO", "service": "worker", "logger": "smarthub.data_pull.pull", "msg": "Fetched leads frame with shape (1391, 57)", "container": "prefect-worker"}
{"ts": "2026-08-12T04:15:00.479Z", "level": "INFO", "service": "worker", "logger": "prefect.task_runs", "msg": "Finished in state Completed()", "task_run_id": "019ff42e-410e-71af-9b68-c6590bc22bb9", "flow_run_id": "019ff19b-7161-70eb-9a1f-c71c11daf26b", "task_run_name": "fetch-0ea", "task_name": "fetch", "flow_run_name": "inventive-uakari", "flow_name": "smarthub-data-pull", "container": "prefect-worker"}
{"ts": "2026-08-12T04:15:00.634Z", "level": "INFO", "service": "worker", "logger": "prefect.task_runs", "msg": "data-quality: rows=1,391, status=issues flagged, rule_violation_rows=2,788, cross_field={'current_carrier_when_not_insured': 1320}, high_missing=['accepted', 'accepted_listings', 'annual_revenue', 'erred', 'error_reason_id', 'health_conditions', 'household_income', 'lead_created_at', 'life_coverage_amount', 'life_coverage_type', 'naics_code', 'num_dependents', 'num_employees', 'num_home_claims', 'pnc_bundle', 'rev', 'sic_code', 'won']", "task_run_id": "019ff42e-437f-7b80-9312-10c319e3c7c3", "flow_run_id": "019ff19b-7161-70eb-9a1f-c71c11daf26b", "task_run_name": "validate-leads-e2e", "task_name": "validate-leads", "flow_run_name": "inventive-uakari", "flow_name": "smarthub-data-pull", "container": "prefect-worker"}
{"ts": "2026-08-12T04:15:00.651Z", "level": "INFO", "service": "worker", "logger": "httpx", "msg": "HTTP Request: POST http://prefect-server:4200/api/artifacts/ \"HTTP/1.1 201 Created\"", "container": "prefect-worker"}
{"ts": "2026-08-12T04:15:00.654Z", "level": "INFO", "service": "worker", "logger": "prefect.task_runs", "msg": "Finished in state Completed()", "task_run_id": "019ff42e-437f-7b80-9312-10c319e3c7c3", "flow_run_id": "019ff19b-7161-70eb-9a1f-c71c11daf26b", "task_run_name": "validate-leads-e2e", "task_name": "validate-leads", "flow_run_name": "inventive-uakari", "flow_name": "smarthub-data-pull", "container": "prefect-worker"}
{"ts": "2026-08-12T04:15:00.955Z", "level": "INFO", "service": "worker", "logger": "smarthub.core.storage", "msg": "Parquet partition 11-08-2026.parquet: +280 rows", "container": "prefect-worker"}
{"ts": "2026-08-12T04:15:01.017Z", "level": "INFO", "service": "worker", "logger": "smarthub.core.storage", "msg": "Parquet partition 12-08-2026.parquet: +1111 rows", "container": "prefect-worker"}
{"ts": "2026-08-12T04:15:01.024Z", "level": "INFO", "service": "worker", "logger": "prefect.task_runs", "msg": "Finished in state Completed()", "task_run_id": "019ff42e-442e-7d9f-9b71-4c9a76497a19", "flow_run_id": "019ff19b-7161-70eb-9a1f-c71c11daf26b", "task_run_name": "persist-a92", "task_name": "persist", "flow_run_name": "inventive-uakari", "flow_name": "smarthub-data-pull", "container": "prefect-worker"}
{"ts": "2026-08-12T04:15:01.046Z", "level": "INFO", "service": "worker", "logger": "httpx", "msg": "HTTP Request: GET http://prefect-server:4200/api/variables/name/smarthub_last_pull_timestamp_home \"HTTP/1.1 200 OK\"", "container": "prefect-worker"}
{"ts": "2026-08-12T04:15:01.058Z", "level": "INFO", "service": "worker", "logger": "httpx", "msg": "HTTP Request: PATCH http://prefect-server:4200/api/variables/name/smarthub_last_pull_timestamp_home \"HTTP/1.1 204 No Content\"", "container": "prefect-worker"}
{"ts": "2026-08-12T04:15:01.061Z", "level": "INFO", "service": "worker", "logger": "httpx", "msg": "HTTP Request: GET http://prefect-server:4200/api/variables/name/smarthub_last_pull_timestamp_home \"HTTP/1.1 200 OK\"", "container": "prefect-worker"}
{"ts": "2026-08-12T04:15:01.062Z", "level": "INFO", "service": "worker", "logger": "prefect.task_runs", "msg": "Finished in state Completed()", "task_run_id": "019ff42e-45a0-7b3d-a9b9-20150336e317", "flow_run_id": "019ff19b-7161-70eb-9a1f-c71c11daf26b", "task_run_name": "update_watermark-ed9", "task_name": "update_watermark", "flow_run_name": "inventive-uakari", "flow_name": "smarthub-data-pull", "container": "prefect-worker"}
{"ts": "2026-08-12T04:15:01.062Z", "level": "INFO", "service": "worker", "logger": "prefect.flow_runs", "msg": "[home] persisted {'parquet_rows': 1391, 'parquet_paths': ['/app/data/raw_datasets/leads/2026/08/11-08-2026.parquet', '/app/data/raw_datasets/leads/2026/08/12-08-2026.parquet']}; watermark now 2026-08-12 04:14:33", "flow_run_name": "inventive-uakari", "flow_run_id": "019ff19b-7161-70eb-9a1f-c71c11daf26b", "flow_name": "smarthub-data-pull", "deployment_name": "data-pull", "container": "prefect-worker"}
{"ts": "2026-08-12T04:15:01.129Z", "level": "INFO", "service": "worker", "logger": "httpx", "msg": "HTTP Request: POST http://prefect-server:4200/api/artifacts/ \"HTTP/1.1 201 Created\"", "container": "prefect-worker"}
{"ts": "2026-08-12T04:15:01.210Z", "level": "INFO", "service": "worker", "logger": "httpx", "msg": "HTTP Request: POST http://prefect-server:4200/api/flow_runs/019ff19b-7161-70eb-9a1f-c71c11daf26b/set_state \"HTTP/1.1 201 Created\"", "container": "prefect-worker"}
{"ts": "2026-08-12T04:15:01.991Z", "level": "INFO", "service": "worker", "logger": "prefect.flow_runs", "msg": "Finished in state Completed()", "flow_run_name": "inventive-uakari", "flow_run_id": "019ff19b-7161-70eb-9a1f-c71c11daf26b", "flow_name": "smarthub-data-pull", "deployment_name": "data-pull", "container": "prefect-worker"}
{"ts": "2026-08-12T04:15:02.002Z", "level": "INFO", "service": "worker", "logger": "httpx", "msg": "HTTP Request: POST http://prefect-server:4200/api/logs/ \"HTTP/1.1 201 Created\"", "container": "prefect-worker"}
{"ts": "2026-08-12T04:15:02.470266343Z", "container": "prefect-worker", "msg": "04:15:02.469 | INFO    | prefect.flow_runs.runner - Process for flow run 'inventive-uakari' exited cleanly."}
{"ts": "2026-08-12T04:29:55.658170014Z", "container": "prefect-worker", "msg": "04:29:55.657 | INFO    | prefect.flow_runs.worker - Worker 'ProcessWorker c27d727b-2d53-4615-accd-1d47578da3c7' submitting flow run '019ff1a9-3309-730c-a825-8480723ca559'"}
{"ts": "2026-08-12T04:29:55.796504623Z", "container": "prefect-worker", "msg": "04:29:55.795 | INFO    | prefect.flow_runs.runner - Starting flow run process..."}
{"ts": "2026-08-12T04:29:55.820200283Z", "container": "prefect-worker", "msg": "04:29:55.819 | INFO    | prefect.flow_runs.worker - Flow run 'large-jackdaw' submitted to infrastructure"}
{"ts": "2026-08-12T04:29:57.031736967Z", "container": "prefect-worker", "msg": "04:29:57.025 | INFO    | Flow run 'large-jackdaw' - Running 1 deployment pull step(s)"}
{"ts": "2026-08-12T04:29:57.053087008Z", "container": "prefect-worker", "msg": "04:29:57.052 | INFO    | Flow run 'large-jackdaw' - Executing deployment step: set_working_directory"}
{"ts": "2026-08-12T04:29:57.064771142Z", "container": "prefect-worker", "msg": "04:29:57.064 | INFO    | Flow run 'large-jackdaw' - Deployment step 'set_working_directory' completed successfully"}
{"ts": "2026-08-12T04:29:57.078666014Z", "container": "prefect-worker", "msg": "04:29:57.078 | INFO    | Flow run 'large-jackdaw' - All deployment steps completed successfully"}
{"ts": "2026-08-12T04:29:57.159Z", "level": "INFO", "service": "worker", "logger": "httpx", "msg": "HTTP Request: GET http://prefect-server:4200/api/admin/version \"HTTP/1.1 200 OK\"", "container": "prefect-worker"}
{"ts": "2026-08-12T04:29:57.162Z", "level": "INFO", "service": "worker", "logger": "httpx", "msg": "HTTP Request: GET http://prefect-server:4200/api/csrf-token?client=8b76df4a-07c1-4b8d-b185-77167de8fef3 \"HTTP/1.1 422 Unprocessable Entity\"", "container": "prefect-worker"}
{"ts": "2026-08-12T04:29:57.168Z", "level": "INFO", "service": "worker", "logger": "httpx", "msg": "HTTP Request: PATCH http://prefect-server:4200/api/flow_runs/019ff1a9-3309-730c-a825-8480723ca559 \"HTTP/1.1 204 No Content\"", "container": "prefect-worker"}
{"ts": "2026-08-12T04:29:57.186Z", "level": "INFO", "service": "worker", "logger": "httpx", "msg": "HTTP Request: GET http://prefect-server:4200/api/flow_runs/019ff1a9-3309-730c-a825-8480723ca559 \"HTTP/1.1 200 OK\"", "container": "prefect-worker"}
{"ts": "2026-08-12T04:29:57.197Z", "level": "INFO", "service": "worker", "logger": "httpx", "msg": "HTTP Request: POST http://prefect-server:4200/api/flow_runs/019ff1a9-3309-730c-a825-8480723ca559/set_state \"HTTP/1.1 200 OK\"", "container": "prefect-worker"}
{"ts": "2026-08-12T04:29:59.038Z", "level": "INFO", "service": "worker", "logger": "httpx", "msg": "HTTP Request: GET http://prefect-server:4200/api/csrf-token?client=29ed580e-b35d-4a21-8db2-357e2c7e4b02 \"HTTP/1.1 422 Unprocessable Entity\"", "container": "prefect-worker"}
{"ts": "2026-08-12T04:29:59.045Z", "level": "INFO", "service": "worker", "logger": "httpx", "msg": "HTTP Request: POST http://prefect-server:4200/api/logs/ \"HTTP/1.1 201 Created\"", "container": "prefect-worker"}
{"ts": "2026-08-12T04:30:00.212Z", "level": "INFO", "service": "worker", "logger": "httpx", "msg": "HTTP Request: POST http://prefect-server:4200/api/flow_runs/019ff1a9-3309-730c-a825-8480723ca559/set_state \"HTTP/1.1 201 Created\"", "container": "prefect-worker"}
{"ts": "2026-08-12T04:30:00.219Z", "level": "INFO", "service": "worker", "logger": "httpx", "msg": "HTTP Request: GET http://prefect-server:4200/api/flow_runs/019ff1a9-3309-730c-a825-8480723ca559 \"HTTP/1.1 200 OK\"", "container": "prefect-worker"}
{"ts": "2026-08-12T04:30:00.224Z", "level": "INFO", "service": "worker", "logger": "httpx", "msg": "HTTP Request: GET http://prefect-server:4200/api/admin/storage \"HTTP/1.1 200 OK\"", "container": "prefect-worker"}
{"ts": "2026-08-12T04:30:00.227Z", "level": "INFO", "service": "worker", "logger": "httpx", "msg": "HTTP Request: GET http://prefect-server:4200/api/admin/storage \"HTTP/1.1 200 OK\"", "container": "prefect-worker"}
{"ts": "2026-08-12T04:30:00.228Z", "level": "INFO", "service": "worker", "logger": "prefect.flow_runs", "msg": "Beginning flow run 'large-jackdaw' for flow 'smarthub-build-features'", "flow_run_name": "large-jackdaw", "flow_run_id": "019ff1a9-3309-730c-a825-8480723ca559", "flow_name": "smarthub-build-features", "deployment_name": "build-features", "container": "prefect-worker"}
{"ts": "2026-08-12T04:30:00.228Z", "level": "INFO", "service": "worker", "logger": "prefect.flow_runs", "msg": "View at http://prefect-server:4200/runs/flow-run/019ff1a9-3309-730c-a825-8480723ca559", "flow_run_name": "large-jackdaw", "flow_run_id": "019ff1a9-3309-730c-a825-8480723ca559", "flow_name": "smarthub-build-features", "deployment_name": "build-features", "send_to_api": false, "container": "prefect-worker"}
{"ts": "2026-08-12T04:30:00.251Z", "level": "INFO", "service": "worker", "logger": "httpx", "msg": "HTTP Request: GET http://prefect-server:4200/api/flows/ed336d12-897f-42a6-bdf9-d48b8de86b57 \"HTTP/1.1 200 OK\"", "container": "prefect-worker"}
{"ts": "2026-08-12T04:30:00.255Z", "level": "INFO", "service": "worker", "logger": "httpx", "msg": "HTTP Request: GET http://prefect-server:4200/api/work_queues/109a2d50-2dca-4233-a9a5-9ec78fefd79f \"HTTP/1.1 200 OK\"", "container": "prefect-worker"}
{"ts": "2026-08-12T04:30:00.323Z", "level": "INFO", "service": "worker", "logger": "httpx", "msg": "HTTP Request: GET http://prefect-server:4200/api/work_pools/smarthub-pool \"HTTP/1.1 200 OK\"", "container": "prefect-worker"}
{"ts": "2026-08-12T04:30:00.324Z", "level": "INFO", "service": "worker", "logger": "httpx", "msg": "HTTP Request: GET http://prefect-server:4200/api/deployments/8d536def-a82a-4c94-941b-14c2c0468511 \"HTTP/1.1 200 OK\"", "container": "prefect-worker"}
{"ts": "2026-08-12T04:30:01.081Z", "level": "INFO", "service": "worker", "logger": "httpx", "msg": "HTTP Request: POST http://prefect-server:4200/api/logs/ \"HTTP/1.1 201 Created\"", "container": "prefect-worker"}
{"ts": "2026-08-12T04:30:08.289Z", "level": "INFO", "service": "worker", "logger": "prefect.task_runs", "msg": "[auto] training table 2026-08-12T043007Z: 461426 rows, 40 cols -> /app/data/training_datasets/auto/2026-08-12T043007Z.parquet", "task_run_id": "019ff43b-fe38-71ce-a5d5-c8c02695bed3", "flow_run_id": "019ff1a9-3309-730c-a825-8480723ca559", "task_run_name": "build-training-table-7e6", "task_name": "build-training-table", "flow_run_name": "large-jackdaw", "flow_name": "smarthub-build-features", "container": "prefect-worker"}
{"ts": "2026-08-12T04:30:08.401Z", "level": "INFO", "service": "worker", "logger": "prefect.task_runs", "msg": "Finished in state Completed()", "task_run_id": "019ff43b-fe38-71ce-a5d5-c8c02695bed3", "flow_run_id": "019ff1a9-3309-730c-a825-8480723ca559", "task_run_name": "build-training-table-7e6", "task_name": "build-training-table", "flow_run_name": "large-jackdaw", "flow_name": "smarthub-build-features", "container": "prefect-worker"}
{"ts": "2026-08-12T04:30:08.421Z", "level": "INFO", "service": "worker", "logger": "httpx", "msg": "HTTP Request: POST http://prefect-server:4200/api/artifacts/ \"HTTP/1.1 201 Created\"", "container": "prefect-worker"}
{"ts": "2026-08-12T04:30:08.589Z", "level": "INFO", "service": "worker", "logger": "httpx", "msg": "HTTP Request: POST http://prefect-server:4200/api/flow_runs/019ff1a9-3309-730c-a825-8480723ca559/set_state \"HTTP/1.1 201 Created\"", "container": "prefect-worker"}
{"ts": "2026-08-12T04:30:09.336Z", "level": "INFO", "service": "worker", "logger": "httpx", "msg": "HTTP Request: POST http://prefect-server:4200/api/logs/ \"HTTP/1.1 201 Created\"", "container": "prefect-worker"}
{"ts": "2026-08-12T04:30:09.404Z", "level": "INFO", "service": "worker", "logger": "prefect.flow_runs", "msg": "Finished in state Completed()", "flow_run_name": "large-jackdaw", "flow_run_id": "019ff1a9-3309-730c-a825-8480723ca559", "flow_name": "smarthub-build-features", "deployment_name": "build-features", "container": "prefect-worker"}
{"ts": "2026-08-12T04:30:09.411Z", "level": "INFO", "service": "worker", "logger": "httpx", "msg": "HTTP Request: POST http://prefect-server:4200/api/logs/ \"HTTP/1.1 201 Created\"", "container": "prefect-worker"}
{"ts": "2026-08-12T04:30:09.701555039Z", "container": "prefect-worker", "msg": "04:30:09.700 | INFO    | prefect.flow_runs.runner - Process for flow run 'large-jackdaw' exited cleanly."}
{"ts": "2026-08-12T04:45:01.177529430Z", "container": "prefect-worker", "msg": "04:45:01.176 | INFO    | prefect.flow_runs.worker - Worker 'ProcessWorker c27d727b-2d53-4615-accd-1d47578da3c7' submitting flow run '019ff1b6-f78a-73d7-9194-e7ac9457c4f9'"}
{"ts": "2026-08-12T04:45:01.310827495Z", "container": "prefect-worker", "msg": "04:45:01.310 | INFO    | prefect.flow_runs.runner - Starting flow run process..."}
{"ts": "2026-08-12T04:45:01.334029630Z", "container": "prefect-worker", "msg": "04:45:01.333 | INFO    | prefect.flow_runs.worker - Flow run 'diligent-seahorse' submitted to infrastructure"}
{"ts": "2026-08-12T04:45:02.509664992Z", "container": "prefect-worker", "msg": "04:45:02.503 | INFO    | Flow run 'diligent-seahorse' - Running 1 deployment pull step(s)"}
{"ts": "2026-08-12T04:45:02.530165746Z", "container": "prefect-worker", "msg": "04:45:02.529 | INFO    | Flow run 'diligent-seahorse' - Executing deployment step: set_working_directory"}
{"ts": "2026-08-12T04:45:02.541774969Z", "container": "prefect-worker", "msg": "04:45:02.541 | INFO    | Flow run 'diligent-seahorse' - Deployment step 'set_working_directory' completed successfully"}
{"ts": "2026-08-12T04:45:02.555382747Z", "container": "prefect-worker", "msg": "04:45:02.554 | INFO    | Flow run 'diligent-seahorse' - All deployment steps completed successfully"}
{"ts": "2026-08-12T04:45:02.635Z", "level": "INFO", "service": "worker", "logger": "httpx", "msg": "HTTP Request: GET http://prefect-server:4200/api/admin/version \"HTTP/1.1 200 OK\"", "container": "prefect-worker"}
{"ts": "2026-08-12T04:45:02.639Z", "level": "INFO", "service": "worker", "logger": "httpx", "msg": "HTTP Request: GET http://prefect-server:4200/api/csrf-token?client=88e6fe08-c199-49d1-b6d3-2717d09d662b \"HTTP/1.1 422 Unprocessable Entity\"", "container": "prefect-worker"}
{"ts": "2026-08-12T04:45:02.653Z", "level": "INFO", "service": "worker", "logger": "httpx", "msg": "HTTP Request: PATCH http://prefect-server:4200/api/flow_runs/019ff1b6-f78a-73d7-9194-e7ac9457c4f9 \"HTTP/1.1 204 No Content\"", "container": "prefect-worker"}
{"ts": "2026-08-12T04:45:02.671Z", "level": "INFO", "service": "worker", "logger": "httpx", "msg": "HTTP Request: GET http://prefect-server:4200/api/flow_runs/019ff1b6-f78a-73d7-9194-e7ac9457c4f9 \"HTTP/1.1 200 OK\"", "container": "prefect-worker"}
{"ts": "2026-08-12T04:45:02.685Z", "level": "INFO", "service": "worker", "logger": "httpx", "msg": "HTTP Request: POST http://prefect-server:4200/api/flow_runs/019ff1b6-f78a-73d7-9194-e7ac9457c4f9/set_state \"HTTP/1.1 201 Created\"", "container": "prefect-worker"}
{"ts": "2026-08-12T04:45:02.691Z", "level": "INFO", "service": "worker", "logger": "httpx", "msg": "HTTP Request: GET http://prefect-server:4200/api/flow_runs/019ff1b6-f78a-73d7-9194-e7ac9457c4f9 \"HTTP/1.1 200 OK\"", "container": "prefect-worker"}
{"ts": "2026-08-12T04:45:02.695Z", "level": "INFO", "service": "worker", "logger": "httpx", "msg": "HTTP Request: GET http://prefect-server:4200/api/admin/storage \"HTTP/1.1 200 OK\"", "container": "prefect-worker"}
{"ts": "2026-08-12T04:45:02.697Z", "level": "INFO", "service": "worker", "logger": "httpx", "msg": "HTTP Request: GET http://prefect-server:4200/api/admin/storage \"HTTP/1.1 200 OK\"", "container": "prefect-worker"}
{"ts": "2026-08-12T04:45:02.698Z", "level": "INFO", "service": "worker", "logger": "prefect.flow_runs", "msg": "Beginning flow run 'diligent-seahorse' for flow 'smarthub-build-features'", "flow_run_name": "diligent-seahorse", "flow_run_id": "019ff1b6-f78a-73d7-9194-e7ac9457c4f9", "flow_name": "smarthub-build-features", "deployment_name": "build-features", "container": "prefect-worker"}
{"ts": "2026-08-12T04:45:02.698Z", "level": "INFO", "service": "worker", "logger": "prefect.flow_runs", "msg": "View at http://prefect-server:4200/runs/flow-run/019ff1b6-f78a-73d7-9194-e7ac9457c4f9", "flow_run_name": "diligent-seahorse", "flow_run_id": "019ff1b6-f78a-73d7-9194-e7ac9457c4f9", "flow_name": "smarthub-build-features", "deployment_name": "build-features", "send_to_api": false, "container": "prefect-worker"}
{"ts": "2026-08-12T04:45:02.720Z", "level": "INFO", "service": "worker", "logger": "httpx", "msg": "HTTP Request: GET http://prefect-server:4200/api/flows/ed336d12-897f-42a6-bdf9-d48b8de86b57 \"HTTP/1.1 200 OK\"", "container": "prefect-worker"}
{"ts": "2026-08-12T04:45:02.792Z", "level": "INFO", "service": "worker", "logger": "httpx", "msg": "HTTP Request: GET http://prefect-server:4200/api/deployments/8d536def-a82a-4c94-941b-14c2c0468511 \"HTTP/1.1 200 OK\"", "container": "prefect-worker"}
{"ts": "2026-08-12T04:45:02.813Z", "level": "INFO", "service": "worker", "logger": "httpx", "msg": "HTTP Request: GET http://prefect-server:4200/api/work_queues/109a2d50-2dca-4233-a9a5-9ec78fefd79f \"HTTP/1.1 200 OK\"", "container": "prefect-worker"}
{"ts": "2026-08-12T04:45:02.813Z", "level": "INFO", "service": "worker", "logger": "httpx", "msg": "HTTP Request: GET http://prefect-server:4200/api/work_pools/smarthub-pool \"HTTP/1.1 200 OK\"", "container": "prefect-worker"}
{"ts": "2026-08-12T04:45:04.550Z", "level": "INFO", "service": "worker", "logger": "httpx", "msg": "HTTP Request: GET http://prefect-server:4200/api/csrf-token?client=a8fa5ef0-0ce5-47a3-a045-0d40f4cb27ca \"HTTP/1.1 422 Unprocessable Entity\"", "container": "prefect-worker"}
{"ts": "2026-08-12T04:45:04.558Z", "level": "INFO", "service": "worker", "logger": "httpx", "msg": "HTTP Request: POST http://prefect-server:4200/api/logs/ \"HTTP/1.1 201 Created\"", "container": "prefect-worker"}
{"ts": "2026-08-12T04:45:06.667Z", "level": "INFO", "service": "worker", "logger": "prefect.task_runs", "msg": "[home] training table 2026-08-12T044506Z: 168 rows, 34 cols -> /app/data/training_datasets/home/2026-08-12T044506Z.parquet", "task_run_id": "019ff449-c37c-75d0-9979-53ed4bf014c4", "flow_run_id": "019ff1b6-f78a-73d7-9194-e7ac9457c4f9", "task_run_name": "build-training-table-dc0", "task_name": "build-training-table", "flow_run_name": "diligent-seahorse", "flow_name": "smarthub-build-features", "container": "prefect-worker"}
{"ts": "2026-08-12T04:45:06.809Z", "level": "INFO", "service": "worker", "logger": "prefect.task_runs", "msg": "Finished in state Completed()", "task_run_id": "019ff449-c37c-75d0-9979-53ed4bf014c4", "flow_run_id": "019ff1b6-f78a-73d7-9194-e7ac9457c4f9", "task_run_name": "build-training-table-dc0", "task_name": "build-training-table", "flow_run_name": "diligent-seahorse", "flow_name": "smarthub-build-features", "container": "prefect-worker"}
{"ts": "2026-08-12T04:45:06.830Z", "level": "INFO", "service": "worker", "logger": "httpx", "msg": "HTTP Request: POST http://prefect-server:4200/api/artifacts/ \"HTTP/1.1 201 Created\"", "container": "prefect-worker"}
{"ts": "2026-08-12T04:45:06.914Z", "level": "INFO", "service": "worker", "logger": "httpx", "msg": "HTTP Request: POST http://prefect-server:4200/api/flow_runs/019ff1b6-f78a-73d7-9194-e7ac9457c4f9/set_state \"HTTP/1.1 201 Created\"", "container": "prefect-worker"}
{"ts": "2026-08-12T04:45:07.811Z", "level": "INFO", "service": "worker", "logger": "prefect.flow_runs", "msg": "Finished in state Completed()", "flow_run_name": "diligent-seahorse", "flow_run_id": "019ff1b6-f78a-73d7-9194-e7ac9457c4f9", "flow_name": "smarthub-build-features", "deployment_name": "build-features", "container": "prefect-worker"}
{"ts": "2026-08-12T04:45:07.821Z", "level": "INFO", "service": "worker", "logger": "httpx", "msg": "HTTP Request: POST http://prefect-server:4200/api/logs/ \"HTTP/1.1 201 Created\"", "container": "prefect-worker"}
{"ts": "2026-08-12T04:45:08.096336055Z", "container": "prefect-worker", "msg": "04:45:08.095 | INFO    | prefect.flow_runs.runner - Process for flow run 'diligent-seahorse' exited cleanly."}
{"ts": "2026-08-12T04:59:56.606355062Z", "container": "prefect-worker", "msg": "04:59:56.605 | INFO    | prefect.flow_runs.worker - Worker 'ProcessWorker c27d727b-2d53-4615-accd-1d47578da3c7' submitting flow run '019ff0ce-487b-71fd-a3ef-974f78cc2f6a'"}
{"ts": "2026-08-12T04:59:56.748602466Z", "container": "prefect-worker", "msg": "04:59:56.748 | INFO    | prefect.flow_runs.runner - Starting flow run process..."}
{"ts": "2026-08-12T04:59:56.773392825Z", "container": "prefect-worker", "msg": "04:59:56.772 | INFO    | prefect.flow_runs.worker - Flow run 'melodic-mule' submitted to infrastructure"}
{"ts": "2026-08-12T04:59:57.954946882Z", "container": "prefect-worker", "msg": "04:59:57.949 | INFO    | Flow run 'melodic-mule' - Running 1 deployment pull step(s)"}
{"ts": "2026-08-12T04:59:57.975334606Z", "container": "prefect-worker", "msg": "04:59:57.974 | INFO    | Flow run 'melodic-mule' - Executing deployment step: set_working_directory"}
{"ts": "2026-08-12T04:59:57.986874469Z", "container": "prefect-worker", "msg": "04:59:57.986 | INFO    | Flow run 'melodic-mule' - Deployment step 'set_working_directory' completed successfully"}
{"ts": "2026-08-12T04:59:58.001005983Z", "container": "prefect-worker", "msg": "04:59:58.000 | INFO    | Flow run 'melodic-mule' - All deployment steps completed successfully"}
{"ts": "2026-08-12T04:59:59.103Z", "level": "ERROR", "service": "worker", "logger": "prefect.flow_runs", "msg": "Engine execution exited with unexpected exception", "flow_run_name": "melodic-mule", "flow_run_id": "019ff0ce-487b-71fd-a3ef-974f78cc2f6a", "flow_name": "<unknown>", "deployment_name": "train-model", "error": {"type": "SignatureMismatchError", "msg": "Function expects parameters ['lead_type_id', 'version', 'register_mlflow'] but was provided with parameters ['lead_type_id', 'lead_type_name', 'register_mlflow']", "fingerprint": "07ae49d4d09d", "stack": "Traceback (most recent call last):\n  File \"/usr/local/lib/python3.12/site-packages/prefect/flow_engine.py\", line 2172, in run_flow\n    parameters=_flow_parameters(\n               ^^^^^^^^^^^^^^^^^\n  File \"/usr/local/lib/python3.12/site-packages/prefect/flow_engine.py\", line 2228, in _flow_parameters\n    call_args, call_kwargs = parameters_to_args_kwargs(flow.fn, parameters)\n                             ^^^^^^^^^^^^^^^^^^^^^^^^^^^^^^^^^^^^^^^^^^^^^^\n  File \"/usr/local/lib/python3.12/site-packages/prefect/utilities/callables/__init__.py\", line 273, in parameters_to_args_kwargs\n    raise SignatureMismatchError.from_bad_params(\nprefect.exceptions.SignatureMismatchError: Function expects parameters ['lead_type_id', 'version', 'register_mlflow'] but was provided with parameters ['lead_type_id', 'lead_type_name', 'register_mlflow']\n"}, "container": "prefect-worker"}
{"ts": "2026-08-12T04:59:59.104Z", "level": "ERROR", "service": "worker", "logger": "prefect.engine", "msg": "Execution of flow run '019ff0ce-487b-71fd-a3ef-974f78cc2f6a' exited with unexpected exception", "error": {"type": "SignatureMismatchError", "msg": "Function expects parameters ['lead_type_id', 'version', 'register_mlflow'] but was provided with parameters ['lead_type_id', 'lead_type_name', 'register_mlflow']", "fingerprint": "85640cbab576", "stack": "Traceback (most recent call last):\n  File \"/usr/local/lib/python3.12/site-packages/prefect/engine.py\", line 87, in handle_engine_signals\n    yield\n  File \"/usr/local/lib/python3.12/site-packages/prefect/engine.py\", line 176, in <module>\n    _run_result: object = run_flow(\n                          ^^^^^^^^^\n  File \"/usr/local/lib/python3.12/site-packages/prefect/flow_engine.py\", line 2172, in run_flow\n    parameters=_flow_parameters(\n               ^^^^^^^^^^^^^^^^^\n  File \"/usr/local/lib/python3.12/site-packages/prefect/flow_engine.py\", line 2228, in _flow_parameters\n    call_args, call_kwargs = parameters_to_args_kwargs(flow.fn, parameters)\n                             ^^^^^^^^^^^^^^^^^^^^^^^^^^^^^^^^^^^^^^^^^^^^^^\n  File \"/usr/local/lib/python3.12/site-packages/prefect/utilities/callables/__init__.py\", line 273, in parameters_to_args_kwargs\n    raise SignatureMismatchError.from_bad_params(\nprefect.exceptions.SignatureMismatchError: Function expects parameters ['lead_type_id', 'version', 'register_mlflow'] but was provided with parameters ['lead_type_id', 'lead_type_name', 'register_mlflow']\n"}, "container": "prefect-worker"}
{"ts": "2026-08-12T04:59:59.110Z", "level": "INFO", "service": "worker", "logger": "httpx", "msg": "HTTP Request: GET http://prefect-server:4200/api/csrf-token?client=b43ad387-8520-470d-8b51-3dee505af107 \"HTTP/1.1 422 Unprocessable Entity\"", "container": "prefect-worker"}
{"ts": "2026-08-12T04:59:59.117Z", "level": "INFO", "service": "worker", "logger": "httpx", "msg": "HTTP Request: POST http://prefect-server:4200/api/logs/ \"HTTP/1.1 201 Created\"", "container": "prefect-worker"}
{"ts": "2026-08-12T04:59:59.563841567Z", "container": "prefect-worker", "msg": "04:59:59.563 | ERROR   | prefect.flow_runs.runner - Process for flow run 'melodic-mule' exited with status code: 1; Process exited with a general error."}
{"ts": "2026-08-12T04:59:59.564226560Z", "container": "prefect-worker", "msg": "04:59:59.563 | INFO    | prefect.flow_runs.runner - Check the flow run logs for an unhandled exception or assertion error."}
{"ts": "2026-08-12T04:59:59.589571024Z", "container": "prefect-worker", "msg": "04:59:59.589 | INFO    | prefect.runner.state_proposer - Reported flow run '019ff0ce-487b-71fd-a3ef-974f78cc2f6a' as crashed: Flow run process exited with non-zero status code 1."}
{"ts": "2026-08-12T04:59:59.597236925Z", "container": "prefect-worker", "msg": "04:59:59.596 | INFO    | prefect.flow_runs.worker - Check the flow run logs for an unhandled exception or assertion error."}
{"ts": "2026-08-12T04:59:59.598694657Z", "container": "prefect-worker", "msg": "04:59:59.598 | INFO    | prefect.flow_runs.runner - Loading flow to check for on_crashed hooks"}
{"ts": "2026-08-12T04:59:59.632291638Z", "container": "prefect-worker", "msg": "04:59:59.631 | INFO    | Flow run 'melodic-mule' - Running 1 deployment pull step(s)"}
{"ts": "2026-08-12T04:59:59.634821868Z", "container": "prefect-worker", "msg": "04:59:59.634 | INFO    | Flow run 'melodic-mule' - Executing deployment step: set_working_directory"}
{"ts": "2026-08-12T04:59:59.645229312Z", "container": "prefect-worker", "msg": "04:59:59.644 | INFO    | Flow run 'melodic-mule' - Deployment step 'set_working_directory' completed successfully"}
{"ts": "2026-08-12T04:59:59.649475396Z", "container": "prefect-worker", "msg": "04:59:59.649 | INFO    | Flow run 'melodic-mule' - All deployment steps completed successfully"}
{"ts": "2026-08-12T05:00:01.283Z", "level": "INFO", "service": "worker", "logger": "httpx", "msg": "HTTP Request: POST http://prefect-server:4200/api/logs/ \"HTTP/1.1 201 Created\"", "container": "prefect-worker"}
{"ts": "2026-08-12T05:00:08.206Z", "level": "INFO", "service": "worker", "logger": "httpx", "msg": "HTTP Request: POST http://prefect-server:4200/api/work_pools/smarthub-pool/get_scheduled_flow_runs \"HTTP/1.1 200 OK\"", "container": "prefect-worker"}
{"ts": "2026-08-12T05:00:19.957Z", "level": "INFO", "service": "worker", "logger": "httpx", "msg": "HTTP Request: POST http://prefect-server:4200/api/work_pools/smarthub-pool/get_scheduled_flow_runs \"HTTP/1.1 200 OK\"", "container": "prefect-worker"}
{"ts": "2026-08-12T05:00:29.659Z", "level": "INFO", "service": "worker", "logger": "httpx", "msg": "HTTP Request: POST http://prefect-server:4200/api/work_pools/smarthub-pool/get_scheduled_flow_runs \"HTTP/1.1 200 OK\"", "container": "prefect-worker"}
{"ts": "2026-08-12T05:00:40.920Z", "level": "INFO", "service": "worker", "logger": "httpx", "msg": "HTTP Request: POST http://prefect-server:4200/api/work_pools/smarthub-pool/get_scheduled_flow_runs \"HTTP/1.1 200 OK\"", "container": "prefect-worker"}
{"ts": "2026-08-12T05:00:51.016Z", "level": "INFO", "service": "worker", "logger": "httpx", "msg": "HTTP Request: POST http://prefect-server:4200/api/work_pools/smarthub-pool/get_scheduled_flow_runs \"HTTP/1.1 200 OK\"", "container": "prefect-worker"}
{"ts": "2026-08-12T05:00:59.485Z", "level": "INFO", "service": "worker", "logger": "httpx", "msg": "HTTP Request: POST http://prefect-server:4200/api/work_pools/smarthub-pool/get_scheduled_flow_runs \"HTTP/1.1 200 OK\"", "container": "prefect-worker"}
{"ts": "2026-08-12T05:01:09.165Z", "level": "INFO", "service": "worker", "logger": "httpx", "msg": "HTTP Request: POST http://prefect-server:4200/api/work_pools/smarthub-pool/get_scheduled_flow_runs \"HTTP/1.1 200 OK\"", "container": "prefect-worker"}
{"ts": "2026-08-12T05:01:19.381Z", "level": "INFO", "service": "worker", "logger": "httpx", "msg": "HTTP Request: POST http://prefect-server:4200/api/work_pools/smarthub-pool/get_scheduled_flow_runs \"HTTP/1.1 200 OK\"", "container": "prefect-worker"}
{"ts": "2026-08-12T05:01:29.906Z", "level": "INFO", "service": "worker", "logger": "httpx", "msg": "HTTP Request: POST http://prefect-server:4200/api/work_pools/smarthub-pool/get_scheduled_flow_runs \"HTTP/1.1 200 OK\"", "container": "prefect-worker"}
{"ts": "2026-08-12T05:01:42.349Z", "level": "INFO", "service": "worker", "logger": "httpx", "msg": "HTTP Request: POST http://prefect-server:4200/api/work_pools/smarthub-pool/get_scheduled_flow_runs \"HTTP/1.1 200 OK\"", "container": "prefect-worker"}
{"ts": "2026-08-12T05:01:51.759Z", "level": "INFO", "service": "worker", "logger": "httpx", "msg": "HTTP Request: POST http://prefect-server:4200/api/work_pools/smarthub-pool/get_scheduled_flow_runs \"HTTP/1.1 200 OK\"", "container": "prefect-worker"}
{"ts": "2026-08-12T05:02:00.661Z", "level": "INFO", "service": "worker", "logger": "httpx", "msg": "HTTP Request: POST http://prefect-server:4200/api/work_pools/smarthub-pool/get_scheduled_flow_runs \"HTTP/1.1 200 OK\"", "container": "prefect-worker"}
{"ts": "2026-08-12T05:02:11.219Z", "level": "INFO", "service": "worker", "logger": "httpx", "msg": "HTTP Request: POST http://prefect-server:4200/api/work_pools/smarthub-pool/get_scheduled_flow_runs \"HTTP/1.1 200 OK\"", "container": "prefect-worker"}
{"ts": "2026-08-12T05:02:22.893Z", "level": "INFO", "service": "worker", "logger": "httpx", "msg": "HTTP Request: POST http://prefect-server:4200/api/work_pools/smarthub-pool/get_scheduled_flow_runs \"HTTP/1.1 200 OK\"", "container": "prefect-worker"}
{"ts": "2026-08-12T05:02:34.484Z", "level": "INFO", "service": "worker", "logger": "httpx", "msg": "HTTP Request: POST http://prefect-server:4200/api/work_pools/smarthub-pool/get_scheduled_flow_runs \"HTTP/1.1 200 OK\"", "container": "prefect-worker"}
{"ts": "2026-08-12T05:02:42.390Z", "level": "INFO", "service": "worker", "logger": "httpx", "msg": "HTTP Request: POST http://prefect-server:4200/api/work_pools/smarthub-pool/get_scheduled_flow_runs \"HTTP/1.1 200 OK\"", "container": "prefect-worker"}
{"ts": "2026-08-12T05:02:53.786Z", "level": "INFO", "service": "worker", "logger": "httpx", "msg": "HTTP Request: POST http://prefect-server:4200/api/work_pools/smarthub-pool/get_scheduled_flow_runs \"HTTP/1.1 200 OK\"", "container": "prefect-worker"}
{"ts": "2026-08-12T05:03:05.381Z", "level": "INFO", "service": "worker", "logger": "httpx", "msg": "HTTP Request: POST http://prefect-server:4200/api/work_pools/smarthub-pool/get_scheduled_flow_runs \"HTTP/1.1 200 OK\"", "container": "prefect-worker"}
{"ts": "2026-08-12T05:03:13.920Z", "level": "INFO", "service": "worker", "logger": "httpx", "msg": "HTTP Request: POST http://prefect-server:4200/api/work_pools/smarthub-pool/get_scheduled_flow_runs \"HTTP/1.1 200 OK\"", "container": "prefect-worker"}
{"ts": "2026-08-12T05:03:22.697Z", "level": "INFO", "service": "worker", "logger": "httpx", "msg": "HTTP Request: POST http://prefect-server:4200/api/work_pools/smarthub-pool/get_scheduled_flow_runs \"HTTP/1.1 200 OK\"", "container": "prefect-worker"}
{"ts": "2026-08-12T05:03:34.244Z", "level": "INFO", "service": "worker", "logger": "httpx", "msg": "HTTP Request: POST http://prefect-server:4200/api/work_pools/smarthub-pool/get_scheduled_flow_runs \"HTTP/1.1 200 OK\"", "container": "prefect-worker"}
{"ts": "2026-08-12T05:03:45.361Z", "level": "INFO", "service": "worker", "logger": "httpx", "msg": "HTTP Request: POST http://prefect-server:4200/api/work_pools/smarthub-pool/get_scheduled_flow_runs \"HTTP/1.1 200 OK\"", "container": "prefect-worker"}
{"ts": "2026-08-12T05:03:56.653Z", "level": "INFO", "service": "worker", "logger": "httpx", "msg": "HTTP Request: POST http://prefect-server:4200/api/work_pools/smarthub-pool/get_scheduled_flow_runs \"HTTP/1.1 200 OK\"", "container": "prefect-worker"}
{"ts": "2026-08-12T05:04:08.603Z", "level": "INFO", "service": "worker", "logger": "httpx", "msg": "HTTP Request: POST http://prefect-server:4200/api/work_pools/smarthub-pool/get_scheduled_flow_runs \"HTTP/1.1 200 OK\"", "container": "prefect-worker"}
{"ts": "2026-08-12T05:04:16.396Z", "level": "INFO", "service": "worker", "logger": "httpx", "msg": "HTTP Request: POST http://prefect-server:4200/api/work_pools/smarthub-pool/get_scheduled_flow_runs \"HTTP/1.1 200 OK\"", "container": "prefect-worker"}
{"ts": "2026-08-12T05:04:27.855Z", "level": "INFO", "service": "worker", "logger": "httpx", "msg": "HTTP Request: POST http://prefect-server:4200/api/work_pools/smarthub-pool/get_scheduled_flow_runs \"HTTP/1.1 200 OK\"", "container": "prefect-worker"}
{"ts": "2026-08-12T05:04:36.429Z", "level": "INFO", "service": "worker", "logger": "httpx", "msg": "HTTP Request: POST http://prefect-server:4200/api/work_pools/smarthub-pool/get_scheduled_flow_runs \"HTTP/1.1 200 OK\"", "container": "prefect-worker"}
{"ts": "2026-08-12T05:04:49.306Z", "level": "INFO", "service": "worker", "logger": "httpx", "msg": "HTTP Request: POST http://prefect-server:4200/api/work_pools/smarthub-pool/get_scheduled_flow_runs \"HTTP/1.1 200 OK\"", "container": "prefect-worker"}
{"ts": "2026-08-12T05:05:00.982Z", "level": "INFO", "service": "worker", "logger": "httpx", "msg": "HTTP Request: POST http://prefect-server:4200/api/work_pools/smarthub-pool/get_scheduled_flow_runs \"HTTP/1.1 200 OK\"", "container": "prefect-worker"}
{"ts": "2026-08-12T05:05:13.008Z", "level": "INFO", "service": "worker", "logger": "httpx", "msg": "HTTP Request: POST http://prefect-server:4200/api/work_pools/smarthub-pool/get_scheduled_flow_runs \"HTTP/1.1 200 OK\"", "container": "prefect-worker"}
{"ts": "2026-08-12T05:05:21.710Z", "level": "INFO", "service": "worker", "logger": "httpx", "msg": "HTTP Request: POST http://prefect-server:4200/api/work_pools/smarthub-pool/get_scheduled_flow_runs \"HTTP/1.1 200 OK\"", "container": "prefect-worker"}
{"ts": "2026-08-12T05:05:31.078Z", "level": "INFO", "service": "worker", "logger": "httpx", "msg": "HTTP Request: POST http://prefect-server:4200/api/work_pools/smarthub-pool/get_scheduled_flow_runs \"HTTP/1.1 200 OK\"", "container": "prefect-worker"}
{"ts": "2026-08-12T05:05:42.921Z", "level": "INFO", "service": "worker", "logger": "httpx", "msg": "HTTP Request: POST http://prefect-server:4200/api/work_pools/smarthub-pool/get_scheduled_flow_runs \"HTTP/1.1 200 OK\"", "container": "prefect-worker"}
{"ts": "2026-08-12T05:05:50.901Z", "level": "INFO", "service": "worker", "logger": "httpx", "msg": "HTTP Request: POST http://prefect-server:4200/api/work_pools/smarthub-pool/get_scheduled_flow_runs \"HTTP/1.1 200 OK\"", "container": "prefect-worker"}
{"ts": "2026-08-12T05:06:02.165Z", "level": "INFO", "service": "worker", "logger": "httpx", "msg": "HTTP Request: POST http://prefect-server:4200/api/work_pools/smarthub-pool/get_scheduled_flow_runs \"HTTP/1.1 200 OK\"", "container": "prefect-worker"}
{"ts": "2026-08-12T05:06:09.962Z", "level": "INFO", "service": "worker", "logger": "httpx", "msg": "HTTP Request: POST http://prefect-server:4200/api/work_pools/smarthub-pool/get_scheduled_flow_runs \"HTTP/1.1 200 OK\"", "container": "prefect-worker"}
{"ts": "2026-08-12T05:06:20.691Z", "level": "INFO", "service": "worker", "logger": "httpx", "msg": "HTTP Request: POST http://prefect-server:4200/api/work_pools/smarthub-pool/get_scheduled_flow_runs \"HTTP/1.1 200 OK\"", "container": "prefect-worker"}
{"ts": "2026-08-12T05:06:28.707Z", "level": "INFO", "service": "worker", "logger": "httpx", "msg": "HTTP Request: POST http://prefect-server:4200/api/work_pools/smarthub-pool/get_scheduled_flow_runs \"HTTP/1.1 200 OK\"", "container": "prefect-worker"}
{"ts": "2026-08-12T05:06:37.916Z", "level": "INFO", "service": "worker", "logger": "httpx", "msg": "HTTP Request: POST http://prefect-server:4200/api/work_pools/smarthub-pool/get_scheduled_flow_runs \"HTTP/1.1 200 OK\"", "container": "prefect-worker"}
{"ts": "2026-08-12T05:06:46.023Z", "level": "INFO", "service": "worker", "logger": "httpx", "msg": "HTTP Request: POST http://prefect-server:4200/api/work_pools/smarthub-pool/get_scheduled_flow_runs \"HTTP/1.1 200 OK\"", "container": "prefect-worker"}
{"ts": "2026-08-12T05:06:53.904Z", "level": "INFO", "service": "worker", "logger": "httpx", "msg": "HTTP Request: POST http://prefect-server:4200/api/work_pools/smarthub-pool/get_scheduled_flow_runs \"HTTP/1.1 200 OK\"", "container": "prefect-worker"}
{"ts": "2026-08-12T05:07:04.635Z", "level": "INFO", "service": "worker", "logger": "httpx", "msg": "HTTP Request: POST http://prefect-server:4200/api/work_pools/smarthub-pool/get_scheduled_flow_runs \"HTTP/1.1 200 OK\"", "container": "prefect-worker"}
{"ts": "2026-08-12T05:07:15.494Z", "level": "INFO", "service": "worker", "logger": "httpx", "msg": "HTTP Request: POST http://prefect-server:4200/api/work_pools/smarthub-pool/get_scheduled_flow_runs \"HTTP/1.1 200 OK\"", "container": "prefect-worker"}
{"ts": "2026-08-12T05:07:23.514Z", "level": "INFO", "service": "worker", "logger": "httpx", "msg": "HTTP Request: POST http://prefect-server:4200/api/work_pools/smarthub-pool/get_scheduled_flow_runs \"HTTP/1.1 200 OK\"", "container": "prefect-worker"}
{"ts": "2026-08-12T05:07:36.285Z", "level": "INFO", "service": "worker", "logger": "httpx", "msg": "HTTP Request: POST http://prefect-server:4200/api/work_pools/smarthub-pool/get_scheduled_flow_runs \"HTTP/1.1 200 OK\"", "container": "prefect-worker"}
{"ts": "2026-08-12T05:07:44.620Z", "level": "INFO", "service": "worker", "logger": "httpx", "msg": "HTTP Request: POST http://prefect-server:4200/api/work_pools/smarthub-pool/get_scheduled_flow_runs \"HTTP/1.1 200 OK\"", "container": "prefect-worker"}
{"ts": "2026-08-12T05:07:53.775Z", "level": "INFO", "service": "worker", "logger": "httpx", "msg": "HTTP Request: POST http://prefect-server:4200/api/work_pools/smarthub-pool/get_scheduled_flow_runs \"HTTP/1.1 200 OK\"", "container": "prefect-worker"}
{"ts": "2026-08-12T05:08:01.951Z", "level": "INFO", "service": "worker", "logger": "httpx", "msg": "HTTP Request: POST http://prefect-server:4200/api/work_pools/smarthub-pool/get_scheduled_flow_runs \"HTTP/1.1 200 OK\"", "container": "prefect-worker"}
{"ts": "2026-08-12T05:08:13.773Z", "level": "INFO", "service": "worker", "logger": "httpx", "msg": "HTTP Request: POST http://prefect-server:4200/api/work_pools/smarthub-pool/get_scheduled_flow_runs \"HTTP/1.1 200 OK\"", "container": "prefect-worker"}
{"ts": "2026-08-12T05:08:24.789Z", "level": "INFO", "service": "worker", "logger": "httpx", "msg": "HTTP Request: POST http://prefect-server:4200/api/work_pools/smarthub-pool/get_scheduled_flow_runs \"HTTP/1.1 200 OK\"", "container": "prefect-worker"}
{"ts": "2026-08-12T05:08:32.503Z", "level": "INFO", "service": "worker", "logger": "httpx", "msg": "HTTP Request: POST http://prefect-server:4200/api/work_pools/smarthub-pool/get_scheduled_flow_runs \"HTTP/1.1 200 OK\"", "container": "prefect-worker"}
{"ts": "2026-08-12T05:08:44.592Z", "level": "INFO", "service": "worker", "logger": "httpx", "msg": "HTTP Request: POST http://prefect-server:4200/api/work_pools/smarthub-pool/get_scheduled_flow_runs \"HTTP/1.1 200 OK\"", "container": "prefect-worker"}
{"ts": "2026-08-12T05:08:55.650Z", "level": "INFO", "service": "worker", "logger": "httpx", "msg": "HTTP Request: POST http://prefect-server:4200/api/work_pools/smarthub-pool/get_scheduled_flow_runs \"HTTP/1.1 200 OK\"", "container": "prefect-worker"}
{"ts": "2026-08-12T05:09:07.849Z", "level": "INFO", "service": "worker", "logger": "httpx", "msg": "HTTP Request: POST http://prefect-server:4200/api/work_pools/smarthub-pool/get_scheduled_flow_runs \"HTTP/1.1 200 OK\"", "container": "prefect-worker"}
{"ts": "2026-08-12T05:09:16.941Z", "level": "INFO", "service": "worker", "logger": "httpx", "msg": "HTTP Request: POST http://prefect-server:4200/api/work_pools/smarthub-pool/get_scheduled_flow_runs \"HTTP/1.1 200 OK\"", "container": "prefect-worker"}
{"ts": "2026-08-12T05:09:28.915Z", "level": "INFO", "service": "worker", "logger": "httpx", "msg": "HTTP Request: POST http://prefect-server:4200/api/work_pools/smarthub-pool/get_scheduled_flow_runs \"HTTP/1.1 200 OK\"", "container": "prefect-worker"}
{"ts": "2026-08-12T05:09:41.593Z", "level": "INFO", "service": "worker", "logger": "httpx", "msg": "HTTP Request: POST http://prefect-server:4200/api/work_pools/smarthub-pool/get_scheduled_flow_runs \"HTTP/1.1 200 OK\"", "container": "prefect-worker"}
{"ts": "2026-08-12T05:09:53.032Z", "level": "INFO", "service": "worker", "logger": "httpx", "msg": "HTTP Request: POST http://prefect-server:4200/api/work_pools/smarthub-pool/get_scheduled_flow_runs \"HTTP/1.1 200 OK\"", "container": "prefect-worker"}
{"ts": "2026-08-12T05:10:03.789Z", "level": "INFO", "service": "worker", "logger": "httpx", "msg": "HTTP Request: POST http://prefect-server:4200/api/work_pools/smarthub-pool/get_scheduled_flow_runs \"HTTP/1.1 200 OK\"", "container": "prefect-worker"}
{"ts": "2026-08-12T05:10:13.288Z", "level": "INFO", "service": "worker", "logger": "httpx", "msg": "HTTP Request: POST http://prefect-server:4200/api/work_pools/smarthub-pool/get_scheduled_flow_runs \"HTTP/1.1 200 OK\"", "container": "prefect-worker"}
{"ts": "2026-08-12T05:10:21.821Z", "level": "INFO", "service": "worker", "logger": "httpx", "msg": "HTTP Request: POST http://prefect-server:4200/api/work_pools/smarthub-pool/get_scheduled_flow_runs \"HTTP/1.1 200 OK\"", "container": "prefect-worker"}
{"ts": "2026-08-12T05:10:34.253Z", "level": "INFO", "service": "worker", "logger": "httpx", "msg": "HTTP Request: POST http://prefect-server:4200/api/work_pools/smarthub-pool/get_scheduled_flow_runs \"HTTP/1.1 200 OK\"", "container": "prefect-worker"}
{"ts": "2026-08-12T05:10:45.320Z", "level": "INFO", "service": "worker", "logger": "httpx", "msg": "HTTP Request: POST http://prefect-server:4200/api/work_pools/smarthub-pool/get_scheduled_flow_runs \"HTTP/1.1 200 OK\"", "container": "prefect-worker"}
{"ts": "2026-08-12T05:10:57.746Z", "level": "INFO", "service": "worker", "logger": "httpx", "msg": "HTTP Request: POST http://prefect-server:4200/api/work_pools/smarthub-pool/get_scheduled_flow_runs \"HTTP/1.1 200 OK\"", "container": "prefect-worker"}
{"ts": "2026-08-12T05:11:07.976Z", "level": "INFO", "service": "worker", "logger": "httpx", "msg": "HTTP Request: POST http://prefect-server:4200/api/work_pools/smarthub-pool/get_scheduled_flow_runs \"HTTP/1.1 200 OK\"", "container": "prefect-worker"}
{"ts": "2026-08-12T05:11:19.680Z", "level": "INFO", "service": "worker", "logger": "httpx", "msg": "HTTP Request: POST http://prefect-server:4200/api/work_pools/smarthub-pool/get_scheduled_flow_runs \"HTTP/1.1 200 OK\"", "container": "prefect-worker"}
{"ts": "2026-08-12T05:11:29.382Z", "level": "INFO", "service": "worker", "logger": "httpx", "msg": "HTTP Request: POST http://prefect-server:4200/api/work_pools/smarthub-pool/get_scheduled_flow_runs \"HTTP/1.1 200 OK\"", "container": "prefect-worker"}
{"ts": "2026-08-12T05:11:38.567Z", "level": "INFO", "service": "worker", "logger": "httpx", "msg": "HTTP Request: POST http://prefect-server:4200/api/work_pools/smarthub-pool/get_scheduled_flow_runs \"HTTP/1.1 200 OK\"", "container": "prefect-worker"}
{"ts": "2026-08-12T05:11:48.523Z", "level": "INFO", "service": "worker", "logger": "httpx", "msg": "HTTP Request: POST http://prefect-server:4200/api/work_pools/smarthub-pool/get_scheduled_flow_runs \"HTTP/1.1 200 OK\"", "container": "prefect-worker"}
{"ts": "2026-08-12T05:12:01.204Z", "level": "INFO", "service": "worker", "logger": "httpx", "msg": "HTTP Request: POST http://prefect-server:4200/api/work_pools/smarthub-pool/get_scheduled_flow_runs \"HTTP/1.1 200 OK\"", "container": "prefect-worker"}
{"ts": "2026-08-12T05:12:11.357Z", "level": "INFO", "service": "worker", "logger": "httpx", "msg": "HTTP Request: POST http://prefect-server:4200/api/work_pools/smarthub-pool/get_scheduled_flow_runs \"HTTP/1.1 200 OK\"", "container": "prefect-worker"}
{"ts": "2026-08-12T05:12:20.958Z", "level": "INFO", "service": "worker", "logger": "httpx", "msg": "HTTP Request: POST http://prefect-server:4200/api/work_pools/smarthub-pool/get_scheduled_flow_runs \"HTTP/1.1 200 OK\"", "container": "prefect-worker"}
{"ts": "2026-08-12T05:12:32.118Z", "level": "INFO", "service": "worker", "logger": "httpx", "msg": "HTTP Request: POST http://prefect-server:4200/api/work_pools/smarthub-pool/get_scheduled_flow_runs \"HTTP/1.1 200 OK\"", "container": "prefect-worker"}
{"ts": "2026-08-12T05:12:42.656Z", "level": "INFO", "service": "worker", "logger": "httpx", "msg": "HTTP Request: POST http://prefect-server:4200/api/work_pools/smarthub-pool/get_scheduled_flow_runs \"HTTP/1.1 200 OK\"", "container": "prefect-worker"}
{"ts": "2026-08-12T05:12:53.666Z", "level": "INFO", "service": "worker", "logger": "httpx", "msg": "HTTP Request: POST http://prefect-server:4200/api/work_pools/smarthub-pool/get_scheduled_flow_runs \"HTTP/1.1 200 OK\"", "container": "prefect-worker"}
{"ts": "2026-08-12T05:13:02.265Z", "level": "INFO", "service": "worker", "logger": "httpx", "msg": "HTTP Request: POST http://prefect-server:4200/api/work_pools/smarthub-pool/get_scheduled_flow_runs \"HTTP/1.1 200 OK\"", "container": "prefect-worker"}
{"ts": "2026-08-12T05:13:10.281Z", "level": "INFO", "service": "worker", "logger": "httpx", "msg": "HTTP Request: POST http://prefect-server:4200/api/work_pools/smarthub-pool/get_scheduled_flow_runs \"HTTP/1.1 200 OK\"", "container": "prefect-worker"}
{"ts": "2026-08-12T05:13:20.913Z", "level": "INFO", "service": "worker", "logger": "httpx", "msg": "HTTP Request: POST http://prefect-server:4200/api/work_pools/smarthub-pool/get_scheduled_flow_runs \"HTTP/1.1 200 OK\"", "container": "prefect-worker"}
{"ts": "2026-08-12T05:13:29.618Z", "level": "INFO", "service": "worker", "logger": "httpx", "msg": "HTTP Request: POST http://prefect-server:4200/api/work_pools/smarthub-pool/get_scheduled_flow_runs \"HTTP/1.1 200 OK\"", "container": "prefect-worker"}
{"ts": "2026-08-12T05:13:38.815Z", "level": "INFO", "service": "worker", "logger": "httpx", "msg": "HTTP Request: POST http://prefect-server:4200/api/work_pools/smarthub-pool/get_scheduled_flow_runs \"HTTP/1.1 200 OK\"", "container": "prefect-worker"}
{"ts": "2026-08-12T05:13:48.463Z", "level": "INFO", "service": "worker", "logger": "httpx", "msg": "HTTP Request: POST http://prefect-server:4200/api/work_pools/smarthub-pool/get_scheduled_flow_runs \"HTTP/1.1 200 OK\"", "container": "prefect-worker"}
{"ts": "2026-08-12T05:14:01.150Z", "level": "INFO", "service": "worker", "logger": "httpx", "msg": "HTTP Request: POST http://prefect-server:4200/api/work_pools/smarthub-pool/get_scheduled_flow_runs \"HTTP/1.1 200 OK\"", "container": "prefect-worker"}
{"ts": "2026-08-12T05:14:10.319Z", "level": "INFO", "service": "worker", "logger": "httpx", "msg": "HTTP Request: POST http://prefect-server:4200/api/work_pools/smarthub-pool/get_scheduled_flow_runs \"HTTP/1.1 200 OK\"", "container": "prefect-worker"}
{"ts": "2026-08-12T05:14:18.992Z", "level": "INFO", "service": "worker", "logger": "httpx", "msg": "HTTP Request: POST http://prefect-server:4200/api/work_pools/smarthub-pool/get_scheduled_flow_runs \"HTTP/1.1 200 OK\"", "container": "prefect-worker"}
{"ts": "2026-08-12T05:14:30.791Z", "level": "INFO", "service": "worker", "logger": "httpx", "msg": "HTTP Request: POST http://prefect-server:4200/api/work_pools/smarthub-pool/get_scheduled_flow_runs \"HTTP/1.1 200 OK\"", "container": "prefect-worker"}
{"ts": "2026-08-12T05:14:42.074Z", "level": "INFO", "service": "worker", "logger": "httpx", "msg": "HTTP Request: POST http://prefect-server:4200/api/work_pools/smarthub-pool/get_scheduled_flow_runs \"HTTP/1.1 200 OK\"", "container": "prefect-worker"}
{"ts": "2026-08-12T05:14:53.132Z", "level": "INFO", "service": "worker", "logger": "httpx", "msg": "HTTP Request: POST http://prefect-server:4200/api/work_pools/smarthub-pool/get_scheduled_flow_runs \"HTTP/1.1 200 OK\"", "container": "prefect-worker"}
{"ts": "2026-08-12T05:15:04.306Z", "level": "INFO", "service": "worker", "logger": "httpx", "msg": "HTTP Request: POST http://prefect-server:4200/api/work_pools/smarthub-pool/get_scheduled_flow_runs \"HTTP/1.1 200 OK\"", "container": "prefect-worker"}
{"ts": "2026-08-12T05:15:12.572Z", "level": "INFO", "service": "worker", "logger": "httpx", "msg": "HTTP Request: POST http://prefect-server:4200/api/work_pools/smarthub-pool/get_scheduled_flow_runs \"HTTP/1.1 200 OK\"", "container": "prefect-worker"}
{"ts": "2026-08-12T05:15:21.877Z", "level": "INFO", "service": "worker", "logger": "httpx", "msg": "HTTP Request: POST http://prefect-server:4200/api/work_pools/smarthub-pool/get_scheduled_flow_runs \"HTTP/1.1 200 OK\"", "container": "prefect-worker"}
{"ts": "2026-08-12T05:15:31.105Z", "level": "INFO", "service": "worker", "logger": "httpx", "msg": "HTTP Request: POST http://prefect-server:4200/api/work_pools/smarthub-pool/get_scheduled_flow_runs \"HTTP/1.1 200 OK\"", "container": "prefect-worker"}
{"ts": "2026-08-12T05:15:41.303Z", "level": "INFO", "service": "worker", "logger": "httpx", "msg": "HTTP Request: POST http://prefect-server:4200/api/work_pools/smarthub-pool/get_scheduled_flow_runs \"HTTP/1.1 200 OK\"", "container": "prefect-worker"}
{"ts": "2026-08-12T05:15:53.881Z", "level": "INFO", "service": "worker", "logger": "httpx", "msg": "HTTP Request: POST http://prefect-server:4200/api/work_pools/smarthub-pool/get_scheduled_flow_runs \"HTTP/1.1 200 OK\"", "container": "prefect-worker"}
{"ts": "2026-08-12T05:16:02.670Z", "level": "INFO", "service": "worker", "logger": "httpx", "msg": "HTTP Request: POST http://prefect-server:4200/api/work_pools/smarthub-pool/get_scheduled_flow_runs \"HTTP/1.1 200 OK\"", "container": "prefect-worker"}
{"ts": "2026-08-12T05:16:13.620Z", "level": "INFO", "service": "worker", "logger": "httpx", "msg": "HTTP Request: POST http://prefect-server:4200/api/work_pools/smarthub-pool/get_scheduled_flow_runs \"HTTP/1.1 200 OK\"", "container": "prefect-worker"}
{"ts": "2026-08-12T05:16:24.258Z", "level": "INFO", "service": "worker", "logger": "httpx", "msg": "HTTP Request: POST http://prefect-server:4200/api/work_pools/smarthub-pool/get_scheduled_flow_runs \"HTTP/1.1 200 OK\"", "container": "prefect-worker"}
{"ts": "2026-08-12T05:16:31.843Z", "level": "INFO", "service": "worker", "logger": "httpx", "msg": "HTTP Request: POST http://prefect-server:4200/api/work_pools/smarthub-pool/get_scheduled_flow_runs \"HTTP/1.1 200 OK\"", "container": "prefect-worker"}
{"ts": "2026-08-12T05:16:41.446Z", "level": "INFO", "service": "worker", "logger": "httpx", "msg": "HTTP Request: POST http://prefect-server:4200/api/work_pools/smarthub-pool/get_scheduled_flow_runs \"HTTP/1.1 200 OK\"", "container": "prefect-worker"}
{"ts": "2026-08-12T05:16:49.920Z", "level": "INFO", "service": "worker", "logger": "httpx", "msg": "HTTP Request: POST http://prefect-server:4200/api/work_pools/smarthub-pool/get_scheduled_flow_runs \"HTTP/1.1 200 OK\"", "container": "prefect-worker"}
{"ts": "2026-08-12T05:17:02.356Z", "level": "INFO", "service": "worker", "logger": "httpx", "msg": "HTTP Request: POST http://prefect-server:4200/api/work_pools/smarthub-pool/get_scheduled_flow_runs \"HTTP/1.1 200 OK\"", "container": "prefect-worker"}
{"ts": "2026-08-12T05:17:12.147Z", "level": "INFO", "service": "worker", "logger": "httpx", "msg": "HTTP Request: POST http://prefect-server:4200/api/work_pools/smarthub-pool/get_scheduled_flow_runs \"HTTP/1.1 200 OK\"", "container": "prefect-worker"}
{"ts": "2026-08-12T05:17:22.171Z", "level": "INFO", "service": "worker", "logger": "httpx", "msg": "HTTP Request: POST http://prefect-server:4200/api/work_pools/smarthub-pool/get_scheduled_flow_runs \"HTTP/1.1 200 OK\"", "container": "prefect-worker"}
{"ts": "2026-08-12T05:17:30.050Z", "level": "INFO", "service": "worker", "logger": "httpx", "msg": "HTTP Request: POST http://prefect-server:4200/api/work_pools/smarthub-pool/get_scheduled_flow_runs \"HTTP/1.1 200 OK\"", "container": "prefect-worker"}
{"ts": "2026-08-12T05:17:40.136Z", "level": "INFO", "service": "worker", "logger": "httpx", "msg": "HTTP Request: POST http://prefect-server:4200/api/work_pools/smarthub-pool/get_scheduled_flow_runs \"HTTP/1.1 200 OK\"", "container": "prefect-worker"}
{"ts": "2026-08-12T05:17:52.187Z", "level": "INFO", "service": "worker", "logger": "httpx", "msg": "HTTP Request: POST http://prefect-server:4200/api/work_pools/smarthub-pool/get_scheduled_flow_runs \"HTTP/1.1 200 OK\"", "container": "prefect-worker"}
{"ts": "2026-08-12T05:18:02.295Z", "level": "INFO", "service": "worker", "logger": "httpx", "msg": "HTTP Request: POST http://prefect-server:4200/api/work_pools/smarthub-pool/get_scheduled_flow_runs \"HTTP/1.1 200 OK\"", "container": "prefect-worker"}
{"ts": "2026-08-12T05:18:14.837Z", "level": "INFO", "service": "worker", "logger": "httpx", "msg": "HTTP Request: POST http://prefect-server:4200/api/work_pools/smarthub-pool/get_scheduled_flow_runs \"HTTP/1.1 200 OK\"", "container": "prefect-worker"}
{"ts": "2026-08-12T05:18:25.503Z", "level": "INFO", "service": "worker", "logger": "httpx", "msg": "HTTP Request: POST http://prefect-server:4200/api/work_pools/smarthub-pool/get_scheduled_flow_runs \"HTTP/1.1 200 OK\"", "container": "prefect-worker"}
{"ts": "2026-08-12T05:18:33.964Z", "level": "INFO", "service": "worker", "logger": "httpx", "msg": "HTTP Request: POST http://prefect-server:4200/api/work_pools/smarthub-pool/get_scheduled_flow_runs \"HTTP/1.1 200 OK\"", "container": "prefect-worker"}
{"ts": "2026-08-12T05:18:45.435Z", "level": "INFO", "service": "worker", "logger": "httpx", "msg": "HTTP Request: POST http://prefect-server:4200/api/work_pools/smarthub-pool/get_scheduled_flow_runs \"HTTP/1.1 200 OK\"", "container": "prefect-worker"}
{"ts": "2026-08-12T05:18:57.517Z", "level": "INFO", "service": "worker", "logger": "httpx", "msg": "HTTP Request: POST http://prefect-server:4200/api/work_pools/smarthub-pool/get_scheduled_flow_runs \"HTTP/1.1 200 OK\"", "container": "prefect-worker"}
{"ts": "2026-08-12T05:19:08.311Z", "level": "INFO", "service": "worker", "logger": "httpx", "msg": "HTTP Request: POST http://prefect-server:4200/api/work_pools/smarthub-pool/get_scheduled_flow_runs \"HTTP/1.1 200 OK\"", "container": "prefect-worker"}
{"ts": "2026-08-12T05:19:19.659Z", "level": "INFO", "service": "worker", "logger": "httpx", "msg": "HTTP Request: POST http://prefect-server:4200/api/work_pools/smarthub-pool/get_scheduled_flow_runs \"HTTP/1.1 200 OK\"", "container": "prefect-worker"}
{"ts": "2026-08-12T05:19:28.324Z", "level": "INFO", "service": "worker", "logger": "httpx", "msg": "HTTP Request: POST http://prefect-server:4200/api/work_pools/smarthub-pool/get_scheduled_flow_runs \"HTTP/1.1 200 OK\"", "container": "prefect-worker"}
{"ts": "2026-08-12T05:19:36.141Z", "level": "INFO", "service": "worker", "logger": "httpx", "msg": "HTTP Request: POST http://prefect-server:4200/api/work_pools/smarthub-pool/get_scheduled_flow_runs \"HTTP/1.1 200 OK\"", "container": "prefect-worker"}
{"ts": "2026-08-12T05:19:47.425Z", "level": "INFO", "service": "worker", "logger": "httpx", "msg": "HTTP Request: POST http://prefect-server:4200/api/work_pools/smarthub-pool/get_scheduled_flow_runs \"HTTP/1.1 200 OK\"", "container": "prefect-worker"}
{"ts": "2026-08-12T05:19:57.437Z", "level": "INFO", "service": "worker", "logger": "httpx", "msg": "HTTP Request: POST http://prefect-server:4200/api/work_pools/smarthub-pool/get_scheduled_flow_runs \"HTTP/1.1 200 OK\"", "container": "prefect-worker"}
{"ts": "2026-08-12T05:19:57.438Z", "level": "INFO", "service": "worker", "logger": "prefect.flow_runs.worker", "msg": "Worker 'ProcessWorker c27d727b-2d53-4615-accd-1d47578da3c7' submitting flow run '019ff0ce-487b-7c02-be5d-2f13095168ef'", "flow_run_name": "ecstatic-vole", "flow_run_id": "019ff0ce-487b-7c02-be5d-2f13095168ef", "flow_name": "<unknown>", "deployment_name": null, "worker_name": "ProcessWorker c27d727b-2d53-4615-accd-1d47578da3c7", "work_pool_name": "smarthub-pool", "work_pool_id": "39ec39e1-9474-4f11-8d83-5fab43991140", "container": "prefect-worker"}
{"ts": "2026-08-12T05:19:57.460Z", "level": "INFO", "service": "worker", "logger": "httpx", "msg": "HTTP Request: GET http://prefect-server:4200/api/deployments/f2af7572-283e-43ab-bfa3-0ad7cee08503 \"HTTP/1.1 200 OK\"", "container": "prefect-worker"}
{"ts": "2026-08-12T05:19:57.503Z", "level": "INFO", "service": "worker", "logger": "httpx", "msg": "HTTP Request: POST http://prefect-server:4200/api/flow_runs/019ff0ce-487b-7c02-be5d-2f13095168ef/set_state \"HTTP/1.1 201 Created\"", "container": "prefect-worker"}
{"ts": "2026-08-12T05:19:57.521Z", "level": "INFO", "service": "worker", "logger": "httpx", "msg": "HTTP Request: GET http://prefect-server:4200/api/deployments/f2af7572-283e-43ab-bfa3-0ad7cee08503 \"HTTP/1.1 200 OK\"", "container": "prefect-worker"}
{"ts": "2026-08-12T05:19:57.531Z", "level": "INFO", "service": "worker", "logger": "httpx", "msg": "HTTP Request: GET http://prefect-server:4200/api/flows/b482d204-61dd-4cd6-bc87-1c0295ffdd50 \"HTTP/1.1 200 OK\"", "container": "prefect-worker"}
{"ts": "2026-08-12T05:19:57.563Z", "level": "INFO", "service": "worker", "logger": "httpx", "msg": "HTTP Request: PATCH http://prefect-server:4200/api/flow_runs/019ff0ce-487b-7c02-be5d-2f13095168ef/labels \"HTTP/1.1 204 No Content\"", "container": "prefect-worker"}
{"ts": "2026-08-12T05:19:57.579Z", "level": "INFO", "service": "worker", "logger": "httpx", "msg": "HTTP Request: POST http://prefect-server:4200/api/flow_runs/019ff0ce-487b-7c02-be5d-2f13095168ef/set_state \"HTTP/1.1 201 Created\"", "container": "prefect-worker"}
{"ts": "2026-08-12T05:19:57.588Z", "level": "INFO", "service": "worker", "logger": "httpx", "msg": "HTTP Request: GET http://prefect-server:4200/api/flow_runs/019ff0ce-487b-7c02-be5d-2f13095168ef \"HTTP/1.1 200 OK\"", "container": "prefect-worker"}
{"ts": "2026-08-12T05:19:57.589Z", "level": "INFO", "service": "worker", "logger": "prefect.flow_runs.runner", "msg": "Starting flow run process...", "flow_run_name": "ecstatic-vole", "flow_run_id": "019ff0ce-487b-7c02-be5d-2f13095168ef", "flow_name": "<unknown>", "deployment_name": null, "runner_name": "runner-40b9e116-8c35-40ab-8ea1-47ef39198160", "container": "prefect-worker"}
{"ts": "2026-08-12T05:19:57.612Z", "level": "INFO", "service": "worker", "logger": "httpx", "msg": "HTTP Request: PATCH http://prefect-server:4200/api/flow_runs/019ff0ce-487b-7c02-be5d-2f13095168ef \"HTTP/1.1 204 No Content\"", "container": "prefect-worker"}
{"ts": "2026-08-12T05:19:57.612Z", "level": "INFO", "service": "worker", "logger": "prefect.flow_runs.worker", "msg": "Flow run 'ecstatic-vole' submitted to infrastructure", "flow_run_name": "ecstatic-vole", "flow_run_id": "019ff0ce-487b-7c02-be5d-2f13095168ef", "flow_name": "<unknown>", "deployment_name": null, "worker_name": "ProcessWorker c27d727b-2d53-4615-accd-1d47578da3c7", "work_pool_name": "smarthub-pool", "work_pool_id": "39ec39e1-9474-4f11-8d83-5fab43991140", "container": "prefect-worker"}
{"ts": "2026-08-12T05:19:57.636Z", "level": "INFO", "service": "worker", "logger": "httpx", "msg": "HTTP Request: POST http://prefect-server:4200/api/logs/ \"HTTP/1.1 201 Created\"", "container": "prefect-worker"}
{"ts": "2026-08-12T05:19:58.810083232Z", "container": "prefect-worker", "msg": "05:19:58.804 | INFO    | Flow run 'ecstatic-vole' - Running 1 deployment pull step(s)"}
{"ts": "2026-08-12T05:19:58.830636397Z", "container": "prefect-worker", "msg": "05:19:58.829 | INFO    | Flow run 'ecstatic-vole' - Executing deployment step: set_working_directory"}
{"ts": "2026-08-12T05:19:58.842215369Z", "container": "prefect-worker", "msg": "05:19:58.841 | INFO    | Flow run 'ecstatic-vole' - Deployment step 'set_working_directory' completed successfully"}
{"ts": "2026-08-12T05:19:58.856554114Z", "container": "prefect-worker", "msg": "05:19:58.855 | INFO    | Flow run 'ecstatic-vole' - All deployment steps completed successfully"}
{"ts": "2026-08-12T05:19:59.993Z", "level": "ERROR", "service": "worker", "logger": "prefect.flow_runs", "msg": "Engine execution exited with unexpected exception", "flow_run_name": "ecstatic-vole", "flow_run_id": "019ff0ce-487b-7c02-be5d-2f13095168ef", "flow_name": "<unknown>", "deployment_name": "train-model", "error": {"type": "SignatureMismatchError", "msg": "Function expects parameters ['lead_type_id', 'version', 'register_mlflow'] but was provided with parameters ['lead_type_id', 'lead_type_name', 'register_mlflow']", "fingerprint": "07ae49d4d09d", "stack": "Traceback (most recent call last):\n  File \"/usr/local/lib/python3.12/site-packages/prefect/flow_engine.py\", line 2172, in run_flow\n    parameters=_flow_parameters(\n               ^^^^^^^^^^^^^^^^^\n  File \"/usr/local/lib/python3.12/site-packages/prefect/flow_engine.py\", line 2228, in _flow_parameters\n    call_args, call_kwargs = parameters_to_args_kwargs(flow.fn, parameters)\n                             ^^^^^^^^^^^^^^^^^^^^^^^^^^^^^^^^^^^^^^^^^^^^^^\n  File \"/usr/local/lib/python3.12/site-packages/prefect/utilities/callables/__init__.py\", line 273, in parameters_to_args_kwargs\n    raise SignatureMismatchError.from_bad_params(\nprefect.exceptions.SignatureMismatchError: Function expects parameters ['lead_type_id', 'version', 'register_mlflow'] but was provided with parameters ['lead_type_id', 'lead_type_name', 'register_mlflow']\n"}, "container": "prefect-worker"}
{"ts": "2026-08-12T05:19:59.995Z", "level": "ERROR", "service": "worker", "logger": "prefect.engine", "msg": "Execution of flow run '019ff0ce-487b-7c02-be5d-2f13095168ef' exited with unexpected exception", "error": {"type": "SignatureMismatchError", "msg": "Function expects parameters ['lead_type_id', 'version', 'register_mlflow'] but was provided with parameters ['lead_type_id', 'lead_type_name', 'register_mlflow']", "fingerprint": "85640cbab576", "stack": "Traceback (most recent call last):\n  File \"/usr/local/lib/python3.12/site-packages/prefect/engine.py\", line 87, in handle_engine_signals\n    yield\n  File \"/usr/local/lib/python3.12/site-packages/prefect/engine.py\", line 176, in <module>\n    _run_result: object = run_flow(\n                          ^^^^^^^^^\n  File \"/usr/local/lib/python3.12/site-packages/prefect/flow_engine.py\", line 2172, in run_flow\n    parameters=_flow_parameters(\n               ^^^^^^^^^^^^^^^^^\n  File \"/usr/local/lib/python3.12/site-packages/prefect/flow_engine.py\", line 2228, in _flow_parameters\n    call_args, call_kwargs = parameters_to_args_kwargs(flow.fn, parameters)\n                             ^^^^^^^^^^^^^^^^^^^^^^^^^^^^^^^^^^^^^^^^^^^^^^\n  File \"/usr/local/lib/python3.12/site-packages/prefect/utilities/callables/__init__.py\", line 273, in parameters_to_args_kwargs\n    raise SignatureMismatchError.from_bad_params(\nprefect.exceptions.SignatureMismatchError: Function expects parameters ['lead_type_id', 'version', 'register_mlflow'] but was provided with parameters ['lead_type_id', 'lead_type_name', 'register_mlflow']\n"}, "container": "prefect-worker"}
{"ts": "2026-08-12T05:20:00.000Z", "level": "INFO", "service": "worker", "logger": "httpx", "msg": "HTTP Request: GET http://prefect-server:4200/api/csrf-token?client=5035a360-6ccc-4203-8652-1d5a35b61000 \"HTTP/1.1 422 Unprocessable Entity\"", "container": "prefect-worker"}
{"ts": "2026-08-12T05:20:00.009Z", "level": "INFO", "service": "worker", "logger": "httpx", "msg": "HTTP Request: POST http://prefect-server:4200/api/logs/ \"HTTP/1.1 201 Created\"", "container": "prefect-worker"}
{"ts": "2026-08-12T05:20:00.486Z", "level": "ERROR", "service": "worker", "logger": "prefect.flow_runs.runner", "msg": "Process for flow run 'ecstatic-vole' exited with status code: 1; Process exited with a general error.", "flow_run_name": "ecstatic-vole", "flow_run_id": "019ff0ce-487b-7c02-be5d-2f13095168ef", "flow_name": "<unknown>", "deployment_name": null, "runner_name": "runner-40b9e116-8c35-40ab-8ea1-47ef39198160", "container": "prefect-worker"}
{"ts": "2026-08-12T05:20:00.487Z", "level": "INFO", "service": "worker", "logger": "prefect.flow_runs.runner", "msg": "Check the flow run logs for an unhandled exception or assertion error.", "flow_run_name": "ecstatic-vole", "flow_run_id": "019ff0ce-487b-7c02-be5d-2f13095168ef", "flow_name": "<unknown>", "deployment_name": null, "runner_name": "runner-40b9e116-8c35-40ab-8ea1-47ef39198160", "container": "prefect-worker"}
{"ts": "2026-08-12T05:20:00.510Z", "level": "INFO", "service": "worker", "logger": "httpx", "msg": "HTTP Request: POST http://prefect-server:4200/api/flow_runs/019ff0ce-487b-7c02-be5d-2f13095168ef/set_state \"HTTP/1.1 201 Created\"", "container": "prefect-worker"}
{"ts": "2026-08-12T05:20:00.511Z", "level": "INFO", "service": "worker", "logger": "prefect.runner.state_proposer", "msg": "Reported flow run '019ff0ce-487b-7c02-be5d-2f13095168ef' as crashed: Flow run process exited with non-zero status code 1.", "container": "prefect-worker"}
{"ts": "2026-08-12T05:20:00.516Z", "level": "INFO", "service": "worker", "logger": "httpx", "msg": "HTTP Request: GET http://prefect-server:4200/api/flow_runs/019ff0ce-487b-7c02-be5d-2f13095168ef \"HTTP/1.1 200 OK\"", "container": "prefect-worker"}
{"ts": "2026-08-12T05:20:00.517Z", "level": "INFO", "service": "worker", "logger": "prefect.flow_runs.runner", "msg": "Loading flow to check for on_crashed hooks", "flow_run_name": "ecstatic-vole", "flow_run_id": "019ff0ce-487b-7c02-be5d-2f13095168ef", "flow_name": "<unknown>", "deployment_name": null, "runner_name": "runner-40b9e116-8c35-40ab-8ea1-47ef39198160", "container": "prefect-worker"}
{"ts": "2026-08-12T05:20:00.543Z", "level": "INFO", "service": "worker", "logger": "httpx", "msg": "HTTP Request: GET http://prefect-server:4200/api/deployments/f2af7572-283e-43ab-bfa3-0ad7cee08503 \"HTTP/1.1 200 OK\"", "container": "prefect-worker"}
{"ts": "2026-08-12T05:20:00.550Z", "level": "INFO", "service": "worker", "logger": "prefect.flow_runs", "msg": "Running 1 deployment pull step(s)", "flow_run_name": "ecstatic-vole", "flow_run_id": "019ff0ce-487b-7c02-be5d-2f13095168ef", "flow_name": "<unknown>", "deployment_name": null, "container": "prefect-worker"}
{"ts": "2026-08-12T05:20:00.550Z", "level": "INFO", "service": "worker", "logger": "prefect.flow_runs", "msg": "Executing deployment step: set_working_directory", "flow_run_name": "ecstatic-vole", "flow_run_id": "019ff0ce-487b-7c02-be5d-2f13095168ef", "flow_name": "<unknown>", "deployment_name": null, "container": "prefect-worker"}
{"ts": "2026-08-12T05:20:00.562Z", "level": "INFO", "service": "worker", "logger": "httpx", "msg": "HTTP Request: POST http://prefect-server:4200/api/flow_runs/019ff0ce-487b-7c02-be5d-2f13095168ef/set_state \"HTTP/1.1 200 OK\"", "container": "prefect-worker"}
{"ts": "2026-08-12T05:20:00.562Z", "level": "INFO", "service": "worker", "logger": "prefect.flow_runs.worker", "msg": "Check the flow run logs for an unhandled exception or assertion error.", "flow_run_name": "ecstatic-vole", "flow_run_id": "019ff0ce-487b-7c02-be5d-2f13095168ef", "flow_name": "<unknown>", "deployment_name": null, "worker_name": "ProcessWorker c27d727b-2d53-4615-accd-1d47578da3c7", "work_pool_name": "smarthub-pool", "work_pool_id": "39ec39e1-9474-4f11-8d83-5fab43991140", "container": "prefect-worker"}
{"ts": "2026-08-12T05:20:00.563Z", "level": "INFO", "service": "worker", "logger": "prefect.flow_runs", "msg": "Deployment step 'set_working_directory' completed successfully", "flow_run_name": "ecstatic-vole", "flow_run_id": "019ff0ce-487b-7c02-be5d-2f13095168ef", "flow_name": "<unknown>", "deployment_name": null, "container": "prefect-worker"}
{"ts": "2026-08-12T05:20:00.568Z", "level": "INFO", "service": "worker", "logger": "prefect.flow_runs", "msg": "All deployment steps completed successfully", "flow_run_name": "ecstatic-vole", "flow_run_id": "019ff0ce-487b-7c02-be5d-2f13095168ef", "flow_name": "<unknown>", "deployment_name": null, "container": "prefect-worker"}
{"ts": "2026-08-12T05:20:01.648Z", "level": "INFO", "service": "worker", "logger": "httpx", "msg": "HTTP Request: POST http://prefect-server:4200/api/logs/ \"HTTP/1.1 201 Created\"", "container": "prefect-worker"}
{"ts": "2026-08-12T05:20:05.737Z", "level": "INFO", "service": "worker", "logger": "httpx", "msg": "HTTP Request: POST http://prefect-server:4200/api/work_pools/smarthub-pool/get_scheduled_flow_runs \"HTTP/1.1 200 OK\"", "container": "prefect-worker"}
{"ts": "2026-08-12T05:20:14.657Z", "level": "INFO", "service": "worker", "logger": "httpx", "msg": "HTTP Request: POST http://prefect-server:4200/api/work_pools/smarthub-pool/get_scheduled_flow_runs \"HTTP/1.1 200 OK\"", "container": "prefect-worker"}
{"ts": "2026-08-12T05:20:24.651Z", "level": "INFO", "service": "worker", "logger": "httpx", "msg": "HTTP Request: POST http://prefect-server:4200/api/work_pools/smarthub-pool/get_scheduled_flow_runs \"HTTP/1.1 200 OK\"", "container": "prefect-worker"}
{"ts": "2026-08-12T05:20:33.349Z", "level": "INFO", "service": "worker", "logger": "httpx", "msg": "HTTP Request: POST http://prefect-server:4200/api/work_pools/smarthub-pool/get_scheduled_flow_runs \"HTTP/1.1 200 OK\"", "container": "prefect-worker"}
{"ts": "2026-08-12T05:20:42.169Z", "level": "INFO", "service": "worker", "logger": "httpx", "msg": "HTTP Request: POST http://prefect-server:4200/api/work_pools/smarthub-pool/get_scheduled_flow_runs \"HTTP/1.1 200 OK\"", "container": "prefect-worker"}
{"ts": "2026-08-12T05:20:52.651Z", "level": "INFO", "service": "worker", "logger": "httpx", "msg": "HTTP Request: POST http://prefect-server:4200/api/work_pools/smarthub-pool/get_scheduled_flow_runs \"HTTP/1.1 200 OK\"", "container": "prefect-worker"}
{"ts": "2026-08-12T05:21:01.053Z", "level": "INFO", "service": "worker", "logger": "httpx", "msg": "HTTP Request: POST http://prefect-server:4200/api/work_pools/smarthub-pool/get_scheduled_flow_runs \"HTTP/1.1 200 OK\"", "container": "prefect-worker"}
{"ts": "2026-08-12T05:21:09.417Z", "level": "INFO", "service": "worker", "logger": "httpx", "msg": "HTTP Request: POST http://prefect-server:4200/api/work_pools/smarthub-pool/get_scheduled_flow_runs \"HTTP/1.1 200 OK\"", "container": "prefect-worker"}
{"ts": "2026-08-12T05:21:18.743Z", "level": "INFO", "service": "worker", "logger": "httpx", "msg": "HTTP Request: POST http://prefect-server:4200/api/work_pools/smarthub-pool/get_scheduled_flow_runs \"HTTP/1.1 200 OK\"", "container": "prefect-worker"}
{"ts": "2026-08-12T05:21:31.502Z", "level": "INFO", "service": "worker", "logger": "httpx", "msg": "HTTP Request: POST http://prefect-server:4200/api/work_pools/smarthub-pool/get_scheduled_flow_runs \"HTTP/1.1 200 OK\"", "container": "prefect-worker"}
{"ts": "2026-08-12T05:21:39.163Z", "level": "INFO", "service": "worker", "logger": "httpx", "msg": "HTTP Request: POST http://prefect-server:4200/api/work_pools/smarthub-pool/get_scheduled_flow_runs \"HTTP/1.1 200 OK\"", "container": "prefect-worker"}
{"ts": "2026-08-12T05:21:48.535Z", "level": "INFO", "service": "worker", "logger": "httpx", "msg": "HTTP Request: POST http://prefect-server:4200/api/work_pools/smarthub-pool/get_scheduled_flow_runs \"HTTP/1.1 200 OK\"", "container": "prefect-worker"}
{"ts": "2026-08-12T05:21:57.775Z", "level": "INFO", "service": "worker", "logger": "httpx", "msg": "HTTP Request: POST http://prefect-server:4200/api/work_pools/smarthub-pool/get_scheduled_flow_runs \"HTTP/1.1 200 OK\"", "container": "prefect-worker"}
{"ts": "2026-08-12T05:22:07.137Z", "level": "INFO", "service": "worker", "logger": "httpx", "msg": "HTTP Request: POST http://prefect-server:4200/api/work_pools/smarthub-pool/get_scheduled_flow_runs \"HTTP/1.1 200 OK\"", "container": "prefect-worker"}
{"ts": "2026-08-12T05:22:19.064Z", "level": "INFO", "service": "worker", "logger": "httpx", "msg": "HTTP Request: POST http://prefect-server:4200/api/work_pools/smarthub-pool/get_scheduled_flow_runs \"HTTP/1.1 200 OK\"", "container": "prefect-worker"}
{"ts": "2026-08-12T05:22:27.969Z", "level": "INFO", "service": "worker", "logger": "httpx", "msg": "HTTP Request: POST http://prefect-server:4200/api/work_pools/smarthub-pool/get_scheduled_flow_runs \"HTTP/1.1 200 OK\"", "container": "prefect-worker"}
{"ts": "2026-08-12T05:22:36.914Z", "level": "INFO", "service": "worker", "logger": "httpx", "msg": "HTTP Request: POST http://prefect-server:4200/api/work_pools/smarthub-pool/get_scheduled_flow_runs \"HTTP/1.1 200 OK\"", "container": "prefect-worker"}
{"ts": "2026-08-12T05:22:47.071Z", "level": "INFO", "service": "worker", "logger": "httpx", "msg": "HTTP Request: POST http://prefect-server:4200/api/work_pools/smarthub-pool/get_scheduled_flow_runs \"HTTP/1.1 200 OK\"", "container": "prefect-worker"}
{"ts": "2026-08-12T05:22:57.941Z", "level": "INFO", "service": "worker", "logger": "httpx", "msg": "HTTP Request: POST http://prefect-server:4200/api/work_pools/smarthub-pool/get_scheduled_flow_runs \"HTTP/1.1 200 OK\"", "container": "prefect-worker"}
{"ts": "2026-08-12T05:23:08.346Z", "level": "INFO", "service": "worker", "logger": "httpx", "msg": "HTTP Request: POST http://prefect-server:4200/api/work_pools/smarthub-pool/get_scheduled_flow_runs \"HTTP/1.1 200 OK\"", "container": "prefect-worker"}
{"ts": "2026-08-12T05:23:16.462Z", "level": "INFO", "service": "worker", "logger": "httpx", "msg": "HTTP Request: POST http://prefect-server:4200/api/work_pools/smarthub-pool/get_scheduled_flow_runs \"HTTP/1.1 200 OK\"", "container": "prefect-worker"}
{"ts": "2026-08-12T05:23:25.218Z", "level": "INFO", "service": "worker", "logger": "httpx", "msg": "HTTP Request: POST http://prefect-server:4200/api/work_pools/smarthub-pool/get_scheduled_flow_runs \"HTTP/1.1 200 OK\"", "container": "prefect-worker"}
{"ts": "2026-08-12T05:23:34.262Z", "level": "INFO", "service": "worker", "logger": "httpx", "msg": "HTTP Request: POST http://prefect-server:4200/api/work_pools/smarthub-pool/get_scheduled_flow_runs \"HTTP/1.1 200 OK\"", "container": "prefect-worker"}
{"ts": "2026-08-12T05:23:44.892Z", "level": "INFO", "service": "worker", "logger": "httpx", "msg": "HTTP Request: POST http://prefect-server:4200/api/work_pools/smarthub-pool/get_scheduled_flow_runs \"HTTP/1.1 200 OK\"", "container": "prefect-worker"}
{"ts": "2026-08-12T05:23:52.757Z", "level": "INFO", "service": "worker", "logger": "httpx", "msg": "HTTP Request: POST http://prefect-server:4200/api/work_pools/smarthub-pool/get_scheduled_flow_runs \"HTTP/1.1 200 OK\"", "container": "prefect-worker"}
{"ts": "2026-08-12T05:24:01.099Z", "level": "INFO", "service": "worker", "logger": "httpx", "msg": "HTTP Request: POST http://prefect-server:4200/api/work_pools/smarthub-pool/get_scheduled_flow_runs \"HTTP/1.1 200 OK\"", "container": "prefect-worker"}
{"ts": "2026-08-12T05:24:12.889Z", "level": "INFO", "service": "worker", "logger": "httpx", "msg": "HTTP Request: POST http://prefect-server:4200/api/work_pools/smarthub-pool/get_scheduled_flow_runs \"HTTP/1.1 200 OK\"", "container": "prefect-worker"}
{"ts": "2026-08-12T05:24:24.319Z", "level": "INFO", "service": "worker", "logger": "httpx", "msg": "HTTP Request: POST http://prefect-server:4200/api/work_pools/smarthub-pool/get_scheduled_flow_runs \"HTTP/1.1 200 OK\"", "container": "prefect-worker"}
{"ts": "2026-08-12T05:24:32.372Z", "level": "INFO", "service": "worker", "logger": "httpx", "msg": "HTTP Request: POST http://prefect-server:4200/api/work_pools/smarthub-pool/get_scheduled_flow_runs \"HTTP/1.1 200 OK\"", "container": "prefect-worker"}
{"ts": "2026-08-12T05:24:43.337Z", "level": "INFO", "service": "worker", "logger": "httpx", "msg": "HTTP Request: POST http://prefect-server:4200/api/work_pools/smarthub-pool/get_scheduled_flow_runs \"HTTP/1.1 200 OK\"", "container": "prefect-worker"}
{"ts": "2026-08-12T05:24:51.075Z", "level": "INFO", "service": "worker", "logger": "httpx", "msg": "HTTP Request: POST http://prefect-server:4200/api/work_pools/smarthub-pool/get_scheduled_flow_runs \"HTTP/1.1 200 OK\"", "container": "prefect-worker"}
{"ts": "2026-08-12T05:25:00.149Z", "level": "INFO", "service": "worker", "logger": "httpx", "msg": "HTTP Request: POST http://prefect-server:4200/api/work_pools/smarthub-pool/get_scheduled_flow_runs \"HTTP/1.1 200 OK\"", "container": "prefect-worker"}
{"ts": "2026-08-12T05:25:07.759Z", "level": "INFO", "service": "worker", "logger": "httpx", "msg": "HTTP Request: POST http://prefect-server:4200/api/work_pools/smarthub-pool/get_scheduled_flow_runs \"HTTP/1.1 200 OK\"", "container": "prefect-worker"}
{"ts": "2026-08-12T05:25:17.995Z", "level": "INFO", "service": "worker", "logger": "httpx", "msg": "HTTP Request: POST http://prefect-server:4200/api/work_pools/smarthub-pool/get_scheduled_flow_runs \"HTTP/1.1 200 OK\"", "container": "prefect-worker"}
{"ts": "2026-08-12T05:25:25.633Z", "level": "INFO", "service": "worker", "logger": "httpx", "msg": "HTTP Request: POST http://prefect-server:4200/api/work_pools/smarthub-pool/get_scheduled_flow_runs \"HTTP/1.1 200 OK\"", "container": "prefect-worker"}
{"ts": "2026-08-12T05:25:34.726Z", "level": "INFO", "service": "worker", "logger": "httpx", "msg": "HTTP Request: POST http://prefect-server:4200/api/work_pools/smarthub-pool/get_scheduled_flow_runs \"HTTP/1.1 200 OK\"", "container": "prefect-worker"}
{"ts": "2026-08-12T05:25:47.650Z", "level": "INFO", "service": "worker", "logger": "httpx", "msg": "HTTP Request: POST http://prefect-server:4200/api/work_pools/smarthub-pool/get_scheduled_flow_runs \"HTTP/1.1 200 OK\"", "container": "prefect-worker"}
{"ts": "2026-08-12T05:25:55.700Z", "level": "INFO", "service": "worker", "logger": "httpx", "msg": "HTTP Request: POST http://prefect-server:4200/api/work_pools/smarthub-pool/get_scheduled_flow_runs \"HTTP/1.1 200 OK\"", "container": "prefect-worker"}
{"ts": "2026-08-12T05:26:07.393Z", "level": "INFO", "service": "worker", "logger": "httpx", "msg": "HTTP Request: POST http://prefect-server:4200/api/work_pools/smarthub-pool/get_scheduled_flow_runs \"HTTP/1.1 200 OK\"", "container": "prefect-worker"}
{"ts": "2026-08-12T05:26:16.582Z", "level": "INFO", "service": "worker", "logger": "httpx", "msg": "HTTP Request: POST http://prefect-server:4200/api/work_pools/smarthub-pool/get_scheduled_flow_runs \"HTTP/1.1 200 OK\"", "container": "prefect-worker"}
{"ts": "2026-08-12T05:26:25.174Z", "level": "INFO", "service": "worker", "logger": "httpx", "msg": "HTTP Request: POST http://prefect-server:4200/api/work_pools/smarthub-pool/get_scheduled_flow_runs \"HTTP/1.1 200 OK\"", "container": "prefect-worker"}
{"ts": "2026-08-12T05:26:34.045Z", "level": "INFO", "service": "worker", "logger": "httpx", "msg": "HTTP Request: POST http://prefect-server:4200/api/work_pools/smarthub-pool/get_scheduled_flow_runs \"HTTP/1.1 200 OK\"", "container": "prefect-worker"}
{"ts": "2026-08-12T05:26:42.429Z", "level": "INFO", "service": "worker", "logger": "httpx", "msg": "HTTP Request: POST http://prefect-server:4200/api/work_pools/smarthub-pool/get_scheduled_flow_runs \"HTTP/1.1 200 OK\"", "container": "prefect-worker"}
{"ts": "2026-08-12T05:26:54.876Z", "level": "INFO", "service": "worker", "logger": "httpx", "msg": "HTTP Request: POST http://prefect-server:4200/api/work_pools/smarthub-pool/get_scheduled_flow_runs \"HTTP/1.1 200 OK\"", "container": "prefect-worker"}
{"ts": "2026-08-12T05:27:06.293Z", "level": "INFO", "service": "worker", "logger": "httpx", "msg": "HTTP Request: POST http://prefect-server:4200/api/work_pools/smarthub-pool/get_scheduled_flow_runs \"HTTP/1.1 200 OK\"", "container": "prefect-worker"}
{"ts": "2026-08-12T05:27:14.780Z", "level": "INFO", "service": "worker", "logger": "httpx", "msg": "HTTP Request: POST http://prefect-server:4200/api/work_pools/smarthub-pool/get_scheduled_flow_runs \"HTTP/1.1 200 OK\"", "container": "prefect-worker"}
{"ts": "2026-08-12T05:27:25.299Z", "level": "INFO", "service": "worker", "logger": "httpx", "msg": "HTTP Request: POST http://prefect-server:4200/api/work_pools/smarthub-pool/get_scheduled_flow_runs \"HTTP/1.1 200 OK\"", "container": "prefect-worker"}
{"ts": "2026-08-12T05:27:37.668Z", "level": "INFO", "service": "worker", "logger": "httpx", "msg": "HTTP Request: POST http://prefect-server:4200/api/work_pools/smarthub-pool/get_scheduled_flow_runs \"HTTP/1.1 200 OK\"", "container": "prefect-worker"}
{"ts": "2026-08-12T05:27:49.471Z", "level": "INFO", "service": "worker", "logger": "httpx", "msg": "HTTP Request: POST http://prefect-server:4200/api/work_pools/smarthub-pool/get_scheduled_flow_runs \"HTTP/1.1 200 OK\"", "container": "prefect-worker"}
{"ts": "2026-08-12T05:27:59.125Z", "level": "INFO", "service": "worker", "logger": "httpx", "msg": "HTTP Request: POST http://prefect-server:4200/api/work_pools/smarthub-pool/get_scheduled_flow_runs \"HTTP/1.1 200 OK\"", "container": "prefect-worker"}
{"ts": "2026-08-12T05:28:11.978Z", "level": "INFO", "service": "worker", "logger": "httpx", "msg": "HTTP Request: POST http://prefect-server:4200/api/work_pools/smarthub-pool/get_scheduled_flow_runs \"HTTP/1.1 200 OK\"", "container": "prefect-worker"}
{"ts": "2026-08-12T05:28:22.633Z", "level": "INFO", "service": "worker", "logger": "httpx", "msg": "HTTP Request: POST http://prefect-server:4200/api/work_pools/smarthub-pool/get_scheduled_flow_runs \"HTTP/1.1 200 OK\"", "container": "prefect-worker"}
{"ts": "2026-08-12T05:28:30.678Z", "level": "INFO", "service": "worker", "logger": "httpx", "msg": "HTTP Request: POST http://prefect-server:4200/api/work_pools/smarthub-pool/get_scheduled_flow_runs \"HTTP/1.1 200 OK\"", "container": "prefect-worker"}
{"ts": "2026-08-12T05:28:39.594Z", "level": "INFO", "service": "worker", "logger": "httpx", "msg": "HTTP Request: POST http://prefect-server:4200/api/work_pools/smarthub-pool/get_scheduled_flow_runs \"HTTP/1.1 200 OK\"", "container": "prefect-worker"}
{"ts": "2026-08-12T05:28:51.596Z", "level": "INFO", "service": "worker", "logger": "httpx", "msg": "HTTP Request: POST http://prefect-server:4200/api/work_pools/smarthub-pool/get_scheduled_flow_runs \"HTTP/1.1 200 OK\"", "container": "prefect-worker"}
{"ts": "2026-08-12T05:28:59.371Z", "level": "INFO", "service": "worker", "logger": "httpx", "msg": "HTTP Request: POST http://prefect-server:4200/api/work_pools/smarthub-pool/get_scheduled_flow_runs \"HTTP/1.1 200 OK\"", "container": "prefect-worker"}
{"ts": "2026-08-12T05:29:09.265Z", "level": "INFO", "service": "worker", "logger": "httpx", "msg": "HTTP Request: POST http://prefect-server:4200/api/work_pools/smarthub-pool/get_scheduled_flow_runs \"HTTP/1.1 200 OK\"", "container": "prefect-worker"}
{"ts": "2026-08-12T05:29:17.698Z", "level": "INFO", "service": "worker", "logger": "httpx", "msg": "HTTP Request: POST http://prefect-server:4200/api/work_pools/smarthub-pool/get_scheduled_flow_runs \"HTTP/1.1 200 OK\"", "container": "prefect-worker"}
{"ts": "2026-08-12T05:29:26.154Z", "level": "INFO", "service": "worker", "logger": "httpx", "msg": "HTTP Request: POST http://prefect-server:4200/api/work_pools/smarthub-pool/get_scheduled_flow_runs \"HTTP/1.1 200 OK\"", "container": "prefect-worker"}
{"ts": "2026-08-12T05:29:37.458Z", "level": "INFO", "service": "worker", "logger": "httpx", "msg": "HTTP Request: POST http://prefect-server:4200/api/work_pools/smarthub-pool/get_scheduled_flow_runs \"HTTP/1.1 200 OK\"", "container": "prefect-worker"}
{"ts": "2026-08-12T05:29:49.689Z", "level": "INFO", "service": "worker", "logger": "httpx", "msg": "HTTP Request: POST http://prefect-server:4200/api/work_pools/smarthub-pool/get_scheduled_flow_runs \"HTTP/1.1 200 OK\"", "container": "prefect-worker"}
{"ts": "2026-08-12T05:30:02.406Z", "level": "INFO", "service": "worker", "logger": "httpx", "msg": "HTTP Request: POST http://prefect-server:4200/api/work_pools/smarthub-pool/get_scheduled_flow_runs \"HTTP/1.1 200 OK\"", "container": "prefect-worker"}
{"ts": "2026-08-12T05:30:12.468Z", "level": "INFO", "service": "worker", "logger": "httpx", "msg": "HTTP Request: POST http://prefect-server:4200/api/work_pools/smarthub-pool/get_scheduled_flow_runs \"HTTP/1.1 200 OK\"", "container": "prefect-worker"}
{"ts": "2026-08-12T05:30:22.673Z", "level": "INFO", "service": "worker", "logger": "httpx", "msg": "HTTP Request: POST http://prefect-server:4200/api/work_pools/smarthub-pool/get_scheduled_flow_runs \"HTTP/1.1 200 OK\"", "container": "prefect-worker"}
{"ts": "2026-08-12T05:30:30.897Z", "level": "INFO", "service": "worker", "logger": "httpx", "msg": "HTTP Request: POST http://prefect-server:4200/api/work_pools/smarthub-pool/get_scheduled_flow_runs \"HTTP/1.1 200 OK\"", "container": "prefect-worker"}
{"ts": "2026-08-12T05:30:42.791Z", "level": "INFO", "service": "worker", "logger": "httpx", "msg": "HTTP Request: POST http://prefect-server:4200/api/work_pools/smarthub-pool/get_scheduled_flow_runs \"HTTP/1.1 200 OK\"", "container": "prefect-worker"}
{"ts": "2026-08-12T05:30:55.431Z", "level": "INFO", "service": "worker", "logger": "httpx", "msg": "HTTP Request: POST http://prefect-server:4200/api/work_pools/smarthub-pool/get_scheduled_flow_runs \"HTTP/1.1 200 OK\"", "container": "prefect-worker"}
{"ts": "2026-08-12T05:31:03.197Z", "level": "INFO", "service": "worker", "logger": "httpx", "msg": "HTTP Request: POST http://prefect-server:4200/api/work_pools/smarthub-pool/get_scheduled_flow_runs \"HTTP/1.1 200 OK\"", "container": "prefect-worker"}
{"ts": "2026-08-12T05:31:12.158Z", "level": "INFO", "service": "worker", "logger": "httpx", "msg": "HTTP Request: POST http://prefect-server:4200/api/work_pools/smarthub-pool/get_scheduled_flow_runs \"HTTP/1.1 200 OK\"", "container": "prefect-worker"}
{"ts": "2026-08-12T05:31:20.005Z", "level": "INFO", "service": "worker", "logger": "httpx", "msg": "HTTP Request: POST http://prefect-server:4200/api/work_pools/smarthub-pool/get_scheduled_flow_runs \"HTTP/1.1 200 OK\"", "container": "prefect-worker"}
{"ts": "2026-08-12T05:31:29.668Z", "level": "INFO", "service": "worker", "logger": "httpx", "msg": "HTTP Request: POST http://prefect-server:4200/api/work_pools/smarthub-pool/get_scheduled_flow_runs \"HTTP/1.1 200 OK\"", "container": "prefect-worker"}
{"ts": "2026-08-12T05:31:38.536Z", "level": "INFO", "service": "worker", "logger": "httpx", "msg": "HTTP Request: POST http://prefect-server:4200/api/work_pools/smarthub-pool/get_scheduled_flow_runs \"HTTP/1.1 200 OK\"", "container": "prefect-worker"}
{"ts": "2026-08-12T05:31:46.262Z", "level": "INFO", "service": "worker", "logger": "httpx", "msg": "HTTP Request: POST http://prefect-server:4200/api/work_pools/smarthub-pool/get_scheduled_flow_runs \"HTTP/1.1 200 OK\"", "container": "prefect-worker"}
{"ts": "2026-08-12T05:31:55.196Z", "level": "INFO", "service": "worker", "logger": "httpx", "msg": "HTTP Request: POST http://prefect-server:4200/api/work_pools/smarthub-pool/get_scheduled_flow_runs \"HTTP/1.1 200 OK\"", "container": "prefect-worker"}
{"ts": "2026-08-12T05:32:03.863Z", "level": "INFO", "service": "worker", "logger": "httpx", "msg": "HTTP Request: POST http://prefect-server:4200/api/work_pools/smarthub-pool/get_scheduled_flow_runs \"HTTP/1.1 200 OK\"", "container": "prefect-worker"}
{"ts": "2026-08-12T05:32:13.469Z", "level": "INFO", "service": "worker", "logger": "httpx", "msg": "HTTP Request: POST http://prefect-server:4200/api/work_pools/smarthub-pool/get_scheduled_flow_runs \"HTTP/1.1 200 OK\"", "container": "prefect-worker"}
{"ts": "2026-08-12T05:32:21.240Z", "level": "INFO", "service": "worker", "logger": "httpx", "msg": "HTTP Request: POST http://prefect-server:4200/api/work_pools/smarthub-pool/get_scheduled_flow_runs \"HTTP/1.1 200 OK\"", "container": "prefect-worker"}
{"ts": "2026-08-12T05:32:29.889Z", "level": "INFO", "service": "worker", "logger": "httpx", "msg": "HTTP Request: POST http://prefect-server:4200/api/work_pools/smarthub-pool/get_scheduled_flow_runs \"HTTP/1.1 200 OK\"", "container": "prefect-worker"}
{"ts": "2026-08-12T05:32:37.829Z", "level": "INFO", "service": "worker", "logger": "httpx", "msg": "HTTP Request: POST http://prefect-server:4200/api/work_pools/smarthub-pool/get_scheduled_flow_runs \"HTTP/1.1 200 OK\"", "container": "prefect-worker"}
{"ts": "2026-08-12T05:32:49.141Z", "level": "INFO", "service": "worker", "logger": "httpx", "msg": "HTTP Request: POST http://prefect-server:4200/api/work_pools/smarthub-pool/get_scheduled_flow_runs \"HTTP/1.1 200 OK\"", "container": "prefect-worker"}
{"ts": "2026-08-12T05:32:58.617Z", "level": "INFO", "service": "worker", "logger": "httpx", "msg": "HTTP Request: POST http://prefect-server:4200/api/work_pools/smarthub-pool/get_scheduled_flow_runs \"HTTP/1.1 200 OK\"", "container": "prefect-worker"}
{"ts": "2026-08-12T05:33:07.670Z", "level": "INFO", "service": "worker", "logger": "httpx", "msg": "HTTP Request: POST http://prefect-server:4200/api/work_pools/smarthub-pool/get_scheduled_flow_runs \"HTTP/1.1 200 OK\"", "container": "prefect-worker"}
{"ts": "2026-08-12T05:33:15.575Z", "level": "INFO", "service": "worker", "logger": "httpx", "msg": "HTTP Request: POST http://prefect-server:4200/api/work_pools/smarthub-pool/get_scheduled_flow_runs \"HTTP/1.1 200 OK\"", "container": "prefect-worker"}
{"ts": "2026-08-12T05:33:25.853Z", "level": "INFO", "service": "worker", "logger": "httpx", "msg": "HTTP Request: POST http://prefect-server:4200/api/work_pools/smarthub-pool/get_scheduled_flow_runs \"HTTP/1.1 200 OK\"", "container": "prefect-worker"}
{"ts": "2026-08-12T05:33:38.780Z", "level": "INFO", "service": "worker", "logger": "httpx", "msg": "HTTP Request: POST http://prefect-server:4200/api/work_pools/smarthub-pool/get_scheduled_flow_runs \"HTTP/1.1 200 OK\"", "container": "prefect-worker"}
{"ts": "2026-08-12T05:33:48.189Z", "level": "INFO", "service": "worker", "logger": "httpx", "msg": "HTTP Request: POST http://prefect-server:4200/api/work_pools/smarthub-pool/get_scheduled_flow_runs \"HTTP/1.1 200 OK\"", "container": "prefect-worker"}
{"ts": "2026-08-12T05:34:00.118Z", "level": "INFO", "service": "worker", "logger": "httpx", "msg": "HTTP Request: POST http://prefect-server:4200/api/work_pools/smarthub-pool/get_scheduled_flow_runs \"HTTP/1.1 200 OK\"", "container": "prefect-worker"}
{"ts": "2026-08-12T05:34:08.586Z", "level": "INFO", "service": "worker", "logger": "httpx", "msg": "HTTP Request: POST http://prefect-server:4200/api/work_pools/smarthub-pool/get_scheduled_flow_runs \"HTTP/1.1 200 OK\"", "container": "prefect-worker"}
{"ts": "2026-08-12T05:34:21.524Z", "level": "INFO", "service": "worker", "logger": "httpx", "msg": "HTTP Request: POST http://prefect-server:4200/api/work_pools/smarthub-pool/get_scheduled_flow_runs \"HTTP/1.1 200 OK\"", "container": "prefect-worker"}
{"ts": "2026-08-12T05:34:30.770Z", "level": "INFO", "service": "worker", "logger": "httpx", "msg": "HTTP Request: POST http://prefect-server:4200/api/work_pools/smarthub-pool/get_scheduled_flow_runs \"HTTP/1.1 200 OK\"", "container": "prefect-worker"}
{"ts": "2026-08-12T05:34:40.361Z", "level": "INFO", "service": "worker", "logger": "httpx", "msg": "HTTP Request: POST http://prefect-server:4200/api/work_pools/smarthub-pool/get_scheduled_flow_runs \"HTTP/1.1 200 OK\"", "container": "prefect-worker"}
{"ts": "2026-08-12T05:34:52.903Z", "level": "INFO", "service": "worker", "logger": "httpx", "msg": "HTTP Request: POST http://prefect-server:4200/api/work_pools/smarthub-pool/get_scheduled_flow_runs \"HTTP/1.1 200 OK\"", "container": "prefect-worker"}
{"ts": "2026-08-12T05:35:01.218Z", "level": "INFO", "service": "worker", "logger": "httpx", "msg": "HTTP Request: POST http://prefect-server:4200/api/work_pools/smarthub-pool/get_scheduled_flow_runs \"HTTP/1.1 200 OK\"", "container": "prefect-worker"}
{"ts": "2026-08-12T05:35:11.009Z", "level": "INFO", "service": "worker", "logger": "httpx", "msg": "HTTP Request: POST http://prefect-server:4200/api/work_pools/smarthub-pool/get_scheduled_flow_runs \"HTTP/1.1 200 OK\"", "container": "prefect-worker"}
{"ts": "2026-08-12T05:35:19.180Z", "level": "INFO", "service": "worker", "logger": "httpx", "msg": "HTTP Request: POST http://prefect-server:4200/api/work_pools/smarthub-pool/get_scheduled_flow_runs \"HTTP/1.1 200 OK\"", "container": "prefect-worker"}
{"ts": "2026-08-12T05:35:31.317Z", "level": "INFO", "service": "worker", "logger": "httpx", "msg": "HTTP Request: POST http://prefect-server:4200/api/work_pools/smarthub-pool/get_scheduled_flow_runs \"HTTP/1.1 200 OK\"", "container": "prefect-worker"}
{"ts": "2026-08-12T05:35:40.910Z", "level": "INFO", "service": "worker", "logger": "httpx", "msg": "HTTP Request: POST http://prefect-server:4200/api/work_pools/smarthub-pool/get_scheduled_flow_runs \"HTTP/1.1 200 OK\"", "container": "prefect-worker"}
{"ts": "2026-08-12T05:35:49.325Z", "level": "INFO", "service": "worker", "logger": "httpx", "msg": "HTTP Request: POST http://prefect-server:4200/api/work_pools/smarthub-pool/get_scheduled_flow_runs \"HTTP/1.1 200 OK\"", "container": "prefect-worker"}
{"ts": "2026-08-12T05:36:00.909Z", "level": "INFO", "service": "worker", "logger": "httpx", "msg": "HTTP Request: POST http://prefect-server:4200/api/work_pools/smarthub-pool/get_scheduled_flow_runs \"HTTP/1.1 200 OK\"", "container": "prefect-worker"}
{"ts": "2026-08-12T05:36:13.505Z", "level": "INFO", "service": "worker", "logger": "httpx", "msg": "HTTP Request: POST http://prefect-server:4200/api/work_pools/smarthub-pool/get_scheduled_flow_runs \"HTTP/1.1 200 OK\"", "container": "prefect-worker"}
{"ts": "2026-08-12T05:36:22.225Z", "level": "INFO", "service": "worker", "logger": "httpx", "msg": "HTTP Request: POST http://prefect-server:4200/api/work_pools/smarthub-pool/get_scheduled_flow_runs \"HTTP/1.1 200 OK\"", "container": "prefect-worker"}
{"ts": "2026-08-12T05:36:32.418Z", "level": "INFO", "service": "worker", "logger": "httpx", "msg": "HTTP Request: POST http://prefect-server:4200/api/work_pools/smarthub-pool/get_scheduled_flow_runs \"HTTP/1.1 200 OK\"", "container": "prefect-worker"}
{"ts": "2026-08-12T05:36:45.173Z", "level": "INFO", "service": "worker", "logger": "httpx", "msg": "HTTP Request: POST http://prefect-server:4200/api/work_pools/smarthub-pool/get_scheduled_flow_runs \"HTTP/1.1 200 OK\"", "container": "prefect-worker"}
{"ts": "2026-08-12T05:36:54.740Z", "level": "INFO", "service": "worker", "logger": "httpx", "msg": "HTTP Request: POST http://prefect-server:4200/api/work_pools/smarthub-pool/get_scheduled_flow_runs \"HTTP/1.1 200 OK\"", "container": "prefect-worker"}
{"ts": "2026-08-12T05:37:03.912Z", "level": "INFO", "service": "worker", "logger": "httpx", "msg": "HTTP Request: POST http://prefect-server:4200/api/work_pools/smarthub-pool/get_scheduled_flow_runs \"HTTP/1.1 200 OK\"", "container": "prefect-worker"}
{"ts": "2026-08-12T05:37:11.679Z", "level": "INFO", "service": "worker", "logger": "httpx", "msg": "HTTP Request: POST http://prefect-server:4200/api/work_pools/smarthub-pool/get_scheduled_flow_runs \"HTTP/1.1 200 OK\"", "container": "prefect-worker"}
{"ts": "2026-08-12T05:37:21.052Z", "level": "INFO", "service": "worker", "logger": "httpx", "msg": "HTTP Request: POST http://prefect-server:4200/api/work_pools/smarthub-pool/get_scheduled_flow_runs \"HTTP/1.1 200 OK\"", "container": "prefect-worker"}
{"ts": "2026-08-12T05:37:29.993Z", "level": "INFO", "service": "worker", "logger": "httpx", "msg": "HTTP Request: POST http://prefect-server:4200/api/work_pools/smarthub-pool/get_scheduled_flow_runs \"HTTP/1.1 200 OK\"", "container": "prefect-worker"}
{"ts": "2026-08-12T05:37:40.712Z", "level": "INFO", "service": "worker", "logger": "httpx", "msg": "HTTP Request: POST http://prefect-server:4200/api/work_pools/smarthub-pool/get_scheduled_flow_runs \"HTTP/1.1 200 OK\"", "container": "prefect-worker"}
{"ts": "2026-08-12T05:37:51.813Z", "level": "INFO", "service": "worker", "logger": "httpx", "msg": "HTTP Request: POST http://prefect-server:4200/api/work_pools/smarthub-pool/get_scheduled_flow_runs \"HTTP/1.1 200 OK\"", "container": "prefect-worker"}
{"ts": "2026-08-12T05:38:02.744Z", "level": "INFO", "service": "worker", "logger": "httpx", "msg": "HTTP Request: POST http://prefect-server:4200/api/work_pools/smarthub-pool/get_scheduled_flow_runs \"HTTP/1.1 200 OK\"", "container": "prefect-worker"}
{"ts": "2026-08-12T05:38:11.658Z", "level": "INFO", "service": "worker", "logger": "httpx", "msg": "HTTP Request: POST http://prefect-server:4200/api/work_pools/smarthub-pool/get_scheduled_flow_runs \"HTTP/1.1 200 OK\"", "container": "prefect-worker"}
{"ts": "2026-08-12T05:38:20.226Z", "level": "INFO", "service": "worker", "logger": "httpx", "msg": "HTTP Request: POST http://prefect-server:4200/api/work_pools/smarthub-pool/get_scheduled_flow_runs \"HTTP/1.1 200 OK\"", "container": "prefect-worker"}
{"ts": "2026-08-12T05:38:32.909Z", "level": "INFO", "service": "worker", "logger": "httpx", "msg": "HTTP Request: POST http://prefect-server:4200/api/work_pools/smarthub-pool/get_scheduled_flow_runs \"HTTP/1.1 200 OK\"", "container": "prefect-worker"}
{"ts": "2026-08-12T05:38:43.219Z", "level": "INFO", "service": "worker", "logger": "httpx", "msg": "HTTP Request: POST http://prefect-server:4200/api/work_pools/smarthub-pool/get_scheduled_flow_runs \"HTTP/1.1 200 OK\"", "container": "prefect-worker"}
{"ts": "2026-08-12T05:38:54.260Z", "level": "INFO", "service": "worker", "logger": "httpx", "msg": "HTTP Request: POST http://prefect-server:4200/api/work_pools/smarthub-pool/get_scheduled_flow_runs \"HTTP/1.1 200 OK\"", "container": "prefect-worker"}
{"ts": "2026-08-12T05:39:02.701Z", "level": "INFO", "service": "worker", "logger": "httpx", "msg": "HTTP Request: POST http://prefect-server:4200/api/work_pools/smarthub-pool/get_scheduled_flow_runs \"HTTP/1.1 200 OK\"", "container": "prefect-worker"}
{"ts": "2026-08-12T05:39:11.491Z", "level": "INFO", "service": "worker", "logger": "httpx", "msg": "HTTP Request: POST http://prefect-server:4200/api/work_pools/smarthub-pool/get_scheduled_flow_runs \"HTTP/1.1 200 OK\"", "container": "prefect-worker"}
{"ts": "2026-08-12T05:39:23.469Z", "level": "INFO", "service": "worker", "logger": "httpx", "msg": "HTTP Request: POST http://prefect-server:4200/api/work_pools/smarthub-pool/get_scheduled_flow_runs \"HTTP/1.1 200 OK\"", "container": "prefect-worker"}
{"ts": "2026-08-12T05:39:31.405Z", "level": "INFO", "service": "worker", "logger": "httpx", "msg": "HTTP Request: POST http://prefect-server:4200/api/work_pools/smarthub-pool/get_scheduled_flow_runs \"HTTP/1.1 200 OK\"", "container": "prefect-worker"}
{"ts": "2026-08-12T05:39:40.922Z", "level": "INFO", "service": "worker", "logger": "httpx", "msg": "HTTP Request: POST http://prefect-server:4200/api/work_pools/smarthub-pool/get_scheduled_flow_runs \"HTTP/1.1 200 OK\"", "container": "prefect-worker"}
{"ts": "2026-08-12T05:39:49.109Z", "level": "INFO", "service": "worker", "logger": "httpx", "msg": "HTTP Request: POST http://prefect-server:4200/api/work_pools/smarthub-pool/get_scheduled_flow_runs \"HTTP/1.1 200 OK\"", "container": "prefect-worker"}
{"ts": "2026-08-12T05:39:58.452Z", "level": "INFO", "service": "worker", "logger": "httpx", "msg": "HTTP Request: POST http://prefect-server:4200/api/work_pools/smarthub-pool/get_scheduled_flow_runs \"HTTP/1.1 200 OK\"", "container": "prefect-worker"}
{"ts": "2026-08-12T05:40:06.353Z", "level": "INFO", "service": "worker", "logger": "httpx", "msg": "HTTP Request: POST http://prefect-server:4200/api/work_pools/smarthub-pool/get_scheduled_flow_runs \"HTTP/1.1 200 OK\"", "container": "prefect-worker"}
{"ts": "2026-08-12T05:40:19.363Z", "level": "INFO", "service": "worker", "logger": "httpx", "msg": "HTTP Request: POST http://prefect-server:4200/api/work_pools/smarthub-pool/get_scheduled_flow_runs \"HTTP/1.1 200 OK\"", "container": "prefect-worker"}
{"ts": "2026-08-12T05:40:30.537Z", "level": "INFO", "service": "worker", "logger": "httpx", "msg": "HTTP Request: POST http://prefect-server:4200/api/work_pools/smarthub-pool/get_scheduled_flow_runs \"HTTP/1.1 200 OK\"", "container": "prefect-worker"}
{"ts": "2026-08-12T05:40:39.038Z", "level": "INFO", "service": "worker", "logger": "httpx", "msg": "HTTP Request: POST http://prefect-server:4200/api/work_pools/smarthub-pool/get_scheduled_flow_runs \"HTTP/1.1 200 OK\"", "container": "prefect-worker"}
{"ts": "2026-08-12T05:40:48.061Z", "level": "INFO", "service": "worker", "logger": "httpx", "msg": "HTTP Request: POST http://prefect-server:4200/api/work_pools/smarthub-pool/get_scheduled_flow_runs \"HTTP/1.1 200 OK\"", "container": "prefect-worker"}
{"ts": "2026-08-12T05:41:00.401Z", "level": "INFO", "service": "worker", "logger": "httpx", "msg": "HTTP Request: POST http://prefect-server:4200/api/work_pools/smarthub-pool/get_scheduled_flow_runs \"HTTP/1.1 200 OK\"", "container": "prefect-worker"}
{"ts": "2026-08-12T05:41:10.118Z", "level": "INFO", "service": "worker", "logger": "httpx", "msg": "HTTP Request: POST http://prefect-server:4200/api/work_pools/smarthub-pool/get_scheduled_flow_runs \"HTTP/1.1 200 OK\"", "container": "prefect-worker"}
{"ts": "2026-08-12T05:41:22.106Z", "level": "INFO", "service": "worker", "logger": "httpx", "msg": "HTTP Request: POST http://prefect-server:4200/api/work_pools/smarthub-pool/get_scheduled_flow_runs \"HTTP/1.1 200 OK\"", "container": "prefect-worker"}
{"ts": "2026-08-12T05:41:32.270Z", "level": "INFO", "service": "worker", "logger": "httpx", "msg": "HTTP Request: POST http://prefect-server:4200/api/work_pools/smarthub-pool/get_scheduled_flow_runs \"HTTP/1.1 200 OK\"", "container": "prefect-worker"}
{"ts": "2026-08-12T05:41:44.711Z", "level": "INFO", "service": "worker", "logger": "httpx", "msg": "HTTP Request: POST http://prefect-server:4200/api/work_pools/smarthub-pool/get_scheduled_flow_runs \"HTTP/1.1 200 OK\"", "container": "prefect-worker"}
{"ts": "2026-08-12T05:41:52.853Z", "level": "INFO", "service": "worker", "logger": "httpx", "msg": "HTTP Request: POST http://prefect-server:4200/api/work_pools/smarthub-pool/get_scheduled_flow_runs \"HTTP/1.1 200 OK\"", "container": "prefect-worker"}
{"ts": "2026-08-12T05:42:01.328Z", "level": "INFO", "service": "worker", "logger": "httpx", "msg": "HTTP Request: POST http://prefect-server:4200/api/work_pools/smarthub-pool/get_scheduled_flow_runs \"HTTP/1.1 200 OK\"", "container": "prefect-worker"}
{"ts": "2026-08-12T05:42:08.922Z", "level": "INFO", "service": "worker", "logger": "httpx", "msg": "HTTP Request: POST http://prefect-server:4200/api/work_pools/smarthub-pool/get_scheduled_flow_runs \"HTTP/1.1 200 OK\"", "container": "prefect-worker"}
{"ts": "2026-08-12T05:42:21.309Z", "level": "INFO", "service": "worker", "logger": "httpx", "msg": "HTTP Request: POST http://prefect-server:4200/api/work_pools/smarthub-pool/get_scheduled_flow_runs \"HTTP/1.1 200 OK\"", "container": "prefect-worker"}
{"ts": "2026-08-12T05:42:29.909Z", "level": "INFO", "service": "worker", "logger": "httpx", "msg": "HTTP Request: POST http://prefect-server:4200/api/work_pools/smarthub-pool/get_scheduled_flow_runs \"HTTP/1.1 200 OK\"", "container": "prefect-worker"}
{"ts": "2026-08-12T05:42:39.627Z", "level": "INFO", "service": "worker", "logger": "httpx", "msg": "HTTP Request: POST http://prefect-server:4200/api/work_pools/smarthub-pool/get_scheduled_flow_runs \"HTTP/1.1 200 OK\"", "container": "prefect-worker"}
{"ts": "2026-08-12T05:42:49.504Z", "level": "INFO", "service": "worker", "logger": "httpx", "msg": "HTTP Request: POST http://prefect-server:4200/api/work_pools/smarthub-pool/get_scheduled_flow_runs \"HTTP/1.1 200 OK\"", "container": "prefect-worker"}
{"ts": "2026-08-12T05:42:59.725Z", "level": "INFO", "service": "worker", "logger": "httpx", "msg": "HTTP Request: POST http://prefect-server:4200/api/work_pools/smarthub-pool/get_scheduled_flow_runs \"HTTP/1.1 200 OK\"", "container": "prefect-worker"}
{"ts": "2026-08-12T05:43:08.244Z", "level": "INFO", "service": "worker", "logger": "httpx", "msg": "HTTP Request: POST http://prefect-server:4200/api/work_pools/smarthub-pool/get_scheduled_flow_runs \"HTTP/1.1 200 OK\"", "container": "prefect-worker"}
{"ts": "2026-08-12T05:43:15.970Z", "level": "INFO", "service": "worker", "logger": "httpx", "msg": "HTTP Request: POST http://prefect-server:4200/api/work_pools/smarthub-pool/get_scheduled_flow_runs \"HTTP/1.1 200 OK\"", "container": "prefect-worker"}
{"ts": "2026-08-12T05:43:26.692Z", "level": "INFO", "service": "worker", "logger": "httpx", "msg": "HTTP Request: POST http://prefect-server:4200/api/work_pools/smarthub-pool/get_scheduled_flow_runs \"HTTP/1.1 200 OK\"", "container": "prefect-worker"}
{"ts": "2026-08-12T05:43:34.729Z", "level": "INFO", "service": "worker", "logger": "httpx", "msg": "HTTP Request: POST http://prefect-server:4200/api/work_pools/smarthub-pool/get_scheduled_flow_runs \"HTTP/1.1 200 OK\"", "container": "prefect-worker"}
{"ts": "2026-08-12T05:43:44.733Z", "level": "INFO", "service": "worker", "logger": "httpx", "msg": "HTTP Request: POST http://prefect-server:4200/api/work_pools/smarthub-pool/get_scheduled_flow_runs \"HTTP/1.1 200 OK\"", "container": "prefect-worker"}
{"ts": "2026-08-12T05:43:54.024Z", "level": "INFO", "service": "worker", "logger": "httpx", "msg": "HTTP Request: POST http://prefect-server:4200/api/work_pools/smarthub-pool/get_scheduled_flow_runs \"HTTP/1.1 200 OK\"", "container": "prefect-worker"}
{"ts": "2026-08-12T05:44:05.533Z", "level": "INFO", "service": "worker", "logger": "httpx", "msg": "HTTP Request: POST http://prefect-server:4200/api/work_pools/smarthub-pool/get_scheduled_flow_runs \"HTTP/1.1 200 OK\"", "container": "prefect-worker"}
{"ts": "2026-08-12T05:44:15.901Z", "level": "INFO", "service": "worker", "logger": "httpx", "msg": "HTTP Request: POST http://prefect-server:4200/api/work_pools/smarthub-pool/get_scheduled_flow_runs \"HTTP/1.1 200 OK\"", "container": "prefect-worker"}
{"ts": "2026-08-12T05:44:24.777Z", "level": "INFO", "service": "worker", "logger": "httpx", "msg": "HTTP Request: POST http://prefect-server:4200/api/work_pools/smarthub-pool/get_scheduled_flow_runs \"HTTP/1.1 200 OK\"", "container": "prefect-worker"}
{"ts": "2026-08-12T05:44:36.769Z", "level": "INFO", "service": "worker", "logger": "httpx", "msg": "HTTP Request: POST http://prefect-server:4200/api/work_pools/smarthub-pool/get_scheduled_flow_runs \"HTTP/1.1 200 OK\"", "container": "prefect-worker"}
{"ts": "2026-08-12T05:44:48.871Z", "level": "INFO", "service": "worker", "logger": "httpx", "msg": "HTTP Request: POST http://prefect-server:4200/api/work_pools/smarthub-pool/get_scheduled_flow_runs \"HTTP/1.1 200 OK\"", "container": "prefect-worker"}
{"ts": "2026-08-12T05:45:00.646Z", "level": "INFO", "service": "worker", "logger": "httpx", "msg": "HTTP Request: POST http://prefect-server:4200/api/work_pools/smarthub-pool/get_scheduled_flow_runs \"HTTP/1.1 200 OK\"", "container": "prefect-worker"}
{"ts": "2026-08-12T05:45:13.105Z", "level": "INFO", "service": "worker", "logger": "httpx", "msg": "HTTP Request: POST http://prefect-server:4200/api/work_pools/smarthub-pool/get_scheduled_flow_runs \"HTTP/1.1 200 OK\"", "container": "prefect-worker"}
{"ts": "2026-08-12T05:45:20.753Z", "level": "INFO", "service": "worker", "logger": "httpx", "msg": "HTTP Request: POST http://prefect-server:4200/api/work_pools/smarthub-pool/get_scheduled_flow_runs \"HTTP/1.1 200 OK\"", "container": "prefect-worker"}
{"ts": "2026-08-12T05:45:31.731Z", "level": "INFO", "service": "worker", "logger": "httpx", "msg": "HTTP Request: POST http://prefect-server:4200/api/work_pools/smarthub-pool/get_scheduled_flow_runs \"HTTP/1.1 200 OK\"", "container": "prefect-worker"}
{"ts": "2026-08-12T05:45:40.740Z", "level": "INFO", "service": "worker", "logger": "httpx", "msg": "HTTP Request: POST http://prefect-server:4200/api/work_pools/smarthub-pool/get_scheduled_flow_runs \"HTTP/1.1 200 OK\"", "container": "prefect-worker"}
{"ts": "2026-08-12T05:45:52.881Z", "level": "INFO", "service": "worker", "logger": "httpx", "msg": "HTTP Request: POST http://prefect-server:4200/api/work_pools/smarthub-pool/get_scheduled_flow_runs \"HTTP/1.1 200 OK\"", "container": "prefect-worker"}
{"ts": "2026-08-12T05:46:03.565Z", "level": "INFO", "service": "worker", "logger": "httpx", "msg": "HTTP Request: POST http://prefect-server:4200/api/work_pools/smarthub-pool/get_scheduled_flow_runs \"HTTP/1.1 200 OK\"", "container": "prefect-worker"}
{"ts": "2026-08-12T05:46:11.274Z", "level": "INFO", "service": "worker", "logger": "httpx", "msg": "HTTP Request: POST http://prefect-server:4200/api/work_pools/smarthub-pool/get_scheduled_flow_runs \"HTTP/1.1 200 OK\"", "container": "prefect-worker"}
{"ts": "2026-08-12T05:46:20.760Z", "level": "INFO", "service": "worker", "logger": "httpx", "msg": "HTTP Request: POST http://prefect-server:4200/api/work_pools/smarthub-pool/get_scheduled_flow_runs \"HTTP/1.1 200 OK\"", "container": "prefect-worker"}
{"ts": "2026-08-12T05:46:28.415Z", "level": "INFO", "service": "worker", "logger": "httpx", "msg": "HTTP Request: POST http://prefect-server:4200/api/work_pools/smarthub-pool/get_scheduled_flow_runs \"HTTP/1.1 200 OK\"", "container": "prefect-worker"}
{"ts": "2026-08-12T05:46:39.093Z", "level": "INFO", "service": "worker", "logger": "httpx", "msg": "HTTP Request: POST http://prefect-server:4200/api/work_pools/smarthub-pool/get_scheduled_flow_runs \"HTTP/1.1 200 OK\"", "container": "prefect-worker"}
{"ts": "2026-08-12T05:46:50.778Z", "level": "INFO", "service": "worker", "logger": "httpx", "msg": "HTTP Request: POST http://prefect-server:4200/api/work_pools/smarthub-pool/get_scheduled_flow_runs \"HTTP/1.1 200 OK\"", "container": "prefect-worker"}
{"ts": "2026-08-12T05:47:02.465Z", "level": "INFO", "service": "worker", "logger": "httpx", "msg": "HTTP Request: POST http://prefect-server:4200/api/work_pools/smarthub-pool/get_scheduled_flow_runs \"HTTP/1.1 200 OK\"", "container": "prefect-worker"}
{"ts": "2026-08-12T05:47:10.963Z", "level": "INFO", "service": "worker", "logger": "httpx", "msg": "HTTP Request: POST http://prefect-server:4200/api/work_pools/smarthub-pool/get_scheduled_flow_runs \"HTTP/1.1 200 OK\"", "container": "prefect-worker"}
{"ts": "2026-08-12T05:47:23.193Z", "level": "INFO", "service": "worker", "logger": "httpx", "msg": "HTTP Request: POST http://prefect-server:4200/api/work_pools/smarthub-pool/get_scheduled_flow_runs \"HTTP/1.1 200 OK\"", "container": "prefect-worker"}
{"ts": "2026-08-12T05:47:32.660Z", "level": "INFO", "service": "worker", "logger": "httpx", "msg": "HTTP Request: POST http://prefect-server:4200/api/work_pools/smarthub-pool/get_scheduled_flow_runs \"HTTP/1.1 200 OK\"", "container": "prefect-worker"}
{"ts": "2026-08-12T05:47:44.794Z", "level": "INFO", "service": "worker", "logger": "httpx", "msg": "HTTP Request: POST http://prefect-server:4200/api/work_pools/smarthub-pool/get_scheduled_flow_runs \"HTTP/1.1 200 OK\"", "container": "prefect-worker"}
{"ts": "2026-08-12T05:47:54.384Z", "level": "INFO", "service": "worker", "logger": "httpx", "msg": "HTTP Request: POST http://prefect-server:4200/api/work_pools/smarthub-pool/get_scheduled_flow_runs \"HTTP/1.1 200 OK\"", "container": "prefect-worker"}
{"ts": "2026-08-12T05:48:05.749Z", "level": "INFO", "service": "worker", "logger": "httpx", "msg": "HTTP Request: POST http://prefect-server:4200/api/work_pools/smarthub-pool/get_scheduled_flow_runs \"HTTP/1.1 200 OK\"", "container": "prefect-worker"}
{"ts": "2026-08-12T05:48:13.539Z", "level": "INFO", "service": "worker", "logger": "httpx", "msg": "HTTP Request: POST http://prefect-server:4200/api/work_pools/smarthub-pool/get_scheduled_flow_runs \"HTTP/1.1 200 OK\"", "container": "prefect-worker"}
{"ts": "2026-08-12T05:48:26.401Z", "level": "INFO", "service": "worker", "logger": "httpx", "msg": "HTTP Request: POST http://prefect-server:4200/api/work_pools/smarthub-pool/get_scheduled_flow_runs \"HTTP/1.1 200 OK\"", "container": "prefect-worker"}
{"ts": "2026-08-12T05:48:34.743Z", "level": "INFO", "service": "worker", "logger": "httpx", "msg": "HTTP Request: POST http://prefect-server:4200/api/work_pools/smarthub-pool/get_scheduled_flow_runs \"HTTP/1.1 200 OK\"", "container": "prefect-worker"}
{"ts": "2026-08-12T05:48:45.532Z", "level": "INFO", "service": "worker", "logger": "httpx", "msg": "HTTP Request: POST http://prefect-server:4200/api/work_pools/smarthub-pool/get_scheduled_flow_runs \"HTTP/1.1 200 OK\"", "container": "prefect-worker"}
{"ts": "2026-08-12T05:48:57.307Z", "level": "INFO", "service": "worker", "logger": "httpx", "msg": "HTTP Request: POST http://prefect-server:4200/api/work_pools/smarthub-pool/get_scheduled_flow_runs \"HTTP/1.1 200 OK\"", "container": "prefect-worker"}
{"ts": "2026-08-12T05:49:10.084Z", "level": "INFO", "service": "worker", "logger": "httpx", "msg": "HTTP Request: POST http://prefect-server:4200/api/work_pools/smarthub-pool/get_scheduled_flow_runs \"HTTP/1.1 200 OK\"", "container": "prefect-worker"}
{"ts": "2026-08-12T05:49:18.912Z", "level": "INFO", "service": "worker", "logger": "httpx", "msg": "HTTP Request: POST http://prefect-server:4200/api/work_pools/smarthub-pool/get_scheduled_flow_runs \"HTTP/1.1 200 OK\"", "container": "prefect-worker"}
{"ts": "2026-08-12T05:49:28.829Z", "level": "INFO", "service": "worker", "logger": "httpx", "msg": "HTTP Request: POST http://prefect-server:4200/api/work_pools/smarthub-pool/get_scheduled_flow_runs \"HTTP/1.1 200 OK\"", "container": "prefect-worker"}
{"ts": "2026-08-12T05:49:39.441Z", "level": "INFO", "service": "worker", "logger": "httpx", "msg": "HTTP Request: POST http://prefect-server:4200/api/work_pools/smarthub-pool/get_scheduled_flow_runs \"HTTP/1.1 200 OK\"", "container": "prefect-worker"}
{"ts": "2026-08-12T05:49:47.429Z", "level": "INFO", "service": "worker", "logger": "httpx", "msg": "HTTP Request: POST http://prefect-server:4200/api/work_pools/smarthub-pool/get_scheduled_flow_runs \"HTTP/1.1 200 OK\"", "container": "prefect-worker"}
{"ts": "2026-08-12T05:49:56.707Z", "level": "INFO", "service": "worker", "logger": "httpx", "msg": "HTTP Request: POST http://prefect-server:4200/api/work_pools/smarthub-pool/get_scheduled_flow_runs \"HTTP/1.1 200 OK\"", "container": "prefect-worker"}
{"ts": "2026-08-12T05:50:07.217Z", "level": "INFO", "service": "worker", "logger": "httpx", "msg": "HTTP Request: POST http://prefect-server:4200/api/work_pools/smarthub-pool/get_scheduled_flow_runs \"HTTP/1.1 200 OK\"", "container": "prefect-worker"}
{"ts": "2026-08-12T05:50:18.962Z", "level": "INFO", "service": "worker", "logger": "httpx", "msg": "HTTP Request: POST http://prefect-server:4200/api/work_pools/smarthub-pool/get_scheduled_flow_runs \"HTTP/1.1 200 OK\"", "container": "prefect-worker"}
{"ts": "2026-08-12T05:50:27.773Z", "level": "INFO", "service": "worker", "logger": "httpx", "msg": "HTTP Request: POST http://prefect-server:4200/api/work_pools/smarthub-pool/get_scheduled_flow_runs \"HTTP/1.1 200 OK\"", "container": "prefect-worker"}
{"ts": "2026-08-12T05:50:38.789Z", "level": "INFO", "service": "worker", "logger": "httpx", "msg": "HTTP Request: POST http://prefect-server:4200/api/work_pools/smarthub-pool/get_scheduled_flow_runs \"HTTP/1.1 200 OK\"", "container": "prefect-worker"}
{"ts": "2026-08-12T05:50:46.994Z", "level": "INFO", "service": "worker", "logger": "httpx", "msg": "HTTP Request: POST http://prefect-server:4200/api/work_pools/smarthub-pool/get_scheduled_flow_runs \"HTTP/1.1 200 OK\"", "container": "prefect-worker"}
{"ts": "2026-08-12T05:50:55.383Z", "level": "INFO", "service": "worker", "logger": "httpx", "msg": "HTTP Request: POST http://prefect-server:4200/api/work_pools/smarthub-pool/get_scheduled_flow_runs \"HTTP/1.1 200 OK\"", "container": "prefect-worker"}
{"ts": "2026-08-12T05:51:03.074Z", "level": "INFO", "service": "worker", "logger": "httpx", "msg": "HTTP Request: POST http://prefect-server:4200/api/work_pools/smarthub-pool/get_scheduled_flow_runs \"HTTP/1.1 200 OK\"", "container": "prefect-worker"}
{"ts": "2026-08-12T05:51:13.617Z", "level": "INFO", "service": "worker", "logger": "httpx", "msg": "HTTP Request: POST http://prefect-server:4200/api/work_pools/smarthub-pool/get_scheduled_flow_runs \"HTTP/1.1 200 OK\"", "container": "prefect-worker"}
{"ts": "2026-08-12T05:51:21.771Z", "level": "INFO", "service": "worker", "logger": "httpx", "msg": "HTTP Request: POST http://prefect-server:4200/api/work_pools/smarthub-pool/get_scheduled_flow_runs \"HTTP/1.1 200 OK\"", "container": "prefect-worker"}
{"ts": "2026-08-12T05:51:31.343Z", "level": "INFO", "service": "worker", "logger": "httpx", "msg": "HTTP Request: POST http://prefect-server:4200/api/work_pools/smarthub-pool/get_scheduled_flow_runs \"HTTP/1.1 200 OK\"", "container": "prefect-worker"}
{"ts": "2026-08-12T05:51:43.931Z", "level": "INFO", "service": "worker", "logger": "httpx", "msg": "HTTP Request: POST http://prefect-server:4200/api/work_pools/smarthub-pool/get_scheduled_flow_runs \"HTTP/1.1 200 OK\"", "container": "prefect-worker"}
{"ts": "2026-08-12T05:51:54.056Z", "level": "INFO", "service": "worker", "logger": "httpx", "msg": "HTTP Request: POST http://prefect-server:4200/api/work_pools/smarthub-pool/get_scheduled_flow_runs \"HTTP/1.1 200 OK\"", "container": "prefect-worker"}
{"ts": "2026-08-12T05:52:03.561Z", "level": "INFO", "service": "worker", "logger": "httpx", "msg": "HTTP Request: POST http://prefect-server:4200/api/work_pools/smarthub-pool/get_scheduled_flow_runs \"HTTP/1.1 200 OK\"", "container": "prefect-worker"}
{"ts": "2026-08-12T05:52:12.065Z", "level": "INFO", "service": "worker", "logger": "httpx", "msg": "HTTP Request: POST http://prefect-server:4200/api/work_pools/smarthub-pool/get_scheduled_flow_runs \"HTTP/1.1 200 OK\"", "container": "prefect-worker"}
{"ts": "2026-08-12T05:52:23.319Z", "level": "INFO", "service": "worker", "logger": "httpx", "msg": "HTTP Request: POST http://prefect-server:4200/api/work_pools/smarthub-pool/get_scheduled_flow_runs \"HTTP/1.1 200 OK\"", "container": "prefect-worker"}
{"ts": "2026-08-12T05:52:32.018Z", "level": "INFO", "service": "worker", "logger": "httpx", "msg": "HTTP Request: POST http://prefect-server:4200/api/work_pools/smarthub-pool/get_scheduled_flow_runs \"HTTP/1.1 200 OK\"", "container": "prefect-worker"}
{"ts": "2026-08-12T05:52:42.165Z", "level": "INFO", "service": "worker", "logger": "httpx", "msg": "HTTP Request: POST http://prefect-server:4200/api/work_pools/smarthub-pool/get_scheduled_flow_runs \"HTTP/1.1 200 OK\"", "container": "prefect-worker"}
{"ts": "2026-08-12T05:52:52.735Z", "level": "INFO", "service": "worker", "logger": "httpx", "msg": "HTTP Request: POST http://prefect-server:4200/api/work_pools/smarthub-pool/get_scheduled_flow_runs \"HTTP/1.1 200 OK\"", "container": "prefect-worker"}
{"ts": "2026-08-12T05:53:02.461Z", "level": "INFO", "service": "worker", "logger": "httpx", "msg": "HTTP Request: POST http://prefect-server:4200/api/work_pools/smarthub-pool/get_scheduled_flow_runs \"HTTP/1.1 200 OK\"", "container": "prefect-worker"}
{"ts": "2026-08-12T05:53:10.254Z", "level": "INFO", "service": "worker", "logger": "httpx", "msg": "HTTP Request: POST http://prefect-server:4200/api/work_pools/smarthub-pool/get_scheduled_flow_runs \"HTTP/1.1 200 OK\"", "container": "prefect-worker"}
{"ts": "2026-08-12T05:53:17.986Z", "level": "INFO", "service": "worker", "logger": "httpx", "msg": "HTTP Request: POST http://prefect-server:4200/api/work_pools/smarthub-pool/get_scheduled_flow_runs \"HTTP/1.1 200 OK\"", "container": "prefect-worker"}
{"ts": "2026-08-12T05:53:25.868Z", "level": "INFO", "service": "worker", "logger": "httpx", "msg": "HTTP Request: POST http://prefect-server:4200/api/work_pools/smarthub-pool/get_scheduled_flow_runs \"HTTP/1.1 200 OK\"", "container": "prefect-worker"}
{"ts": "2026-08-12T05:53:34.570Z", "level": "INFO", "service": "worker", "logger": "httpx", "msg": "HTTP Request: POST http://prefect-server:4200/api/work_pools/smarthub-pool/get_scheduled_flow_runs \"HTTP/1.1 200 OK\"", "container": "prefect-worker"}
{"ts": "2026-08-12T05:53:43.757Z", "level": "INFO", "service": "worker", "logger": "httpx", "msg": "HTTP Request: POST http://prefect-server:4200/api/work_pools/smarthub-pool/get_scheduled_flow_runs \"HTTP/1.1 200 OK\"", "container": "prefect-worker"}
{"ts": "2026-08-12T05:53:54.964Z", "level": "INFO", "service": "worker", "logger": "httpx", "msg": "HTTP Request: POST http://prefect-server:4200/api/work_pools/smarthub-pool/get_scheduled_flow_runs \"HTTP/1.1 200 OK\"", "container": "prefect-worker"}
{"ts": "2026-08-12T05:54:03.461Z", "level": "INFO", "service": "worker", "logger": "httpx", "msg": "HTTP Request: POST http://prefect-server:4200/api/work_pools/smarthub-pool/get_scheduled_flow_runs \"HTTP/1.1 200 OK\"", "container": "prefect-worker"}
{"ts": "2026-08-12T05:54:14.169Z", "level": "INFO", "service": "worker", "logger": "httpx", "msg": "HTTP Request: POST http://prefect-server:4200/api/work_pools/smarthub-pool/get_scheduled_flow_runs \"HTTP/1.1 200 OK\"", "container": "prefect-worker"}
{"ts": "2026-08-12T05:54:22.464Z", "level": "INFO", "service": "worker", "logger": "httpx", "msg": "HTTP Request: POST http://prefect-server:4200/api/work_pools/smarthub-pool/get_scheduled_flow_runs \"HTTP/1.1 200 OK\"", "container": "prefect-worker"}
{"ts": "2026-08-12T05:54:32.296Z", "level": "INFO", "service": "worker", "logger": "httpx", "msg": "HTTP Request: POST http://prefect-server:4200/api/work_pools/smarthub-pool/get_scheduled_flow_runs \"HTTP/1.1 200 OK\"", "container": "prefect-worker"}
{"ts": "2026-08-12T05:54:41.839Z", "level": "INFO", "service": "worker", "logger": "httpx", "msg": "HTTP Request: POST http://prefect-server:4200/api/work_pools/smarthub-pool/get_scheduled_flow_runs \"HTTP/1.1 200 OK\"", "container": "prefect-worker"}
{"ts": "2026-08-12T05:54:52.959Z", "level": "INFO", "service": "worker", "logger": "httpx", "msg": "HTTP Request: POST http://prefect-server:4200/api/work_pools/smarthub-pool/get_scheduled_flow_runs \"HTTP/1.1 200 OK\"", "container": "prefect-worker"}
{"ts": "2026-08-12T05:55:03.633Z", "level": "INFO", "service": "worker", "logger": "httpx", "msg": "HTTP Request: POST http://prefect-server:4200/api/work_pools/smarthub-pool/get_scheduled_flow_runs \"HTTP/1.1 200 OK\"", "container": "prefect-worker"}
{"ts": "2026-08-12T05:55:12.105Z", "level": "INFO", "service": "worker", "logger": "httpx", "msg": "HTTP Request: POST http://prefect-server:4200/api/work_pools/smarthub-pool/get_scheduled_flow_runs \"HTTP/1.1 200 OK\"", "container": "prefect-worker"}
{"ts": "2026-08-12T05:55:22.526Z", "level": "INFO", "service": "worker", "logger": "httpx", "msg": "HTTP Request: POST http://prefect-server:4200/api/work_pools/smarthub-pool/get_scheduled_flow_runs \"HTTP/1.1 200 OK\"", "container": "prefect-worker"}
{"ts": "2026-08-12T05:55:34.745Z", "level": "INFO", "service": "worker", "logger": "httpx", "msg": "HTTP Request: POST http://prefect-server:4200/api/work_pools/smarthub-pool/get_scheduled_flow_runs \"HTTP/1.1 200 OK\"", "container": "prefect-worker"}
{"ts": "2026-08-12T05:55:44.940Z", "level": "INFO", "service": "worker", "logger": "httpx", "msg": "HTTP Request: POST http://prefect-server:4200/api/work_pools/smarthub-pool/get_scheduled_flow_runs \"HTTP/1.1 200 OK\"", "container": "prefect-worker"}
{"ts": "2026-08-12T05:55:56.489Z", "level": "INFO", "service": "worker", "logger": "httpx", "msg": "HTTP Request: POST http://prefect-server:4200/api/work_pools/smarthub-pool/get_scheduled_flow_runs \"HTTP/1.1 200 OK\"", "container": "prefect-worker"}
{"ts": "2026-08-12T05:56:06.020Z", "level": "INFO", "service": "worker", "logger": "httpx", "msg": "HTTP Request: POST http://prefect-server:4200/api/work_pools/smarthub-pool/get_scheduled_flow_runs \"HTTP/1.1 200 OK\"", "container": "prefect-worker"}
{"ts": "2026-08-12T05:56:16.975Z", "level": "INFO", "service": "worker", "logger": "httpx", "msg": "HTTP Request: POST http://prefect-server:4200/api/work_pools/smarthub-pool/get_scheduled_flow_runs \"HTTP/1.1 200 OK\"", "container": "prefect-worker"}
{"ts": "2026-08-12T05:56:29.990Z", "level": "INFO", "service": "worker", "logger": "httpx", "msg": "HTTP Request: POST http://prefect-server:4200/api/work_pools/smarthub-pool/get_scheduled_flow_runs \"HTTP/1.1 200 OK\"", "container": "prefect-worker"}
{"ts": "2026-08-12T05:56:37.529Z", "level": "INFO", "service": "worker", "logger": "httpx", "msg": "HTTP Request: POST http://prefect-server:4200/api/work_pools/smarthub-pool/get_scheduled_flow_runs \"HTTP/1.1 200 OK\"", "container": "prefect-worker"}
{"ts": "2026-08-12T05:56:47.120Z", "level": "INFO", "service": "worker", "logger": "httpx", "msg": "HTTP Request: POST http://prefect-server:4200/api/work_pools/smarthub-pool/get_scheduled_flow_runs \"HTTP/1.1 200 OK\"", "container": "prefect-worker"}
{"ts": "2026-08-12T05:56:54.709Z", "level": "INFO", "service": "worker", "logger": "httpx", "msg": "HTTP Request: POST http://prefect-server:4200/api/work_pools/smarthub-pool/get_scheduled_flow_runs \"HTTP/1.1 200 OK\"", "container": "prefect-worker"}
{"ts": "2026-08-12T05:57:02.341Z", "level": "INFO", "service": "worker", "logger": "httpx", "msg": "HTTP Request: POST http://prefect-server:4200/api/work_pools/smarthub-pool/get_scheduled_flow_runs \"HTTP/1.1 200 OK\"", "container": "prefect-worker"}
{"ts": "2026-08-12T05:57:13.284Z", "level": "INFO", "service": "worker", "logger": "httpx", "msg": "HTTP Request: POST http://prefect-server:4200/api/work_pools/smarthub-pool/get_scheduled_flow_runs \"HTTP/1.1 200 OK\"", "container": "prefect-worker"}
{"ts": "2026-08-12T05:57:24.759Z", "level": "INFO", "service": "worker", "logger": "httpx", "msg": "HTTP Request: POST http://prefect-server:4200/api/work_pools/smarthub-pool/get_scheduled_flow_runs \"HTTP/1.1 200 OK\"", "container": "prefect-worker"}
{"ts": "2026-08-12T05:57:36.458Z", "level": "INFO", "service": "worker", "logger": "httpx", "msg": "HTTP Request: POST http://prefect-server:4200/api/work_pools/smarthub-pool/get_scheduled_flow_runs \"HTTP/1.1 200 OK\"", "container": "prefect-worker"}
{"ts": "2026-08-12T05:57:44.496Z", "level": "INFO", "service": "worker", "logger": "httpx", "msg": "HTTP Request: POST http://prefect-server:4200/api/work_pools/smarthub-pool/get_scheduled_flow_runs \"HTTP/1.1 200 OK\"", "container": "prefect-worker"}
{"ts": "2026-08-12T05:57:56.735Z", "level": "INFO", "service": "worker", "logger": "httpx", "msg": "HTTP Request: POST http://prefect-server:4200/api/work_pools/smarthub-pool/get_scheduled_flow_runs \"HTTP/1.1 200 OK\"", "container": "prefect-worker"}
{"ts": "2026-08-12T05:58:07.472Z", "level": "INFO", "service": "worker", "logger": "httpx", "msg": "HTTP Request: POST http://prefect-server:4200/api/work_pools/smarthub-pool/get_scheduled_flow_runs \"HTTP/1.1 200 OK\"", "container": "prefect-worker"}
{"ts": "2026-08-12T05:58:19.172Z", "level": "INFO", "service": "worker", "logger": "httpx", "msg": "HTTP Request: POST http://prefect-server:4200/api/work_pools/smarthub-pool/get_scheduled_flow_runs \"HTTP/1.1 200 OK\"", "container": "prefect-worker"}
{"ts": "2026-08-12T05:58:29.857Z", "level": "INFO", "service": "worker", "logger": "httpx", "msg": "HTTP Request: POST http://prefect-server:4200/api/work_pools/smarthub-pool/get_scheduled_flow_runs \"HTTP/1.1 200 OK\"", "container": "prefect-worker"}
{"ts": "2026-08-12T05:58:37.901Z", "level": "INFO", "service": "worker", "logger": "httpx", "msg": "HTTP Request: POST http://prefect-server:4200/api/work_pools/smarthub-pool/get_scheduled_flow_runs \"HTTP/1.1 200 OK\"", "container": "prefect-worker"}
{"ts": "2026-08-12T05:58:48.790Z", "level": "INFO", "service": "worker", "logger": "httpx", "msg": "HTTP Request: POST http://prefect-server:4200/api/work_pools/smarthub-pool/get_scheduled_flow_runs \"HTTP/1.1 200 OK\"", "container": "prefect-worker"}
{"ts": "2026-08-12T05:58:58.534Z", "level": "INFO", "service": "worker", "logger": "httpx", "msg": "HTTP Request: POST http://prefect-server:4200/api/work_pools/smarthub-pool/get_scheduled_flow_runs \"HTTP/1.1 200 OK\"", "container": "prefect-worker"}
{"ts": "2026-08-12T05:59:08.466Z", "level": "INFO", "service": "worker", "logger": "httpx", "msg": "HTTP Request: POST http://prefect-server:4200/api/work_pools/smarthub-pool/get_scheduled_flow_runs \"HTTP/1.1 200 OK\"", "container": "prefect-worker"}
{"ts": "2026-08-12T05:59:18.113Z", "level": "INFO", "service": "worker", "logger": "httpx", "msg": "HTTP Request: POST http://prefect-server:4200/api/work_pools/smarthub-pool/get_scheduled_flow_runs \"HTTP/1.1 200 OK\"", "container": "prefect-worker"}
{"ts": "2026-08-12T05:59:26.519Z", "level": "INFO", "service": "worker", "logger": "httpx", "msg": "HTTP Request: POST http://prefect-server:4200/api/work_pools/smarthub-pool/get_scheduled_flow_runs \"HTTP/1.1 200 OK\"", "container": "prefect-worker"}
{"ts": "2026-08-12T05:59:38.149Z", "level": "INFO", "service": "worker", "logger": "httpx", "msg": "HTTP Request: POST http://prefect-server:4200/api/work_pools/smarthub-pool/get_scheduled_flow_runs \"HTTP/1.1 200 OK\"", "container": "prefect-worker"}
{"ts": "2026-08-12T05:59:47.706Z", "level": "INFO", "service": "worker", "logger": "httpx", "msg": "HTTP Request: POST http://prefect-server:4200/api/work_pools/smarthub-pool/get_scheduled_flow_runs \"HTTP/1.1 200 OK\"", "container": "prefect-worker"}
{"ts": "2026-08-12T05:59:59.231Z", "level": "INFO", "service": "worker", "logger": "httpx", "msg": "HTTP Request: POST http://prefect-server:4200/api/work_pools/smarthub-pool/get_scheduled_flow_runs \"HTTP/1.1 200 OK\"", "container": "prefect-worker"}
{"ts": "2026-08-12T06:00:08.607Z", "level": "INFO", "service": "worker", "logger": "httpx", "msg": "HTTP Request: POST http://prefect-server:4200/api/work_pools/smarthub-pool/get_scheduled_flow_runs \"HTTP/1.1 200 OK\"", "container": "prefect-worker"}
{"ts": "2026-08-12T06:00:16.381Z", "level": "INFO", "service": "worker", "logger": "httpx", "msg": "HTTP Request: POST http://prefect-server:4200/api/work_pools/smarthub-pool/get_scheduled_flow_runs \"HTTP/1.1 200 OK\"", "container": "prefect-worker"}
{"ts": "2026-08-12T06:00:25.989Z", "level": "INFO", "service": "worker", "logger": "httpx", "msg": "HTTP Request: POST http://prefect-server:4200/api/work_pools/smarthub-pool/get_scheduled_flow_runs \"HTTP/1.1 200 OK\"", "container": "prefect-worker"}
{"ts": "2026-08-12T06:00:36.144Z", "level": "INFO", "service": "worker", "logger": "httpx", "msg": "HTTP Request: POST http://prefect-server:4200/api/work_pools/smarthub-pool/get_scheduled_flow_runs \"HTTP/1.1 200 OK\"", "container": "prefect-worker"}
{"ts": "2026-08-12T06:00:43.909Z", "level": "INFO", "service": "worker", "logger": "httpx", "msg": "HTTP Request: POST http://prefect-server:4200/api/work_pools/smarthub-pool/get_scheduled_flow_runs \"HTTP/1.1 200 OK\"", "container": "prefect-worker"}
{"ts": "2026-08-12T06:00:55.303Z", "level": "INFO", "service": "worker", "logger": "httpx", "msg": "HTTP Request: POST http://prefect-server:4200/api/work_pools/smarthub-pool/get_scheduled_flow_runs \"HTTP/1.1 200 OK\"", "container": "prefect-worker"}
{"ts": "2026-08-12T06:01:04.447Z", "level": "INFO", "service": "worker", "logger": "httpx", "msg": "HTTP Request: POST http://prefect-server:4200/api/work_pools/smarthub-pool/get_scheduled_flow_runs \"HTTP/1.1 200 OK\"", "container": "prefect-worker"}
{"ts": "2026-08-12T06:01:17.001Z", "level": "INFO", "service": "worker", "logger": "httpx", "msg": "HTTP Request: POST http://prefect-server:4200/api/work_pools/smarthub-pool/get_scheduled_flow_runs \"HTTP/1.1 200 OK\"", "container": "prefect-worker"}
{"ts": "2026-08-12T06:01:24.707Z", "level": "INFO", "service": "worker", "logger": "httpx", "msg": "HTTP Request: POST http://prefect-server:4200/api/work_pools/smarthub-pool/get_scheduled_flow_runs \"HTTP/1.1 200 OK\"", "container": "prefect-worker"}
{"ts": "2026-08-12T06:01:32.351Z", "level": "INFO", "service": "worker", "logger": "httpx", "msg": "HTTP Request: POST http://prefect-server:4200/api/work_pools/smarthub-pool/get_scheduled_flow_runs \"HTTP/1.1 200 OK\"", "container": "prefect-worker"}
{"ts": "2026-08-12T06:01:42.557Z", "level": "INFO", "service": "worker", "logger": "httpx", "msg": "HTTP Request: POST http://prefect-server:4200/api/work_pools/smarthub-pool/get_scheduled_flow_runs \"HTTP/1.1 200 OK\"", "container": "prefect-worker"}
{"ts": "2026-08-12T06:01:51.258Z", "level": "INFO", "service": "worker", "logger": "httpx", "msg": "HTTP Request: POST http://prefect-server:4200/api/work_pools/smarthub-pool/get_scheduled_flow_runs \"HTTP/1.1 200 OK\"", "container": "prefect-worker"}
{"ts": "2026-08-12T06:02:00.201Z", "level": "INFO", "service": "worker", "logger": "httpx", "msg": "HTTP Request: POST http://prefect-server:4200/api/work_pools/smarthub-pool/get_scheduled_flow_runs \"HTTP/1.1 200 OK\"", "container": "prefect-worker"}
{"ts": "2026-08-12T06:02:08.805Z", "level": "INFO", "service": "worker", "logger": "httpx", "msg": "HTTP Request: POST http://prefect-server:4200/api/work_pools/smarthub-pool/get_scheduled_flow_runs \"HTTP/1.1 200 OK\"", "container": "prefect-worker"}
{"ts": "2026-08-12T06:02:19.800Z", "level": "INFO", "service": "worker", "logger": "httpx", "msg": "HTTP Request: POST http://prefect-server:4200/api/work_pools/smarthub-pool/get_scheduled_flow_runs \"HTTP/1.1 200 OK\"", "container": "prefect-worker"}
{"ts": "2026-08-12T06:02:30.045Z", "level": "INFO", "service": "worker", "logger": "httpx", "msg": "HTTP Request: POST http://prefect-server:4200/api/work_pools/smarthub-pool/get_scheduled_flow_runs \"HTTP/1.1 200 OK\"", "container": "prefect-worker"}
{"ts": "2026-08-12T06:02:37.837Z", "level": "INFO", "service": "worker", "logger": "httpx", "msg": "HTTP Request: POST http://prefect-server:4200/api/work_pools/smarthub-pool/get_scheduled_flow_runs \"HTTP/1.1 200 OK\"", "container": "prefect-worker"}
{"ts": "2026-08-12T06:02:49.565Z", "level": "INFO", "service": "worker", "logger": "httpx", "msg": "HTTP Request: POST http://prefect-server:4200/api/work_pools/smarthub-pool/get_scheduled_flow_runs \"HTTP/1.1 200 OK\"", "container": "prefect-worker"}
{"ts": "2026-08-12T06:02:58.029Z", "level": "INFO", "service": "worker", "logger": "httpx", "msg": "HTTP Request: POST http://prefect-server:4200/api/work_pools/smarthub-pool/get_scheduled_flow_runs \"HTTP/1.1 200 OK\"", "container": "prefect-worker"}
{"ts": "2026-08-12T06:03:10.766Z", "level": "INFO", "service": "worker", "logger": "httpx", "msg": "HTTP Request: POST http://prefect-server:4200/api/work_pools/smarthub-pool/get_scheduled_flow_runs \"HTTP/1.1 200 OK\"", "container": "prefect-worker"}
{"ts": "2026-08-12T06:03:22.577Z", "level": "INFO", "service": "worker", "logger": "httpx", "msg": "HTTP Request: POST http://prefect-server:4200/api/work_pools/smarthub-pool/get_scheduled_flow_runs \"HTTP/1.1 200 OK\"", "container": "prefect-worker"}
{"ts": "2026-08-12T06:03:34.106Z", "level": "INFO", "service": "worker", "logger": "httpx", "msg": "HTTP Request: POST http://prefect-server:4200/api/work_pools/smarthub-pool/get_scheduled_flow_runs \"HTTP/1.1 200 OK\"", "container": "prefect-worker"}
{"ts": "2026-08-12T06:03:42.378Z", "level": "INFO", "service": "worker", "logger": "httpx", "msg": "HTTP Request: POST http://prefect-server:4200/api/work_pools/smarthub-pool/get_scheduled_flow_runs \"HTTP/1.1 200 OK\"", "container": "prefect-worker"}
{"ts": "2026-08-12T06:03:53.914Z", "level": "INFO", "service": "worker", "logger": "httpx", "msg": "HTTP Request: POST http://prefect-server:4200/api/work_pools/smarthub-pool/get_scheduled_flow_runs \"HTTP/1.1 200 OK\"", "container": "prefect-worker"}
{"ts": "2026-08-12T06:04:05.725Z", "level": "INFO", "service": "worker", "logger": "httpx", "msg": "HTTP Request: POST http://prefect-server:4200/api/work_pools/smarthub-pool/get_scheduled_flow_runs \"HTTP/1.1 200 OK\"", "container": "prefect-worker"}
{"ts": "2026-08-12T06:04:17.245Z", "level": "INFO", "service": "worker", "logger": "httpx", "msg": "HTTP Request: POST http://prefect-server:4200/api/work_pools/smarthub-pool/get_scheduled_flow_runs \"HTTP/1.1 200 OK\"", "container": "prefect-worker"}
{"ts": "2026-08-12T06:04:27.222Z", "level": "INFO", "service": "worker", "logger": "httpx", "msg": "HTTP Request: POST http://prefect-server:4200/api/work_pools/smarthub-pool/get_scheduled_flow_runs \"HTTP/1.1 200 OK\"", "container": "prefect-worker"}
{"ts": "2026-08-12T06:04:37.531Z", "level": "INFO", "service": "worker", "logger": "httpx", "msg": "HTTP Request: POST http://prefect-server:4200/api/work_pools/smarthub-pool/get_scheduled_flow_runs \"HTTP/1.1 200 OK\"", "container": "prefect-worker"}
{"ts": "2026-08-12T06:04:49.300Z", "level": "INFO", "service": "worker", "logger": "httpx", "msg": "HTTP Request: POST http://prefect-server:4200/api/work_pools/smarthub-pool/get_scheduled_flow_runs \"HTTP/1.1 200 OK\"", "container": "prefect-worker"}
{"ts": "2026-08-12T06:04:59.682Z", "level": "INFO", "service": "worker", "logger": "httpx", "msg": "HTTP Request: POST http://prefect-server:4200/api/work_pools/smarthub-pool/get_scheduled_flow_runs \"HTTP/1.1 200 OK\"", "container": "prefect-worker"}
{"ts": "2026-08-12T06:05:10.816Z", "level": "INFO", "service": "worker", "logger": "httpx", "msg": "HTTP Request: POST http://prefect-server:4200/api/work_pools/smarthub-pool/get_scheduled_flow_runs \"HTTP/1.1 200 OK\"", "container": "prefect-worker"}
{"ts": "2026-08-12T06:05:18.629Z", "level": "INFO", "service": "worker", "logger": "httpx", "msg": "HTTP Request: POST http://prefect-server:4200/api/work_pools/smarthub-pool/get_scheduled_flow_runs \"HTTP/1.1 200 OK\"", "container": "prefect-worker"}
{"ts": "2026-08-12T06:05:30.402Z", "level": "INFO", "service": "worker", "logger": "httpx", "msg": "HTTP Request: POST http://prefect-server:4200/api/work_pools/smarthub-pool/get_scheduled_flow_runs \"HTTP/1.1 200 OK\"", "container": "prefect-worker"}
{"ts": "2026-08-12T06:05:41.543Z", "level": "INFO", "service": "worker", "logger": "httpx", "msg": "HTTP Request: POST http://prefect-server:4200/api/work_pools/smarthub-pool/get_scheduled_flow_runs \"HTTP/1.1 200 OK\"", "container": "prefect-worker"}
{"ts": "2026-08-12T06:05:49.945Z", "level": "INFO", "service": "worker", "logger": "httpx", "msg": "HTTP Request: POST http://prefect-server:4200/api/work_pools/smarthub-pool/get_scheduled_flow_runs \"HTTP/1.1 200 OK\"", "container": "prefect-worker"}
{"ts": "2026-08-12T06:06:01.194Z", "level": "INFO", "service": "worker", "logger": "httpx", "msg": "HTTP Request: POST http://prefect-server:4200/api/work_pools/smarthub-pool/get_scheduled_flow_runs \"HTTP/1.1 200 OK\"", "container": "prefect-worker"}
{"ts": "2026-08-12T06:06:11.566Z", "level": "INFO", "service": "worker", "logger": "httpx", "msg": "HTTP Request: POST http://prefect-server:4200/api/work_pools/smarthub-pool/get_scheduled_flow_runs \"HTTP/1.1 200 OK\"", "container": "prefect-worker"}
{"ts": "2026-08-12T06:06:23.759Z", "level": "INFO", "service": "worker", "logger": "httpx", "msg": "HTTP Request: POST http://prefect-server:4200/api/work_pools/smarthub-pool/get_scheduled_flow_runs \"HTTP/1.1 200 OK\"", "container": "prefect-worker"}
{"ts": "2026-08-12T06:06:31.372Z", "level": "INFO", "service": "worker", "logger": "httpx", "msg": "HTTP Request: POST http://prefect-server:4200/api/work_pools/smarthub-pool/get_scheduled_flow_runs \"HTTP/1.1 200 OK\"", "container": "prefect-worker"}
{"ts": "2026-08-12T06:06:41.896Z", "level": "INFO", "service": "worker", "logger": "httpx", "msg": "HTTP Request: POST http://prefect-server:4200/api/work_pools/smarthub-pool/get_scheduled_flow_runs \"HTTP/1.1 200 OK\"", "container": "prefect-worker"}
{"ts": "2026-08-12T06:06:50.449Z", "level": "INFO", "service": "worker", "logger": "httpx", "msg": "HTTP Request: POST http://prefect-server:4200/api/work_pools/smarthub-pool/get_scheduled_flow_runs \"HTTP/1.1 200 OK\"", "container": "prefect-worker"}
{"ts": "2026-08-12T06:06:59.294Z", "level": "INFO", "service": "worker", "logger": "httpx", "msg": "HTTP Request: POST http://prefect-server:4200/api/work_pools/smarthub-pool/get_scheduled_flow_runs \"HTTP/1.1 200 OK\"", "container": "prefect-worker"}
{"ts": "2026-08-12T06:07:09.558Z", "level": "INFO", "service": "worker", "logger": "httpx", "msg": "HTTP Request: POST http://prefect-server:4200/api/work_pools/smarthub-pool/get_scheduled_flow_runs \"HTTP/1.1 200 OK\"", "container": "prefect-worker"}
{"ts": "2026-08-12T06:07:19.331Z", "level": "INFO", "service": "worker", "logger": "httpx", "msg": "HTTP Request: POST http://prefect-server:4200/api/work_pools/smarthub-pool/get_scheduled_flow_runs \"HTTP/1.1 200 OK\"", "container": "prefect-worker"}
{"ts": "2026-08-12T06:07:29.513Z", "level": "INFO", "service": "worker", "logger": "httpx", "msg": "HTTP Request: POST http://prefect-server:4200/api/work_pools/smarthub-pool/get_scheduled_flow_runs \"HTTP/1.1 200 OK\"", "container": "prefect-worker"}
{"ts": "2026-08-12T06:07:42.050Z", "level": "INFO", "service": "worker", "logger": "httpx", "msg": "HTTP Request: POST http://prefect-server:4200/api/work_pools/smarthub-pool/get_scheduled_flow_runs \"HTTP/1.1 200 OK\"", "container": "prefect-worker"}
{"ts": "2026-08-12T06:07:54.072Z", "level": "INFO", "service": "worker", "logger": "httpx", "msg": "HTTP Request: POST http://prefect-server:4200/api/work_pools/smarthub-pool/get_scheduled_flow_runs \"HTTP/1.1 200 OK\"", "container": "prefect-worker"}
{"ts": "2026-08-12T06:08:02.021Z", "level": "INFO", "service": "worker", "logger": "httpx", "msg": "HTTP Request: POST http://prefect-server:4200/api/work_pools/smarthub-pool/get_scheduled_flow_runs \"HTTP/1.1 200 OK\"", "container": "prefect-worker"}
{"ts": "2026-08-12T06:08:13.674Z", "level": "INFO", "service": "worker", "logger": "httpx", "msg": "HTTP Request: POST http://prefect-server:4200/api/work_pools/smarthub-pool/get_scheduled_flow_runs \"HTTP/1.1 200 OK\"", "container": "prefect-worker"}
{"ts": "2026-08-12T06:08:24.680Z", "level": "INFO", "service": "worker", "logger": "httpx", "msg": "HTTP Request: POST http://prefect-server:4200/api/work_pools/smarthub-pool/get_scheduled_flow_runs \"HTTP/1.1 200 OK\"", "container": "prefect-worker"}
{"ts": "2026-08-12T06:08:37.241Z", "level": "INFO", "service": "worker", "logger": "httpx", "msg": "HTTP Request: POST http://prefect-server:4200/api/work_pools/smarthub-pool/get_scheduled_flow_runs \"HTTP/1.1 200 OK\"", "container": "prefect-worker"}
{"ts": "2026-08-12T06:08:49.319Z", "level": "INFO", "service": "worker", "logger": "httpx", "msg": "HTTP Request: POST http://prefect-server:4200/api/work_pools/smarthub-pool/get_scheduled_flow_runs \"HTTP/1.1 200 OK\"", "container": "prefect-worker"}
{"ts": "2026-08-12T06:08:59.433Z", "level": "INFO", "service": "worker", "logger": "httpx", "msg": "HTTP Request: POST http://prefect-server:4200/api/work_pools/smarthub-pool/get_scheduled_flow_runs \"HTTP/1.1 200 OK\"", "container": "prefect-worker"}
{"ts": "2026-08-12T06:09:11.686Z", "level": "INFO", "service": "worker", "logger": "httpx", "msg": "HTTP Request: POST http://prefect-server:4200/api/work_pools/smarthub-pool/get_scheduled_flow_runs \"HTTP/1.1 200 OK\"", "container": "prefect-worker"}
{"ts": "2026-08-12T06:09:22.813Z", "level": "INFO", "service": "worker", "logger": "httpx", "msg": "HTTP Request: POST http://prefect-server:4200/api/work_pools/smarthub-pool/get_scheduled_flow_runs \"HTTP/1.1 200 OK\"", "container": "prefect-worker"}
{"ts": "2026-08-12T06:09:33.948Z", "level": "INFO", "service": "worker", "logger": "httpx", "msg": "HTTP Request: POST http://prefect-server:4200/api/work_pools/smarthub-pool/get_scheduled_flow_runs \"HTTP/1.1 200 OK\"", "container": "prefect-worker"}
{"ts": "2026-08-12T06:09:45.592Z", "level": "INFO", "service": "worker", "logger": "httpx", "msg": "HTTP Request: POST http://prefect-server:4200/api/work_pools/smarthub-pool/get_scheduled_flow_runs \"HTTP/1.1 200 OK\"", "container": "prefect-worker"}
{"ts": "2026-08-12T06:09:56.448Z", "level": "INFO", "service": "worker", "logger": "httpx", "msg": "HTTP Request: POST http://prefect-server:4200/api/work_pools/smarthub-pool/get_scheduled_flow_runs \"HTTP/1.1 200 OK\"", "container": "prefect-worker"}
{"ts": "2026-08-12T06:10:04.372Z", "level": "INFO", "service": "worker", "logger": "httpx", "msg": "HTTP Request: POST http://prefect-server:4200/api/work_pools/smarthub-pool/get_scheduled_flow_runs \"HTTP/1.1 200 OK\"", "container": "prefect-worker"}
{"ts": "2026-08-12T06:10:12.097Z", "level": "INFO", "service": "worker", "logger": "httpx", "msg": "HTTP Request: POST http://prefect-server:4200/api/work_pools/smarthub-pool/get_scheduled_flow_runs \"HTTP/1.1 200 OK\"", "container": "prefect-worker"}
{"ts": "2026-08-12T06:10:24.405Z", "level": "INFO", "service": "worker", "logger": "httpx", "msg": "HTTP Request: POST http://prefect-server:4200/api/work_pools/smarthub-pool/get_scheduled_flow_runs \"HTTP/1.1 200 OK\"", "container": "prefect-worker"}
{"ts": "2026-08-12T06:10:37.394Z", "level": "INFO", "service": "worker", "logger": "httpx", "msg": "HTTP Request: POST http://prefect-server:4200/api/work_pools/smarthub-pool/get_scheduled_flow_runs \"HTTP/1.1 200 OK\"", "container": "prefect-worker"}
{"ts": "2026-08-12T06:10:47.125Z", "level": "INFO", "service": "worker", "logger": "httpx", "msg": "HTTP Request: POST http://prefect-server:4200/api/work_pools/smarthub-pool/get_scheduled_flow_runs \"HTTP/1.1 200 OK\"", "container": "prefect-worker"}
{"ts": "2026-08-12T06:10:57.505Z", "level": "INFO", "service": "worker", "logger": "httpx", "msg": "HTTP Request: POST http://prefect-server:4200/api/work_pools/smarthub-pool/get_scheduled_flow_runs \"HTTP/1.1 200 OK\"", "container": "prefect-worker"}
{"ts": "2026-08-12T06:11:09.699Z", "level": "INFO", "service": "worker", "logger": "httpx", "msg": "HTTP Request: POST http://prefect-server:4200/api/work_pools/smarthub-pool/get_scheduled_flow_runs \"HTTP/1.1 200 OK\"", "container": "prefect-worker"}
{"ts": "2026-08-12T06:11:20.801Z", "level": "INFO", "service": "worker", "logger": "httpx", "msg": "HTTP Request: POST http://prefect-server:4200/api/work_pools/smarthub-pool/get_scheduled_flow_runs \"HTTP/1.1 200 OK\"", "container": "prefect-worker"}
{"ts": "2026-08-12T06:11:30.041Z", "level": "INFO", "service": "worker", "logger": "httpx", "msg": "HTTP Request: POST http://prefect-server:4200/api/work_pools/smarthub-pool/get_scheduled_flow_runs \"HTTP/1.1 200 OK\"", "container": "prefect-worker"}
{"ts": "2026-08-12T06:11:38.747Z", "level": "INFO", "service": "worker", "logger": "httpx", "msg": "HTTP Request: POST http://prefect-server:4200/api/work_pools/smarthub-pool/get_scheduled_flow_runs \"HTTP/1.1 200 OK\"", "container": "prefect-worker"}
{"ts": "2026-08-12T06:11:51.366Z", "level": "INFO", "service": "worker", "logger": "httpx", "msg": "HTTP Request: POST http://prefect-server:4200/api/work_pools/smarthub-pool/get_scheduled_flow_runs \"HTTP/1.1 200 OK\"", "container": "prefect-worker"}
{"ts": "2026-08-12T06:12:03.440Z", "level": "INFO", "service": "worker", "logger": "httpx", "msg": "HTTP Request: POST http://prefect-server:4200/api/work_pools/smarthub-pool/get_scheduled_flow_runs \"HTTP/1.1 200 OK\"", "container": "prefect-worker"}
{"ts": "2026-08-12T06:12:12.549Z", "level": "INFO", "service": "worker", "logger": "httpx", "msg": "HTTP Request: POST http://prefect-server:4200/api/work_pools/smarthub-pool/get_scheduled_flow_runs \"HTTP/1.1 200 OK\"", "container": "prefect-worker"}
{"ts": "2026-08-12T06:12:20.889Z", "level": "INFO", "service": "worker", "logger": "httpx", "msg": "HTTP Request: POST http://prefect-server:4200/api/work_pools/smarthub-pool/get_scheduled_flow_runs \"HTTP/1.1 200 OK\"", "container": "prefect-worker"}
{"ts": "2026-08-12T06:12:30.417Z", "level": "INFO", "service": "worker", "logger": "httpx", "msg": "HTTP Request: POST http://prefect-server:4200/api/work_pools/smarthub-pool/get_scheduled_flow_runs \"HTTP/1.1 200 OK\"", "container": "prefect-worker"}
{"ts": "2026-08-12T06:12:37.998Z", "level": "INFO", "service": "worker", "logger": "httpx", "msg": "HTTP Request: POST http://prefect-server:4200/api/work_pools/smarthub-pool/get_scheduled_flow_runs \"HTTP/1.1 200 OK\"", "container": "prefect-worker"}
{"ts": "2026-08-12T06:12:48.678Z", "level": "INFO", "service": "worker", "logger": "httpx", "msg": "HTTP Request: POST http://prefect-server:4200/api/work_pools/smarthub-pool/get_scheduled_flow_runs \"HTTP/1.1 200 OK\"", "container": "prefect-worker"}
{"ts": "2026-08-12T06:13:01.416Z", "level": "INFO", "service": "worker", "logger": "httpx", "msg": "HTTP Request: POST http://prefect-server:4200/api/work_pools/smarthub-pool/get_scheduled_flow_runs \"HTTP/1.1 200 OK\"", "container": "prefect-worker"}
{"ts": "2026-08-12T06:13:10.704Z", "level": "INFO", "service": "worker", "logger": "httpx", "msg": "HTTP Request: POST http://prefect-server:4200/api/work_pools/smarthub-pool/get_scheduled_flow_runs \"HTTP/1.1 200 OK\"", "container": "prefect-worker"}
{"ts": "2026-08-12T06:13:22.798Z", "level": "INFO", "service": "worker", "logger": "httpx", "msg": "HTTP Request: POST http://prefect-server:4200/api/work_pools/smarthub-pool/get_scheduled_flow_runs \"HTTP/1.1 200 OK\"", "container": "prefect-worker"}
{"ts": "2026-08-12T06:13:34.609Z", "level": "INFO", "service": "worker", "logger": "httpx", "msg": "HTTP Request: POST http://prefect-server:4200/api/work_pools/smarthub-pool/get_scheduled_flow_runs \"HTTP/1.1 200 OK\"", "container": "prefect-worker"}
{"ts": "2026-08-12T06:13:42.945Z", "level": "INFO", "service": "worker", "logger": "httpx", "msg": "HTTP Request: POST http://prefect-server:4200/api/work_pools/smarthub-pool/get_scheduled_flow_runs \"HTTP/1.1 200 OK\"", "container": "prefect-worker"}
{"ts": "2026-08-12T06:13:52.037Z", "level": "INFO", "service": "worker", "logger": "httpx", "msg": "HTTP Request: POST http://prefect-server:4200/api/work_pools/smarthub-pool/get_scheduled_flow_runs \"HTTP/1.1 200 OK\"", "container": "prefect-worker"}
{"ts": "2026-08-12T06:13:59.655Z", "level": "INFO", "service": "worker", "logger": "httpx", "msg": "HTTP Request: POST http://prefect-server:4200/api/work_pools/smarthub-pool/get_scheduled_flow_runs \"HTTP/1.1 200 OK\"", "container": "prefect-worker"}
{"ts": "2026-08-12T06:14:11.313Z", "level": "INFO", "service": "worker", "logger": "httpx", "msg": "HTTP Request: POST http://prefect-server:4200/api/work_pools/smarthub-pool/get_scheduled_flow_runs \"HTTP/1.1 200 OK\"", "container": "prefect-worker"}
{"ts": "2026-08-12T06:14:19.698Z", "level": "INFO", "service": "worker", "logger": "httpx", "msg": "HTTP Request: POST http://prefect-server:4200/api/work_pools/smarthub-pool/get_scheduled_flow_runs \"HTTP/1.1 200 OK\"", "container": "prefect-worker"}
{"ts": "2026-08-12T06:14:31.193Z", "level": "INFO", "service": "worker", "logger": "httpx", "msg": "HTTP Request: POST http://prefect-server:4200/api/work_pools/smarthub-pool/get_scheduled_flow_runs \"HTTP/1.1 200 OK\"", "container": "prefect-worker"}
{"ts": "2026-08-12T06:14:41.469Z", "level": "INFO", "service": "worker", "logger": "httpx", "msg": "HTTP Request: POST http://prefect-server:4200/api/work_pools/smarthub-pool/get_scheduled_flow_runs \"HTTP/1.1 200 OK\"", "container": "prefect-worker"}
{"ts": "2026-08-12T06:14:50.553Z", "level": "INFO", "service": "worker", "logger": "httpx", "msg": "HTTP Request: POST http://prefect-server:4200/api/work_pools/smarthub-pool/get_scheduled_flow_runs \"HTTP/1.1 200 OK\"", "container": "prefect-worker"}
{"ts": "2026-08-12T06:15:01.023Z", "level": "INFO", "service": "worker", "logger": "httpx", "msg": "HTTP Request: POST http://prefect-server:4200/api/work_pools/smarthub-pool/get_scheduled_flow_runs \"HTTP/1.1 200 OK\"", "container": "prefect-worker"}
{"ts": "2026-08-12T06:15:09.473Z", "level": "INFO", "service": "worker", "logger": "httpx", "msg": "HTTP Request: POST http://prefect-server:4200/api/work_pools/smarthub-pool/get_scheduled_flow_runs \"HTTP/1.1 200 OK\"", "container": "prefect-worker"}
{"ts": "2026-08-12T06:15:20.958Z", "level": "INFO", "service": "worker", "logger": "httpx", "msg": "HTTP Request: POST http://prefect-server:4200/api/work_pools/smarthub-pool/get_scheduled_flow_runs \"HTTP/1.1 200 OK\"", "container": "prefect-worker"}
{"ts": "2026-08-12T06:15:28.861Z", "level": "INFO", "service": "worker", "logger": "httpx", "msg": "HTTP Request: POST http://prefect-server:4200/api/work_pools/smarthub-pool/get_scheduled_flow_runs \"HTTP/1.1 200 OK\"", "container": "prefect-worker"}
{"ts": "2026-08-12T06:15:38.443Z", "level": "INFO", "service": "worker", "logger": "httpx", "msg": "HTTP Request: POST http://prefect-server:4200/api/work_pools/smarthub-pool/get_scheduled_flow_runs \"HTTP/1.1 200 OK\"", "container": "prefect-worker"}
{"ts": "2026-08-12T06:15:46.218Z", "level": "INFO", "service": "worker", "logger": "httpx", "msg": "HTTP Request: POST http://prefect-server:4200/api/work_pools/smarthub-pool/get_scheduled_flow_runs \"HTTP/1.1 200 OK\"", "container": "prefect-worker"}
{"ts": "2026-08-12T06:15:54.334Z", "level": "INFO", "service": "worker", "logger": "httpx", "msg": "HTTP Request: POST http://prefect-server:4200/api/work_pools/smarthub-pool/get_scheduled_flow_runs \"HTTP/1.1 200 OK\"", "container": "prefect-worker"}
{"ts": "2026-08-12T06:16:06.836Z", "level": "INFO", "service": "worker", "logger": "httpx", "msg": "HTTP Request: POST http://prefect-server:4200/api/work_pools/smarthub-pool/get_scheduled_flow_runs \"HTTP/1.1 200 OK\"", "container": "prefect-worker"}
{"ts": "2026-08-12T06:16:19.080Z", "level": "INFO", "service": "worker", "logger": "httpx", "msg": "HTTP Request: POST http://prefect-server:4200/api/work_pools/smarthub-pool/get_scheduled_flow_runs \"HTTP/1.1 200 OK\"", "container": "prefect-worker"}
{"ts": "2026-08-12T06:16:28.131Z", "level": "INFO", "service": "worker", "logger": "httpx", "msg": "HTTP Request: POST http://prefect-server:4200/api/work_pools/smarthub-pool/get_scheduled_flow_runs \"HTTP/1.1 200 OK\"", "container": "prefect-worker"}
{"ts": "2026-08-12T06:16:38.992Z", "level": "INFO", "service": "worker", "logger": "httpx", "msg": "HTTP Request: POST http://prefect-server:4200/api/work_pools/smarthub-pool/get_scheduled_flow_runs \"HTTP/1.1 200 OK\"", "container": "prefect-worker"}
{"ts": "2026-08-12T06:16:51.229Z", "level": "INFO", "service": "worker", "logger": "httpx", "msg": "HTTP Request: POST http://prefect-server:4200/api/work_pools/smarthub-pool/get_scheduled_flow_runs \"HTTP/1.1 200 OK\"", "container": "prefect-worker"}
{"ts": "2026-08-12T06:16:59.755Z", "level": "INFO", "service": "worker", "logger": "httpx", "msg": "HTTP Request: POST http://prefect-server:4200/api/work_pools/smarthub-pool/get_scheduled_flow_runs \"HTTP/1.1 200 OK\"", "container": "prefect-worker"}
{"ts": "2026-08-12T06:17:07.661Z", "level": "INFO", "service": "worker", "logger": "httpx", "msg": "HTTP Request: POST http://prefect-server:4200/api/work_pools/smarthub-pool/get_scheduled_flow_runs \"HTTP/1.1 200 OK\"", "container": "prefect-worker"}
{"ts": "2026-08-12T06:17:19.858Z", "level": "INFO", "service": "worker", "logger": "httpx", "msg": "HTTP Request: POST http://prefect-server:4200/api/work_pools/smarthub-pool/get_scheduled_flow_runs \"HTTP/1.1 200 OK\"", "container": "prefect-worker"}
{"ts": "2026-08-12T06:17:30.825Z", "level": "INFO", "service": "worker", "logger": "httpx", "msg": "HTTP Request: POST http://prefect-server:4200/api/work_pools/smarthub-pool/get_scheduled_flow_runs \"HTTP/1.1 200 OK\"", "container": "prefect-worker"}
{"ts": "2026-08-12T06:17:40.345Z", "level": "INFO", "service": "worker", "logger": "httpx", "msg": "HTTP Request: POST http://prefect-server:4200/api/work_pools/smarthub-pool/get_scheduled_flow_runs \"HTTP/1.1 200 OK\"", "container": "prefect-worker"}
{"ts": "2026-08-12T06:17:51.493Z", "level": "INFO", "service": "worker", "logger": "httpx", "msg": "HTTP Request: POST http://prefect-server:4200/api/work_pools/smarthub-pool/get_scheduled_flow_runs \"HTTP/1.1 200 OK\"", "container": "prefect-worker"}
{"ts": "2026-08-12T06:18:04.509Z", "level": "INFO", "service": "worker", "logger": "httpx", "msg": "HTTP Request: POST http://prefect-server:4200/api/work_pools/smarthub-pool/get_scheduled_flow_runs \"HTTP/1.1 200 OK\"", "container": "prefect-worker"}
{"ts": "2026-08-12T06:18:12.790Z", "level": "INFO", "service": "worker", "logger": "httpx", "msg": "HTTP Request: POST http://prefect-server:4200/api/work_pools/smarthub-pool/get_scheduled_flow_runs \"HTTP/1.1 200 OK\"", "container": "prefect-worker"}
{"ts": "2026-08-12T06:18:23.517Z", "level": "INFO", "service": "worker", "logger": "httpx", "msg": "HTTP Request: POST http://prefect-server:4200/api/work_pools/smarthub-pool/get_scheduled_flow_runs \"HTTP/1.1 200 OK\"", "container": "prefect-worker"}
{"ts": "2026-08-12T06:18:36.466Z", "level": "INFO", "service": "worker", "logger": "httpx", "msg": "HTTP Request: POST http://prefect-server:4200/api/work_pools/smarthub-pool/get_scheduled_flow_runs \"HTTP/1.1 200 OK\"", "container": "prefect-worker"}
{"ts": "2026-08-12T06:18:48.574Z", "level": "INFO", "service": "worker", "logger": "httpx", "msg": "HTTP Request: POST http://prefect-server:4200/api/work_pools/smarthub-pool/get_scheduled_flow_runs \"HTTP/1.1 200 OK\"", "container": "prefect-worker"}
{"ts": "2026-08-12T06:19:01.425Z", "level": "INFO", "service": "worker", "logger": "httpx", "msg": "HTTP Request: POST http://prefect-server:4200/api/work_pools/smarthub-pool/get_scheduled_flow_runs \"HTTP/1.1 200 OK\"", "container": "prefect-worker"}
{"ts": "2026-08-12T06:19:13.485Z", "level": "INFO", "service": "worker", "logger": "httpx", "msg": "HTTP Request: POST http://prefect-server:4200/api/work_pools/smarthub-pool/get_scheduled_flow_runs \"HTTP/1.1 200 OK\"", "container": "prefect-worker"}
{"ts": "2026-08-12T06:19:21.981Z", "level": "INFO", "service": "worker", "logger": "httpx", "msg": "HTTP Request: POST http://prefect-server:4200/api/work_pools/smarthub-pool/get_scheduled_flow_runs \"HTTP/1.1 200 OK\"", "container": "prefect-worker"}
{"ts": "2026-08-12T06:19:31.795Z", "level": "INFO", "service": "worker", "logger": "httpx", "msg": "HTTP Request: POST http://prefect-server:4200/api/work_pools/smarthub-pool/get_scheduled_flow_runs \"HTTP/1.1 200 OK\"", "container": "prefect-worker"}
{"ts": "2026-08-12T06:19:39.687Z", "level": "INFO", "service": "worker", "logger": "httpx", "msg": "HTTP Request: POST http://prefect-server:4200/api/work_pools/smarthub-pool/get_scheduled_flow_runs \"HTTP/1.1 200 OK\"", "container": "prefect-worker"}
{"ts": "2026-08-12T06:19:48.630Z", "level": "INFO", "service": "worker", "logger": "httpx", "msg": "HTTP Request: POST http://prefect-server:4200/api/work_pools/smarthub-pool/get_scheduled_flow_runs \"HTTP/1.1 200 OK\"", "container": "prefect-worker"}
{"ts": "2026-08-12T06:19:58.981Z", "level": "INFO", "service": "worker", "logger": "httpx", "msg": "HTTP Request: POST http://prefect-server:4200/api/work_pools/smarthub-pool/get_scheduled_flow_runs \"HTTP/1.1 200 OK\"", "container": "prefect-worker"}
{"ts": "2026-08-12T06:20:08.705Z", "level": "INFO", "service": "worker", "logger": "httpx", "msg": "HTTP Request: POST http://prefect-server:4200/api/work_pools/smarthub-pool/get_scheduled_flow_runs \"HTTP/1.1 200 OK\"", "container": "prefect-worker"}
{"ts": "2026-08-12T06:20:17.706Z", "level": "INFO", "service": "worker", "logger": "httpx", "msg": "HTTP Request: POST http://prefect-server:4200/api/work_pools/smarthub-pool/get_scheduled_flow_runs \"HTTP/1.1 200 OK\"", "container": "prefect-worker"}
{"ts": "2026-08-12T06:20:28.399Z", "level": "INFO", "service": "worker", "logger": "httpx", "msg": "HTTP Request: POST http://prefect-server:4200/api/work_pools/smarthub-pool/get_scheduled_flow_runs \"HTTP/1.1 200 OK\"", "container": "prefect-worker"}
{"ts": "2026-08-12T06:20:37.766Z", "level": "INFO", "service": "worker", "logger": "httpx", "msg": "HTTP Request: POST http://prefect-server:4200/api/work_pools/smarthub-pool/get_scheduled_flow_runs \"HTTP/1.1 200 OK\"", "container": "prefect-worker"}
{"ts": "2026-08-12T06:20:49.685Z", "level": "INFO", "service": "worker", "logger": "httpx", "msg": "HTTP Request: POST http://prefect-server:4200/api/work_pools/smarthub-pool/get_scheduled_flow_runs \"HTTP/1.1 200 OK\"", "container": "prefect-worker"}
{"ts": "2026-08-12T06:20:59.302Z", "level": "INFO", "service": "worker", "logger": "httpx", "msg": "HTTP Request: POST http://prefect-server:4200/api/work_pools/smarthub-pool/get_scheduled_flow_runs \"HTTP/1.1 200 OK\"", "container": "prefect-worker"}
{"ts": "2026-08-12T06:21:08.898Z", "level": "INFO", "service": "worker", "logger": "httpx", "msg": "HTTP Request: POST http://prefect-server:4200/api/work_pools/smarthub-pool/get_scheduled_flow_runs \"HTTP/1.1 200 OK\"", "container": "prefect-worker"}
{"ts": "2026-08-12T06:21:18.692Z", "level": "INFO", "service": "worker", "logger": "httpx", "msg": "HTTP Request: POST http://prefect-server:4200/api/work_pools/smarthub-pool/get_scheduled_flow_runs \"HTTP/1.1 200 OK\"", "container": "prefect-worker"}
{"ts": "2026-08-12T06:21:30.769Z", "level": "INFO", "service": "worker", "logger": "httpx", "msg": "HTTP Request: POST http://prefect-server:4200/api/work_pools/smarthub-pool/get_scheduled_flow_runs \"HTTP/1.1 200 OK\"", "container": "prefect-worker"}
{"ts": "2026-08-12T06:21:39.820Z", "level": "INFO", "service": "worker", "logger": "httpx", "msg": "HTTP Request: POST http://prefect-server:4200/api/work_pools/smarthub-pool/get_scheduled_flow_runs \"HTTP/1.1 200 OK\"", "container": "prefect-worker"}
{"ts": "2026-08-12T06:21:49.936Z", "level": "INFO", "service": "worker", "logger": "httpx", "msg": "HTTP Request: POST http://prefect-server:4200/api/work_pools/smarthub-pool/get_scheduled_flow_runs \"HTTP/1.1 200 OK\"", "container": "prefect-worker"}
{"ts": "2026-08-12T06:21:59.385Z", "level": "INFO", "service": "worker", "logger": "httpx", "msg": "HTTP Request: POST http://prefect-server:4200/api/work_pools/smarthub-pool/get_scheduled_flow_runs \"HTTP/1.1 200 OK\"", "container": "prefect-worker"}
{"ts": "2026-08-12T06:22:09.946Z", "level": "INFO", "service": "worker", "logger": "httpx", "msg": "HTTP Request: POST http://prefect-server:4200/api/work_pools/smarthub-pool/get_scheduled_flow_runs \"HTTP/1.1 200 OK\"", "container": "prefect-worker"}
{"ts": "2026-08-12T06:22:19.479Z", "level": "INFO", "service": "worker", "logger": "httpx", "msg": "HTTP Request: POST http://prefect-server:4200/api/work_pools/smarthub-pool/get_scheduled_flow_runs \"HTTP/1.1 200 OK\"", "container": "prefect-worker"}
{"ts": "2026-08-12T06:22:27.055Z", "level": "INFO", "service": "worker", "logger": "httpx", "msg": "HTTP Request: POST http://prefect-server:4200/api/work_pools/smarthub-pool/get_scheduled_flow_runs \"HTTP/1.1 200 OK\"", "container": "prefect-worker"}
{"ts": "2026-08-12T06:22:39.084Z", "level": "INFO", "service": "worker", "logger": "httpx", "msg": "HTTP Request: POST http://prefect-server:4200/api/work_pools/smarthub-pool/get_scheduled_flow_runs \"HTTP/1.1 200 OK\"", "container": "prefect-worker"}
{"ts": "2026-08-12T06:22:49.861Z", "level": "INFO", "service": "worker", "logger": "httpx", "msg": "HTTP Request: POST http://prefect-server:4200/api/work_pools/smarthub-pool/get_scheduled_flow_runs \"HTTP/1.1 200 OK\"", "container": "prefect-worker"}
{"ts": "2026-08-12T06:23:00.350Z", "level": "INFO", "service": "worker", "logger": "httpx", "msg": "HTTP Request: POST http://prefect-server:4200/api/work_pools/smarthub-pool/get_scheduled_flow_runs \"HTTP/1.1 200 OK\"", "container": "prefect-worker"}
{"ts": "2026-08-12T06:23:12.548Z", "level": "INFO", "service": "worker", "logger": "httpx", "msg": "HTTP Request: POST http://prefect-server:4200/api/work_pools/smarthub-pool/get_scheduled_flow_runs \"HTTP/1.1 200 OK\"", "container": "prefect-worker"}
{"ts": "2026-08-12T06:23:24.777Z", "level": "INFO", "service": "worker", "logger": "httpx", "msg": "HTTP Request: POST http://prefect-server:4200/api/work_pools/smarthub-pool/get_scheduled_flow_runs \"HTTP/1.1 200 OK\"", "container": "prefect-worker"}
{"ts": "2026-08-12T06:23:32.595Z", "level": "INFO", "service": "worker", "logger": "httpx", "msg": "HTTP Request: POST http://prefect-server:4200/api/work_pools/smarthub-pool/get_scheduled_flow_runs \"HTTP/1.1 200 OK\"", "container": "prefect-worker"}
{"ts": "2026-08-12T06:23:44.918Z", "level": "INFO", "service": "worker", "logger": "httpx", "msg": "HTTP Request: POST http://prefect-server:4200/api/work_pools/smarthub-pool/get_scheduled_flow_runs \"HTTP/1.1 200 OK\"", "container": "prefect-worker"}
{"ts": "2026-08-12T06:23:52.849Z", "level": "INFO", "service": "worker", "logger": "httpx", "msg": "HTTP Request: POST http://prefect-server:4200/api/work_pools/smarthub-pool/get_scheduled_flow_runs \"HTTP/1.1 200 OK\"", "container": "prefect-worker"}
{"ts": "2026-08-12T06:24:02.333Z", "level": "INFO", "service": "worker", "logger": "httpx", "msg": "HTTP Request: POST http://prefect-server:4200/api/work_pools/smarthub-pool/get_scheduled_flow_runs \"HTTP/1.1 200 OK\"", "container": "prefect-worker"}
{"ts": "2026-08-12T06:24:12.065Z", "level": "INFO", "service": "worker", "logger": "httpx", "msg": "HTTP Request: POST http://prefect-server:4200/api/work_pools/smarthub-pool/get_scheduled_flow_runs \"HTTP/1.1 200 OK\"", "container": "prefect-worker"}
{"ts": "2026-08-12T06:24:13.438908565Z", "container": "prefect-worker", "msg": "Received SIGTERM. Sending SIGINT to the process worker (PID 7)..."}
{"ts": "2026-08-12T06:24:13.439012536Z", "container": "prefect-worker", "msg": "Received SIGINT. Sending SIGINT to the process worker (PID 7)..."}
{"ts": "2026-08-12T06:24:13.442925057Z", "container": "prefect-worker", "msg": "Worker 'ProcessWorker c27d727b-2d53-4615-accd-1d47578da3c7' stopped!"}
{"ts": "2026-08-12T06:24:26.344578591Z", "container": "prefect-worker", "msg": "Waiting for Prefect API at http://prefect-server:4200/api ..."}
{"ts": "2026-08-12T06:24:27.610441318Z", "container": "prefect-worker", "msg": "Prefect API is up."}
{"ts": "2026-08-12T06:24:29.033239163Z", "container": "prefect-worker", "msg": "Work pool named 'smarthub-pool' already exists. Use --overwrite to update it."}
{"ts": "2026-08-12T06:24:30.315551769Z", "container": "prefect-worker", "msg": "Work queue with name: 'default' already exists."}
{"ts": "2026-08-12T06:24:31.524955155Z", "container": "prefect-worker", "msg": "Work queue with name: 'features' already exists."}
{"ts": "2026-08-12T06:24:32.738426004Z", "container": "prefect-worker", "msg": "Work queue with name: 'training' already exists."}
{"ts": "2026-08-12T06:24:32.964629984Z", "container": "prefect-worker", "msg": "Registering deployments from prefect.yaml ..."}
{"ts": "2026-08-12T06:24:34.472060872Z", "container": "prefect-worker", "msg": "Deploying all flows with an existing deployment configuration..."}
{"ts": "2026-08-12T06:24:34.472293954Z", "container": "prefect-worker", "msg": "╭──────────────────────────────────────────────────────────────────────────────╮"}
{"ts": "2026-08-12T06:24:34.472308444Z", "container": "prefect-worker", "msg": "│ Deploying data-pull                                                          │"}
{"ts": "2026-08-12T06:24:34.472312514Z", "container": "prefect-worker", "msg": "╰──────────────────────────────────────────────────────────────────────────────╯"}
{"ts": "2026-08-12T06:24:35.016Z", "level": "INFO", "service": "worker", "logger": "httpx", "msg": "HTTP Request: GET http://prefect-server:4200/api/work_pools/smarthub-pool \"HTTP/1.1 200 OK\"", "container": "prefect-worker"}
{"ts": "2026-08-12T06:24:35.022Z", "level": "INFO", "service": "worker", "logger": "httpx", "msg": "HTTP Request: GET http://prefect-server:4200/api/work_pools/smarthub-pool \"HTTP/1.1 200 OK\"", "container": "prefect-worker"}
{"ts": "2026-08-12T06:24:35.071Z", "level": "INFO", "service": "worker", "logger": "httpx", "msg": "HTTP Request: GET http://prefect-server:4200/api/deployments/name/smarthub-data-pull/data-pull \"HTTP/1.1 200 OK\"", "container": "prefect-worker"}
{"ts": "2026-08-12T06:24:35.095Z", "level": "INFO", "service": "worker", "logger": "httpx", "msg": "HTTP Request: GET http://prefect-server:4200/api/csrf-token?client=60d64779-0c98-420e-8f98-e911939deca2 \"HTTP/1.1 422 Unprocessable Entity\"", "container": "prefect-worker"}
{"ts": "2026-08-12T06:24:35.164Z", "level": "INFO", "service": "worker", "logger": "httpx", "msg": "HTTP Request: PATCH http://prefect-server:4200/api/deployments/15dcce44-4b5f-4048-b854-eeba60c3b514 \"HTTP/1.1 204 No Content\"", "container": "prefect-worker"}
{"ts": "2026-08-12T06:24:35.170Z", "level": "INFO", "service": "worker", "logger": "httpx", "msg": "HTTP Request: DELETE http://prefect-server:4200/api/automations/owned-by/prefect.deployment.15dcce44-4b5f-4048-b854-eeba60c3b514 \"HTTP/1.1 202 Accepted\"", "container": "prefect-worker"}
{"ts": "2026-08-12T06:24:35.173Z", "level": "INFO", "service": "worker", "logger": "httpx", "msg": "HTTP Request: GET http://prefect-server:4200/api/csrf-token?client=7c0ef2b7-2ee6-4c1e-b359-395293b182ab \"HTTP/1.1 422 Unprocessable Entity\"", "container": "prefect-worker"}
{"ts": "2026-08-12T06:24:35.176Z", "level": "INFO", "service": "worker", "logger": "httpx", "msg": "HTTP Request: DELETE http://prefect-server:4200/api/automations/owned-by/prefect.deployment.15dcce44-4b5f-4048-b854-eeba60c3b514 \"HTTP/1.1 202 Accepted\"", "container": "prefect-worker"}
{"ts": "2026-08-12T06:24:35.177670531Z", "container": "prefect-worker", "msg": "╭──────────────────────────────────────────────────────────────────────────────╮"}
{"ts": "2026-08-12T06:24:35.177683741Z", "container": "prefect-worker", "msg": "│ Deployment 'smarthub-data-pull/data-pull' successfully created with id       │"}
{"ts": "2026-08-12T06:24:35.177687831Z", "container": "prefect-worker", "msg": "│ '15dcce44-4b5f-4048-b854-eeba60c3b514'.                                      │"}
{"ts": "2026-08-12T06:24:35.177691171Z", "container": "prefect-worker", "msg": "╰──────────────────────────────────────────────────────────────────────────────╯"}
{"ts": "2026-08-12T06:24:35.177874313Z", "container": "prefect-worker", "msg": ""}
{"ts": "2026-08-12T06:24:35.177884233Z", "container": "prefect-worker", "msg": "View Deployment in UI: http://prefect-server:4200/deployments/deployment/15dcce44-4b5f-4048-b854-eeba60c3b514"}
{"ts": "2026-08-12T06:24:35.177887813Z", "container": "prefect-worker", "msg": ""}
{"ts": "2026-08-12T06:24:35.183Z", "level": "INFO", "service": "worker", "logger": "httpx", "msg": "HTTP Request: POST http://prefect-server:4200/api/work_pools/smarthub-pool/workers/filter \"HTTP/1.1 200 OK\"", "container": "prefect-worker"}
{"ts": "2026-08-12T06:24:35.184591667Z", "container": "prefect-worker", "msg": ""}
{"ts": "2026-08-12T06:24:35.184599207Z", "container": "prefect-worker", "msg": "To schedule a run for this deployment, use the following command:"}
{"ts": "2026-08-12T06:24:35.184835509Z", "container": "prefect-worker", "msg": ""}
{"ts": "2026-08-12T06:24:35.184844929Z", "container": "prefect-worker", "msg": "        $ prefect deployment run 'smarthub-data-pull/data-pull'"}
{"ts": "2026-08-12T06:24:35.184848129Z", "container": "prefect-worker", "msg": ""}
{"ts": "2026-08-12T06:24:35.185022311Z", "container": "prefect-worker", "msg": "╭──────────────────────────────────────────────────────────────────────────────╮"}
{"ts": "2026-08-12T06:24:35.185028231Z", "container": "prefect-worker", "msg": "│ Deploying build-features                                                     │"}
{"ts": "2026-08-12T06:24:35.185031641Z", "container": "prefect-worker", "msg": "╰──────────────────────────────────────────────────────────────────────────────╯"}
{"ts": "2026-08-12T06:24:35.225Z", "level": "INFO", "service": "worker", "logger": "httpx", "msg": "HTTP Request: GET http://prefect-server:4200/api/work_pools/smarthub-pool \"HTTP/1.1 200 OK\"", "container": "prefect-worker"}
{"ts": "2026-08-12T06:24:35.229Z", "level": "INFO", "service": "worker", "logger": "httpx", "msg": "HTTP Request: GET http://prefect-server:4200/api/work_pools/smarthub-pool \"HTTP/1.1 200 OK\"", "container": "prefect-worker"}
{"ts": "2026-08-12T06:24:35.273Z", "level": "INFO", "service": "worker", "logger": "httpx", "msg": "HTTP Request: GET http://prefect-server:4200/api/deployments/name/smarthub-build-features/build-features \"HTTP/1.1 200 OK\"", "container": "prefect-worker"}
{"ts": "2026-08-12T06:24:35.289Z", "level": "INFO", "service": "worker", "logger": "httpx", "msg": "HTTP Request: GET http://prefect-server:4200/api/csrf-token?client=f7693eb3-8815-48c7-aa63-cfc846bcc9d0 \"HTTP/1.1 422 Unprocessable Entity\"", "container": "prefect-worker"}
{"ts": "2026-08-12T06:24:35.348Z", "level": "INFO", "service": "worker", "logger": "httpx", "msg": "HTTP Request: PATCH http://prefect-server:4200/api/deployments/8d536def-a82a-4c94-941b-14c2c0468511 \"HTTP/1.1 204 No Content\"", "container": "prefect-worker"}
{"ts": "2026-08-12T06:24:35.353Z", "level": "INFO", "service": "worker", "logger": "httpx", "msg": "HTTP Request: DELETE http://prefect-server:4200/api/automations/owned-by/prefect.deployment.8d536def-a82a-4c94-941b-14c2c0468511 \"HTTP/1.1 202 Accepted\"", "container": "prefect-worker"}
{"ts": "2026-08-12T06:24:35.355Z", "level": "INFO", "service": "worker", "logger": "httpx", "msg": "HTTP Request: GET http://prefect-server:4200/api/csrf-token?client=999612e7-3860-497a-ab4e-6bea98ebf338 \"HTTP/1.1 422 Unprocessable Entity\"", "container": "prefect-worker"}
{"ts": "2026-08-12T06:24:35.359Z", "level": "INFO", "service": "worker", "logger": "httpx", "msg": "HTTP Request: DELETE http://prefect-server:4200/api/automations/owned-by/prefect.deployment.8d536def-a82a-4c94-941b-14c2c0468511 \"HTTP/1.1 202 Accepted\"", "container": "prefect-worker"}
{"ts": "2026-08-12T06:24:35.360092677Z", "container": "prefect-worker", "msg": "╭──────────────────────────────────────────────────────────────────────────────╮"}
{"ts": "2026-08-12T06:24:35.360103878Z", "container": "prefect-worker", "msg": "│ Deployment 'smarthub-build-features/build-features' successfully created     │"}
{"ts": "2026-08-12T06:24:35.360107648Z", "container": "prefect-worker", "msg": "│ with id '8d536def-a82a-4c94-941b-14c2c0468511'.                              │"}
{"ts": "2026-08-12T06:24:35.360111078Z", "container": "prefect-worker", "msg": "╰──────────────────────────────────────────────────────────────────────────────╯"}
{"ts": "2026-08-12T06:24:35.360201378Z", "container": "prefect-worker", "msg": ""}
{"ts": "2026-08-12T06:24:35.360207378Z", "container": "prefect-worker", "msg": "View Deployment in UI: http://prefect-server:4200/deployments/deployment/8d536def-a82a-4c94-941b-14c2c0468511"}
{"ts": "2026-08-12T06:24:35.360210878Z", "container": "prefect-worker", "msg": ""}
{"ts": "2026-08-12T06:24:35.364Z", "level": "INFO", "service": "worker", "logger": "httpx", "msg": "HTTP Request: POST http://prefect-server:4200/api/work_pools/smarthub-pool/workers/filter \"HTTP/1.1 200 OK\"", "container": "prefect-worker"}
{"ts": "2026-08-12T06:24:35.364812485Z", "container": "prefect-worker", "msg": ""}
{"ts": "2026-08-12T06:24:35.364822906Z", "container": "prefect-worker", "msg": "To schedule a run for this deployment, use the following command:"}
{"ts": "2026-08-12T06:24:35.364998827Z", "container": "prefect-worker", "msg": ""}
{"ts": "2026-08-12T06:24:35.365010317Z", "container": "prefect-worker", "msg": "        $ prefect deployment run 'smarthub-build-features/build-features'"}
{"ts": "2026-08-12T06:24:35.365014427Z", "container": "prefect-worker", "msg": ""}
{"ts": "2026-08-12T06:24:35.365217849Z", "container": "prefect-worker", "msg": "╭──────────────────────────────────────────────────────────────────────────────╮"}
{"ts": "2026-08-12T06:24:35.365226659Z", "container": "prefect-worker", "msg": "│ Deploying train-model                                                        │"}
{"ts": "2026-08-12T06:24:35.365230469Z", "container": "prefect-worker", "msg": "╰──────────────────────────────────────────────────────────────────────────────╯"}
{"ts": "2026-08-12T06:24:36.339Z", "level": "INFO", "service": "worker", "logger": "matplotlib.font_manager", "msg": "generated new fontManager", "container": "prefect-worker"}
{"ts": "2026-08-12T06:24:36.525Z", "level": "INFO", "service": "worker", "logger": "httpx", "msg": "HTTP Request: GET http://prefect-server:4200/api/work_pools/smarthub-pool \"HTTP/1.1 200 OK\"", "container": "prefect-worker"}
{"ts": "2026-08-12T06:24:36.529Z", "level": "INFO", "service": "worker", "logger": "httpx", "msg": "HTTP Request: GET http://prefect-server:4200/api/work_pools/smarthub-pool \"HTTP/1.1 200 OK\"", "container": "prefect-worker"}
{"ts": "2026-08-12T06:24:36.572Z", "level": "INFO", "service": "worker", "logger": "httpx", "msg": "HTTP Request: GET http://prefect-server:4200/api/deployments/name/smarthub-train-model/train-model \"HTTP/1.1 200 OK\"", "container": "prefect-worker"}
{"ts": "2026-08-12T06:24:36.588Z", "level": "INFO", "service": "worker", "logger": "httpx", "msg": "HTTP Request: GET http://prefect-server:4200/api/csrf-token?client=40eb0c9a-7aad-4bb2-b6df-c85ce1df8b2c \"HTTP/1.1 422 Unprocessable Entity\"", "container": "prefect-worker"}
{"ts": "2026-08-12T06:24:36.648Z", "level": "INFO", "service": "worker", "logger": "httpx", "msg": "HTTP Request: PATCH http://prefect-server:4200/api/deployments/f2af7572-283e-43ab-bfa3-0ad7cee08503 \"HTTP/1.1 204 No Content\"", "container": "prefect-worker"}
{"ts": "2026-08-12T06:24:36.653Z", "level": "INFO", "service": "worker", "logger": "httpx", "msg": "HTTP Request: DELETE http://prefect-server:4200/api/automations/owned-by/prefect.deployment.f2af7572-283e-43ab-bfa3-0ad7cee08503 \"HTTP/1.1 202 Accepted\"", "container": "prefect-worker"}
{"ts": "2026-08-12T06:24:36.655Z", "level": "INFO", "service": "worker", "logger": "httpx", "msg": "HTTP Request: GET http://prefect-server:4200/api/csrf-token?client=1c9c9ed9-f4bb-4c6b-a446-b0512afb2d50 \"HTTP/1.1 422 Unprocessable Entity\"", "container": "prefect-worker"}
{"ts": "2026-08-12T06:24:36.658Z", "level": "INFO", "service": "worker", "logger": "httpx", "msg": "HTTP Request: DELETE http://prefect-server:4200/api/automations/owned-by/prefect.deployment.f2af7572-283e-43ab-bfa3-0ad7cee08503 \"HTTP/1.1 202 Accepted\"", "container": "prefect-worker"}
{"ts": "2026-08-12T06:24:36.659607092Z", "container": "prefect-worker", "msg": "╭──────────────────────────────────────────────────────────────────────────────╮"}
{"ts": "2026-08-12T06:24:36.659617333Z", "container": "prefect-worker", "msg": "│ Deployment 'smarthub-train-model/train-model' successfully created with id   │"}
{"ts": "2026-08-12T06:24:36.659620743Z", "container": "prefect-worker", "msg": "│ 'f2af7572-283e-43ab-bfa3-0ad7cee08503'.                                      │"}
{"ts": "2026-08-12T06:24:36.659623823Z", "container": "prefect-worker", "msg": "╰──────────────────────────────────────────────────────────────────────────────╯"}
{"ts": "2026-08-12T06:24:36.659722193Z", "container": "prefect-worker", "msg": ""}
{"ts": "2026-08-12T06:24:36.659742244Z", "container": "prefect-worker", "msg": "View Deployment in UI: http://prefect-server:4200/deployments/deployment/f2af7572-283e-43ab-bfa3-0ad7cee08503"}
{"ts": "2026-08-12T06:24:36.659745874Z", "container": "prefect-worker", "msg": ""}
{"ts": "2026-08-12T06:24:36.663Z", "level": "INFO", "service": "worker", "logger": "httpx", "msg": "HTTP Request: POST http://prefect-server:4200/api/work_pools/smarthub-pool/workers/filter \"HTTP/1.1 200 OK\"", "container": "prefect-worker"}
{"ts": "2026-08-12T06:24:36.664359331Z", "container": "prefect-worker", "msg": ""}
{"ts": "2026-08-12T06:24:36.664371091Z", "container": "prefect-worker", "msg": "To schedule a run for this deployment, use the following command:"}
{"ts": "2026-08-12T06:24:36.664540742Z", "container": "prefect-worker", "msg": ""}
{"ts": "2026-08-12T06:24:36.664547733Z", "container": "prefect-worker", "msg": "        $ prefect deployment run 'smarthub-train-model/train-model'"}
{"ts": "2026-08-12T06:24:36.664551283Z", "container": "prefect-worker", "msg": ""}
{"ts": "2026-08-12T06:24:37.274487808Z", "container": "prefect-worker", "msg": "Starting worker on pool='smarthub-pool' queues='default features training' ..."}
{"ts": "2026-08-12T06:24:38.652282156Z", "container": "prefect-worker", "msg": "Discovered type 'process' for work pool 'smarthub-pool'."}
{"ts": "2026-08-12T06:24:39.008051325Z", "container": "prefect-worker", "msg": "Worker 'ProcessWorker ba3fc305-c26e-4a13-96da-2c28424ff6f4' started!"}
{"ts": "2026-08-12T06:36:44.039412674Z", "container": "prefect-worker", "msg": "06:36:44.037 | INFO    | prefect.flow_runs.worker - Worker 'ProcessWorker ba3fc305-c26e-4a13-96da-2c28424ff6f4' submitting flow run '8f9e19e7-94c4-4698-bad3-23021fc42940'"}
{"ts": "2026-08-12T06:36:44.399138614Z", "container": "prefect-worker", "msg": "06:36:44.398 | INFO    | prefect.flow_runs.runner - Starting flow run process..."}
{"ts": "2026-08-12T06:36:44.426122940Z", "container": "prefect-worker", "msg": "06:36:44.425 | INFO    | prefect.flow_runs.worker - Flow run 'Incredible-Zorse' submitted to infrastructure"}
{"ts": "2026-08-12T06:36:45.612072323Z", "container": "prefect-worker", "msg": "06:36:45.605 | INFO    | Flow run 'Incredible-Zorse' - Running 1 deployment pull step(s)"}
{"ts": "2026-08-12T06:36:45.633062591Z", "container": "prefect-worker", "msg": "06:36:45.632 | INFO    | Flow run 'Incredible-Zorse' - Executing deployment step: set_working_directory"}
{"ts": "2026-08-12T06:36:45.645087627Z", "container": "prefect-worker", "msg": "06:36:45.644 | INFO    | Flow run 'Incredible-Zorse' - Deployment step 'set_working_directory' completed successfully"}
{"ts": "2026-08-12T06:36:45.658969979Z", "container": "prefect-worker", "msg": "06:36:45.658 | INFO    | Flow run 'Incredible-Zorse' - All deployment steps completed successfully"}
{"ts": "2026-08-12T06:36:46.781Z", "level": "INFO", "service": "worker", "logger": "httpx", "msg": "HTTP Request: GET http://prefect-server:4200/api/admin/version \"HTTP/1.1 200 OK\"", "container": "prefect-worker"}
{"ts": "2026-08-12T06:36:46.784Z", "level": "INFO", "service": "worker", "logger": "httpx", "msg": "HTTP Request: GET http://prefect-server:4200/api/csrf-token?client=e1e21f93-4558-44c5-acf4-ec15b132c58e \"HTTP/1.1 422 Unprocessable Entity\"", "container": "prefect-worker"}
{"ts": "2026-08-12T06:36:46.790Z", "level": "INFO", "service": "worker", "logger": "httpx", "msg": "HTTP Request: PATCH http://prefect-server:4200/api/flow_runs/8f9e19e7-94c4-4698-bad3-23021fc42940 \"HTTP/1.1 204 No Content\"", "container": "prefect-worker"}
{"ts": "2026-08-12T06:36:46.808Z", "level": "INFO", "service": "worker", "logger": "httpx", "msg": "HTTP Request: GET http://prefect-server:4200/api/flow_runs/8f9e19e7-94c4-4698-bad3-23021fc42940 \"HTTP/1.1 200 OK\"", "container": "prefect-worker"}
{"ts": "2026-08-12T06:36:46.822Z", "level": "INFO", "service": "worker", "logger": "httpx", "msg": "HTTP Request: POST http://prefect-server:4200/api/flow_runs/8f9e19e7-94c4-4698-bad3-23021fc42940/set_state \"HTTP/1.1 201 Created\"", "container": "prefect-worker"}
{"ts": "2026-08-12T06:36:46.828Z", "level": "INFO", "service": "worker", "logger": "httpx", "msg": "HTTP Request: GET http://prefect-server:4200/api/flow_runs/8f9e19e7-94c4-4698-bad3-23021fc42940 \"HTTP/1.1 200 OK\"", "container": "prefect-worker"}
{"ts": "2026-08-12T06:36:46.832Z", "level": "INFO", "service": "worker", "logger": "httpx", "msg": "HTTP Request: GET http://prefect-server:4200/api/admin/storage \"HTTP/1.1 200 OK\"", "container": "prefect-worker"}
{"ts": "2026-08-12T06:36:46.835Z", "level": "INFO", "service": "worker", "logger": "httpx", "msg": "HTTP Request: GET http://prefect-server:4200/api/admin/storage \"HTTP/1.1 200 OK\"", "container": "prefect-worker"}
{"ts": "2026-08-12T06:36:46.835Z", "level": "INFO", "service": "worker", "logger": "prefect.flow_runs", "msg": "Beginning flow run 'Incredible-Zorse' for flow 'smarthub-train-model'", "flow_run_name": "Incredible-Zorse", "flow_run_id": "8f9e19e7-94c4-4698-bad3-23021fc42940", "flow_name": "smarthub-train-model", "deployment_name": "train-model", "container": "prefect-worker"}
{"ts": "2026-08-12T06:36:46.835Z", "level": "INFO", "service": "worker", "logger": "prefect.flow_runs", "msg": "View at http://prefect-server:4200/runs/flow-run/8f9e19e7-94c4-4698-bad3-23021fc42940", "flow_run_name": "Incredible-Zorse", "flow_run_id": "8f9e19e7-94c4-4698-bad3-23021fc42940", "flow_name": "smarthub-train-model", "deployment_name": "train-model", "send_to_api": false, "container": "prefect-worker"}
{"ts": "2026-08-12T06:36:46.836Z", "level": "INFO", "service": "worker", "logger": "prefect.flow_runs", "msg": "STEP 3 train-model starting: lead_type=home (1), version=latest, mlflow=True", "flow_run_name": "Incredible-Zorse", "flow_run_id": "8f9e19e7-94c4-4698-bad3-23021fc42940", "flow_name": "smarthub-train-model", "deployment_name": "train-model", "container": "prefect-worker"}
{"ts": "2026-08-12T06:36:46.862Z", "level": "INFO", "service": "worker", "logger": "flow.train", "msg": "Loading training table for lead_type=home (1)", "container": "prefect-worker"}
{"ts": "2026-08-12T06:36:46.866Z", "level": "INFO", "service": "worker", "logger": "httpx", "msg": "HTTP Request: GET http://prefect-server:4200/api/flows/b482d204-61dd-4cd6-bc87-1c0295ffdd50 \"HTTP/1.1 200 OK\"", "container": "prefect-worker"}
{"ts": "2026-08-12T06:36:46.873Z", "level": "INFO", "service": "worker", "logger": "httpx", "msg": "HTTP Request: GET http://prefect-server:4200/api/work_queues/1359b356-bb73-44da-ae82-6233613dd549 \"HTTP/1.1 200 OK\"", "container": "prefect-worker"}
{"ts": "2026-08-12T06:36:46.876Z", "level": "INFO", "service": "worker", "logger": "httpx", "msg": "HTTP Request: GET http://prefect-server:4200/api/deployments/f2af7572-283e-43ab-bfa3-0ad7cee08503 \"HTTP/1.1 200 OK\"", "container": "prefect-worker"}
{"ts": "2026-08-12T06:36:46.876Z", "level": "INFO", "service": "worker", "logger": "httpx", "msg": "HTTP Request: GET http://prefect-server:4200/api/work_pools/smarthub-pool \"HTTP/1.1 200 OK\"", "container": "prefect-worker"}
{"ts": "2026-08-12T06:36:46.894Z", "level": "INFO", "service": "worker", "logger": "flow.train", "msg": "Dataset Prepared", "container": "prefect-worker"}
{"ts": "2026-08-12T06:36:46.894Z", "level": "INFO", "service": "worker", "logger": "flow.train", "msg": "  Training rows                         : 168", "container": "prefect-worker"}
{"ts": "2026-08-12T06:36:46.894Z", "level": "INFO", "service": "worker", "logger": "flow.train", "msg": "  Dropped rows                          : 0", "container": "prefect-worker"}
{"ts": "2026-08-12T06:36:46.894Z", "level": "INFO", "service": "worker", "logger": "flow.train", "msg": "  Win rate                              : 1.0000", "container": "prefect-worker"}
{"ts": "2026-08-12T06:36:46.894Z", "level": "INFO", "service": "worker", "logger": "flow.train", "msg": "  Feature count                         : 10 numeric, 7 categorical", "container": "prefect-worker"}
{"ts": "2026-08-12T06:36:46.894Z", "level": "INFO", "service": "worker", "logger": "flow.train", "msg": "  Missing feature columns               : none", "container": "prefect-worker"}
{"ts": "2026-08-12T06:36:46.895Z", "level": "ERROR", "service": "worker", "logger": "prefect.task_runs", "msg": "Task run failed with exception: ValueError(\"Training data for 'home' has only ONE target class (won_flag=1, win_rate=1.0). A classifier needs both wins and losses. Check the `won` distribution in the pulled leads: losses may be encoded as blank/NULL (and dropped when building the training table), or `won` may not be the correct win/loss label. Confirm the label with the team before training.\")", "task_run_id": "019ff4b0-0f88-754a-802c-cd3e708580ff", "flow_run_id": "8f9e19e7-94c4-4698-bad3-23021fc42940", "task_run_name": "train-anton-model-a36", "task_name": "train-anton-model", "flow_run_name": "Incredible-Zorse", "flow_name": "smarthub-train-model", "error": {"type": "ValueError", "msg": "Training data for 'home' has only ONE target class (won_flag=1, win_rate=1.0). A classifier needs both wins and losses. Check the `won` distribution in the pulled leads: losses may be encoded as blank/NULL (and dropped when building the training table), or `won` may not be the correct win/loss label. Confirm the label with the team before training.", "fingerprint": "5a498a0dc17f", "stack": "Traceback (most recent call last):\n  File \"/usr/local/lib/python3.12/site-packages/prefect/task_engine.py\", line 1021, in run_context\n    yield self\n  File \"/usr/local/lib/python3.12/site-packages/prefect/task_engine.py\", line 1683, in run_task_sync\n    engine.call_task_fn(txn)\n  File \"/usr/local/lib/python3.12/site-packages/prefect/task_engine.py\", line 1038, in call_task_fn\n    result = call_with_parameters(self.task.fn, parameters)\n             ^^^^^^^^^^^^^^^^^^^^^^^^^^^^^^^^^^^^^^^^^^^^^^\n  File \"/usr/local/lib/python3.12/site-packages/prefect/utilities/callables/__init__.py\", line 348, in call_with_parameters\n    return fn(*args, **kwargs)\n           ^^^^^^^^^^^^^^^^^^^\n  File \"/app/src/smarthub/train_and_predict/flow.py\", line 70, in _train_task\n    return train.run_training(\n           ^^^^^^^^^^^^^^^^^^^\n  File \"/app/src/smarthub/train_and_predict/train.py\", line 218, in run_training\n    preprocessing.assert_trainable(frame, lead_type_name)\n  File \"/app/src/smarthub/train_and_predict/preprocessing.py\", line 192, in assert_trainable\n    raise ValueError(\nValueError: Training data for 'home' has only ONE target class (won_flag=1, win_rate=1.0). A classifier needs both wins and losses. Check the `won` distribution in the pulled leads: losses may be encoded as blank/NULL (and dropped when building the training table), or `won` may not be the correct win/loss label. Confirm the label with the team before training.\n"}, "container": "prefect-worker"}
{"ts": "2026-08-12T06:36:46.898Z", "level": "ERROR", "service": "worker", "logger": "prefect.task_runs", "msg": "Finished in state Failed(\"Task run encountered an exception ValueError: Training data for 'home' has only ONE target class (won_flag=1, win_rate=1.0). A classifier needs both wins and losses. Check the `won` distribution in the pulled leads: losses may be encoded as blank/NULL (and dropped when building the training table), or `won` may not be the correct win/loss label. Confirm the label with the team before training.\")", "task_run_id": "019ff4b0-0f88-754a-802c-cd3e708580ff", "flow_run_id": "8f9e19e7-94c4-4698-bad3-23021fc42940", "task_run_name": "train-anton-model-a36", "task_name": "train-anton-model", "flow_run_name": "Incredible-Zorse", "flow_name": "smarthub-train-model", "container": "prefect-worker"}
{"ts": "2026-08-12T06:36:47.618Z", "level": "INFO", "service": "worker", "logger": "httpx", "msg": "HTTP Request: GET http://prefect-server:4200/api/csrf-token?client=37244069-a3ab-4f8b-af9a-a4d5143d60b7 \"HTTP/1.1 422 Unprocessable Entity\"", "container": "prefect-worker"}
{"ts": "2026-08-12T06:36:47.626Z", "level": "INFO", "service": "worker", "logger": "httpx", "msg": "HTTP Request: POST http://prefect-server:4200/api/logs/ \"HTTP/1.1 201 Created\"", "container": "prefect-worker"}
{"ts": "2026-08-12T06:36:47.837Z", "level": "ERROR", "service": "worker", "logger": "prefect.flow_runs", "msg": "Encountered exception during execution: ValueError(\"Training data for 'home' has only ONE target class (won_flag=1, win_rate=1.0). A classifier needs both wins and losses. Check the `won` distribution in the pulled leads: losses may be encoded as blank/NULL (and dropped when building the training table), or `won` may not be the correct win/loss label. Confirm the label with the team before training.\")", "flow_run_name": "Incredible-Zorse", "flow_run_id": "8f9e19e7-94c4-4698-bad3-23021fc42940", "flow_name": "smarthub-train-model", "deployment_name": "train-model", "error": {"type": "ValueError", "msg": "Training data for 'home' has only ONE target class (won_flag=1, win_rate=1.0). A classifier needs both wins and losses. Check the `won` distribution in the pulled leads: losses may be encoded as blank/NULL (and dropped when building the training table), or `won` may not be the correct win/loss label. Confirm the label with the team before training.", "fingerprint": "cdacf01e0bb2", "stack": "Traceback (most recent call last):\n  File \"/usr/local/lib/python3.12/site-packages/prefect/flow_engine.py\", line 1277, in run_context\n    yield self\n  File \"/usr/local/lib/python3.12/site-packages/prefect/flow_engine.py\", line 2030, in run_flow_sync\n    engine.call_flow_fn()\n  File \"/usr/local/lib/python3.12/site-packages/prefect/flow_engine.py\", line 1297, in call_flow_fn\n    result = call_with_parameters(self.flow.fn, self.parameters)\n             ^^^^^^^^^^^^^^^^^^^^^^^^^^^^^^^^^^^^^^^^^^^^^^^^^^^\n  File \"/usr/local/lib/python3.12/site-packages/prefect/utilities/callables/__init__.py\", line 348, in call_with_parameters\n    return fn(*args, **kwargs)\n           ^^^^^^^^^^^^^^^^^^^\n  File \"/app/src/smarthub/train_and_predict/flow.py\", line 113, in train_flow\n    result = _train_task(lead_type_id, version, register_mlflow)\n             ^^^^^^^^^^^^^^^^^^^^^^^^^^^^^^^^^^^^^^^^^^^^^^^^^^^\n  File \"/usr/local/lib/python3.12/site-packages/prefect/tasks.py\", line 1227, in __call__\n    return run_task(\n           ^^^^^^^^^\n  File \"/usr/local/lib/python3.12/site-packages/prefect/task_engine.py\", line 1916, in run_task\n    return run_task_sync(**kwargs)\n           ^^^^^^^^^^^^^^^^^^^^^^^\n  File \"/usr/local/lib/python3.12/site-packages/prefect/task_engine.py\", line 1686, in run_task_sync\n    return engine.state if return_type == \"state\" else engine.result()\n                                                       ^^^^^^^^^^^^^^^\n  File \"/usr/local/lib/python3.12/site-packages/prefect/task_engine.py\", line 617, in result\n    raise self._raised\n  File \"/usr/local/lib/python3.12/site-packages/prefect/task_engine.py\", line 1021, in run_context\n    yield self\n  File \"/usr/local/lib/python3.12/site-packages/prefect/task_engine.py\", line 1683, in run_task_sync\n    engine.call_task_fn(txn)\n  File \"/usr/local/lib/python3.12/site-packages/prefect/task_engine.py\", line 1038, in call_task_fn\n    result = call_with_parameters(self.task.fn, parameters)\n             ^^^^^^^^^^^^^^^^^^^^^^^^^^^^^^^^^^^^^^^^^^^^^^\n  File \"/usr/local/lib/python3.12/site-packages/prefect/utilities/callables/__init__.py\", line 348, in call_with_parameters\n    return fn(*args, **kwargs)\n           ^^^^^^^^^^^^^^^^^^^\n  File \"/app/src/smarthub/train_and_predict/flow.py\", line 70, in _train_task\n    return train.run_training(\n           ^^^^^^^^^^^^^^^^^^^\n  File \"/app/src/smarthub/train_and_predict/train.py\", line 218, in run_training\n    preprocessing.assert_trainable(frame, lead_type_name)\n  File \"/app/src/smarthub/train_and_predict/preprocessing.py\", line 192, in assert_trainable\n    raise ValueError(\nValueError: Training data for 'home' has only ONE target class (won_flag=1, win_rate=1.0). A classifier needs both wins and losses. Check the `won` distribution in the pulled leads: losses may be encoded as blank/NULL (and dropped when building the training table), or `won` may not be the correct win/loss label. Confirm the label with the team before training.\n"}, "container": "prefect-worker"}
{"ts": "2026-08-12T06:36:47.870Z", "level": "INFO", "service": "worker", "logger": "httpx", "msg": "HTTP Request: POST http://prefect-server:4200/api/flow_runs/8f9e19e7-94c4-4698-bad3-23021fc42940/set_state \"HTTP/1.1 201 Created\"", "container": "prefect-worker"}
{"ts": "2026-08-12T06:36:47.871Z", "level": "INFO", "service": "worker", "logger": "prefect.flow_runs", "msg": "Running hook 'flow_failure_hook' in response to entering state 'Failed'", "flow_run_name": "Incredible-Zorse", "flow_run_id": "8f9e19e7-94c4-4698-bad3-23021fc42940", "flow_name": "smarthub-train-model", "deployment_name": "train-model", "container": "prefect-worker"}
{"ts": "2026-08-12T06:36:47.925Z", "level": "INFO", "service": "worker", "logger": "prefect.flow_runs", "msg": "Hook 'flow_failure_hook' finished running successfully", "flow_run_name": "Incredible-Zorse", "flow_run_id": "8f9e19e7-94c4-4698-bad3-23021fc42940", "flow_name": "smarthub-train-model", "deployment_name": "train-model", "container": "prefect-worker"}
{"ts": "2026-08-12T06:36:48.012Z", "level": "INFO", "service": "worker", "logger": "prefect.flow_runs", "msg": "Finished in state Failed(\"Flow run encountered an exception: ValueError: Training data for 'home' has only ONE target class (won_flag=1, win_rate=1.0). A classifier needs both wins and losses. Check the `won` distribution in the pulled leads: losses may be encoded as blank/NULL (and dropped when building the training table), or `won` may not be the correct win/loss label. Confirm the label with the team before training.\")", "flow_run_name": "Incredible-Zorse", "flow_run_id": "8f9e19e7-94c4-4698-bad3-23021fc42940", "flow_name": "smarthub-train-model", "deployment_name": "train-model", "container": "prefect-worker"}
{"ts": "2026-08-12T06:36:48.013Z", "level": "ERROR", "service": "worker", "logger": "prefect.flow_runs", "msg": "Engine execution exited with unexpected exception", "flow_run_name": "Incredible-Zorse", "flow_run_id": "8f9e19e7-94c4-4698-bad3-23021fc42940", "flow_name": "<unknown>", "deployment_name": "train-model", "error": {"type": "ValueError", "msg": "Training data for 'home' has only ONE target class (won_flag=1, win_rate=1.0). A classifier needs both wins and losses. Check the `won` distribution in the pulled leads: losses may be encoded as blank/NULL (and dropped when building the training table), or `won` may not be the correct win/loss label. Confirm the label with the team before training.", "fingerprint": "888d20199e32", "stack": "Traceback (most recent call last):\n  File \"/usr/local/lib/python3.12/site-packages/prefect/flow_engine.py\", line 2187, in run_flow\n    ret_val = run_flow_sync(**kwargs)\n              ^^^^^^^^^^^^^^^^^^^^^^^\n  File \"/usr/local/lib/python3.12/site-packages/prefect/flow_engine.py\", line 2032, in run_flow_sync\n    return engine.state if return_type == \"state\" else engine.result()\n                                                       ^^^^^^^^^^^^^^^\n  File \"/usr/local/lib/python3.12/site-packages/prefect/flow_engine.py\", line 759, in result\n    raise self._raised\n  File \"/usr/local/lib/python3.12/site-packages/prefect/flow_engine.py\", line 1277, in run_context\n    yield self\n  File \"/usr/local/lib/python3.12/site-packages/prefect/flow_engine.py\", line 2030, in run_flow_sync\n    engine.call_flow_fn()\n  File \"/usr/local/lib/python3.12/site-packages/prefect/flow_engine.py\", line 1297, in call_flow_fn\n    result = call_with_parameters(self.flow.fn, self.parameters)\n             ^^^^^^^^^^^^^^^^^^^^^^^^^^^^^^^^^^^^^^^^^^^^^^^^^^^\n  File \"/usr/local/lib/python3.12/site-packages/prefect/utilities/callables/__init__.py\", line 348, in call_with_parameters\n    return fn(*args, **kwargs)\n           ^^^^^^^^^^^^^^^^^^^\n  File \"/app/src/smarthub/train_and_predict/flow.py\", line 113, in train_flow\n    result = _train_task(lead_type_id, version, register_mlflow)\n             ^^^^^^^^^^^^^^^^^^^^^^^^^^^^^^^^^^^^^^^^^^^^^^^^^^^\n  File \"/usr/local/lib/python3.12/site-packages/prefect/tasks.py\", line 1227, in __call__\n    return run_task(\n           ^^^^^^^^^\n  File \"/usr/local/lib/python3.12/site-packages/prefect/task_engine.py\", line 1916, in run_task\n    return run_task_sync(**kwargs)\n           ^^^^^^^^^^^^^^^^^^^^^^^\n  File \"/usr/local/lib/python3.12/site-packages/prefect/task_engine.py\", line 1686, in run_task_sync\n    return engine.state if return_type == \"state\" else engine.result()\n                                                       ^^^^^^^^^^^^^^^\n  File \"/usr/local/lib/python3.12/site-packages/prefect/task_engine.py\", line 617, in result\n    raise self._raised\n  File \"/usr/local/lib/python3.12/site-packages/prefect/task_engine.py\", line 1021, in run_context\n    yield self\n  File \"/usr/local/lib/python3.12/site-packages/prefect/task_engine.py\", line 1683, in run_task_sync\n    engine.call_task_fn(txn)\n  File \"/usr/local/lib/python3.12/site-packages/prefect/task_engine.py\", line 1038, in call_task_fn\n    result = call_with_parameters(self.task.fn, parameters)\n             ^^^^^^^^^^^^^^^^^^^^^^^^^^^^^^^^^^^^^^^^^^^^^^\n  File \"/usr/local/lib/python3.12/site-packages/prefect/utilities/callables/__init__.py\", line 348, in call_with_parameters\n    return fn(*args, **kwargs)\n           ^^^^^^^^^^^^^^^^^^^\n  File \"/app/src/smarthub/train_and_predict/flow.py\", line 70, in _train_task\n    return train.run_training(\n           ^^^^^^^^^^^^^^^^^^^\n  File \"/app/src/smarthub/train_and_predict/train.py\", line 218, in run_training\n    preprocessing.assert_trainable(frame, lead_type_name)\n  File \"/app/src/smarthub/train_and_predict/preprocessing.py\", line 192, in assert_trainable\n    raise ValueError(\nValueError: Training data for 'home' has only ONE target class (won_flag=1, win_rate=1.0). A classifier needs both wins and losses. Check the `won` distribution in the pulled leads: losses may be encoded as blank/NULL (and dropped when building the training table), or `won` may not be the correct win/loss label. Confirm the label with the team before training.\n"}, "container": "prefect-worker"}
{"ts": "2026-08-12T06:36:48.015Z", "level": "ERROR", "service": "worker", "logger": "prefect.engine", "msg": "Execution of flow run '8f9e19e7-94c4-4698-bad3-23021fc42940' exited with unexpected exception", "error": {"type": "ValueError", "msg": "Training data for 'home' has only ONE target class (won_flag=1, win_rate=1.0). A classifier needs both wins and losses. Check the `won` distribution in the pulled leads: losses may be encoded as blank/NULL (and dropped when building the training table), or `won` may not be the correct win/loss label. Confirm the label with the team before training.", "fingerprint": "b7fd0b16890b", "stack": "Traceback (most recent call last):\n  File \"/usr/local/lib/python3.12/site-packages/prefect/engine.py\", line 87, in handle_engine_signals\n    yield\n  File \"/usr/local/lib/python3.12/site-packages/prefect/engine.py\", line 176, in <module>\n    _run_result: object = run_flow(\n                          ^^^^^^^^^\n  File \"/usr/local/lib/python3.12/site-packages/prefect/flow_engine.py\", line 2187, in run_flow\n    ret_val = run_flow_sync(**kwargs)\n              ^^^^^^^^^^^^^^^^^^^^^^^\n  File \"/usr/local/lib/python3.12/site-packages/prefect/flow_engine.py\", line 2032, in run_flow_sync\n    return engine.state if return_type == \"state\" else engine.result()\n                                                       ^^^^^^^^^^^^^^^\n  File \"/usr/local/lib/python3.12/site-packages/prefect/flow_engine.py\", line 759, in result\n    raise self._raised\n  File \"/usr/local/lib/python3.12/site-packages/prefect/flow_engine.py\", line 1277, in run_context\n    yield self\n  File \"/usr/local/lib/python3.12/site-packages/prefect/flow_engine.py\", line 2030, in run_flow_sync\n    engine.call_flow_fn()\n  File \"/usr/local/lib/python3.12/site-packages/prefect/flow_engine.py\", line 1297, in call_flow_fn\n    result = call_with_parameters(self.flow.fn, self.parameters)\n             ^^^^^^^^^^^^^^^^^^^^^^^^^^^^^^^^^^^^^^^^^^^^^^^^^^^\n  File \"/usr/local/lib/python3.12/site-packages/prefect/utilities/callables/__init__.py\", line 348, in call_with_parameters\n    return fn(*args, **kwargs)\n           ^^^^^^^^^^^^^^^^^^^\n  File \"/app/src/smarthub/train_and_predict/flow.py\", line 113, in train_flow\n    result = _train_task(lead_type_id, version, register_mlflow)\n             ^^^^^^^^^^^^^^^^^^^^^^^^^^^^^^^^^^^^^^^^^^^^^^^^^^^\n  File \"/usr/local/lib/python3.12/site-packages/prefect/tasks.py\", line 1227, in __call__\n    return run_task(\n           ^^^^^^^^^\n  File \"/usr/local/lib/python3.12/site-packages/prefect/task_engine.py\", line 1916, in run_task\n    return run_task_sync(**kwargs)\n           ^^^^^^^^^^^^^^^^^^^^^^^\n  File \"/usr/local/lib/python3.12/site-packages/prefect/task_engine.py\", line 1686, in run_task_sync\n    return engine.state if return_type == \"state\" else engine.result()\n                                                       ^^^^^^^^^^^^^^^\n  File \"/usr/local/lib/python3.12/site-packages/prefect/task_engine.py\", line 617, in result\n    raise self._raised\n  File \"/usr/local/lib/python3.12/site-packages/prefect/task_engine.py\", line 1021, in run_context\n    yield self\n  File \"/usr/local/lib/python3.12/site-packages/prefect/task_engine.py\", line 1683, in run_task_sync\n    engine.call_task_fn(txn)\n  File \"/usr/local/lib/python3.12/site-packages/prefect/task_engine.py\", line 1038, in call_task_fn\n    result = call_with_parameters(self.task.fn, parameters)\n             ^^^^^^^^^^^^^^^^^^^^^^^^^^^^^^^^^^^^^^^^^^^^^^\n  File \"/usr/local/lib/python3.12/site-packages/prefect/utilities/callables/__init__.py\", line 348, in call_with_parameters\n    return fn(*args, **kwargs)\n           ^^^^^^^^^^^^^^^^^^^\n  File \"/app/src/smarthub/train_and_predict/flow.py\", line 70, in _train_task\n    return train.run_training(\n           ^^^^^^^^^^^^^^^^^^^\n  File \"/app/src/smarthub/train_and_predict/train.py\", line 218, in run_training\n    preprocessing.assert_trainable(frame, lead_type_name)\n  File \"/app/src/smarthub/train_and_predict/preprocessing.py\", line 192, in assert_trainable\n    raise ValueError(\nValueError: Training data for 'home' has only ONE target class (won_flag=1, win_rate=1.0). A classifier needs both wins and losses. Check the `won` distribution in the pulled leads: losses may be encoded as blank/NULL (and dropped when building the training table), or `won` may not be the correct win/loss label. Confirm the label with the team before training.\n"}, "container": "prefect-worker"}
{"ts": "2026-08-12T06:36:48.026Z", "level": "INFO", "service": "worker", "logger": "httpx", "msg": "HTTP Request: POST http://prefect-server:4200/api/logs/ \"HTTP/1.1 201 Created\"", "container": "prefect-worker"}
{"ts": "2026-08-12T06:36:48.532375450Z", "container": "prefect-worker", "msg": "06:36:48.531 | ERROR   | prefect.flow_runs.runner - Process for flow run 'Incredible-Zorse' exited with status code: 1; Process exited with a general error."}
{"ts": "2026-08-12T06:36:48.532710323Z", "container": "prefect-worker", "msg": "06:36:48.532 | INFO    | prefect.flow_runs.runner - Check the flow run logs for an unhandled exception or assertion error."}
{"ts": "2026-08-12T06:36:48.644128115Z", "container": "prefect-worker", "msg": "06:36:48.643 | INFO    | prefect.flow_runs.worker - Check the flow run logs for an unhandled exception or assertion error."}
{"ts": "2026-08-12T06:40:19.632128664Z", "container": "prefect-worker", "msg": "06:40:19.631 | INFO    | prefect.flow_runs.worker - Worker 'ProcessWorker ba3fc305-c26e-4a13-96da-2c28424ff6f4' submitting flow run '88933ab9-7d4e-426e-8879-a796e243d4fc'"}
{"ts": "2026-08-12T06:40:19.756696072Z", "container": "prefect-worker", "msg": "06:40:19.756 | INFO    | prefect.flow_runs.runner - Starting flow run process..."}
{"ts": "2026-08-12T06:40:19.779926989Z", "container": "prefect-worker", "msg": "06:40:19.779 | INFO    | prefect.flow_runs.worker - Flow run 'meaty-coyote' submitted to infrastructure"}
{"ts": "2026-08-12T06:40:20.969129794Z", "container": "prefect-worker", "msg": "06:40:20.963 | INFO    | Flow run 'meaty-coyote' - Running 1 deployment pull step(s)"}
{"ts": "2026-08-12T06:40:20.989674248Z", "container": "prefect-worker", "msg": "06:40:20.988 | INFO    | Flow run 'meaty-coyote' - Executing deployment step: set_working_directory"}
{"ts": "2026-08-12T06:40:21.001145180Z", "container": "prefect-worker", "msg": "06:40:21.000 | INFO    | Flow run 'meaty-coyote' - Deployment step 'set_working_directory' completed successfully"}
{"ts": "2026-08-12T06:40:21.014929150Z", "container": "prefect-worker", "msg": "06:40:21.014 | INFO    | Flow run 'meaty-coyote' - All deployment steps completed successfully"}
{"ts": "2026-08-12T06:40:22.142Z", "level": "INFO", "service": "worker", "logger": "httpx", "msg": "HTTP Request: GET http://prefect-server:4200/api/admin/version \"HTTP/1.1 200 OK\"", "container": "prefect-worker"}
{"ts": "2026-08-12T06:40:22.145Z", "level": "INFO", "service": "worker", "logger": "httpx", "msg": "HTTP Request: GET http://prefect-server:4200/api/csrf-token?client=8d622eb5-9fe7-422f-8fe6-7e41af6f2538 \"HTTP/1.1 422 Unprocessable Entity\"", "container": "prefect-worker"}
{"ts": "2026-08-12T06:40:22.150Z", "level": "INFO", "service": "worker", "logger": "httpx", "msg": "HTTP Request: PATCH http://prefect-server:4200/api/flow_runs/88933ab9-7d4e-426e-8879-a796e243d4fc \"HTTP/1.1 204 No Content\"", "container": "prefect-worker"}
{"ts": "2026-08-12T06:40:22.168Z", "level": "INFO", "service": "worker", "logger": "httpx", "msg": "HTTP Request: GET http://prefect-server:4200/api/flow_runs/88933ab9-7d4e-426e-8879-a796e243d4fc \"HTTP/1.1 200 OK\"", "container": "prefect-worker"}
{"ts": "2026-08-12T06:40:22.181Z", "level": "INFO", "service": "worker", "logger": "httpx", "msg": "HTTP Request: POST http://prefect-server:4200/api/flow_runs/88933ab9-7d4e-426e-8879-a796e243d4fc/set_state \"HTTP/1.1 201 Created\"", "container": "prefect-worker"}
{"ts": "2026-08-12T06:40:22.186Z", "level": "INFO", "service": "worker", "logger": "httpx", "msg": "HTTP Request: GET http://prefect-server:4200/api/flow_runs/88933ab9-7d4e-426e-8879-a796e243d4fc \"HTTP/1.1 200 OK\"", "container": "prefect-worker"}
{"ts": "2026-08-12T06:40:22.191Z", "level": "INFO", "service": "worker", "logger": "httpx", "msg": "HTTP Request: GET http://prefect-server:4200/api/admin/storage \"HTTP/1.1 200 OK\"", "container": "prefect-worker"}
{"ts": "2026-08-12T06:40:22.193Z", "level": "INFO", "service": "worker", "logger": "httpx", "msg": "HTTP Request: GET http://prefect-server:4200/api/admin/storage \"HTTP/1.1 200 OK\"", "container": "prefect-worker"}
{"ts": "2026-08-12T06:40:22.194Z", "level": "INFO", "service": "worker", "logger": "prefect.flow_runs", "msg": "Beginning flow run 'meaty-coyote' for flow 'smarthub-train-model'", "flow_run_name": "meaty-coyote", "flow_run_id": "88933ab9-7d4e-426e-8879-a796e243d4fc", "flow_name": "smarthub-train-model", "deployment_name": "train-model", "container": "prefect-worker"}
{"ts": "2026-08-12T06:40:22.194Z", "level": "INFO", "service": "worker", "logger": "prefect.flow_runs", "msg": "View at http://prefect-server:4200/runs/flow-run/88933ab9-7d4e-426e-8879-a796e243d4fc", "flow_run_name": "meaty-coyote", "flow_run_id": "88933ab9-7d4e-426e-8879-a796e243d4fc", "flow_name": "smarthub-train-model", "deployment_name": "train-model", "send_to_api": false, "container": "prefect-worker"}
{"ts": "2026-08-12T06:40:22.195Z", "level": "INFO", "service": "worker", "logger": "prefect.flow_runs", "msg": "STEP 3 train-model starting: lead_type=home (1), version=latest, mlflow=True", "flow_run_name": "meaty-coyote", "flow_run_id": "88933ab9-7d4e-426e-8879-a796e243d4fc", "flow_name": "smarthub-train-model", "deployment_name": "train-model", "container": "prefect-worker"}
{"ts": "2026-08-12T06:40:22.219Z", "level": "INFO", "service": "worker", "logger": "flow.train", "msg": "Loading training table for lead_type=home (1)", "container": "prefect-worker"}
{"ts": "2026-08-12T06:40:22.225Z", "level": "INFO", "service": "worker", "logger": "httpx", "msg": "HTTP Request: GET http://prefect-server:4200/api/flows/b482d204-61dd-4cd6-bc87-1c0295ffdd50 \"HTTP/1.1 200 OK\"", "container": "prefect-worker"}
{"ts": "2026-08-12T06:40:22.233Z", "level": "INFO", "service": "worker", "logger": "httpx", "msg": "HTTP Request: GET http://prefect-server:4200/api/work_queues/1359b356-bb73-44da-ae82-6233613dd549 \"HTTP/1.1 200 OK\"", "container": "prefect-worker"}
{"ts": "2026-08-12T06:40:22.235Z", "level": "INFO", "service": "worker", "logger": "httpx", "msg": "HTTP Request: GET http://prefect-server:4200/api/deployments/f2af7572-283e-43ab-bfa3-0ad7cee08503 \"HTTP/1.1 200 OK\"", "container": "prefect-worker"}
{"ts": "2026-08-12T06:40:22.250Z", "level": "INFO", "service": "worker", "logger": "flow.train", "msg": "Dataset Prepared", "container": "prefect-worker"}
{"ts": "2026-08-12T06:40:22.250Z", "level": "INFO", "service": "worker", "logger": "flow.train", "msg": "  Training rows                         : 168", "container": "prefect-worker"}
{"ts": "2026-08-12T06:40:22.250Z", "level": "INFO", "service": "worker", "logger": "flow.train", "msg": "  Dropped rows                          : 0", "container": "prefect-worker"}
{"ts": "2026-08-12T06:40:22.250Z", "level": "INFO", "service": "worker", "logger": "flow.train", "msg": "  Win rate                              : 1.0000", "container": "prefect-worker"}
{"ts": "2026-08-12T06:40:22.250Z", "level": "INFO", "service": "worker", "logger": "flow.train", "msg": "  Feature count                         : 10 numeric, 7 categorical", "container": "prefect-worker"}
{"ts": "2026-08-12T06:40:22.250Z", "level": "INFO", "service": "worker", "logger": "flow.train", "msg": "  Missing feature columns               : none", "container": "prefect-worker"}
{"ts": "2026-08-12T06:40:22.250Z", "level": "ERROR", "service": "worker", "logger": "prefect.task_runs", "msg": "Task run failed with exception: ValueError(\"Training data for 'home' has only ONE target class (won_flag=1, win_rate=1.0). A classifier needs both wins and losses. Check the `won` distribution in the pulled leads: losses may be encoded as blank/NULL (and dropped when building the training table), or `won` may not be the correct win/loss label. Confirm the label with the team before training.\")", "task_run_id": "019ff4b3-58c6-7882-ba0c-d3b61d1358b9", "flow_run_id": "88933ab9-7d4e-426e-8879-a796e243d4fc", "task_run_name": "train-anton-model-053", "task_name": "train-anton-model", "flow_run_name": "meaty-coyote", "flow_name": "smarthub-train-model", "error": {"type": "ValueError", "msg": "Training data for 'home' has only ONE target class (won_flag=1, win_rate=1.0). A classifier needs both wins and losses. Check the `won` distribution in the pulled leads: losses may be encoded as blank/NULL (and dropped when building the training table), or `won` may not be the correct win/loss label. Confirm the label with the team before training.", "fingerprint": "5a498a0dc17f", "stack": "Traceback (most recent call last):\n  File \"/usr/local/lib/python3.12/site-packages/prefect/task_engine.py\", line 1021, in run_context\n    yield self\n  File \"/usr/local/lib/python3.12/site-packages/prefect/task_engine.py\", line 1683, in run_task_sync\n    engine.call_task_fn(txn)\n  File \"/usr/local/lib/python3.12/site-packages/prefect/task_engine.py\", line 1038, in call_task_fn\n    result = call_with_parameters(self.task.fn, parameters)\n             ^^^^^^^^^^^^^^^^^^^^^^^^^^^^^^^^^^^^^^^^^^^^^^\n  File \"/usr/local/lib/python3.12/site-packages/prefect/utilities/callables/__init__.py\", line 348, in call_with_parameters\n    return fn(*args, **kwargs)\n           ^^^^^^^^^^^^^^^^^^^\n  File \"/app/src/smarthub/train_and_predict/flow.py\", line 70, in _train_task\n    return train.run_training(\n           ^^^^^^^^^^^^^^^^^^^\n  File \"/app/src/smarthub/train_and_predict/train.py\", line 218, in run_training\n    preprocessing.assert_trainable(frame, lead_type_name)\n  File \"/app/src/smarthub/train_and_predict/preprocessing.py\", line 192, in assert_trainable\n    raise ValueError(\nValueError: Training data for 'home' has only ONE target class (won_flag=1, win_rate=1.0). A classifier needs both wins and losses. Check the `won` distribution in the pulled leads: losses may be encoded as blank/NULL (and dropped when building the training table), or `won` may not be the correct win/loss label. Confirm the label with the team before training.\n"}, "container": "prefect-worker"}
{"ts": "2026-08-12T06:40:22.255Z", "level": "ERROR", "service": "worker", "logger": "prefect.task_runs", "msg": "Finished in state Failed(\"Task run encountered an exception ValueError: Training data for 'home' has only ONE target class (won_flag=1, win_rate=1.0). A classifier needs both wins and losses. Check the `won` distribution in the pulled leads: losses may be encoded as blank/NULL (and dropped when building the training table), or `won` may not be the correct win/loss label. Confirm the label with the team before training.\")", "task_run_id": "019ff4b3-58c6-7882-ba0c-d3b61d1358b9", "flow_run_id": "88933ab9-7d4e-426e-8879-a796e243d4fc", "task_run_name": "train-anton-model-053", "task_name": "train-anton-model", "flow_run_name": "meaty-coyote", "flow_name": "smarthub-train-model", "container": "prefect-worker"}
{"ts": "2026-08-12T06:40:22.259Z", "level": "INFO", "service": "worker", "logger": "httpx", "msg": "HTTP Request: GET http://prefect-server:4200/api/work_pools/smarthub-pool \"HTTP/1.1 200 OK\"", "container": "prefect-worker"}
{"ts": "2026-08-12T06:40:22.975Z", "level": "INFO", "service": "worker", "logger": "httpx", "msg": "HTTP Request: GET http://prefect-server:4200/api/csrf-token?client=915c43fc-9a63-4a4c-a661-abdb9de35485 \"HTTP/1.1 422 Unprocessable Entity\"", "container": "prefect-worker"}
{"ts": "2026-08-12T06:40:22.983Z", "level": "INFO", "service": "worker", "logger": "httpx", "msg": "HTTP Request: POST http://prefect-server:4200/api/logs/ \"HTTP/1.1 201 Created\"", "container": "prefect-worker"}
{"ts": "2026-08-12T06:40:23.196Z", "level": "ERROR", "service": "worker", "logger": "prefect.flow_runs", "msg": "Encountered exception during execution: ValueError(\"Training data for 'home' has only ONE target class (won_flag=1, win_rate=1.0). A classifier needs both wins and losses. Check the `won` distribution in the pulled leads: losses may be encoded as blank/NULL (and dropped when building the training table), or `won` may not be the correct win/loss label. Confirm the label with the team before training.\")", "flow_run_name": "meaty-coyote", "flow_run_id": "88933ab9-7d4e-426e-8879-a796e243d4fc", "flow_name": "smarthub-train-model", "deployment_name": "train-model", "error": {"type": "ValueError", "msg": "Training data for 'home' has only ONE target class (won_flag=1, win_rate=1.0). A classifier needs both wins and losses. Check the `won` distribution in the pulled leads: losses may be encoded as blank/NULL (and dropped when building the training table), or `won` may not be the correct win/loss label. Confirm the label with the team before training.", "fingerprint": "cdacf01e0bb2", "stack": "Traceback (most recent call last):\n  File \"/usr/local/lib/python3.12/site-packages/prefect/flow_engine.py\", line 1277, in run_context\n    yield self\n  File \"/usr/local/lib/python3.12/site-packages/prefect/flow_engine.py\", line 2030, in run_flow_sync\n    engine.call_flow_fn()\n  File \"/usr/local/lib/python3.12/site-packages/prefect/flow_engine.py\", line 1297, in call_flow_fn\n    result = call_with_parameters(self.flow.fn, self.parameters)\n             ^^^^^^^^^^^^^^^^^^^^^^^^^^^^^^^^^^^^^^^^^^^^^^^^^^^\n  File \"/usr/local/lib/python3.12/site-packages/prefect/utilities/callables/__init__.py\", line 348, in call_with_parameters\n    return fn(*args, **kwargs)\n           ^^^^^^^^^^^^^^^^^^^\n  File \"/app/src/smarthub/train_and_predict/flow.py\", line 113, in train_flow\n    result = _train_task(lead_type_id, version, register_mlflow)\n             ^^^^^^^^^^^^^^^^^^^^^^^^^^^^^^^^^^^^^^^^^^^^^^^^^^^\n  File \"/usr/local/lib/python3.12/site-packages/prefect/tasks.py\", line 1227, in __call__\n    return run_task(\n           ^^^^^^^^^\n  File \"/usr/local/lib/python3.12/site-packages/prefect/task_engine.py\", line 1916, in run_task\n    return run_task_sync(**kwargs)\n           ^^^^^^^^^^^^^^^^^^^^^^^\n  File \"/usr/local/lib/python3.12/site-packages/prefect/task_engine.py\", line 1686, in run_task_sync\n    return engine.state if return_type == \"state\" else engine.result()\n                                                       ^^^^^^^^^^^^^^^\n  File \"/usr/local/lib/python3.12/site-packages/prefect/task_engine.py\", line 617, in result\n    raise self._raised\n  File \"/usr/local/lib/python3.12/site-packages/prefect/task_engine.py\", line 1021, in run_context\n    yield self\n  File \"/usr/local/lib/python3.12/site-packages/prefect/task_engine.py\", line 1683, in run_task_sync\n    engine.call_task_fn(txn)\n  File \"/usr/local/lib/python3.12/site-packages/prefect/task_engine.py\", line 1038, in call_task_fn\n    result = call_with_parameters(self.task.fn, parameters)\n             ^^^^^^^^^^^^^^^^^^^^^^^^^^^^^^^^^^^^^^^^^^^^^^\n  File \"/usr/local/lib/python3.12/site-packages/prefect/utilities/callables/__init__.py\", line 348, in call_with_parameters\n    return fn(*args, **kwargs)\n           ^^^^^^^^^^^^^^^^^^^\n  File \"/app/src/smarthub/train_and_predict/flow.py\", line 70, in _train_task\n    return train.run_training(\n           ^^^^^^^^^^^^^^^^^^^\n  File \"/app/src/smarthub/train_and_predict/train.py\", line 218, in run_training\n    preprocessing.assert_trainable(frame, lead_type_name)\n  File \"/app/src/smarthub/train_and_predict/preprocessing.py\", line 192, in assert_trainable\n    raise ValueError(\nValueError: Training data for 'home' has only ONE target class (won_flag=1, win_rate=1.0). A classifier needs both wins and losses. Check the `won` distribution in the pulled leads: losses may be encoded as blank/NULL (and dropped when building the training table), or `won` may not be the correct win/loss label. Confirm the label with the team before training.\n"}, "container": "prefect-worker"}
{"ts": "2026-08-12T06:40:23.233Z", "level": "INFO", "service": "worker", "logger": "httpx", "msg": "HTTP Request: POST http://prefect-server:4200/api/flow_runs/88933ab9-7d4e-426e-8879-a796e243d4fc/set_state \"HTTP/1.1 201 Created\"", "container": "prefect-worker"}
{"ts": "2026-08-12T06:40:23.233Z", "level": "INFO", "service": "worker", "logger": "prefect.flow_runs", "msg": "Running hook 'flow_failure_hook' in response to entering state 'Failed'", "flow_run_name": "meaty-coyote", "flow_run_id": "88933ab9-7d4e-426e-8879-a796e243d4fc", "flow_name": "smarthub-train-model", "deployment_name": "train-model", "container": "prefect-worker"}
{"ts": "2026-08-12T06:40:23.287Z", "level": "INFO", "service": "worker", "logger": "prefect.flow_runs", "msg": "Hook 'flow_failure_hook' finished running successfully", "flow_run_name": "meaty-coyote", "flow_run_id": "88933ab9-7d4e-426e-8879-a796e243d4fc", "flow_name": "smarthub-train-model", "deployment_name": "train-model", "container": "prefect-worker"}
{"ts": "2026-08-12T06:40:23.373Z", "level": "INFO", "service": "worker", "logger": "prefect.flow_runs", "msg": "Finished in state Failed(\"Flow run encountered an exception: ValueError: Training data for 'home' has only ONE target class (won_flag=1, win_rate=1.0). A classifier needs both wins and losses. Check the `won` distribution in the pulled leads: losses may be encoded as blank/NULL (and dropped when building the training table), or `won` may not be the correct win/loss label. Confirm the label with the team before training.\")", "flow_run_name": "meaty-coyote", "flow_run_id": "88933ab9-7d4e-426e-8879-a796e243d4fc", "flow_name": "smarthub-train-model", "deployment_name": "train-model", "container": "prefect-worker"}
{"ts": "2026-08-12T06:40:23.374Z", "level": "ERROR", "service": "worker", "logger": "prefect.flow_runs", "msg": "Engine execution exited with unexpected exception", "flow_run_name": "meaty-coyote", "flow_run_id": "88933ab9-7d4e-426e-8879-a796e243d4fc", "flow_name": "<unknown>", "deployment_name": "train-model", "error": {"type": "ValueError", "msg": "Training data for 'home' has only ONE target class (won_flag=1, win_rate=1.0). A classifier needs both wins and losses. Check the `won` distribution in the pulled leads: losses may be encoded as blank/NULL (and dropped when building the training table), or `won` may not be the correct win/loss label. Confirm the label with the team before training.", "fingerprint": "888d20199e32", "stack": "Traceback (most recent call last):\n  File \"/usr/local/lib/python3.12/site-packages/prefect/flow_engine.py\", line 2187, in run_flow\n    ret_val = run_flow_sync(**kwargs)\n              ^^^^^^^^^^^^^^^^^^^^^^^\n  File \"/usr/local/lib/python3.12/site-packages/prefect/flow_engine.py\", line 2032, in run_flow_sync\n    return engine.state if return_type == \"state\" else engine.result()\n                                                       ^^^^^^^^^^^^^^^\n  File \"/usr/local/lib/python3.12/site-packages/prefect/flow_engine.py\", line 759, in result\n    raise self._raised\n  File \"/usr/local/lib/python3.12/site-packages/prefect/flow_engine.py\", line 1277, in run_context\n    yield self\n  File \"/usr/local/lib/python3.12/site-packages/prefect/flow_engine.py\", line 2030, in run_flow_sync\n    engine.call_flow_fn()\n  File \"/usr/local/lib/python3.12/site-packages/prefect/flow_engine.py\", line 1297, in call_flow_fn\n    result = call_with_parameters(self.flow.fn, self.parameters)\n             ^^^^^^^^^^^^^^^^^^^^^^^^^^^^^^^^^^^^^^^^^^^^^^^^^^^\n  File \"/usr/local/lib/python3.12/site-packages/prefect/utilities/callables/__init__.py\", line 348, in call_with_parameters\n    return fn(*args, **kwargs)\n           ^^^^^^^^^^^^^^^^^^^\n  File \"/app/src/smarthub/train_and_predict/flow.py\", line 113, in train_flow\n    result = _train_task(lead_type_id, version, register_mlflow)\n             ^^^^^^^^^^^^^^^^^^^^^^^^^^^^^^^^^^^^^^^^^^^^^^^^^^^\n  File \"/usr/local/lib/python3.12/site-packages/prefect/tasks.py\", line 1227, in __call__\n    return run_task(\n           ^^^^^^^^^\n  File \"/usr/local/lib/python3.12/site-packages/prefect/task_engine.py\", line 1916, in run_task\n    return run_task_sync(**kwargs)\n           ^^^^^^^^^^^^^^^^^^^^^^^\n  File \"/usr/local/lib/python3.12/site-packages/prefect/task_engine.py\", line 1686, in run_task_sync\n    return engine.state if return_type == \"state\" else engine.result()\n                                                       ^^^^^^^^^^^^^^^\n  File \"/usr/local/lib/python3.12/site-packages/prefect/task_engine.py\", line 617, in result\n    raise self._raised\n  File \"/usr/local/lib/python3.12/site-packages/prefect/task_engine.py\", line 1021, in run_context\n    yield self\n  File \"/usr/local/lib/python3.12/site-packages/prefect/task_engine.py\", line 1683, in run_task_sync\n    engine.call_task_fn(txn)\n  File \"/usr/local/lib/python3.12/site-packages/prefect/task_engine.py\", line 1038, in call_task_fn\n    result = call_with_parameters(self.task.fn, parameters)\n             ^^^^^^^^^^^^^^^^^^^^^^^^^^^^^^^^^^^^^^^^^^^^^^\n  File \"/usr/local/lib/python3.12/site-packages/prefect/utilities/callables/__init__.py\", line 348, in call_with_parameters\n    return fn(*args, **kwargs)\n           ^^^^^^^^^^^^^^^^^^^\n  File \"/app/src/smarthub/train_and_predict/flow.py\", line 70, in _train_task\n    return train.run_training(\n           ^^^^^^^^^^^^^^^^^^^\n  File \"/app/src/smarthub/train_and_predict/train.py\", line 218, in run_training\n    preprocessing.assert_trainable(frame, lead_type_name)\n  File \"/app/src/smarthub/train_and_predict/preprocessing.py\", line 192, in assert_trainable\n    raise ValueError(\nValueError: Training data for 'home' has only ONE target class (won_flag=1, win_rate=1.0). A classifier needs both wins and losses. Check the `won` distribution in the pulled leads: losses may be encoded as blank/NULL (and dropped when building the training table), or `won` may not be the correct win/loss label. Confirm the label with the team before training.\n"}, "container": "prefect-worker"}
{"ts": "2026-08-12T06:40:23.376Z", "level": "ERROR", "service": "worker", "logger": "prefect.engine", "msg": "Execution of flow run '88933ab9-7d4e-426e-8879-a796e243d4fc' exited with unexpected exception", "error": {"type": "ValueError", "msg": "Training data for 'home' has only ONE target class (won_flag=1, win_rate=1.0). A classifier needs both wins and losses. Check the `won` distribution in the pulled leads: losses may be encoded as blank/NULL (and dropped when building the training table), or `won` may not be the correct win/loss label. Confirm the label with the team before training.", "fingerprint": "b7fd0b16890b", "stack": "Traceback (most recent call last):\n  File \"/usr/local/lib/python3.12/site-packages/prefect/engine.py\", line 87, in handle_engine_signals\n    yield\n  File \"/usr/local/lib/python3.12/site-packages/prefect/engine.py\", line 176, in <module>\n    _run_result: object = run_flow(\n                          ^^^^^^^^^\n  File \"/usr/local/lib/python3.12/site-packages/prefect/flow_engine.py\", line 2187, in run_flow\n    ret_val = run_flow_sync(**kwargs)\n              ^^^^^^^^^^^^^^^^^^^^^^^\n  File \"/usr/local/lib/python3.12/site-packages/prefect/flow_engine.py\", line 2032, in run_flow_sync\n    return engine.state if return_type == \"state\" else engine.result()\n                                                       ^^^^^^^^^^^^^^^\n  File \"/usr/local/lib/python3.12/site-packages/prefect/flow_engine.py\", line 759, in result\n    raise self._raised\n  File \"/usr/local/lib/python3.12/site-packages/prefect/flow_engine.py\", line 1277, in run_context\n    yield self\n  File \"/usr/local/lib/python3.12/site-packages/prefect/flow_engine.py\", line 2030, in run_flow_sync\n    engine.call_flow_fn()\n  File \"/usr/local/lib/python3.12/site-packages/prefect/flow_engine.py\", line 1297, in call_flow_fn\n    result = call_with_parameters(self.flow.fn, self.parameters)\n             ^^^^^^^^^^^^^^^^^^^^^^^^^^^^^^^^^^^^^^^^^^^^^^^^^^^\n  File \"/usr/local/lib/python3.12/site-packages/prefect/utilities/callables/__init__.py\", line 348, in call_with_parameters\n    return fn(*args, **kwargs)\n           ^^^^^^^^^^^^^^^^^^^\n  File \"/app/src/smarthub/train_and_predict/flow.py\", line 113, in train_flow\n    result = _train_task(lead_type_id, version, register_mlflow)\n             ^^^^^^^^^^^^^^^^^^^^^^^^^^^^^^^^^^^^^^^^^^^^^^^^^^^\n  File \"/usr/local/lib/python3.12/site-packages/prefect/tasks.py\", line 1227, in __call__\n    return run_task(\n           ^^^^^^^^^\n  File \"/usr/local/lib/python3.12/site-packages/prefect/task_engine.py\", line 1916, in run_task\n    return run_task_sync(**kwargs)\n           ^^^^^^^^^^^^^^^^^^^^^^^\n  File \"/usr/local/lib/python3.12/site-packages/prefect/task_engine.py\", line 1686, in run_task_sync\n    return engine.state if return_type == \"state\" else engine.result()\n                                                       ^^^^^^^^^^^^^^^\n  File \"/usr/local/lib/python3.12/site-packages/prefect/task_engine.py\", line 617, in result\n    raise self._raised\n  File \"/usr/local/lib/python3.12/site-packages/prefect/task_engine.py\", line 1021, in run_context\n    yield self\n  File \"/usr/local/lib/python3.12/site-packages/prefect/task_engine.py\", line 1683, in run_task_sync\n    engine.call_task_fn(txn)\n  File \"/usr/local/lib/python3.12/site-packages/prefect/task_engine.py\", line 1038, in call_task_fn\n    result = call_with_parameters(self.task.fn, parameters)\n             ^^^^^^^^^^^^^^^^^^^^^^^^^^^^^^^^^^^^^^^^^^^^^^\n  File \"/usr/local/lib/python3.12/site-packages/prefect/utilities/callables/__init__.py\", line 348, in call_with_parameters\n    return fn(*args, **kwargs)\n           ^^^^^^^^^^^^^^^^^^^\n  File \"/app/src/smarthub/train_and_predict/flow.py\", line 70, in _train_task\n    return train.run_training(\n           ^^^^^^^^^^^^^^^^^^^\n  File \"/app/src/smarthub/train_and_predict/train.py\", line 218, in run_training\n    preprocessing.assert_trainable(frame, lead_type_name)\n  File \"/app/src/smarthub/train_and_predict/preprocessing.py\", line 192, in assert_trainable\n    raise ValueError(\nValueError: Training data for 'home' has only ONE target class (won_flag=1, win_rate=1.0). A classifier needs both wins and losses. Check the `won` distribution in the pulled leads: losses may be encoded as blank/NULL (and dropped when building the training table), or `won` may not be the correct win/loss label. Confirm the label with the team before training.\n"}, "container": "prefect-worker"}
{"ts": "2026-08-12T06:40:23.385Z", "level": "INFO", "service": "worker", "logger": "httpx", "msg": "HTTP Request: POST http://prefect-server:4200/api/logs/ \"HTTP/1.1 201 Created\"", "container": "prefect-worker"}
{"ts": "2026-08-12T06:40:23.869477694Z", "container": "prefect-worker", "msg": "06:40:23.868 | ERROR   | prefect.flow_runs.runner - Process for flow run 'meaty-coyote' exited with status code: 1; Process exited with a general error."}
{"ts": "2026-08-12T06:40:23.869947818Z", "container": "prefect-worker", "msg": "06:40:23.869 | INFO    | prefect.flow_runs.runner - Check the flow run logs for an unhandled exception or assertion error."}
{"ts": "2026-08-12T06:40:23.898621358Z", "container": "prefect-worker", "msg": "06:40:23.898 | INFO    | prefect.flow_runs.worker - Check the flow run logs for an unhandled exception or assertion error."}
{"ts": "2026-08-12T06:45:46.403400852Z", "container": "prefect-worker", "msg": "Received SIGTERM. Sending SIGINT to the process worker (PID 6)..."}
{"ts": "2026-08-12T06:45:46.403429452Z", "container": "prefect-worker", "msg": "Received SIGINT. Sending SIGINT to the process worker (PID 6)..."}
{"ts": "2026-08-12T06:45:46.403433492Z", "container": "prefect-worker", "msg": "Worker 'ProcessWorker ba3fc305-c26e-4a13-96da-2c28424ff6f4' stopped!"}
{"ts": "2026-08-12T06:48:45.987347789Z", "container": "prefect-worker", "msg": "Prefect API is up."}
{"ts": "2026-08-12T06:48:47.453108642Z", "container": "prefect-worker", "msg": "Work pool named 'smarthub-pool' already exists. Use --overwrite to update it."}
{"ts": "2026-08-12T06:48:48.806678721Z", "container": "prefect-worker", "msg": "Work queue with name: 'default' already exists."}
{"ts": "2026-08-12T06:48:49.853021061Z", "container": "prefect-worker", "msg": "Work queue with name: 'features' already exists."}
{"ts": "2026-08-12T06:48:50.871487816Z", "container": "prefect-worker", "msg": "Work queue with name: 'training' already exists."}
{"ts": "2026-08-12T06:48:51.024751832Z", "container": "prefect-worker", "msg": "Registering deployments from prefect.yaml ..."}
{"ts": "2026-08-12T06:48:52.447093215Z", "container": "prefect-worker", "msg": "Deploying all flows with an existing deployment configuration..."}
{"ts": "2026-08-12T06:48:52.447381808Z", "container": "prefect-worker", "msg": "╭──────────────────────────────────────────────────────────────────────────────╮"}
{"ts": "2026-08-12T06:48:52.447389658Z", "container": "prefect-worker", "msg": "│ Deploying data-pull                                                          │"}
{"ts": "2026-08-12T06:48:52.447393228Z", "container": "prefect-worker", "msg": "╰──────────────────────────────────────────────────────────────────────────────╯"}
{"ts": "2026-08-12T06:48:53.010Z", "level": "INFO", "service": "worker", "logger": "httpx", "msg": "HTTP Request: GET http://prefect-server:4200/api/work_pools/smarthub-pool \"HTTP/1.1 200 OK\"", "container": "prefect-worker"}
{"ts": "2026-08-12T06:48:53.016Z", "level": "INFO", "service": "worker", "logger": "httpx", "msg": "HTTP Request: GET http://prefect-server:4200/api/work_pools/smarthub-pool \"HTTP/1.1 200 OK\"", "container": "prefect-worker"}
{"ts": "2026-08-12T06:48:53.075Z", "level": "INFO", "service": "worker", "logger": "httpx", "msg": "HTTP Request: GET http://prefect-server:4200/api/deployments/name/smarthub-data-pull/data-pull \"HTTP/1.1 200 OK\"", "container": "prefect-worker"}
{"ts": "2026-08-12T06:48:53.098Z", "level": "INFO", "service": "worker", "logger": "httpx", "msg": "HTTP Request: GET http://prefect-server:4200/api/csrf-token?client=2c43f08a-5e08-4b91-8661-8280c5e30a77 \"HTTP/1.1 422 Unprocessable Entity\"", "container": "prefect-worker"}
{"ts": "2026-08-12T06:48:53.177Z", "level": "INFO", "service": "worker", "logger": "httpx", "msg": "HTTP Request: PATCH http://prefect-server:4200/api/deployments/15dcce44-4b5f-4048-b854-eeba60c3b514 \"HTTP/1.1 204 No Content\"", "container": "prefect-worker"}
{"ts": "2026-08-12T06:48:53.200Z", "level": "INFO", "service": "worker", "logger": "httpx", "msg": "HTTP Request: DELETE http://prefect-server:4200/api/automations/owned-by/prefect.deployment.15dcce44-4b5f-4048-b854-eeba60c3b514 \"HTTP/1.1 202 Accepted\"", "container": "prefect-worker"}
{"ts": "2026-08-12T06:48:53.202Z", "level": "INFO", "service": "worker", "logger": "httpx", "msg": "HTTP Request: GET http://prefect-server:4200/api/csrf-token?client=07fee99c-2459-4f62-8064-2ce1243252a0 \"HTTP/1.1 422 Unprocessable Entity\"", "container": "prefect-worker"}
{"ts": "2026-08-12T06:48:53.206Z", "level": "INFO", "service": "worker", "logger": "httpx", "msg": "HTTP Request: DELETE http://prefect-server:4200/api/automations/owned-by/prefect.deployment.15dcce44-4b5f-4048-b854-eeba60c3b514 \"HTTP/1.1 202 Accepted\"", "container": "prefect-worker"}
{"ts": "2026-08-12T06:48:53.207454869Z", "container": "prefect-worker", "msg": "╭──────────────────────────────────────────────────────────────────────────────╮"}
{"ts": "2026-08-12T06:48:53.207463429Z", "container": "prefect-worker", "msg": "│ Deployment 'smarthub-data-pull/data-pull' successfully created with id       │"}
{"ts": "2026-08-12T06:48:53.207466769Z", "container": "prefect-worker", "msg": "│ '15dcce44-4b5f-4048-b854-eeba60c3b514'.                                      │"}
{"ts": "2026-08-12T06:48:53.207469789Z", "container": "prefect-worker", "msg": "╰──────────────────────────────────────────────────────────────────────────────╯"}
{"ts": "2026-08-12T06:48:53.207645100Z", "container": "prefect-worker", "msg": ""}
{"ts": "2026-08-12T06:48:53.207652890Z", "container": "prefect-worker", "msg": "View Deployment in UI: http://prefect-server:4200/deployments/deployment/15dcce44-4b5f-4048-b854-eeba60c3b514"}
{"ts": "2026-08-12T06:48:53.207656000Z", "container": "prefect-worker", "msg": ""}
{"ts": "2026-08-12T06:48:53.219Z", "level": "INFO", "service": "worker", "logger": "httpx", "msg": "HTTP Request: POST http://prefect-server:4200/api/work_pools/smarthub-pool/workers/filter \"HTTP/1.1 200 OK\"", "container": "prefect-worker"}
{"ts": "2026-08-12T06:48:53.220526144Z", "container": "prefect-worker", "msg": ""}
{"ts": "2026-08-12T06:48:53.220536214Z", "container": "prefect-worker", "msg": "To execute flow runs from these deployments, start a worker in a separate "}
{"ts": "2026-08-12T06:48:53.220539944Z", "container": "prefect-worker", "msg": "terminal that pulls work from the 'smarthub-pool' work pool:"}
{"ts": "2026-08-12T06:48:53.220731626Z", "container": "prefect-worker", "msg": ""}
{"ts": "2026-08-12T06:48:53.220736976Z", "container": "prefect-worker", "msg": "        $ prefect worker start --pool 'smarthub-pool'"}
{"ts": "2026-08-12T06:48:53.220872687Z", "container": "prefect-worker", "msg": ""}
{"ts": "2026-08-12T06:48:53.220878007Z", "container": "prefect-worker", "msg": "To schedule a run for this deployment, use the following command:"}
{"ts": "2026-08-12T06:48:53.221027588Z", "container": "prefect-worker", "msg": ""}
{"ts": "2026-08-12T06:48:53.221042608Z", "container": "prefect-worker", "msg": "        $ prefect deployment run 'smarthub-data-pull/data-pull'"}
{"ts": "2026-08-12T06:48:53.221047138Z", "container": "prefect-worker", "msg": ""}
{"ts": "2026-08-12T06:48:53.221198589Z", "container": "prefect-worker", "msg": "╭──────────────────────────────────────────────────────────────────────────────╮"}
{"ts": "2026-08-12T06:48:53.221216310Z", "container": "prefect-worker", "msg": "│ Deploying build-features                                                     │"}
{"ts": "2026-08-12T06:48:53.221219830Z", "container": "prefect-worker", "msg": "╰──────────────────────────────────────────────────────────────────────────────╯"}
{"ts": "2026-08-12T06:48:53.260Z", "level": "INFO", "service": "worker", "logger": "httpx", "msg": "HTTP Request: GET http://prefect-server:4200/api/work_pools/smarthub-pool \"HTTP/1.1 200 OK\"", "container": "prefect-worker"}
{"ts": "2026-08-12T06:48:53.264Z", "level": "INFO", "service": "worker", "logger": "httpx", "msg": "HTTP Request: GET http://prefect-server:4200/api/work_pools/smarthub-pool \"HTTP/1.1 200 OK\"", "container": "prefect-worker"}
{"ts": "2026-08-12T06:48:53.307Z", "level": "INFO", "service": "worker", "logger": "httpx", "msg": "HTTP Request: GET http://prefect-server:4200/api/deployments/name/smarthub-build-features/build-features \"HTTP/1.1 200 OK\"", "container": "prefect-worker"}
{"ts": "2026-08-12T06:48:53.323Z", "level": "INFO", "service": "worker", "logger": "httpx", "msg": "HTTP Request: GET http://prefect-server:4200/api/csrf-token?client=4b92ade6-32d6-479a-9d33-77f8b3deb249 \"HTTP/1.1 422 Unprocessable Entity\"", "container": "prefect-worker"}
{"ts": "2026-08-12T06:48:53.381Z", "level": "INFO", "service": "worker", "logger": "httpx", "msg": "HTTP Request: PATCH http://prefect-server:4200/api/deployments/8d536def-a82a-4c94-941b-14c2c0468511 \"HTTP/1.1 204 No Content\"", "container": "prefect-worker"}
{"ts": "2026-08-12T06:48:53.386Z", "level": "INFO", "service": "worker", "logger": "httpx", "msg": "HTTP Request: DELETE http://prefect-server:4200/api/automations/owned-by/prefect.deployment.8d536def-a82a-4c94-941b-14c2c0468511 \"HTTP/1.1 202 Accepted\"", "container": "prefect-worker"}
{"ts": "2026-08-12T06:48:53.388Z", "level": "INFO", "service": "worker", "logger": "httpx", "msg": "HTTP Request: GET http://prefect-server:4200/api/csrf-token?client=9c74b6c4-4491-46f4-a4d3-d10ab8569fe6 \"HTTP/1.1 422 Unprocessable Entity\"", "container": "prefect-worker"}
{"ts": "2026-08-12T06:48:53.392Z", "level": "INFO", "service": "worker", "logger": "httpx", "msg": "HTTP Request: DELETE http://prefect-server:4200/api/automations/owned-by/prefect.deployment.8d536def-a82a-4c94-941b-14c2c0468511 \"HTTP/1.1 202 Accepted\"", "container": "prefect-worker"}
{"ts": "2026-08-12T06:48:53.392914595Z", "container": "prefect-worker", "msg": "╭──────────────────────────────────────────────────────────────────────────────╮"}
{"ts": "2026-08-12T06:48:53.392925425Z", "container": "prefect-worker", "msg": "│ Deployment 'smarthub-build-features/build-features' successfully created     │"}
{"ts": "2026-08-12T06:48:53.392928975Z", "container": "prefect-worker", "msg": "│ with id '8d536def-a82a-4c94-941b-14c2c0468511'.                              │"}
{"ts": "2026-08-12T06:48:53.392932155Z", "container": "prefect-worker", "msg": "╰──────────────────────────────────────────────────────────────────────────────╯"}
{"ts": "2026-08-12T06:48:53.393027396Z", "container": "prefect-worker", "msg": ""}
{"ts": "2026-08-12T06:48:53.393034526Z", "container": "prefect-worker", "msg": "View Deployment in UI: http://prefect-server:4200/deployments/deployment/8d536def-a82a-4c94-941b-14c2c0468511"}
{"ts": "2026-08-12T06:48:53.393037776Z", "container": "prefect-worker", "msg": ""}
{"ts": "2026-08-12T06:48:53.396Z", "level": "INFO", "service": "worker", "logger": "httpx", "msg": "HTTP Request: POST http://prefect-server:4200/api/work_pools/smarthub-pool/workers/filter \"HTTP/1.1 200 OK\"", "container": "prefect-worker"}
{"ts": "2026-08-12T06:48:53.397446191Z", "container": "prefect-worker", "msg": ""}
{"ts": "2026-08-12T06:48:53.397457581Z", "container": "prefect-worker", "msg": "To execute flow runs from these deployments, start a worker in a separate "}
{"ts": "2026-08-12T06:48:53.397461331Z", "container": "prefect-worker", "msg": "terminal that pulls work from the 'smarthub-pool' work pool:"}
{"ts": "2026-08-12T06:48:53.397592422Z", "container": "prefect-worker", "msg": ""}
{"ts": "2026-08-12T06:48:53.397597873Z", "container": "prefect-worker", "msg": "        $ prefect worker start --pool 'smarthub-pool'"}
{"ts": "2026-08-12T06:48:53.397703063Z", "container": "prefect-worker", "msg": ""}
{"ts": "2026-08-12T06:48:53.397710263Z", "container": "prefect-worker", "msg": "To schedule a run for this deployment, use the following command:"}
{"ts": "2026-08-12T06:48:53.397852275Z", "container": "prefect-worker", "msg": ""}
{"ts": "2026-08-12T06:48:53.397857495Z", "container": "prefect-worker", "msg": "        $ prefect deployment run 'smarthub-build-features/build-features'"}
{"ts": "2026-08-12T06:48:53.397860655Z", "container": "prefect-worker", "msg": ""}
{"ts": "2026-08-12T06:48:53.398060426Z", "container": "prefect-worker", "msg": "╭──────────────────────────────────────────────────────────────────────────────╮"}
{"ts": "2026-08-12T06:48:53.398065576Z", "container": "prefect-worker", "msg": "│ Deploying train-model                                                        │"}
{"ts": "2026-08-12T06:48:53.398068766Z", "container": "prefect-worker", "msg": "╰──────────────────────────────────────────────────────────────────────────────╯"}
{"ts": "2026-08-12T06:48:54.419Z", "level": "INFO", "service": "worker", "logger": "matplotlib.font_manager", "msg": "generated new fontManager", "container": "prefect-worker"}
{"ts": "2026-08-12T06:48:54.620Z", "level": "INFO", "service": "worker", "logger": "httpx", "msg": "HTTP Request: GET http://prefect-server:4200/api/work_pools/smarthub-pool \"HTTP/1.1 200 OK\"", "container": "prefect-worker"}
{"ts": "2026-08-12T06:48:54.625Z", "level": "INFO", "service": "worker", "logger": "httpx", "msg": "HTTP Request: GET http://prefect-server:4200/api/work_pools/smarthub-pool \"HTTP/1.1 200 OK\"", "container": "prefect-worker"}
{"ts": "2026-08-12T06:48:54.671Z", "level": "INFO", "service": "worker", "logger": "httpx", "msg": "HTTP Request: GET http://prefect-server:4200/api/deployments/name/smarthub-train-model/train-model \"HTTP/1.1 200 OK\"", "container": "prefect-worker"}
{"ts": "2026-08-12T06:48:54.688Z", "level": "INFO", "service": "worker", "logger": "httpx", "msg": "HTTP Request: GET http://prefect-server:4200/api/csrf-token?client=a426d724-5fbd-482a-a419-62cba165d120 \"HTTP/1.1 422 Unprocessable Entity\"", "container": "prefect-worker"}
{"ts": "2026-08-12T06:48:54.752Z", "level": "INFO", "service": "worker", "logger": "httpx", "msg": "HTTP Request: PATCH http://prefect-server:4200/api/deployments/f2af7572-283e-43ab-bfa3-0ad7cee08503 \"HTTP/1.1 204 No Content\"", "container": "prefect-worker"}
{"ts": "2026-08-12T06:48:54.759Z", "level": "INFO", "service": "worker", "logger": "httpx", "msg": "HTTP Request: DELETE http://prefect-server:4200/api/automations/owned-by/prefect.deployment.f2af7572-283e-43ab-bfa3-0ad7cee08503 \"HTTP/1.1 202 Accepted\"", "container": "prefect-worker"}
{"ts": "2026-08-12T06:48:54.761Z", "level": "INFO", "service": "worker", "logger": "httpx", "msg": "HTTP Request: GET http://prefect-server:4200/api/csrf-token?client=0fd917de-f800-4482-a9fb-63c55533536f \"HTTP/1.1 422 Unprocessable Entity\"", "container": "prefect-worker"}
{"ts": "2026-08-12T06:48:54.765Z", "level": "INFO", "service": "worker", "logger": "httpx", "msg": "HTTP Request: DELETE http://prefect-server:4200/api/automations/owned-by/prefect.deployment.f2af7572-283e-43ab-bfa3-0ad7cee08503 \"HTTP/1.1 202 Accepted\"", "container": "prefect-worker"}
{"ts": "2026-08-12T06:48:54.765954840Z", "container": "prefect-worker", "msg": "╭──────────────────────────────────────────────────────────────────────────────╮"}
{"ts": "2026-08-12T06:48:54.765961690Z", "container": "prefect-worker", "msg": "│ Deployment 'smarthub-train-model/train-model' successfully created with id   │"}
{"ts": "2026-08-12T06:48:54.765965140Z", "container": "prefect-worker", "msg": "│ 'f2af7572-283e-43ab-bfa3-0ad7cee08503'.                                      │"}
{"ts": "2026-08-12T06:48:54.765968220Z", "container": "prefect-worker", "msg": "╰──────────────────────────────────────────────────────────────────────────────╯"}
{"ts": "2026-08-12T06:48:54.766091231Z", "container": "prefect-worker", "msg": ""}
{"ts": "2026-08-12T06:48:54.766099621Z", "container": "prefect-worker", "msg": "View Deployment in UI: http://prefect-server:4200/deployments/deployment/f2af7572-283e-43ab-bfa3-0ad7cee08503"}
{"ts": "2026-08-12T06:48:54.766103411Z", "container": "prefect-worker", "msg": ""}
{"ts": "2026-08-12T06:48:54.770Z", "level": "INFO", "service": "worker", "logger": "httpx", "msg": "HTTP Request: POST http://prefect-server:4200/api/work_pools/smarthub-pool/workers/filter \"HTTP/1.1 200 OK\"", "container": "prefect-worker"}
{"ts": "2026-08-12T06:48:54.770954890Z", "container": "prefect-worker", "msg": ""}
{"ts": "2026-08-12T06:48:54.770962110Z", "container": "prefect-worker", "msg": "To execute flow runs from these deployments, start a worker in a separate "}
{"ts": "2026-08-12T06:48:54.770965271Z", "container": "prefect-worker", "msg": "terminal that pulls work from the 'smarthub-pool' work pool:"}
{"ts": "2026-08-12T06:48:54.771131952Z", "container": "prefect-worker", "msg": ""}
{"ts": "2026-08-12T06:48:54.771137822Z", "container": "prefect-worker", "msg": "        $ prefect worker start --pool 'smarthub-pool'"}
{"ts": "2026-08-12T06:48:54.771251373Z", "container": "prefect-worker", "msg": ""}
{"ts": "2026-08-12T06:48:54.771256653Z", "container": "prefect-worker", "msg": "To schedule a run for this deployment, use the following command:"}
{"ts": "2026-08-12T06:48:54.771449664Z", "container": "prefect-worker", "msg": ""}
{"ts": "2026-08-12T06:48:54.771463385Z", "container": "prefect-worker", "msg": "        $ prefect deployment run 'smarthub-train-model/train-model'"}
{"ts": "2026-08-12T06:48:54.771467015Z", "container": "prefect-worker", "msg": ""}
{"ts": "2026-08-12T06:48:55.393326671Z", "container": "prefect-worker", "msg": "Starting worker on pool='smarthub-pool' queues='default features training' ..."}
{"ts": "2026-08-12T06:48:56.760002005Z", "container": "prefect-worker", "msg": "Discovered type 'process' for work pool 'smarthub-pool'."}
{"ts": "2026-08-12T06:48:57.108758548Z", "container": "prefect-worker", "msg": "Worker 'ProcessWorker 5671aa90-6d6b-4a50-a09e-c08d6b402e88' started!"}
{"ts": "2026-08-12T06:58:03.426068113Z", "container": "prefect-worker", "msg": "06:58:03.423 | INFO    | prefect.flow_runs.worker - Worker 'ProcessWorker 5671aa90-6d6b-4a50-a09e-c08d6b402e88' submitting flow run 'cde32899-6a12-4e1b-8058-335f9f2e1cac'"}
{"ts": "2026-08-12T06:58:03.771090335Z", "container": "prefect-worker", "msg": "06:58:03.770 | INFO    | prefect.flow_runs.runner - Starting flow run process..."}
{"ts": "2026-08-12T06:58:03.798639896Z", "container": "prefect-worker", "msg": "06:58:03.798 | INFO    | prefect.flow_runs.worker - Flow run 'Ergonomic-Tuna' submitted to infrastructure"}
{"ts": "2026-08-12T06:58:04.974159550Z", "container": "prefect-worker", "msg": "06:58:04.968 | INFO    | Flow run 'Ergonomic-Tuna' - Running 1 deployment pull step(s)"}
{"ts": "2026-08-12T06:58:04.994285011Z", "container": "prefect-worker", "msg": "06:58:04.993 | INFO    | Flow run 'Ergonomic-Tuna' - Executing deployment step: set_working_directory"}
{"ts": "2026-08-12T06:58:05.005724033Z", "container": "prefect-worker", "msg": "06:58:05.005 | INFO    | Flow run 'Ergonomic-Tuna' - Deployment step 'set_working_directory' completed successfully"}
{"ts": "2026-08-12T06:58:05.019631025Z", "container": "prefect-worker", "msg": "06:58:05.019 | INFO    | Flow run 'Ergonomic-Tuna' - All deployment steps completed successfully"}
{"ts": "2026-08-12T06:58:06.127Z", "level": "INFO", "service": "worker", "logger": "httpx", "msg": "HTTP Request: GET http://prefect-server:4200/api/admin/version \"HTTP/1.1 200 OK\"", "container": "prefect-worker"}
{"ts": "2026-08-12T06:58:06.131Z", "level": "INFO", "service": "worker", "logger": "httpx", "msg": "HTTP Request: GET http://prefect-server:4200/api/csrf-token?client=217e37ee-bafd-47fe-9e93-01c9857e14bd \"HTTP/1.1 422 Unprocessable Entity\"", "container": "prefect-worker"}
{"ts": "2026-08-12T06:58:06.136Z", "level": "INFO", "service": "worker", "logger": "httpx", "msg": "HTTP Request: PATCH http://prefect-server:4200/api/flow_runs/cde32899-6a12-4e1b-8058-335f9f2e1cac \"HTTP/1.1 204 No Content\"", "container": "prefect-worker"}
{"ts": "2026-08-12T06:58:06.155Z", "level": "INFO", "service": "worker", "logger": "httpx", "msg": "HTTP Request: GET http://prefect-server:4200/api/flow_runs/cde32899-6a12-4e1b-8058-335f9f2e1cac \"HTTP/1.1 200 OK\"", "container": "prefect-worker"}
{"ts": "2026-08-12T06:58:06.169Z", "level": "INFO", "service": "worker", "logger": "httpx", "msg": "HTTP Request: POST http://prefect-server:4200/api/flow_runs/cde32899-6a12-4e1b-8058-335f9f2e1cac/set_state \"HTTP/1.1 201 Created\"", "container": "prefect-worker"}
{"ts": "2026-08-12T06:58:06.175Z", "level": "INFO", "service": "worker", "logger": "httpx", "msg": "HTTP Request: GET http://prefect-server:4200/api/flow_runs/cde32899-6a12-4e1b-8058-335f9f2e1cac \"HTTP/1.1 200 OK\"", "container": "prefect-worker"}
{"ts": "2026-08-12T06:58:06.179Z", "level": "INFO", "service": "worker", "logger": "httpx", "msg": "HTTP Request: GET http://prefect-server:4200/api/admin/storage \"HTTP/1.1 200 OK\"", "container": "prefect-worker"}
{"ts": "2026-08-12T06:58:06.182Z", "level": "INFO", "service": "worker", "logger": "httpx", "msg": "HTTP Request: GET http://prefect-server:4200/api/admin/storage \"HTTP/1.1 200 OK\"", "container": "prefect-worker"}
{"ts": "2026-08-12T06:58:06.182Z", "level": "INFO", "service": "worker", "logger": "prefect.flow_runs", "msg": "Beginning flow run 'Ergonomic-Tuna' for flow 'smarthub-train-model'", "flow_run_name": "Ergonomic-Tuna", "flow_run_id": "cde32899-6a12-4e1b-8058-335f9f2e1cac", "flow_name": "smarthub-train-model", "deployment_name": "train-model", "container": "prefect-worker"}
{"ts": "2026-08-12T06:58:06.182Z", "level": "INFO", "service": "worker", "logger": "prefect.flow_runs", "msg": "View at http://prefect-server:4200/runs/flow-run/cde32899-6a12-4e1b-8058-335f9f2e1cac", "flow_run_name": "Ergonomic-Tuna", "flow_run_id": "cde32899-6a12-4e1b-8058-335f9f2e1cac", "flow_name": "smarthub-train-model", "deployment_name": "train-model", "send_to_api": false, "container": "prefect-worker"}
{"ts": "2026-08-12T06:58:06.183Z", "level": "INFO", "service": "worker", "logger": "prefect.flow_runs", "msg": "STEP 3 train-model starting: lead_type=home (1), version=latest, mlflow=True", "flow_run_name": "Ergonomic-Tuna", "flow_run_id": "cde32899-6a12-4e1b-8058-335f9f2e1cac", "flow_name": "smarthub-train-model", "deployment_name": "train-model", "container": "prefect-worker"}
{"ts": "2026-08-12T06:58:06.209Z", "level": "INFO", "service": "worker", "logger": "flow.train", "msg": "Loading training table for lead_type=home (1)", "container": "prefect-worker"}
{"ts": "2026-08-12T06:58:06.212Z", "level": "INFO", "service": "worker", "logger": "httpx", "msg": "HTTP Request: GET http://prefect-server:4200/api/flows/b482d204-61dd-4cd6-bc87-1c0295ffdd50 \"HTTP/1.1 200 OK\"", "container": "prefect-worker"}
{"ts": "2026-08-12T06:58:06.221Z", "level": "INFO", "service": "worker", "logger": "httpx", "msg": "HTTP Request: GET http://prefect-server:4200/api/work_queues/1359b356-bb73-44da-ae82-6233613dd549 \"HTTP/1.1 200 OK\"", "container": "prefect-worker"}
{"ts": "2026-08-12T06:58:06.223Z", "level": "INFO", "service": "worker", "logger": "httpx", "msg": "HTTP Request: GET http://prefect-server:4200/api/deployments/f2af7572-283e-43ab-bfa3-0ad7cee08503 \"HTTP/1.1 200 OK\"", "container": "prefect-worker"}
{"ts": "2026-08-12T06:58:06.242Z", "level": "INFO", "service": "worker", "logger": "flow.train", "msg": "Dataset Prepared", "container": "prefect-worker"}
{"ts": "2026-08-12T06:58:06.242Z", "level": "INFO", "service": "worker", "logger": "flow.train", "msg": "  Training rows                         : 168", "container": "prefect-worker"}
{"ts": "2026-08-12T06:58:06.242Z", "level": "INFO", "service": "worker", "logger": "flow.train", "msg": "  Dropped rows                          : 0", "container": "prefect-worker"}
{"ts": "2026-08-12T06:58:06.242Z", "level": "INFO", "service": "worker", "logger": "flow.train", "msg": "  Win rate                              : 1.0000", "container": "prefect-worker"}
{"ts": "2026-08-12T06:58:06.242Z", "level": "INFO", "service": "worker", "logger": "flow.train", "msg": "  Feature count                         : 10 numeric, 7 categorical", "container": "prefect-worker"}
{"ts": "2026-08-12T06:58:06.242Z", "level": "INFO", "service": "worker", "logger": "flow.train", "msg": "  Missing feature columns               : none", "container": "prefect-worker"}
{"ts": "2026-08-12T06:58:06.242Z", "level": "ERROR", "service": "worker", "logger": "prefect.task_runs", "msg": "Task run failed with exception: ValueError(\"Training data for 'home' has only ONE target class (won_flag=1, win_rate=1.0). A classifier needs both wins and losses. Check the `won` distribution in the pulled leads: losses may be encoded as blank/NULL (and dropped when building the training table), or `won` may not be the correct win/loss label. Confirm the label with the team before training.\")", "task_run_id": "019ff4c3-94fb-72a8-87ca-3b61fe8014ab", "flow_run_id": "cde32899-6a12-4e1b-8058-335f9f2e1cac", "task_run_name": "train-anton-model-c7d", "task_name": "train-anton-model", "flow_run_name": "Ergonomic-Tuna", "flow_name": "smarthub-train-model", "error": {"type": "ValueError", "msg": "Training data for 'home' has only ONE target class (won_flag=1, win_rate=1.0). A classifier needs both wins and losses. Check the `won` distribution in the pulled leads: losses may be encoded as blank/NULL (and dropped when building the training table), or `won` may not be the correct win/loss label. Confirm the label with the team before training.", "fingerprint": "5a498a0dc17f", "stack": "Traceback (most recent call last):\n  File \"/usr/local/lib/python3.12/site-packages/prefect/task_engine.py\", line 1021, in run_context\n    yield self\n  File \"/usr/local/lib/python3.12/site-packages/prefect/task_engine.py\", line 1683, in run_task_sync\n    engine.call_task_fn(txn)\n  File \"/usr/local/lib/python3.12/site-packages/prefect/task_engine.py\", line 1038, in call_task_fn\n    result = call_with_parameters(self.task.fn, parameters)\n             ^^^^^^^^^^^^^^^^^^^^^^^^^^^^^^^^^^^^^^^^^^^^^^\n  File \"/usr/local/lib/python3.12/site-packages/prefect/utilities/callables/__init__.py\", line 348, in call_with_parameters\n    return fn(*args, **kwargs)\n           ^^^^^^^^^^^^^^^^^^^\n  File \"/app/src/smarthub/train_and_predict/flow.py\", line 70, in _train_task\n    return train.run_training(\n           ^^^^^^^^^^^^^^^^^^^\n  File \"/app/src/smarthub/train_and_predict/train.py\", line 218, in run_training\n    preprocessing.assert_trainable(frame, lead_type_name)\n  File \"/app/src/smarthub/train_and_predict/preprocessing.py\", line 192, in assert_trainable\n    raise ValueError(\nValueError: Training data for 'home' has only ONE target class (won_flag=1, win_rate=1.0). A classifier needs both wins and losses. Check the `won` distribution in the pulled leads: losses may be encoded as blank/NULL (and dropped when building the training table), or `won` may not be the correct win/loss label. Confirm the label with the team before training.\n"}, "container": "prefect-worker"}
{"ts": "2026-08-12T06:58:06.247Z", "level": "ERROR", "service": "worker", "logger": "prefect.task_runs", "msg": "Finished in state Failed(\"Task run encountered an exception ValueError: Training data for 'home' has only ONE target class (won_flag=1, win_rate=1.0). A classifier needs both wins and losses. Check the `won` distribution in the pulled leads: losses may be encoded as blank/NULL (and dropped when building the training table), or `won` may not be the correct win/loss label. Confirm the label with the team before training.\")", "task_run_id": "019ff4c3-94fb-72a8-87ca-3b61fe8014ab", "flow_run_id": "cde32899-6a12-4e1b-8058-335f9f2e1cac", "task_run_name": "train-anton-model-c7d", "task_name": "train-anton-model", "flow_run_name": "Ergonomic-Tuna", "flow_name": "smarthub-train-model", "container": "prefect-worker"}
{"ts": "2026-08-12T06:58:06.248Z", "level": "INFO", "service": "worker", "logger": "httpx", "msg": "HTTP Request: GET http://prefect-server:4200/api/work_pools/smarthub-pool \"HTTP/1.1 200 OK\"", "container": "prefect-worker"}
{"ts": "2026-08-12T06:58:06.980Z", "level": "INFO", "service": "worker", "logger": "httpx", "msg": "HTTP Request: GET http://prefect-server:4200/api/csrf-token?client=79674070-8385-4864-9ea2-afb4da686a61 \"HTTP/1.1 422 Unprocessable Entity\"", "container": "prefect-worker"}
{"ts": "2026-08-12T06:58:06.989Z", "level": "INFO", "service": "worker", "logger": "httpx", "msg": "HTTP Request: POST http://prefect-server:4200/api/logs/ \"HTTP/1.1 201 Created\"", "container": "prefect-worker"}
{"ts": "2026-08-12T06:58:07.184Z", "level": "ERROR", "service": "worker", "logger": "prefect.flow_runs", "msg": "Encountered exception during execution: ValueError(\"Training data for 'home' has only ONE target class (won_flag=1, win_rate=1.0). A classifier needs both wins and losses. Check the `won` distribution in the pulled leads: losses may be encoded as blank/NULL (and dropped when building the training table), or `won` may not be the correct win/loss label. Confirm the label with the team before training.\")", "flow_run_name": "Ergonomic-Tuna", "flow_run_id": "cde32899-6a12-4e1b-8058-335f9f2e1cac", "flow_name": "smarthub-train-model", "deployment_name": "train-model", "error": {"type": "ValueError", "msg": "Training data for 'home' has only ONE target class (won_flag=1, win_rate=1.0). A classifier needs both wins and losses. Check the `won` distribution in the pulled leads: losses may be encoded as blank/NULL (and dropped when building the training table), or `won` may not be the correct win/loss label. Confirm the label with the team before training.", "fingerprint": "cdacf01e0bb2", "stack": "Traceback (most recent call last):\n  File \"/usr/local/lib/python3.12/site-packages/prefect/flow_engine.py\", line 1277, in run_context\n    yield self\n  File \"/usr/local/lib/python3.12/site-packages/prefect/flow_engine.py\", line 2030, in run_flow_sync\n    engine.call_flow_fn()\n  File \"/usr/local/lib/python3.12/site-packages/prefect/flow_engine.py\", line 1297, in call_flow_fn\n    result = call_with_parameters(self.flow.fn, self.parameters)\n             ^^^^^^^^^^^^^^^^^^^^^^^^^^^^^^^^^^^^^^^^^^^^^^^^^^^\n  File \"/usr/local/lib/python3.12/site-packages/prefect/utilities/callables/__init__.py\", line 348, in call_with_parameters\n    return fn(*args, **kwargs)\n           ^^^^^^^^^^^^^^^^^^^\n  File \"/app/src/smarthub/train_and_predict/flow.py\", line 113, in train_flow\n    result = _train_task(lead_type_id, version, register_mlflow)\n             ^^^^^^^^^^^^^^^^^^^^^^^^^^^^^^^^^^^^^^^^^^^^^^^^^^^\n  File \"/usr/local/lib/python3.12/site-packages/prefect/tasks.py\", line 1227, in __call__\n    return run_task(\n           ^^^^^^^^^\n  File \"/usr/local/lib/python3.12/site-packages/prefect/task_engine.py\", line 1916, in run_task\n    return run_task_sync(**kwargs)\n           ^^^^^^^^^^^^^^^^^^^^^^^\n  File \"/usr/local/lib/python3.12/site-packages/prefect/task_engine.py\", line 1686, in run_task_sync\n    return engine.state if return_type == \"state\" else engine.result()\n                                                       ^^^^^^^^^^^^^^^\n  File \"/usr/local/lib/python3.12/site-packages/prefect/task_engine.py\", line 617, in result\n    raise self._raised\n  File \"/usr/local/lib/python3.12/site-packages/prefect/task_engine.py\", line 1021, in run_context\n    yield self\n  File \"/usr/local/lib/python3.12/site-packages/prefect/task_engine.py\", line 1683, in run_task_sync\n    engine.call_task_fn(txn)\n  File \"/usr/local/lib/python3.12/site-packages/prefect/task_engine.py\", line 1038, in call_task_fn\n    result = call_with_parameters(self.task.fn, parameters)\n             ^^^^^^^^^^^^^^^^^^^^^^^^^^^^^^^^^^^^^^^^^^^^^^\n  File \"/usr/local/lib/python3.12/site-packages/prefect/utilities/callables/__init__.py\", line 348, in call_with_parameters\n    return fn(*args, **kwargs)\n           ^^^^^^^^^^^^^^^^^^^\n  File \"/app/src/smarthub/train_and_predict/flow.py\", line 70, in _train_task\n    return train.run_training(\n           ^^^^^^^^^^^^^^^^^^^\n  File \"/app/src/smarthub/train_and_predict/train.py\", line 218, in run_training\n    preprocessing.assert_trainable(frame, lead_type_name)\n  File \"/app/src/smarthub/train_and_predict/preprocessing.py\", line 192, in assert_trainable\n    raise ValueError(\nValueError: Training data for 'home' has only ONE target class (won_flag=1, win_rate=1.0). A classifier needs both wins and losses. Check the `won` distribution in the pulled leads: losses may be encoded as blank/NULL (and dropped when building the training table), or `won` may not be the correct win/loss label. Confirm the label with the team before training.\n"}, "container": "prefect-worker"}
{"ts": "2026-08-12T06:58:07.220Z", "level": "INFO", "service": "worker", "logger": "httpx", "msg": "HTTP Request: POST http://prefect-server:4200/api/flow_runs/cde32899-6a12-4e1b-8058-335f9f2e1cac/set_state \"HTTP/1.1 201 Created\"", "container": "prefect-worker"}
{"ts": "2026-08-12T06:58:07.220Z", "level": "INFO", "service": "worker", "logger": "prefect.flow_runs", "msg": "Running hook 'flow_failure_hook' in response to entering state 'Failed'", "flow_run_name": "Ergonomic-Tuna", "flow_run_id": "cde32899-6a12-4e1b-8058-335f9f2e1cac", "flow_name": "smarthub-train-model", "deployment_name": "train-model", "container": "prefect-worker"}
{"ts": "2026-08-12T06:58:07.278Z", "level": "INFO", "service": "worker", "logger": "prefect.flow_runs", "msg": "Hook 'flow_failure_hook' finished running successfully", "flow_run_name": "Ergonomic-Tuna", "flow_run_id": "cde32899-6a12-4e1b-8058-335f9f2e1cac", "flow_name": "smarthub-train-model", "deployment_name": "train-model", "container": "prefect-worker"}
{"ts": "2026-08-12T06:58:07.359Z", "level": "INFO", "service": "worker", "logger": "prefect.flow_runs", "msg": "Finished in state Failed(\"Flow run encountered an exception: ValueError: Training data for 'home' has only ONE target class (won_flag=1, win_rate=1.0). A classifier needs both wins and losses. Check the `won` distribution in the pulled leads: losses may be encoded as blank/NULL (and dropped when building the training table), or `won` may not be the correct win/loss label. Confirm the label with the team before training.\")", "flow_run_name": "Ergonomic-Tuna", "flow_run_id": "cde32899-6a12-4e1b-8058-335f9f2e1cac", "flow_name": "smarthub-train-model", "deployment_name": "train-model", "container": "prefect-worker"}
{"ts": "2026-08-12T06:58:07.360Z", "level": "ERROR", "service": "worker", "logger": "prefect.flow_runs", "msg": "Engine execution exited with unexpected exception", "flow_run_name": "Ergonomic-Tuna", "flow_run_id": "cde32899-6a12-4e1b-8058-335f9f2e1cac", "flow_name": "<unknown>", "deployment_name": "train-model", "error": {"type": "ValueError", "msg": "Training data for 'home' has only ONE target class (won_flag=1, win_rate=1.0). A classifier needs both wins and losses. Check the `won` distribution in the pulled leads: losses may be encoded as blank/NULL (and dropped when building the training table), or `won` may not be the correct win/loss label. Confirm the label with the team before training.", "fingerprint": "888d20199e32", "stack": "Traceback (most recent call last):\n  File \"/usr/local/lib/python3.12/site-packages/prefect/flow_engine.py\", line 2187, in run_flow\n    ret_val = run_flow_sync(**kwargs)\n              ^^^^^^^^^^^^^^^^^^^^^^^\n  File \"/usr/local/lib/python3.12/site-packages/prefect/flow_engine.py\", line 2032, in run_flow_sync\n    return engine.state if return_type == \"state\" else engine.result()\n                                                       ^^^^^^^^^^^^^^^\n  File \"/usr/local/lib/python3.12/site-packages/prefect/flow_engine.py\", line 759, in result\n    raise self._raised\n  File \"/usr/local/lib/python3.12/site-packages/prefect/flow_engine.py\", line 1277, in run_context\n    yield self\n  File \"/usr/local/lib/python3.12/site-packages/prefect/flow_engine.py\", line 2030, in run_flow_sync\n    engine.call_flow_fn()\n  File \"/usr/local/lib/python3.12/site-packages/prefect/flow_engine.py\", line 1297, in call_flow_fn\n    result = call_with_parameters(self.flow.fn, self.parameters)\n             ^^^^^^^^^^^^^^^^^^^^^^^^^^^^^^^^^^^^^^^^^^^^^^^^^^^\n  File \"/usr/local/lib/python3.12/site-packages/prefect/utilities/callables/__init__.py\", line 348, in call_with_parameters\n    return fn(*args, **kwargs)\n           ^^^^^^^^^^^^^^^^^^^\n  File \"/app/src/smarthub/train_and_predict/flow.py\", line 113, in train_flow\n    result = _train_task(lead_type_id, version, register_mlflow)\n             ^^^^^^^^^^^^^^^^^^^^^^^^^^^^^^^^^^^^^^^^^^^^^^^^^^^\n  File \"/usr/local/lib/python3.12/site-packages/prefect/tasks.py\", line 1227, in __call__\n    return run_task(\n           ^^^^^^^^^\n  File \"/usr/local/lib/python3.12/site-packages/prefect/task_engine.py\", line 1916, in run_task\n    return run_task_sync(**kwargs)\n           ^^^^^^^^^^^^^^^^^^^^^^^\n  File \"/usr/local/lib/python3.12/site-packages/prefect/task_engine.py\", line 1686, in run_task_sync\n    return engine.state if return_type == \"state\" else engine.result()\n                                                       ^^^^^^^^^^^^^^^\n  File \"/usr/local/lib/python3.12/site-packages/prefect/task_engine.py\", line 617, in result\n    raise self._raised\n  File \"/usr/local/lib/python3.12/site-packages/prefect/task_engine.py\", line 1021, in run_context\n    yield self\n  File \"/usr/local/lib/python3.12/site-packages/prefect/task_engine.py\", line 1683, in run_task_sync\n    engine.call_task_fn(txn)\n  File \"/usr/local/lib/python3.12/site-packages/prefect/task_engine.py\", line 1038, in call_task_fn\n    result = call_with_parameters(self.task.fn, parameters)\n             ^^^^^^^^^^^^^^^^^^^^^^^^^^^^^^^^^^^^^^^^^^^^^^\n  File \"/usr/local/lib/python3.12/site-packages/prefect/utilities/callables/__init__.py\", line 348, in call_with_parameters\n    return fn(*args, **kwargs)\n           ^^^^^^^^^^^^^^^^^^^\n  File \"/app/src/smarthub/train_and_predict/flow.py\", line 70, in _train_task\n    return train.run_training(\n           ^^^^^^^^^^^^^^^^^^^\n  File \"/app/src/smarthub/train_and_predict/train.py\", line 218, in run_training\n    preprocessing.assert_trainable(frame, lead_type_name)\n  File \"/app/src/smarthub/train_and_predict/preprocessing.py\", line 192, in assert_trainable\n    raise ValueError(\nValueError: Training data for 'home' has only ONE target class (won_flag=1, win_rate=1.0). A classifier needs both wins and losses. Check the `won` distribution in the pulled leads: losses may be encoded as blank/NULL (and dropped when building the training table), or `won` may not be the correct win/loss label. Confirm the label with the team before training.\n"}, "container": "prefect-worker"}
{"ts": "2026-08-12T06:58:07.362Z", "level": "ERROR", "service": "worker", "logger": "prefect.engine", "msg": "Execution of flow run 'cde32899-6a12-4e1b-8058-335f9f2e1cac' exited with unexpected exception", "error": {"type": "ValueError", "msg": "Training data for 'home' has only ONE target class (won_flag=1, win_rate=1.0). A classifier needs both wins and losses. Check the `won` distribution in the pulled leads: losses may be encoded as blank/NULL (and dropped when building the training table), or `won` may not be the correct win/loss label. Confirm the label with the team before training.", "fingerprint": "b7fd0b16890b", "stack": "Traceback (most recent call last):\n  File \"/usr/local/lib/python3.12/site-packages/prefect/engine.py\", line 87, in handle_engine_signals\n    yield\n  File \"/usr/local/lib/python3.12/site-packages/prefect/engine.py\", line 176, in <module>\n    _run_result: object = run_flow(\n                          ^^^^^^^^^\n  File \"/usr/local/lib/python3.12/site-packages/prefect/flow_engine.py\", line 2187, in run_flow\n    ret_val = run_flow_sync(**kwargs)\n              ^^^^^^^^^^^^^^^^^^^^^^^\n  File \"/usr/local/lib/python3.12/site-packages/prefect/flow_engine.py\", line 2032, in run_flow_sync\n    return engine.state if return_type == \"state\" else engine.result()\n                                                       ^^^^^^^^^^^^^^^\n  File \"/usr/local/lib/python3.12/site-packages/prefect/flow_engine.py\", line 759, in result\n    raise self._raised\n  File \"/usr/local/lib/python3.12/site-packages/prefect/flow_engine.py\", line 1277, in run_context\n    yield self\n  File \"/usr/local/lib/python3.12/site-packages/prefect/flow_engine.py\", line 2030, in run_flow_sync\n    engine.call_flow_fn()\n  File \"/usr/local/lib/python3.12/site-packages/prefect/flow_engine.py\", line 1297, in call_flow_fn\n    result = call_with_parameters(self.flow.fn, self.parameters)\n             ^^^^^^^^^^^^^^^^^^^^^^^^^^^^^^^^^^^^^^^^^^^^^^^^^^^\n  File \"/usr/local/lib/python3.12/site-packages/prefect/utilities/callables/__init__.py\", line 348, in call_with_parameters\n    return fn(*args, **kwargs)\n           ^^^^^^^^^^^^^^^^^^^\n  File \"/app/src/smarthub/train_and_predict/flow.py\", line 113, in train_flow\n    result = _train_task(lead_type_id, version, register_mlflow)\n             ^^^^^^^^^^^^^^^^^^^^^^^^^^^^^^^^^^^^^^^^^^^^^^^^^^^\n  File \"/usr/local/lib/python3.12/site-packages/prefect/tasks.py\", line 1227, in __call__\n    return run_task(\n           ^^^^^^^^^\n  File \"/usr/local/lib/python3.12/site-packages/prefect/task_engine.py\", line 1916, in run_task\n    return run_task_sync(**kwargs)\n           ^^^^^^^^^^^^^^^^^^^^^^^\n  File \"/usr/local/lib/python3.12/site-packages/prefect/task_engine.py\", line 1686, in run_task_sync\n    return engine.state if return_type == \"state\" else engine.result()\n                                                       ^^^^^^^^^^^^^^^\n  File \"/usr/local/lib/python3.12/site-packages/prefect/task_engine.py\", line 617, in result\n    raise self._raised\n  File \"/usr/local/lib/python3.12/site-packages/prefect/task_engine.py\", line 1021, in run_context\n    yield self\n  File \"/usr/local/lib/python3.12/site-packages/prefect/task_engine.py\", line 1683, in run_task_sync\n    engine.call_task_fn(txn)\n  File \"/usr/local/lib/python3.12/site-packages/prefect/task_engine.py\", line 1038, in call_task_fn\n    result = call_with_parameters(self.task.fn, parameters)\n             ^^^^^^^^^^^^^^^^^^^^^^^^^^^^^^^^^^^^^^^^^^^^^^\n  File \"/usr/local/lib/python3.12/site-packages/prefect/utilities/callables/__init__.py\", line 348, in call_with_parameters\n    return fn(*args, **kwargs)\n           ^^^^^^^^^^^^^^^^^^^\n  File \"/app/src/smarthub/train_and_predict/flow.py\", line 70, in _train_task\n    return train.run_training(\n           ^^^^^^^^^^^^^^^^^^^\n  File \"/app/src/smarthub/train_and_predict/train.py\", line 218, in run_training\n    preprocessing.assert_trainable(frame, lead_type_name)\n  File \"/app/src/smarthub/train_and_predict/preprocessing.py\", line 192, in assert_trainable\n    raise ValueError(\nValueError: Training data for 'home' has only ONE target class (won_flag=1, win_rate=1.0). A classifier needs both wins and losses. Check the `won` distribution in the pulled leads: losses may be encoded as blank/NULL (and dropped when building the training table), or `won` may not be the correct win/loss label. Confirm the label with the team before training.\n"}, "container": "prefect-worker"}
{"ts": "2026-08-12T06:58:07.373Z", "level": "INFO", "service": "worker", "logger": "httpx", "msg": "HTTP Request: POST http://prefect-server:4200/api/logs/ \"HTTP/1.1 201 Created\"", "container": "prefect-worker"}
{"ts": "2026-08-12T06:58:07.854654600Z", "container": "prefect-worker", "msg": "06:58:07.853 | ERROR   | prefect.flow_runs.runner - Process for flow run 'Ergonomic-Tuna' exited with status code: 1; Process exited with a general error."}
{"ts": "2026-08-12T06:58:07.854981323Z", "container": "prefect-worker", "msg": "06:58:07.854 | INFO    | prefect.flow_runs.runner - Check the flow run logs for an unhandled exception or assertion error."}
{"ts": "2026-08-12T06:58:07.917353494Z", "container": "prefect-worker", "msg": "06:58:07.916 | INFO    | prefect.flow_runs.worker - Check the flow run logs for an unhandled exception or assertion error."}
{"ts": "2026-08-12T07:01:52.441812831Z", "container": "prefect-worker", "msg": "Received SIGTERM. Sending SIGINT to the process worker (PID 7)..."}
{"ts": "2026-08-12T07:01:52.442036313Z", "container": "prefect-worker", "msg": "Received SIGINT. Sending SIGINT to the process worker (PID 7)..."}
{"ts": "2026-08-12T07:01:52.445555931Z", "container": "prefect-worker", "msg": "Worker 'ProcessWorker 5671aa90-6d6b-4a50-a09e-c08d6b402e88' stopped!"}
{"ts": "2026-08-12T07:02:05.401580363Z", "container": "prefect-worker", "msg": "Waiting for Prefect API at http://prefect-server:4200/api ..."}
{"ts": "2026-08-12T07:02:06.759586567Z", "container": "prefect-worker", "msg": "Prefect API is up."}
{"ts": "2026-08-12T07:02:08.138728691Z", "container": "prefect-worker", "msg": "Work pool named 'smarthub-pool' already exists. Use --overwrite to update it."}
{"ts": "2026-08-12T07:02:09.421580312Z", "container": "prefect-worker", "msg": "Work queue with name: 'default' already exists."}
{"ts": "2026-08-12T07:02:10.691378558Z", "container": "prefect-worker", "msg": "Work queue with name: 'features' already exists."}
{"ts": "2026-08-12T07:02:11.920989630Z", "container": "prefect-worker", "msg": "Work queue with name: 'training' already exists."}
{"ts": "2026-08-12T07:02:12.133467727Z", "container": "prefect-worker", "msg": "Registering deployments from prefect.yaml ..."}
{"ts": "2026-08-12T07:02:13.635192896Z", "container": "prefect-worker", "msg": "Deploying all flows with an existing deployment configuration..."}
{"ts": "2026-08-12T07:02:13.635444998Z", "container": "prefect-worker", "msg": "╭──────────────────────────────────────────────────────────────────────────────╮"}
{"ts": "2026-08-12T07:02:13.635459458Z", "container": "prefect-worker", "msg": "│ Deploying data-pull                                                          │"}
{"ts": "2026-08-12T07:02:13.635463308Z", "container": "prefect-worker", "msg": "╰──────────────────────────────────────────────────────────────────────────────╯"}
{"ts": "2026-08-12T07:02:14.188Z", "level": "INFO", "service": "worker", "logger": "httpx", "msg": "HTTP Request: GET http://prefect-server:4200/api/work_pools/smarthub-pool \"HTTP/1.1 200 OK\"", "container": "prefect-worker"}
{"ts": "2026-08-12T07:02:14.194Z", "level": "INFO", "service": "worker", "logger": "httpx", "msg": "HTTP Request: GET http://prefect-server:4200/api/work_pools/smarthub-pool \"HTTP/1.1 200 OK\"", "container": "prefect-worker"}
{"ts": "2026-08-12T07:02:14.240Z", "level": "INFO", "service": "worker", "logger": "httpx", "msg": "HTTP Request: GET http://prefect-server:4200/api/deployments/name/smarthub-data-pull/data-pull \"HTTP/1.1 200 OK\"", "container": "prefect-worker"}
{"ts": "2026-08-12T07:02:14.264Z", "level": "INFO", "service": "worker", "logger": "httpx", "msg": "HTTP Request: GET http://prefect-server:4200/api/csrf-token?client=92208081-2302-4c51-88ae-9acc5b8014ac \"HTTP/1.1 422 Unprocessable Entity\"", "container": "prefect-worker"}
{"ts": "2026-08-12T07:02:14.323Z", "level": "INFO", "service": "worker", "logger": "httpx", "msg": "HTTP Request: PATCH http://prefect-server:4200/api/deployments/15dcce44-4b5f-4048-b854-eeba60c3b514 \"HTTP/1.1 204 No Content\"", "container": "prefect-worker"}
{"ts": "2026-08-12T07:02:14.329Z", "level": "INFO", "service": "worker", "logger": "httpx", "msg": "HTTP Request: DELETE http://prefect-server:4200/api/automations/owned-by/prefect.deployment.15dcce44-4b5f-4048-b854-eeba60c3b514 \"HTTP/1.1 202 Accepted\"", "container": "prefect-worker"}
{"ts": "2026-08-12T07:02:14.331Z", "level": "INFO", "service": "worker", "logger": "httpx", "msg": "HTTP Request: GET http://prefect-server:4200/api/csrf-token?client=a44957bb-5442-4b44-b44d-61801700a0d0 \"HTTP/1.1 422 Unprocessable Entity\"", "container": "prefect-worker"}
{"ts": "2026-08-12T07:02:14.336Z", "level": "INFO", "service": "worker", "logger": "httpx", "msg": "HTTP Request: DELETE http://prefect-server:4200/api/automations/owned-by/prefect.deployment.15dcce44-4b5f-4048-b854-eeba60c3b514 \"HTTP/1.1 202 Accepted\"", "container": "prefect-worker"}
{"ts": "2026-08-12T07:02:14.336791840Z", "container": "prefect-worker", "msg": "╭──────────────────────────────────────────────────────────────────────────────╮"}
{"ts": "2026-08-12T07:02:14.336800420Z", "container": "prefect-worker", "msg": "│ Deployment 'smarthub-data-pull/data-pull' successfully created with id       │"}
{"ts": "2026-08-12T07:02:14.336803920Z", "container": "prefect-worker", "msg": "│ '15dcce44-4b5f-4048-b854-eeba60c3b514'.                                      │"}
{"ts": "2026-08-12T07:02:14.336807020Z", "container": "prefect-worker", "msg": "╰──────────────────────────────────────────────────────────────────────────────╯"}
{"ts": "2026-08-12T07:02:14.336986512Z", "container": "prefect-worker", "msg": ""}
{"ts": "2026-08-12T07:02:14.336996962Z", "container": "prefect-worker", "msg": "View Deployment in UI: http://prefect-server:4200/deployments/deployment/15dcce44-4b5f-4048-b854-eeba60c3b514"}
{"ts": "2026-08-12T07:02:14.337000842Z", "container": "prefect-worker", "msg": ""}
{"ts": "2026-08-12T07:02:14.342Z", "level": "INFO", "service": "worker", "logger": "httpx", "msg": "HTTP Request: POST http://prefect-server:4200/api/work_pools/smarthub-pool/workers/filter \"HTTP/1.1 200 OK\"", "container": "prefect-worker"}
{"ts": "2026-08-12T07:02:14.343749976Z", "container": "prefect-worker", "msg": ""}
{"ts": "2026-08-12T07:02:14.343762366Z", "container": "prefect-worker", "msg": "To schedule a run for this deployment, use the following command:"}
{"ts": "2026-08-12T07:02:14.343979118Z", "container": "prefect-worker", "msg": ""}
{"ts": "2026-08-12T07:02:14.343984548Z", "container": "prefect-worker", "msg": "        $ prefect deployment run 'smarthub-data-pull/data-pull'"}
{"ts": "2026-08-12T07:02:14.343987788Z", "container": "prefect-worker", "msg": ""}
{"ts": "2026-08-12T07:02:14.344159099Z", "container": "prefect-worker", "msg": "╭──────────────────────────────────────────────────────────────────────────────╮"}
{"ts": "2026-08-12T07:02:14.344171690Z", "container": "prefect-worker", "msg": "│ Deploying build-features                                                     │"}
{"ts": "2026-08-12T07:02:14.344175650Z", "container": "prefect-worker", "msg": "╰──────────────────────────────────────────────────────────────────────────────╯"}
{"ts": "2026-08-12T07:02:14.384Z", "level": "INFO", "service": "worker", "logger": "httpx", "msg": "HTTP Request: GET http://prefect-server:4200/api/work_pools/smarthub-pool \"HTTP/1.1 200 OK\"", "container": "prefect-worker"}
{"ts": "2026-08-12T07:02:14.388Z", "level": "INFO", "service": "worker", "logger": "httpx", "msg": "HTTP Request: GET http://prefect-server:4200/api/work_pools/smarthub-pool \"HTTP/1.1 200 OK\"", "container": "prefect-worker"}
{"ts": "2026-08-12T07:02:14.432Z", "level": "INFO", "service": "worker", "logger": "httpx", "msg": "HTTP Request: GET http://prefect-server:4200/api/deployments/name/smarthub-build-features/build-features \"HTTP/1.1 200 OK\"", "container": "prefect-worker"}
{"ts": "2026-08-12T07:02:14.448Z", "level": "INFO", "service": "worker", "logger": "httpx", "msg": "HTTP Request: GET http://prefect-server:4200/api/csrf-token?client=a22bb3e4-8095-4b24-930a-21e4396171bd \"HTTP/1.1 422 Unprocessable Entity\"", "container": "prefect-worker"}
{"ts": "2026-08-12T07:02:14.509Z", "level": "INFO", "service": "worker", "logger": "httpx", "msg": "HTTP Request: PATCH http://prefect-server:4200/api/deployments/8d536def-a82a-4c94-941b-14c2c0468511 \"HTTP/1.1 204 No Content\"", "container": "prefect-worker"}
{"ts": "2026-08-12T07:02:14.514Z", "level": "INFO", "service": "worker", "logger": "httpx", "msg": "HTTP Request: DELETE http://prefect-server:4200/api/automations/owned-by/prefect.deployment.8d536def-a82a-4c94-941b-14c2c0468511 \"HTTP/1.1 202 Accepted\"", "container": "prefect-worker"}
{"ts": "2026-08-12T07:02:14.516Z", "level": "INFO", "service": "worker", "logger": "httpx", "msg": "HTTP Request: GET http://prefect-server:4200/api/csrf-token?client=92c941ad-f173-47e6-8757-9f9eda26a9ca \"HTTP/1.1 422 Unprocessable Entity\"", "container": "prefect-worker"}
{"ts": "2026-08-12T07:02:14.520Z", "level": "INFO", "service": "worker", "logger": "httpx", "msg": "HTTP Request: DELETE http://prefect-server:4200/api/automations/owned-by/prefect.deployment.8d536def-a82a-4c94-941b-14c2c0468511 \"HTTP/1.1 202 Accepted\"", "container": "prefect-worker"}
{"ts": "2026-08-12T07:02:14.521021480Z", "container": "prefect-worker", "msg": "╭──────────────────────────────────────────────────────────────────────────────╮"}
{"ts": "2026-08-12T07:02:14.521037960Z", "container": "prefect-worker", "msg": "│ Deployment 'smarthub-build-features/build-features' successfully created     │"}
{"ts": "2026-08-12T07:02:14.521042010Z", "container": "prefect-worker", "msg": "│ with id '8d536def-a82a-4c94-941b-14c2c0468511'.                              │"}
{"ts": "2026-08-12T07:02:14.521045320Z", "container": "prefect-worker", "msg": "╰──────────────────────────────────────────────────────────────────────────────╯"}
{"ts": "2026-08-12T07:02:14.521131781Z", "container": "prefect-worker", "msg": ""}
{"ts": "2026-08-12T07:02:14.521137991Z", "container": "prefect-worker", "msg": "View Deployment in UI: http://prefect-server:4200/deployments/deployment/8d536def-a82a-4c94-941b-14c2c0468511"}
{"ts": "2026-08-12T07:02:14.521141351Z", "container": "prefect-worker", "msg": ""}
{"ts": "2026-08-12T07:02:14.525Z", "level": "INFO", "service": "worker", "logger": "httpx", "msg": "HTTP Request: POST http://prefect-server:4200/api/work_pools/smarthub-pool/workers/filter \"HTTP/1.1 200 OK\"", "container": "prefect-worker"}
{"ts": "2026-08-12T07:02:14.525809758Z", "container": "prefect-worker", "msg": ""}
{"ts": "2026-08-12T07:02:14.525816159Z", "container": "prefect-worker", "msg": "To schedule a run for this deployment, use the following command:"}
{"ts": "2026-08-12T07:02:14.526003780Z", "container": "prefect-worker", "msg": ""}
{"ts": "2026-08-12T07:02:14.526014600Z", "container": "prefect-worker", "msg": "        $ prefect deployment run 'smarthub-build-features/build-features'"}
{"ts": "2026-08-12T07:02:14.526018300Z", "container": "prefect-worker", "msg": ""}
{"ts": "2026-08-12T07:02:14.526235862Z", "container": "prefect-worker", "msg": "╭──────────────────────────────────────────────────────────────────────────────╮"}
{"ts": "2026-08-12T07:02:14.526242602Z", "container": "prefect-worker", "msg": "│ Deploying train-model                                                        │"}
{"ts": "2026-08-12T07:02:14.526245972Z", "container": "prefect-worker", "msg": "╰──────────────────────────────────────────────────────────────────────────────╯"}
{"ts": "2026-08-12T07:02:15.521Z", "level": "INFO", "service": "worker", "logger": "matplotlib.font_manager", "msg": "generated new fontManager", "container": "prefect-worker"}
{"ts": "2026-08-12T07:02:15.707Z", "level": "INFO", "service": "worker", "logger": "httpx", "msg": "HTTP Request: GET http://prefect-server:4200/api/work_pools/smarthub-pool \"HTTP/1.1 200 OK\"", "container": "prefect-worker"}
{"ts": "2026-08-12T07:02:15.711Z", "level": "INFO", "service": "worker", "logger": "httpx", "msg": "HTTP Request: GET http://prefect-server:4200/api/work_pools/smarthub-pool \"HTTP/1.1 200 OK\"", "container": "prefect-worker"}
{"ts": "2026-08-12T07:02:15.753Z", "level": "INFO", "service": "worker", "logger": "httpx", "msg": "HTTP Request: GET http://prefect-server:4200/api/deployments/name/smarthub-train-model/train-model \"HTTP/1.1 200 OK\"", "container": "prefect-worker"}
{"ts": "2026-08-12T07:02:15.768Z", "level": "INFO", "service": "worker", "logger": "httpx", "msg": "HTTP Request: GET http://prefect-server:4200/api/csrf-token?client=e7518eca-ab92-45e4-b960-302049f9259e \"HTTP/1.1 422 Unprocessable Entity\"", "container": "prefect-worker"}
{"ts": "2026-08-12T07:02:15.825Z", "level": "INFO", "service": "worker", "logger": "httpx", "msg": "HTTP Request: PATCH http://prefect-server:4200/api/deployments/f2af7572-283e-43ab-bfa3-0ad7cee08503 \"HTTP/1.1 204 No Content\"", "container": "prefect-worker"}
{"ts": "2026-08-12T07:02:15.833Z", "level": "INFO", "service": "worker", "logger": "httpx", "msg": "HTTP Request: DELETE http://prefect-server:4200/api/automations/owned-by/prefect.deployment.f2af7572-283e-43ab-bfa3-0ad7cee08503 \"HTTP/1.1 202 Accepted\"", "container": "prefect-worker"}
{"ts": "2026-08-12T07:02:15.836Z", "level": "INFO", "service": "worker", "logger": "httpx", "msg": "HTTP Request: GET http://prefect-server:4200/api/csrf-token?client=0c0e1daf-f744-48cf-acf6-f26c044092a1 \"HTTP/1.1 422 Unprocessable Entity\"", "container": "prefect-worker"}
{"ts": "2026-08-12T07:02:15.840Z", "level": "INFO", "service": "worker", "logger": "httpx", "msg": "HTTP Request: DELETE http://prefect-server:4200/api/automations/owned-by/prefect.deployment.f2af7572-283e-43ab-bfa3-0ad7cee08503 \"HTTP/1.1 202 Accepted\"", "container": "prefect-worker"}
{"ts": "2026-08-12T07:02:15.841457404Z", "container": "prefect-worker", "msg": "╭──────────────────────────────────────────────────────────────────────────────╮"}
{"ts": "2026-08-12T07:02:15.841468734Z", "container": "prefect-worker", "msg": "│ Deployment 'smarthub-train-model/train-model' successfully created with id   │"}
{"ts": "2026-08-12T07:02:15.841472744Z", "container": "prefect-worker", "msg": "│ 'f2af7572-283e-43ab-bfa3-0ad7cee08503'.                                      │"}
{"ts": "2026-08-12T07:02:15.841476254Z", "container": "prefect-worker", "msg": "╰──────────────────────────────────────────────────────────────────────────────╯"}
{"ts": "2026-08-12T07:02:15.841700566Z", "container": "prefect-worker", "msg": ""}
{"ts": "2026-08-12T07:02:15.841716246Z", "container": "prefect-worker", "msg": "View Deployment in UI: http://prefect-server:4200/deployments/deployment/f2af7572-283e-43ab-bfa3-0ad7cee08503"}
{"ts": "2026-08-12T07:02:15.841720056Z", "container": "prefect-worker", "msg": ""}
{"ts": "2026-08-12T07:02:15.846Z", "level": "INFO", "service": "worker", "logger": "httpx", "msg": "HTTP Request: POST http://prefect-server:4200/api/work_pools/smarthub-pool/workers/filter \"HTTP/1.1 200 OK\"", "container": "prefect-worker"}
{"ts": "2026-08-12T07:02:15.847215440Z", "container": "prefect-worker", "msg": ""}
{"ts": "2026-08-12T07:02:15.847221530Z", "container": "prefect-worker", "msg": "To schedule a run for this deployment, use the following command:"}
{"ts": "2026-08-12T07:02:15.847432941Z", "container": "prefect-worker", "msg": ""}
{"ts": "2026-08-12T07:02:15.847439512Z", "container": "prefect-worker", "msg": "        $ prefect deployment run 'smarthub-train-model/train-model'"}
{"ts": "2026-08-12T07:02:15.847442872Z", "container": "prefect-worker", "msg": ""}
{"ts": "2026-08-12T07:02:16.432185097Z", "container": "prefect-worker", "msg": "Starting worker on pool='smarthub-pool' queues='default features training' ..."}
{"ts": "2026-08-12T07:02:17.783165597Z", "container": "prefect-worker", "msg": "Discovered type 'process' for work pool 'smarthub-pool'."}
{"ts": "2026-08-12T07:02:18.100119902Z", "container": "prefect-worker", "msg": "Worker 'ProcessWorker f5cd24d2-8242-4d61-a171-a51a4f5a9c79' started!"}
{"ts": "2026-08-12T07:04:05.084649068Z", "container": "prefect-worker", "msg": "07:04:05.081 | INFO    | prefect.flow_runs.worker - Worker 'ProcessWorker f5cd24d2-8242-4d61-a171-a51a4f5a9c79' submitting flow run '880ac019-0937-4bcb-a25c-72e8eb1f1590'"}
{"ts": "2026-08-12T07:04:05.419818245Z", "container": "prefect-worker", "msg": "07:04:05.419 | INFO    | prefect.flow_runs.runner - Starting flow run process..."}
{"ts": "2026-08-12T07:04:05.445336239Z", "container": "prefect-worker", "msg": "07:04:05.444 | INFO    | prefect.flow_runs.worker - Flow run 'tasteful-marmot' submitted to infrastructure"}
{"ts": "2026-08-12T07:04:06.717906781Z", "container": "prefect-worker", "msg": "07:04:06.711 | INFO    | Flow run 'tasteful-marmot' - Running 1 deployment pull step(s)"}
{"ts": "2026-08-12T07:04:06.738337194Z", "container": "prefect-worker", "msg": "07:04:06.737 | INFO    | Flow run 'tasteful-marmot' - Executing deployment step: set_working_directory"}
{"ts": "2026-08-12T07:04:06.749685685Z", "container": "prefect-worker", "msg": "07:04:06.749 | INFO    | Flow run 'tasteful-marmot' - Deployment step 'set_working_directory' completed successfully"}
{"ts": "2026-08-12T07:04:06.763854089Z", "container": "prefect-worker", "msg": "07:04:06.763 | INFO    | Flow run 'tasteful-marmot' - All deployment steps completed successfully"}
{"ts": "2026-08-12T07:04:07.915Z", "level": "INFO", "service": "worker", "logger": "httpx", "msg": "HTTP Request: GET http://prefect-server:4200/api/admin/version \"HTTP/1.1 200 OK\"", "container": "prefect-worker"}
{"ts": "2026-08-12T07:04:07.919Z", "level": "INFO", "service": "worker", "logger": "httpx", "msg": "HTTP Request: GET http://prefect-server:4200/api/csrf-token?client=307d2fc9-9261-4e06-8f4e-2bfbe10d5cb9 \"HTTP/1.1 422 Unprocessable Entity\"", "container": "prefect-worker"}
{"ts": "2026-08-12T07:04:07.924Z", "level": "INFO", "service": "worker", "logger": "httpx", "msg": "HTTP Request: PATCH http://prefect-server:4200/api/flow_runs/880ac019-0937-4bcb-a25c-72e8eb1f1590 \"HTTP/1.1 204 No Content\"", "container": "prefect-worker"}
{"ts": "2026-08-12T07:04:07.942Z", "level": "INFO", "service": "worker", "logger": "httpx", "msg": "HTTP Request: GET http://prefect-server:4200/api/flow_runs/880ac019-0937-4bcb-a25c-72e8eb1f1590 \"HTTP/1.1 200 OK\"", "container": "prefect-worker"}
{"ts": "2026-08-12T07:04:07.955Z", "level": "INFO", "service": "worker", "logger": "httpx", "msg": "HTTP Request: POST http://prefect-server:4200/api/flow_runs/880ac019-0937-4bcb-a25c-72e8eb1f1590/set_state \"HTTP/1.1 201 Created\"", "container": "prefect-worker"}
{"ts": "2026-08-12T07:04:07.961Z", "level": "INFO", "service": "worker", "logger": "httpx", "msg": "HTTP Request: GET http://prefect-server:4200/api/flow_runs/880ac019-0937-4bcb-a25c-72e8eb1f1590 \"HTTP/1.1 200 OK\"", "container": "prefect-worker"}
{"ts": "2026-08-12T07:04:07.964Z", "level": "INFO", "service": "worker", "logger": "httpx", "msg": "HTTP Request: GET http://prefect-server:4200/api/admin/storage \"HTTP/1.1 200 OK\"", "container": "prefect-worker"}
{"ts": "2026-08-12T07:04:07.967Z", "level": "INFO", "service": "worker", "logger": "httpx", "msg": "HTTP Request: GET http://prefect-server:4200/api/admin/storage \"HTTP/1.1 200 OK\"", "container": "prefect-worker"}
{"ts": "2026-08-12T07:04:07.968Z", "level": "INFO", "service": "worker", "logger": "prefect.flow_runs", "msg": "Beginning flow run 'tasteful-marmot' for flow 'smarthub-train-model'", "flow_run_name": "tasteful-marmot", "flow_run_id": "880ac019-0937-4bcb-a25c-72e8eb1f1590", "flow_name": "smarthub-train-model", "deployment_name": "train-model", "container": "prefect-worker"}
{"ts": "2026-08-12T07:04:07.968Z", "level": "INFO", "service": "worker", "logger": "prefect.flow_runs", "msg": "View at http://prefect-server:4200/runs/flow-run/880ac019-0937-4bcb-a25c-72e8eb1f1590", "flow_run_name": "tasteful-marmot", "flow_run_id": "880ac019-0937-4bcb-a25c-72e8eb1f1590", "flow_name": "smarthub-train-model", "deployment_name": "train-model", "send_to_api": false, "container": "prefect-worker"}
{"ts": "2026-08-12T07:04:07.969Z", "level": "INFO", "service": "worker", "logger": "prefect.flow_runs", "msg": "STEP 3 train-model starting: lead_type=home (1), version=latest, mlflow=True", "flow_run_name": "tasteful-marmot", "flow_run_id": "880ac019-0937-4bcb-a25c-72e8eb1f1590", "flow_name": "smarthub-train-model", "deployment_name": "train-model", "container": "prefect-worker"}
{"ts": "2026-08-12T07:04:07.995Z", "level": "INFO", "service": "worker", "logger": "flow.train", "msg": "Loading training table for lead_type=home (1)", "container": "prefect-worker"}
{"ts": "2026-08-12T07:04:07.998Z", "level": "INFO", "service": "worker", "logger": "httpx", "msg": "HTTP Request: GET http://prefect-server:4200/api/flows/b482d204-61dd-4cd6-bc87-1c0295ffdd50 \"HTTP/1.1 200 OK\"", "container": "prefect-worker"}
{"ts": "2026-08-12T07:04:08.006Z", "level": "INFO", "service": "worker", "logger": "httpx", "msg": "HTTP Request: GET http://prefect-server:4200/api/work_queues/1359b356-bb73-44da-ae82-6233613dd549 \"HTTP/1.1 200 OK\"", "container": "prefect-worker"}
{"ts": "2026-08-12T07:04:08.008Z", "level": "INFO", "service": "worker", "logger": "httpx", "msg": "HTTP Request: GET http://prefect-server:4200/api/deployments/f2af7572-283e-43ab-bfa3-0ad7cee08503 \"HTTP/1.1 200 OK\"", "container": "prefect-worker"}
{"ts": "2026-08-12T07:04:08.008Z", "level": "INFO", "service": "worker", "logger": "httpx", "msg": "HTTP Request: GET http://prefect-server:4200/api/work_pools/smarthub-pool \"HTTP/1.1 200 OK\"", "container": "prefect-worker"}
{"ts": "2026-08-12T07:04:08.029Z", "level": "INFO", "service": "worker", "logger": "flow.train", "msg": "Dataset Prepared", "container": "prefect-worker"}
{"ts": "2026-08-12T07:04:08.029Z", "level": "INFO", "service": "worker", "logger": "flow.train", "msg": "  Training rows                         : 168", "container": "prefect-worker"}
{"ts": "2026-08-12T07:04:08.029Z", "level": "INFO", "service": "worker", "logger": "flow.train", "msg": "  Dropped rows                          : 0", "container": "prefect-worker"}
{"ts": "2026-08-12T07:04:08.029Z", "level": "INFO", "service": "worker", "logger": "flow.train", "msg": "  Win rate                              : 1.0000", "container": "prefect-worker"}
{"ts": "2026-08-12T07:04:08.029Z", "level": "INFO", "service": "worker", "logger": "flow.train", "msg": "  Feature count                         : 10 numeric, 7 categorical", "container": "prefect-worker"}
{"ts": "2026-08-12T07:04:08.029Z", "level": "INFO", "service": "worker", "logger": "flow.train", "msg": "  Missing feature columns               : none", "container": "prefect-worker"}
{"ts": "2026-08-12T07:04:08.029Z", "level": "ERROR", "service": "worker", "logger": "prefect.task_runs", "msg": "Task run failed with exception: ValueError(\"Training data for 'home' has only ONE target class (won_flag=1, win_rate=1.0). A classifier needs both wins and losses. Check the `won` distribution in the pulled leads: losses may be encoded as blank/NULL (and dropped when building the training table), or `won` may not be the correct win/loss label. Confirm the label with the team before training.\")", "task_run_id": "019ff4c9-1a35-7455-90da-9b6704f8d2c4", "flow_run_id": "880ac019-0937-4bcb-a25c-72e8eb1f1590", "task_run_name": "train-anton-model-440", "task_name": "train-anton-model", "flow_run_name": "tasteful-marmot", "flow_name": "smarthub-train-model", "error": {"type": "ValueError", "msg": "Training data for 'home' has only ONE target class (won_flag=1, win_rate=1.0). A classifier needs both wins and losses. Check the `won` distribution in the pulled leads: losses may be encoded as blank/NULL (and dropped when building the training table), or `won` may not be the correct win/loss label. Confirm the label with the team before training.", "fingerprint": "5a498a0dc17f", "stack": "Traceback (most recent call last):\n  File \"/usr/local/lib/python3.12/site-packages/prefect/task_engine.py\", line 1021, in run_context\n    yield self\n  File \"/usr/local/lib/python3.12/site-packages/prefect/task_engine.py\", line 1683, in run_task_sync\n    engine.call_task_fn(txn)\n  File \"/usr/local/lib/python3.12/site-packages/prefect/task_engine.py\", line 1038, in call_task_fn\n    result = call_with_parameters(self.task.fn, parameters)\n             ^^^^^^^^^^^^^^^^^^^^^^^^^^^^^^^^^^^^^^^^^^^^^^\n  File \"/usr/local/lib/python3.12/site-packages/prefect/utilities/callables/__init__.py\", line 348, in call_with_parameters\n    return fn(*args, **kwargs)\n           ^^^^^^^^^^^^^^^^^^^\n  File \"/app/src/smarthub/train_and_predict/flow.py\", line 70, in _train_task\n    return train.run_training(\n           ^^^^^^^^^^^^^^^^^^^\n  File \"/app/src/smarthub/train_and_predict/train.py\", line 218, in run_training\n    preprocessing.assert_trainable(frame, lead_type_name)\n  File \"/app/src/smarthub/train_and_predict/preprocessing.py\", line 192, in assert_trainable\n    raise ValueError(\nValueError: Training data for 'home' has only ONE target class (won_flag=1, win_rate=1.0). A classifier needs both wins and losses. Check the `won` distribution in the pulled leads: losses may be encoded as blank/NULL (and dropped when building the training table), or `won` may not be the correct win/loss label. Confirm the label with the team before training.\n"}, "container": "prefect-worker"}
{"ts": "2026-08-12T07:04:08.033Z", "level": "ERROR", "service": "worker", "logger": "prefect.task_runs", "msg": "Finished in state Failed(\"Task run encountered an exception ValueError: Training data for 'home' has only ONE target class (won_flag=1, win_rate=1.0). A classifier needs both wins and losses. Check the `won` distribution in the pulled leads: losses may be encoded as blank/NULL (and dropped when building the training table), or `won` may not be the correct win/loss label. Confirm the label with the team before training.\")", "task_run_id": "019ff4c9-1a35-7455-90da-9b6704f8d2c4", "flow_run_id": "880ac019-0937-4bcb-a25c-72e8eb1f1590", "task_run_name": "train-anton-model-440", "task_name": "train-anton-model", "flow_run_name": "tasteful-marmot", "flow_name": "smarthub-train-model", "container": "prefect-worker"}
{"ts": "2026-08-12T07:04:08.724Z", "level": "INFO", "service": "worker", "logger": "httpx", "msg": "HTTP Request: GET http://prefect-server:4200/api/csrf-token?client=4efd03e7-5f47-49a8-b4a9-0177b60db7c8 \"HTTP/1.1 422 Unprocessable Entity\"", "container": "prefect-worker"}
{"ts": "2026-08-12T07:04:08.732Z", "level": "INFO", "service": "worker", "logger": "httpx", "msg": "HTTP Request: POST http://prefect-server:4200/api/logs/ \"HTTP/1.1 201 Created\"", "container": "prefect-worker"}
{"ts": "2026-08-12T07:04:08.970Z", "level": "ERROR", "service": "worker", "logger": "prefect.flow_runs", "msg": "Encountered exception during execution: ValueError(\"Training data for 'home' has only ONE target class (won_flag=1, win_rate=1.0). A classifier needs both wins and losses. Check the `won` distribution in the pulled leads: losses may be encoded as blank/NULL (and dropped when building the training table), or `won` may not be the correct win/loss label. Confirm the label with the team before training.\")", "flow_run_name": "tasteful-marmot", "flow_run_id": "880ac019-0937-4bcb-a25c-72e8eb1f1590", "flow_name": "smarthub-train-model", "deployment_name": "train-model", "error": {"type": "ValueError", "msg": "Training data for 'home' has only ONE target class (won_flag=1, win_rate=1.0). A classifier needs both wins and losses. Check the `won` distribution in the pulled leads: losses may be encoded as blank/NULL (and dropped when building the training table), or `won` may not be the correct win/loss label. Confirm the label with the team before training.", "fingerprint": "cdacf01e0bb2", "stack": "Traceback (most recent call last):\n  File \"/usr/local/lib/python3.12/site-packages/prefect/flow_engine.py\", line 1277, in run_context\n    yield self\n  File \"/usr/local/lib/python3.12/site-packages/prefect/flow_engine.py\", line 2030, in run_flow_sync\n    engine.call_flow_fn()\n  File \"/usr/local/lib/python3.12/site-packages/prefect/flow_engine.py\", line 1297, in call_flow_fn\n    result = call_with_parameters(self.flow.fn, self.parameters)\n             ^^^^^^^^^^^^^^^^^^^^^^^^^^^^^^^^^^^^^^^^^^^^^^^^^^^\n  File \"/usr/local/lib/python3.12/site-packages/prefect/utilities/callables/__init__.py\", line 348, in call_with_parameters\n    return fn(*args, **kwargs)\n           ^^^^^^^^^^^^^^^^^^^\n  File \"/app/src/smarthub/train_and_predict/flow.py\", line 113, in train_flow\n    result = _train_task(lead_type_id, version, register_mlflow)\n             ^^^^^^^^^^^^^^^^^^^^^^^^^^^^^^^^^^^^^^^^^^^^^^^^^^^\n  File \"/usr/local/lib/python3.12/site-packages/prefect/tasks.py\", line 1227, in __call__\n    return run_task(\n           ^^^^^^^^^\n  File \"/usr/local/lib/python3.12/site-packages/prefect/task_engine.py\", line 1916, in run_task\n    return run_task_sync(**kwargs)\n           ^^^^^^^^^^^^^^^^^^^^^^^\n  File \"/usr/local/lib/python3.12/site-packages/prefect/task_engine.py\", line 1686, in run_task_sync\n    return engine.state if return_type == \"state\" else engine.result()\n                                                       ^^^^^^^^^^^^^^^\n  File \"/usr/local/lib/python3.12/site-packages/prefect/task_engine.py\", line 617, in result\n    raise self._raised\n  File \"/usr/local/lib/python3.12/site-packages/prefect/task_engine.py\", line 1021, in run_context\n    yield self\n  File \"/usr/local/lib/python3.12/site-packages/prefect/task_engine.py\", line 1683, in run_task_sync\n    engine.call_task_fn(txn)\n  File \"/usr/local/lib/python3.12/site-packages/prefect/task_engine.py\", line 1038, in call_task_fn\n    result = call_with_parameters(self.task.fn, parameters)\n             ^^^^^^^^^^^^^^^^^^^^^^^^^^^^^^^^^^^^^^^^^^^^^^\n  File \"/usr/local/lib/python3.12/site-packages/prefect/utilities/callables/__init__.py\", line 348, in call_with_parameters\n    return fn(*args, **kwargs)\n           ^^^^^^^^^^^^^^^^^^^\n  File \"/app/src/smarthub/train_and_predict/flow.py\", line 70, in _train_task\n    return train.run_training(\n           ^^^^^^^^^^^^^^^^^^^\n  File \"/app/src/smarthub/train_and_predict/train.py\", line 218, in run_training\n    preprocessing.assert_trainable(frame, lead_type_name)\n  File \"/app/src/smarthub/train_and_predict/preprocessing.py\", line 192, in assert_trainable\n    raise ValueError(\nValueError: Training data for 'home' has only ONE target class (won_flag=1, win_rate=1.0). A classifier needs both wins and losses. Check the `won` distribution in the pulled leads: losses may be encoded as blank/NULL (and dropped when building the training table), or `won` may not be the correct win/loss label. Confirm the label with the team before training.\n"}, "container": "prefect-worker"}
{"ts": "2026-08-12T07:04:09.002Z", "level": "INFO", "service": "worker", "logger": "httpx", "msg": "HTTP Request: POST http://prefect-server:4200/api/flow_runs/880ac019-0937-4bcb-a25c-72e8eb1f1590/set_state \"HTTP/1.1 201 Created\"", "container": "prefect-worker"}
{"ts": "2026-08-12T07:04:09.002Z", "level": "INFO", "service": "worker", "logger": "prefect.flow_runs", "msg": "Running hook 'flow_failure_hook' in response to entering state 'Failed'", "flow_run_name": "tasteful-marmot", "flow_run_id": "880ac019-0937-4bcb-a25c-72e8eb1f1590", "flow_name": "smarthub-train-model", "deployment_name": "train-model", "container": "prefect-worker"}
{"ts": "2026-08-12T07:04:09.058Z", "level": "INFO", "service": "worker", "logger": "prefect.flow_runs", "msg": "Hook 'flow_failure_hook' finished running successfully", "flow_run_name": "tasteful-marmot", "flow_run_id": "880ac019-0937-4bcb-a25c-72e8eb1f1590", "flow_name": "smarthub-train-model", "deployment_name": "train-model", "container": "prefect-worker"}
{"ts": "2026-08-12T07:04:09.146Z", "level": "INFO", "service": "worker", "logger": "prefect.flow_runs", "msg": "Finished in state Failed(\"Flow run encountered an exception: ValueError: Training data for 'home' has only ONE target class (won_flag=1, win_rate=1.0). A classifier needs both wins and losses. Check the `won` distribution in the pulled leads: losses may be encoded as blank/NULL (and dropped when building the training table), or `won` may not be the correct win/loss label. Confirm the label with the team before training.\")", "flow_run_name": "tasteful-marmot", "flow_run_id": "880ac019-0937-4bcb-a25c-72e8eb1f1590", "flow_name": "smarthub-train-model", "deployment_name": "train-model", "container": "prefect-worker"}
{"ts": "2026-08-12T07:04:09.147Z", "level": "ERROR", "service": "worker", "logger": "prefect.flow_runs", "msg": "Engine execution exited with unexpected exception", "flow_run_name": "tasteful-marmot", "flow_run_id": "880ac019-0937-4bcb-a25c-72e8eb1f1590", "flow_name": "<unknown>", "deployment_name": "train-model", "error": {"type": "ValueError", "msg": "Training data for 'home' has only ONE target class (won_flag=1, win_rate=1.0). A classifier needs both wins and losses. Check the `won` distribution in the pulled leads: losses may be encoded as blank/NULL (and dropped when building the training table), or `won` may not be the correct win/loss label. Confirm the label with the team before training.", "fingerprint": "888d20199e32", "stack": "Traceback (most recent call last):\n  File \"/usr/local/lib/python3.12/site-packages/prefect/flow_engine.py\", line 2187, in run_flow\n    ret_val = run_flow_sync(**kwargs)\n              ^^^^^^^^^^^^^^^^^^^^^^^\n  File \"/usr/local/lib/python3.12/site-packages/prefect/flow_engine.py\", line 2032, in run_flow_sync\n    return engine.state if return_type == \"state\" else engine.result()\n                                                       ^^^^^^^^^^^^^^^\n  File \"/usr/local/lib/python3.12/site-packages/prefect/flow_engine.py\", line 759, in result\n    raise self._raised\n  File \"/usr/local/lib/python3.12/site-packages/prefect/flow_engine.py\", line 1277, in run_context\n    yield self\n  File \"/usr/local/lib/python3.12/site-packages/prefect/flow_engine.py\", line 2030, in run_flow_sync\n    engine.call_flow_fn()\n  File \"/usr/local/lib/python3.12/site-packages/prefect/flow_engine.py\", line 1297, in call_flow_fn\n    result = call_with_parameters(self.flow.fn, self.parameters)\n             ^^^^^^^^^^^^^^^^^^^^^^^^^^^^^^^^^^^^^^^^^^^^^^^^^^^\n  File \"/usr/local/lib/python3.12/site-packages/prefect/utilities/callables/__init__.py\", line 348, in call_with_parameters\n    return fn(*args, **kwargs)\n           ^^^^^^^^^^^^^^^^^^^\n  File \"/app/src/smarthub/train_and_predict/flow.py\", line 113, in train_flow\n    result = _train_task(lead_type_id, version, register_mlflow)\n             ^^^^^^^^^^^^^^^^^^^^^^^^^^^^^^^^^^^^^^^^^^^^^^^^^^^\n  File \"/usr/local/lib/python3.12/site-packages/prefect/tasks.py\", line 1227, in __call__\n    return run_task(\n           ^^^^^^^^^\n  File \"/usr/local/lib/python3.12/site-packages/prefect/task_engine.py\", line 1916, in run_task\n    return run_task_sync(**kwargs)\n           ^^^^^^^^^^^^^^^^^^^^^^^\n  File \"/usr/local/lib/python3.12/site-packages/prefect/task_engine.py\", line 1686, in run_task_sync\n    return engine.state if return_type == \"state\" else engine.result()\n                                                       ^^^^^^^^^^^^^^^\n  File \"/usr/local/lib/python3.12/site-packages/prefect/task_engine.py\", line 617, in result\n    raise self._raised\n  File \"/usr/local/lib/python3.12/site-packages/prefect/task_engine.py\", line 1021, in run_context\n    yield self\n  File \"/usr/local/lib/python3.12/site-packages/prefect/task_engine.py\", line 1683, in run_task_sync\n    engine.call_task_fn(txn)\n  File \"/usr/local/lib/python3.12/site-packages/prefect/task_engine.py\", line 1038, in call_task_fn\n    result = call_with_parameters(self.task.fn, parameters)\n             ^^^^^^^^^^^^^^^^^^^^^^^^^^^^^^^^^^^^^^^^^^^^^^\n  File \"/usr/local/lib/python3.12/site-packages/prefect/utilities/callables/__init__.py\", line 348, in call_with_parameters\n    return fn(*args, **kwargs)\n           ^^^^^^^^^^^^^^^^^^^\n  File \"/app/src/smarthub/train_and_predict/flow.py\", line 70, in _train_task\n    return train.run_training(\n           ^^^^^^^^^^^^^^^^^^^\n  File \"/app/src/smarthub/train_and_predict/train.py\", line 218, in run_training\n    preprocessing.assert_trainable(frame, lead_type_name)\n  File \"/app/src/smarthub/train_and_predict/preprocessing.py\", line 192, in assert_trainable\n    raise ValueError(\nValueError: Training data for 'home' has only ONE target class (won_flag=1, win_rate=1.0). A classifier needs both wins and losses. Check the `won` distribution in the pulled leads: losses may be encoded as blank/NULL (and dropped when building the training table), or `won` may not be the correct win/loss label. Confirm the label with the team before training.\n"}, "container": "prefect-worker"}
{"ts": "2026-08-12T07:04:09.149Z", "level": "ERROR", "service": "worker", "logger": "prefect.engine", "msg": "Execution of flow run '880ac019-0937-4bcb-a25c-72e8eb1f1590' exited with unexpected exception", "error": {"type": "ValueError", "msg": "Training data for 'home' has only ONE target class (won_flag=1, win_rate=1.0). A classifier needs both wins and losses. Check the `won` distribution in the pulled leads: losses may be encoded as blank/NULL (and dropped when building the training table), or `won` may not be the correct win/loss label. Confirm the label with the team before training.", "fingerprint": "b7fd0b16890b", "stack": "Traceback (most recent call last):\n  File \"/usr/local/lib/python3.12/site-packages/prefect/engine.py\", line 87, in handle_engine_signals\n    yield\n  File \"/usr/local/lib/python3.12/site-packages/prefect/engine.py\", line 176, in <module>\n    _run_result: object = run_flow(\n                          ^^^^^^^^^\n  File \"/usr/local/lib/python3.12/site-packages/prefect/flow_engine.py\", line 2187, in run_flow\n    ret_val = run_flow_sync(**kwargs)\n              ^^^^^^^^^^^^^^^^^^^^^^^\n  File \"/usr/local/lib/python3.12/site-packages/prefect/flow_engine.py\", line 2032, in run_flow_sync\n    return engine.state if return_type == \"state\" else engine.result()\n                                                       ^^^^^^^^^^^^^^^\n  File \"/usr/local/lib/python3.12/site-packages/prefect/flow_engine.py\", line 759, in result\n    raise self._raised\n  File \"/usr/local/lib/python3.12/site-packages/prefect/flow_engine.py\", line 1277, in run_context\n    yield self\n  File \"/usr/local/lib/python3.12/site-packages/prefect/flow_engine.py\", line 2030, in run_flow_sync\n    engine.call_flow_fn()\n  File \"/usr/local/lib/python3.12/site-packages/prefect/flow_engine.py\", line 1297, in call_flow_fn\n    result = call_with_parameters(self.flow.fn, self.parameters)\n             ^^^^^^^^^^^^^^^^^^^^^^^^^^^^^^^^^^^^^^^^^^^^^^^^^^^\n  File \"/usr/local/lib/python3.12/site-packages/prefect/utilities/callables/__init__.py\", line 348, in call_with_parameters\n    return fn(*args, **kwargs)\n           ^^^^^^^^^^^^^^^^^^^\n  File \"/app/src/smarthub/train_and_predict/flow.py\", line 113, in train_flow\n    result = _train_task(lead_type_id, version, register_mlflow)\n             ^^^^^^^^^^^^^^^^^^^^^^^^^^^^^^^^^^^^^^^^^^^^^^^^^^^\n  File \"/usr/local/lib/python3.12/site-packages/prefect/tasks.py\", line 1227, in __call__\n    return run_task(\n           ^^^^^^^^^\n  File \"/usr/local/lib/python3.12/site-packages/prefect/task_engine.py\", line 1916, in run_task\n    return run_task_sync(**kwargs)\n           ^^^^^^^^^^^^^^^^^^^^^^^\n  File \"/usr/local/lib/python3.12/site-packages/prefect/task_engine.py\", line 1686, in run_task_sync\n    return engine.state if return_type == \"state\" else engine.result()\n                                                       ^^^^^^^^^^^^^^^\n  File \"/usr/local/lib/python3.12/site-packages/prefect/task_engine.py\", line 617, in result\n    raise self._raised\n  File \"/usr/local/lib/python3.12/site-packages/prefect/task_engine.py\", line 1021, in run_context\n    yield self\n  File \"/usr/local/lib/python3.12/site-packages/prefect/task_engine.py\", line 1683, in run_task_sync\n    engine.call_task_fn(txn)\n  File \"/usr/local/lib/python3.12/site-packages/prefect/task_engine.py\", line 1038, in call_task_fn\n    result = call_with_parameters(self.task.fn, parameters)\n             ^^^^^^^^^^^^^^^^^^^^^^^^^^^^^^^^^^^^^^^^^^^^^^\n  File \"/usr/local/lib/python3.12/site-packages/prefect/utilities/callables/__init__.py\", line 348, in call_with_parameters\n    return fn(*args, **kwargs)\n           ^^^^^^^^^^^^^^^^^^^\n  File \"/app/src/smarthub/train_and_predict/flow.py\", line 70, in _train_task\n    return train.run_training(\n           ^^^^^^^^^^^^^^^^^^^\n  File \"/app/src/smarthub/train_and_predict/train.py\", line 218, in run_training\n    preprocessing.assert_trainable(frame, lead_type_name)\n  File \"/app/src/smarthub/train_and_predict/preprocessing.py\", line 192, in assert_trainable\n    raise ValueError(\nValueError: Training data for 'home' has only ONE target class (won_flag=1, win_rate=1.0). A classifier needs both wins and losses. Check the `won` distribution in the pulled leads: losses may be encoded as blank/NULL (and dropped when building the training table), or `won` may not be the correct win/loss label. Confirm the label with the team before training.\n"}, "container": "prefect-worker"}
{"ts": "2026-08-12T07:04:09.160Z", "level": "INFO", "service": "worker", "logger": "httpx", "msg": "HTTP Request: POST http://prefect-server:4200/api/logs/ \"HTTP/1.1 201 Created\"", "container": "prefect-worker"}
{"ts": "2026-08-12T07:04:09.667577465Z", "container": "prefect-worker", "msg": "07:04:09.666 | ERROR   | prefect.flow_runs.runner - Process for flow run 'tasteful-marmot' exited with status code: 1; Process exited with a general error."}
{"ts": "2026-08-12T07:04:09.667974398Z", "container": "prefect-worker", "msg": "07:04:09.667 | INFO    | prefect.flow_runs.runner - Check the flow run logs for an unhandled exception or assertion error."}
{"ts": "2026-08-12T07:04:09.769638993Z", "container": "prefect-worker", "msg": "07:04:09.769 | INFO    | prefect.flow_runs.worker - Check the flow run logs for an unhandled exception or assertion error."}
{"ts": "2026-08-12T07:05:22.743056530Z", "container": "prefect-worker", "msg": "07:05:22.742 | INFO    | prefect.flow_runs.worker - Worker 'ProcessWorker f5cd24d2-8242-4d61-a171-a51a4f5a9c79' submitting flow run 'e4cefe18-347c-4381-8625-c176cca9b3ec'"}
{"ts": "2026-08-12T07:05:22.873580217Z", "container": "prefect-worker", "msg": "07:05:22.873 | INFO    | prefect.flow_runs.runner - Starting flow run process..."}
{"ts": "2026-08-12T07:05:22.896788873Z", "container": "prefect-worker", "msg": "07:05:22.896 | INFO    | prefect.flow_runs.worker - Flow run 'strategic-llama' submitted to infrastructure"}
{"ts": "2026-08-12T07:05:24.092537258Z", "container": "prefect-worker", "msg": "07:05:24.086 | INFO    | Flow run 'strategic-llama' - Running 1 deployment pull step(s)"}
{"ts": "2026-08-12T07:05:24.112988742Z", "container": "prefect-worker", "msg": "07:05:24.112 | INFO    | Flow run 'strategic-llama' - Executing deployment step: set_working_directory"}
{"ts": "2026-08-12T07:05:24.124297623Z", "container": "prefect-worker", "msg": "07:05:24.123 | INFO    | Flow run 'strategic-llama' - Deployment step 'set_working_directory' completed successfully"}
{"ts": "2026-08-12T07:05:24.138077673Z", "container": "prefect-worker", "msg": "07:05:24.137 | INFO    | Flow run 'strategic-llama' - All deployment steps completed successfully"}
{"ts": "2026-08-12T07:05:24.218Z", "level": "INFO", "service": "worker", "logger": "httpx", "msg": "HTTP Request: GET http://prefect-server:4200/api/admin/version \"HTTP/1.1 200 OK\"", "container": "prefect-worker"}
{"ts": "2026-08-12T07:05:24.222Z", "level": "INFO", "service": "worker", "logger": "httpx", "msg": "HTTP Request: GET http://prefect-server:4200/api/csrf-token?client=edc77c62-7ee6-40fa-b861-1e3e9dfcf692 \"HTTP/1.1 422 Unprocessable Entity\"", "container": "prefect-worker"}
{"ts": "2026-08-12T07:05:24.226Z", "level": "INFO", "service": "worker", "logger": "httpx", "msg": "HTTP Request: PATCH http://prefect-server:4200/api/flow_runs/e4cefe18-347c-4381-8625-c176cca9b3ec \"HTTP/1.1 204 No Content\"", "container": "prefect-worker"}
{"ts": "2026-08-12T07:05:24.244Z", "level": "INFO", "service": "worker", "logger": "httpx", "msg": "HTTP Request: GET http://prefect-server:4200/api/flow_runs/e4cefe18-347c-4381-8625-c176cca9b3ec \"HTTP/1.1 200 OK\"", "container": "prefect-worker"}
{"ts": "2026-08-12T07:05:24.258Z", "level": "INFO", "service": "worker", "logger": "httpx", "msg": "HTTP Request: POST http://prefect-server:4200/api/flow_runs/e4cefe18-347c-4381-8625-c176cca9b3ec/set_state \"HTTP/1.1 201 Created\"", "container": "prefect-worker"}
{"ts": "2026-08-12T07:05:24.263Z", "level": "INFO", "service": "worker", "logger": "httpx", "msg": "HTTP Request: GET http://prefect-server:4200/api/flow_runs/e4cefe18-347c-4381-8625-c176cca9b3ec \"HTTP/1.1 200 OK\"", "container": "prefect-worker"}
{"ts": "2026-08-12T07:05:24.268Z", "level": "INFO", "service": "worker", "logger": "httpx", "msg": "HTTP Request: GET http://prefect-server:4200/api/admin/storage \"HTTP/1.1 200 OK\"", "container": "prefect-worker"}
{"ts": "2026-08-12T07:05:24.270Z", "level": "INFO", "service": "worker", "logger": "httpx", "msg": "HTTP Request: GET http://prefect-server:4200/api/admin/storage \"HTTP/1.1 200 OK\"", "container": "prefect-worker"}
{"ts": "2026-08-12T07:05:24.271Z", "level": "INFO", "service": "worker", "logger": "prefect.flow_runs", "msg": "Beginning flow run 'strategic-llama' for flow 'smarthub-build-features'", "flow_run_name": "strategic-llama", "flow_run_id": "e4cefe18-347c-4381-8625-c176cca9b3ec", "flow_name": "smarthub-build-features", "deployment_name": "build-features", "container": "prefect-worker"}
{"ts": "2026-08-12T07:05:24.271Z", "level": "INFO", "service": "worker", "logger": "prefect.flow_runs", "msg": "View at http://prefect-server:4200/runs/flow-run/e4cefe18-347c-4381-8625-c176cca9b3ec", "flow_run_name": "strategic-llama", "flow_run_id": "e4cefe18-347c-4381-8625-c176cca9b3ec", "flow_name": "smarthub-build-features", "deployment_name": "build-features", "send_to_api": false, "container": "prefect-worker"}
{"ts": "2026-08-12T07:05:24.299Z", "level": "INFO", "service": "worker", "logger": "httpx", "msg": "HTTP Request: GET http://prefect-server:4200/api/flows/ed336d12-897f-42a6-bdf9-d48b8de86b57 \"HTTP/1.1 200 OK\"", "container": "prefect-worker"}
{"ts": "2026-08-12T07:05:24.366Z", "level": "INFO", "service": "worker", "logger": "httpx", "msg": "HTTP Request: GET http://prefect-server:4200/api/deployments/8d536def-a82a-4c94-941b-14c2c0468511 \"HTTP/1.1 200 OK\"", "container": "prefect-worker"}
{"ts": "2026-08-12T07:05:24.366Z", "level": "INFO", "service": "worker", "logger": "httpx", "msg": "HTTP Request: GET http://prefect-server:4200/api/work_queues/109a2d50-2dca-4233-a9a5-9ec78fefd79f \"HTTP/1.1 200 OK\"", "container": "prefect-worker"}
{"ts": "2026-08-12T07:05:24.366Z", "level": "INFO", "service": "worker", "logger": "httpx", "msg": "HTTP Request: GET http://prefect-server:4200/api/work_pools/smarthub-pool \"HTTP/1.1 200 OK\"", "container": "prefect-worker"}
{"ts": "2026-08-12T07:05:26.109Z", "level": "INFO", "service": "worker", "logger": "httpx", "msg": "HTTP Request: GET http://prefect-server:4200/api/csrf-token?client=9198d8d3-bed4-4c62-a1f7-9d47f75087fd \"HTTP/1.1 422 Unprocessable Entity\"", "container": "prefect-worker"}
{"ts": "2026-08-12T07:05:26.134Z", "level": "INFO", "service": "worker", "logger": "httpx", "msg": "HTTP Request: POST http://prefect-server:4200/api/logs/ \"HTTP/1.1 201 Created\"", "container": "prefect-worker"}
{"ts": "2026-08-12T07:05:28.793Z", "level": "INFO", "service": "worker", "logger": "prefect.task_runs", "msg": "[home] training table 2026-08-12T070528Z: 70719 rows, 34 cols -> /app/data/training_datasets/home/2026-08-12T070528Z.parquet", "task_run_id": "019ff4ca-4441-7926-a63d-2db5e4ac306d", "flow_run_id": "e4cefe18-347c-4381-8625-c176cca9b3ec", "task_run_name": "build-training-table-817", "task_name": "build-training-table", "flow_run_name": "strategic-llama", "flow_name": "smarthub-build-features", "container": "prefect-worker"}
{"ts": "2026-08-12T07:05:28.923Z", "level": "INFO", "service": "worker", "logger": "prefect.task_runs", "msg": "Finished in state Completed()", "task_run_id": "019ff4ca-4441-7926-a63d-2db5e4ac306d", "flow_run_id": "e4cefe18-347c-4381-8625-c176cca9b3ec", "task_run_name": "build-training-table-817", "task_name": "build-training-table", "flow_run_name": "strategic-llama", "flow_name": "smarthub-build-features", "container": "prefect-worker"}
{"ts": "2026-08-12T07:05:28.943Z", "level": "INFO", "service": "worker", "logger": "httpx", "msg": "HTTP Request: POST http://prefect-server:4200/api/artifacts/ \"HTTP/1.1 201 Created\"", "container": "prefect-worker"}
{"ts": "2026-08-12T07:05:29.061Z", "level": "INFO", "service": "worker", "logger": "httpx", "msg": "HTTP Request: POST http://prefect-server:4200/api/flow_runs/e4cefe18-347c-4381-8625-c176cca9b3ec/set_state \"HTTP/1.1 201 Created\"", "container": "prefect-worker"}
{"ts": "2026-08-12T07:05:29.525Z", "level": "INFO", "service": "worker", "logger": "prefect.flow_runs", "msg": "Finished in state Completed()", "flow_run_name": "strategic-llama", "flow_run_id": "e4cefe18-347c-4381-8625-c176cca9b3ec", "flow_name": "smarthub-build-features", "deployment_name": "build-features", "container": "prefect-worker"}
{"ts": "2026-08-12T07:05:29.533Z", "level": "INFO", "service": "worker", "logger": "httpx", "msg": "HTTP Request: POST http://prefect-server:4200/api/logs/ \"HTTP/1.1 201 Created\"", "container": "prefect-worker"}
{"ts": "2026-08-12T07:05:29.807428367Z", "container": "prefect-worker", "msg": "07:05:29.806 | INFO    | prefect.flow_runs.runner - Process for flow run 'strategic-llama' exited cleanly."}
{"ts": "2026-08-12T07:06:35.310396038Z", "container": "prefect-worker", "msg": "07:06:35.309 | INFO    | prefect.flow_runs.worker - Worker 'ProcessWorker f5cd24d2-8242-4d61-a171-a51a4f5a9c79' submitting flow run '33e4bdde-5154-407c-94ec-2f53f447fde4'"}
{"ts": "2026-08-12T07:06:35.432842430Z", "container": "prefect-worker", "msg": "07:06:35.432 | INFO    | prefect.flow_runs.runner - Starting flow run process..."}
{"ts": "2026-08-12T07:06:35.456187437Z", "container": "prefect-worker", "msg": "07:06:35.455 | INFO    | prefect.flow_runs.worker - Flow run 'clever-spaniel' submitted to infrastructure"}
{"ts": "2026-08-12T07:06:36.644742570Z", "container": "prefect-worker", "msg": "07:06:36.639 | INFO    | Flow run 'clever-spaniel' - Running 1 deployment pull step(s)"}
{"ts": "2026-08-12T07:06:36.665418326Z", "container": "prefect-worker", "msg": "07:06:36.664 | INFO    | Flow run 'clever-spaniel' - Executing deployment step: set_working_directory"}
{"ts": "2026-08-12T07:06:36.676620865Z", "container": "prefect-worker", "msg": "07:06:36.676 | INFO    | Flow run 'clever-spaniel' - Deployment step 'set_working_directory' completed successfully"}
{"ts": "2026-08-12T07:06:36.690159784Z", "container": "prefect-worker", "msg": "07:06:36.689 | INFO    | Flow run 'clever-spaniel' - All deployment steps completed successfully"}
{"ts": "2026-08-12T07:06:37.808Z", "level": "INFO", "service": "worker", "logger": "httpx", "msg": "HTTP Request: GET http://prefect-server:4200/api/admin/version \"HTTP/1.1 200 OK\"", "container": "prefect-worker"}
{"ts": "2026-08-12T07:06:37.811Z", "level": "INFO", "service": "worker", "logger": "httpx", "msg": "HTTP Request: GET http://prefect-server:4200/api/csrf-token?client=4018fb6b-b35a-4ea5-8dd7-a8580dced414 \"HTTP/1.1 422 Unprocessable Entity\"", "container": "prefect-worker"}
{"ts": "2026-08-12T07:06:37.817Z", "level": "INFO", "service": "worker", "logger": "httpx", "msg": "HTTP Request: PATCH http://prefect-server:4200/api/flow_runs/33e4bdde-5154-407c-94ec-2f53f447fde4 \"HTTP/1.1 204 No Content\"", "container": "prefect-worker"}
{"ts": "2026-08-12T07:06:37.836Z", "level": "INFO", "service": "worker", "logger": "httpx", "msg": "HTTP Request: GET http://prefect-server:4200/api/flow_runs/33e4bdde-5154-407c-94ec-2f53f447fde4 \"HTTP/1.1 200 OK\"", "container": "prefect-worker"}
{"ts": "2026-08-12T07:06:37.849Z", "level": "INFO", "service": "worker", "logger": "httpx", "msg": "HTTP Request: POST http://prefect-server:4200/api/flow_runs/33e4bdde-5154-407c-94ec-2f53f447fde4/set_state \"HTTP/1.1 201 Created\"", "container": "prefect-worker"}
{"ts": "2026-08-12T07:06:37.854Z", "level": "INFO", "service": "worker", "logger": "httpx", "msg": "HTTP Request: GET http://prefect-server:4200/api/flow_runs/33e4bdde-5154-407c-94ec-2f53f447fde4 \"HTTP/1.1 200 OK\"", "container": "prefect-worker"}
{"ts": "2026-08-12T07:06:37.858Z", "level": "INFO", "service": "worker", "logger": "httpx", "msg": "HTTP Request: GET http://prefect-server:4200/api/admin/storage \"HTTP/1.1 200 OK\"", "container": "prefect-worker"}
{"ts": "2026-08-12T07:06:37.861Z", "level": "INFO", "service": "worker", "logger": "httpx", "msg": "HTTP Request: GET http://prefect-server:4200/api/admin/storage \"HTTP/1.1 200 OK\"", "container": "prefect-worker"}
{"ts": "2026-08-12T07:06:37.862Z", "level": "INFO", "service": "worker", "logger": "prefect.flow_runs", "msg": "Beginning flow run 'clever-spaniel' for flow 'smarthub-train-model'", "flow_run_name": "clever-spaniel", "flow_run_id": "33e4bdde-5154-407c-94ec-2f53f447fde4", "flow_name": "smarthub-train-model", "deployment_name": "train-model", "container": "prefect-worker"}
{"ts": "2026-08-12T07:06:37.862Z", "level": "INFO", "service": "worker", "logger": "prefect.flow_runs", "msg": "View at http://prefect-server:4200/runs/flow-run/33e4bdde-5154-407c-94ec-2f53f447fde4", "flow_run_name": "clever-spaniel", "flow_run_id": "33e4bdde-5154-407c-94ec-2f53f447fde4", "flow_name": "smarthub-train-model", "deployment_name": "train-model", "send_to_api": false, "container": "prefect-worker"}
{"ts": "2026-08-12T07:06:37.863Z", "level": "INFO", "service": "worker", "logger": "prefect.flow_runs", "msg": "STEP 3 train-model starting: lead_type=home (1), version=latest, mlflow=True", "flow_run_name": "clever-spaniel", "flow_run_id": "33e4bdde-5154-407c-94ec-2f53f447fde4", "flow_name": "smarthub-train-model", "deployment_name": "train-model", "container": "prefect-worker"}
{"ts": "2026-08-12T07:06:37.888Z", "level": "INFO", "service": "worker", "logger": "flow.train", "msg": "Loading training table for lead_type=home (1)", "container": "prefect-worker"}
{"ts": "2026-08-12T07:06:37.894Z", "level": "INFO", "service": "worker", "logger": "httpx", "msg": "HTTP Request: GET http://prefect-server:4200/api/flows/b482d204-61dd-4cd6-bc87-1c0295ffdd50 \"HTTP/1.1 200 OK\"", "container": "prefect-worker"}
{"ts": "2026-08-12T07:06:37.902Z", "level": "INFO", "service": "worker", "logger": "httpx", "msg": "HTTP Request: GET http://prefect-server:4200/api/work_queues/1359b356-bb73-44da-ae82-6233613dd549 \"HTTP/1.1 200 OK\"", "container": "prefect-worker"}
{"ts": "2026-08-12T07:06:37.904Z", "level": "INFO", "service": "worker", "logger": "httpx", "msg": "HTTP Request: GET http://prefect-server:4200/api/deployments/f2af7572-283e-43ab-bfa3-0ad7cee08503 \"HTTP/1.1 200 OK\"", "container": "prefect-worker"}
{"ts": "2026-08-12T07:06:37.904Z", "level": "INFO", "service": "worker", "logger": "httpx", "msg": "HTTP Request: GET http://prefect-server:4200/api/work_pools/smarthub-pool \"HTTP/1.1 200 OK\"", "container": "prefect-worker"}
{"ts": "2026-08-12T07:06:38.168Z", "level": "INFO", "service": "worker", "logger": "flow.train", "msg": "Dataset Prepared", "container": "prefect-worker"}
{"ts": "2026-08-12T07:06:38.168Z", "level": "INFO", "service": "worker", "logger": "flow.train", "msg": "  Training rows                         : 70,719", "container": "prefect-worker"}
{"ts": "2026-08-12T07:06:38.168Z", "level": "INFO", "service": "worker", "logger": "flow.train", "msg": "  Dropped rows                          : 0", "container": "prefect-worker"}
{"ts": "2026-08-12T07:06:38.168Z", "level": "INFO", "service": "worker", "logger": "flow.train", "msg": "  Win rate                              : 0.2841", "container": "prefect-worker"}
{"ts": "2026-08-12T07:06:38.168Z", "level": "INFO", "service": "worker", "logger": "flow.train", "msg": "  Feature count                         : 10 numeric, 7 categorical", "container": "prefect-worker"}
{"ts": "2026-08-12T07:06:38.168Z", "level": "INFO", "service": "worker", "logger": "flow.train", "msg": "  Missing feature columns               : none", "container": "prefect-worker"}
{"ts": "2026-08-12T07:06:38.187Z", "level": "INFO", "service": "worker", "logger": "flow.train", "msg": "Cleaning Data", "container": "prefect-worker"}
{"ts": "2026-08-12T07:06:38.187Z", "level": "INFO", "service": "worker", "logger": "flow.train", "msg": "  Dropped zero-variance features        : 3", "container": "prefect-worker"}
{"ts": "2026-08-12T07:06:38.187Z", "level": "INFO", "service": "worker", "logger": "flow.train", "msg": "  Zero-variance feature names           : military_affiliation, insured, num_home_claims", "container": "prefect-worker"}
{"ts": "2026-08-12T07:06:38.187Z", "level": "INFO", "service": "worker", "logger": "flow.train", "msg": "Feature columns: ['bid', 'age', 'continuous_coverage_months', 'created_hour', 'created_dayofweek', 'is_workday', 'is_married', 'age_cohort', 'state', 'gender', 'marital_status', 'campaign_id', 'traffic_tier', 'home_property_type']", "container": "prefect-worker"}
{"ts": "2026-08-12T07:06:38.683Z", "level": "INFO", "service": "worker", "logger": "httpx", "msg": "HTTP Request: GET http://prefect-server:4200/api/csrf-token?client=5c632254-e88e-4d97-86b7-c74fce9968d6 \"HTTP/1.1 422 Unprocessable Entity\"", "container": "prefect-worker"}
{"ts": "2026-08-12T07:06:38.724Z", "level": "INFO", "service": "worker", "logger": "httpx", "msg": "HTTP Request: POST http://prefect-server:4200/api/logs/ \"HTTP/1.1 201 Created\"", "container": "prefect-worker"}
{"ts": "2026-08-12T07:06:38.758Z", "level": "INFO", "service": "worker", "logger": "flow.plots_and_reports", "msg": "Dataset Summary", "container": "prefect-worker"}
{"ts": "2026-08-12T07:06:38.758Z", "level": "INFO", "service": "worker", "logger": "flow.plots_and_reports", "msg": "  Total rows                            : 70,719", "container": "prefect-worker"}
{"ts": "2026-08-12T07:06:38.758Z", "level": "INFO", "service": "worker", "logger": "flow.plots_and_reports", "msg": "  Target win rate                       : 0.2841", "container": "prefect-worker"}
{"ts": "2026-08-12T07:06:38.759Z", "level": "INFO", "service": "worker", "logger": "flow.plots_and_reports", "msg": "  Features summarized                   : 14", "container": "prefect-worker"}
{"ts": "2026-08-12T07:06:38.759Z", "level": "INFO", "service": "worker", "logger": "flow.plots_and_reports", "msg": "  Features with missing values          : 0", "container": "prefect-worker"}
{"ts": "2026-08-12T07:06:38.759Z", "level": "INFO", "service": "worker", "logger": "flow.plots_and_reports", "msg": "  Total missing feature values          : 0", "container": "prefect-worker"}
{"ts": "2026-08-12T07:06:38.760Z", "level": "INFO", "service": "worker", "logger": "flow.plots_and_reports", "msg": "  Feature-value count rows saved        : 124", "container": "prefect-worker"}
{"ts": "2026-08-12T07:06:38.763Z", "level": "INFO", "service": "worker", "logger": "flow.train", "msg": "Train/Test Split", "container": "prefect-worker"}
{"ts": "2026-08-12T07:06:38.763Z", "level": "INFO", "service": "worker", "logger": "flow.train", "msg": "  Train rows                            : 56,575", "container": "prefect-worker"}
{"ts": "2026-08-12T07:06:38.763Z", "level": "INFO", "service": "worker", "logger": "flow.train", "msg": "  Test rows                             : 14,144", "container": "prefect-worker"}
{"ts": "2026-08-12T07:06:38.763Z", "level": "INFO", "service": "worker", "logger": "flow.train", "msg": "  Split method                          : time", "container": "prefect-worker"}
{"ts": "2026-08-12T07:06:38.763Z", "level": "INFO", "service": "worker", "logger": "flow.train", "msg": "  Test fraction                         : 0.20", "container": "prefect-worker"}
{"ts": "2026-08-12T07:06:38.763Z", "level": "INFO", "service": "worker", "logger": "flow.train", "msg": "  Train date range                      : 2026-07-22 04:24:37.550480 → 2026-08-09 18:37:14.741180", "container": "prefect-worker"}
{"ts": "2026-08-12T07:06:38.763Z", "level": "INFO", "service": "worker", "logger": "flow.train", "msg": "  Test date range                       : 2026-08-09 18:37:18.016235 → 2026-08-12 04:14:33.685167", "container": "prefect-worker"}
{"ts": "2026-08-12T07:06:38.763Z", "level": "INFO", "service": "worker", "logger": "flow.train", "msg": "  Test rows by weekday", "container": "prefect-worker"}
{"ts": "2026-08-12T07:06:38.766Z", "level": "INFO", "service": "worker", "logger": "flow.train", "msg": "    Monday     : 6,272", "container": "prefect-worker"}
{"ts": "2026-08-12T07:06:38.766Z", "level": "INFO", "service": "worker", "logger": "flow.train", "msg": "    Sunday     : 1,154", "container": "prefect-worker"}
{"ts": "2026-08-12T07:06:38.766Z", "level": "INFO", "service": "worker", "logger": "flow.train", "msg": "    Tuesday    : 5,908", "container": "prefect-worker"}
{"ts": "2026-08-12T07:06:38.766Z", "level": "INFO", "service": "worker", "logger": "flow.train", "msg": "    Wednesday  : 810", "container": "prefect-worker"}
{"ts": "2026-08-12T07:06:38.766Z", "level": "INFO", "service": "worker", "logger": "flow.train", "msg": "Training Model", "container": "prefect-worker"}
{"ts": "2026-08-12T07:06:38.766Z", "level": "INFO", "service": "worker", "logger": "flow.train", "msg": "  Model type                            : lightgbm", "container": "prefect-worker"}
{"ts": "2026-08-12T07:06:38.766Z", "level": "INFO", "service": "worker", "logger": "flow.train", "msg": "  Calibration enabled                   : False", "container": "prefect-worker"}
{"ts": "2026-08-12T07:06:40.764Z", "level": "INFO", "service": "worker", "logger": "flow.train", "msg": "Evaluating Model", "container": "prefect-worker"}
{"ts": "2026-08-12T07:06:41.066Z", "level": "INFO", "service": "worker", "logger": "flow.optimizer", "msg": "Optimizing bids for 14,144 rows in chunks of 500", "container": "prefect-worker"}
{"ts": "2026-08-12T07:06:47.899Z", "level": "INFO", "service": "worker", "logger": "flow.optimizer", "msg": "Optimized 5,000 / 14,144 rows", "container": "prefect-worker"}
{"ts": "2026-08-12T07:06:54.462Z", "level": "INFO", "service": "worker", "logger": "flow.optimizer", "msg": "Optimized 10,000 / 14,144 rows", "container": "prefect-worker"}
{"ts": "2026-08-12T07:06:59.976Z", "level": "INFO", "service": "worker", "logger": "flow.optimizer", "msg": "Optimized 14,144 / 14,144 rows", "container": "prefect-worker"}
{"ts": "2026-08-12T07:06:59.983Z", "level": "INFO", "service": "worker", "logger": "flow.optimizer_evaluation", "msg": "Bid Optimizer Evaluation", "container": "prefect-worker"}
{"ts": "2026-08-12T07:06:59.983Z", "level": "INFO", "service": "worker", "logger": "flow.optimizer_evaluation", "msg": "  Rows evaluated                     : 14,144", "container": "prefect-worker"}
{"ts": "2026-08-12T07:06:59.983Z", "level": "INFO", "service": "worker", "logger": "flow.optimizer_evaluation", "msg": "  Target CM                          : 25.00%", "container": "prefect-worker"}
{"ts": "2026-08-12T07:06:59.983Z", "level": "INFO", "service": "worker", "logger": "flow.optimizer_evaluation", "msg": "  Expected profit, current/recommended: 52496.6263 / 66933.9532", "container": "prefect-worker"}
{"ts": "2026-08-12T07:06:59.983Z", "level": "INFO", "service": "worker", "logger": "flow.optimizer_evaluation", "msg": "  Expected profit lift               : 14437.3269 (27.50%)", "container": "prefect-worker"}
{"ts": "2026-08-12T07:06:59.983Z", "level": "INFO", "service": "worker", "logger": "flow.optimizer_evaluation", "msg": "  Avg predicted win rate, current/reco: 0.2773 / 0.3546", "container": "prefect-worker"}
{"ts": "2026-08-12T07:06:59.983Z", "level": "INFO", "service": "worker", "logger": "flow.optimizer_evaluation", "msg": "  Bid increased/decreased/unchanged  : 57.83% / 40.66% / 1.51%", "container": "prefect-worker"}
{"ts": "2026-08-12T07:06:59.983Z", "level": "INFO", "service": "worker", "logger": "flow.optimizer_evaluation", "msg": "  Avg / median bid change            : 0.8913 / 0.3800", "container": "prefect-worker"}
{"ts": "2026-08-12T07:06:59.983Z", "level": "INFO", "service": "worker", "logger": "flow.optimizer_evaluation", "msg": "  Avg recommended CM if won           : 0.5999", "container": "prefect-worker"}
{"ts": "2026-08-12T07:06:59.983Z", "level": "INFO", "service": "worker", "logger": "flow.metrics", "msg": "Model Evaluation", "container": "prefect-worker"}
{"ts": "2026-08-12T07:06:59.983Z", "level": "INFO", "service": "worker", "logger": "flow.metrics", "msg": "  Rows trained                       : 70,719", "container": "prefect-worker"}
{"ts": "2026-08-12T07:06:59.983Z", "level": "INFO", "service": "worker", "logger": "flow.metrics", "msg": "  Train / test rows                  : 56,575 / 14,144", "container": "prefect-worker"}
{"ts": "2026-08-12T07:06:59.983Z", "level": "INFO", "service": "worker", "logger": "flow.metrics", "msg": "  ROC AUC                            : 0.8431", "container": "prefect-worker"}
{"ts": "2026-08-12T07:06:59.983Z", "level": "INFO", "service": "worker", "logger": "flow.metrics", "msg": "  PR AUC                             : 0.6521", "container": "prefect-worker"}
{"ts": "2026-08-12T07:06:59.983Z", "level": "INFO", "service": "worker", "logger": "flow.metrics", "msg": "  Log loss                           : 0.4105", "container": "prefect-worker"}
{"ts": "2026-08-12T07:06:59.983Z", "level": "INFO", "service": "worker", "logger": "flow.metrics", "msg": "  Brier score                        : 0.1375", "container": "prefect-worker"}
{"ts": "2026-08-12T07:06:59.983Z", "level": "INFO", "service": "worker", "logger": "flow.metrics", "msg": "  Accuracy / precision / recall / F1 / F2: 0.7924 / 0.6244 / 0.5193 / 0.5670 / 0.5374", "container": "prefect-worker"}
{"ts": "2026-08-12T07:06:59.983Z", "level": "INFO", "service": "worker", "logger": "flow.metrics", "msg": "  Calibration error                  : 0.0155", "container": "prefect-worker"}
{"ts": "2026-08-12T07:06:59.983Z", "level": "INFO", "service": "worker", "logger": "flow.metrics", "msg": "Business Metrics", "container": "prefect-worker"}
{"ts": "2026-08-12T07:06:59.983Z", "level": "INFO", "service": "worker", "logger": "flow.metrics", "msg": "  Observed win rate                  : 0.2618", "container": "prefect-worker"}
{"ts": "2026-08-12T07:06:59.983Z", "level": "INFO", "service": "worker", "logger": "flow.metrics", "msg": "  Predicted win rate, current bids   : 0.2773", "container": "prefect-worker"}
{"ts": "2026-08-12T07:06:59.983Z", "level": "INFO", "service": "worker", "logger": "flow.metrics", "msg": "  Predicted win rate, recommended    : 0.3546", "container": "prefect-worker"}
{"ts": "2026-08-12T07:06:59.983Z", "level": "INFO", "service": "worker", "logger": "flow.train", "msg": "Saving Reports", "container": "prefect-worker"}
{"ts": "2026-08-12T07:07:01.287Z", "level": "INFO", "service": "worker", "logger": "flow.train", "msg": "Lineage: model=lightgbm trained on table version 2026-08-12T070528Z (data 2026-07-22 04:24:37.550480 → 2026-08-12 04:14:33.685167, 70719 source rows)", "container": "prefect-worker"}
{"ts": "2026-08-12T07:07:01.490Z", "level": "INFO", "service": "worker", "logger": "flow.plots_and_reports", "msg": "Saved Training Reports", "container": "prefect-worker"}
{"ts": "2026-08-12T07:07:01.490Z", "level": "INFO", "service": "worker", "logger": "flow.plots_and_reports", "msg": "  Report directory                      : /app/data/model_evaluations/home", "container": "prefect-worker"}
{"ts": "2026-08-12T07:07:01.490Z", "level": "INFO", "service": "worker", "logger": "flow.plots_and_reports", "msg": "  Files generated                       : 13", "container": "prefect-worker"}
{"ts": "2026-08-12T07:07:01.490Z", "level": "INFO", "service": "worker", "logger": "flow.plots_and_reports", "msg": "    /app/data/model_evaluations/home/feature_summary.csv", "container": "prefect-worker"}
{"ts": "2026-08-12T07:07:01.490Z", "level": "INFO", "service": "worker", "logger": "flow.plots_and_reports", "msg": "    /app/data/model_evaluations/home/feature_value_counts.csv", "container": "prefect-worker"}
{"ts": "2026-08-12T07:07:01.490Z", "level": "INFO", "service": "worker", "logger": "flow.plots_and_reports", "msg": "    /app/data/model_evaluations/home/roc_curve.png", "container": "prefect-worker"}
{"ts": "2026-08-12T07:07:01.490Z", "level": "INFO", "service": "worker", "logger": "flow.plots_and_reports", "msg": "    /app/data/model_evaluations/home/precision_recall_curve.png", "container": "prefect-worker"}
{"ts": "2026-08-12T07:07:01.490Z", "level": "INFO", "service": "worker", "logger": "flow.plots_and_reports", "msg": "    /app/data/model_evaluations/home/calibration_curve.png", "container": "prefect-worker"}
{"ts": "2026-08-12T07:07:01.490Z", "level": "INFO", "service": "worker", "logger": "flow.plots_and_reports", "msg": "    /app/data/model_evaluations/home/probability_histogram.png", "container": "prefect-worker"}
{"ts": "2026-08-12T07:07:01.490Z", "level": "INFO", "service": "worker", "logger": "flow.plots_and_reports", "msg": "    /app/data/model_evaluations/home/confusion_matrix.png", "container": "prefect-worker"}
{"ts": "2026-08-12T07:07:01.490Z", "level": "INFO", "service": "worker", "logger": "flow.plots_and_reports", "msg": "    /app/data/model_evaluations/home/model_evaluation_summary.json", "container": "prefect-worker"}
{"ts": "2026-08-12T07:07:01.490Z", "level": "INFO", "service": "worker", "logger": "flow.plots_and_reports", "msg": "    /app/data/model_evaluations/home/optimizer_expected_profit_lift.png", "container": "prefect-worker"}
{"ts": "2026-08-12T07:07:01.490Z", "level": "INFO", "service": "worker", "logger": "flow.plots_and_reports", "msg": "    /app/data/model_evaluations/home/recommended_bid_change.png", "container": "prefect-worker"}
{"ts": "2026-08-12T07:07:01.490Z", "level": "INFO", "service": "worker", "logger": "flow.plots_and_reports", "msg": "    /app/data/model_evaluations/home/recommended_cm_distribution.png", "container": "prefect-worker"}
{"ts": "2026-08-12T07:07:01.490Z", "level": "INFO", "service": "worker", "logger": "flow.plots_and_reports", "msg": "    /app/data/model_evaluations/home/current_vs_recommended_win_rate.png", "container": "prefect-worker"}
{"ts": "2026-08-12T07:07:01.490Z", "level": "INFO", "service": "worker", "logger": "flow.plots_and_reports", "msg": "    /app/data/model_evaluations/home/bid_optimizer_test_rows.csv", "container": "prefect-worker"}
{"ts": "2026-08-12T07:07:01.588Z", "level": "INFO", "service": "worker", "logger": "botocore.credentials", "msg": "Found credentials in environment variables.", "container": "prefect-worker"}
{"ts": "2026-08-12T07:07:02.489Z", "level": "INFO", "service": "worker", "logger": "flow.optimizer", "msg": "Optimizing bids for 14,144 rows in chunks of 500", "container": "prefect-worker"}
{"ts": "2026-08-12T07:07:11.577Z", "level": "INFO", "service": "worker", "logger": "flow.optimizer", "msg": "Optimized 5,000 / 14,144 rows", "container": "prefect-worker"}
{"ts": "2026-08-12T07:07:20.036Z", "level": "INFO", "service": "worker", "logger": "flow.optimizer", "msg": "Optimized 10,000 / 14,144 rows", "container": "prefect-worker"}
{"ts": "2026-08-12T07:07:27.296Z", "level": "INFO", "service": "worker", "logger": "flow.optimizer", "msg": "Optimized 14,144 / 14,144 rows", "container": "prefect-worker"}
{"ts": "2026-08-12T07:07:27.302Z", "level": "INFO", "service": "worker", "logger": "flow.train", "msg": "Currently-serving model (run_20260806T111036Z_1c541601) re-scored on this test set: log loss=0.4422, PR AUC=0.5849", "container": "prefect-worker"}
{"ts": "2026-08-12T07:07:27.305Z", "level": "INFO", "service": "worker", "logger": "flow.train", "msg": "Promotion Evaluation", "container": "prefect-worker"}
{"ts": "2026-08-12T07:07:27.305Z", "level": "INFO", "service": "worker", "logger": "flow.train", "msg": "  Mode                                  : automatic", "container": "prefect-worker"}
{"ts": "2026-08-12T07:07:27.305Z", "level": "INFO", "service": "worker", "logger": "flow.train", "msg": "  Policy recommendation                 : ELIGIBLE", "container": "prefect-worker"}
{"ts": "2026-08-12T07:07:27.305Z", "level": "INFO", "service": "worker", "logger": "flow.train", "msg": "  Reason                                : Challenger passed the absolute thresholds and satisfies the 95% relative profit requirement and the 5000.00 absolute profit-loss tolerance; recommended CM is 59.99%, and log-loss regression -0.0317 is within tolerance.", "container": "prefect-worker"}
{"ts": "2026-08-12T07:07:27.373Z", "level": "INFO", "service": "worker", "logger": "flow.training_artifacts", "msg": "Prepared Model Comparison Artifacts", "container": "prefect-worker"}
{"ts": "2026-08-12T07:07:27.373Z", "level": "INFO", "service": "worker", "logger": "flow.training_artifacts", "msg": "  Evaluation dataset                    : /tmp/smarthub_model_comparison_2qd9thdd/evaluation_dataset.parquet", "container": "prefect-worker"}
{"ts": "2026-08-12T07:07:27.373Z", "level": "INFO", "service": "worker", "logger": "flow.training_artifacts", "msg": "  Optimizer results                     : /tmp/smarthub_model_comparison_2qd9thdd/optimizer_results.parquet", "container": "prefect-worker"}
{"ts": "2026-08-12T07:07:27.373Z", "level": "INFO", "service": "worker", "logger": "flow.training_artifacts", "msg": "  Metadata                              : /tmp/smarthub_model_comparison_2qd9thdd/evaluation_metadata.json", "container": "prefect-worker"}
{"ts": "2026-08-12T07:07:27.373Z", "level": "INFO", "service": "worker", "logger": "flow.train", "msg": "Saved training run run_20260812T070727Z_e4f65e46 → /app/data/models/home/run_20260812T070727Z_e4f65e46.pkl", "container": "prefect-worker"}
{"ts": "2026-08-12T07:07:27.411Z", "level": "INFO", "service": "worker", "logger": "flow.registry", "msg": "Published run_20260812T070727Z_e4f65e46 to production storage (s3).", "container": "prefect-worker"}
{"ts": "2026-08-12T07:07:27.415Z", "level": "INFO", "service": "worker", "logger": "flow.train", "msg": "Automatically promoted home_v2 to currently-serving for 'home'.", "container": "prefect-worker"}
{"ts": "2026-08-12T07:07:28.879534131Z", "container": "prefect-worker", "msg": "2026/08/12 07:07:28 WARNING mlflow.sklearn: Saving scikit-learn models in the pickle or cloudpickle format requires exercising caution because these formats rely on Python's object serialization mechanism, which can execute arbitrary code during deserialization. The recommended safe alternative is the 'skops' format. For more information, see: https://scikit-learn.org/stable/model_persistence.html"}
{"ts": "2026-08-12T07:07:32.244193235Z", "container": "prefect-worker", "msg": "Registered model 'anton-win-probability-model' already exists. Creating a new version of this model..."}
{"ts": "2026-08-12T07:07:32.259384847Z", "container": "prefect-worker", "msg": "2026/08/12 07:07:32 WARNING mlflow.tracking._model_registry.fluent: Run with id 182c9f74a8ce45fabdc65902a8390f62 has no artifacts at artifact path 'model', registering model based on models:/m-04428e82f3424d6a978e15812319d167 instead"}
{"ts": "2026-08-12T07:07:32.268880144Z", "container": "prefect-worker", "msg": "Created version '7' of model 'anton-win-probability-model'."}
{"ts": "2026-08-12T07:07:32.311Z", "level": "INFO", "service": "worker", "logger": "flow.train", "msg": "Logged run 'run_20260812T070727Z_e4f65e46' to MLflow experiment 'anton_win_probability_home'", "container": "prefect-worker"}
{"ts": "2026-08-12T07:07:32.312Z", "level": "INFO", "service": "worker", "logger": "flow.train", "msg": "Logged run to MLflow experiment 'anton_win_probability'", "container": "prefect-worker"}
{"ts": "2026-08-12T07:07:32.315Z", "level": "INFO", "service": "worker", "logger": "prefect.task_runs", "msg": "Finished in state Completed()", "task_run_id": "019ff4cb-63ba-7f40-84b1-45fe5abe1ced", "flow_run_id": "33e4bdde-5154-407c-94ec-2f53f447fde4", "task_run_name": "train-anton-model-a5b", "task_name": "train-anton-model", "flow_run_name": "clever-spaniel", "flow_name": "smarthub-train-model", "container": "prefect-worker"}
{"ts": "2026-08-12T07:07:32.321Z", "level": "INFO", "service": "worker", "logger": "prefect.flow_runs", "msg": "Trained home model home_v2: log loss=0.4105, rows=70719 -> /app/data/models/home/run_20260812T070727Z_e4f65e46.pkl (promoted=True)", "flow_run_name": "clever-spaniel", "flow_run_id": "33e4bdde-5154-407c-94ec-2f53f447fde4", "flow_name": "smarthub-train-model", "deployment_name": "train-model", "container": "prefect-worker"}
{"ts": "2026-08-12T07:07:32.337Z", "level": "INFO", "service": "worker", "logger": "httpx", "msg": "HTTP Request: POST http://prefect-server:4200/api/artifacts/ \"HTTP/1.1 201 Created\"", "container": "prefect-worker"}
{"ts": "2026-08-12T07:07:32.435Z", "level": "INFO", "service": "worker", "logger": "httpx", "msg": "HTTP Request: POST http://prefect-server:4200/api/flow_runs/33e4bdde-5154-407c-94ec-2f53f447fde4/set_state \"HTTP/1.1 201 Created\"", "container": "prefect-worker"}
{"ts": "2026-08-12T07:07:33.388Z", "level": "INFO", "service": "worker", "logger": "prefect.flow_runs", "msg": "Finished in state Completed()", "flow_run_name": "clever-spaniel", "flow_run_id": "33e4bdde-5154-407c-94ec-2f53f447fde4", "flow_name": "smarthub-train-model", "deployment_name": "train-model", "container": "prefect-worker"}
{"ts": "2026-08-12T07:07:33.393Z", "level": "INFO", "service": "worker", "logger": "httpx", "msg": "HTTP Request: GET http://prefect-server:4200/api/csrf-token?client=7708f73f-184e-4710-9e87-4449415df9a0 \"HTTP/1.1 422 Unprocessable Entity\"", "container": "prefect-worker"}
{"ts": "2026-08-12T07:07:33.399Z", "level": "INFO", "service": "worker", "logger": "httpx", "msg": "HTTP Request: POST http://prefect-server:4200/api/logs/ \"HTTP/1.1 201 Created\"", "container": "prefect-worker"}
{"ts": "2026-08-12T07:07:34.573298232Z", "container": "prefect-worker", "msg": "07:07:34.572 | INFO    | prefect.flow_runs.runner - Process for flow run 'clever-spaniel' exited cleanly."}
{"ts": "2026-08-12T07:53:52.631504297Z", "container": "prefect-worker", "msg": "Received SIGTERM. Sending SIGINT to the process worker (PID 7)..."}
{"ts": "2026-08-12T07:53:52.631603058Z", "container": "prefect-worker", "msg": "Received SIGINT. Sending SIGINT to the process worker (PID 7)..."}
{"ts": "2026-08-12T07:53:52.635309428Z", "container": "prefect-worker", "msg": "Worker 'ProcessWorker f5cd24d2-8242-4d61-a171-a51a4f5a9c79' stopped!"}
{"ts": "2026-08-12T07:54:21.741106213Z", "container": "prefect-worker", "msg": "Prefect API is up."}
{"ts": "2026-08-12T07:54:23.136046833Z", "container": "prefect-worker", "msg": "Work pool named 'smarthub-pool' already exists. Use --overwrite to update it."}
{"ts": "2026-08-12T07:54:24.296050384Z", "container": "prefect-worker", "msg": "Work queue with name: 'default' already exists."}
{"ts": "2026-08-12T07:54:25.321107291Z", "container": "prefect-worker", "msg": "Work queue with name: 'features' already exists."}
{"ts": "2026-08-12T07:54:26.353641157Z", "container": "prefect-worker", "msg": "Work queue with name: 'training' already exists."}
{"ts": "2026-08-12T07:54:26.500638519Z", "container": "prefect-worker", "msg": "Registering deployments from prefect.yaml ..."}
{"ts": "2026-08-12T07:54:27.909103716Z", "container": "prefect-worker", "msg": "Deploying all flows with an existing deployment configuration..."}
{"ts": "2026-08-12T07:54:27.909370809Z", "container": "prefect-worker", "msg": "╭──────────────────────────────────────────────────────────────────────────────╮"}
{"ts": "2026-08-12T07:54:27.909384149Z", "container": "prefect-worker", "msg": "│ Deploying data-pull                                                          │"}
{"ts": "2026-08-12T07:54:27.909388089Z", "container": "prefect-worker", "msg": "╰──────────────────────────────────────────────────────────────────────────────╯"}
{"ts": "2026-08-12T07:54:28.450Z", "level": "INFO", "service": "worker", "logger": "httpx", "msg": "HTTP Request: GET http://prefect-server:4200/api/work_pools/smarthub-pool \"HTTP/1.1 200 OK\"", "container": "prefect-worker"}
{"ts": "2026-08-12T07:54:28.456Z", "level": "INFO", "service": "worker", "logger": "httpx", "msg": "HTTP Request: GET http://prefect-server:4200/api/work_pools/smarthub-pool \"HTTP/1.1 200 OK\"", "container": "prefect-worker"}
{"ts": "2026-08-12T07:54:28.516Z", "level": "INFO", "service": "worker", "logger": "httpx", "msg": "HTTP Request: GET http://prefect-server:4200/api/deployments/name/smarthub-data-pull/data-pull \"HTTP/1.1 200 OK\"", "container": "prefect-worker"}
{"ts": "2026-08-12T07:54:28.541Z", "level": "INFO", "service": "worker", "logger": "httpx", "msg": "HTTP Request: GET http://prefect-server:4200/api/csrf-token?client=48dce04d-4609-4cb0-ac30-dcc1366315c6 \"HTTP/1.1 422 Unprocessable Entity\"", "container": "prefect-worker"}
{"ts": "2026-08-12T07:54:28.620Z", "level": "INFO", "service": "worker", "logger": "httpx", "msg": "HTTP Request: PATCH http://prefect-server:4200/api/deployments/15dcce44-4b5f-4048-b854-eeba60c3b514 \"HTTP/1.1 204 No Content\"", "container": "prefect-worker"}
{"ts": "2026-08-12T07:54:28.645Z", "level": "INFO", "service": "worker", "logger": "httpx", "msg": "HTTP Request: DELETE http://prefect-server:4200/api/automations/owned-by/prefect.deployment.15dcce44-4b5f-4048-b854-eeba60c3b514 \"HTTP/1.1 202 Accepted\"", "container": "prefect-worker"}
{"ts": "2026-08-12T07:54:28.648Z", "level": "INFO", "service": "worker", "logger": "httpx", "msg": "HTTP Request: GET http://prefect-server:4200/api/csrf-token?client=3c85dd45-564c-493b-aac1-650d86a8ce21 \"HTTP/1.1 422 Unprocessable Entity\"", "container": "prefect-worker"}
{"ts": "2026-08-12T07:54:28.653Z", "level": "INFO", "service": "worker", "logger": "httpx", "msg": "HTTP Request: DELETE http://prefect-server:4200/api/automations/owned-by/prefect.deployment.15dcce44-4b5f-4048-b854-eeba60c3b514 \"HTTP/1.1 202 Accepted\"", "container": "prefect-worker"}
{"ts": "2026-08-12T07:54:28.654065973Z", "container": "prefect-worker", "msg": "╭──────────────────────────────────────────────────────────────────────────────╮"}
{"ts": "2026-08-12T07:54:28.654073493Z", "container": "prefect-worker", "msg": "│ Deployment 'smarthub-data-pull/data-pull' successfully created with id       │"}
{"ts": "2026-08-12T07:54:28.654076803Z", "container": "prefect-worker", "msg": "│ '15dcce44-4b5f-4048-b854-eeba60c3b514'.                                      │"}
{"ts": "2026-08-12T07:54:28.654079813Z", "container": "prefect-worker", "msg": "╰──────────────────────────────────────────────────────────────────────────────╯"}
{"ts": "2026-08-12T07:54:28.654281334Z", "container": "prefect-worker", "msg": ""}
{"ts": "2026-08-12T07:54:28.654297974Z", "container": "prefect-worker", "msg": "View Deployment in UI: http://prefect-server:4200/deployments/deployment/15dcce44-4b5f-4048-b854-eeba60c3b514"}
{"ts": "2026-08-12T07:54:28.654302104Z", "container": "prefect-worker", "msg": ""}
{"ts": "2026-08-12T07:54:28.661Z", "level": "INFO", "service": "worker", "logger": "httpx", "msg": "HTTP Request: POST http://prefect-server:4200/api/work_pools/smarthub-pool/workers/filter \"HTTP/1.1 200 OK\"", "container": "prefect-worker"}
{"ts": "2026-08-12T07:54:28.662522851Z", "container": "prefect-worker", "msg": ""}
{"ts": "2026-08-12T07:54:28.662529701Z", "container": "prefect-worker", "msg": "To schedule a run for this deployment, use the following command:"}
{"ts": "2026-08-12T07:54:28.662758933Z", "container": "prefect-worker", "msg": ""}
{"ts": "2026-08-12T07:54:28.662765363Z", "container": "prefect-worker", "msg": "        $ prefect deployment run 'smarthub-data-pull/data-pull'"}
{"ts": "2026-08-12T07:54:28.662768733Z", "container": "prefect-worker", "msg": ""}
{"ts": "2026-08-12T07:54:28.662944484Z", "container": "prefect-worker", "msg": "╭──────────────────────────────────────────────────────────────────────────────╮"}
{"ts": "2026-08-12T07:54:28.662951174Z", "container": "prefect-worker", "msg": "│ Deploying build-features                                                     │"}
{"ts": "2026-08-12T07:54:28.662954664Z", "container": "prefect-worker", "msg": "╰──────────────────────────────────────────────────────────────────────────────╯"}
{"ts": "2026-08-12T07:54:28.703Z", "level": "INFO", "service": "worker", "logger": "httpx", "msg": "HTTP Request: GET http://prefect-server:4200/api/work_pools/smarthub-pool \"HTTP/1.1 200 OK\"", "container": "prefect-worker"}
{"ts": "2026-08-12T07:54:28.707Z", "level": "INFO", "service": "worker", "logger": "httpx", "msg": "HTTP Request: GET http://prefect-server:4200/api/work_pools/smarthub-pool \"HTTP/1.1 200 OK\"", "container": "prefect-worker"}
{"ts": "2026-08-12T07:54:28.754Z", "level": "INFO", "service": "worker", "logger": "httpx", "msg": "HTTP Request: GET http://prefect-server:4200/api/deployments/name/smarthub-build-features/build-features \"HTTP/1.1 200 OK\"", "container": "prefect-worker"}
{"ts": "2026-08-12T07:54:28.775Z", "level": "INFO", "service": "worker", "logger": "httpx", "msg": "HTTP Request: GET http://prefect-server:4200/api/csrf-token?client=16c2fce4-7600-466c-a911-c2031e38ba7a \"HTTP/1.1 422 Unprocessable Entity\"", "container": "prefect-worker"}
{"ts": "2026-08-12T07:54:28.886Z", "level": "INFO", "service": "worker", "logger": "httpx", "msg": "HTTP Request: PATCH http://prefect-server:4200/api/deployments/8d536def-a82a-4c94-941b-14c2c0468511 \"HTTP/1.1 204 No Content\"", "container": "prefect-worker"}
{"ts": "2026-08-12T07:54:28.893Z", "level": "INFO", "service": "worker", "logger": "httpx", "msg": "HTTP Request: DELETE http://prefect-server:4200/api/automations/owned-by/prefect.deployment.8d536def-a82a-4c94-941b-14c2c0468511 \"HTTP/1.1 202 Accepted\"", "container": "prefect-worker"}
{"ts": "2026-08-12T07:54:28.896Z", "level": "INFO", "service": "worker", "logger": "httpx", "msg": "HTTP Request: GET http://prefect-server:4200/api/csrf-token?client=1d6ed6fc-ec5e-42cb-8e2b-24300ef48606 \"HTTP/1.1 422 Unprocessable Entity\"", "container": "prefect-worker"}
{"ts": "2026-08-12T07:54:28.900Z", "level": "INFO", "service": "worker", "logger": "httpx", "msg": "HTTP Request: DELETE http://prefect-server:4200/api/automations/owned-by/prefect.deployment.8d536def-a82a-4c94-941b-14c2c0468511 \"HTTP/1.1 202 Accepted\"", "container": "prefect-worker"}
{"ts": "2026-08-12T07:54:28.901033647Z", "container": "prefect-worker", "msg": "╭──────────────────────────────────────────────────────────────────────────────╮"}
{"ts": "2026-08-12T07:54:28.901044597Z", "container": "prefect-worker", "msg": "│ Deployment 'smarthub-build-features/build-features' successfully created     │"}
{"ts": "2026-08-12T07:54:28.901048267Z", "container": "prefect-worker", "msg": "│ with id '8d536def-a82a-4c94-941b-14c2c0468511'.                              │"}
{"ts": "2026-08-12T07:54:28.901051478Z", "container": "prefect-worker", "msg": "╰──────────────────────────────────────────────────────────────────────────────╯"}
{"ts": "2026-08-12T07:54:28.901161058Z", "container": "prefect-worker", "msg": ""}
{"ts": "2026-08-12T07:54:28.901171188Z", "container": "prefect-worker", "msg": "View Deployment in UI: http://prefect-server:4200/deployments/deployment/8d536def-a82a-4c94-941b-14c2c0468511"}
{"ts": "2026-08-12T07:54:28.901174818Z", "container": "prefect-worker", "msg": ""}
{"ts": "2026-08-12T07:54:28.912Z", "level": "INFO", "service": "worker", "logger": "httpx", "msg": "HTTP Request: POST http://prefect-server:4200/api/work_pools/smarthub-pool/workers/filter \"HTTP/1.1 200 OK\"", "container": "prefect-worker"}
{"ts": "2026-08-12T07:54:28.912984123Z", "container": "prefect-worker", "msg": ""}
{"ts": "2026-08-12T07:54:28.912990803Z", "container": "prefect-worker", "msg": "To schedule a run for this deployment, use the following command:"}
{"ts": "2026-08-12T07:54:28.913195535Z", "container": "prefect-worker", "msg": ""}
{"ts": "2026-08-12T07:54:28.913212985Z", "container": "prefect-worker", "msg": "        $ prefect deployment run 'smarthub-build-features/build-features'"}
{"ts": "2026-08-12T07:54:28.913216885Z", "container": "prefect-worker", "msg": ""}
{"ts": "2026-08-12T07:54:28.913443037Z", "container": "prefect-worker", "msg": "╭──────────────────────────────────────────────────────────────────────────────╮"}
{"ts": "2026-08-12T07:54:28.913448377Z", "container": "prefect-worker", "msg": "│ Deploying train-model                                                        │"}
{"ts": "2026-08-12T07:54:28.913451657Z", "container": "prefect-worker", "msg": "╰──────────────────────────────────────────────────────────────────────────────╯"}
{"ts": "2026-08-12T07:54:29.894Z", "level": "INFO", "service": "worker", "logger": "matplotlib.font_manager", "msg": "generated new fontManager", "container": "prefect-worker"}
{"ts": "2026-08-12T07:54:30.081Z", "level": "INFO", "service": "worker", "logger": "httpx", "msg": "HTTP Request: GET http://prefect-server:4200/api/work_pools/smarthub-pool \"HTTP/1.1 200 OK\"", "container": "prefect-worker"}
{"ts": "2026-08-12T07:54:30.085Z", "level": "INFO", "service": "worker", "logger": "httpx", "msg": "HTTP Request: GET http://prefect-server:4200/api/work_pools/smarthub-pool \"HTTP/1.1 200 OK\"", "container": "prefect-worker"}
{"ts": "2026-08-12T07:54:30.128Z", "level": "INFO", "service": "worker", "logger": "httpx", "msg": "HTTP Request: GET http://prefect-server:4200/api/deployments/name/smarthub-train-model/train-model \"HTTP/1.1 200 OK\"", "container": "prefect-worker"}
{"ts": "2026-08-12T07:54:30.144Z", "level": "INFO", "service": "worker", "logger": "httpx", "msg": "HTTP Request: GET http://prefect-server:4200/api/csrf-token?client=d8acd50a-1b89-4683-961b-66e02a20d802 \"HTTP/1.1 422 Unprocessable Entity\"", "container": "prefect-worker"}
{"ts": "2026-08-12T07:54:30.202Z", "level": "INFO", "service": "worker", "logger": "httpx", "msg": "HTTP Request: PATCH http://prefect-server:4200/api/deployments/f2af7572-283e-43ab-bfa3-0ad7cee08503 \"HTTP/1.1 204 No Content\"", "container": "prefect-worker"}
{"ts": "2026-08-12T07:54:30.206Z", "level": "INFO", "service": "worker", "logger": "httpx", "msg": "HTTP Request: DELETE http://prefect-server:4200/api/automations/owned-by/prefect.deployment.f2af7572-283e-43ab-bfa3-0ad7cee08503 \"HTTP/1.1 202 Accepted\"", "container": "prefect-worker"}
{"ts": "2026-08-12T07:54:30.208Z", "level": "INFO", "service": "worker", "logger": "httpx", "msg": "HTTP Request: GET http://prefect-server:4200/api/csrf-token?client=fba913bd-dfb3-43f4-a9b9-f7226609427f \"HTTP/1.1 422 Unprocessable Entity\"", "container": "prefect-worker"}
{"ts": "2026-08-12T07:54:30.212Z", "level": "INFO", "service": "worker", "logger": "httpx", "msg": "HTTP Request: DELETE http://prefect-server:4200/api/automations/owned-by/prefect.deployment.f2af7572-283e-43ab-bfa3-0ad7cee08503 \"HTTP/1.1 202 Accepted\"", "container": "prefect-worker"}
{"ts": "2026-08-12T07:54:30.213114641Z", "container": "prefect-worker", "msg": "╭──────────────────────────────────────────────────────────────────────────────╮"}
{"ts": "2026-08-12T07:54:30.213122181Z", "container": "prefect-worker", "msg": "│ Deployment 'smarthub-train-model/train-model' successfully created with id   │"}
{"ts": "2026-08-12T07:54:30.213125761Z", "container": "prefect-worker", "msg": "│ 'f2af7572-283e-43ab-bfa3-0ad7cee08503'.                                      │"}
{"ts": "2026-08-12T07:54:30.213128961Z", "container": "prefect-worker", "msg": "╰──────────────────────────────────────────────────────────────────────────────╯"}
{"ts": "2026-08-12T07:54:30.213247822Z", "container": "prefect-worker", "msg": ""}
{"ts": "2026-08-12T07:54:30.213273832Z", "container": "prefect-worker", "msg": "View Deployment in UI: http://prefect-server:4200/deployments/deployment/f2af7572-283e-43ab-bfa3-0ad7cee08503"}
{"ts": "2026-08-12T07:54:30.213277872Z", "container": "prefect-worker", "msg": ""}
{"ts": "2026-08-12T07:54:30.217Z", "level": "INFO", "service": "worker", "logger": "httpx", "msg": "HTTP Request: POST http://prefect-server:4200/api/work_pools/smarthub-pool/workers/filter \"HTTP/1.1 200 OK\"", "container": "prefect-worker"}
{"ts": "2026-08-12T07:54:30.217802118Z", "container": "prefect-worker", "msg": ""}
{"ts": "2026-08-12T07:54:30.217809348Z", "container": "prefect-worker", "msg": "To schedule a run for this deployment, use the following command:"}
{"ts": "2026-08-12T07:54:30.217988810Z", "container": "prefect-worker", "msg": ""}
{"ts": "2026-08-12T07:54:30.217994980Z", "container": "prefect-worker", "msg": "        $ prefect deployment run 'smarthub-train-model/train-model'"}
{"ts": "2026-08-12T07:54:30.217998230Z", "container": "prefect-worker", "msg": ""}
{"ts": "2026-08-12T07:54:30.831732011Z", "container": "prefect-worker", "msg": "Starting worker on pool='smarthub-pool' queues='default features training' ..."}
{"ts": "2026-08-12T07:54:32.204333122Z", "container": "prefect-worker", "msg": "Discovered type 'process' for work pool 'smarthub-pool'."}
{"ts": "2026-08-12T07:54:32.548658509Z", "container": "prefect-worker", "msg": "Worker 'ProcessWorker 2d568e81-dd04-4b90-aeae-632355284de1' started!"}
{"ts": "2026-08-12T07:59:01.297771089Z", "container": "prefect-worker", "msg": "07:59:01.295 | INFO    | prefect.flow_runs.worker - Worker 'ProcessWorker 2d568e81-dd04-4b90-aeae-632355284de1' submitting flow run 'dc0d027b-520e-4382-bd8f-82d06dce532a'"}
{"ts": "2026-08-12T07:59:01.639246559Z", "container": "prefect-worker", "msg": "07:59:01.638 | INFO    | prefect.flow_runs.runner - Starting flow run process..."}
{"ts": "2026-08-12T07:59:01.666035004Z", "container": "prefect-worker", "msg": "07:59:01.665 | INFO    | prefect.flow_runs.worker - Flow run 'chi298-mebsuta-d' submitted to infrastructure"}
{"ts": "2026-08-12T07:59:02.862381644Z", "container": "prefect-worker", "msg": "07:59:02.855 | INFO    | Flow run 'chi298-mebsuta-d' - Running 1 deployment pull step(s)"}
{"ts": "2026-08-12T07:59:02.882862938Z", "container": "prefect-worker", "msg": "07:59:02.881 | INFO    | Flow run 'chi298-mebsuta-d' - Executing deployment step: set_working_directory"}
{"ts": "2026-08-12T07:59:02.894243920Z", "container": "prefect-worker", "msg": "07:59:02.893 | INFO    | Flow run 'chi298-mebsuta-d' - Deployment step 'set_working_directory' completed successfully"}
{"ts": "2026-08-12T07:59:02.908119061Z", "container": "prefect-worker", "msg": "07:59:02.907 | INFO    | Flow run 'chi298-mebsuta-d' - All deployment steps completed successfully"}
{"ts": "2026-08-12T07:59:04.038Z", "level": "INFO", "service": "worker", "logger": "httpx", "msg": "HTTP Request: GET http://prefect-server:4200/api/admin/version \"HTTP/1.1 200 OK\"", "container": "prefect-worker"}
{"ts": "2026-08-12T07:59:04.042Z", "level": "INFO", "service": "worker", "logger": "httpx", "msg": "HTTP Request: GET http://prefect-server:4200/api/csrf-token?client=db879394-c077-44ab-a4ff-4feae8843f4b \"HTTP/1.1 422 Unprocessable Entity\"", "container": "prefect-worker"}
{"ts": "2026-08-12T07:59:04.047Z", "level": "INFO", "service": "worker", "logger": "httpx", "msg": "HTTP Request: PATCH http://prefect-server:4200/api/flow_runs/dc0d027b-520e-4382-bd8f-82d06dce532a \"HTTP/1.1 204 No Content\"", "container": "prefect-worker"}
{"ts": "2026-08-12T07:59:04.065Z", "level": "INFO", "service": "worker", "logger": "httpx", "msg": "HTTP Request: GET http://prefect-server:4200/api/flow_runs/dc0d027b-520e-4382-bd8f-82d06dce532a \"HTTP/1.1 200 OK\"", "container": "prefect-worker"}
{"ts": "2026-08-12T07:59:04.079Z", "level": "INFO", "service": "worker", "logger": "httpx", "msg": "HTTP Request: POST http://prefect-server:4200/api/flow_runs/dc0d027b-520e-4382-bd8f-82d06dce532a/set_state \"HTTP/1.1 201 Created\"", "container": "prefect-worker"}
{"ts": "2026-08-12T07:59:04.085Z", "level": "INFO", "service": "worker", "logger": "httpx", "msg": "HTTP Request: GET http://prefect-server:4200/api/flow_runs/dc0d027b-520e-4382-bd8f-82d06dce532a \"HTTP/1.1 200 OK\"", "container": "prefect-worker"}
{"ts": "2026-08-12T07:59:04.090Z", "level": "INFO", "service": "worker", "logger": "httpx", "msg": "HTTP Request: GET http://prefect-server:4200/api/admin/storage \"HTTP/1.1 200 OK\"", "container": "prefect-worker"}
{"ts": "2026-08-12T07:59:04.093Z", "level": "INFO", "service": "worker", "logger": "httpx", "msg": "HTTP Request: GET http://prefect-server:4200/api/admin/storage \"HTTP/1.1 200 OK\"", "container": "prefect-worker"}
{"ts": "2026-08-12T07:59:04.093Z", "level": "INFO", "service": "worker", "logger": "prefect.flow_runs", "msg": "Beginning flow run 'chi298-mebsuta-d' for flow 'smarthub-train-model'", "flow_run_name": "chi298-mebsuta-d", "flow_run_id": "dc0d027b-520e-4382-bd8f-82d06dce532a", "flow_name": "smarthub-train-model", "deployment_name": "train-model", "container": "prefect-worker"}
{"ts": "2026-08-12T07:59:04.094Z", "level": "INFO", "service": "worker", "logger": "prefect.flow_runs", "msg": "View at http://prefect-server:4200/runs/flow-run/dc0d027b-520e-4382-bd8f-82d06dce532a", "flow_run_name": "chi298-mebsuta-d", "flow_run_id": "dc0d027b-520e-4382-bd8f-82d06dce532a", "flow_name": "smarthub-train-model", "deployment_name": "train-model", "send_to_api": false, "container": "prefect-worker"}
{"ts": "2026-08-12T07:59:04.095Z", "level": "INFO", "service": "worker", "logger": "prefect.flow_runs", "msg": "STEP 3 train-model starting: lead_type=home (1), version=latest, mlflow=True", "flow_run_name": "chi298-mebsuta-d", "flow_run_id": "dc0d027b-520e-4382-bd8f-82d06dce532a", "flow_name": "smarthub-train-model", "deployment_name": "train-model", "container": "prefect-worker"}
{"ts": "2026-08-12T07:59:04.121Z", "level": "INFO", "service": "worker", "logger": "flow.train", "msg": "Loading training table for lead_type=home (1)", "container": "prefect-worker"}
{"ts": "2026-08-12T07:59:04.125Z", "level": "INFO", "service": "worker", "logger": "httpx", "msg": "HTTP Request: GET http://prefect-server:4200/api/flows/b482d204-61dd-4cd6-bc87-1c0295ffdd50 \"HTTP/1.1 200 OK\"", "container": "prefect-worker"}
{"ts": "2026-08-12T07:59:04.133Z", "level": "INFO", "service": "worker", "logger": "httpx", "msg": "HTTP Request: GET http://prefect-server:4200/api/work_queues/1359b356-bb73-44da-ae82-6233613dd549 \"HTTP/1.1 200 OK\"", "container": "prefect-worker"}
{"ts": "2026-08-12T07:59:04.136Z", "level": "INFO", "service": "worker", "logger": "httpx", "msg": "HTTP Request: GET http://prefect-server:4200/api/deployments/f2af7572-283e-43ab-bfa3-0ad7cee08503 \"HTTP/1.1 200 OK\"", "container": "prefect-worker"}
{"ts": "2026-08-12T07:59:04.137Z", "level": "INFO", "service": "worker", "logger": "httpx", "msg": "HTTP Request: GET http://prefect-server:4200/api/work_pools/smarthub-pool \"HTTP/1.1 200 OK\"", "container": "prefect-worker"}
{"ts": "2026-08-12T07:59:04.405Z", "level": "INFO", "service": "worker", "logger": "flow.train", "msg": "Dataset Prepared", "container": "prefect-worker"}
{"ts": "2026-08-12T07:59:04.405Z", "level": "INFO", "service": "worker", "logger": "flow.train", "msg": "  Training rows                         : 70,719", "container": "prefect-worker"}
{"ts": "2026-08-12T07:59:04.405Z", "level": "INFO", "service": "worker", "logger": "flow.train", "msg": "  Dropped rows                          : 0", "container": "prefect-worker"}
{"ts": "2026-08-12T07:59:04.405Z", "level": "INFO", "service": "worker", "logger": "flow.train", "msg": "  Win rate                              : 0.2841", "container": "prefect-worker"}
{"ts": "2026-08-12T07:59:04.405Z", "level": "INFO", "service": "worker", "logger": "flow.train", "msg": "  Feature count                         : 10 numeric, 7 categorical", "container": "prefect-worker"}
{"ts": "2026-08-12T07:59:04.405Z", "level": "INFO", "service": "worker", "logger": "flow.train", "msg": "  Missing feature columns               : none", "container": "prefect-worker"}
{"ts": "2026-08-12T07:59:04.423Z", "level": "INFO", "service": "worker", "logger": "flow.train", "msg": "Cleaning Data", "container": "prefect-worker"}
{"ts": "2026-08-12T07:59:04.423Z", "level": "INFO", "service": "worker", "logger": "flow.train", "msg": "  Dropped zero-variance features        : 3", "container": "prefect-worker"}
{"ts": "2026-08-12T07:59:04.423Z", "level": "INFO", "service": "worker", "logger": "flow.train", "msg": "  Zero-variance feature names           : military_affiliation, insured, num_home_claims", "container": "prefect-worker"}
{"ts": "2026-08-12T07:59:04.423Z", "level": "INFO", "service": "worker", "logger": "flow.train", "msg": "Feature columns: ['bid', 'age', 'continuous_coverage_months', 'created_hour', 'created_dayofweek', 'is_workday', 'is_married', 'age_cohort', 'state', 'gender', 'marital_status', 'campaign_id', 'traffic_tier', 'home_property_type']", "container": "prefect-worker"}
{"ts": "2026-08-12T07:59:04.879Z", "level": "INFO", "service": "worker", "logger": "httpx", "msg": "HTTP Request: GET http://prefect-server:4200/api/csrf-token?client=124653cf-f8a2-4976-b05f-b798d209955a \"HTTP/1.1 422 Unprocessable Entity\"", "container": "prefect-worker"}
{"ts": "2026-08-12T07:59:04.924Z", "level": "INFO", "service": "worker", "logger": "httpx", "msg": "HTTP Request: POST http://prefect-server:4200/api/logs/ \"HTTP/1.1 201 Created\"", "container": "prefect-worker"}
{"ts": "2026-08-12T07:59:04.996Z", "level": "INFO", "service": "worker", "logger": "flow.plots_and_reports", "msg": "Dataset Summary", "container": "prefect-worker"}
{"ts": "2026-08-12T07:59:04.996Z", "level": "INFO", "service": "worker", "logger": "flow.plots_and_reports", "msg": "  Total rows                            : 70,719", "container": "prefect-worker"}
{"ts": "2026-08-12T07:59:04.997Z", "level": "INFO", "service": "worker", "logger": "flow.plots_and_reports", "msg": "  Target win rate                       : 0.2841", "container": "prefect-worker"}
{"ts": "2026-08-12T07:59:04.997Z", "level": "INFO", "service": "worker", "logger": "flow.plots_and_reports", "msg": "  Features summarized                   : 14", "container": "prefect-worker"}
{"ts": "2026-08-12T07:59:04.997Z", "level": "INFO", "service": "worker", "logger": "flow.plots_and_reports", "msg": "  Features with missing values          : 0", "container": "prefect-worker"}
{"ts": "2026-08-12T07:59:04.997Z", "level": "INFO", "service": "worker", "logger": "flow.plots_and_reports", "msg": "  Total missing feature values          : 0", "container": "prefect-worker"}
{"ts": "2026-08-12T07:59:04.998Z", "level": "INFO", "service": "worker", "logger": "flow.plots_and_reports", "msg": "  Feature-value count rows saved        : 124", "container": "prefect-worker"}
{"ts": "2026-08-12T07:59:05.001Z", "level": "INFO", "service": "worker", "logger": "flow.train", "msg": "Train/Test Split", "container": "prefect-worker"}
{"ts": "2026-08-12T07:59:05.001Z", "level": "INFO", "service": "worker", "logger": "flow.train", "msg": "  Train rows                            : 56,575", "container": "prefect-worker"}
{"ts": "2026-08-12T07:59:05.001Z", "level": "INFO", "service": "worker", "logger": "flow.train", "msg": "  Test rows                             : 14,144", "container": "prefect-worker"}
{"ts": "2026-08-12T07:59:05.001Z", "level": "INFO", "service": "worker", "logger": "flow.train", "msg": "  Split method                          : time", "container": "prefect-worker"}
{"ts": "2026-08-12T07:59:05.001Z", "level": "INFO", "service": "worker", "logger": "flow.train", "msg": "  Test fraction                         : 0.20", "container": "prefect-worker"}
{"ts": "2026-08-12T07:59:05.002Z", "level": "INFO", "service": "worker", "logger": "flow.train", "msg": "  Train date range                      : 2026-07-22 04:24:37.550480 → 2026-08-09 18:37:14.741180", "container": "prefect-worker"}
{"ts": "2026-08-12T07:59:05.002Z", "level": "INFO", "service": "worker", "logger": "flow.train", "msg": "  Test date range                       : 2026-08-09 18:37:18.016235 → 2026-08-12 04:14:33.685167", "container": "prefect-worker"}
{"ts": "2026-08-12T07:59:05.002Z", "level": "INFO", "service": "worker", "logger": "flow.train", "msg": "  Test rows by weekday", "container": "prefect-worker"}
{"ts": "2026-08-12T07:59:05.005Z", "level": "INFO", "service": "worker", "logger": "flow.train", "msg": "    Monday     : 6,272", "container": "prefect-worker"}
{"ts": "2026-08-12T07:59:05.005Z", "level": "INFO", "service": "worker", "logger": "flow.train", "msg": "    Sunday     : 1,154", "container": "prefect-worker"}
{"ts": "2026-08-12T07:59:05.005Z", "level": "INFO", "service": "worker", "logger": "flow.train", "msg": "    Tuesday    : 5,908", "container": "prefect-worker"}
{"ts": "2026-08-12T07:59:05.005Z", "level": "INFO", "service": "worker", "logger": "flow.train", "msg": "    Wednesday  : 810", "container": "prefect-worker"}
{"ts": "2026-08-12T07:59:05.005Z", "level": "INFO", "service": "worker", "logger": "flow.train", "msg": "Training Model", "container": "prefect-worker"}
{"ts": "2026-08-12T07:59:05.005Z", "level": "INFO", "service": "worker", "logger": "flow.train", "msg": "  Model type                            : lightgbm", "container": "prefect-worker"}
{"ts": "2026-08-12T07:59:05.005Z", "level": "INFO", "service": "worker", "logger": "flow.train", "msg": "  Calibration enabled                   : False", "container": "prefect-worker"}
{"ts": "2026-08-12T07:59:06.980Z", "level": "INFO", "service": "worker", "logger": "flow.train", "msg": "Evaluating Model", "container": "prefect-worker"}
{"ts": "2026-08-12T07:59:07.281Z", "level": "INFO", "service": "worker", "logger": "flow.optimizer", "msg": "Optimizing bids for 14,144 rows in chunks of 500", "container": "prefect-worker"}
{"ts": "2026-08-12T07:59:14.112Z", "level": "INFO", "service": "worker", "logger": "flow.optimizer", "msg": "Optimized 5,000 / 14,144 rows", "container": "prefect-worker"}
{"ts": "2026-08-12T07:59:20.677Z", "level": "INFO", "service": "worker", "logger": "flow.optimizer", "msg": "Optimized 10,000 / 14,144 rows", "container": "prefect-worker"}
{"ts": "2026-08-12T07:59:26.190Z", "level": "INFO", "service": "worker", "logger": "flow.optimizer", "msg": "Optimized 14,144 / 14,144 rows", "container": "prefect-worker"}
{"ts": "2026-08-12T07:59:26.196Z", "level": "INFO", "service": "worker", "logger": "flow.optimizer_evaluation", "msg": "Bid Optimizer Evaluation", "container": "prefect-worker"}
{"ts": "2026-08-12T07:59:26.196Z", "level": "INFO", "service": "worker", "logger": "flow.optimizer_evaluation", "msg": "  Rows evaluated                     : 14,144", "container": "prefect-worker"}
{"ts": "2026-08-12T07:59:26.196Z", "level": "INFO", "service": "worker", "logger": "flow.optimizer_evaluation", "msg": "  Target CM                          : 25.00%", "container": "prefect-worker"}
{"ts": "2026-08-12T07:59:26.196Z", "level": "INFO", "service": "worker", "logger": "flow.optimizer_evaluation", "msg": "  Expected profit, current/recommended: 52496.6263 / 66933.9532", "container": "prefect-worker"}
{"ts": "2026-08-12T07:59:26.196Z", "level": "INFO", "service": "worker", "logger": "flow.optimizer_evaluation", "msg": "  Expected profit lift               : 14437.3269 (27.50%)", "container": "prefect-worker"}
{"ts": "2026-08-12T07:59:26.196Z", "level": "INFO", "service": "worker", "logger": "flow.optimizer_evaluation", "msg": "  Avg predicted win rate, current/reco: 0.2773 / 0.3546", "container": "prefect-worker"}
{"ts": "2026-08-12T07:59:26.196Z", "level": "INFO", "service": "worker", "logger": "flow.optimizer_evaluation", "msg": "  Bid increased/decreased/unchanged  : 57.83% / 40.66% / 1.51%", "container": "prefect-worker"}
{"ts": "2026-08-12T07:59:26.196Z", "level": "INFO", "service": "worker", "logger": "flow.optimizer_evaluation", "msg": "  Avg / median bid change            : 0.8913 / 0.3800", "container": "prefect-worker"}
{"ts": "2026-08-12T07:59:26.196Z", "level": "INFO", "service": "worker", "logger": "flow.optimizer_evaluation", "msg": "  Avg recommended CM if won           : 0.5999", "container": "prefect-worker"}
{"ts": "2026-08-12T07:59:26.196Z", "level": "INFO", "service": "worker", "logger": "flow.metrics", "msg": "Model Evaluation", "container": "prefect-worker"}
{"ts": "2026-08-12T07:59:26.196Z", "level": "INFO", "service": "worker", "logger": "flow.metrics", "msg": "  Rows trained                       : 70,719", "container": "prefect-worker"}
{"ts": "2026-08-12T07:59:26.196Z", "level": "INFO", "service": "worker", "logger": "flow.metrics", "msg": "  Train / test rows                  : 56,575 / 14,144", "container": "prefect-worker"}
{"ts": "2026-08-12T07:59:26.196Z", "level": "INFO", "service": "worker", "logger": "flow.metrics", "msg": "  ROC AUC                            : 0.8431", "container": "prefect-worker"}
{"ts": "2026-08-12T07:59:26.197Z", "level": "INFO", "service": "worker", "logger": "flow.metrics", "msg": "  PR AUC                             : 0.6521", "container": "prefect-worker"}
{"ts": "2026-08-12T07:59:26.197Z", "level": "INFO", "service": "worker", "logger": "flow.metrics", "msg": "  Log loss                           : 0.4105", "container": "prefect-worker"}
{"ts": "2026-08-12T07:59:26.197Z", "level": "INFO", "service": "worker", "logger": "flow.metrics", "msg": "  Brier score                        : 0.1375", "container": "prefect-worker"}
{"ts": "2026-08-12T07:59:26.197Z", "level": "INFO", "service": "worker", "logger": "flow.metrics", "msg": "  Accuracy / precision / recall / F1 / F2: 0.7924 / 0.6244 / 0.5193 / 0.5670 / 0.5374", "container": "prefect-worker"}
{"ts": "2026-08-12T07:59:26.197Z", "level": "INFO", "service": "worker", "logger": "flow.metrics", "msg": "  Calibration error                  : 0.0155", "container": "prefect-worker"}
{"ts": "2026-08-12T07:59:26.197Z", "level": "INFO", "service": "worker", "logger": "flow.metrics", "msg": "Business Metrics", "container": "prefect-worker"}
{"ts": "2026-08-12T07:59:26.197Z", "level": "INFO", "service": "worker", "logger": "flow.metrics", "msg": "  Observed win rate                  : 0.2618", "container": "prefect-worker"}
{"ts": "2026-08-12T07:59:26.197Z", "level": "INFO", "service": "worker", "logger": "flow.metrics", "msg": "  Predicted win rate, current bids   : 0.2773", "container": "prefect-worker"}
{"ts": "2026-08-12T07:59:26.197Z", "level": "INFO", "service": "worker", "logger": "flow.metrics", "msg": "  Predicted win rate, recommended    : 0.3546", "container": "prefect-worker"}
{"ts": "2026-08-12T07:59:26.197Z", "level": "INFO", "service": "worker", "logger": "flow.train", "msg": "Saving Reports", "container": "prefect-worker"}
{"ts": "2026-08-12T07:59:27.473Z", "level": "INFO", "service": "worker", "logger": "flow.train", "msg": "Lineage: model=lightgbm trained on table version 2026-08-12T070528Z (data 2026-07-22 04:24:37.550480 → 2026-08-12 04:14:33.685167, 70719 source rows)", "container": "prefect-worker"}
{"ts": "2026-08-12T07:59:27.680Z", "level": "INFO", "service": "worker", "logger": "flow.plots_and_reports", "msg": "Saved Training Reports", "container": "prefect-worker"}
{"ts": "2026-08-12T07:59:27.680Z", "level": "INFO", "service": "worker", "logger": "flow.plots_and_reports", "msg": "  Report directory                      : /app/data/model_evaluations/home", "container": "prefect-worker"}
{"ts": "2026-08-12T07:59:27.680Z", "level": "INFO", "service": "worker", "logger": "flow.plots_and_reports", "msg": "  Files generated                       : 13", "container": "prefect-worker"}
{"ts": "2026-08-12T07:59:27.680Z", "level": "INFO", "service": "worker", "logger": "flow.plots_and_reports", "msg": "    /app/data/model_evaluations/home/feature_summary.csv", "container": "prefect-worker"}
{"ts": "2026-08-12T07:59:27.680Z", "level": "INFO", "service": "worker", "logger": "flow.plots_and_reports", "msg": "    /app/data/model_evaluations/home/feature_value_counts.csv", "container": "prefect-worker"}
{"ts": "2026-08-12T07:59:27.680Z", "level": "INFO", "service": "worker", "logger": "flow.plots_and_reports", "msg": "    /app/data/model_evaluations/home/roc_curve.png", "container": "prefect-worker"}
{"ts": "2026-08-12T07:59:27.680Z", "level": "INFO", "service": "worker", "logger": "flow.plots_and_reports", "msg": "    /app/data/model_evaluations/home/precision_recall_curve.png", "container": "prefect-worker"}
{"ts": "2026-08-12T07:59:27.680Z", "level": "INFO", "service": "worker", "logger": "flow.plots_and_reports", "msg": "    /app/data/model_evaluations/home/calibration_curve.png", "container": "prefect-worker"}
{"ts": "2026-08-12T07:59:27.680Z", "level": "INFO", "service": "worker", "logger": "flow.plots_and_reports", "msg": "    /app/data/model_evaluations/home/probability_histogram.png", "container": "prefect-worker"}
{"ts": "2026-08-12T07:59:27.680Z", "level": "INFO", "service": "worker", "logger": "flow.plots_and_reports", "msg": "    /app/data/model_evaluations/home/confusion_matrix.png", "container": "prefect-worker"}
{"ts": "2026-08-12T07:59:27.680Z", "level": "INFO", "service": "worker", "logger": "flow.plots_and_reports", "msg": "    /app/data/model_evaluations/home/model_evaluation_summary.json", "container": "prefect-worker"}
{"ts": "2026-08-12T07:59:27.680Z", "level": "INFO", "service": "worker", "logger": "flow.plots_and_reports", "msg": "    /app/data/model_evaluations/home/optimizer_expected_profit_lift.png", "container": "prefect-worker"}
{"ts": "2026-08-12T07:59:27.680Z", "level": "INFO", "service": "worker", "logger": "flow.plots_and_reports", "msg": "    /app/data/model_evaluations/home/recommended_bid_change.png", "container": "prefect-worker"}
{"ts": "2026-08-12T07:59:27.680Z", "level": "INFO", "service": "worker", "logger": "flow.plots_and_reports", "msg": "    /app/data/model_evaluations/home/recommended_cm_distribution.png", "container": "prefect-worker"}
{"ts": "2026-08-12T07:59:27.680Z", "level": "INFO", "service": "worker", "logger": "flow.plots_and_reports", "msg": "    /app/data/model_evaluations/home/current_vs_recommended_win_rate.png", "container": "prefect-worker"}
{"ts": "2026-08-12T07:59:27.680Z", "level": "INFO", "service": "worker", "logger": "flow.plots_and_reports", "msg": "    /app/data/model_evaluations/home/bid_optimizer_test_rows.csv", "container": "prefect-worker"}
{"ts": "2026-08-12T07:59:27.778Z", "level": "INFO", "service": "worker", "logger": "botocore.credentials", "msg": "Found credentials in environment variables.", "container": "prefect-worker"}
{"ts": "2026-08-12T07:59:27.852Z", "level": "WARNING", "service": "worker", "logger": "flow.registry", "msg": "Could not initialise production model store; using local only.", "error": {"type": "ValueError", "msg": "Invalid endpoint: #http://minio:9000", "fingerprint": "d204ec673bbd", "stack": "Traceback (most recent call last):\n  File \"/app/src/smarthub/train_and_predict/registry.py\", line 48, in _production_store\n    _PRODUCTION_STORE = config.load_training_config().production_model_store()\n                        ^^^^^^^^^^^^^^^^^^^^^^^^^^^^^^^^^^^^^^^^^^^^^^^^^^^^^^\n  File \"/app/src/smarthub/train_and_predict/config.py\", line 106, in production_model_store\n    return model_storage.S3ModelStore(\n           ^^^^^^^^^^^^^^^^^^^^^^^^^^^\n  File \"/app/src/smarthub/train_and_predict/model_storage.py\", line 135, in __init__\n    self._client = boto3.client(\"s3\", endpoint_url=endpoint_url, region_name=region)\n                   ^^^^^^^^^^^^^^^^^^^^^^^^^^^^^^^^^^^^^^^^^^^^^^^^^^^^^^^^^^^^^^^^^\n  File \"/usr/local/lib/python3.12/site-packages/boto3/__init__.py\", line 93, in client\n    return _get_default_session().client(*args, **kwargs)\n           ^^^^^^^^^^^^^^^^^^^^^^^^^^^^^^^^^^^^^^^^^^^^^^\n  File \"/usr/local/lib/python3.12/site-packages/boto3/session.py\", line 337, in client\n    return self._session.create_client(\n           ^^^^^^^^^^^^^^^^^^^^^^^^^^^^\n  File \"/usr/local/lib/python3.12/site-packages/botocore/context.py\", line 123, in wrapper\n    return func(*args, **kwargs)\n           ^^^^^^^^^^^^^^^^^^^^^\n  File \"/usr/local/lib/python3.12/site-packages/botocore/session.py\", line 1031, in create_client\n    client = client_creator.create_client(\n             ^^^^^^^^^^^^^^^^^^^^^^^^^^^^^\n  File \"/usr/local/lib/python3.12/site-packages/botocore/client.py\", line 161, in create_client\n    client_args = self._get_client_args(\n                  ^^^^^^^^^^^^^^^^^^^^^^\n  File \"/usr/local/lib/python3.12/site-packages/botocore/client.py\", line 561, in _get_client_args\n    return args_creator.get_client_args(\n           ^^^^^^^^^^^^^^^^^^^^^^^^^^^^^\n  File \"/usr/local/lib/python3.12/site-packages/botocore/args.py\", line 163, in get_client_args\n    endpoint = endpoint_creator.create_endpoint(\n               ^^^^^^^^^^^^^^^^^^^^^^^^^^^^^^^^^\n  File \"/usr/local/lib/python3.12/site-packages/botocore/endpoint.py\", line 410, in create_endpoint\n    raise ValueError(f\"Invalid endpoint: {endpoint_url}\")\nValueError: Invalid endpoint: #http://minio:9000\n"}, "container": "prefect-worker"}
{"ts": "2026-08-12T07:59:28.166Z", "level": "INFO", "service": "worker", "logger": "flow.optimizer", "msg": "Optimizing bids for 14,144 rows in chunks of 500", "container": "prefect-worker"}
{"ts": "2026-08-12T07:59:35.133Z", "level": "INFO", "service": "worker", "logger": "flow.optimizer", "msg": "Optimized 5,000 / 14,144 rows", "container": "prefect-worker"}
{"ts": "2026-08-12T07:59:41.680Z", "level": "INFO", "service": "worker", "logger": "flow.optimizer", "msg": "Optimized 10,000 / 14,144 rows", "container": "prefect-worker"}
{"ts": "2026-08-12T07:59:47.089Z", "level": "INFO", "service": "worker", "logger": "flow.optimizer", "msg": "Optimized 14,144 / 14,144 rows", "container": "prefect-worker"}
{"ts": "2026-08-12T07:59:47.095Z", "level": "INFO", "service": "worker", "logger": "flow.train", "msg": "Currently-serving model (run_20260812T070727Z_e4f65e46) re-scored on this test set: log loss=0.4105, PR AUC=0.6521", "container": "prefect-worker"}
{"ts": "2026-08-12T07:59:47.096Z", "level": "INFO", "service": "worker", "logger": "flow.train", "msg": "Promotion Evaluation", "container": "prefect-worker"}
{"ts": "2026-08-12T07:59:47.096Z", "level": "INFO", "service": "worker", "logger": "flow.train", "msg": "  Mode                                  : automatic", "container": "prefect-worker"}
{"ts": "2026-08-12T07:59:47.096Z", "level": "INFO", "service": "worker", "logger": "flow.train", "msg": "  Policy recommendation                 : ELIGIBLE", "container": "prefect-worker"}
{"ts": "2026-08-12T07:59:47.096Z", "level": "INFO", "service": "worker", "logger": "flow.train", "msg": "  Reason                                : Challenger passed the absolute thresholds and satisfies the 95% relative profit requirement and the 5000.00 absolute profit-loss tolerance; recommended CM is 59.99%, and log-loss regression 0.0000 is within tolerance.", "container": "prefect-worker"}
{"ts": "2026-08-12T07:59:47.162Z", "level": "INFO", "service": "worker", "logger": "flow.training_artifacts", "msg": "Prepared Model Comparison Artifacts", "container": "prefect-worker"}
{"ts": "2026-08-12T07:59:47.163Z", "level": "INFO", "service": "worker", "logger": "flow.training_artifacts", "msg": "  Evaluation dataset                    : /tmp/smarthub_model_comparison_ukuas9d_/evaluation_dataset.parquet", "container": "prefect-worker"}
{"ts": "2026-08-12T07:59:47.163Z", "level": "INFO", "service": "worker", "logger": "flow.training_artifacts", "msg": "  Optimizer results                     : /tmp/smarthub_model_comparison_ukuas9d_/optimizer_results.parquet", "container": "prefect-worker"}
{"ts": "2026-08-12T07:59:47.163Z", "level": "INFO", "service": "worker", "logger": "flow.training_artifacts", "msg": "  Metadata                              : /tmp/smarthub_model_comparison_ukuas9d_/evaluation_metadata.json", "container": "prefect-worker"}
{"ts": "2026-08-12T07:59:47.163Z", "level": "INFO", "service": "worker", "logger": "flow.train", "msg": "Saved training run run_20260812T075947Z_015c8676 → /app/data/models/home/run_20260812T075947Z_015c8676.pkl", "container": "prefect-worker"}
{"ts": "2026-08-12T07:59:47.168Z", "level": "INFO", "service": "worker", "logger": "flow.train", "msg": "Automatically promoted home_v3 to currently-serving for 'home'.", "container": "prefect-worker"}
{"ts": "2026-08-12T07:59:48.734242153Z", "container": "prefect-worker", "msg": "2026/08/12 07:59:48 WARNING mlflow.sklearn: Saving scikit-learn models in the pickle or cloudpickle format requires exercising caution because these formats rely on Python's object serialization mechanism, which can execute arbitrary code during deserialization. The recommended safe alternative is the 'skops' format. For more information, see: https://scikit-learn.org/stable/model_persistence.html"}
{"ts": "2026-08-12T07:59:51.832635235Z", "container": "prefect-worker", "msg": "Registered model 'anton-win-probability-model' already exists. Creating a new version of this model..."}
{"ts": "2026-08-12T07:59:51.848987806Z", "container": "prefect-worker", "msg": "2026/08/12 07:59:51 WARNING mlflow.tracking._model_registry.fluent: Run with id b7a02ef371e24246ae1dbd01d4382c27 has no artifacts at artifact path 'model', registering model based on models:/m-640d77d7107e4ccba0ba6c55f90c0ff6 instead"}
{"ts": "2026-08-12T07:59:51.857946228Z", "container": "prefect-worker", "msg": "Created version '8' of model 'anton-win-probability-model'."}
{"ts": "2026-08-12T07:59:51.901Z", "level": "INFO", "service": "worker", "logger": "flow.train", "msg": "Logged run 'run_20260812T075947Z_015c8676' to MLflow experiment 'anton_win_probability_home'", "container": "prefect-worker"}
{"ts": "2026-08-12T07:59:51.901Z", "level": "INFO", "service": "worker", "logger": "flow.train", "msg": "Logged run to MLflow experiment 'anton_win_probability'", "container": "prefect-worker"}
{"ts": "2026-08-12T07:59:51.913Z", "level": "INFO", "service": "worker", "logger": "prefect.task_runs", "msg": "Finished in state Completed()", "task_run_id": "019ff4fb-65b3-75e3-a711-0e3b8a8128f1", "flow_run_id": "dc0d027b-520e-4382-bd8f-82d06dce532a", "task_run_name": "train-anton-model-5a6", "task_name": "train-anton-model", "flow_run_name": "chi298-mebsuta-d", "flow_name": "smarthub-train-model", "container": "prefect-worker"}
{"ts": "2026-08-12T07:59:51.919Z", "level": "INFO", "service": "worker", "logger": "prefect.flow_runs", "msg": "Trained home model home_v3: log loss=0.4105, rows=70719 -> /app/data/models/home/run_20260812T075947Z_015c8676.pkl (promoted=True)", "flow_run_name": "chi298-mebsuta-d", "flow_run_id": "dc0d027b-520e-4382-bd8f-82d06dce532a", "flow_name": "smarthub-train-model", "deployment_name": "train-model", "container": "prefect-worker"}
{"ts": "2026-08-12T07:59:51.938Z", "level": "INFO", "service": "worker", "logger": "httpx", "msg": "HTTP Request: POST http://prefect-server:4200/api/artifacts/ \"HTTP/1.1 201 Created\"", "container": "prefect-worker"}
{"ts": "2026-08-12T07:59:52.024Z", "level": "INFO", "service": "worker", "logger": "httpx", "msg": "HTTP Request: POST http://prefect-server:4200/api/flow_runs/dc0d027b-520e-4382-bd8f-82d06dce532a/set_state \"HTTP/1.1 201 Created\"", "container": "prefect-worker"}
{"ts": "2026-08-12T07:59:52.496Z", "level": "INFO", "service": "worker", "logger": "prefect.flow_runs", "msg": "Finished in state Completed()", "flow_run_name": "chi298-mebsuta-d", "flow_run_id": "dc0d027b-520e-4382-bd8f-82d06dce532a", "flow_name": "smarthub-train-model", "deployment_name": "train-model", "container": "prefect-worker"}
{"ts": "2026-08-12T07:59:52.500Z", "level": "INFO", "service": "worker", "logger": "httpx", "msg": "HTTP Request: GET http://prefect-server:4200/api/csrf-token?client=9016decd-ce5c-413a-868a-f4b18d63e892 \"HTTP/1.1 422 Unprocessable Entity\"", "container": "prefect-worker"}
{"ts": "2026-08-12T07:59:52.507Z", "level": "INFO", "service": "worker", "logger": "httpx", "msg": "HTTP Request: POST http://prefect-server:4200/api/logs/ \"HTTP/1.1 201 Created\"", "container": "prefect-worker"}
{"ts": "2026-08-12T07:59:53.644276612Z", "container": "prefect-worker", "msg": "07:59:53.643 | INFO    | prefect.flow_runs.runner - Process for flow run 'chi298-mebsuta-d' exited cleanly."}
{"ts": "2026-08-12T07:59:53.821278882Z", "container": "prefect-worker", "msg": "07:59:53.820 | INFO    | prefect.flow_runs.worker - Worker 'ProcessWorker 2d568e81-dd04-4b90-aeae-632355284de1' submitting flow run '019ff4f7-3248-7d3f-9622-2d8dd7cd575c'"}
{"ts": "2026-08-12T07:59:53.954335830Z", "container": "prefect-worker", "msg": "07:59:53.953 | INFO    | prefect.flow_runs.runner - Starting flow run process..."}
{"ts": "2026-08-12T07:59:53.977760328Z", "container": "prefect-worker", "msg": "07:59:53.977 | INFO    | prefect.flow_runs.worker - Flow run 'colorful-jackalope' submitted to infrastructure"}
{"ts": "2026-08-12T07:59:55.162098651Z", "container": "prefect-worker", "msg": "07:59:55.156 | INFO    | Flow run 'colorful-jackalope' - Running 1 deployment pull step(s)"}
{"ts": "2026-08-12T07:59:55.182171923Z", "container": "prefect-worker", "msg": "07:59:55.181 | INFO    | Flow run 'colorful-jackalope' - Executing deployment step: set_working_directory"}
{"ts": "2026-08-12T07:59:55.193687815Z", "container": "prefect-worker", "msg": "07:59:55.193 | INFO    | Flow run 'colorful-jackalope' - Deployment step 'set_working_directory' completed successfully"}
{"ts": "2026-08-12T07:59:55.207161453Z", "container": "prefect-worker", "msg": "07:59:55.206 | INFO    | Flow run 'colorful-jackalope' - All deployment steps completed successfully"}
{"ts": "2026-08-12T07:59:55.643Z", "level": "INFO", "service": "worker", "logger": "httpx", "msg": "HTTP Request: GET http://prefect-server:4200/api/admin/version \"HTTP/1.1 200 OK\"", "container": "prefect-worker"}
{"ts": "2026-08-12T07:59:55.647Z", "level": "INFO", "service": "worker", "logger": "httpx", "msg": "HTTP Request: GET http://prefect-server:4200/api/csrf-token?client=2ad5bad5-b7cc-403c-b4a4-abe310217f4f \"HTTP/1.1 422 Unprocessable Entity\"", "container": "prefect-worker"}
{"ts": "2026-08-12T07:59:55.651Z", "level": "INFO", "service": "worker", "logger": "httpx", "msg": "HTTP Request: PATCH http://prefect-server:4200/api/flow_runs/019ff4f7-3248-7d3f-9622-2d8dd7cd575c \"HTTP/1.1 204 No Content\"", "container": "prefect-worker"}
{"ts": "2026-08-12T07:59:55.670Z", "level": "INFO", "service": "worker", "logger": "httpx", "msg": "HTTP Request: GET http://prefect-server:4200/api/flow_runs/019ff4f7-3248-7d3f-9622-2d8dd7cd575c \"HTTP/1.1 200 OK\"", "container": "prefect-worker"}
{"ts": "2026-08-12T07:59:55.682Z", "level": "INFO", "service": "worker", "logger": "httpx", "msg": "HTTP Request: POST http://prefect-server:4200/api/flow_runs/019ff4f7-3248-7d3f-9622-2d8dd7cd575c/set_state \"HTTP/1.1 200 OK\"", "container": "prefect-worker"}
{"ts": "2026-08-12T07:59:57.168Z", "level": "INFO", "service": "worker", "logger": "httpx", "msg": "HTTP Request: GET http://prefect-server:4200/api/csrf-token?client=03869aeb-fad4-4c43-a252-9679f0fcefef \"HTTP/1.1 422 Unprocessable Entity\"", "container": "prefect-worker"}
{"ts": "2026-08-12T07:59:57.174Z", "level": "INFO", "service": "worker", "logger": "httpx", "msg": "HTTP Request: POST http://prefect-server:4200/api/logs/ \"HTTP/1.1 201 Created\"", "container": "prefect-worker"}
{"ts": "2026-08-12T07:59:59.696Z", "level": "INFO", "service": "worker", "logger": "httpx", "msg": "HTTP Request: POST http://prefect-server:4200/api/flow_runs/019ff4f7-3248-7d3f-9622-2d8dd7cd575c/set_state \"HTTP/1.1 201 Created\"", "container": "prefect-worker"}
{"ts": "2026-08-12T07:59:59.702Z", "level": "INFO", "service": "worker", "logger": "httpx", "msg": "HTTP Request: GET http://prefect-server:4200/api/flow_runs/019ff4f7-3248-7d3f-9622-2d8dd7cd575c \"HTTP/1.1 200 OK\"", "container": "prefect-worker"}
{"ts": "2026-08-12T07:59:59.706Z", "level": "INFO", "service": "worker", "logger": "httpx", "msg": "HTTP Request: GET http://prefect-server:4200/api/admin/storage \"HTTP/1.1 200 OK\"", "container": "prefect-worker"}
{"ts": "2026-08-12T07:59:59.709Z", "level": "INFO", "service": "worker", "logger": "httpx", "msg": "HTTP Request: GET http://prefect-server:4200/api/admin/storage \"HTTP/1.1 200 OK\"", "container": "prefect-worker"}
{"ts": "2026-08-12T07:59:59.710Z", "level": "INFO", "service": "worker", "logger": "prefect.flow_runs", "msg": "Beginning flow run 'colorful-jackalope' for flow 'smarthub-data-pull'", "flow_run_name": "colorful-jackalope", "flow_run_id": "019ff4f7-3248-7d3f-9622-2d8dd7cd575c", "flow_name": "smarthub-data-pull", "deployment_name": "data-pull", "container": "prefect-worker"}
{"ts": "2026-08-12T07:59:59.710Z", "level": "INFO", "service": "worker", "logger": "prefect.flow_runs", "msg": "View at http://prefect-server:4200/runs/flow-run/019ff4f7-3248-7d3f-9622-2d8dd7cd575c", "flow_run_name": "colorful-jackalope", "flow_run_id": "019ff4f7-3248-7d3f-9622-2d8dd7cd575c", "flow_name": "smarthub-data-pull", "deployment_name": "data-pull", "send_to_api": false, "container": "prefect-worker"}
{"ts": "2026-08-12T07:59:59.751Z", "level": "INFO", "service": "worker", "logger": "httpx", "msg": "HTTP Request: GET http://prefect-server:4200/api/flows/c49e248a-be9d-43b9-ad26-cff3b7117b11 \"HTTP/1.1 200 OK\"", "container": "prefect-worker"}
{"ts": "2026-08-12T07:59:59.752Z", "level": "INFO", "service": "worker", "logger": "httpx", "msg": "HTTP Request: GET http://prefect-server:4200/api/work_queues/32c7c4c1-2900-49ee-9a5d-6d3163577ef9 \"HTTP/1.1 200 OK\"", "container": "prefect-worker"}
{"ts": "2026-08-12T07:59:59.754Z", "level": "INFO", "service": "worker", "logger": "httpx", "msg": "HTTP Request: GET http://prefect-server:4200/api/deployments/15dcce44-4b5f-4048-b854-eeba60c3b514 \"HTTP/1.1 200 OK\"", "container": "prefect-worker"}
{"ts": "2026-08-12T07:59:59.755Z", "level": "INFO", "service": "worker", "logger": "httpx", "msg": "HTTP Request: GET http://prefect-server:4200/api/variables/name/smarthub_last_pull_timestamp_auto \"HTTP/1.1 200 OK\"", "container": "prefect-worker"}
{"ts": "2026-08-12T07:59:59.756Z", "level": "INFO", "service": "worker", "logger": "httpx", "msg": "HTTP Request: GET http://prefect-server:4200/api/work_pools/smarthub-pool \"HTTP/1.1 200 OK\"", "container": "prefect-worker"}
{"ts": "2026-08-12T07:59:59.758Z", "level": "INFO", "service": "worker", "logger": "prefect.task_runs", "msg": "Finished in state Completed()", "task_run_id": "019ff4fc-3ef2-7f79-95b5-e3404090bac5", "flow_run_id": "019ff4f7-3248-7d3f-9622-2d8dd7cd575c", "task_run_name": "resolve_window-7fc", "task_name": "resolve_window", "flow_run_name": "colorful-jackalope", "flow_name": "smarthub-data-pull", "container": "prefect-worker"}
{"ts": "2026-08-12T07:59:59.758Z", "level": "INFO", "service": "worker", "logger": "prefect.flow_runs", "msg": "[auto] pulling window 2026-08-12 02:59:49 -> 2026-08-12 07:59:59", "flow_run_name": "colorful-jackalope", "flow_run_id": "019ff4f7-3248-7d3f-9622-2d8dd7cd575c", "flow_name": "smarthub-data-pull", "deployment_name": "data-pull", "container": "prefect-worker"}
{"ts": "2026-08-12T07:59:59.762Z", "level": "INFO", "service": "worker", "logger": "httpx", "msg": "HTTP Request: GET http://prefect-server:4200/api/variables/name/smarthub_last_pull_timestamp_auto \"HTTP/1.1 200 OK\"", "container": "prefect-worker"}
{"ts": "2026-08-12T07:59:59.766Z", "level": "INFO", "service": "worker", "logger": "smarthub.data_pull.pull", "msg": "SSH_TUNNEL=false -- connecting directly to Redshift smart-hub.c9m7m7mw0tl8.us-east-1.redshift.amazonaws.com:5439", "container": "prefect-worker"}
{"ts": "2026-08-12T07:59:59.960Z", "level": "INFO", "service": "worker", "logger": "alembic.runtime.plugins", "msg": "setup plugin alembic.autogenerate.schemas", "container": "prefect-worker"}
{"ts": "2026-08-12T07:59:59.961Z", "level": "INFO", "service": "worker", "logger": "alembic.runtime.plugins", "msg": "setup plugin alembic.autogenerate.tables", "container": "prefect-worker"}
{"ts": "2026-08-12T07:59:59.961Z", "level": "INFO", "service": "worker", "logger": "alembic.runtime.plugins", "msg": "setup plugin alembic.autogenerate.types", "container": "prefect-worker"}
{"ts": "2026-08-12T07:59:59.961Z", "level": "INFO", "service": "worker", "logger": "alembic.runtime.plugins", "msg": "setup plugin alembic.autogenerate.constraints", "container": "prefect-worker"}
{"ts": "2026-08-12T07:59:59.961Z", "level": "INFO", "service": "worker", "logger": "alembic.runtime.plugins", "msg": "setup plugin alembic.autogenerate.defaults", "container": "prefect-worker"}
{"ts": "2026-08-12T07:59:59.961Z", "level": "INFO", "service": "worker", "logger": "alembic.runtime.plugins", "msg": "setup plugin alembic.autogenerate.comments", "container": "prefect-worker"}
{"ts": "2026-08-12T08:00:00.502Z", "level": "INFO", "service": "worker", "logger": "smarthub.data_pull.pull", "msg": "Fetched leads frame with shape (5122, 57)", "container": "prefect-worker"}
{"ts": "2026-08-12T08:00:00.503Z", "level": "INFO", "service": "worker", "logger": "prefect.task_runs", "msg": "Finished in state Completed()", "task_run_id": "019ff4fc-3f12-71ec-acf5-fc7b6d9a2b47", "flow_run_id": "019ff4f7-3248-7d3f-9622-2d8dd7cd575c", "task_run_name": "fetch-426", "task_name": "fetch", "flow_run_name": "colorful-jackalope", "flow_name": "smarthub-data-pull", "container": "prefect-worker"}
{"ts": "2026-08-12T08:00:00.720Z", "level": "INFO", "service": "worker", "logger": "prefect.task_runs", "msg": "data-quality: rows=5,122, status=issues flagged, rule_violation_rows=10,245, cross_field={'current_carrier_when_not_insured': 4226}, high_missing=['accepted', 'accepted_listings', 'annual_revenue', 'erred', 'error_reason_id', 'expected_revenue', 'health_conditions', 'household_income', 'lead_created_at', 'life_coverage_amount', 'life_coverage_type', 'naics_code', 'num_dependents', 'num_employees', 'num_selected_listings', 'pnc_bundle', 'realized_payout', 'rev', 'sic_code', 'won']", "task_run_id": "019ff4fc-41f8-78fd-9ea7-d163f2c42155", "flow_run_id": "019ff4f7-3248-7d3f-9622-2d8dd7cd575c", "task_run_name": "validate-leads-d35", "task_name": "validate-leads", "flow_run_name": "colorful-jackalope", "flow_name": "smarthub-data-pull", "container": "prefect-worker"}
{"ts": "2026-08-12T08:00:00.738Z", "level": "INFO", "service": "worker", "logger": "httpx", "msg": "HTTP Request: POST http://prefect-server:4200/api/artifacts/ \"HTTP/1.1 201 Created\"", "container": "prefect-worker"}
{"ts": "2026-08-12T08:00:00.741Z", "level": "INFO", "service": "worker", "logger": "prefect.task_runs", "msg": "Finished in state Completed()", "task_run_id": "019ff4fc-41f8-78fd-9ea7-d163f2c42155", "flow_run_id": "019ff4f7-3248-7d3f-9622-2d8dd7cd575c", "task_run_name": "validate-leads-d35", "task_name": "validate-leads", "flow_run_name": "colorful-jackalope", "flow_name": "smarthub-data-pull", "container": "prefect-worker"}
{"ts": "2026-08-12T08:00:00.859Z", "level": "INFO", "service": "worker", "logger": "smarthub.core.storage", "msg": "Parquet partition 12-08-2026.parquet: +5122 rows", "container": "prefect-worker"}
{"ts": "2026-08-12T08:00:00.872Z", "level": "INFO", "service": "worker", "logger": "prefect.task_runs", "msg": "Finished in state Completed()", "task_run_id": "019ff4fc-42e6-781a-9048-623af0c00712", "flow_run_id": "019ff4f7-3248-7d3f-9622-2d8dd7cd575c", "task_run_name": "persist-9ee", "task_name": "persist", "flow_run_name": "colorful-jackalope", "flow_name": "smarthub-data-pull", "container": "prefect-worker"}
{"ts": "2026-08-12T08:00:00.902Z", "level": "INFO", "service": "worker", "logger": "httpx", "msg": "HTTP Request: GET http://prefect-server:4200/api/variables/name/smarthub_last_pull_timestamp_auto \"HTTP/1.1 200 OK\"", "container": "prefect-worker"}
{"ts": "2026-08-12T08:00:00.912Z", "level": "INFO", "service": "worker", "logger": "httpx", "msg": "HTTP Request: PATCH http://prefect-server:4200/api/variables/name/smarthub_last_pull_timestamp_auto \"HTTP/1.1 204 No Content\"", "container": "prefect-worker"}
{"ts": "2026-08-12T08:00:00.915Z", "level": "INFO", "service": "worker", "logger": "httpx", "msg": "HTTP Request: GET http://prefect-server:4200/api/variables/name/smarthub_last_pull_timestamp_auto \"HTTP/1.1 200 OK\"", "container": "prefect-worker"}
{"ts": "2026-08-12T08:00:00.916Z", "level": "INFO", "service": "worker", "logger": "prefect.task_runs", "msg": "Finished in state Completed()", "task_run_id": "019ff4fc-4369-7613-9d7a-5674fefeaf7f", "flow_run_id": "019ff4f7-3248-7d3f-9622-2d8dd7cd575c", "task_run_name": "update_watermark-4b0", "task_name": "update_watermark", "flow_run_name": "colorful-jackalope", "flow_name": "smarthub-data-pull", "container": "prefect-worker"}
{"ts": "2026-08-12T08:00:00.917Z", "level": "INFO", "service": "worker", "logger": "prefect.flow_runs", "msg": "[auto] persisted {'parquet_rows': 5122, 'parquet_paths': ['/app/data/raw_datasets/leads/2026/08/12-08-2026.parquet']}; watermark now 2026-08-12 07:59:53", "flow_run_name": "colorful-jackalope", "flow_run_id": "019ff4f7-3248-7d3f-9622-2d8dd7cd575c", "flow_name": "smarthub-data-pull", "deployment_name": "data-pull", "container": "prefect-worker"}
{"ts": "2026-08-12T08:00:00.988Z", "level": "INFO", "service": "worker", "logger": "httpx", "msg": "HTTP Request: POST http://prefect-server:4200/api/artifacts/ \"HTTP/1.1 201 Created\"", "container": "prefect-worker"}
{"ts": "2026-08-12T08:00:01.075Z", "level": "INFO", "service": "worker", "logger": "httpx", "msg": "HTTP Request: POST http://prefect-server:4200/api/flow_runs/019ff4f7-3248-7d3f-9622-2d8dd7cd575c/set_state \"HTTP/1.1 201 Created\"", "container": "prefect-worker"}
{"ts": "2026-08-12T08:00:01.185Z", "level": "INFO", "service": "worker", "logger": "httpx", "msg": "HTTP Request: POST http://prefect-server:4200/api/logs/ \"HTTP/1.1 201 Created\"", "container": "prefect-worker"}
{"ts": "2026-08-12T08:00:01.896Z", "level": "INFO", "service": "worker", "logger": "prefect.flow_runs", "msg": "Finished in state Completed()", "flow_run_name": "colorful-jackalope", "flow_run_id": "019ff4f7-3248-7d3f-9622-2d8dd7cd575c", "flow_name": "smarthub-data-pull", "deployment_name": "data-pull", "container": "prefect-worker"}
{"ts": "2026-08-12T08:00:01.904Z", "level": "INFO", "service": "worker", "logger": "httpx", "msg": "HTTP Request: POST http://prefect-server:4200/api/logs/ \"HTTP/1.1 201 Created\"", "container": "prefect-worker"}
{"ts": "2026-08-12T08:00:02.341877794Z", "container": "prefect-worker", "msg": "08:00:02.341 | INFO    | prefect.flow_runs.runner - Process for flow run 'colorful-jackalope' exited cleanly."}
{"ts": "2026-08-12T08:02:57.898913753Z", "container": "prefect-worker", "msg": "Received SIGTERM. Sending SIGINT to the process worker (PID 7)..."}
{"ts": "2026-08-12T08:02:57.898933423Z", "container": "prefect-worker", "msg": "Received SIGINT. Sending SIGINT to the process worker (PID 7)..."}
{"ts": "2026-08-12T08:02:57.898945593Z", "container": "prefect-worker", "msg": "Worker 'ProcessWorker 2d568e81-dd04-4b90-aeae-632355284de1' stopped!"}
{"ts": "2026-08-12T08:03:29.741899186Z", "container": "prefect-worker", "msg": "Prefect API is up."}
{"ts": "2026-08-12T08:03:31.199198952Z", "container": "prefect-worker", "msg": "Work pool named 'smarthub-pool' already exists. Use --overwrite to update it."}
{"ts": "2026-08-12T08:03:32.403804519Z", "container": "prefect-worker", "msg": "Work queue with name: 'default' already exists."}
{"ts": "2026-08-12T08:03:33.446579846Z", "container": "prefect-worker", "msg": "Work queue with name: 'features' already exists."}
{"ts": "2026-08-12T08:03:34.479790286Z", "container": "prefect-worker", "msg": "Work queue with name: 'training' already exists."}
{"ts": "2026-08-12T08:03:34.632219890Z", "container": "prefect-worker", "msg": "Registering deployments from prefect.yaml ..."}
{"ts": "2026-08-12T08:03:36.052735431Z", "container": "prefect-worker", "msg": "Deploying all flows with an existing deployment configuration..."}
{"ts": "2026-08-12T08:03:36.052982003Z", "container": "prefect-worker", "msg": "╭──────────────────────────────────────────────────────────────────────────────╮"}
{"ts": "2026-08-12T08:03:36.052996643Z", "container": "prefect-worker", "msg": "│ Deploying data-pull                                                          │"}
{"ts": "2026-08-12T08:03:36.053000643Z", "container": "prefect-worker", "msg": "╰──────────────────────────────────────────────────────────────────────────────╯"}
{"ts": "2026-08-12T08:03:36.585Z", "level": "INFO", "service": "worker", "logger": "httpx", "msg": "HTTP Request: GET http://prefect-server:4200/api/work_pools/smarthub-pool \"HTTP/1.1 200 OK\"", "container": "prefect-worker"}
{"ts": "2026-08-12T08:03:36.591Z", "level": "INFO", "service": "worker", "logger": "httpx", "msg": "HTTP Request: GET http://prefect-server:4200/api/work_pools/smarthub-pool \"HTTP/1.1 200 OK\"", "container": "prefect-worker"}
{"ts": "2026-08-12T08:03:36.648Z", "level": "INFO", "service": "worker", "logger": "httpx", "msg": "HTTP Request: GET http://prefect-server:4200/api/deployments/name/smarthub-data-pull/data-pull \"HTTP/1.1 200 OK\"", "container": "prefect-worker"}
{"ts": "2026-08-12T08:03:36.670Z", "level": "INFO", "service": "worker", "logger": "httpx", "msg": "HTTP Request: GET http://prefect-server:4200/api/csrf-token?client=dd3c86d4-bb1c-43e5-b0cf-496d271d83a1 \"HTTP/1.1 422 Unprocessable Entity\"", "container": "prefect-worker"}
{"ts": "2026-08-12T08:03:36.746Z", "level": "INFO", "service": "worker", "logger": "httpx", "msg": "HTTP Request: PATCH http://prefect-server:4200/api/deployments/15dcce44-4b5f-4048-b854-eeba60c3b514 \"HTTP/1.1 204 No Content\"", "container": "prefect-worker"}
{"ts": "2026-08-12T08:03:36.770Z", "level": "INFO", "service": "worker", "logger": "httpx", "msg": "HTTP Request: DELETE http://prefect-server:4200/api/automations/owned-by/prefect.deployment.15dcce44-4b5f-4048-b854-eeba60c3b514 \"HTTP/1.1 202 Accepted\"", "container": "prefect-worker"}
{"ts": "2026-08-12T08:03:36.773Z", "level": "INFO", "service": "worker", "logger": "httpx", "msg": "HTTP Request: GET http://prefect-server:4200/api/csrf-token?client=15baad26-ba87-4eb7-bdb6-93c3881b92d1 \"HTTP/1.1 422 Unprocessable Entity\"", "container": "prefect-worker"}
{"ts": "2026-08-12T08:03:36.776Z", "level": "INFO", "service": "worker", "logger": "httpx", "msg": "HTTP Request: DELETE http://prefect-server:4200/api/automations/owned-by/prefect.deployment.15dcce44-4b5f-4048-b854-eeba60c3b514 \"HTTP/1.1 202 Accepted\"", "container": "prefect-worker"}
{"ts": "2026-08-12T08:03:36.777639714Z", "container": "prefect-worker", "msg": "╭──────────────────────────────────────────────────────────────────────────────╮"}
{"ts": "2026-08-12T08:03:36.777654654Z", "container": "prefect-worker", "msg": "│ Deployment 'smarthub-data-pull/data-pull' successfully created with id       │"}
{"ts": "2026-08-12T08:03:36.777658554Z", "container": "prefect-worker", "msg": "│ '15dcce44-4b5f-4048-b854-eeba60c3b514'.                                      │"}
{"ts": "2026-08-12T08:03:36.777661824Z", "container": "prefect-worker", "msg": "╰──────────────────────────────────────────────────────────────────────────────╯"}
{"ts": "2026-08-12T08:03:36.777828565Z", "container": "prefect-worker", "msg": ""}
{"ts": "2026-08-12T08:03:36.777837545Z", "container": "prefect-worker", "msg": "View Deployment in UI: http://prefect-server:4200/deployments/deployment/15dcce44-4b5f-4048-b854-eeba60c3b514"}
{"ts": "2026-08-12T08:03:36.777841126Z", "container": "prefect-worker", "msg": ""}
{"ts": "2026-08-12T08:03:36.784Z", "level": "INFO", "service": "worker", "logger": "httpx", "msg": "HTTP Request: POST http://prefect-server:4200/api/work_pools/smarthub-pool/workers/filter \"HTTP/1.1 200 OK\"", "container": "prefect-worker"}
{"ts": "2026-08-12T08:03:36.785399577Z", "container": "prefect-worker", "msg": ""}
{"ts": "2026-08-12T08:03:36.785407997Z", "container": "prefect-worker", "msg": "To schedule a run for this deployment, use the following command:"}
{"ts": "2026-08-12T08:03:36.785630338Z", "container": "prefect-worker", "msg": ""}
{"ts": "2026-08-12T08:03:36.785638609Z", "container": "prefect-worker", "msg": "        $ prefect deployment run 'smarthub-data-pull/data-pull'"}
{"ts": "2026-08-12T08:03:36.785642379Z", "container": "prefect-worker", "msg": ""}
{"ts": "2026-08-12T08:03:36.785800080Z", "container": "prefect-worker", "msg": "╭──────────────────────────────────────────────────────────────────────────────╮"}
{"ts": "2026-08-12T08:03:36.785806750Z", "container": "prefect-worker", "msg": "│ Deploying build-features                                                     │"}
{"ts": "2026-08-12T08:03:36.785810270Z", "container": "prefect-worker", "msg": "╰──────────────────────────────────────────────────────────────────────────────╯"}
{"ts": "2026-08-12T08:03:36.825Z", "level": "INFO", "service": "worker", "logger": "httpx", "msg": "HTTP Request: GET http://prefect-server:4200/api/work_pools/smarthub-pool \"HTTP/1.1 200 OK\"", "container": "prefect-worker"}
{"ts": "2026-08-12T08:03:36.829Z", "level": "INFO", "service": "worker", "logger": "httpx", "msg": "HTTP Request: GET http://prefect-server:4200/api/work_pools/smarthub-pool \"HTTP/1.1 200 OK\"", "container": "prefect-worker"}
{"ts": "2026-08-12T08:03:36.871Z", "level": "INFO", "service": "worker", "logger": "httpx", "msg": "HTTP Request: GET http://prefect-server:4200/api/deployments/name/smarthub-build-features/build-features \"HTTP/1.1 200 OK\"", "container": "prefect-worker"}
{"ts": "2026-08-12T08:03:36.888Z", "level": "INFO", "service": "worker", "logger": "httpx", "msg": "HTTP Request: GET http://prefect-server:4200/api/csrf-token?client=eb2f7850-e2f9-439d-80f4-762efd85df4f \"HTTP/1.1 422 Unprocessable Entity\"", "container": "prefect-worker"}
{"ts": "2026-08-12T08:03:36.948Z", "level": "INFO", "service": "worker", "logger": "httpx", "msg": "HTTP Request: PATCH http://prefect-server:4200/api/deployments/8d536def-a82a-4c94-941b-14c2c0468511 \"HTTP/1.1 204 No Content\"", "container": "prefect-worker"}
{"ts": "2026-08-12T08:03:36.952Z", "level": "INFO", "service": "worker", "logger": "httpx", "msg": "HTTP Request: DELETE http://prefect-server:4200/api/automations/owned-by/prefect.deployment.8d536def-a82a-4c94-941b-14c2c0468511 \"HTTP/1.1 202 Accepted\"", "container": "prefect-worker"}
{"ts": "2026-08-12T08:03:36.955Z", "level": "INFO", "service": "worker", "logger": "httpx", "msg": "HTTP Request: GET http://prefect-server:4200/api/csrf-token?client=63d5d270-46fc-440a-b038-0bfc47e0a385 \"HTTP/1.1 422 Unprocessable Entity\"", "container": "prefect-worker"}
{"ts": "2026-08-12T08:03:36.958Z", "level": "INFO", "service": "worker", "logger": "httpx", "msg": "HTTP Request: DELETE http://prefect-server:4200/api/automations/owned-by/prefect.deployment.8d536def-a82a-4c94-941b-14c2c0468511 \"HTTP/1.1 202 Accepted\"", "container": "prefect-worker"}
{"ts": "2026-08-12T08:03:36.959563625Z", "container": "prefect-worker", "msg": "╭──────────────────────────────────────────────────────────────────────────────╮"}
{"ts": "2026-08-12T08:03:36.959578005Z", "container": "prefect-worker", "msg": "│ Deployment 'smarthub-build-features/build-features' successfully created     │"}
{"ts": "2026-08-12T08:03:36.959581845Z", "container": "prefect-worker", "msg": "│ with id '8d536def-a82a-4c94-941b-14c2c0468511'.                              │"}
{"ts": "2026-08-12T08:03:36.959585266Z", "container": "prefect-worker", "msg": "╰──────────────────────────────────────────────────────────────────────────────╯"}
{"ts": "2026-08-12T08:03:36.959684506Z", "container": "prefect-worker", "msg": ""}
{"ts": "2026-08-12T08:03:36.959690926Z", "container": "prefect-worker", "msg": "View Deployment in UI: http://prefect-server:4200/deployments/deployment/8d536def-a82a-4c94-941b-14c2c0468511"}
{"ts": "2026-08-12T08:03:36.959694406Z", "container": "prefect-worker", "msg": ""}
{"ts": "2026-08-12T08:03:36.963Z", "level": "INFO", "service": "worker", "logger": "httpx", "msg": "HTTP Request: POST http://prefect-server:4200/api/work_pools/smarthub-pool/workers/filter \"HTTP/1.1 200 OK\"", "container": "prefect-worker"}
{"ts": "2026-08-12T08:03:36.964588216Z", "container": "prefect-worker", "msg": ""}
{"ts": "2026-08-12T08:03:36.964598596Z", "container": "prefect-worker", "msg": "To schedule a run for this deployment, use the following command:"}
{"ts": "2026-08-12T08:03:36.964779608Z", "container": "prefect-worker", "msg": ""}
{"ts": "2026-08-12T08:03:36.964789428Z", "container": "prefect-worker", "msg": "        $ prefect deployment run 'smarthub-build-features/build-features'"}
{"ts": "2026-08-12T08:03:36.964793268Z", "container": "prefect-worker", "msg": ""}
{"ts": "2026-08-12T08:03:36.965000659Z", "container": "prefect-worker", "msg": "╭──────────────────────────────────────────────────────────────────────────────╮"}
{"ts": "2026-08-12T08:03:36.965007539Z", "container": "prefect-worker", "msg": "│ Deploying train-model                                                        │"}
{"ts": "2026-08-12T08:03:36.965011109Z", "container": "prefect-worker", "msg": "╰──────────────────────────────────────────────────────────────────────────────╯"}
{"ts": "2026-08-12T08:03:37.963Z", "level": "INFO", "service": "worker", "logger": "matplotlib.font_manager", "msg": "generated new fontManager", "container": "prefect-worker"}
{"ts": "2026-08-12T08:03:38.151Z", "level": "INFO", "service": "worker", "logger": "httpx", "msg": "HTTP Request: GET http://prefect-server:4200/api/work_pools/smarthub-pool \"HTTP/1.1 200 OK\"", "container": "prefect-worker"}
{"ts": "2026-08-12T08:03:38.155Z", "level": "INFO", "service": "worker", "logger": "httpx", "msg": "HTTP Request: GET http://prefect-server:4200/api/work_pools/smarthub-pool \"HTTP/1.1 200 OK\"", "container": "prefect-worker"}
{"ts": "2026-08-12T08:03:38.199Z", "level": "INFO", "service": "worker", "logger": "httpx", "msg": "HTTP Request: GET http://prefect-server:4200/api/deployments/name/smarthub-train-model/train-model \"HTTP/1.1 200 OK\"", "container": "prefect-worker"}
{"ts": "2026-08-12T08:03:38.216Z", "level": "INFO", "service": "worker", "logger": "httpx", "msg": "HTTP Request: GET http://prefect-server:4200/api/csrf-token?client=c70a8948-3e6d-4197-a475-e6702649681b \"HTTP/1.1 422 Unprocessable Entity\"", "container": "prefect-worker"}
{"ts": "2026-08-12T08:03:38.280Z", "level": "INFO", "service": "worker", "logger": "httpx", "msg": "HTTP Request: PATCH http://prefect-server:4200/api/deployments/f2af7572-283e-43ab-bfa3-0ad7cee08503 \"HTTP/1.1 204 No Content\"", "container": "prefect-worker"}
{"ts": "2026-08-12T08:03:38.286Z", "level": "INFO", "service": "worker", "logger": "httpx", "msg": "HTTP Request: DELETE http://prefect-server:4200/api/automations/owned-by/prefect.deployment.f2af7572-283e-43ab-bfa3-0ad7cee08503 \"HTTP/1.1 202 Accepted\"", "container": "prefect-worker"}
{"ts": "2026-08-12T08:03:38.289Z", "level": "INFO", "service": "worker", "logger": "httpx", "msg": "HTTP Request: GET http://prefect-server:4200/api/csrf-token?client=36ecfbf9-c94e-4de8-8298-ce0283fe7220 \"HTTP/1.1 422 Unprocessable Entity\"", "container": "prefect-worker"}
{"ts": "2026-08-12T08:03:38.292Z", "level": "INFO", "service": "worker", "logger": "httpx", "msg": "HTTP Request: DELETE http://prefect-server:4200/api/automations/owned-by/prefect.deployment.f2af7572-283e-43ab-bfa3-0ad7cee08503 \"HTTP/1.1 202 Accepted\"", "container": "prefect-worker"}
{"ts": "2026-08-12T08:03:38.293579132Z", "container": "prefect-worker", "msg": "╭──────────────────────────────────────────────────────────────────────────────╮"}
{"ts": "2026-08-12T08:03:38.293589092Z", "container": "prefect-worker", "msg": "│ Deployment 'smarthub-train-model/train-model' successfully created with id   │"}
{"ts": "2026-08-12T08:03:38.293592652Z", "container": "prefect-worker", "msg": "│ 'f2af7572-283e-43ab-bfa3-0ad7cee08503'.                                      │"}
{"ts": "2026-08-12T08:03:38.293595752Z", "container": "prefect-worker", "msg": "╰──────────────────────────────────────────────────────────────────────────────╯"}
{"ts": "2026-08-12T08:03:38.293707333Z", "container": "prefect-worker", "msg": ""}
{"ts": "2026-08-12T08:03:38.293720503Z", "container": "prefect-worker", "msg": "View Deployment in UI: http://prefect-server:4200/deployments/deployment/f2af7572-283e-43ab-bfa3-0ad7cee08503"}
{"ts": "2026-08-12T08:03:38.293723893Z", "container": "prefect-worker", "msg": ""}
{"ts": "2026-08-12T08:03:38.304Z", "level": "INFO", "service": "worker", "logger": "httpx", "msg": "HTTP Request: POST http://prefect-server:4200/api/work_pools/smarthub-pool/workers/filter \"HTTP/1.1 200 OK\"", "container": "prefect-worker"}
{"ts": "2026-08-12T08:03:38.304871372Z", "container": "prefect-worker", "msg": ""}
{"ts": "2026-08-12T08:03:38.304879942Z", "container": "prefect-worker", "msg": "To schedule a run for this deployment, use the following command:"}
{"ts": "2026-08-12T08:03:38.305077914Z", "container": "prefect-worker", "msg": ""}
{"ts": "2026-08-12T08:03:38.305088474Z", "container": "prefect-worker", "msg": "        $ prefect deployment run 'smarthub-train-model/train-model'"}
{"ts": "2026-08-12T08:03:38.305092424Z", "container": "prefect-worker", "msg": ""}
{"ts": "2026-08-12T08:03:38.913684303Z", "container": "prefect-worker", "msg": "Starting worker on pool='smarthub-pool' queues='default features training' ..."}
{"ts": "2026-08-12T08:03:40.250270300Z", "container": "prefect-worker", "msg": "Discovered type 'process' for work pool 'smarthub-pool'."}
{"ts": "2026-08-12T08:03:40.584884788Z", "container": "prefect-worker", "msg": "Worker 'ProcessWorker f327d0f1-955a-439b-a07d-6610c551accf' started!"}
{"ts": "2026-08-12T08:10:29.096093211Z", "container": "prefect-worker", "msg": "08:10:29.093 | INFO    | prefect.flow_runs.worker - Worker 'ProcessWorker f327d0f1-955a-439b-a07d-6610c551accf' submitting flow run '050c4cc9-fd9a-4be9-9791-1837c4e24fe9'"}
{"ts": "2026-08-12T08:10:29.450656418Z", "container": "prefect-worker", "msg": "08:10:29.450 | INFO    | prefect.flow_runs.runner - Starting flow run process..."}
{"ts": "2026-08-12T08:10:29.477720025Z", "container": "prefect-worker", "msg": "08:10:29.477 | INFO    | prefect.flow_runs.worker - Flow run 'delta960-marcos-p' submitted to infrastructure"}
{"ts": "2026-08-12T08:10:30.663176822Z", "container": "prefect-worker", "msg": "08:10:30.657 | INFO    | Flow run 'delta960-marcos-p' - Running 1 deployment pull step(s)"}
{"ts": "2026-08-12T08:10:30.683755128Z", "container": "prefect-worker", "msg": "08:10:30.682 | INFO    | Flow run 'delta960-marcos-p' - Executing deployment step: set_working_directory"}
{"ts": "2026-08-12T08:10:30.695258860Z", "container": "prefect-worker", "msg": "08:10:30.694 | INFO    | Flow run 'delta960-marcos-p' - Deployment step 'set_working_directory' completed successfully"}
{"ts": "2026-08-12T08:10:30.709065091Z", "container": "prefect-worker", "msg": "08:10:30.708 | INFO    | Flow run 'delta960-marcos-p' - All deployment steps completed successfully"}
{"ts": "2026-08-12T08:10:31.835Z", "level": "INFO", "service": "worker", "logger": "httpx", "msg": "HTTP Request: GET http://prefect-server:4200/api/admin/version \"HTTP/1.1 200 OK\"", "container": "prefect-worker"}
{"ts": "2026-08-12T08:10:31.838Z", "level": "INFO", "service": "worker", "logger": "httpx", "msg": "HTTP Request: GET http://prefect-server:4200/api/csrf-token?client=c709505d-b781-481a-bec4-81792cf23b7c \"HTTP/1.1 422 Unprocessable Entity\"", "container": "prefect-worker"}
{"ts": "2026-08-12T08:10:31.843Z", "level": "INFO", "service": "worker", "logger": "httpx", "msg": "HTTP Request: PATCH http://prefect-server:4200/api/flow_runs/050c4cc9-fd9a-4be9-9791-1837c4e24fe9 \"HTTP/1.1 204 No Content\"", "container": "prefect-worker"}
{"ts": "2026-08-12T08:10:31.862Z", "level": "INFO", "service": "worker", "logger": "httpx", "msg": "HTTP Request: GET http://prefect-server:4200/api/flow_runs/050c4cc9-fd9a-4be9-9791-1837c4e24fe9 \"HTTP/1.1 200 OK\"", "container": "prefect-worker"}
{"ts": "2026-08-12T08:10:31.876Z", "level": "INFO", "service": "worker", "logger": "httpx", "msg": "HTTP Request: POST http://prefect-server:4200/api/flow_runs/050c4cc9-fd9a-4be9-9791-1837c4e24fe9/set_state \"HTTP/1.1 201 Created\"", "container": "prefect-worker"}
{"ts": "2026-08-12T08:10:31.881Z", "level": "INFO", "service": "worker", "logger": "httpx", "msg": "HTTP Request: GET http://prefect-server:4200/api/flow_runs/050c4cc9-fd9a-4be9-9791-1837c4e24fe9 \"HTTP/1.1 200 OK\"", "container": "prefect-worker"}
{"ts": "2026-08-12T08:10:31.886Z", "level": "INFO", "service": "worker", "logger": "httpx", "msg": "HTTP Request: GET http://prefect-server:4200/api/admin/storage \"HTTP/1.1 200 OK\"", "container": "prefect-worker"}
{"ts": "2026-08-12T08:10:31.890Z", "level": "INFO", "service": "worker", "logger": "httpx", "msg": "HTTP Request: GET http://prefect-server:4200/api/admin/storage \"HTTP/1.1 200 OK\"", "container": "prefect-worker"}
{"ts": "2026-08-12T08:10:31.890Z", "level": "INFO", "service": "worker", "logger": "prefect.flow_runs", "msg": "Beginning flow run 'delta960-marcos-p' for flow 'smarthub-train-model'", "flow_run_name": "delta960-marcos-p", "flow_run_id": "050c4cc9-fd9a-4be9-9791-1837c4e24fe9", "flow_name": "smarthub-train-model", "deployment_name": "train-model", "container": "prefect-worker"}
{"ts": "2026-08-12T08:10:31.890Z", "level": "INFO", "service": "worker", "logger": "prefect.flow_runs", "msg": "View at http://prefect-server:4200/runs/flow-run/050c4cc9-fd9a-4be9-9791-1837c4e24fe9", "flow_run_name": "delta960-marcos-p", "flow_run_id": "050c4cc9-fd9a-4be9-9791-1837c4e24fe9", "flow_name": "smarthub-train-model", "deployment_name": "train-model", "send_to_api": false, "container": "prefect-worker"}
{"ts": "2026-08-12T08:10:31.891Z", "level": "INFO", "service": "worker", "logger": "prefect.flow_runs", "msg": "STEP 3 train-model starting: lead_type=home (1), version=latest, mlflow=True", "flow_run_name": "delta960-marcos-p", "flow_run_id": "050c4cc9-fd9a-4be9-9791-1837c4e24fe9", "flow_name": "smarthub-train-model", "deployment_name": "train-model", "container": "prefect-worker"}
{"ts": "2026-08-12T08:10:31.918Z", "level": "INFO", "service": "worker", "logger": "flow.train", "msg": "Loading training table for lead_type=home (1)", "container": "prefect-worker"}
{"ts": "2026-08-12T08:10:31.936Z", "level": "INFO", "service": "worker", "logger": "httpx", "msg": "HTTP Request: GET http://prefect-server:4200/api/flows/b482d204-61dd-4cd6-bc87-1c0295ffdd50 \"HTTP/1.1 200 OK\"", "container": "prefect-worker"}
{"ts": "2026-08-12T08:10:31.937Z", "level": "INFO", "service": "worker", "logger": "httpx", "msg": "HTTP Request: GET http://prefect-server:4200/api/work_queues/1359b356-bb73-44da-ae82-6233613dd549 \"HTTP/1.1 200 OK\"", "container": "prefect-worker"}
{"ts": "2026-08-12T08:10:31.940Z", "level": "INFO", "service": "worker", "logger": "httpx", "msg": "HTTP Request: GET http://prefect-server:4200/api/deployments/f2af7572-283e-43ab-bfa3-0ad7cee08503 \"HTTP/1.1 200 OK\"", "container": "prefect-worker"}
{"ts": "2026-08-12T08:10:31.940Z", "level": "INFO", "service": "worker", "logger": "httpx", "msg": "HTTP Request: GET http://prefect-server:4200/api/work_pools/smarthub-pool \"HTTP/1.1 200 OK\"", "container": "prefect-worker"}
{"ts": "2026-08-12T08:10:32.206Z", "level": "INFO", "service": "worker", "logger": "flow.train", "msg": "Dataset Prepared", "container": "prefect-worker"}
{"ts": "2026-08-12T08:10:32.206Z", "level": "INFO", "service": "worker", "logger": "flow.train", "msg": "  Training rows                         : 70,719", "container": "prefect-worker"}
{"ts": "2026-08-12T08:10:32.207Z", "level": "INFO", "service": "worker", "logger": "flow.train", "msg": "  Dropped rows                          : 0", "container": "prefect-worker"}
{"ts": "2026-08-12T08:10:32.207Z", "level": "INFO", "service": "worker", "logger": "flow.train", "msg": "  Win rate                              : 0.2841", "container": "prefect-worker"}
{"ts": "2026-08-12T08:10:32.207Z", "level": "INFO", "service": "worker", "logger": "flow.train", "msg": "  Feature count                         : 10 numeric, 7 categorical", "container": "prefect-worker"}
{"ts": "2026-08-12T08:10:32.207Z", "level": "INFO", "service": "worker", "logger": "flow.train", "msg": "  Missing feature columns               : none", "container": "prefect-worker"}
{"ts": "2026-08-12T08:10:32.225Z", "level": "INFO", "service": "worker", "logger": "flow.train", "msg": "Cleaning Data", "container": "prefect-worker"}
{"ts": "2026-08-12T08:10:32.226Z", "level": "INFO", "service": "worker", "logger": "flow.train", "msg": "  Dropped zero-variance features        : 3", "container": "prefect-worker"}
{"ts": "2026-08-12T08:10:32.226Z", "level": "INFO", "service": "worker", "logger": "flow.train", "msg": "  Zero-variance feature names           : military_affiliation, insured, num_home_claims", "container": "prefect-worker"}
{"ts": "2026-08-12T08:10:32.226Z", "level": "INFO", "service": "worker", "logger": "flow.train", "msg": "Feature columns: ['bid', 'age', 'continuous_coverage_months', 'created_hour', 'created_dayofweek', 'is_workday', 'is_married', 'age_cohort', 'state', 'gender', 'marital_status', 'campaign_id', 'traffic_tier', 'home_property_type']", "container": "prefect-worker"}
{"ts": "2026-08-12T08:10:32.710Z", "level": "INFO", "service": "worker", "logger": "httpx", "msg": "HTTP Request: GET http://prefect-server:4200/api/csrf-token?client=5981137b-af6a-45d2-8aa2-036af9af2454 \"HTTP/1.1 422 Unprocessable Entity\"", "container": "prefect-worker"}
{"ts": "2026-08-12T08:10:32.720Z", "level": "INFO", "service": "worker", "logger": "httpx", "msg": "HTTP Request: POST http://prefect-server:4200/api/logs/ \"HTTP/1.1 201 Created\"", "container": "prefect-worker"}
{"ts": "2026-08-12T08:10:32.791Z", "level": "INFO", "service": "worker", "logger": "flow.plots_and_reports", "msg": "Dataset Summary", "container": "prefect-worker"}
{"ts": "2026-08-12T08:10:32.791Z", "level": "INFO", "service": "worker", "logger": "flow.plots_and_reports", "msg": "  Total rows                            : 70,719", "container": "prefect-worker"}
{"ts": "2026-08-12T08:10:32.791Z", "level": "INFO", "service": "worker", "logger": "flow.plots_and_reports", "msg": "  Target win rate                       : 0.2841", "container": "prefect-worker"}
{"ts": "2026-08-12T08:10:32.792Z", "level": "INFO", "service": "worker", "logger": "flow.plots_and_reports", "msg": "  Features summarized                   : 14", "container": "prefect-worker"}
{"ts": "2026-08-12T08:10:32.792Z", "level": "INFO", "service": "worker", "logger": "flow.plots_and_reports", "msg": "  Features with missing values          : 0", "container": "prefect-worker"}
{"ts": "2026-08-12T08:10:32.792Z", "level": "INFO", "service": "worker", "logger": "flow.plots_and_reports", "msg": "  Total missing feature values          : 0", "container": "prefect-worker"}
{"ts": "2026-08-12T08:10:32.792Z", "level": "INFO", "service": "worker", "logger": "flow.plots_and_reports", "msg": "  Feature-value count rows saved        : 124", "container": "prefect-worker"}
{"ts": "2026-08-12T08:10:32.795Z", "level": "INFO", "service": "worker", "logger": "flow.train", "msg": "Train/Test Split", "container": "prefect-worker"}
{"ts": "2026-08-12T08:10:32.796Z", "level": "INFO", "service": "worker", "logger": "flow.train", "msg": "  Train rows                            : 56,575", "container": "prefect-worker"}
{"ts": "2026-08-12T08:10:32.796Z", "level": "INFO", "service": "worker", "logger": "flow.train", "msg": "  Test rows                             : 14,144", "container": "prefect-worker"}
{"ts": "2026-08-12T08:10:32.796Z", "level": "INFO", "service": "worker", "logger": "flow.train", "msg": "  Split method                          : time", "container": "prefect-worker"}
{"ts": "2026-08-12T08:10:32.796Z", "level": "INFO", "service": "worker", "logger": "flow.train", "msg": "  Test fraction                         : 0.20", "container": "prefect-worker"}
{"ts": "2026-08-12T08:10:32.796Z", "level": "INFO", "service": "worker", "logger": "flow.train", "msg": "  Train date range                      : 2026-07-22 04:24:37.550480 → 2026-08-09 18:37:14.741180", "container": "prefect-worker"}
{"ts": "2026-08-12T08:10:32.796Z", "level": "INFO", "service": "worker", "logger": "flow.train", "msg": "  Test date range                       : 2026-08-09 18:37:18.016235 → 2026-08-12 04:14:33.685167", "container": "prefect-worker"}
{"ts": "2026-08-12T08:10:32.796Z", "level": "INFO", "service": "worker", "logger": "flow.train", "msg": "  Test rows by weekday", "container": "prefect-worker"}
{"ts": "2026-08-12T08:10:32.799Z", "level": "INFO", "service": "worker", "logger": "flow.train", "msg": "    Monday     : 6,272", "container": "prefect-worker"}
{"ts": "2026-08-12T08:10:32.799Z", "level": "INFO", "service": "worker", "logger": "flow.train", "msg": "    Sunday     : 1,154", "container": "prefect-worker"}
{"ts": "2026-08-12T08:10:32.799Z", "level": "INFO", "service": "worker", "logger": "flow.train", "msg": "    Tuesday    : 5,908", "container": "prefect-worker"}
{"ts": "2026-08-12T08:10:32.799Z", "level": "INFO", "service": "worker", "logger": "flow.train", "msg": "    Wednesday  : 810", "container": "prefect-worker"}
{"ts": "2026-08-12T08:10:32.799Z", "level": "INFO", "service": "worker", "logger": "flow.train", "msg": "Training Model", "container": "prefect-worker"}
{"ts": "2026-08-12T08:10:32.799Z", "level": "INFO", "service": "worker", "logger": "flow.train", "msg": "  Model type                            : lightgbm", "container": "prefect-worker"}
{"ts": "2026-08-12T08:10:32.799Z", "level": "INFO", "service": "worker", "logger": "flow.train", "msg": "  Calibration enabled                   : False", "container": "prefect-worker"}
{"ts": "2026-08-12T08:10:34.761Z", "level": "INFO", "service": "worker", "logger": "flow.train", "msg": "Evaluating Model", "container": "prefect-worker"}
{"ts": "2026-08-12T08:10:35.058Z", "level": "INFO", "service": "worker", "logger": "flow.optimizer", "msg": "Optimizing bids for 14,144 rows in chunks of 500", "container": "prefect-worker"}
{"ts": "2026-08-12T08:10:41.822Z", "level": "INFO", "service": "worker", "logger": "flow.optimizer", "msg": "Optimized 5,000 / 14,144 rows", "container": "prefect-worker"}
{"ts": "2026-08-12T08:10:48.310Z", "level": "INFO", "service": "worker", "logger": "flow.optimizer", "msg": "Optimized 10,000 / 14,144 rows", "container": "prefect-worker"}
{"ts": "2026-08-12T08:10:53.739Z", "level": "INFO", "service": "worker", "logger": "flow.optimizer", "msg": "Optimized 14,144 / 14,144 rows", "container": "prefect-worker"}
{"ts": "2026-08-12T08:10:53.746Z", "level": "INFO", "service": "worker", "logger": "flow.optimizer_evaluation", "msg": "Bid Optimizer Evaluation", "container": "prefect-worker"}
{"ts": "2026-08-12T08:10:53.746Z", "level": "INFO", "service": "worker", "logger": "flow.optimizer_evaluation", "msg": "  Rows evaluated                     : 14,144", "container": "prefect-worker"}
{"ts": "2026-08-12T08:10:53.746Z", "level": "INFO", "service": "worker", "logger": "flow.optimizer_evaluation", "msg": "  Target CM                          : 25.00%", "container": "prefect-worker"}
{"ts": "2026-08-12T08:10:53.746Z", "level": "INFO", "service": "worker", "logger": "flow.optimizer_evaluation", "msg": "  Expected profit, current/recommended: 52496.6263 / 66933.9532", "container": "prefect-worker"}
{"ts": "2026-08-12T08:10:53.746Z", "level": "INFO", "service": "worker", "logger": "flow.optimizer_evaluation", "msg": "  Expected profit lift               : 14437.3269 (27.50%)", "container": "prefect-worker"}
{"ts": "2026-08-12T08:10:53.746Z", "level": "INFO", "service": "worker", "logger": "flow.optimizer_evaluation", "msg": "  Avg predicted win rate, current/reco: 0.2773 / 0.3546", "container": "prefect-worker"}
{"ts": "2026-08-12T08:10:53.746Z", "level": "INFO", "service": "worker", "logger": "flow.optimizer_evaluation", "msg": "  Bid increased/decreased/unchanged  : 57.83% / 40.66% / 1.51%", "container": "prefect-worker"}
{"ts": "2026-08-12T08:10:53.746Z", "level": "INFO", "service": "worker", "logger": "flow.optimizer_evaluation", "msg": "  Avg / median bid change            : 0.8913 / 0.3800", "container": "prefect-worker"}
{"ts": "2026-08-12T08:10:53.746Z", "level": "INFO", "service": "worker", "logger": "flow.optimizer_evaluation", "msg": "  Avg recommended CM if won           : 0.5999", "container": "prefect-worker"}
{"ts": "2026-08-12T08:10:53.746Z", "level": "INFO", "service": "worker", "logger": "flow.metrics", "msg": "Model Evaluation", "container": "prefect-worker"}
{"ts": "2026-08-12T08:10:53.746Z", "level": "INFO", "service": "worker", "logger": "flow.metrics", "msg": "  Rows trained                       : 70,719", "container": "prefect-worker"}
{"ts": "2026-08-12T08:10:53.746Z", "level": "INFO", "service": "worker", "logger": "flow.metrics", "msg": "  Train / test rows                  : 56,575 / 14,144", "container": "prefect-worker"}
{"ts": "2026-08-12T08:10:53.746Z", "level": "INFO", "service": "worker", "logger": "flow.metrics", "msg": "  ROC AUC                            : 0.8431", "container": "prefect-worker"}
{"ts": "2026-08-12T08:10:53.746Z", "level": "INFO", "service": "worker", "logger": "flow.metrics", "msg": "  PR AUC                             : 0.6521", "container": "prefect-worker"}
{"ts": "2026-08-12T08:10:53.746Z", "level": "INFO", "service": "worker", "logger": "flow.metrics", "msg": "  Log loss                           : 0.4105", "container": "prefect-worker"}
{"ts": "2026-08-12T08:10:53.746Z", "level": "INFO", "service": "worker", "logger": "flow.metrics", "msg": "  Brier score                        : 0.1375", "container": "prefect-worker"}
{"ts": "2026-08-12T08:10:53.746Z", "level": "INFO", "service": "worker", "logger": "flow.metrics", "msg": "  Accuracy / precision / recall / F1 / F2: 0.7924 / 0.6244 / 0.5193 / 0.5670 / 0.5374", "container": "prefect-worker"}
{"ts": "2026-08-12T08:10:53.746Z", "level": "INFO", "service": "worker", "logger": "flow.metrics", "msg": "  Calibration error                  : 0.0155", "container": "prefect-worker"}
{"ts": "2026-08-12T08:10:53.746Z", "level": "INFO", "service": "worker", "logger": "flow.metrics", "msg": "Business Metrics", "container": "prefect-worker"}
{"ts": "2026-08-12T08:10:53.746Z", "level": "INFO", "service": "worker", "logger": "flow.metrics", "msg": "  Observed win rate                  : 0.2618", "container": "prefect-worker"}
{"ts": "2026-08-12T08:10:53.746Z", "level": "INFO", "service": "worker", "logger": "flow.metrics", "msg": "  Predicted win rate, current bids   : 0.2773", "container": "prefect-worker"}
{"ts": "2026-08-12T08:10:53.746Z", "level": "INFO", "service": "worker", "logger": "flow.metrics", "msg": "  Predicted win rate, recommended    : 0.3546", "container": "prefect-worker"}
{"ts": "2026-08-12T08:10:53.746Z", "level": "INFO", "service": "worker", "logger": "flow.train", "msg": "Saving Reports", "container": "prefect-worker"}
{"ts": "2026-08-12T08:10:55.021Z", "level": "INFO", "service": "worker", "logger": "flow.train", "msg": "Lineage: model=lightgbm trained on table version 2026-08-12T070528Z (data 2026-07-22 04:24:37.550480 → 2026-08-12 04:14:33.685167, 70719 source rows)", "container": "prefect-worker"}
{"ts": "2026-08-12T08:10:55.227Z", "level": "INFO", "service": "worker", "logger": "flow.plots_and_reports", "msg": "Saved Training Reports", "container": "prefect-worker"}
{"ts": "2026-08-12T08:10:55.227Z", "level": "INFO", "service": "worker", "logger": "flow.plots_and_reports", "msg": "  Report directory                      : /app/data/model_evaluations/home", "container": "prefect-worker"}
{"ts": "2026-08-12T08:10:55.227Z", "level": "INFO", "service": "worker", "logger": "flow.plots_and_reports", "msg": "  Files generated                       : 13", "container": "prefect-worker"}
{"ts": "2026-08-12T08:10:55.227Z", "level": "INFO", "service": "worker", "logger": "flow.plots_and_reports", "msg": "    /app/data/model_evaluations/home/feature_summary.csv", "container": "prefect-worker"}
{"ts": "2026-08-12T08:10:55.227Z", "level": "INFO", "service": "worker", "logger": "flow.plots_and_reports", "msg": "    /app/data/model_evaluations/home/feature_value_counts.csv", "container": "prefect-worker"}
{"ts": "2026-08-12T08:10:55.227Z", "level": "INFO", "service": "worker", "logger": "flow.plots_and_reports", "msg": "    /app/data/model_evaluations/home/roc_curve.png", "container": "prefect-worker"}
{"ts": "2026-08-12T08:10:55.227Z", "level": "INFO", "service": "worker", "logger": "flow.plots_and_reports", "msg": "    /app/data/model_evaluations/home/precision_recall_curve.png", "container": "prefect-worker"}
{"ts": "2026-08-12T08:10:55.227Z", "level": "INFO", "service": "worker", "logger": "flow.plots_and_reports", "msg": "    /app/data/model_evaluations/home/calibration_curve.png", "container": "prefect-worker"}
{"ts": "2026-08-12T08:10:55.227Z", "level": "INFO", "service": "worker", "logger": "flow.plots_and_reports", "msg": "    /app/data/model_evaluations/home/probability_histogram.png", "container": "prefect-worker"}
{"ts": "2026-08-12T08:10:55.227Z", "level": "INFO", "service": "worker", "logger": "flow.plots_and_reports", "msg": "    /app/data/model_evaluations/home/confusion_matrix.png", "container": "prefect-worker"}
{"ts": "2026-08-12T08:10:55.227Z", "level": "INFO", "service": "worker", "logger": "flow.plots_and_reports", "msg": "    /app/data/model_evaluations/home/model_evaluation_summary.json", "container": "prefect-worker"}
{"ts": "2026-08-12T08:10:55.227Z", "level": "INFO", "service": "worker", "logger": "flow.plots_and_reports", "msg": "    /app/data/model_evaluations/home/optimizer_expected_profit_lift.png", "container": "prefect-worker"}
{"ts": "2026-08-12T08:10:55.227Z", "level": "INFO", "service": "worker", "logger": "flow.plots_and_reports", "msg": "    /app/data/model_evaluations/home/recommended_bid_change.png", "container": "prefect-worker"}
{"ts": "2026-08-12T08:10:55.227Z", "level": "INFO", "service": "worker", "logger": "flow.plots_and_reports", "msg": "    /app/data/model_evaluations/home/recommended_cm_distribution.png", "container": "prefect-worker"}
{"ts": "2026-08-12T08:10:55.227Z", "level": "INFO", "service": "worker", "logger": "flow.plots_and_reports", "msg": "    /app/data/model_evaluations/home/current_vs_recommended_win_rate.png", "container": "prefect-worker"}
{"ts": "2026-08-12T08:10:55.227Z", "level": "INFO", "service": "worker", "logger": "flow.plots_and_reports", "msg": "    /app/data/model_evaluations/home/bid_optimizer_test_rows.csv", "container": "prefect-worker"}
{"ts": "2026-08-12T08:10:55.326Z", "level": "INFO", "service": "worker", "logger": "botocore.credentials", "msg": "Found credentials in environment variables.", "container": "prefect-worker"}
{"ts": "2026-08-12T08:10:55.771Z", "level": "INFO", "service": "worker", "logger": "flow.optimizer", "msg": "Optimizing bids for 14,144 rows in chunks of 500", "container": "prefect-worker"}
{"ts": "2026-08-12T08:11:02.742Z", "level": "INFO", "service": "worker", "logger": "flow.optimizer", "msg": "Optimized 5,000 / 14,144 rows", "container": "prefect-worker"}
{"ts": "2026-08-12T08:11:09.276Z", "level": "INFO", "service": "worker", "logger": "flow.optimizer", "msg": "Optimized 10,000 / 14,144 rows", "container": "prefect-worker"}
{"ts": "2026-08-12T08:11:14.689Z", "level": "INFO", "service": "worker", "logger": "flow.optimizer", "msg": "Optimized 14,144 / 14,144 rows", "container": "prefect-worker"}
{"ts": "2026-08-12T08:11:14.696Z", "level": "INFO", "service": "worker", "logger": "flow.train", "msg": "Currently-serving model (run_20260812T075947Z_015c8676) re-scored on this test set: log loss=0.4105, PR AUC=0.6521", "container": "prefect-worker"}
{"ts": "2026-08-12T08:11:14.697Z", "level": "INFO", "service": "worker", "logger": "flow.train", "msg": "Promotion Evaluation", "container": "prefect-worker"}
{"ts": "2026-08-12T08:11:14.697Z", "level": "INFO", "service": "worker", "logger": "flow.train", "msg": "  Mode                                  : automatic", "container": "prefect-worker"}
{"ts": "2026-08-12T08:11:14.697Z", "level": "INFO", "service": "worker", "logger": "flow.train", "msg": "  Policy recommendation                 : ELIGIBLE", "container": "prefect-worker"}
{"ts": "2026-08-12T08:11:14.697Z", "level": "INFO", "service": "worker", "logger": "flow.train", "msg": "  Reason                                : Challenger passed the absolute thresholds and satisfies the 95% relative profit requirement and the 5000.00 absolute profit-loss tolerance; recommended CM is 59.99%, and log-loss regression 0.0000 is within tolerance.", "container": "prefect-worker"}
{"ts": "2026-08-12T08:11:14.764Z", "level": "INFO", "service": "worker", "logger": "flow.training_artifacts", "msg": "Prepared Model Comparison Artifacts", "container": "prefect-worker"}
{"ts": "2026-08-12T08:11:14.764Z", "level": "INFO", "service": "worker", "logger": "flow.training_artifacts", "msg": "  Evaluation dataset                    : /tmp/smarthub_model_comparison_cftyvoa8/evaluation_dataset.parquet", "container": "prefect-worker"}
{"ts": "2026-08-12T08:11:14.764Z", "level": "INFO", "service": "worker", "logger": "flow.training_artifacts", "msg": "  Optimizer results                     : /tmp/smarthub_model_comparison_cftyvoa8/optimizer_results.parquet", "container": "prefect-worker"}
{"ts": "2026-08-12T08:11:14.764Z", "level": "INFO", "service": "worker", "logger": "flow.training_artifacts", "msg": "  Metadata                              : /tmp/smarthub_model_comparison_cftyvoa8/evaluation_metadata.json", "container": "prefect-worker"}
{"ts": "2026-08-12T08:11:14.764Z", "level": "INFO", "service": "worker", "logger": "flow.train", "msg": "Saved training run run_20260812T081114Z_2a362a9b → /app/data/models/home/run_20260812T081114Z_2a362a9b.pkl", "container": "prefect-worker"}
{"ts": "2026-08-12T08:11:15.026Z", "level": "INFO", "service": "worker", "logger": "flow.registry", "msg": "Published run_20260812T081114Z_2a362a9b to production storage (s3).", "container": "prefect-worker"}
{"ts": "2026-08-12T08:11:15.031Z", "level": "INFO", "service": "worker", "logger": "flow.train", "msg": "Automatically promoted home_v4 to currently-serving for 'home'.", "container": "prefect-worker"}
{"ts": "2026-08-12T08:11:16.613482140Z", "container": "prefect-worker", "msg": "2026/08/12 08:11:16 WARNING mlflow.sklearn: Saving scikit-learn models in the pickle or cloudpickle format requires exercising caution because these formats rely on Python's object serialization mechanism, which can execute arbitrary code during deserialization. The recommended safe alternative is the 'skops' format. For more information, see: https://scikit-learn.org/stable/model_persistence.html"}
{"ts": "2026-08-12T08:11:19.727876456Z", "container": "prefect-worker", "msg": "Registered model 'anton-win-probability-model' already exists. Creating a new version of this model..."}
{"ts": "2026-08-12T08:11:19.747240821Z", "container": "prefect-worker", "msg": "2026/08/12 08:11:19 WARNING mlflow.tracking._model_registry.fluent: Run with id ace2ab0b97724adcad654d38a02b650d has no artifacts at artifact path 'model', registering model based on models:/m-7f9075f66de44297aa04141752bb1e78 instead"}
{"ts": "2026-08-12T08:11:19.757137141Z", "container": "prefect-worker", "msg": "Created version '9' of model 'anton-win-probability-model'."}
{"ts": "2026-08-12T08:11:19.803Z", "level": "INFO", "service": "worker", "logger": "flow.train", "msg": "Logged run 'run_20260812T081114Z_2a362a9b' to MLflow experiment 'anton_win_probability_home'", "container": "prefect-worker"}
{"ts": "2026-08-12T08:11:19.803Z", "level": "INFO", "service": "worker", "logger": "flow.train", "msg": "Logged run to MLflow experiment 'anton_win_probability'", "container": "prefect-worker"}
{"ts": "2026-08-12T08:11:19.815Z", "level": "INFO", "service": "worker", "logger": "prefect.task_runs", "msg": "Finished in state Completed()", "task_run_id": "019ff505-e469-7a80-876b-b2f43e335ace", "flow_run_id": "050c4cc9-fd9a-4be9-9791-1837c4e24fe9", "task_run_name": "train-anton-model-a63", "task_name": "train-anton-model", "flow_run_name": "delta960-marcos-p", "flow_name": "smarthub-train-model", "container": "prefect-worker"}
{"ts": "2026-08-12T08:11:19.821Z", "level": "INFO", "service": "worker", "logger": "prefect.flow_runs", "msg": "Trained home model home_v4: log loss=0.4105, rows=70719 -> /app/data/models/home/run_20260812T081114Z_2a362a9b.pkl (promoted=True)", "flow_run_name": "delta960-marcos-p", "flow_run_id": "050c4cc9-fd9a-4be9-9791-1837c4e24fe9", "flow_name": "smarthub-train-model", "deployment_name": "train-model", "container": "prefect-worker"}
{"ts": "2026-08-12T08:11:19.843Z", "level": "INFO", "service": "worker", "logger": "httpx", "msg": "HTTP Request: POST http://prefect-server:4200/api/artifacts/ \"HTTP/1.1 201 Created\"", "container": "prefect-worker"}
{"ts": "2026-08-12T08:11:19.936Z", "level": "INFO", "service": "worker", "logger": "httpx", "msg": "HTTP Request: POST http://prefect-server:4200/api/flow_runs/050c4cc9-fd9a-4be9-9791-1837c4e24fe9/set_state \"HTTP/1.1 201 Created\"", "container": "prefect-worker"}
{"ts": "2026-08-12T08:11:20.631Z", "level": "INFO", "service": "worker", "logger": "prefect.flow_runs", "msg": "Finished in state Completed()", "flow_run_name": "delta960-marcos-p", "flow_run_id": "050c4cc9-fd9a-4be9-9791-1837c4e24fe9", "flow_name": "smarthub-train-model", "deployment_name": "train-model", "container": "prefect-worker"}
{"ts": "2026-08-12T08:11:20.636Z", "level": "INFO", "service": "worker", "logger": "httpx", "msg": "HTTP Request: GET http://prefect-server:4200/api/csrf-token?client=4b30262e-7dde-4641-a6f6-23121c6e62e7 \"HTTP/1.1 422 Unprocessable Entity\"", "container": "prefect-worker"}
{"ts": "2026-08-12T08:11:20.643Z", "level": "INFO", "service": "worker", "logger": "httpx", "msg": "HTTP Request: POST http://prefect-server:4200/api/logs/ \"HTTP/1.1 201 Created\"", "container": "prefect-worker"}
{"ts": "2026-08-12T08:11:21.815989224Z", "container": "prefect-worker", "msg": "08:11:21.815 | INFO    | prefect.flow_runs.runner - Process for flow run 'delta960-marcos-p' exited cleanly."}
{"ts": "2026-08-12T08:15:00.850743717Z", "container": "prefect-worker", "msg": "08:15:00.850 | INFO    | prefect.flow_runs.worker - Worker 'ProcessWorker f327d0f1-955a-439b-a07d-6610c551accf' submitting flow run '019ff4ff-90e5-7f46-a31d-d1e2fec9c6fb'"}
{"ts": "2026-08-12T08:15:00.985491368Z", "container": "prefect-worker", "msg": "08:15:00.984 | INFO    | prefect.flow_runs.runner - Starting flow run process..."}
{"ts": "2026-08-12T08:15:01.085600152Z", "container": "prefect-worker", "msg": "08:15:01.084 | INFO    | prefect.flow_runs.worker - Flow run 'active-bustard' submitted to infrastructure"}
{"ts": "2026-08-12T08:15:02.198116044Z", "container": "prefect-worker", "msg": "08:15:02.192 | INFO    | Flow run 'active-bustard' - Running 1 deployment pull step(s)"}
{"ts": "2026-08-12T08:15:02.218242126Z", "container": "prefect-worker", "msg": "08:15:02.217 | INFO    | Flow run 'active-bustard' - Executing deployment step: set_working_directory"}
{"ts": "2026-08-12T08:15:02.229927079Z", "container": "prefect-worker", "msg": "08:15:02.229 | INFO    | Flow run 'active-bustard' - Deployment step 'set_working_directory' completed successfully"}
{"ts": "2026-08-12T08:15:02.243300797Z", "container": "prefect-worker", "msg": "08:15:02.242 | INFO    | Flow run 'active-bustard' - All deployment steps completed successfully"}
{"ts": "2026-08-12T08:15:02.677Z", "level": "INFO", "service": "worker", "logger": "httpx", "msg": "HTTP Request: GET http://prefect-server:4200/api/admin/version \"HTTP/1.1 200 OK\"", "container": "prefect-worker"}
{"ts": "2026-08-12T08:15:02.680Z", "level": "INFO", "service": "worker", "logger": "httpx", "msg": "HTTP Request: GET http://prefect-server:4200/api/csrf-token?client=0494f752-a3dd-429e-a77d-f7f5f0132732 \"HTTP/1.1 422 Unprocessable Entity\"", "container": "prefect-worker"}
{"ts": "2026-08-12T08:15:02.685Z", "level": "INFO", "service": "worker", "logger": "httpx", "msg": "HTTP Request: PATCH http://prefect-server:4200/api/flow_runs/019ff4ff-90e5-7f46-a31d-d1e2fec9c6fb \"HTTP/1.1 204 No Content\"", "container": "prefect-worker"}
{"ts": "2026-08-12T08:15:02.704Z", "level": "INFO", "service": "worker", "logger": "httpx", "msg": "HTTP Request: GET http://prefect-server:4200/api/flow_runs/019ff4ff-90e5-7f46-a31d-d1e2fec9c6fb \"HTTP/1.1 200 OK\"", "container": "prefect-worker"}
{"ts": "2026-08-12T08:15:02.718Z", "level": "INFO", "service": "worker", "logger": "httpx", "msg": "HTTP Request: POST http://prefect-server:4200/api/flow_runs/019ff4ff-90e5-7f46-a31d-d1e2fec9c6fb/set_state \"HTTP/1.1 201 Created\"", "container": "prefect-worker"}
{"ts": "2026-08-12T08:15:02.723Z", "level": "INFO", "service": "worker", "logger": "httpx", "msg": "HTTP Request: GET http://prefect-server:4200/api/flow_runs/019ff4ff-90e5-7f46-a31d-d1e2fec9c6fb \"HTTP/1.1 200 OK\"", "container": "prefect-worker"}
{"ts": "2026-08-12T08:15:02.727Z", "level": "INFO", "service": "worker", "logger": "httpx", "msg": "HTTP Request: GET http://prefect-server:4200/api/admin/storage \"HTTP/1.1 200 OK\"", "container": "prefect-worker"}
{"ts": "2026-08-12T08:15:02.730Z", "level": "INFO", "service": "worker", "logger": "httpx", "msg": "HTTP Request: GET http://prefect-server:4200/api/admin/storage \"HTTP/1.1 200 OK\"", "container": "prefect-worker"}
{"ts": "2026-08-12T08:15:02.731Z", "level": "INFO", "service": "worker", "logger": "prefect.flow_runs", "msg": "Beginning flow run 'active-bustard' for flow 'smarthub-data-pull'", "flow_run_name": "active-bustard", "flow_run_id": "019ff4ff-90e5-7f46-a31d-d1e2fec9c6fb", "flow_name": "smarthub-data-pull", "deployment_name": "data-pull", "container": "prefect-worker"}
{"ts": "2026-08-12T08:15:02.731Z", "level": "INFO", "service": "worker", "logger": "prefect.flow_runs", "msg": "View at http://prefect-server:4200/runs/flow-run/019ff4ff-90e5-7f46-a31d-d1e2fec9c6fb", "flow_run_name": "active-bustard", "flow_run_id": "019ff4ff-90e5-7f46-a31d-d1e2fec9c6fb", "flow_name": "smarthub-data-pull", "deployment_name": "data-pull", "send_to_api": false, "container": "prefect-worker"}
{"ts": "2026-08-12T08:15:02.756Z", "level": "INFO", "service": "worker", "logger": "httpx", "msg": "HTTP Request: GET http://prefect-server:4200/api/flows/c49e248a-be9d-43b9-ad26-cff3b7117b11 \"HTTP/1.1 200 OK\"", "container": "prefect-worker"}
{"ts": "2026-08-12T08:15:02.774Z", "level": "INFO", "service": "worker", "logger": "httpx", "msg": "HTTP Request: GET http://prefect-server:4200/api/work_queues/32c7c4c1-2900-49ee-9a5d-6d3163577ef9 \"HTTP/1.1 200 OK\"", "container": "prefect-worker"}
{"ts": "2026-08-12T08:15:02.777Z", "level": "INFO", "service": "worker", "logger": "httpx", "msg": "HTTP Request: GET http://prefect-server:4200/api/deployments/15dcce44-4b5f-4048-b854-eeba60c3b514 \"HTTP/1.1 200 OK\"", "container": "prefect-worker"}
{"ts": "2026-08-12T08:15:02.777Z", "level": "INFO", "service": "worker", "logger": "httpx", "msg": "HTTP Request: GET http://prefect-server:4200/api/variables/name/smarthub_last_pull_timestamp_home \"HTTP/1.1 200 OK\"", "container": "prefect-worker"}
{"ts": "2026-08-12T08:15:02.781Z", "level": "INFO", "service": "worker", "logger": "prefect.task_runs", "msg": "Finished in state Completed()", "task_run_id": "019ff50a-065e-70bc-a48b-c3ebec5b3cd1", "flow_run_id": "019ff4ff-90e5-7f46-a31d-d1e2fec9c6fb", "task_run_name": "resolve_window-3ed", "task_name": "resolve_window", "flow_run_name": "active-bustard", "flow_name": "smarthub-data-pull", "container": "prefect-worker"}
{"ts": "2026-08-12T08:15:02.781Z", "level": "INFO", "service": "worker", "logger": "prefect.flow_runs", "msg": "[home] pulling window 2026-08-12 03:14:33 -> 2026-08-12 08:15:02", "flow_run_name": "active-bustard", "flow_run_id": "019ff4ff-90e5-7f46-a31d-d1e2fec9c6fb", "flow_name": "smarthub-data-pull", "deployment_name": "data-pull", "container": "prefect-worker"}
{"ts": "2026-08-12T08:15:02.785Z", "level": "INFO", "service": "worker", "logger": "httpx", "msg": "HTTP Request: GET http://prefect-server:4200/api/variables/name/smarthub_last_pull_timestamp_home \"HTTP/1.1 200 OK\"", "container": "prefect-worker"}
{"ts": "2026-08-12T08:15:02.790Z", "level": "INFO", "service": "worker", "logger": "smarthub.data_pull.pull", "msg": "SSH_TUNNEL=false -- connecting directly to Redshift smart-hub.c9m7m7mw0tl8.us-east-1.redshift.amazonaws.com:5439", "container": "prefect-worker"}
{"ts": "2026-08-12T08:15:02.797Z", "level": "INFO", "service": "worker", "logger": "httpx", "msg": "HTTP Request: GET http://prefect-server:4200/api/work_pools/smarthub-pool \"HTTP/1.1 200 OK\"", "container": "prefect-worker"}
{"ts": "2026-08-12T08:15:02.995Z", "level": "INFO", "service": "worker", "logger": "alembic.runtime.plugins", "msg": "setup plugin alembic.autogenerate.schemas", "container": "prefect-worker"}
{"ts": "2026-08-12T08:15:02.996Z", "level": "INFO", "service": "worker", "logger": "alembic.runtime.plugins", "msg": "setup plugin alembic.autogenerate.tables", "container": "prefect-worker"}
{"ts": "2026-08-12T08:15:02.996Z", "level": "INFO", "service": "worker", "logger": "alembic.runtime.plugins", "msg": "setup plugin alembic.autogenerate.types", "container": "prefect-worker"}
{"ts": "2026-08-12T08:15:02.996Z", "level": "INFO", "service": "worker", "logger": "alembic.runtime.plugins", "msg": "setup plugin alembic.autogenerate.constraints", "container": "prefect-worker"}
{"ts": "2026-08-12T08:15:02.996Z", "level": "INFO", "service": "worker", "logger": "alembic.runtime.plugins", "msg": "setup plugin alembic.autogenerate.defaults", "container": "prefect-worker"}
{"ts": "2026-08-12T08:15:02.996Z", "level": "INFO", "service": "worker", "logger": "alembic.runtime.plugins", "msg": "setup plugin alembic.autogenerate.comments", "container": "prefect-worker"}
{"ts": "2026-08-12T08:15:03.403Z", "level": "INFO", "service": "worker", "logger": "smarthub.data_pull.pull", "msg": "Fetched leads frame with shape (687, 57)", "container": "prefect-worker"}
{"ts": "2026-08-12T08:15:03.404Z", "level": "INFO", "service": "worker", "logger": "prefect.task_runs", "msg": "Finished in state Completed()", "task_run_id": "019ff50a-0682-7edf-943e-af1af7696087", "flow_run_id": "019ff4ff-90e5-7f46-a31d-d1e2fec9c6fb", "task_run_name": "fetch-470", "task_name": "fetch", "flow_run_name": "active-bustard", "flow_name": "smarthub-data-pull", "container": "prefect-worker"}
{"ts": "2026-08-12T08:15:03.552Z", "level": "INFO", "service": "worker", "logger": "prefect.task_runs", "msg": "data-quality: rows=687, status=issues flagged, rule_violation_rows=1,379, cross_field={'current_carrier_when_not_insured': 627}, high_missing=['accepted', 'accepted_listings', 'annual_revenue', 'erred', 'error_reason_id', 'health_conditions', 'household_income', 'lead_created_at', 'life_coverage_amount', 'life_coverage_type', 'naics_code', 'num_dependents', 'num_employees', 'num_home_claims', 'pnc_bundle', 'rev', 'sic_code', 'won']", "task_run_id": "019ff50a-08ed-7f53-9a88-e52658cc3f29", "flow_run_id": "019ff4ff-90e5-7f46-a31d-d1e2fec9c6fb", "task_run_name": "validate-leads-c57", "task_name": "validate-leads", "flow_run_name": "active-bustard", "flow_name": "smarthub-data-pull", "container": "prefect-worker"}
{"ts": "2026-08-12T08:15:03.567Z", "level": "INFO", "service": "worker", "logger": "httpx", "msg": "HTTP Request: POST http://prefect-server:4200/api/artifacts/ \"HTTP/1.1 201 Created\"", "container": "prefect-worker"}
{"ts": "2026-08-12T08:15:03.570Z", "level": "INFO", "service": "worker", "logger": "prefect.task_runs", "msg": "Finished in state Completed()", "task_run_id": "019ff50a-08ed-7f53-9a88-e52658cc3f29", "flow_run_id": "019ff4ff-90e5-7f46-a31d-d1e2fec9c6fb", "task_run_name": "validate-leads-c57", "task_name": "validate-leads", "flow_run_name": "active-bustard", "flow_name": "smarthub-data-pull", "container": "prefect-worker"}
{"ts": "2026-08-12T08:15:03.671Z", "level": "INFO", "service": "worker", "logger": "smarthub.core.storage", "msg": "Parquet partition 12-08-2026.parquet: +687 rows", "container": "prefect-worker"}
{"ts": "2026-08-12T08:15:03.677Z", "level": "INFO", "service": "worker", "logger": "prefect.task_runs", "msg": "Finished in state Completed()", "task_run_id": "019ff50a-0992-7080-a876-a27be61195e4", "flow_run_id": "019ff4ff-90e5-7f46-a31d-d1e2fec9c6fb", "task_run_name": "persist-582", "task_name": "persist", "flow_run_name": "active-bustard", "flow_name": "smarthub-data-pull", "container": "prefect-worker"}
{"ts": "2026-08-12T08:15:03.699Z", "level": "INFO", "service": "worker", "logger": "httpx", "msg": "HTTP Request: GET http://prefect-server:4200/api/variables/name/smarthub_last_pull_timestamp_home \"HTTP/1.1 200 OK\"", "container": "prefect-worker"}
{"ts": "2026-08-12T08:15:03.711Z", "level": "INFO", "service": "worker", "logger": "httpx", "msg": "HTTP Request: PATCH http://prefect-server:4200/api/variables/name/smarthub_last_pull_timestamp_home \"HTTP/1.1 204 No Content\"", "container": "prefect-worker"}
{"ts": "2026-08-12T08:15:03.714Z", "level": "INFO", "service": "worker", "logger": "httpx", "msg": "HTTP Request: GET http://prefect-server:4200/api/variables/name/smarthub_last_pull_timestamp_home \"HTTP/1.1 200 OK\"", "container": "prefect-worker"}
{"ts": "2026-08-12T08:15:03.715Z", "level": "INFO", "service": "worker", "logger": "prefect.task_runs", "msg": "Finished in state Completed()", "task_run_id": "019ff50a-09fe-7b0d-b4e5-952aec483690", "flow_run_id": "019ff4ff-90e5-7f46-a31d-d1e2fec9c6fb", "task_run_name": "update_watermark-753", "task_name": "update_watermark", "flow_run_name": "active-bustard", "flow_name": "smarthub-data-pull", "container": "prefect-worker"}
{"ts": "2026-08-12T08:15:03.715Z", "level": "INFO", "service": "worker", "logger": "prefect.flow_runs", "msg": "[home] persisted {'parquet_rows': 687, 'parquet_paths': ['/app/data/raw_datasets/leads/2026/08/12-08-2026.parquet']}; watermark now 2026-08-12 08:14:31", "flow_run_name": "active-bustard", "flow_run_id": "019ff4ff-90e5-7f46-a31d-d1e2fec9c6fb", "flow_name": "smarthub-data-pull", "deployment_name": "data-pull", "container": "prefect-worker"}
{"ts": "2026-08-12T08:15:03.781Z", "level": "INFO", "service": "worker", "logger": "httpx", "msg": "HTTP Request: POST http://prefect-server:4200/api/artifacts/ \"HTTP/1.1 201 Created\"", "container": "prefect-worker"}
{"ts": "2026-08-12T08:15:03.910Z", "level": "INFO", "service": "worker", "logger": "httpx", "msg": "HTTP Request: POST http://prefect-server:4200/api/flow_runs/019ff4ff-90e5-7f46-a31d-d1e2fec9c6fb/set_state \"HTTP/1.1 201 Created\"", "container": "prefect-worker"}
{"ts": "2026-08-12T08:15:04.204Z", "level": "INFO", "service": "worker", "logger": "httpx", "msg": "HTTP Request: GET http://prefect-server:4200/api/csrf-token?client=a0ff7f0c-c70d-4744-9ce6-0aed303cf161 \"HTTP/1.1 422 Unprocessable Entity\"", "container": "prefect-worker"}
{"ts": "2026-08-12T08:15:04.214Z", "level": "INFO", "service": "worker", "logger": "httpx", "msg": "HTTP Request: POST http://prefect-server:4200/api/logs/ \"HTTP/1.1 201 Created\"", "container": "prefect-worker"}
{"ts": "2026-08-12T08:15:04.926Z", "level": "INFO", "service": "worker", "logger": "prefect.flow_runs", "msg": "Finished in state Completed()", "flow_run_name": "active-bustard", "flow_run_id": "019ff4ff-90e5-7f46-a31d-d1e2fec9c6fb", "flow_name": "smarthub-data-pull", "deployment_name": "data-pull", "container": "prefect-worker"}
{"ts": "2026-08-12T08:15:04.934Z", "level": "INFO", "service": "worker", "logger": "httpx", "msg": "HTTP Request: POST http://prefect-server:4200/api/logs/ \"HTTP/1.1 201 Created\"", "container": "prefect-worker"}
{"ts": "2026-08-12T08:15:05.413819450Z", "container": "prefect-worker", "msg": "08:15:05.413 | INFO    | prefect.flow_runs.runner - Process for flow run 'active-bustard' exited cleanly."}
{"ts": "2026-08-12T08:28:08.783072378Z", "container": "prefect-worker", "msg": "08:28:08.782 | INFO    | prefect.flow_runs.worker - Worker 'ProcessWorker f327d0f1-955a-439b-a07d-6610c551accf' submitting flow run 'f05af932-94b4-42ab-9688-feaedf3ad2ad'"}
{"ts": "2026-08-12T08:28:08.910397600Z", "container": "prefect-worker", "msg": "08:28:08.909 | INFO    | prefect.flow_runs.runner - Starting flow run process..."}
{"ts": "2026-08-12T08:28:08.933987659Z", "container": "prefect-worker", "msg": "08:28:08.933 | INFO    | prefect.flow_runs.worker - Flow run 'alpha3-bohr-cluster' submitted to infrastructure"}
{"ts": "2026-08-12T08:28:10.105690974Z", "container": "prefect-worker", "msg": "08:28:10.099 | INFO    | Flow run 'alpha3-bohr-cluster' - Running 1 deployment pull step(s)"}
{"ts": "2026-08-12T08:28:10.126162288Z", "container": "prefect-worker", "msg": "08:28:10.125 | INFO    | Flow run 'alpha3-bohr-cluster' - Executing deployment step: set_working_directory"}
{"ts": "2026-08-12T08:28:10.137932453Z", "container": "prefect-worker", "msg": "08:28:10.137 | INFO    | Flow run 'alpha3-bohr-cluster' - Deployment step 'set_working_directory' completed successfully"}
{"ts": "2026-08-12T08:28:10.151803154Z", "container": "prefect-worker", "msg": "08:28:10.151 | INFO    | Flow run 'alpha3-bohr-cluster' - All deployment steps completed successfully"}
{"ts": "2026-08-12T08:28:11.268Z", "level": "INFO", "service": "worker", "logger": "httpx", "msg": "HTTP Request: GET http://prefect-server:4200/api/admin/version \"HTTP/1.1 200 OK\"", "container": "prefect-worker"}
{"ts": "2026-08-12T08:28:11.272Z", "level": "INFO", "service": "worker", "logger": "httpx", "msg": "HTTP Request: GET http://prefect-server:4200/api/csrf-token?client=9357a88f-c589-41aa-ac80-0f2684c6e694 \"HTTP/1.1 422 Unprocessable Entity\"", "container": "prefect-worker"}
{"ts": "2026-08-12T08:28:11.276Z", "level": "INFO", "service": "worker", "logger": "httpx", "msg": "HTTP Request: PATCH http://prefect-server:4200/api/flow_runs/f05af932-94b4-42ab-9688-feaedf3ad2ad \"HTTP/1.1 204 No Content\"", "container": "prefect-worker"}
{"ts": "2026-08-12T08:28:11.295Z", "level": "INFO", "service": "worker", "logger": "httpx", "msg": "HTTP Request: GET http://prefect-server:4200/api/flow_runs/f05af932-94b4-42ab-9688-feaedf3ad2ad \"HTTP/1.1 200 OK\"", "container": "prefect-worker"}
{"ts": "2026-08-12T08:28:11.308Z", "level": "INFO", "service": "worker", "logger": "httpx", "msg": "HTTP Request: POST http://prefect-server:4200/api/flow_runs/f05af932-94b4-42ab-9688-feaedf3ad2ad/set_state \"HTTP/1.1 201 Created\"", "container": "prefect-worker"}
{"ts": "2026-08-12T08:28:11.314Z", "level": "INFO", "service": "worker", "logger": "httpx", "msg": "HTTP Request: GET http://prefect-server:4200/api/flow_runs/f05af932-94b4-42ab-9688-feaedf3ad2ad \"HTTP/1.1 200 OK\"", "container": "prefect-worker"}
{"ts": "2026-08-12T08:28:11.318Z", "level": "INFO", "service": "worker", "logger": "httpx", "msg": "HTTP Request: GET http://prefect-server:4200/api/admin/storage \"HTTP/1.1 200 OK\"", "container": "prefect-worker"}
{"ts": "2026-08-12T08:28:11.321Z", "level": "INFO", "service": "worker", "logger": "httpx", "msg": "HTTP Request: GET http://prefect-server:4200/api/admin/storage \"HTTP/1.1 200 OK\"", "container": "prefect-worker"}
{"ts": "2026-08-12T08:28:11.322Z", "level": "INFO", "service": "worker", "logger": "prefect.flow_runs", "msg": "Beginning flow run 'alpha3-bohr-cluster' for flow 'smarthub-train-model'", "flow_run_name": "alpha3-bohr-cluster", "flow_run_id": "f05af932-94b4-42ab-9688-feaedf3ad2ad", "flow_name": "smarthub-train-model", "deployment_name": "train-model", "container": "prefect-worker"}
{"ts": "2026-08-12T08:28:11.322Z", "level": "INFO", "service": "worker", "logger": "prefect.flow_runs", "msg": "View at http://prefect-server:4200/runs/flow-run/f05af932-94b4-42ab-9688-feaedf3ad2ad", "flow_run_name": "alpha3-bohr-cluster", "flow_run_id": "f05af932-94b4-42ab-9688-feaedf3ad2ad", "flow_name": "smarthub-train-model", "deployment_name": "train-model", "send_to_api": false, "container": "prefect-worker"}
{"ts": "2026-08-12T08:28:11.323Z", "level": "INFO", "service": "worker", "logger": "prefect.flow_runs", "msg": "STEP 3 train-model starting: lead_type=home (1), version=latest, mlflow=True", "flow_run_name": "alpha3-bohr-cluster", "flow_run_id": "f05af932-94b4-42ab-9688-feaedf3ad2ad", "flow_name": "smarthub-train-model", "deployment_name": "train-model", "container": "prefect-worker"}
{"ts": "2026-08-12T08:28:11.348Z", "level": "INFO", "service": "worker", "logger": "flow.train", "msg": "Loading training table for lead_type=home (1)", "container": "prefect-worker"}
{"ts": "2026-08-12T08:28:11.362Z", "level": "INFO", "service": "worker", "logger": "httpx", "msg": "HTTP Request: GET http://prefect-server:4200/api/flows/b482d204-61dd-4cd6-bc87-1c0295ffdd50 \"HTTP/1.1 200 OK\"", "container": "prefect-worker"}
{"ts": "2026-08-12T08:28:11.362Z", "level": "INFO", "service": "worker", "logger": "httpx", "msg": "HTTP Request: GET http://prefect-server:4200/api/work_queues/1359b356-bb73-44da-ae82-6233613dd549 \"HTTP/1.1 200 OK\"", "container": "prefect-worker"}
{"ts": "2026-08-12T08:28:11.364Z", "level": "INFO", "service": "worker", "logger": "httpx", "msg": "HTTP Request: GET http://prefect-server:4200/api/deployments/f2af7572-283e-43ab-bfa3-0ad7cee08503 \"HTTP/1.1 200 OK\"", "container": "prefect-worker"}
{"ts": "2026-08-12T08:28:11.365Z", "level": "INFO", "service": "worker", "logger": "httpx", "msg": "HTTP Request: GET http://prefect-server:4200/api/work_pools/smarthub-pool \"HTTP/1.1 200 OK\"", "container": "prefect-worker"}
{"ts": "2026-08-12T08:28:11.631Z", "level": "INFO", "service": "worker", "logger": "flow.train", "msg": "Dataset Prepared", "container": "prefect-worker"}
{"ts": "2026-08-12T08:28:11.631Z", "level": "INFO", "service": "worker", "logger": "flow.train", "msg": "  Training rows                         : 70,719", "container": "prefect-worker"}
{"ts": "2026-08-12T08:28:11.632Z", "level": "INFO", "service": "worker", "logger": "flow.train", "msg": "  Dropped rows                          : 0", "container": "prefect-worker"}
{"ts": "2026-08-12T08:28:11.632Z", "level": "INFO", "service": "worker", "logger": "flow.train", "msg": "  Win rate                              : 0.2841", "container": "prefect-worker"}
{"ts": "2026-08-12T08:28:11.632Z", "level": "INFO", "service": "worker", "logger": "flow.train", "msg": "  Feature count                         : 10 numeric, 7 categorical", "container": "prefect-worker"}
{"ts": "2026-08-12T08:28:11.632Z", "level": "INFO", "service": "worker", "logger": "flow.train", "msg": "  Missing feature columns               : none", "container": "prefect-worker"}
{"ts": "2026-08-12T08:28:11.650Z", "level": "INFO", "service": "worker", "logger": "flow.train", "msg": "Cleaning Data", "container": "prefect-worker"}
{"ts": "2026-08-12T08:28:11.650Z", "level": "INFO", "service": "worker", "logger": "flow.train", "msg": "  Dropped zero-variance features        : 3", "container": "prefect-worker"}
{"ts": "2026-08-12T08:28:11.650Z", "level": "INFO", "service": "worker", "logger": "flow.train", "msg": "  Zero-variance feature names           : military_affiliation, insured, num_home_claims", "container": "prefect-worker"}
{"ts": "2026-08-12T08:28:11.650Z", "level": "INFO", "service": "worker", "logger": "flow.train", "msg": "Feature columns: ['bid', 'age', 'continuous_coverage_months', 'created_hour', 'created_dayofweek', 'is_workday', 'is_married', 'age_cohort', 'state', 'gender', 'marital_status', 'campaign_id', 'traffic_tier', 'home_property_type']", "container": "prefect-worker"}
{"ts": "2026-08-12T08:28:12.137Z", "level": "INFO", "service": "worker", "logger": "httpx", "msg": "HTTP Request: GET http://prefect-server:4200/api/csrf-token?client=544b85ac-8d90-47b7-9628-f06b6ac751c3 \"HTTP/1.1 422 Unprocessable Entity\"", "container": "prefect-worker"}
{"ts": "2026-08-12T08:28:12.181Z", "level": "INFO", "service": "worker", "logger": "httpx", "msg": "HTTP Request: POST http://prefect-server:4200/api/logs/ \"HTTP/1.1 201 Created\"", "container": "prefect-worker"}
{"ts": "2026-08-12T08:28:12.214Z", "level": "INFO", "service": "worker", "logger": "flow.plots_and_reports", "msg": "Dataset Summary", "container": "prefect-worker"}
{"ts": "2026-08-12T08:28:12.214Z", "level": "INFO", "service": "worker", "logger": "flow.plots_and_reports", "msg": "  Total rows                            : 70,719", "container": "prefect-worker"}
{"ts": "2026-08-12T08:28:12.214Z", "level": "INFO", "service": "worker", "logger": "flow.plots_and_reports", "msg": "  Target win rate                       : 0.2841", "container": "prefect-worker"}
{"ts": "2026-08-12T08:28:12.215Z", "level": "INFO", "service": "worker", "logger": "flow.plots_and_reports", "msg": "  Features summarized                   : 14", "container": "prefect-worker"}
{"ts": "2026-08-12T08:28:12.215Z", "level": "INFO", "service": "worker", "logger": "flow.plots_and_reports", "msg": "  Features with missing values          : 0", "container": "prefect-worker"}
{"ts": "2026-08-12T08:28:12.215Z", "level": "INFO", "service": "worker", "logger": "flow.plots_and_reports", "msg": "  Total missing feature values          : 0", "container": "prefect-worker"}
{"ts": "2026-08-12T08:28:12.215Z", "level": "INFO", "service": "worker", "logger": "flow.plots_and_reports", "msg": "  Feature-value count rows saved        : 124", "container": "prefect-worker"}
{"ts": "2026-08-12T08:28:12.219Z", "level": "INFO", "service": "worker", "logger": "flow.train", "msg": "Train/Test Split", "container": "prefect-worker"}
{"ts": "2026-08-12T08:28:12.219Z", "level": "INFO", "service": "worker", "logger": "flow.train", "msg": "  Train rows                            : 56,575", "container": "prefect-worker"}
{"ts": "2026-08-12T08:28:12.219Z", "level": "INFO", "service": "worker", "logger": "flow.train", "msg": "  Test rows                             : 14,144", "container": "prefect-worker"}
{"ts": "2026-08-12T08:28:12.219Z", "level": "INFO", "service": "worker", "logger": "flow.train", "msg": "  Split method                          : time", "container": "prefect-worker"}
{"ts": "2026-08-12T08:28:12.219Z", "level": "INFO", "service": "worker", "logger": "flow.train", "msg": "  Test fraction                         : 0.20", "container": "prefect-worker"}
{"ts": "2026-08-12T08:28:12.219Z", "level": "INFO", "service": "worker", "logger": "flow.train", "msg": "  Train date range                      : 2026-07-22 04:24:37.550480 → 2026-08-09 18:37:14.741180", "container": "prefect-worker"}
{"ts": "2026-08-12T08:28:12.219Z", "level": "INFO", "service": "worker", "logger": "flow.train", "msg": "  Test date range                       : 2026-08-09 18:37:18.016235 → 2026-08-12 04:14:33.685167", "container": "prefect-worker"}
{"ts": "2026-08-12T08:28:12.219Z", "level": "INFO", "service": "worker", "logger": "flow.train", "msg": "  Test rows by weekday", "container": "prefect-worker"}
{"ts": "2026-08-12T08:28:12.222Z", "level": "INFO", "service": "worker", "logger": "flow.train", "msg": "    Monday     : 6,272", "container": "prefect-worker"}
{"ts": "2026-08-12T08:28:12.222Z", "level": "INFO", "service": "worker", "logger": "flow.train", "msg": "    Sunday     : 1,154", "container": "prefect-worker"}
{"ts": "2026-08-12T08:28:12.222Z", "level": "INFO", "service": "worker", "logger": "flow.train", "msg": "    Tuesday    : 5,908", "container": "prefect-worker"}
{"ts": "2026-08-12T08:28:12.222Z", "level": "INFO", "service": "worker", "logger": "flow.train", "msg": "    Wednesday  : 810", "container": "prefect-worker"}
{"ts": "2026-08-12T08:28:12.222Z", "level": "INFO", "service": "worker", "logger": "flow.train", "msg": "Training Model", "container": "prefect-worker"}
{"ts": "2026-08-12T08:28:12.222Z", "level": "INFO", "service": "worker", "logger": "flow.train", "msg": "  Model type                            : lightgbm", "container": "prefect-worker"}
{"ts": "2026-08-12T08:28:12.222Z", "level": "INFO", "service": "worker", "logger": "flow.train", "msg": "  Calibration enabled                   : False", "container": "prefect-worker"}
{"ts": "2026-08-12T08:28:14.321Z", "level": "INFO", "service": "worker", "logger": "flow.train", "msg": "Evaluating Model", "container": "prefect-worker"}
{"ts": "2026-08-12T08:28:14.623Z", "level": "INFO", "service": "worker", "logger": "flow.optimizer", "msg": "Optimizing bids for 14,144 rows in chunks of 500", "container": "prefect-worker"}
{"ts": "2026-08-12T08:28:21.370Z", "level": "INFO", "service": "worker", "logger": "flow.optimizer", "msg": "Optimized 5,000 / 14,144 rows", "container": "prefect-worker"}
{"ts": "2026-08-12T08:28:27.853Z", "level": "INFO", "service": "worker", "logger": "flow.optimizer", "msg": "Optimized 10,000 / 14,144 rows", "container": "prefect-worker"}
{"ts": "2026-08-12T08:28:33.295Z", "level": "INFO", "service": "worker", "logger": "flow.optimizer", "msg": "Optimized 14,144 / 14,144 rows", "container": "prefect-worker"}
{"ts": "2026-08-12T08:28:33.302Z", "level": "INFO", "service": "worker", "logger": "flow.optimizer_evaluation", "msg": "Bid Optimizer Evaluation", "container": "prefect-worker"}
{"ts": "2026-08-12T08:28:33.302Z", "level": "INFO", "service": "worker", "logger": "flow.optimizer_evaluation", "msg": "  Rows evaluated                     : 14,144", "container": "prefect-worker"}
{"ts": "2026-08-12T08:28:33.302Z", "level": "INFO", "service": "worker", "logger": "flow.optimizer_evaluation", "msg": "  Target CM                          : 25.00%", "container": "prefect-worker"}
{"ts": "2026-08-12T08:28:33.302Z", "level": "INFO", "service": "worker", "logger": "flow.optimizer_evaluation", "msg": "  Expected profit, current/recommended: 52496.6263 / 66933.9532", "container": "prefect-worker"}
{"ts": "2026-08-12T08:28:33.302Z", "level": "INFO", "service": "worker", "logger": "flow.optimizer_evaluation", "msg": "  Expected profit lift               : 14437.3269 (27.50%)", "container": "prefect-worker"}
{"ts": "2026-08-12T08:28:33.302Z", "level": "INFO", "service": "worker", "logger": "flow.optimizer_evaluation", "msg": "  Avg predicted win rate, current/reco: 0.2773 / 0.3546", "container": "prefect-worker"}
{"ts": "2026-08-12T08:28:33.303Z", "level": "INFO", "service": "worker", "logger": "flow.optimizer_evaluation", "msg": "  Bid increased/decreased/unchanged  : 57.83% / 40.66% / 1.51%", "container": "prefect-worker"}
{"ts": "2026-08-12T08:28:33.303Z", "level": "INFO", "service": "worker", "logger": "flow.optimizer_evaluation", "msg": "  Avg / median bid change            : 0.8913 / 0.3800", "container": "prefect-worker"}
{"ts": "2026-08-12T08:28:33.303Z", "level": "INFO", "service": "worker", "logger": "flow.optimizer_evaluation", "msg": "  Avg recommended CM if won           : 0.5999", "container": "prefect-worker"}
{"ts": "2026-08-12T08:28:33.303Z", "level": "INFO", "service": "worker", "logger": "flow.metrics", "msg": "Model Evaluation", "container": "prefect-worker"}
{"ts": "2026-08-12T08:28:33.303Z", "level": "INFO", "service": "worker", "logger": "flow.metrics", "msg": "  Rows trained                       : 70,719", "container": "prefect-worker"}
{"ts": "2026-08-12T08:28:33.303Z", "level": "INFO", "service": "worker", "logger": "flow.metrics", "msg": "  Train / test rows                  : 56,575 / 14,144", "container": "prefect-worker"}
{"ts": "2026-08-12T08:28:33.303Z", "level": "INFO", "service": "worker", "logger": "flow.metrics", "msg": "  ROC AUC                            : 0.8431", "container": "prefect-worker"}
{"ts": "2026-08-12T08:28:33.303Z", "level": "INFO", "service": "worker", "logger": "flow.metrics", "msg": "  PR AUC                             : 0.6521", "container": "prefect-worker"}
{"ts": "2026-08-12T08:28:33.303Z", "level": "INFO", "service": "worker", "logger": "flow.metrics", "msg": "  Log loss                           : 0.4105", "container": "prefect-worker"}
{"ts": "2026-08-12T08:28:33.303Z", "level": "INFO", "service": "worker", "logger": "flow.metrics", "msg": "  Brier score                        : 0.1375", "container": "prefect-worker"}
{"ts": "2026-08-12T08:28:33.303Z", "level": "INFO", "service": "worker", "logger": "flow.metrics", "msg": "  Accuracy / precision / recall / F1 / F2: 0.7924 / 0.6244 / 0.5193 / 0.5670 / 0.5374", "container": "prefect-worker"}
{"ts": "2026-08-12T08:28:33.303Z", "level": "INFO", "service": "worker", "logger": "flow.metrics", "msg": "  Calibration error                  : 0.0155", "container": "prefect-worker"}
{"ts": "2026-08-12T08:28:33.303Z", "level": "INFO", "service": "worker", "logger": "flow.metrics", "msg": "Business Metrics", "container": "prefect-worker"}
{"ts": "2026-08-12T08:28:33.303Z", "level": "INFO", "service": "worker", "logger": "flow.metrics", "msg": "  Observed win rate                  : 0.2618", "container": "prefect-worker"}
{"ts": "2026-08-12T08:28:33.303Z", "level": "INFO", "service": "worker", "logger": "flow.metrics", "msg": "  Predicted win rate, current bids   : 0.2773", "container": "prefect-worker"}
{"ts": "2026-08-12T08:28:33.303Z", "level": "INFO", "service": "worker", "logger": "flow.metrics", "msg": "  Predicted win rate, recommended    : 0.3546", "container": "prefect-worker"}
{"ts": "2026-08-12T08:28:33.303Z", "level": "INFO", "service": "worker", "logger": "flow.train", "msg": "Saving Reports", "container": "prefect-worker"}
{"ts": "2026-08-12T08:28:34.618Z", "level": "INFO", "service": "worker", "logger": "flow.train", "msg": "Lineage: model=lightgbm trained on table version 2026-08-12T070528Z (data 2026-07-22 04:24:37.550480 → 2026-08-12 04:14:33.685167, 70719 source rows)", "container": "prefect-worker"}
{"ts": "2026-08-12T08:28:34.824Z", "level": "INFO", "service": "worker", "logger": "flow.plots_and_reports", "msg": "Saved Training Reports", "container": "prefect-worker"}
{"ts": "2026-08-12T08:28:34.824Z", "level": "INFO", "service": "worker", "logger": "flow.plots_and_reports", "msg": "  Report directory                      : /app/data/model_evaluations/home", "container": "prefect-worker"}
{"ts": "2026-08-12T08:28:34.824Z", "level": "INFO", "service": "worker", "logger": "flow.plots_and_reports", "msg": "  Files generated                       : 13", "container": "prefect-worker"}
{"ts": "2026-08-12T08:28:34.824Z", "level": "INFO", "service": "worker", "logger": "flow.plots_and_reports", "msg": "    /app/data/model_evaluations/home/feature_summary.csv", "container": "prefect-worker"}
{"ts": "2026-08-12T08:28:34.824Z", "level": "INFO", "service": "worker", "logger": "flow.plots_and_reports", "msg": "    /app/data/model_evaluations/home/feature_value_counts.csv", "container": "prefect-worker"}
{"ts": "2026-08-12T08:28:34.824Z", "level": "INFO", "service": "worker", "logger": "flow.plots_and_reports", "msg": "    /app/data/model_evaluations/home/roc_curve.png", "container": "prefect-worker"}
{"ts": "2026-08-12T08:28:34.824Z", "level": "INFO", "service": "worker", "logger": "flow.plots_and_reports", "msg": "    /app/data/model_evaluations/home/precision_recall_curve.png", "container": "prefect-worker"}
{"ts": "2026-08-12T08:28:34.824Z", "level": "INFO", "service": "worker", "logger": "flow.plots_and_reports", "msg": "    /app/data/model_evaluations/home/calibration_curve.png", "container": "prefect-worker"}
{"ts": "2026-08-12T08:28:34.824Z", "level": "INFO", "service": "worker", "logger": "flow.plots_and_reports", "msg": "    /app/data/model_evaluations/home/probability_histogram.png", "container": "prefect-worker"}
{"ts": "2026-08-12T08:28:34.824Z", "level": "INFO", "service": "worker", "logger": "flow.plots_and_reports", "msg": "    /app/data/model_evaluations/home/confusion_matrix.png", "container": "prefect-worker"}
{"ts": "2026-08-12T08:28:34.824Z", "level": "INFO", "service": "worker", "logger": "flow.plots_and_reports", "msg": "    /app/data/model_evaluations/home/model_evaluation_summary.json", "container": "prefect-worker"}
{"ts": "2026-08-12T08:28:34.824Z", "level": "INFO", "service": "worker", "logger": "flow.plots_and_reports", "msg": "    /app/data/model_evaluations/home/optimizer_expected_profit_lift.png", "container": "prefect-worker"}
{"ts": "2026-08-12T08:28:34.824Z", "level": "INFO", "service": "worker", "logger": "flow.plots_and_reports", "msg": "    /app/data/model_evaluations/home/recommended_bid_change.png", "container": "prefect-worker"}
{"ts": "2026-08-12T08:28:34.824Z", "level": "INFO", "service": "worker", "logger": "flow.plots_and_reports", "msg": "    /app/data/model_evaluations/home/recommended_cm_distribution.png", "container": "prefect-worker"}
{"ts": "2026-08-12T08:28:34.824Z", "level": "INFO", "service": "worker", "logger": "flow.plots_and_reports", "msg": "    /app/data/model_evaluations/home/current_vs_recommended_win_rate.png", "container": "prefect-worker"}
{"ts": "2026-08-12T08:28:34.824Z", "level": "INFO", "service": "worker", "logger": "flow.plots_and_reports", "msg": "    /app/data/model_evaluations/home/bid_optimizer_test_rows.csv", "container": "prefect-worker"}
{"ts": "2026-08-12T08:28:34.923Z", "level": "INFO", "service": "worker", "logger": "botocore.credentials", "msg": "Found credentials in environment variables.", "container": "prefect-worker"}
{"ts": "2026-08-12T08:28:35.722Z", "level": "INFO", "service": "worker", "logger": "flow.optimizer", "msg": "Optimizing bids for 14,144 rows in chunks of 500", "container": "prefect-worker"}
{"ts": "2026-08-12T08:28:42.491Z", "level": "INFO", "service": "worker", "logger": "flow.optimizer", "msg": "Optimized 5,000 / 14,144 rows", "container": "prefect-worker"}
{"ts": "2026-08-12T08:28:48.999Z", "level": "INFO", "service": "worker", "logger": "flow.optimizer", "msg": "Optimized 10,000 / 14,144 rows", "container": "prefect-worker"}
{"ts": "2026-08-12T08:28:54.524Z", "level": "INFO", "service": "worker", "logger": "flow.optimizer", "msg": "Optimized 14,144 / 14,144 rows", "container": "prefect-worker"}
{"ts": "2026-08-12T08:28:54.531Z", "level": "INFO", "service": "worker", "logger": "flow.train", "msg": "Currently-serving model (run_20260812T081114Z_2a362a9b) re-scored on this test set: log loss=0.4105, PR AUC=0.6521", "container": "prefect-worker"}
{"ts": "2026-08-12T08:28:54.532Z", "level": "INFO", "service": "worker", "logger": "flow.train", "msg": "Promotion Evaluation", "container": "prefect-worker"}
{"ts": "2026-08-12T08:28:54.532Z", "level": "INFO", "service": "worker", "logger": "flow.train", "msg": "  Mode                                  : automatic", "container": "prefect-worker"}
{"ts": "2026-08-12T08:28:54.532Z", "level": "INFO", "service": "worker", "logger": "flow.train", "msg": "  Policy recommendation                 : ELIGIBLE", "container": "prefect-worker"}
{"ts": "2026-08-12T08:28:54.532Z", "level": "INFO", "service": "worker", "logger": "flow.train", "msg": "  Reason                                : Challenger passed the absolute thresholds and satisfies the 95% relative profit requirement and the 5000.00 absolute profit-loss tolerance; recommended CM is 59.99%, and log-loss regression 0.0000 is within tolerance.", "container": "prefect-worker"}
{"ts": "2026-08-12T08:28:54.597Z", "level": "INFO", "service": "worker", "logger": "flow.training_artifacts", "msg": "Prepared Model Comparison Artifacts", "container": "prefect-worker"}
{"ts": "2026-08-12T08:28:54.597Z", "level": "INFO", "service": "worker", "logger": "flow.training_artifacts", "msg": "  Evaluation dataset                    : /tmp/smarthub_model_comparison_l5496rwi/evaluation_dataset.parquet", "container": "prefect-worker"}
{"ts": "2026-08-12T08:28:54.597Z", "level": "INFO", "service": "worker", "logger": "flow.training_artifacts", "msg": "  Optimizer results                     : /tmp/smarthub_model_comparison_l5496rwi/optimizer_results.parquet", "container": "prefect-worker"}
{"ts": "2026-08-12T08:28:54.597Z", "level": "INFO", "service": "worker", "logger": "flow.training_artifacts", "msg": "  Metadata                              : /tmp/smarthub_model_comparison_l5496rwi/evaluation_metadata.json", "container": "prefect-worker"}
{"ts": "2026-08-12T08:28:54.597Z", "level": "INFO", "service": "worker", "logger": "flow.train", "msg": "Saved training run run_20260812T082854Z_278e2985 → /app/data/models/home/run_20260812T082854Z_278e2985.pkl", "container": "prefect-worker"}
{"ts": "2026-08-12T08:28:54.829Z", "level": "INFO", "service": "worker", "logger": "flow.registry", "msg": "Published run_20260812T082854Z_278e2985 to production storage (s3).", "container": "prefect-worker"}
{"ts": "2026-08-12T08:28:54.833Z", "level": "INFO", "service": "worker", "logger": "flow.train", "msg": "Automatically promoted home_v5 to currently-serving for 'home'.", "container": "prefect-worker"}
{"ts": "2026-08-12T08:28:56.422781240Z", "container": "prefect-worker", "msg": "2026/08/12 08:28:56 WARNING mlflow.sklearn: Saving scikit-learn models in the pickle or cloudpickle format requires exercising caution because these formats rely on Python's object serialization mechanism, which can execute arbitrary code during deserialization. The recommended safe alternative is the 'skops' format. For more information, see: https://scikit-learn.org/stable/model_persistence.html"}
{"ts": "2026-08-12T08:28:59.490577097Z", "container": "prefect-worker", "msg": "Registered model 'anton-win-probability-model' already exists. Creating a new version of this model..."}
{"ts": "2026-08-12T08:28:59.509600450Z", "container": "prefect-worker", "msg": "2026/08/12 08:28:59 WARNING mlflow.tracking._model_registry.fluent: Run with id f3fcedad73914a87b3a8d55fa30bc81c has no artifacts at artifact path 'model', registering model based on models:/m-8b0f330632c24193a806cad6b8cde735 instead"}
{"ts": "2026-08-12T08:28:59.518807634Z", "container": "prefect-worker", "msg": "Created version '10' of model 'anton-win-probability-model'."}
{"ts": "2026-08-12T08:28:59.561Z", "level": "INFO", "service": "worker", "logger": "flow.train", "msg": "Logged run 'run_20260812T082854Z_278e2985' to MLflow experiment 'anton_win_probability_home'", "container": "prefect-worker"}
{"ts": "2026-08-12T08:28:59.561Z", "level": "INFO", "service": "worker", "logger": "flow.train", "msg": "Logged run to MLflow experiment 'anton_win_probability'", "container": "prefect-worker"}
{"ts": "2026-08-12T08:28:59.564Z", "level": "INFO", "service": "worker", "logger": "prefect.task_runs", "msg": "Finished in state Completed()", "task_run_id": "019ff516-0ece-70fb-af6f-b756eb2679c4", "flow_run_id": "f05af932-94b4-42ab-9688-feaedf3ad2ad", "task_run_name": "train-anton-model-e98", "task_name": "train-anton-model", "flow_run_name": "alpha3-bohr-cluster", "flow_name": "smarthub-train-model", "container": "prefect-worker"}
{"ts": "2026-08-12T08:28:59.571Z", "level": "INFO", "service": "worker", "logger": "prefect.flow_runs", "msg": "Trained home model home_v5: log loss=0.4105, rows=70719 -> /app/data/models/home/run_20260812T082854Z_278e2985.pkl (promoted=True)", "flow_run_name": "alpha3-bohr-cluster", "flow_run_id": "f05af932-94b4-42ab-9688-feaedf3ad2ad", "flow_name": "smarthub-train-model", "deployment_name": "train-model", "container": "prefect-worker"}
{"ts": "2026-08-12T08:28:59.589Z", "level": "INFO", "service": "worker", "logger": "httpx", "msg": "HTTP Request: POST http://prefect-server:4200/api/artifacts/ \"HTTP/1.1 201 Created\"", "container": "prefect-worker"}
{"ts": "2026-08-12T08:28:59.671Z", "level": "INFO", "service": "worker", "logger": "httpx", "msg": "HTTP Request: POST http://prefect-server:4200/api/flow_runs/f05af932-94b4-42ab-9688-feaedf3ad2ad/set_state \"HTTP/1.1 201 Created\"", "container": "prefect-worker"}
{"ts": "2026-08-12T08:29:00.301Z", "level": "INFO", "service": "worker", "logger": "prefect.flow_runs", "msg": "Finished in state Completed()", "flow_run_name": "alpha3-bohr-cluster", "flow_run_id": "f05af932-94b4-42ab-9688-feaedf3ad2ad", "flow_name": "smarthub-train-model", "deployment_name": "train-model", "container": "prefect-worker"}
{"ts": "2026-08-12T08:29:00.306Z", "level": "INFO", "service": "worker", "logger": "httpx", "msg": "HTTP Request: GET http://prefect-server:4200/api/csrf-token?client=d578c53a-3c8c-4413-a50a-2952635bde6a \"HTTP/1.1 422 Unprocessable Entity\"", "container": "prefect-worker"}
{"ts": "2026-08-12T08:29:00.312Z", "level": "INFO", "service": "worker", "logger": "httpx", "msg": "HTTP Request: POST http://prefect-server:4200/api/logs/ \"HTTP/1.1 201 Created\"", "container": "prefect-worker"}
{"ts": "2026-08-12T08:29:01.480176603Z", "container": "prefect-worker", "msg": "08:29:01.479 | INFO    | prefect.flow_runs.runner - Process for flow run 'alpha3-bohr-cluster' exited cleanly."}
{"ts": "2026-08-12T08:29:58.437584108Z", "container": "prefect-worker", "msg": "08:29:58.436 | INFO    | prefect.flow_runs.worker - Worker 'ProcessWorker f327d0f1-955a-439b-a07d-6610c551accf' submitting flow run '019ff4ff-90fd-79de-bcd3-f8431bb56f7e'"}
{"ts": "2026-08-12T08:29:58.566815815Z", "container": "prefect-worker", "msg": "08:29:58.566 | INFO    | prefect.flow_runs.runner - Starting flow run process..."}
{"ts": "2026-08-12T08:29:58.589905310Z", "container": "prefect-worker", "msg": "08:29:58.589 | INFO    | prefect.flow_runs.worker - Flow run 'curly-puma' submitted to infrastructure"}
{"ts": "2026-08-12T08:29:59.790174981Z", "container": "prefect-worker", "msg": "08:29:59.784 | INFO    | Flow run 'curly-puma' - Running 1 deployment pull step(s)"}
{"ts": "2026-08-12T08:29:59.810714326Z", "container": "prefect-worker", "msg": "08:29:59.809 | INFO    | Flow run 'curly-puma' - Executing deployment step: set_working_directory"}
{"ts": "2026-08-12T08:29:59.822015246Z", "container": "prefect-worker", "msg": "08:29:59.821 | INFO    | Flow run 'curly-puma' - Deployment step 'set_working_directory' completed successfully"}
{"ts": "2026-08-12T08:29:59.835447214Z", "container": "prefect-worker", "msg": "08:29:59.834 | INFO    | Flow run 'curly-puma' - All deployment steps completed successfully"}
{"ts": "2026-08-12T08:29:59.914Z", "level": "INFO", "service": "worker", "logger": "httpx", "msg": "HTTP Request: GET http://prefect-server:4200/api/admin/version \"HTTP/1.1 200 OK\"", "container": "prefect-worker"}
{"ts": "2026-08-12T08:29:59.920Z", "level": "INFO", "service": "worker", "logger": "httpx", "msg": "HTTP Request: GET http://prefect-server:4200/api/csrf-token?client=15553954-b94e-4c69-95ff-260a25fcd85f \"HTTP/1.1 422 Unprocessable Entity\"", "container": "prefect-worker"}
{"ts": "2026-08-12T08:29:59.925Z", "level": "INFO", "service": "worker", "logger": "httpx", "msg": "HTTP Request: PATCH http://prefect-server:4200/api/flow_runs/019ff4ff-90fd-79de-bcd3-f8431bb56f7e \"HTTP/1.1 204 No Content\"", "container": "prefect-worker"}
{"ts": "2026-08-12T08:29:59.944Z", "level": "INFO", "service": "worker", "logger": "httpx", "msg": "HTTP Request: GET http://prefect-server:4200/api/flow_runs/019ff4ff-90fd-79de-bcd3-f8431bb56f7e \"HTTP/1.1 200 OK\"", "container": "prefect-worker"}
{"ts": "2026-08-12T08:29:59.957Z", "level": "INFO", "service": "worker", "logger": "httpx", "msg": "HTTP Request: POST http://prefect-server:4200/api/flow_runs/019ff4ff-90fd-79de-bcd3-f8431bb56f7e/set_state \"HTTP/1.1 201 Created\"", "container": "prefect-worker"}
{"ts": "2026-08-12T08:29:59.962Z", "level": "INFO", "service": "worker", "logger": "httpx", "msg": "HTTP Request: GET http://prefect-server:4200/api/flow_runs/019ff4ff-90fd-79de-bcd3-f8431bb56f7e \"HTTP/1.1 200 OK\"", "container": "prefect-worker"}
{"ts": "2026-08-12T08:29:59.967Z", "level": "INFO", "service": "worker", "logger": "httpx", "msg": "HTTP Request: GET http://prefect-server:4200/api/admin/storage \"HTTP/1.1 200 OK\"", "container": "prefect-worker"}
{"ts": "2026-08-12T08:29:59.970Z", "level": "INFO", "service": "worker", "logger": "httpx", "msg": "HTTP Request: GET http://prefect-server:4200/api/admin/storage \"HTTP/1.1 200 OK\"", "container": "prefect-worker"}
{"ts": "2026-08-12T08:29:59.970Z", "level": "INFO", "service": "worker", "logger": "prefect.flow_runs", "msg": "Beginning flow run 'curly-puma' for flow 'smarthub-build-features'", "flow_run_name": "curly-puma", "flow_run_id": "019ff4ff-90fd-79de-bcd3-f8431bb56f7e", "flow_name": "smarthub-build-features", "deployment_name": "build-features", "container": "prefect-worker"}
{"ts": "2026-08-12T08:29:59.970Z", "level": "INFO", "service": "worker", "logger": "prefect.flow_runs", "msg": "View at http://prefect-server:4200/runs/flow-run/019ff4ff-90fd-79de-bcd3-f8431bb56f7e", "flow_run_name": "curly-puma", "flow_run_id": "019ff4ff-90fd-79de-bcd3-f8431bb56f7e", "flow_name": "smarthub-build-features", "deployment_name": "build-features", "send_to_api": false, "container": "prefect-worker"}
{"ts": "2026-08-12T08:29:59.997Z", "level": "INFO", "service": "worker", "logger": "httpx", "msg": "HTTP Request: GET http://prefect-server:4200/api/flows/ed336d12-897f-42a6-bdf9-d48b8de86b57 \"HTTP/1.1 200 OK\"", "container": "prefect-worker"}
{"ts": "2026-08-12T08:30:00.060Z", "level": "INFO", "service": "worker", "logger": "httpx", "msg": "HTTP Request: GET http://prefect-server:4200/api/work_queues/109a2d50-2dca-4233-a9a5-9ec78fefd79f \"HTTP/1.1 200 OK\"", "container": "prefect-worker"}
{"ts": "2026-08-12T08:30:00.062Z", "level": "INFO", "service": "worker", "logger": "httpx", "msg": "HTTP Request: GET http://prefect-server:4200/api/work_pools/smarthub-pool \"HTTP/1.1 200 OK\"", "container": "prefect-worker"}
{"ts": "2026-08-12T08:30:00.063Z", "level": "INFO", "service": "worker", "logger": "httpx", "msg": "HTTP Request: GET http://prefect-server:4200/api/deployments/8d536def-a82a-4c94-941b-14c2c0468511 \"HTTP/1.1 200 OK\"", "container": "prefect-worker"}
{"ts": "2026-08-12T08:30:01.828Z", "level": "INFO", "service": "worker", "logger": "httpx", "msg": "HTTP Request: GET http://prefect-server:4200/api/csrf-token?client=f022a7d9-a935-4360-b2dd-36a230e2389c \"HTTP/1.1 422 Unprocessable Entity\"", "container": "prefect-worker"}
{"ts": "2026-08-12T08:30:01.839Z", "level": "INFO", "service": "worker", "logger": "httpx", "msg": "HTTP Request: POST http://prefect-server:4200/api/logs/ \"HTTP/1.1 201 Created\"", "container": "prefect-worker"}
{"ts": "2026-08-12T08:30:08.352Z", "level": "INFO", "service": "worker", "logger": "prefect.task_runs", "msg": "[auto] training table 2026-08-12T083007Z: 510572 rows, 40 cols -> /app/data/training_datasets/auto/2026-08-12T083007Z.parquet", "task_run_id": "019ff517-b735-7191-aefc-780ecfe61367", "flow_run_id": "019ff4ff-90fd-79de-bcd3-f8431bb56f7e", "task_run_name": "build-training-table-00d", "task_name": "build-training-table", "flow_run_name": "curly-puma", "flow_name": "smarthub-build-features", "container": "prefect-worker"}
{"ts": "2026-08-12T08:30:08.461Z", "level": "INFO", "service": "worker", "logger": "prefect.task_runs", "msg": "Finished in state Completed()", "task_run_id": "019ff517-b735-7191-aefc-780ecfe61367", "flow_run_id": "019ff4ff-90fd-79de-bcd3-f8431bb56f7e", "task_run_name": "build-training-table-00d", "task_name": "build-training-table", "flow_run_name": "curly-puma", "flow_name": "smarthub-build-features", "container": "prefect-worker"}
{"ts": "2026-08-12T08:30:08.482Z", "level": "INFO", "service": "worker", "logger": "httpx", "msg": "HTTP Request: POST http://prefect-server:4200/api/artifacts/ \"HTTP/1.1 201 Created\"", "container": "prefect-worker"}
{"ts": "2026-08-12T08:30:08.654Z", "level": "INFO", "service": "worker", "logger": "httpx", "msg": "HTTP Request: POST http://prefect-server:4200/api/flow_runs/019ff4ff-90fd-79de-bcd3-f8431bb56f7e/set_state \"HTTP/1.1 201 Created\"", "container": "prefect-worker"}
{"ts": "2026-08-12T08:30:09.463Z", "level": "INFO", "service": "worker", "logger": "prefect.flow_runs", "msg": "Finished in state Completed()", "flow_run_name": "curly-puma", "flow_run_id": "019ff4ff-90fd-79de-bcd3-f8431bb56f7e", "flow_name": "smarthub-build-features", "deployment_name": "build-features", "container": "prefect-worker"}
{"ts": "2026-08-12T08:30:09.473Z", "level": "INFO", "service": "worker", "logger": "httpx", "msg": "HTTP Request: POST http://prefect-server:4200/api/logs/ \"HTTP/1.1 201 Created\"", "container": "prefect-worker"}
{"ts": "2026-08-12T08:30:09.769122979Z", "container": "prefect-worker", "msg": "08:30:09.768 | INFO    | prefect.flow_runs.runner - Process for flow run 'curly-puma' exited cleanly."}
{"ts": "2026-08-12T08:44:57.562132906Z", "container": "prefect-worker", "msg": "08:44:57.561 | INFO    | prefect.flow_runs.worker - Worker 'ProcessWorker f327d0f1-955a-439b-a07d-6610c551accf' submitting flow run '019ff4ff-90fd-78d8-bd11-1e401e013af5'"}
{"ts": "2026-08-12T08:44:57.713226218Z", "container": "prefect-worker", "msg": "08:44:57.712 | INFO    | prefect.flow_runs.runner - Starting flow run process..."}
{"ts": "2026-08-12T08:44:57.737515683Z", "container": "prefect-worker", "msg": "08:44:57.736 | INFO    | prefect.flow_runs.worker - Flow run 'holistic-collie' submitted to infrastructure"}
{"ts": "2026-08-12T08:44:58.935733576Z", "container": "prefect-worker", "msg": "08:44:58.930 | INFO    | Flow run 'holistic-collie' - Running 1 deployment pull step(s)"}
{"ts": "2026-08-12T08:44:58.956227900Z", "container": "prefect-worker", "msg": "08:44:58.955 | INFO    | Flow run 'holistic-collie' - Executing deployment step: set_working_directory"}
{"ts": "2026-08-12T08:44:58.968100026Z", "container": "prefect-worker", "msg": "08:44:58.967 | INFO    | Flow run 'holistic-collie' - Deployment step 'set_working_directory' completed successfully"}
{"ts": "2026-08-12T08:44:58.981933777Z", "container": "prefect-worker", "msg": "08:44:58.981 | INFO    | Flow run 'holistic-collie' - All deployment steps completed successfully"}
{"ts": "2026-08-12T08:44:59.062Z", "level": "INFO", "service": "worker", "logger": "httpx", "msg": "HTTP Request: GET http://prefect-server:4200/api/admin/version \"HTTP/1.1 200 OK\"", "container": "prefect-worker"}
{"ts": "2026-08-12T08:44:59.066Z", "level": "INFO", "service": "worker", "logger": "httpx", "msg": "HTTP Request: GET http://prefect-server:4200/api/csrf-token?client=78225bd1-fd7d-4617-9450-4d569322c1b4 \"HTTP/1.1 422 Unprocessable Entity\"", "container": "prefect-worker"}
{"ts": "2026-08-12T08:44:59.071Z", "level": "INFO", "service": "worker", "logger": "httpx", "msg": "HTTP Request: PATCH http://prefect-server:4200/api/flow_runs/019ff4ff-90fd-78d8-bd11-1e401e013af5 \"HTTP/1.1 204 No Content\"", "container": "prefect-worker"}
{"ts": "2026-08-12T08:44:59.089Z", "level": "INFO", "service": "worker", "logger": "httpx", "msg": "HTTP Request: GET http://prefect-server:4200/api/flow_runs/019ff4ff-90fd-78d8-bd11-1e401e013af5 \"HTTP/1.1 200 OK\"", "container": "prefect-worker"}
{"ts": "2026-08-12T08:44:59.100Z", "level": "INFO", "service": "worker", "logger": "httpx", "msg": "HTTP Request: POST http://prefect-server:4200/api/flow_runs/019ff4ff-90fd-78d8-bd11-1e401e013af5/set_state \"HTTP/1.1 200 OK\"", "container": "prefect-worker"}
{"ts": "2026-08-12T08:45:00.114Z", "level": "INFO", "service": "worker", "logger": "httpx", "msg": "HTTP Request: POST http://prefect-server:4200/api/flow_runs/019ff4ff-90fd-78d8-bd11-1e401e013af5/set_state \"HTTP/1.1 201 Created\"", "container": "prefect-worker"}
{"ts": "2026-08-12T08:45:00.120Z", "level": "INFO", "service": "worker", "logger": "httpx", "msg": "HTTP Request: GET http://prefect-server:4200/api/flow_runs/019ff4ff-90fd-78d8-bd11-1e401e013af5 \"HTTP/1.1 200 OK\"", "container": "prefect-worker"}
{"ts": "2026-08-12T08:45:00.124Z", "level": "INFO", "service": "worker", "logger": "httpx", "msg": "HTTP Request: GET http://prefect-server:4200/api/admin/storage \"HTTP/1.1 200 OK\"", "container": "prefect-worker"}
{"ts": "2026-08-12T08:45:00.127Z", "level": "INFO", "service": "worker", "logger": "httpx", "msg": "HTTP Request: GET http://prefect-server:4200/api/admin/storage \"HTTP/1.1 200 OK\"", "container": "prefect-worker"}
{"ts": "2026-08-12T08:45:00.127Z", "level": "INFO", "service": "worker", "logger": "prefect.flow_runs", "msg": "Beginning flow run 'holistic-collie' for flow 'smarthub-build-features'", "flow_run_name": "holistic-collie", "flow_run_id": "019ff4ff-90fd-78d8-bd11-1e401e013af5", "flow_name": "smarthub-build-features", "deployment_name": "build-features", "container": "prefect-worker"}
{"ts": "2026-08-12T08:45:00.128Z", "level": "INFO", "service": "worker", "logger": "prefect.flow_runs", "msg": "View at http://prefect-server:4200/runs/flow-run/019ff4ff-90fd-78d8-bd11-1e401e013af5", "flow_run_name": "holistic-collie", "flow_run_id": "019ff4ff-90fd-78d8-bd11-1e401e013af5", "flow_name": "smarthub-build-features", "deployment_name": "build-features", "send_to_api": false, "container": "prefect-worker"}
{"ts": "2026-08-12T08:45:00.214Z", "level": "INFO", "service": "worker", "logger": "httpx", "msg": "HTTP Request: GET http://prefect-server:4200/api/flows/ed336d12-897f-42a6-bdf9-d48b8de86b57 \"HTTP/1.1 200 OK\"", "container": "prefect-worker"}
{"ts": "2026-08-12T08:45:00.214Z", "level": "INFO", "service": "worker", "logger": "httpx", "msg": "HTTP Request: GET http://prefect-server:4200/api/work_queues/109a2d50-2dca-4233-a9a5-9ec78fefd79f \"HTTP/1.1 200 OK\"", "container": "prefect-worker"}
{"ts": "2026-08-12T08:45:00.215Z", "level": "INFO", "service": "worker", "logger": "httpx", "msg": "HTTP Request: GET http://prefect-server:4200/api/deployments/8d536def-a82a-4c94-941b-14c2c0468511 \"HTTP/1.1 200 OK\"", "container": "prefect-worker"}
{"ts": "2026-08-12T08:45:00.215Z", "level": "INFO", "service": "worker", "logger": "httpx", "msg": "HTTP Request: GET http://prefect-server:4200/api/work_pools/smarthub-pool \"HTTP/1.1 200 OK\"", "container": "prefect-worker"}
{"ts": "2026-08-12T08:45:00.972Z", "level": "INFO", "service": "worker", "logger": "httpx", "msg": "HTTP Request: GET http://prefect-server:4200/api/csrf-token?client=4b6d20b8-c72f-44a6-b9e8-234b6f7e5461 \"HTTP/1.1 422 Unprocessable Entity\"", "container": "prefect-worker"}
{"ts": "2026-08-12T08:45:00.980Z", "level": "INFO", "service": "worker", "logger": "httpx", "msg": "HTTP Request: POST http://prefect-server:4200/api/logs/ \"HTTP/1.1 201 Created\"", "container": "prefect-worker"}
{"ts": "2026-08-12T08:45:05.277Z", "level": "INFO", "service": "worker", "logger": "prefect.task_runs", "msg": "[home] training table 2026-08-12T084505Z: 71055 rows, 34 cols -> /app/data/training_datasets/home/2026-08-12T084505Z.parquet", "task_run_id": "019ff525-7372-74d5-9824-e57f43328bda", "flow_run_id": "019ff4ff-90fd-78d8-bd11-1e401e013af5", "task_run_name": "build-training-table-995", "task_name": "build-training-table", "flow_run_name": "holistic-collie", "flow_name": "smarthub-build-features", "container": "prefect-worker"}
{"ts": "2026-08-12T08:45:05.414Z", "level": "INFO", "service": "worker", "logger": "prefect.task_runs", "msg": "Finished in state Completed()", "task_run_id": "019ff525-7372-74d5-9824-e57f43328bda", "flow_run_id": "019ff4ff-90fd-78d8-bd11-1e401e013af5", "task_run_name": "build-training-table-995", "task_name": "build-training-table", "flow_run_name": "holistic-collie", "flow_name": "smarthub-build-features", "container": "prefect-worker"}
{"ts": "2026-08-12T08:45:05.435Z", "level": "INFO", "service": "worker", "logger": "httpx", "msg": "HTTP Request: POST http://prefect-server:4200/api/artifacts/ \"HTTP/1.1 201 Created\"", "container": "prefect-worker"}
{"ts": "2026-08-12T08:45:05.548Z", "level": "INFO", "service": "worker", "logger": "httpx", "msg": "HTTP Request: POST http://prefect-server:4200/api/flow_runs/019ff4ff-90fd-78d8-bd11-1e401e013af5/set_state \"HTTP/1.1 201 Created\"", "container": "prefect-worker"}
{"ts": "2026-08-12T08:45:05.812Z", "level": "INFO", "service": "worker", "logger": "httpx", "msg": "HTTP Request: POST http://prefect-server:4200/api/logs/ \"HTTP/1.1 201 Created\"", "container": "prefect-worker"}
{"ts": "2026-08-12T08:45:05.815Z", "level": "INFO", "service": "worker", "logger": "prefect.flow_runs", "msg": "Finished in state Completed()", "flow_run_name": "holistic-collie", "flow_run_id": "019ff4ff-90fd-78d8-bd11-1e401e013af5", "flow_name": "smarthub-build-features", "deployment_name": "build-features", "container": "prefect-worker"}
{"ts": "2026-08-12T08:45:05.822Z", "level": "INFO", "service": "worker", "logger": "httpx", "msg": "HTTP Request: POST http://prefect-server:4200/api/logs/ \"HTTP/1.1 201 Created\"", "container": "prefect-worker"}
{"ts": "2026-08-12T08:45:06.113179550Z", "container": "prefect-worker", "msg": "08:45:06.112 | INFO    | prefect.flow_runs.runner - Process for flow run 'holistic-collie' exited cleanly."}
{"ts": "2026-08-12T09:11:09.703458920Z", "container": "prefect-worker", "msg": "09:11:09.702 | INFO    | prefect.flow_runs.worker - Worker 'ProcessWorker f327d0f1-955a-439b-a07d-6610c551accf' submitting flow run 'f75a91de-88ea-4ce7-b3ea-98ce85370637'"}
{"ts": "2026-08-12T09:11:09.845098306Z", "container": "prefect-worker", "msg": "09:11:09.844 | INFO    | prefect.flow_runs.runner - Starting flow run process..."}
{"ts": "2026-08-12T09:11:09.870757531Z", "container": "prefect-worker", "msg": "09:11:09.870 | INFO    | prefect.flow_runs.worker - Flow run 'pi4-scheat-f' submitted to infrastructure"}
{"ts": "2026-08-12T09:11:11.122286761Z", "container": "prefect-worker", "msg": "09:11:11.110 | INFO    | Flow run 'pi4-scheat-f' - Running 1 deployment pull step(s)"}
{"ts": "2026-08-12T09:11:11.143747493Z", "container": "prefect-worker", "msg": "09:11:11.142 | INFO    | Flow run 'pi4-scheat-f' - Executing deployment step: set_working_directory"}
{"ts": "2026-08-12T09:11:11.155179105Z", "container": "prefect-worker", "msg": "09:11:11.154 | INFO    | Flow run 'pi4-scheat-f' - Deployment step 'set_working_directory' completed successfully"}
{"ts": "2026-08-12T09:11:11.170765029Z", "container": "prefect-worker", "msg": "09:11:11.169 | INFO    | Flow run 'pi4-scheat-f' - All deployment steps completed successfully"}
{"ts": "2026-08-12T09:11:12.356Z", "level": "INFO", "service": "worker", "logger": "httpx", "msg": "HTTP Request: GET http://prefect-server:4200/api/admin/version \"HTTP/1.1 200 OK\"", "container": "prefect-worker"}
{"ts": "2026-08-12T09:11:12.360Z", "level": "INFO", "service": "worker", "logger": "httpx", "msg": "HTTP Request: GET http://prefect-server:4200/api/csrf-token?client=d378d7b8-7386-4505-a5b3-bc040353529e \"HTTP/1.1 422 Unprocessable Entity\"", "container": "prefect-worker"}
{"ts": "2026-08-12T09:11:12.365Z", "level": "INFO", "service": "worker", "logger": "httpx", "msg": "HTTP Request: PATCH http://prefect-server:4200/api/flow_runs/f75a91de-88ea-4ce7-b3ea-98ce85370637 \"HTTP/1.1 204 No Content\"", "container": "prefect-worker"}
{"ts": "2026-08-12T09:11:12.386Z", "level": "INFO", "service": "worker", "logger": "httpx", "msg": "HTTP Request: GET http://prefect-server:4200/api/flow_runs/f75a91de-88ea-4ce7-b3ea-98ce85370637 \"HTTP/1.1 200 OK\"", "container": "prefect-worker"}
{"ts": "2026-08-12T09:11:12.403Z", "level": "INFO", "service": "worker", "logger": "httpx", "msg": "HTTP Request: POST http://prefect-server:4200/api/flow_runs/f75a91de-88ea-4ce7-b3ea-98ce85370637/set_state \"HTTP/1.1 201 Created\"", "container": "prefect-worker"}
{"ts": "2026-08-12T09:11:12.410Z", "level": "INFO", "service": "worker", "logger": "httpx", "msg": "HTTP Request: GET http://prefect-server:4200/api/flow_runs/f75a91de-88ea-4ce7-b3ea-98ce85370637 \"HTTP/1.1 200 OK\"", "container": "prefect-worker"}
{"ts": "2026-08-12T09:11:12.416Z", "level": "INFO", "service": "worker", "logger": "httpx", "msg": "HTTP Request: GET http://prefect-server:4200/api/admin/storage \"HTTP/1.1 200 OK\"", "container": "prefect-worker"}
{"ts": "2026-08-12T09:11:12.420Z", "level": "INFO", "service": "worker", "logger": "httpx", "msg": "HTTP Request: GET http://prefect-server:4200/api/admin/storage \"HTTP/1.1 200 OK\"", "container": "prefect-worker"}
{"ts": "2026-08-12T09:11:12.420Z", "level": "INFO", "service": "worker", "logger": "prefect.flow_runs", "msg": "Beginning flow run 'pi4-scheat-f' for flow 'smarthub-train-model'", "flow_run_name": "pi4-scheat-f", "flow_run_id": "f75a91de-88ea-4ce7-b3ea-98ce85370637", "flow_name": "smarthub-train-model", "deployment_name": "train-model", "container": "prefect-worker"}
{"ts": "2026-08-12T09:11:12.420Z", "level": "INFO", "service": "worker", "logger": "prefect.flow_runs", "msg": "View at http://prefect-server:4200/runs/flow-run/f75a91de-88ea-4ce7-b3ea-98ce85370637", "flow_run_name": "pi4-scheat-f", "flow_run_id": "f75a91de-88ea-4ce7-b3ea-98ce85370637", "flow_name": "smarthub-train-model", "deployment_name": "train-model", "send_to_api": false, "container": "prefect-worker"}
{"ts": "2026-08-12T09:11:12.421Z", "level": "INFO", "service": "worker", "logger": "prefect.flow_runs", "msg": "STEP 3 train-model starting: lead_type=auto (6), version=latest, mlflow=True", "flow_run_name": "pi4-scheat-f", "flow_run_id": "f75a91de-88ea-4ce7-b3ea-98ce85370637", "flow_name": "smarthub-train-model", "deployment_name": "train-model", "container": "prefect-worker"}
{"ts": "2026-08-12T09:11:12.447Z", "level": "INFO", "service": "worker", "logger": "flow.train", "msg": "Loading training table for lead_type=auto (6)", "container": "prefect-worker"}
{"ts": "2026-08-12T09:11:12.467Z", "level": "INFO", "service": "worker", "logger": "httpx", "msg": "HTTP Request: GET http://prefect-server:4200/api/flows/b482d204-61dd-4cd6-bc87-1c0295ffdd50 \"HTTP/1.1 200 OK\"", "container": "prefect-worker"}
{"ts": "2026-08-12T09:11:12.478Z", "level": "INFO", "service": "worker", "logger": "httpx", "msg": "HTTP Request: GET http://prefect-server:4200/api/work_queues/1359b356-bb73-44da-ae82-6233613dd549 \"HTTP/1.1 200 OK\"", "container": "prefect-worker"}
{"ts": "2026-08-12T09:11:12.483Z", "level": "INFO", "service": "worker", "logger": "httpx", "msg": "HTTP Request: GET http://prefect-server:4200/api/deployments/f2af7572-283e-43ab-bfa3-0ad7cee08503 \"HTTP/1.1 200 OK\"", "container": "prefect-worker"}
{"ts": "2026-08-12T09:11:12.483Z", "level": "INFO", "service": "worker", "logger": "httpx", "msg": "HTTP Request: GET http://prefect-server:4200/api/work_pools/smarthub-pool \"HTTP/1.1 200 OK\"", "container": "prefect-worker"}
{"ts": "2026-08-12T09:11:13.293Z", "level": "INFO", "service": "worker", "logger": "httpx", "msg": "HTTP Request: GET http://prefect-server:4200/api/csrf-token?client=a8d9e5fb-6b35-468c-936e-b4cee08ca647 \"HTTP/1.1 422 Unprocessable Entity\"", "container": "prefect-worker"}
{"ts": "2026-08-12T09:11:13.347Z", "level": "INFO", "service": "worker", "logger": "httpx", "msg": "HTTP Request: POST http://prefect-server:4200/api/logs/ \"HTTP/1.1 201 Created\"", "container": "prefect-worker"}
{"ts": "2026-08-12T09:11:14.277Z", "level": "INFO", "service": "worker", "logger": "flow.train", "msg": "Dataset Prepared", "container": "prefect-worker"}
{"ts": "2026-08-12T09:11:14.277Z", "level": "INFO", "service": "worker", "logger": "flow.train", "msg": "  Training rows                         : 510,572", "container": "prefect-worker"}
{"ts": "2026-08-12T09:11:14.278Z", "level": "INFO", "service": "worker", "logger": "flow.train", "msg": "  Dropped rows                          : 0", "container": "prefect-worker"}
{"ts": "2026-08-12T09:11:14.278Z", "level": "INFO", "service": "worker", "logger": "flow.train", "msg": "  Win rate                              : 0.3558", "container": "prefect-worker"}
{"ts": "2026-08-12T09:11:14.278Z", "level": "INFO", "service": "worker", "logger": "flow.train", "msg": "  Feature count                         : 17 numeric, 6 categorical", "container": "prefect-worker"}
{"ts": "2026-08-12T09:11:14.278Z", "level": "INFO", "service": "worker", "logger": "flow.train", "msg": "  Missing feature columns               : none", "container": "prefect-worker"}
{"ts": "2026-08-12T09:11:14.392Z", "level": "INFO", "service": "worker", "logger": "flow.train", "msg": "Cleaning Data", "container": "prefect-worker"}
{"ts": "2026-08-12T09:11:14.392Z", "level": "INFO", "service": "worker", "logger": "flow.train", "msg": "  Dropped zero-variance features        : 5", "container": "prefect-worker"}
{"ts": "2026-08-12T09:11:14.392Z", "level": "INFO", "service": "worker", "logger": "flow.train", "msg": "  Zero-variance feature names           : military_affiliation, insured, home_owner, dui, sr22_required", "container": "prefect-worker"}
{"ts": "2026-08-12T09:11:14.392Z", "level": "INFO", "service": "worker", "logger": "flow.train", "msg": "Feature columns: ['bid', 'age', 'continuous_coverage_months', 'created_hour', 'created_dayofweek', 'is_workday', 'is_married', 'num_vehicles', 'num_drivers', 'num_auto_violations', 'num_auto_accidents', 'multi_vehicle', 'age_cohort', 'state', 'gender', 'marital_status', 'campaign_id', 'traffic_tier']", "container": "prefect-worker"}
{"ts": "2026-08-12T09:11:19.552Z", "level": "INFO", "service": "worker", "logger": "flow.plots_and_reports", "msg": "Dataset Summary", "container": "prefect-worker"}
{"ts": "2026-08-12T09:11:19.552Z", "level": "INFO", "service": "worker", "logger": "flow.plots_and_reports", "msg": "  Total rows                            : 510,572", "container": "prefect-worker"}
{"ts": "2026-08-12T09:11:19.553Z", "level": "INFO", "service": "worker", "logger": "flow.plots_and_reports", "msg": "  Target win rate                       : 0.3558", "container": "prefect-worker"}
{"ts": "2026-08-12T09:11:19.553Z", "level": "INFO", "service": "worker", "logger": "flow.plots_and_reports", "msg": "  Features summarized                   : 18", "container": "prefect-worker"}
{"ts": "2026-08-12T09:11:19.554Z", "level": "INFO", "service": "worker", "logger": "flow.plots_and_reports", "msg": "  Features with missing values          : 0", "container": "prefect-worker"}
{"ts": "2026-08-12T09:11:19.554Z", "level": "INFO", "service": "worker", "logger": "flow.plots_and_reports", "msg": "  Total missing feature values          : 0", "container": "prefect-worker"}
{"ts": "2026-08-12T09:11:19.554Z", "level": "INFO", "service": "worker", "logger": "flow.plots_and_reports", "msg": "  Feature-value count rows saved        : 150", "container": "prefect-worker"}
{"ts": "2026-08-12T09:11:19.572Z", "level": "INFO", "service": "worker", "logger": "flow.train", "msg": "Train/Test Split", "container": "prefect-worker"}
{"ts": "2026-08-12T09:11:19.572Z", "level": "INFO", "service": "worker", "logger": "flow.train", "msg": "  Train rows                            : 408,458", "container": "prefect-worker"}
{"ts": "2026-08-12T09:11:19.572Z", "level": "INFO", "service": "worker", "logger": "flow.train", "msg": "  Test rows                             : 102,114", "container": "prefect-worker"}
{"ts": "2026-08-12T09:11:19.572Z", "level": "INFO", "service": "worker", "logger": "flow.train", "msg": "  Split method                          : time", "container": "prefect-worker"}
{"ts": "2026-08-12T09:11:19.572Z", "level": "INFO", "service": "worker", "logger": "flow.train", "msg": "  Test fraction                         : 0.20", "container": "prefect-worker"}
{"ts": "2026-08-12T09:11:19.573Z", "level": "INFO", "service": "worker", "logger": "flow.train", "msg": "  Train date range                      : 2026-07-22 08:14:33.212168 → 2026-08-07 17:58:27.133347", "container": "prefect-worker"}
{"ts": "2026-08-12T09:11:19.573Z", "level": "INFO", "service": "worker", "logger": "flow.train", "msg": "  Test date range                       : 2026-08-07 17:58:27.924663 → 2026-08-12 07:59:30.637039", "container": "prefect-worker"}
{"ts": "2026-08-12T09:11:19.573Z", "level": "INFO", "service": "worker", "logger": "flow.train", "msg": "  Test rows by weekday", "container": "prefect-worker"}
{"ts": "2026-08-12T09:11:19.592Z", "level": "INFO", "service": "worker", "logger": "flow.train", "msg": "    Friday     : 10,719", "container": "prefect-worker"}
{"ts": "2026-08-12T09:11:19.592Z", "level": "INFO", "service": "worker", "logger": "flow.train", "msg": "    Monday     : 32,484", "container": "prefect-worker"}
{"ts": "2026-08-12T09:11:19.592Z", "level": "INFO", "service": "worker", "logger": "flow.train", "msg": "    Saturday   : 13,928", "container": "prefect-worker"}
{"ts": "2026-08-12T09:11:19.592Z", "level": "INFO", "service": "worker", "logger": "flow.train", "msg": "    Sunday     : 12,255", "container": "prefect-worker"}
{"ts": "2026-08-12T09:11:19.592Z", "level": "INFO", "service": "worker", "logger": "flow.train", "msg": "    Tuesday    : 28,536", "container": "prefect-worker"}
{"ts": "2026-08-12T09:11:19.592Z", "level": "INFO", "service": "worker", "logger": "flow.train", "msg": "    Wednesday  : 4,192", "container": "prefect-worker"}
{"ts": "2026-08-12T09:11:19.592Z", "level": "INFO", "service": "worker", "logger": "flow.train", "msg": "Training Model", "container": "prefect-worker"}
{"ts": "2026-08-12T09:11:19.592Z", "level": "INFO", "service": "worker", "logger": "flow.train", "msg": "  Model type                            : lightgbm", "container": "prefect-worker"}
{"ts": "2026-08-12T09:11:19.592Z", "level": "INFO", "service": "worker", "logger": "flow.train", "msg": "  Calibration enabled                   : False", "container": "prefect-worker"}
{"ts": "2026-08-12T09:11:27.722Z", "level": "INFO", "service": "worker", "logger": "flow.train", "msg": "Evaluating Model", "container": "prefect-worker"}
{"ts": "2026-08-12T09:11:29.655Z", "level": "INFO", "service": "worker", "logger": "flow.optimizer", "msg": "Optimizing bids for 102,114 rows in chunks of 500", "container": "prefect-worker"}
{"ts": "2026-08-12T09:11:36.822Z", "level": "INFO", "service": "worker", "logger": "flow.optimizer", "msg": "Optimized 5,000 / 102,114 rows", "container": "prefect-worker"}
{"ts": "2026-08-12T09:11:43.868Z", "level": "INFO", "service": "worker", "logger": "flow.optimizer", "msg": "Optimized 10,000 / 102,114 rows", "container": "prefect-worker"}
{"ts": "2026-08-12T09:11:50.650Z", "level": "INFO", "service": "worker", "logger": "flow.optimizer", "msg": "Optimized 15,000 / 102,114 rows", "container": "prefect-worker"}
{"ts": "2026-08-12T09:11:57.459Z", "level": "INFO", "service": "worker", "logger": "flow.optimizer", "msg": "Optimized 20,000 / 102,114 rows", "container": "prefect-worker"}
{"ts": "2026-08-12T09:12:03.997Z", "level": "INFO", "service": "worker", "logger": "flow.optimizer", "msg": "Optimized 25,000 / 102,114 rows", "container": "prefect-worker"}
{"ts": "2026-08-12T09:12:10.962Z", "level": "INFO", "service": "worker", "logger": "flow.optimizer", "msg": "Optimized 30,000 / 102,114 rows", "container": "prefect-worker"}
{"ts": "2026-08-12T09:12:17.701Z", "level": "INFO", "service": "worker", "logger": "flow.optimizer", "msg": "Optimized 35,000 / 102,114 rows", "container": "prefect-worker"}
{"ts": "2026-08-12T09:12:24.570Z", "level": "INFO", "service": "worker", "logger": "flow.optimizer", "msg": "Optimized 40,000 / 102,114 rows", "container": "prefect-worker"}
{"ts": "2026-08-12T09:12:31.945Z", "level": "INFO", "service": "worker", "logger": "flow.optimizer", "msg": "Optimized 45,000 / 102,114 rows", "container": "prefect-worker"}
{"ts": "2026-08-12T09:12:39.350Z", "level": "INFO", "service": "worker", "logger": "flow.optimizer", "msg": "Optimized 50,000 / 102,114 rows", "container": "prefect-worker"}
{"ts": "2026-08-12T09:12:46.850Z", "level": "INFO", "service": "worker", "logger": "flow.optimizer", "msg": "Optimized 55,000 / 102,114 rows", "container": "prefect-worker"}
{"ts": "2026-08-12T09:12:54.092Z", "level": "INFO", "service": "worker", "logger": "flow.optimizer", "msg": "Optimized 60,000 / 102,114 rows", "container": "prefect-worker"}
{"ts": "2026-08-12T09:13:01.418Z", "level": "INFO", "service": "worker", "logger": "flow.optimizer", "msg": "Optimized 65,000 / 102,114 rows", "container": "prefect-worker"}
{"ts": "2026-08-12T09:13:08.577Z", "level": "INFO", "service": "worker", "logger": "flow.optimizer", "msg": "Optimized 70,000 / 102,114 rows", "container": "prefect-worker"}
{"ts": "2026-08-12T09:13:15.968Z", "level": "INFO", "service": "worker", "logger": "flow.optimizer", "msg": "Optimized 75,000 / 102,114 rows", "container": "prefect-worker"}
{"ts": "2026-08-12T09:13:23.527Z", "level": "INFO", "service": "worker", "logger": "flow.optimizer", "msg": "Optimized 80,000 / 102,114 rows", "container": "prefect-worker"}
{"ts": "2026-08-12T09:13:31.129Z", "level": "INFO", "service": "worker", "logger": "flow.optimizer", "msg": "Optimized 85,000 / 102,114 rows", "container": "prefect-worker"}
{"ts": "2026-08-12T09:13:38.624Z", "level": "INFO", "service": "worker", "logger": "flow.optimizer", "msg": "Optimized 90,000 / 102,114 rows", "container": "prefect-worker"}
{"ts": "2026-08-12T09:13:45.980Z", "level": "INFO", "service": "worker", "logger": "flow.optimizer", "msg": "Optimized 95,000 / 102,114 rows", "container": "prefect-worker"}
{"ts": "2026-08-12T09:13:53.192Z", "level": "INFO", "service": "worker", "logger": "flow.optimizer", "msg": "Optimized 100,000 / 102,114 rows", "container": "prefect-worker"}
{"ts": "2026-08-12T09:13:56.370Z", "level": "INFO", "service": "worker", "logger": "flow.optimizer", "msg": "Optimized 102,114 / 102,114 rows", "container": "prefect-worker"}
{"ts": "2026-08-12T09:13:56.411Z", "level": "INFO", "service": "worker", "logger": "flow.optimizer_evaluation", "msg": "Bid Optimizer Evaluation", "container": "prefect-worker"}
{"ts": "2026-08-12T09:13:56.411Z", "level": "INFO", "service": "worker", "logger": "flow.optimizer_evaluation", "msg": "  Rows evaluated                     : 102,114", "container": "prefect-worker"}
{"ts": "2026-08-12T09:13:56.411Z", "level": "INFO", "service": "worker", "logger": "flow.optimizer_evaluation", "msg": "  Target CM                          : 25.00%", "container": "prefect-worker"}
{"ts": "2026-08-12T09:13:56.411Z", "level": "INFO", "service": "worker", "logger": "flow.optimizer_evaluation", "msg": "  Expected profit, current/recommended: 379490.3156 / 543822.3454", "container": "prefect-worker"}
{"ts": "2026-08-12T09:13:56.411Z", "level": "INFO", "service": "worker", "logger": "flow.optimizer_evaluation", "msg": "  Expected profit lift               : 164332.0298 (43.30%)", "container": "prefect-worker"}
{"ts": "2026-08-12T09:13:56.411Z", "level": "INFO", "service": "worker", "logger": "flow.optimizer_evaluation", "msg": "  Avg predicted win rate, current/reco: 0.3303 / 0.4004", "container": "prefect-worker"}
{"ts": "2026-08-12T09:13:56.411Z", "level": "INFO", "service": "worker", "logger": "flow.optimizer_evaluation", "msg": "  Bid increased/decreased/unchanged  : 52.63% / 46.07% / 1.29%", "container": "prefect-worker"}
{"ts": "2026-08-12T09:13:56.411Z", "level": "INFO", "service": "worker", "logger": "flow.optimizer_evaluation", "msg": "  Avg / median bid change            : 0.6457 / 0.1700", "container": "prefect-worker"}
{"ts": "2026-08-12T09:13:56.411Z", "level": "INFO", "service": "worker", "logger": "flow.optimizer_evaluation", "msg": "  Avg recommended CM if won           : 0.5841", "container": "prefect-worker"}
{"ts": "2026-08-12T09:13:56.411Z", "level": "INFO", "service": "worker", "logger": "flow.metrics", "msg": "Model Evaluation", "container": "prefect-worker"}
{"ts": "2026-08-12T09:13:56.412Z", "level": "INFO", "service": "worker", "logger": "flow.metrics", "msg": "  Rows trained                       : 510,572", "container": "prefect-worker"}
{"ts": "2026-08-12T09:13:56.412Z", "level": "INFO", "service": "worker", "logger": "flow.metrics", "msg": "  Train / test rows                  : 408,458 / 102,114", "container": "prefect-worker"}
{"ts": "2026-08-12T09:13:56.412Z", "level": "INFO", "service": "worker", "logger": "flow.metrics", "msg": "  ROC AUC                            : 0.9199", "container": "prefect-worker"}
{"ts": "2026-08-12T09:13:56.412Z", "level": "INFO", "service": "worker", "logger": "flow.metrics", "msg": "  PR AUC                             : 0.8571", "container": "prefect-worker"}
{"ts": "2026-08-12T09:13:56.413Z", "level": "INFO", "service": "worker", "logger": "flow.metrics", "msg": "  Log loss                           : 0.3255", "container": "prefect-worker"}
{"ts": "2026-08-12T09:13:56.413Z", "level": "INFO", "service": "worker", "logger": "flow.metrics", "msg": "  Brier score                        : 0.1072", "container": "prefect-worker"}
{"ts": "2026-08-12T09:13:56.413Z", "level": "INFO", "service": "worker", "logger": "flow.metrics", "msg": "  Accuracy / precision / recall / F1 / F2: 0.8411 / 0.7703 / 0.7317 / 0.7505 / 0.7391", "container": "prefect-worker"}
{"ts": "2026-08-12T09:13:56.413Z", "level": "INFO", "service": "worker", "logger": "flow.metrics", "msg": "  Calibration error                  : 0.0037", "container": "prefect-worker"}
{"ts": "2026-08-12T09:13:56.414Z", "level": "INFO", "service": "worker", "logger": "flow.metrics", "msg": "Business Metrics", "container": "prefect-worker"}
{"ts": "2026-08-12T09:13:56.414Z", "level": "INFO", "service": "worker", "logger": "flow.metrics", "msg": "  Observed win rate                  : 0.3266", "container": "prefect-worker"}
{"ts": "2026-08-12T09:13:56.414Z", "level": "INFO", "service": "worker", "logger": "flow.metrics", "msg": "  Predicted win rate, current bids   : 0.3303", "container": "prefect-worker"}
{"ts": "2026-08-12T09:13:56.414Z", "level": "INFO", "service": "worker", "logger": "flow.metrics", "msg": "  Predicted win rate, recommended    : 0.4004", "container": "prefect-worker"}
{"ts": "2026-08-12T09:13:56.414Z", "level": "INFO", "service": "worker", "logger": "flow.train", "msg": "Saving Reports", "container": "prefect-worker"}
{"ts": "2026-08-12T09:13:57.973Z", "level": "INFO", "service": "worker", "logger": "flow.train", "msg": "Lineage: model=lightgbm trained on table version 2026-08-12T083007Z (data 2026-07-22 08:14:33.212168 → 2026-08-12 07:59:30.637039, 510572 source rows)", "container": "prefect-worker"}
{"ts": "2026-08-12T09:13:59.687Z", "level": "INFO", "service": "worker", "logger": "flow.plots_and_reports", "msg": "Saved Training Reports", "container": "prefect-worker"}
{"ts": "2026-08-12T09:13:59.687Z", "level": "INFO", "service": "worker", "logger": "flow.plots_and_reports", "msg": "  Report directory                      : /app/data/model_evaluations/auto", "container": "prefect-worker"}
{"ts": "2026-08-12T09:13:59.687Z", "level": "INFO", "service": "worker", "logger": "flow.plots_and_reports", "msg": "  Files generated                       : 13", "container": "prefect-worker"}
{"ts": "2026-08-12T09:13:59.687Z", "level": "INFO", "service": "worker", "logger": "flow.plots_and_reports", "msg": "    /app/data/model_evaluations/auto/feature_summary.csv", "container": "prefect-worker"}
{"ts": "2026-08-12T09:13:59.687Z", "level": "INFO", "service": "worker", "logger": "flow.plots_and_reports", "msg": "    /app/data/model_evaluations/auto/feature_value_counts.csv", "container": "prefect-worker"}
{"ts": "2026-08-12T09:13:59.687Z", "level": "INFO", "service": "worker", "logger": "flow.plots_and_reports", "msg": "    /app/data/model_evaluations/auto/roc_curve.png", "container": "prefect-worker"}
{"ts": "2026-08-12T09:13:59.687Z", "level": "INFO", "service": "worker", "logger": "flow.plots_and_reports", "msg": "    /app/data/model_evaluations/auto/precision_recall_curve.png", "container": "prefect-worker"}
{"ts": "2026-08-12T09:13:59.688Z", "level": "INFO", "service": "worker", "logger": "flow.plots_and_reports", "msg": "    /app/data/model_evaluations/auto/calibration_curve.png", "container": "prefect-worker"}
{"ts": "2026-08-12T09:13:59.688Z", "level": "INFO", "service": "worker", "logger": "flow.plots_and_reports", "msg": "    /app/data/model_evaluations/auto/probability_histogram.png", "container": "prefect-worker"}
{"ts": "2026-08-12T09:13:59.688Z", "level": "INFO", "service": "worker", "logger": "flow.plots_and_reports", "msg": "    /app/data/model_evaluations/auto/confusion_matrix.png", "container": "prefect-worker"}
{"ts": "2026-08-12T09:13:59.688Z", "level": "INFO", "service": "worker", "logger": "flow.plots_and_reports", "msg": "    /app/data/model_evaluations/auto/model_evaluation_summary.json", "container": "prefect-worker"}
{"ts": "2026-08-12T09:13:59.688Z", "level": "INFO", "service": "worker", "logger": "flow.plots_and_reports", "msg": "    /app/data/model_evaluations/auto/optimizer_expected_profit_lift.png", "container": "prefect-worker"}
{"ts": "2026-08-12T09:13:59.688Z", "level": "INFO", "service": "worker", "logger": "flow.plots_and_reports", "msg": "    /app/data/model_evaluations/auto/recommended_bid_change.png", "container": "prefect-worker"}
{"ts": "2026-08-12T09:13:59.688Z", "level": "INFO", "service": "worker", "logger": "flow.plots_and_reports", "msg": "    /app/data/model_evaluations/auto/recommended_cm_distribution.png", "container": "prefect-worker"}
{"ts": "2026-08-12T09:13:59.688Z", "level": "INFO", "service": "worker", "logger": "flow.plots_and_reports", "msg": "    /app/data/model_evaluations/auto/current_vs_recommended_win_rate.png", "container": "prefect-worker"}
{"ts": "2026-08-12T09:13:59.688Z", "level": "INFO", "service": "worker", "logger": "flow.plots_and_reports", "msg": "    /app/data/model_evaluations/auto/bid_optimizer_test_rows.csv", "container": "prefect-worker"}
{"ts": "2026-08-12T09:13:59.799Z", "level": "INFO", "service": "worker", "logger": "botocore.credentials", "msg": "Found credentials in environment variables.", "container": "prefect-worker"}
{"ts": "2026-08-12T09:14:01.945Z", "level": "INFO", "service": "worker", "logger": "flow.optimizer", "msg": "Optimizing bids for 102,114 rows in chunks of 500", "container": "prefect-worker"}
{"ts": "2026-08-12T09:14:09.585Z", "level": "INFO", "service": "worker", "logger": "flow.optimizer", "msg": "Optimized 5,000 / 102,114 rows", "container": "prefect-worker"}
{"ts": "2026-08-12T09:14:16.836Z", "level": "INFO", "service": "worker", "logger": "flow.optimizer", "msg": "Optimized 10,000 / 102,114 rows", "container": "prefect-worker"}
{"ts": "2026-08-12T09:14:23.803Z", "level": "INFO", "service": "worker", "logger": "flow.optimizer", "msg": "Optimized 15,000 / 102,114 rows", "container": "prefect-worker"}
{"ts": "2026-08-12T09:14:30.556Z", "level": "INFO", "service": "worker", "logger": "flow.optimizer", "msg": "Optimized 20,000 / 102,114 rows", "container": "prefect-worker"}
{"ts": "2026-08-12T09:14:36.911Z", "level": "INFO", "service": "worker", "logger": "flow.optimizer", "msg": "Optimized 25,000 / 102,114 rows", "container": "prefect-worker"}
{"ts": "2026-08-12T09:14:43.694Z", "level": "INFO", "service": "worker", "logger": "flow.optimizer", "msg": "Optimized 30,000 / 102,114 rows", "container": "prefect-worker"}
{"ts": "2026-08-12T09:14:50.220Z", "level": "INFO", "service": "worker", "logger": "flow.optimizer", "msg": "Optimized 35,000 / 102,114 rows", "container": "prefect-worker"}
{"ts": "2026-08-12T09:14:56.886Z", "level": "INFO", "service": "worker", "logger": "flow.optimizer", "msg": "Optimized 40,000 / 102,114 rows", "container": "prefect-worker"}
{"ts": "2026-08-12T09:15:04.062Z", "level": "INFO", "service": "worker", "logger": "flow.optimizer", "msg": "Optimized 45,000 / 102,114 rows", "container": "prefect-worker"}
{"ts": "2026-08-12T09:15:11.162Z", "level": "INFO", "service": "worker", "logger": "flow.optimizer", "msg": "Optimized 50,000 / 102,114 rows", "container": "prefect-worker"}
{"ts": "2026-08-12T09:15:18.259Z", "level": "INFO", "service": "worker", "logger": "flow.optimizer", "msg": "Optimized 55,000 / 102,114 rows", "container": "prefect-worker"}
{"ts": "2026-08-12T09:15:25.344Z", "level": "INFO", "service": "worker", "logger": "flow.optimizer", "msg": "Optimized 60,000 / 102,114 rows", "container": "prefect-worker"}
{"ts": "2026-08-12T09:15:32.270Z", "level": "INFO", "service": "worker", "logger": "flow.optimizer", "msg": "Optimized 65,000 / 102,114 rows", "container": "prefect-worker"}
{"ts": "2026-08-12T09:15:39.106Z", "level": "INFO", "service": "worker", "logger": "flow.optimizer", "msg": "Optimized 70,000 / 102,114 rows", "container": "prefect-worker"}
{"ts": "2026-08-12T09:15:46.167Z", "level": "INFO", "service": "worker", "logger": "flow.optimizer", "msg": "Optimized 75,000 / 102,114 rows", "container": "prefect-worker"}
{"ts": "2026-08-12T09:15:53.383Z", "level": "INFO", "service": "worker", "logger": "flow.optimizer", "msg": "Optimized 80,000 / 102,114 rows", "container": "prefect-worker"}
{"ts": "2026-08-12T09:16:00.604Z", "level": "INFO", "service": "worker", "logger": "flow.optimizer", "msg": "Optimized 85,000 / 102,114 rows", "container": "prefect-worker"}
{"ts": "2026-08-12T09:16:07.721Z", "level": "INFO", "service": "worker", "logger": "flow.optimizer", "msg": "Optimized 90,000 / 102,114 rows", "container": "prefect-worker"}
{"ts": "2026-08-12T09:16:14.740Z", "level": "INFO", "service": "worker", "logger": "flow.optimizer", "msg": "Optimized 95,000 / 102,114 rows", "container": "prefect-worker"}
{"ts": "2026-08-12T09:16:21.603Z", "level": "INFO", "service": "worker", "logger": "flow.optimizer", "msg": "Optimized 100,000 / 102,114 rows", "container": "prefect-worker"}
{"ts": "2026-08-12T09:16:24.541Z", "level": "INFO", "service": "worker", "logger": "flow.optimizer", "msg": "Optimized 102,114 / 102,114 rows", "container": "prefect-worker"}
{"ts": "2026-08-12T09:16:24.579Z", "level": "INFO", "service": "worker", "logger": "flow.train", "msg": "Currently-serving model (run_20260811T123939Z_b577139e) re-scored on this test set: log loss=0.3998, PR AUC=0.7918", "container": "prefect-worker"}
{"ts": "2026-08-12T09:16:24.583Z", "level": "INFO", "service": "worker", "logger": "flow.train", "msg": "Promotion Evaluation", "container": "prefect-worker"}
{"ts": "2026-08-12T09:16:24.583Z", "level": "INFO", "service": "worker", "logger": "flow.train", "msg": "  Mode                                  : automatic", "container": "prefect-worker"}
{"ts": "2026-08-12T09:16:24.583Z", "level": "INFO", "service": "worker", "logger": "flow.train", "msg": "  Policy recommendation                 : NOT ELIGIBLE", "container": "prefect-worker"}
{"ts": "2026-08-12T09:16:24.583Z", "level": "INFO", "service": "worker", "logger": "flow.train", "msg": "  Reason                                : Challenger expected profit (543822.35) is below 95% of the currently-serving model's (585508.65) on the same held-out rows.", "container": "prefect-worker"}
{"ts": "2026-08-12T09:16:24.842Z", "level": "INFO", "service": "worker", "logger": "flow.training_artifacts", "msg": "Prepared Model Comparison Artifacts", "container": "prefect-worker"}
{"ts": "2026-08-12T09:16:24.842Z", "level": "INFO", "service": "worker", "logger": "flow.training_artifacts", "msg": "  Evaluation dataset                    : /tmp/smarthub_model_comparison_jhqbe19i/evaluation_dataset.parquet", "container": "prefect-worker"}
{"ts": "2026-08-12T09:16:24.842Z", "level": "INFO", "service": "worker", "logger": "flow.training_artifacts", "msg": "  Optimizer results                     : /tmp/smarthub_model_comparison_jhqbe19i/optimizer_results.parquet", "container": "prefect-worker"}
{"ts": "2026-08-12T09:16:24.842Z", "level": "INFO", "service": "worker", "logger": "flow.training_artifacts", "msg": "  Metadata                              : /tmp/smarthub_model_comparison_jhqbe19i/evaluation_metadata.json", "container": "prefect-worker"}
{"ts": "2026-08-12T09:16:24.842Z", "level": "INFO", "service": "worker", "logger": "flow.train", "msg": "Saved training run run_20260812T091624Z_36dd92c9 → /app/data/models/auto/run_20260812T091624Z_36dd92c9.pkl", "container": "prefect-worker"}
{"ts": "2026-08-12T09:16:24.842Z", "level": "WARNING", "service": "worker", "logger": "flow.train", "msg": "Training run run_20260812T091624Z_36dd92c9 is not eligible for automatic promotion; currently-serving model remains unchanged.", "container": "prefect-worker"}
{"ts": "2026-08-12T09:16:26.253858107Z", "container": "prefect-worker", "msg": "2026/08/12 09:16:26 WARNING mlflow.sklearn: Saving scikit-learn models in the pickle or cloudpickle format requires exercising caution because these formats rely on Python's object serialization mechanism, which can execute arbitrary code during deserialization. The recommended safe alternative is the 'skops' format. For more information, see: https://scikit-learn.org/stable/model_persistence.html"}
{"ts": "2026-08-12T09:16:29.487Z", "level": "INFO", "service": "worker", "logger": "flow.train", "msg": "Logged run 'run_20260812T091624Z_36dd92c9' to MLflow experiment 'anton_win_probability_auto'", "container": "prefect-worker"}
{"ts": "2026-08-12T09:16:29.487Z", "level": "INFO", "service": "worker", "logger": "flow.train", "msg": "Logged run to MLflow experiment 'anton_win_probability'", "container": "prefect-worker"}
{"ts": "2026-08-12T09:16:29.541Z", "level": "INFO", "service": "worker", "logger": "prefect.task_runs", "msg": "Finished in state Completed()", "task_run_id": "019ff53d-7139-7419-bf1c-7938eaa43e48", "flow_run_id": "f75a91de-88ea-4ce7-b3ea-98ce85370637", "task_run_name": "train-anton-model-a01", "task_name": "train-anton-model", "flow_run_name": "pi4-scheat-f", "flow_name": "smarthub-train-model", "container": "prefect-worker"}
{"ts": "2026-08-12T09:16:29.547Z", "level": "INFO", "service": "worker", "logger": "prefect.flow_runs", "msg": "Trained auto model run_20260812T091624Z_36dd92c9: log loss=0.3255, rows=510572 -> /app/data/models/auto/run_20260812T091624Z_36dd92c9.pkl (promoted=False)", "flow_run_name": "pi4-scheat-f", "flow_run_id": "f75a91de-88ea-4ce7-b3ea-98ce85370637", "flow_name": "smarthub-train-model", "deployment_name": "train-model", "container": "prefect-worker"}
{"ts": "2026-08-12T09:16:29.567Z", "level": "INFO", "service": "worker", "logger": "httpx", "msg": "HTTP Request: POST http://prefect-server:4200/api/artifacts/ \"HTTP/1.1 201 Created\"", "container": "prefect-worker"}
{"ts": "2026-08-12T09:16:29.667Z", "level": "INFO", "service": "worker", "logger": "httpx", "msg": "HTTP Request: POST http://prefect-server:4200/api/flow_runs/f75a91de-88ea-4ce7-b3ea-98ce85370637/set_state \"HTTP/1.1 201 Created\"", "container": "prefect-worker"}
{"ts": "2026-08-12T09:16:30.786Z", "level": "INFO", "service": "worker", "logger": "prefect.flow_runs", "msg": "Finished in state Completed()", "flow_run_name": "pi4-scheat-f", "flow_run_id": "f75a91de-88ea-4ce7-b3ea-98ce85370637", "flow_name": "smarthub-train-model", "deployment_name": "train-model", "container": "prefect-worker"}
{"ts": "2026-08-12T09:16:30.790Z", "level": "INFO", "service": "worker", "logger": "httpx", "msg": "HTTP Request: GET http://prefect-server:4200/api/csrf-token?client=767fc93a-35d8-4caf-8610-c58f64687f6e \"HTTP/1.1 422 Unprocessable Entity\"", "container": "prefect-worker"}
{"ts": "2026-08-12T09:16:30.796Z", "level": "INFO", "service": "worker", "logger": "httpx", "msg": "HTTP Request: POST http://prefect-server:4200/api/logs/ \"HTTP/1.1 201 Created\"", "container": "prefect-worker"}
{"ts": "2026-08-12T09:16:31.975853264Z", "container": "prefect-worker", "msg": "09:16:31.975 | INFO    | prefect.flow_runs.runner - Process for flow run 'pi4-scheat-f' exited cleanly."}
{"ts": "2026-08-12T10:42:57.874637395Z", "container": "prefect-worker", "msg": "Received SIGTERM. Sending SIGINT to the process worker (PID 7)..."}
{"ts": "2026-08-12T10:42:57.874744566Z", "container": "prefect-worker", "msg": "Received SIGINT. Sending SIGINT to the process worker (PID 7)..."}
{"ts": "2026-08-12T10:42:57.878337185Z", "container": "prefect-worker", "msg": "Worker 'ProcessWorker f327d0f1-955a-439b-a07d-6610c551accf' stopped!"}
{"ts": "2026-08-12T10:43:10.756025351Z", "container": "prefect-worker", "msg": "Prefect API is up."}
{"ts": "2026-08-12T10:43:12.118976322Z", "container": "prefect-worker", "msg": "Work pool named 'smarthub-pool' already exists. Use --overwrite to update it."}
{"ts": "2026-08-12T10:43:13.267049526Z", "container": "prefect-worker", "msg": "Work queue with name: 'default' already exists."}
{"ts": "2026-08-12T10:43:14.302461875Z", "container": "prefect-worker", "msg": "Work queue with name: 'features' already exists."}
{"ts": "2026-08-12T10:43:15.332492130Z", "container": "prefect-worker", "msg": "Work queue with name: 'training' already exists."}
{"ts": "2026-08-12T10:43:15.471912761Z", "container": "prefect-worker", "msg": "Registering deployments from prefect.yaml ..."}
{"ts": "2026-08-12T10:43:16.918636685Z", "container": "prefect-worker", "msg": "Deploying all flows with an existing deployment configuration..."}
{"ts": "2026-08-12T10:43:16.918895287Z", "container": "prefect-worker", "msg": "╭──────────────────────────────────────────────────────────────────────────────╮"}
{"ts": "2026-08-12T10:43:16.918910817Z", "container": "prefect-worker", "msg": "│ Deploying data-pull                                                          │"}
{"ts": "2026-08-12T10:43:16.918914907Z", "container": "prefect-worker", "msg": "╰──────────────────────────────────────────────────────────────────────────────╯"}
{"ts": "2026-08-12T10:43:17.476Z", "level": "INFO", "service": "worker", "logger": "httpx", "msg": "HTTP Request: GET http://prefect-server:4200/api/work_pools/smarthub-pool \"HTTP/1.1 200 OK\"", "container": "prefect-worker"}
{"ts": "2026-08-12T10:43:17.482Z", "level": "INFO", "service": "worker", "logger": "httpx", "msg": "HTTP Request: GET http://prefect-server:4200/api/work_pools/smarthub-pool \"HTTP/1.1 200 OK\"", "container": "prefect-worker"}
{"ts": "2026-08-12T10:43:17.531Z", "level": "INFO", "service": "worker", "logger": "httpx", "msg": "HTTP Request: GET http://prefect-server:4200/api/deployments/name/smarthub-data-pull/data-pull \"HTTP/1.1 200 OK\"", "container": "prefect-worker"}
{"ts": "2026-08-12T10:43:17.554Z", "level": "INFO", "service": "worker", "logger": "httpx", "msg": "HTTP Request: GET http://prefect-server:4200/api/csrf-token?client=209a8f25-9686-406a-8847-87b678fa5d85 \"HTTP/1.1 422 Unprocessable Entity\"", "container": "prefect-worker"}
{"ts": "2026-08-12T10:43:17.621Z", "level": "INFO", "service": "worker", "logger": "httpx", "msg": "HTTP Request: PATCH http://prefect-server:4200/api/deployments/15dcce44-4b5f-4048-b854-eeba60c3b514 \"HTTP/1.1 204 No Content\"", "container": "prefect-worker"}
{"ts": "2026-08-12T10:43:17.627Z", "level": "INFO", "service": "worker", "logger": "httpx", "msg": "HTTP Request: DELETE http://prefect-server:4200/api/automations/owned-by/prefect.deployment.15dcce44-4b5f-4048-b854-eeba60c3b514 \"HTTP/1.1 202 Accepted\"", "container": "prefect-worker"}
{"ts": "2026-08-12T10:43:17.629Z", "level": "INFO", "service": "worker", "logger": "httpx", "msg": "HTTP Request: GET http://prefect-server:4200/api/csrf-token?client=d90b9dc5-9b7c-44af-b7c8-85a77590d306 \"HTTP/1.1 422 Unprocessable Entity\"", "container": "prefect-worker"}
{"ts": "2026-08-12T10:43:17.633Z", "level": "INFO", "service": "worker", "logger": "httpx", "msg": "HTTP Request: DELETE http://prefect-server:4200/api/automations/owned-by/prefect.deployment.15dcce44-4b5f-4048-b854-eeba60c3b514 \"HTTP/1.1 202 Accepted\"", "container": "prefect-worker"}
{"ts": "2026-08-12T10:43:17.634210884Z", "container": "prefect-worker", "msg": "╭──────────────────────────────────────────────────────────────────────────────╮"}
{"ts": "2026-08-12T10:43:17.634217824Z", "container": "prefect-worker", "msg": "│ Deployment 'smarthub-data-pull/data-pull' successfully created with id       │"}
{"ts": "2026-08-12T10:43:17.634221034Z", "container": "prefect-worker", "msg": "│ '15dcce44-4b5f-4048-b854-eeba60c3b514'.                                      │"}
{"ts": "2026-08-12T10:43:17.634224184Z", "container": "prefect-worker", "msg": "╰──────────────────────────────────────────────────────────────────────────────╯"}
{"ts": "2026-08-12T10:43:17.634401345Z", "container": "prefect-worker", "msg": ""}
{"ts": "2026-08-12T10:43:17.634407165Z", "container": "prefect-worker", "msg": "View Deployment in UI: http://prefect-server:4200/deployments/deployment/15dcce44-4b5f-4048-b854-eeba60c3b514"}
{"ts": "2026-08-12T10:43:17.634410335Z", "container": "prefect-worker", "msg": ""}
{"ts": "2026-08-12T10:43:17.639Z", "level": "INFO", "service": "worker", "logger": "httpx", "msg": "HTTP Request: POST http://prefect-server:4200/api/work_pools/smarthub-pool/workers/filter \"HTTP/1.1 200 OK\"", "container": "prefect-worker"}
{"ts": "2026-08-12T10:43:17.641253090Z", "container": "prefect-worker", "msg": ""}
{"ts": "2026-08-12T10:43:17.641259620Z", "container": "prefect-worker", "msg": "To schedule a run for this deployment, use the following command:"}
{"ts": "2026-08-12T10:43:17.641501052Z", "container": "prefect-worker", "msg": ""}
{"ts": "2026-08-12T10:43:17.641511252Z", "container": "prefect-worker", "msg": "        $ prefect deployment run 'smarthub-data-pull/data-pull'"}
{"ts": "2026-08-12T10:43:17.641515072Z", "container": "prefect-worker", "msg": ""}
{"ts": "2026-08-12T10:43:17.641690494Z", "container": "prefect-worker", "msg": "╭──────────────────────────────────────────────────────────────────────────────╮"}
{"ts": "2026-08-12T10:43:17.641708094Z", "container": "prefect-worker", "msg": "│ Deploying build-features                                                     │"}
{"ts": "2026-08-12T10:43:17.641711994Z", "container": "prefect-worker", "msg": "╰──────────────────────────────────────────────────────────────────────────────╯"}
{"ts": "2026-08-12T10:43:17.682Z", "level": "INFO", "service": "worker", "logger": "httpx", "msg": "HTTP Request: GET http://prefect-server:4200/api/work_pools/smarthub-pool \"HTTP/1.1 200 OK\"", "container": "prefect-worker"}
{"ts": "2026-08-12T10:43:17.686Z", "level": "INFO", "service": "worker", "logger": "httpx", "msg": "HTTP Request: GET http://prefect-server:4200/api/work_pools/smarthub-pool \"HTTP/1.1 200 OK\"", "container": "prefect-worker"}
{"ts": "2026-08-12T10:43:17.731Z", "level": "INFO", "service": "worker", "logger": "httpx", "msg": "HTTP Request: GET http://prefect-server:4200/api/deployments/name/smarthub-build-features/build-features \"HTTP/1.1 200 OK\"", "container": "prefect-worker"}
{"ts": "2026-08-12T10:43:17.748Z", "level": "INFO", "service": "worker", "logger": "httpx", "msg": "HTTP Request: GET http://prefect-server:4200/api/csrf-token?client=00f0fc21-b692-4e94-be88-784454939b2d \"HTTP/1.1 422 Unprocessable Entity\"", "container": "prefect-worker"}
{"ts": "2026-08-12T10:43:17.808Z", "level": "INFO", "service": "worker", "logger": "httpx", "msg": "HTTP Request: PATCH http://prefect-server:4200/api/deployments/8d536def-a82a-4c94-941b-14c2c0468511 \"HTTP/1.1 204 No Content\"", "container": "prefect-worker"}
{"ts": "2026-08-12T10:43:17.813Z", "level": "INFO", "service": "worker", "logger": "httpx", "msg": "HTTP Request: DELETE http://prefect-server:4200/api/automations/owned-by/prefect.deployment.8d536def-a82a-4c94-941b-14c2c0468511 \"HTTP/1.1 202 Accepted\"", "container": "prefect-worker"}
{"ts": "2026-08-12T10:43:17.816Z", "level": "INFO", "service": "worker", "logger": "httpx", "msg": "HTTP Request: GET http://prefect-server:4200/api/csrf-token?client=b53d5882-d64b-468d-95a5-fc17f5712eb4 \"HTTP/1.1 422 Unprocessable Entity\"", "container": "prefect-worker"}
{"ts": "2026-08-12T10:43:17.819Z", "level": "INFO", "service": "worker", "logger": "httpx", "msg": "HTTP Request: DELETE http://prefect-server:4200/api/automations/owned-by/prefect.deployment.8d536def-a82a-4c94-941b-14c2c0468511 \"HTTP/1.1 202 Accepted\"", "container": "prefect-worker"}
{"ts": "2026-08-12T10:43:17.820682352Z", "container": "prefect-worker", "msg": "╭──────────────────────────────────────────────────────────────────────────────╮"}
{"ts": "2026-08-12T10:43:17.820692042Z", "container": "prefect-worker", "msg": "│ Deployment 'smarthub-build-features/build-features' successfully created     │"}
{"ts": "2026-08-12T10:43:17.820695832Z", "container": "prefect-worker", "msg": "│ with id '8d536def-a82a-4c94-941b-14c2c0468511'.                              │"}
{"ts": "2026-08-12T10:43:17.820699212Z", "container": "prefect-worker", "msg": "╰──────────────────────────────────────────────────────────────────────────────╯"}
{"ts": "2026-08-12T10:43:17.820808693Z", "container": "prefect-worker", "msg": ""}
{"ts": "2026-08-12T10:43:17.820814273Z", "container": "prefect-worker", "msg": "View Deployment in UI: http://prefect-server:4200/deployments/deployment/8d536def-a82a-4c94-941b-14c2c0468511"}
{"ts": "2026-08-12T10:43:17.820817523Z", "container": "prefect-worker", "msg": ""}
{"ts": "2026-08-12T10:43:17.824Z", "level": "INFO", "service": "worker", "logger": "httpx", "msg": "HTTP Request: POST http://prefect-server:4200/api/work_pools/smarthub-pool/workers/filter \"HTTP/1.1 200 OK\"", "container": "prefect-worker"}
{"ts": "2026-08-12T10:43:17.825499531Z", "container": "prefect-worker", "msg": ""}
{"ts": "2026-08-12T10:43:17.825508181Z", "container": "prefect-worker", "msg": "To schedule a run for this deployment, use the following command:"}
{"ts": "2026-08-12T10:43:17.825704092Z", "container": "prefect-worker", "msg": ""}
{"ts": "2026-08-12T10:43:17.825709602Z", "container": "prefect-worker", "msg": "        $ prefect deployment run 'smarthub-build-features/build-features'"}
{"ts": "2026-08-12T10:43:17.825712842Z", "container": "prefect-worker", "msg": ""}
{"ts": "2026-08-12T10:43:17.825935264Z", "container": "prefect-worker", "msg": "╭──────────────────────────────────────────────────────────────────────────────╮"}
{"ts": "2026-08-12T10:43:17.825941134Z", "container": "prefect-worker", "msg": "│ Deploying train-model                                                        │"}
{"ts": "2026-08-12T10:43:17.825944394Z", "container": "prefect-worker", "msg": "╰──────────────────────────────────────────────────────────────────────────────╯"}
{"ts": "2026-08-12T10:43:18.854Z", "level": "INFO", "service": "worker", "logger": "matplotlib.font_manager", "msg": "generated new fontManager", "container": "prefect-worker"}
{"ts": "2026-08-12T10:43:19.043Z", "level": "INFO", "service": "worker", "logger": "httpx", "msg": "HTTP Request: GET http://prefect-server:4200/api/work_pools/smarthub-pool \"HTTP/1.1 200 OK\"", "container": "prefect-worker"}
{"ts": "2026-08-12T10:43:19.047Z", "level": "INFO", "service": "worker", "logger": "httpx", "msg": "HTTP Request: GET http://prefect-server:4200/api/work_pools/smarthub-pool \"HTTP/1.1 200 OK\"", "container": "prefect-worker"}
{"ts": "2026-08-12T10:43:19.091Z", "level": "INFO", "service": "worker", "logger": "httpx", "msg": "HTTP Request: GET http://prefect-server:4200/api/deployments/name/smarthub-train-model/train-model \"HTTP/1.1 200 OK\"", "container": "prefect-worker"}
{"ts": "2026-08-12T10:43:19.106Z", "level": "INFO", "service": "worker", "logger": "httpx", "msg": "HTTP Request: GET http://prefect-server:4200/api/csrf-token?client=357009d8-de0c-4d65-b989-e57eb80049a9 \"HTTP/1.1 422 Unprocessable Entity\"", "container": "prefect-worker"}
{"ts": "2026-08-12T10:43:19.165Z", "level": "INFO", "service": "worker", "logger": "httpx", "msg": "HTTP Request: PATCH http://prefect-server:4200/api/deployments/f2af7572-283e-43ab-bfa3-0ad7cee08503 \"HTTP/1.1 204 No Content\"", "container": "prefect-worker"}
{"ts": "2026-08-12T10:43:19.170Z", "level": "INFO", "service": "worker", "logger": "httpx", "msg": "HTTP Request: DELETE http://prefect-server:4200/api/automations/owned-by/prefect.deployment.f2af7572-283e-43ab-bfa3-0ad7cee08503 \"HTTP/1.1 202 Accepted\"", "container": "prefect-worker"}
{"ts": "2026-08-12T10:43:19.172Z", "level": "INFO", "service": "worker", "logger": "httpx", "msg": "HTTP Request: GET http://prefect-server:4200/api/csrf-token?client=ad9c3c1f-745a-4688-a987-4ac0ea84c12e \"HTTP/1.1 422 Unprocessable Entity\"", "container": "prefect-worker"}
{"ts": "2026-08-12T10:43:19.176Z", "level": "INFO", "service": "worker", "logger": "httpx", "msg": "HTTP Request: DELETE http://prefect-server:4200/api/automations/owned-by/prefect.deployment.f2af7572-283e-43ab-bfa3-0ad7cee08503 \"HTTP/1.1 202 Accepted\"", "container": "prefect-worker"}
{"ts": "2026-08-12T10:43:19.177042049Z", "container": "prefect-worker", "msg": "╭──────────────────────────────────────────────────────────────────────────────╮"}
{"ts": "2026-08-12T10:43:19.177057999Z", "container": "prefect-worker", "msg": "│ Deployment 'smarthub-train-model/train-model' successfully created with id   │"}
{"ts": "2026-08-12T10:43:19.177061989Z", "container": "prefect-worker", "msg": "│ 'f2af7572-283e-43ab-bfa3-0ad7cee08503'.                                      │"}
{"ts": "2026-08-12T10:43:19.177065269Z", "container": "prefect-worker", "msg": "╰──────────────────────────────────────────────────────────────────────────────╯"}
{"ts": "2026-08-12T10:43:19.177155930Z", "container": "prefect-worker", "msg": ""}
{"ts": "2026-08-12T10:43:19.177169300Z", "container": "prefect-worker", "msg": "View Deployment in UI: http://prefect-server:4200/deployments/deployment/f2af7572-283e-43ab-bfa3-0ad7cee08503"}
{"ts": "2026-08-12T10:43:19.177173050Z", "container": "prefect-worker", "msg": ""}
{"ts": "2026-08-12T10:43:19.181Z", "level": "INFO", "service": "worker", "logger": "httpx", "msg": "HTTP Request: POST http://prefect-server:4200/api/work_pools/smarthub-pool/workers/filter \"HTTP/1.1 200 OK\"", "container": "prefect-worker"}
{"ts": "2026-08-12T10:43:19.181740436Z", "container": "prefect-worker", "msg": ""}
{"ts": "2026-08-12T10:43:19.181746276Z", "container": "prefect-worker", "msg": "To schedule a run for this deployment, use the following command:"}
{"ts": "2026-08-12T10:43:19.181923468Z", "container": "prefect-worker", "msg": ""}
{"ts": "2026-08-12T10:43:19.181929848Z", "container": "prefect-worker", "msg": "        $ prefect deployment run 'smarthub-train-model/train-model'"}
{"ts": "2026-08-12T10:43:19.181933068Z", "container": "prefect-worker", "msg": ""}
{"ts": "2026-08-12T10:43:19.766907927Z", "container": "prefect-worker", "msg": "Starting worker on pool='smarthub-pool' queues='default features training' ..."}
{"ts": "2026-08-12T10:43:21.134139610Z", "container": "prefect-worker", "msg": "Discovered type 'process' for work pool 'smarthub-pool'."}
{"ts": "2026-08-12T10:43:21.452079035Z", "container": "prefect-worker", "msg": "Worker 'ProcessWorker ddf973ef-856e-453a-86d2-ef7d65fdc1a2' started!"}
{"ts": "2026-08-12T10:46:33.420476614Z", "container": "prefect-worker", "msg": "10:46:33.417 | INFO    | prefect.flow_runs.worker - Worker 'ProcessWorker ddf973ef-856e-453a-86d2-ef7d65fdc1a2' submitting flow run '3c90fd2b-ff36-4e6a-b1d2-8a775f4908d5'"}
{"ts": "2026-08-12T10:46:33.754353492Z", "container": "prefect-worker", "msg": "10:46:33.753 | INFO    | prefect.flow_runs.runner - Starting flow run process..."}
{"ts": "2026-08-12T10:46:33.779967297Z", "container": "prefect-worker", "msg": "10:46:33.779 | INFO    | prefect.flow_runs.worker - Flow run 'beta6-talos-anomaly' submitted to infrastructure"}
{"ts": "2026-08-12T10:46:34.976113402Z", "container": "prefect-worker", "msg": "10:46:34.970 | INFO    | Flow run 'beta6-talos-anomaly' - Running 1 deployment pull step(s)"}
{"ts": "2026-08-12T10:46:34.996055242Z", "container": "prefect-worker", "msg": "10:46:34.995 | INFO    | Flow run 'beta6-talos-anomaly' - Executing deployment step: set_working_directory"}
{"ts": "2026-08-12T10:46:35.007362672Z", "container": "prefect-worker", "msg": "10:46:35.006 | INFO    | Flow run 'beta6-talos-anomaly' - Deployment step 'set_working_directory' completed successfully"}
{"ts": "2026-08-12T10:46:35.021464486Z", "container": "prefect-worker", "msg": "10:46:35.020 | INFO    | Flow run 'beta6-talos-anomaly' - All deployment steps completed successfully"}
{"ts": "2026-08-12T10:46:36.141Z", "level": "INFO", "service": "worker", "logger": "httpx", "msg": "HTTP Request: GET http://prefect-server:4200/api/admin/version \"HTTP/1.1 200 OK\"", "container": "prefect-worker"}
{"ts": "2026-08-12T10:46:36.144Z", "level": "INFO", "service": "worker", "logger": "httpx", "msg": "HTTP Request: GET http://prefect-server:4200/api/csrf-token?client=edf44acf-dcb4-45d4-9cbb-04173539b24b \"HTTP/1.1 422 Unprocessable Entity\"", "container": "prefect-worker"}
{"ts": "2026-08-12T10:46:36.149Z", "level": "INFO", "service": "worker", "logger": "httpx", "msg": "HTTP Request: PATCH http://prefect-server:4200/api/flow_runs/3c90fd2b-ff36-4e6a-b1d2-8a775f4908d5 \"HTTP/1.1 204 No Content\"", "container": "prefect-worker"}
{"ts": "2026-08-12T10:46:36.167Z", "level": "INFO", "service": "worker", "logger": "httpx", "msg": "HTTP Request: GET http://prefect-server:4200/api/flow_runs/3c90fd2b-ff36-4e6a-b1d2-8a775f4908d5 \"HTTP/1.1 200 OK\"", "container": "prefect-worker"}
{"ts": "2026-08-12T10:46:36.182Z", "level": "INFO", "service": "worker", "logger": "httpx", "msg": "HTTP Request: POST http://prefect-server:4200/api/flow_runs/3c90fd2b-ff36-4e6a-b1d2-8a775f4908d5/set_state \"HTTP/1.1 201 Created\"", "container": "prefect-worker"}
{"ts": "2026-08-12T10:46:36.187Z", "level": "INFO", "service": "worker", "logger": "httpx", "msg": "HTTP Request: GET http://prefect-server:4200/api/flow_runs/3c90fd2b-ff36-4e6a-b1d2-8a775f4908d5 \"HTTP/1.1 200 OK\"", "container": "prefect-worker"}
{"ts": "2026-08-12T10:46:36.192Z", "level": "INFO", "service": "worker", "logger": "httpx", "msg": "HTTP Request: GET http://prefect-server:4200/api/admin/storage \"HTTP/1.1 200 OK\"", "container": "prefect-worker"}
{"ts": "2026-08-12T10:46:36.195Z", "level": "INFO", "service": "worker", "logger": "httpx", "msg": "HTTP Request: GET http://prefect-server:4200/api/admin/storage \"HTTP/1.1 200 OK\"", "container": "prefect-worker"}
{"ts": "2026-08-12T10:46:36.195Z", "level": "INFO", "service": "worker", "logger": "prefect.flow_runs", "msg": "Beginning flow run 'beta6-talos-anomaly' for flow 'smarthub-train-model'", "flow_run_name": "beta6-talos-anomaly", "flow_run_id": "3c90fd2b-ff36-4e6a-b1d2-8a775f4908d5", "flow_name": "smarthub-train-model", "deployment_name": "train-model", "container": "prefect-worker"}
{"ts": "2026-08-12T10:46:36.196Z", "level": "INFO", "service": "worker", "logger": "prefect.flow_runs", "msg": "View at http://prefect-server:4200/runs/flow-run/3c90fd2b-ff36-4e6a-b1d2-8a775f4908d5", "flow_run_name": "beta6-talos-anomaly", "flow_run_id": "3c90fd2b-ff36-4e6a-b1d2-8a775f4908d5", "flow_name": "smarthub-train-model", "deployment_name": "train-model", "send_to_api": false, "container": "prefect-worker"}
{"ts": "2026-08-12T10:46:36.196Z", "level": "INFO", "service": "worker", "logger": "prefect.flow_runs", "msg": "STEP 3 train-model starting: lead_type=home (1), version=latest, mlflow=True", "flow_run_name": "beta6-talos-anomaly", "flow_run_id": "3c90fd2b-ff36-4e6a-b1d2-8a775f4908d5", "flow_name": "smarthub-train-model", "deployment_name": "train-model", "container": "prefect-worker"}
{"ts": "2026-08-12T10:46:36.222Z", "level": "INFO", "service": "worker", "logger": "flow.train", "msg": "Loading training table for lead_type=home (1)", "container": "prefect-worker"}
{"ts": "2026-08-12T10:46:36.222Z", "level": "INFO", "service": "worker", "logger": "httpx", "msg": "HTTP Request: GET http://prefect-server:4200/api/flows/b482d204-61dd-4cd6-bc87-1c0295ffdd50 \"HTTP/1.1 200 OK\"", "container": "prefect-worker"}
{"ts": "2026-08-12T10:46:36.223Z", "level": "INFO", "service": "worker", "logger": "httpx", "msg": "HTTP Request: GET http://prefect-server:4200/api/work_queues/1359b356-bb73-44da-ae82-6233613dd549 \"HTTP/1.1 200 OK\"", "container": "prefect-worker"}
{"ts": "2026-08-12T10:46:36.230Z", "level": "INFO", "service": "worker", "logger": "httpx", "msg": "HTTP Request: GET http://prefect-server:4200/api/work_pools/smarthub-pool \"HTTP/1.1 200 OK\"", "container": "prefect-worker"}
{"ts": "2026-08-12T10:46:36.238Z", "level": "INFO", "service": "worker", "logger": "httpx", "msg": "HTTP Request: GET http://prefect-server:4200/api/deployments/f2af7572-283e-43ab-bfa3-0ad7cee08503 \"HTTP/1.1 200 OK\"", "container": "prefect-worker"}
{"ts": "2026-08-12T10:46:36.514Z", "level": "INFO", "service": "worker", "logger": "flow.train", "msg": "Dataset Prepared", "container": "prefect-worker"}
{"ts": "2026-08-12T10:46:36.514Z", "level": "INFO", "service": "worker", "logger": "flow.train", "msg": "  Training rows                         : 71,055", "container": "prefect-worker"}
{"ts": "2026-08-12T10:46:36.514Z", "level": "INFO", "service": "worker", "logger": "flow.train", "msg": "  Dropped rows                          : 0", "container": "prefect-worker"}
{"ts": "2026-08-12T10:46:36.514Z", "level": "INFO", "service": "worker", "logger": "flow.train", "msg": "  Win rate                              : 0.2841", "container": "prefect-worker"}
{"ts": "2026-08-12T10:46:36.514Z", "level": "INFO", "service": "worker", "logger": "flow.train", "msg": "  Feature count                         : 10 numeric, 7 categorical", "container": "prefect-worker"}
{"ts": "2026-08-12T10:46:36.514Z", "level": "INFO", "service": "worker", "logger": "flow.train", "msg": "  Missing feature columns               : none", "container": "prefect-worker"}
{"ts": "2026-08-12T10:46:36.531Z", "level": "INFO", "service": "worker", "logger": "flow.train", "msg": "Cleaning Data", "container": "prefect-worker"}
{"ts": "2026-08-12T10:46:36.531Z", "level": "INFO", "service": "worker", "logger": "flow.train", "msg": "  Dropped zero-variance features        : 3", "container": "prefect-worker"}
{"ts": "2026-08-12T10:46:36.531Z", "level": "INFO", "service": "worker", "logger": "flow.train", "msg": "  Zero-variance feature names           : military_affiliation, insured, num_home_claims", "container": "prefect-worker"}
{"ts": "2026-08-12T10:46:36.531Z", "level": "INFO", "service": "worker", "logger": "flow.train", "msg": "Feature columns: ['bid', 'age', 'continuous_coverage_months', 'created_hour', 'created_dayofweek', 'is_workday', 'is_married', 'age_cohort', 'state', 'gender', 'marital_status', 'campaign_id', 'traffic_tier', 'home_property_type']", "container": "prefect-worker"}
{"ts": "2026-08-12T10:46:37.018Z", "level": "INFO", "service": "worker", "logger": "httpx", "msg": "HTTP Request: GET http://prefect-server:4200/api/csrf-token?client=eb9b7cd8-20db-463f-8697-74695f263d24 \"HTTP/1.1 422 Unprocessable Entity\"", "container": "prefect-worker"}
{"ts": "2026-08-12T10:46:37.062Z", "level": "INFO", "service": "worker", "logger": "httpx", "msg": "HTTP Request: POST http://prefect-server:4200/api/logs/ \"HTTP/1.1 201 Created\"", "container": "prefect-worker"}
{"ts": "2026-08-12T10:46:37.095Z", "level": "INFO", "service": "worker", "logger": "flow.plots_and_reports", "msg": "Dataset Summary", "container": "prefect-worker"}
{"ts": "2026-08-12T10:46:37.096Z", "level": "INFO", "service": "worker", "logger": "flow.plots_and_reports", "msg": "  Total rows                            : 71,055", "container": "prefect-worker"}
{"ts": "2026-08-12T10:46:37.096Z", "level": "INFO", "service": "worker", "logger": "flow.plots_and_reports", "msg": "  Target win rate                       : 0.2841", "container": "prefect-worker"}
{"ts": "2026-08-12T10:46:37.097Z", "level": "INFO", "service": "worker", "logger": "flow.plots_and_reports", "msg": "  Features summarized                   : 14", "container": "prefect-worker"}
{"ts": "2026-08-12T10:46:37.097Z", "level": "INFO", "service": "worker", "logger": "flow.plots_and_reports", "msg": "  Features with missing values          : 0", "container": "prefect-worker"}
{"ts": "2026-08-12T10:46:37.097Z", "level": "INFO", "service": "worker", "logger": "flow.plots_and_reports", "msg": "  Total missing feature values          : 0", "container": "prefect-worker"}
{"ts": "2026-08-12T10:46:37.097Z", "level": "INFO", "service": "worker", "logger": "flow.plots_and_reports", "msg": "  Feature-value count rows saved        : 124", "container": "prefect-worker"}
{"ts": "2026-08-12T10:46:37.100Z", "level": "INFO", "service": "worker", "logger": "flow.train", "msg": "Train/Test Split", "container": "prefect-worker"}
{"ts": "2026-08-12T10:46:37.101Z", "level": "INFO", "service": "worker", "logger": "flow.train", "msg": "  Train rows                            : 56,844", "container": "prefect-worker"}
{"ts": "2026-08-12T10:46:37.101Z", "level": "INFO", "service": "worker", "logger": "flow.train", "msg": "  Test rows                             : 14,211", "container": "prefect-worker"}
{"ts": "2026-08-12T10:46:37.101Z", "level": "INFO", "service": "worker", "logger": "flow.train", "msg": "  Split method                          : time", "container": "prefect-worker"}
{"ts": "2026-08-12T10:46:37.101Z", "level": "INFO", "service": "worker", "logger": "flow.train", "msg": "  Test fraction                         : 0.20", "container": "prefect-worker"}
{"ts": "2026-08-12T10:46:37.101Z", "level": "INFO", "service": "worker", "logger": "flow.train", "msg": "  Train date range                      : 2026-07-22 08:39:28.992821 → 2026-08-09 19:48:20.531614", "container": "prefect-worker"}
{"ts": "2026-08-12T10:46:37.101Z", "level": "INFO", "service": "worker", "logger": "flow.train", "msg": "  Test date range                       : 2026-08-09 19:48:51.634620 → 2026-08-12 08:14:31.038886", "container": "prefect-worker"}
{"ts": "2026-08-12T10:46:37.101Z", "level": "INFO", "service": "worker", "logger": "flow.train", "msg": "  Test rows by weekday", "container": "prefect-worker"}
{"ts": "2026-08-12T10:46:37.104Z", "level": "INFO", "service": "worker", "logger": "flow.train", "msg": "    Monday     : 6,272", "container": "prefect-worker"}
{"ts": "2026-08-12T10:46:37.104Z", "level": "INFO", "service": "worker", "logger": "flow.train", "msg": "    Sunday     : 856", "container": "prefect-worker"}
{"ts": "2026-08-12T10:46:37.104Z", "level": "INFO", "service": "worker", "logger": "flow.train", "msg": "    Tuesday    : 5,908", "container": "prefect-worker"}
{"ts": "2026-08-12T10:46:37.104Z", "level": "INFO", "service": "worker", "logger": "flow.train", "msg": "    Wednesday  : 1,175", "container": "prefect-worker"}
{"ts": "2026-08-12T10:46:37.104Z", "level": "INFO", "service": "worker", "logger": "flow.train", "msg": "Training Model", "container": "prefect-worker"}
{"ts": "2026-08-12T10:46:37.104Z", "level": "INFO", "service": "worker", "logger": "flow.train", "msg": "  Model type                            : lightgbm", "container": "prefect-worker"}
{"ts": "2026-08-12T10:46:37.104Z", "level": "INFO", "service": "worker", "logger": "flow.train", "msg": "  Calibration enabled                   : False", "container": "prefect-worker"}
{"ts": "2026-08-12T10:46:39.170Z", "level": "INFO", "service": "worker", "logger": "flow.train", "msg": "Evaluating Model", "container": "prefect-worker"}
{"ts": "2026-08-12T10:46:39.472Z", "level": "INFO", "service": "worker", "logger": "flow.optimizer", "msg": "Optimizing bids for 14,211 rows in chunks of 500", "container": "prefect-worker"}
{"ts": "2026-08-12T10:46:46.178Z", "level": "INFO", "service": "worker", "logger": "flow.optimizer", "msg": "Optimized 5,000 / 14,211 rows", "container": "prefect-worker"}
{"ts": "2026-08-12T10:46:52.610Z", "level": "INFO", "service": "worker", "logger": "flow.optimizer", "msg": "Optimized 10,000 / 14,211 rows", "container": "prefect-worker"}
{"ts": "2026-08-12T10:46:57.999Z", "level": "INFO", "service": "worker", "logger": "flow.optimizer", "msg": "Optimized 14,211 / 14,211 rows", "container": "prefect-worker"}
{"ts": "2026-08-12T10:46:58.007Z", "level": "INFO", "service": "worker", "logger": "flow.optimizer_evaluation", "msg": "Bid Optimizer Evaluation", "container": "prefect-worker"}
{"ts": "2026-08-12T10:46:58.007Z", "level": "INFO", "service": "worker", "logger": "flow.optimizer_evaluation", "msg": "  Rows evaluated                     : 14,211", "container": "prefect-worker"}
{"ts": "2026-08-12T10:46:58.007Z", "level": "INFO", "service": "worker", "logger": "flow.optimizer_evaluation", "msg": "  Target CM                          : 25.00%", "container": "prefect-worker"}
{"ts": "2026-08-12T10:46:58.007Z", "level": "INFO", "service": "worker", "logger": "flow.optimizer_evaluation", "msg": "  Expected profit, current/recommended: 52494.2966 / 66999.9558", "container": "prefect-worker"}
{"ts": "2026-08-12T10:46:58.007Z", "level": "INFO", "service": "worker", "logger": "flow.optimizer_evaluation", "msg": "  Expected profit lift               : 14505.6593 (27.63%)", "container": "prefect-worker"}
{"ts": "2026-08-12T10:46:58.007Z", "level": "INFO", "service": "worker", "logger": "flow.optimizer_evaluation", "msg": "  Avg predicted win rate, current/reco: 0.2736 / 0.3512", "container": "prefect-worker"}
{"ts": "2026-08-12T10:46:58.007Z", "level": "INFO", "service": "worker", "logger": "flow.optimizer_evaluation", "msg": "  Bid increased/decreased/unchanged  : 58.01% / 40.69% / 1.30%", "container": "prefect-worker"}
{"ts": "2026-08-12T10:46:58.007Z", "level": "INFO", "service": "worker", "logger": "flow.optimizer_evaluation", "msg": "  Avg / median bid change            : 0.8892 / 0.3700", "container": "prefect-worker"}
{"ts": "2026-08-12T10:46:58.007Z", "level": "INFO", "service": "worker", "logger": "flow.optimizer_evaluation", "msg": "  Avg recommended CM if won           : 0.5990", "container": "prefect-worker"}
{"ts": "2026-08-12T10:46:58.007Z", "level": "INFO", "service": "worker", "logger": "flow.metrics", "msg": "Model Evaluation", "container": "prefect-worker"}
{"ts": "2026-08-12T10:46:58.007Z", "level": "INFO", "service": "worker", "logger": "flow.metrics", "msg": "  Rows trained                       : 71,055", "container": "prefect-worker"}
{"ts": "2026-08-12T10:46:58.007Z", "level": "INFO", "service": "worker", "logger": "flow.metrics", "msg": "  Train / test rows                  : 56,844 / 14,211", "container": "prefect-worker"}
{"ts": "2026-08-12T10:46:58.007Z", "level": "INFO", "service": "worker", "logger": "flow.metrics", "msg": "  ROC AUC                            : 0.8429", "container": "prefect-worker"}
{"ts": "2026-08-12T10:46:58.007Z", "level": "INFO", "service": "worker", "logger": "flow.metrics", "msg": "  PR AUC                             : 0.6499", "container": "prefect-worker"}
{"ts": "2026-08-12T10:46:58.007Z", "level": "INFO", "service": "worker", "logger": "flow.metrics", "msg": "  Log loss                           : 0.4096", "container": "prefect-worker"}
{"ts": "2026-08-12T10:46:58.007Z", "level": "INFO", "service": "worker", "logger": "flow.metrics", "msg": "  Brier score                        : 0.1370", "container": "prefect-worker"}
{"ts": "2026-08-12T10:46:58.007Z", "level": "INFO", "service": "worker", "logger": "flow.metrics", "msg": "  Accuracy / precision / recall / F1 / F2: 0.7961 / 0.6296 / 0.5256 / 0.5729 / 0.5435", "container": "prefect-worker"}
{"ts": "2026-08-12T10:46:58.007Z", "level": "INFO", "service": "worker", "logger": "flow.metrics", "msg": "  Calibration error                  : 0.0135", "container": "prefect-worker"}
{"ts": "2026-08-12T10:46:58.007Z", "level": "INFO", "service": "worker", "logger": "flow.metrics", "msg": "Business Metrics", "container": "prefect-worker"}
{"ts": "2026-08-12T10:46:58.007Z", "level": "INFO", "service": "worker", "logger": "flow.metrics", "msg": "  Observed win rate                  : 0.2602", "container": "prefect-worker"}
{"ts": "2026-08-12T10:46:58.007Z", "level": "INFO", "service": "worker", "logger": "flow.metrics", "msg": "  Predicted win rate, current bids   : 0.2736", "container": "prefect-worker"}
{"ts": "2026-08-12T10:46:58.007Z", "level": "INFO", "service": "worker", "logger": "flow.metrics", "msg": "  Predicted win rate, recommended    : 0.3512", "container": "prefect-worker"}
{"ts": "2026-08-12T10:46:58.007Z", "level": "INFO", "service": "worker", "logger": "flow.train", "msg": "Saving Reports", "container": "prefect-worker"}
{"ts": "2026-08-12T10:46:59.279Z", "level": "INFO", "service": "worker", "logger": "flow.train", "msg": "Lineage: model=lightgbm trained on table version 2026-08-12T084505Z (data 2026-07-22 08:39:28.992821 → 2026-08-12 08:14:31.038886, 71055 source rows)", "container": "prefect-worker"}
{"ts": "2026-08-12T10:46:59.487Z", "level": "INFO", "service": "worker", "logger": "flow.plots_and_reports", "msg": "Saved Training Reports", "container": "prefect-worker"}
{"ts": "2026-08-12T10:46:59.487Z", "level": "INFO", "service": "worker", "logger": "flow.plots_and_reports", "msg": "  Report directory                      : /app/data/model_evaluations/home", "container": "prefect-worker"}
{"ts": "2026-08-12T10:46:59.487Z", "level": "INFO", "service": "worker", "logger": "flow.plots_and_reports", "msg": "  Files generated                       : 13", "container": "prefect-worker"}
{"ts": "2026-08-12T10:46:59.487Z", "level": "INFO", "service": "worker", "logger": "flow.plots_and_reports", "msg": "    /app/data/model_evaluations/home/feature_summary.csv", "container": "prefect-worker"}
{"ts": "2026-08-12T10:46:59.487Z", "level": "INFO", "service": "worker", "logger": "flow.plots_and_reports", "msg": "    /app/data/model_evaluations/home/feature_value_counts.csv", "container": "prefect-worker"}
{"ts": "2026-08-12T10:46:59.487Z", "level": "INFO", "service": "worker", "logger": "flow.plots_and_reports", "msg": "    /app/data/model_evaluations/home/roc_curve.png", "container": "prefect-worker"}
{"ts": "2026-08-12T10:46:59.487Z", "level": "INFO", "service": "worker", "logger": "flow.plots_and_reports", "msg": "    /app/data/model_evaluations/home/precision_recall_curve.png", "container": "prefect-worker"}
{"ts": "2026-08-12T10:46:59.487Z", "level": "INFO", "service": "worker", "logger": "flow.plots_and_reports", "msg": "    /app/data/model_evaluations/home/calibration_curve.png", "container": "prefect-worker"}
{"ts": "2026-08-12T10:46:59.487Z", "level": "INFO", "service": "worker", "logger": "flow.plots_and_reports", "msg": "    /app/data/model_evaluations/home/probability_histogram.png", "container": "prefect-worker"}
{"ts": "2026-08-12T10:46:59.487Z", "level": "INFO", "service": "worker", "logger": "flow.plots_and_reports", "msg": "    /app/data/model_evaluations/home/confusion_matrix.png", "container": "prefect-worker"}
{"ts": "2026-08-12T10:46:59.487Z", "level": "INFO", "service": "worker", "logger": "flow.plots_and_reports", "msg": "    /app/data/model_evaluations/home/model_evaluation_summary.json", "container": "prefect-worker"}
{"ts": "2026-08-12T10:46:59.487Z", "level": "INFO", "service": "worker", "logger": "flow.plots_and_reports", "msg": "    /app/data/model_evaluations/home/optimizer_expected_profit_lift.png", "container": "prefect-worker"}
{"ts": "2026-08-12T10:46:59.487Z", "level": "INFO", "service": "worker", "logger": "flow.plots_and_reports", "msg": "    /app/data/model_evaluations/home/recommended_bid_change.png", "container": "prefect-worker"}
{"ts": "2026-08-12T10:46:59.488Z", "level": "INFO", "service": "worker", "logger": "flow.plots_and_reports", "msg": "    /app/data/model_evaluations/home/recommended_cm_distribution.png", "container": "prefect-worker"}
{"ts": "2026-08-12T10:46:59.488Z", "level": "INFO", "service": "worker", "logger": "flow.plots_and_reports", "msg": "    /app/data/model_evaluations/home/current_vs_recommended_win_rate.png", "container": "prefect-worker"}
{"ts": "2026-08-12T10:46:59.488Z", "level": "INFO", "service": "worker", "logger": "flow.plots_and_reports", "msg": "    /app/data/model_evaluations/home/bid_optimizer_test_rows.csv", "container": "prefect-worker"}
{"ts": "2026-08-12T10:46:59.585Z", "level": "INFO", "service": "worker", "logger": "botocore.credentials", "msg": "Found credentials in environment variables.", "container": "prefect-worker"}
{"ts": "2026-08-12T10:47:00.211Z", "level": "INFO", "service": "worker", "logger": "flow.optimizer", "msg": "Optimizing bids for 14,211 rows in chunks of 500", "container": "prefect-worker"}
{"ts": "2026-08-12T10:47:07.031Z", "level": "INFO", "service": "worker", "logger": "flow.optimizer", "msg": "Optimized 5,000 / 14,211 rows", "container": "prefect-worker"}
{"ts": "2026-08-12T10:47:13.576Z", "level": "INFO", "service": "worker", "logger": "flow.optimizer", "msg": "Optimized 10,000 / 14,211 rows", "container": "prefect-worker"}
{"ts": "2026-08-12T10:47:19.130Z", "level": "INFO", "service": "worker", "logger": "flow.optimizer", "msg": "Optimized 14,211 / 14,211 rows", "container": "prefect-worker"}
{"ts": "2026-08-12T10:47:19.138Z", "level": "INFO", "service": "worker", "logger": "flow.train", "msg": "Currently-serving model (run_20260812T082854Z_278e2985) re-scored on this test set: log loss=0.4092, PR AUC=0.6504", "container": "prefect-worker"}
{"ts": "2026-08-12T10:47:19.139Z", "level": "INFO", "service": "worker", "logger": "flow.train", "msg": "Promotion Evaluation", "container": "prefect-worker"}
{"ts": "2026-08-12T10:47:19.139Z", "level": "INFO", "service": "worker", "logger": "flow.train", "msg": "  Mode                                  : automatic", "container": "prefect-worker"}
{"ts": "2026-08-12T10:47:19.139Z", "level": "INFO", "service": "worker", "logger": "flow.train", "msg": "  Policy recommendation                 : ELIGIBLE", "container": "prefect-worker"}
{"ts": "2026-08-12T10:47:19.139Z", "level": "INFO", "service": "worker", "logger": "flow.train", "msg": "  Reason                                : Challenger passed the absolute thresholds and satisfies the 95% relative profit requirement and the 5000.00 absolute profit-loss tolerance; recommended CM is 59.90%, and log-loss regression 0.0004 is within tolerance.", "container": "prefect-worker"}
{"ts": "2026-08-12T10:47:19.207Z", "level": "INFO", "service": "worker", "logger": "flow.training_artifacts", "msg": "Prepared Model Comparison Artifacts", "container": "prefect-worker"}
{"ts": "2026-08-12T10:47:19.208Z", "level": "INFO", "service": "worker", "logger": "flow.training_artifacts", "msg": "  Evaluation dataset                    : /tmp/smarthub_model_comparison_rn_a0htp/evaluation_dataset.parquet", "container": "prefect-worker"}
{"ts": "2026-08-12T10:47:19.208Z", "level": "INFO", "service": "worker", "logger": "flow.training_artifacts", "msg": "  Optimizer results                     : /tmp/smarthub_model_comparison_rn_a0htp/optimizer_results.parquet", "container": "prefect-worker"}
{"ts": "2026-08-12T10:47:19.208Z", "level": "INFO", "service": "worker", "logger": "flow.training_artifacts", "msg": "  Metadata                              : /tmp/smarthub_model_comparison_rn_a0htp/evaluation_metadata.json", "container": "prefect-worker"}
{"ts": "2026-08-12T10:47:19.208Z", "level": "INFO", "service": "worker", "logger": "flow.train", "msg": "Saved training run run_20260812T104719Z_05391037 → /app/data/models/home/run_20260812T104719Z_05391037.pkl", "container": "prefect-worker"}
{"ts": "2026-08-12T10:47:19.475Z", "level": "INFO", "service": "worker", "logger": "flow.registry", "msg": "Published run_20260812T104719Z_05391037 to production storage (s3).", "container": "prefect-worker"}
{"ts": "2026-08-12T10:47:19.480Z", "level": "INFO", "service": "worker", "logger": "flow.train", "msg": "Automatically promoted home_v6 to currently-serving for 'home'.", "container": "prefect-worker"}
{"ts": "2026-08-12T10:47:20.923752520Z", "container": "prefect-worker", "msg": "2026/08/12 10:47:20 WARNING mlflow.sklearn: Saving scikit-learn models in the pickle or cloudpickle format requires exercising caution because these formats rely on Python's object serialization mechanism, which can execute arbitrary code during deserialization. The recommended safe alternative is the 'skops' format. For more information, see: https://scikit-learn.org/stable/model_persistence.html"}
{"ts": "2026-08-12T10:47:24.281356779Z", "container": "prefect-worker", "msg": "Registered model 'anton-win-probability-model' already exists. Creating a new version of this model..."}
{"ts": "2026-08-12T10:47:24.302844571Z", "container": "prefect-worker", "msg": "2026/08/12 10:47:24 WARNING mlflow.tracking._model_registry.fluent: Run with id 5cc5c7774d7b4b73b715185aa41b881f has no artifacts at artifact path 'model', registering model based on models:/m-6c54e09e18fb4df9bec4f59cd2d3d054 instead"}
{"ts": "2026-08-12T10:47:24.312893332Z", "container": "prefect-worker", "msg": "Created version '11' of model 'anton-win-probability-model'."}
{"ts": "2026-08-12T10:47:24.360Z", "level": "INFO", "service": "worker", "logger": "flow.train", "msg": "Logged run 'run_20260812T104719Z_05391037' to MLflow experiment 'anton_win_probability_home'", "container": "prefect-worker"}
{"ts": "2026-08-12T10:47:24.360Z", "level": "INFO", "service": "worker", "logger": "flow.train", "msg": "Logged run to MLflow experiment 'anton_win_probability'", "container": "prefect-worker"}
{"ts": "2026-08-12T10:47:24.372Z", "level": "INFO", "service": "worker", "logger": "prefect.task_runs", "msg": "Finished in state Completed()", "task_run_id": "019ff594-c7b8-7bb9-ac63-8400b480b498", "flow_run_id": "3c90fd2b-ff36-4e6a-b1d2-8a775f4908d5", "task_run_name": "train-anton-model-854", "task_name": "train-anton-model", "flow_run_name": "beta6-talos-anomaly", "flow_name": "smarthub-train-model", "container": "prefect-worker"}
{"ts": "2026-08-12T10:47:24.378Z", "level": "INFO", "service": "worker", "logger": "prefect.flow_runs", "msg": "Trained home model home_v6: log loss=0.4096, rows=71055 -> /app/data/models/home/run_20260812T104719Z_05391037.pkl (promoted=True)", "flow_run_name": "beta6-talos-anomaly", "flow_run_id": "3c90fd2b-ff36-4e6a-b1d2-8a775f4908d5", "flow_name": "smarthub-train-model", "deployment_name": "train-model", "container": "prefect-worker"}
{"ts": "2026-08-12T10:47:24.394Z", "level": "INFO", "service": "worker", "logger": "httpx", "msg": "HTTP Request: POST http://prefect-server:4200/api/artifacts/ \"HTTP/1.1 201 Created\"", "container": "prefect-worker"}
{"ts": "2026-08-12T10:47:24.480Z", "level": "INFO", "service": "worker", "logger": "httpx", "msg": "HTTP Request: POST http://prefect-server:4200/api/flow_runs/3c90fd2b-ff36-4e6a-b1d2-8a775f4908d5/set_state \"HTTP/1.1 201 Created\"", "container": "prefect-worker"}
{"ts": "2026-08-12T10:47:25.401Z", "level": "INFO", "service": "worker", "logger": "prefect.flow_runs", "msg": "Finished in state Completed()", "flow_run_name": "beta6-talos-anomaly", "flow_run_id": "3c90fd2b-ff36-4e6a-b1d2-8a775f4908d5", "flow_name": "smarthub-train-model", "deployment_name": "train-model", "container": "prefect-worker"}
{"ts": "2026-08-12T10:47:25.406Z", "level": "INFO", "service": "worker", "logger": "httpx", "msg": "HTTP Request: GET http://prefect-server:4200/api/csrf-token?client=2b9bd5d3-84ff-4079-b95f-b15effa8c255 \"HTTP/1.1 422 Unprocessable Entity\"", "container": "prefect-worker"}
{"ts": "2026-08-12T10:47:25.413Z", "level": "INFO", "service": "worker", "logger": "httpx", "msg": "HTTP Request: POST http://prefect-server:4200/api/logs/ \"HTTP/1.1 201 Created\"", "container": "prefect-worker"}
{"ts": "2026-08-12T10:47:26.600574366Z", "container": "prefect-worker", "msg": "10:47:26.599 | INFO    | prefect.flow_runs.runner - Process for flow run 'beta6-talos-anomaly' exited cleanly."}
{"ts": "2026-08-12T10:49:45.217561857Z", "container": "prefect-worker", "msg": "Received SIGTERM. Sending SIGINT to the process worker (PID 8)..."}
{"ts": "2026-08-12T10:49:45.217691168Z", "container": "prefect-worker", "msg": "Received SIGINT. Sending SIGINT to the process worker (PID 8)..."}
{"ts": "2026-08-12T10:49:45.221183566Z", "container": "prefect-worker", "msg": "Worker 'ProcessWorker ddf973ef-856e-453a-86d2-ef7d65fdc1a2' stopped!"}
{"ts": "2026-08-12T10:49:58.121995009Z", "container": "prefect-worker", "msg": "Prefect API is up."}
{"ts": "2026-08-12T10:49:59.492776870Z", "container": "prefect-worker", "msg": "Work pool named 'smarthub-pool' already exists. Use --overwrite to update it."}
{"ts": "2026-08-12T10:50:00.666669610Z", "container": "prefect-worker", "msg": "Work queue with name: 'default' already exists."}
{"ts": "2026-08-12T10:50:01.707550823Z", "container": "prefect-worker", "msg": "Work queue with name: 'features' already exists."}
{"ts": "2026-08-12T10:50:02.769766387Z", "container": "prefect-worker", "msg": "Work queue with name: 'training' already exists."}
{"ts": "2026-08-12T10:50:02.935588578Z", "container": "prefect-worker", "msg": "Registering deployments from prefect.yaml ..."}
{"ts": "2026-08-12T10:50:04.346913283Z", "container": "prefect-worker", "msg": "Deploying all flows with an existing deployment configuration..."}
{"ts": "2026-08-12T10:50:04.347165895Z", "container": "prefect-worker", "msg": "╭──────────────────────────────────────────────────────────────────────────────╮"}
{"ts": "2026-08-12T10:50:04.347181465Z", "container": "prefect-worker", "msg": "│ Deploying data-pull                                                          │"}
{"ts": "2026-08-12T10:50:04.347185495Z", "container": "prefect-worker", "msg": "╰──────────────────────────────────────────────────────────────────────────────╯"}
{"ts": "2026-08-12T10:50:04.881379361Z", "container": "prefect-worker", "msg": "2026-08-12 10:50:04 | INFO  | _client.py:_send_single_request:1740 | HTTP Request: GET http://prefect-server:4200/api/work_pools/smarthub-pool \"HTTP/1.1 200 OK\""}
{"ts": "2026-08-12T10:50:04.886689664Z", "container": "prefect-worker", "msg": "2026-08-12 10:50:04 | INFO  | _client.py:_send_single_request:1740 | HTTP Request: GET http://prefect-server:4200/api/work_pools/smarthub-pool \"HTTP/1.1 200 OK\""}
{"ts": "2026-08-12T10:50:04.932672023Z", "container": "prefect-worker", "msg": "2026-08-12 10:50:04 | INFO  | _client.py:_send_single_request:1740 | HTTP Request: GET http://prefect-server:4200/api/deployments/name/smarthub-data-pull/data-pull \"HTTP/1.1 200 OK\""}
{"ts": "2026-08-12T10:50:04.955393405Z", "container": "prefect-worker", "msg": "2026-08-12 10:50:04 | INFO  | _client.py:_send_single_request:1740 | HTTP Request: GET http://prefect-server:4200/api/csrf-token?client=c4fd86a8-d9c0-427c-9c25-a9514928d1c2 \"HTTP/1.1 422 Unprocessable Entity\""}
{"ts": "2026-08-12T10:50:05.018038458Z", "container": "prefect-worker", "msg": "2026-08-12 10:50:05 | INFO  | _client.py:_send_single_request:1740 | HTTP Request: PATCH http://prefect-server:4200/api/deployments/15dcce44-4b5f-4048-b854-eeba60c3b514 \"HTTP/1.1 204 No Content\""}
{"ts": "2026-08-12T10:50:05.022991357Z", "container": "prefect-worker", "msg": "2026-08-12 10:50:05 | INFO  | _client.py:_send_single_request:1740 | HTTP Request: DELETE http://prefect-server:4200/api/automations/owned-by/prefect.deployment.15dcce44-4b5f-4048-b854-eeba60c3b514 \"HTTP/1.1 202 Accepted\""}
{"ts": "2026-08-12T10:50:05.025206205Z", "container": "prefect-worker", "msg": "2026-08-12 10:50:05 | INFO  | _client.py:_send_single_request:1740 | HTTP Request: GET http://prefect-server:4200/api/csrf-token?client=250f7a52-db0e-4d8e-9757-e184ec2e79bf \"HTTP/1.1 422 Unprocessable Entity\""}
{"ts": "2026-08-12T10:50:05.029304588Z", "container": "prefect-worker", "msg": "2026-08-12 10:50:05 | INFO  | _client.py:_send_single_request:1740 | HTTP Request: DELETE http://prefect-server:4200/api/automations/owned-by/prefect.deployment.15dcce44-4b5f-4048-b854-eeba60c3b514 \"HTTP/1.1 202 Accepted\""}
{"ts": "2026-08-12T10:50:05.029999474Z", "container": "prefect-worker", "msg": "╭──────────────────────────────────────────────────────────────────────────────╮"}
{"ts": "2026-08-12T10:50:05.030014584Z", "container": "prefect-worker", "msg": "│ Deployment 'smarthub-data-pull/data-pull' successfully created with id       │"}
{"ts": "2026-08-12T10:50:05.030018184Z", "container": "prefect-worker", "msg": "│ '15dcce44-4b5f-4048-b854-eeba60c3b514'.                                      │"}
{"ts": "2026-08-12T10:50:05.030021394Z", "container": "prefect-worker", "msg": "╰──────────────────────────────────────────────────────────────────────────────╯"}
{"ts": "2026-08-12T10:50:05.030193075Z", "container": "prefect-worker", "msg": ""}
{"ts": "2026-08-12T10:50:05.030199285Z", "container": "prefect-worker", "msg": "View Deployment in UI: http://prefect-server:4200/deployments/deployment/15dcce44-4b5f-4048-b854-eeba60c3b514"}
{"ts": "2026-08-12T10:50:05.030202825Z", "container": "prefect-worker", "msg": ""}
{"ts": "2026-08-12T10:50:05.035460978Z", "container": "prefect-worker", "msg": "2026-08-12 10:50:05 | INFO  | _client.py:_send_single_request:1740 | HTTP Request: POST http://prefect-server:4200/api/work_pools/smarthub-pool/workers/filter \"HTTP/1.1 200 OK\""}
{"ts": "2026-08-12T10:50:05.036431825Z", "container": "prefect-worker", "msg": ""}
{"ts": "2026-08-12T10:50:05.036442735Z", "container": "prefect-worker", "msg": "To schedule a run for this deployment, use the following command:"}
{"ts": "2026-08-12T10:50:05.036654717Z", "container": "prefect-worker", "msg": ""}
{"ts": "2026-08-12T10:50:05.036661277Z", "container": "prefect-worker", "msg": "        $ prefect deployment run 'smarthub-data-pull/data-pull'"}
{"ts": "2026-08-12T10:50:05.036664607Z", "container": "prefect-worker", "msg": ""}
{"ts": "2026-08-12T10:50:05.036818588Z", "container": "prefect-worker", "msg": "╭──────────────────────────────────────────────────────────────────────────────╮"}
{"ts": "2026-08-12T10:50:05.036825238Z", "container": "prefect-worker", "msg": "│ Deploying build-features                                                     │"}
{"ts": "2026-08-12T10:50:05.036828768Z", "container": "prefect-worker", "msg": "╰──────────────────────────────────────────────────────────────────────────────╯"}
{"ts": "2026-08-12T10:50:05.075667890Z", "container": "prefect-worker", "msg": "2026-08-12 10:50:05 | INFO  | _client.py:_send_single_request:1740 | HTTP Request: GET http://prefect-server:4200/api/work_pools/smarthub-pool \"HTTP/1.1 200 OK\""}
{"ts": "2026-08-12T10:50:05.079854714Z", "container": "prefect-worker", "msg": "2026-08-12 10:50:05 | INFO  | _client.py:_send_single_request:1740 | HTTP Request: GET http://prefect-server:4200/api/work_pools/smarthub-pool \"HTTP/1.1 200 OK\""}
{"ts": "2026-08-12T10:50:05.122437145Z", "container": "prefect-worker", "msg": "2026-08-12 10:50:05 | INFO  | _client.py:_send_single_request:1740 | HTTP Request: GET http://prefect-server:4200/api/deployments/name/smarthub-build-features/build-features \"HTTP/1.1 200 OK\""}
{"ts": "2026-08-12T10:50:05.137998350Z", "container": "prefect-worker", "msg": "2026-08-12 10:50:05 | INFO  | _client.py:_send_single_request:1740 | HTTP Request: GET http://prefect-server:4200/api/csrf-token?client=4012297b-d81f-4613-937b-9f14e5f1b08b \"HTTP/1.1 422 Unprocessable Entity\""}
{"ts": "2026-08-12T10:50:05.197832860Z", "container": "prefect-worker", "msg": "2026-08-12 10:50:05 | INFO  | _client.py:_send_single_request:1740 | HTTP Request: PATCH http://prefect-server:4200/api/deployments/8d536def-a82a-4c94-941b-14c2c0468511 \"HTTP/1.1 204 No Content\""}
{"ts": "2026-08-12T10:50:05.202648939Z", "container": "prefect-worker", "msg": "2026-08-12 10:50:05 | INFO  | _client.py:_send_single_request:1740 | HTTP Request: DELETE http://prefect-server:4200/api/automations/owned-by/prefect.deployment.8d536def-a82a-4c94-941b-14c2c0468511 \"HTTP/1.1 202 Accepted\""}
{"ts": "2026-08-12T10:50:05.204934407Z", "container": "prefect-worker", "msg": "2026-08-12 10:50:05 | INFO  | _client.py:_send_single_request:1740 | HTTP Request: GET http://prefect-server:4200/api/csrf-token?client=aa472eb1-1a10-4764-8f03-a9bbfd127bfe \"HTTP/1.1 422 Unprocessable Entity\""}
{"ts": "2026-08-12T10:50:05.208921369Z", "container": "prefect-worker", "msg": "2026-08-12 10:50:05 | INFO  | _client.py:_send_single_request:1740 | HTTP Request: DELETE http://prefect-server:4200/api/automations/owned-by/prefect.deployment.8d536def-a82a-4c94-941b-14c2c0468511 \"HTTP/1.1 202 Accepted\""}
{"ts": "2026-08-12T10:50:05.209530604Z", "container": "prefect-worker", "msg": "╭──────────────────────────────────────────────────────────────────────────────╮"}
{"ts": "2026-08-12T10:50:05.209544344Z", "container": "prefect-worker", "msg": "│ Deployment 'smarthub-build-features/build-features' successfully created     │"}
{"ts": "2026-08-12T10:50:05.209548094Z", "container": "prefect-worker", "msg": "│ with id '8d536def-a82a-4c94-941b-14c2c0468511'.                              │"}
{"ts": "2026-08-12T10:50:05.209551384Z", "container": "prefect-worker", "msg": "╰──────────────────────────────────────────────────────────────────────────────╯"}
{"ts": "2026-08-12T10:50:05.209639235Z", "container": "prefect-worker", "msg": ""}
{"ts": "2026-08-12T10:50:05.209649125Z", "container": "prefect-worker", "msg": "View Deployment in UI: http://prefect-server:4200/deployments/deployment/8d536def-a82a-4c94-941b-14c2c0468511"}
{"ts": "2026-08-12T10:50:05.209652925Z", "container": "prefect-worker", "msg": ""}
{"ts": "2026-08-12T10:50:05.214030330Z", "container": "prefect-worker", "msg": "2026-08-12 10:50:05 | INFO  | _client.py:_send_single_request:1740 | HTTP Request: POST http://prefect-server:4200/api/work_pools/smarthub-pool/workers/filter \"HTTP/1.1 200 OK\""}
{"ts": "2026-08-12T10:50:05.214492904Z", "container": "prefect-worker", "msg": ""}
{"ts": "2026-08-12T10:50:05.214499834Z", "container": "prefect-worker", "msg": "To schedule a run for this deployment, use the following command:"}
{"ts": "2026-08-12T10:50:05.214671315Z", "container": "prefect-worker", "msg": ""}
{"ts": "2026-08-12T10:50:05.214679385Z", "container": "prefect-worker", "msg": "        $ prefect deployment run 'smarthub-build-features/build-features'"}
{"ts": "2026-08-12T10:50:05.214682825Z", "container": "prefect-worker", "msg": ""}
{"ts": "2026-08-12T10:50:05.214881177Z", "container": "prefect-worker", "msg": "╭──────────────────────────────────────────────────────────────────────────────╮"}
{"ts": "2026-08-12T10:50:05.214888407Z", "container": "prefect-worker", "msg": "│ Deploying train-model                                                        │"}
{"ts": "2026-08-12T10:50:05.214891837Z", "container": "prefect-worker", "msg": "╰──────────────────────────────────────────────────────────────────────────────╯"}
{"ts": "2026-08-12T10:50:06.197062528Z", "container": "prefect-worker", "msg": "2026-08-12 10:50:06 | INFO  | font_manager.py:_load_fontmanager:1847 | generated new fontManager"}
{"ts": "2026-08-12T10:50:06.381350007Z", "container": "prefect-worker", "msg": "2026-08-12 10:50:06 | INFO  | _client.py:_send_single_request:1740 | HTTP Request: GET http://prefect-server:4200/api/work_pools/smarthub-pool \"HTTP/1.1 200 OK\""}
{"ts": "2026-08-12T10:50:06.385202768Z", "container": "prefect-worker", "msg": "2026-08-12 10:50:06 | INFO  | _client.py:_send_single_request:1740 | HTTP Request: GET http://prefect-server:4200/api/work_pools/smarthub-pool \"HTTP/1.1 200 OK\""}
{"ts": "2026-08-12T10:50:06.427967981Z", "container": "prefect-worker", "msg": "2026-08-12 10:50:06 | INFO  | _client.py:_send_single_request:1740 | HTTP Request: GET http://prefect-server:4200/api/deployments/name/smarthub-train-model/train-model \"HTTP/1.1 200 OK\""}
{"ts": "2026-08-12T10:50:06.443243814Z", "container": "prefect-worker", "msg": "2026-08-12 10:50:06 | INFO  | _client.py:_send_single_request:1740 | HTTP Request: GET http://prefect-server:4200/api/csrf-token?client=f85739ef-db71-49b2-8117-1d07fb0fe535 \"HTTP/1.1 422 Unprocessable Entity\""}
{"ts": "2026-08-12T10:50:06.500076459Z", "container": "prefect-worker", "msg": "2026-08-12 10:50:06 | INFO  | _client.py:_send_single_request:1740 | HTTP Request: PATCH http://prefect-server:4200/api/deployments/f2af7572-283e-43ab-bfa3-0ad7cee08503 \"HTTP/1.1 204 No Content\""}
{"ts": "2026-08-12T10:50:06.504337713Z", "container": "prefect-worker", "msg": "2026-08-12 10:50:06 | INFO  | _client.py:_send_single_request:1740 | HTTP Request: DELETE http://prefect-server:4200/api/automations/owned-by/prefect.deployment.f2af7572-283e-43ab-bfa3-0ad7cee08503 \"HTTP/1.1 202 Accepted\""}
{"ts": "2026-08-12T10:50:06.506227159Z", "container": "prefect-worker", "msg": "2026-08-12 10:50:06 | INFO  | _client.py:_send_single_request:1740 | HTTP Request: GET http://prefect-server:4200/api/csrf-token?client=eca59669-ba3b-4e22-84d8-ce70d0fdced1 \"HTTP/1.1 422 Unprocessable Entity\""}
{"ts": "2026-08-12T10:50:06.509588826Z", "container": "prefect-worker", "msg": "2026-08-12 10:50:06 | INFO  | _client.py:_send_single_request:1740 | HTTP Request: DELETE http://prefect-server:4200/api/automations/owned-by/prefect.deployment.f2af7572-283e-43ab-bfa3-0ad7cee08503 \"HTTP/1.1 202 Accepted\""}
{"ts": "2026-08-12T10:50:06.510162700Z", "container": "prefect-worker", "msg": "╭──────────────────────────────────────────────────────────────────────────────╮"}
{"ts": "2026-08-12T10:50:06.510176721Z", "container": "prefect-worker", "msg": "│ Deployment 'smarthub-train-model/train-model' successfully created with id   │"}
{"ts": "2026-08-12T10:50:06.510180691Z", "container": "prefect-worker", "msg": "│ 'f2af7572-283e-43ab-bfa3-0ad7cee08503'.                                      │"}
{"ts": "2026-08-12T10:50:06.510184121Z", "container": "prefect-worker", "msg": "╰──────────────────────────────────────────────────────────────────────────────╯"}
{"ts": "2026-08-12T10:50:06.510276591Z", "container": "prefect-worker", "msg": ""}
{"ts": "2026-08-12T10:50:06.510288432Z", "container": "prefect-worker", "msg": "View Deployment in UI: http://prefect-server:4200/deployments/deployment/f2af7572-283e-43ab-bfa3-0ad7cee08503"}
{"ts": "2026-08-12T10:50:06.510292352Z", "container": "prefect-worker", "msg": ""}
{"ts": "2026-08-12T10:50:06.514307564Z", "container": "prefect-worker", "msg": "2026-08-12 10:50:06 | INFO  | _client.py:_send_single_request:1740 | HTTP Request: POST http://prefect-server:4200/api/work_pools/smarthub-pool/workers/filter \"HTTP/1.1 200 OK\""}
{"ts": "2026-08-12T10:50:06.514770618Z", "container": "prefect-worker", "msg": ""}
{"ts": "2026-08-12T10:50:06.514778898Z", "container": "prefect-worker", "msg": "To schedule a run for this deployment, use the following command:"}
{"ts": "2026-08-12T10:50:06.514952449Z", "container": "prefect-worker", "msg": ""}
{"ts": "2026-08-12T10:50:06.514961079Z", "container": "prefect-worker", "msg": "        $ prefect deployment run 'smarthub-train-model/train-model'"}
{"ts": "2026-08-12T10:50:06.514964789Z", "container": "prefect-worker", "msg": ""}
{"ts": "2026-08-12T10:50:07.090561127Z", "container": "prefect-worker", "msg": "Starting worker on pool='smarthub-pool' queues='default features training' ..."}
{"ts": "2026-08-12T10:50:08.480237458Z", "container": "prefect-worker", "msg": "Discovered type 'process' for work pool 'smarthub-pool'."}
{"ts": "2026-08-12T10:50:08.809723702Z", "container": "prefect-worker", "msg": "Worker 'ProcessWorker 9e49efa9-3aad-4589-82bf-b41ae7dfe57e' started!"}
{"ts": "2026-08-12T10:51:19.599197302Z", "container": "prefect-worker", "msg": "10:51:19.596 | INFO    | prefect.flow_runs.worker - Worker 'ProcessWorker 9e49efa9-3aad-4589-82bf-b41ae7dfe57e' submitting flow run '7cc965bf-2e95-453f-af47-7fabe796a4c2'"}
{"ts": "2026-08-12T10:51:19.936109424Z", "container": "prefect-worker", "msg": "10:51:19.935 | INFO    | prefect.flow_runs.runner - Starting flow run process..."}
{"ts": "2026-08-12T10:51:19.962640337Z", "container": "prefect-worker", "msg": "10:51:19.962 | INFO    | prefect.flow_runs.worker - Flow run 'epsilon555-haller' submitted to infrastructure"}
{"ts": "2026-08-12T10:51:21.149033062Z", "container": "prefect-worker", "msg": "10:51:21.142 | INFO    | Flow run 'epsilon555-haller' - Running 1 deployment pull step(s)"}
{"ts": "2026-08-12T10:51:21.169925190Z", "container": "prefect-worker", "msg": "10:51:21.168 | INFO    | Flow run 'epsilon555-haller' - Executing deployment step: set_working_directory"}
{"ts": "2026-08-12T10:51:21.181800125Z", "container": "prefect-worker", "msg": "10:51:21.181 | INFO    | Flow run 'epsilon555-haller' - Deployment step 'set_working_directory' completed successfully"}
{"ts": "2026-08-12T10:51:21.195906418Z", "container": "prefect-worker", "msg": "10:51:21.195 | INFO    | Flow run 'epsilon555-haller' - All deployment steps completed successfully"}
{"ts": "2026-08-12T10:51:22.329023726Z", "container": "prefect-worker", "msg": "2026-08-12 10:51:22 | INFO  | _client.py:_send_single_request:1025 | HTTP Request: GET http://prefect-server:4200/api/admin/version \"HTTP/1.1 200 OK\""}
{"ts": "2026-08-12T10:51:22.332271222Z", "container": "prefect-worker", "msg": "2026-08-12 10:51:22 | INFO  | _client.py:_send_single_request:1025 | HTTP Request: GET http://prefect-server:4200/api/csrf-token?client=44f0d120-47c8-4cbc-8d84-685a2948549f \"HTTP/1.1 422 Unprocessable Entity\""}
{"ts": "2026-08-12T10:51:22.337056360Z", "container": "prefect-worker", "msg": "2026-08-12 10:51:22 | INFO  | _client.py:_send_single_request:1025 | HTTP Request: PATCH http://prefect-server:4200/api/flow_runs/7cc965bf-2e95-453f-af47-7fabe796a4c2 \"HTTP/1.1 204 No Content\""}
{"ts": "2026-08-12T10:51:22.355478508Z", "container": "prefect-worker", "msg": "2026-08-12 10:51:22 | INFO  | _client.py:_send_single_request:1740 | HTTP Request: GET http://prefect-server:4200/api/flow_runs/7cc965bf-2e95-453f-af47-7fabe796a4c2 \"HTTP/1.1 200 OK\""}
{"ts": "2026-08-12T10:51:22.369401599Z", "container": "prefect-worker", "msg": "2026-08-12 10:51:22 | INFO  | _client.py:_send_single_request:1025 | HTTP Request: POST http://prefect-server:4200/api/flow_runs/7cc965bf-2e95-453f-af47-7fabe796a4c2/set_state \"HTTP/1.1 201 Created\""}
{"ts": "2026-08-12T10:51:22.374774582Z", "container": "prefect-worker", "msg": "2026-08-12 10:51:22 | INFO  | _client.py:_send_single_request:1025 | HTTP Request: GET http://prefect-server:4200/api/flow_runs/7cc965bf-2e95-453f-af47-7fabe796a4c2 \"HTTP/1.1 200 OK\""}
{"ts": "2026-08-12T10:51:22.378584703Z", "container": "prefect-worker", "msg": "2026-08-12 10:51:22 | INFO  | _client.py:_send_single_request:1025 | HTTP Request: GET http://prefect-server:4200/api/admin/storage \"HTTP/1.1 200 OK\""}
{"ts": "2026-08-12T10:51:22.381456016Z", "container": "prefect-worker", "msg": "2026-08-12 10:51:22 | INFO  | _client.py:_send_single_request:1025 | HTTP Request: GET http://prefect-server:4200/api/admin/storage \"HTTP/1.1 200 OK\""}
{"ts": "2026-08-12T10:51:22.381896370Z", "container": "prefect-worker", "msg": "2026-08-12 10:51:22 | INFO  | flow_engine.py:setup_run_context:1133 | Beginning flow run 'epsilon555-haller' for flow 'smarthub-train-model'"}
{"ts": "2026-08-12T10:51:22.382164912Z", "container": "prefect-worker", "msg": "2026-08-12 10:51:22 | INFO  | flow_engine.py:setup_run_context:1138 | View at http://prefect-server:4200/runs/flow-run/7cc965bf-2e95-453f-af47-7fabe796a4c2"}
{"ts": "2026-08-12T10:51:22.383669094Z", "container": "prefect-worker", "msg": "2026-08-12 10:51:22 | INFO  | flow.py:train_flow:105 | STEP 3 train-model starting: lead_type=auto (6), version=latest, mlflow=True"}
{"ts": "2026-08-12T10:51:22.409663753Z", "container": "prefect-worker", "msg": "2026-08-12 10:51:22 | INFO  | train.py:run_training:177 | Loading training table for lead_type=auto (6)"}
{"ts": "2026-08-12T10:51:22.413379192Z", "container": "prefect-worker", "msg": "2026-08-12 10:51:22 | INFO  | _client.py:_send_single_request:1740 | HTTP Request: GET http://prefect-server:4200/api/flows/b482d204-61dd-4cd6-bc87-1c0295ffdd50 \"HTTP/1.1 200 OK\""}
{"ts": "2026-08-12T10:51:22.422024592Z", "container": "prefect-worker", "msg": "2026-08-12 10:51:22 | INFO  | _client.py:_send_single_request:1740 | HTTP Request: GET http://prefect-server:4200/api/work_queues/1359b356-bb73-44da-ae82-6233613dd549 \"HTTP/1.1 200 OK\""}
{"ts": "2026-08-12T10:51:22.424089488Z", "container": "prefect-worker", "msg": "2026-08-12 10:51:22 | INFO  | _client.py:_send_single_request:1740 | HTTP Request: GET http://prefect-server:4200/api/deployments/f2af7572-283e-43ab-bfa3-0ad7cee08503 \"HTTP/1.1 200 OK\""}
{"ts": "2026-08-12T10:51:22.433517394Z", "container": "prefect-worker", "msg": "2026-08-12 10:51:22 | INFO  | _client.py:_send_single_request:1740 | HTTP Request: GET http://prefect-server:4200/api/work_pools/smarthub-pool \"HTTP/1.1 200 OK\""}
{"ts": "2026-08-12T10:51:23.268766633Z", "container": "prefect-worker", "msg": "2026-08-12 10:51:23 | INFO  | _client.py:_send_single_request:1740 | HTTP Request: GET http://prefect-server:4200/api/csrf-token?client=105921aa-7a4b-423c-ad84-574d23c846d7 \"HTTP/1.1 422 Unprocessable Entity\""}
{"ts": "2026-08-12T10:51:23.302779865Z", "container": "prefect-worker", "msg": "2026-08-12 10:51:23 | INFO  | _client.py:_send_single_request:1740 | HTTP Request: POST http://prefect-server:4200/api/logs/ \"HTTP/1.1 201 Created\""}
{"ts": "2026-08-12T10:51:24.206111590Z", "container": "prefect-worker", "msg": "2026-08-12 10:51:24 | INFO  | train.py:run_training:189 | Dataset Prepared"}
{"ts": "2026-08-12T10:51:24.206456033Z", "container": "prefect-worker", "msg": "2026-08-12 10:51:24 | INFO  | train.py:run_training:190 |   Training rows                         : 510,572"}
{"ts": "2026-08-12T10:51:24.206472113Z", "container": "prefect-worker", "msg": "2026-08-12 10:51:24 | INFO  | train.py:run_training:194 |   Dropped rows                          : 0"}
{"ts": "2026-08-12T10:51:24.206476113Z", "container": "prefect-worker", "msg": "2026-08-12 10:51:24 | INFO  | train.py:run_training:198 |   Win rate                              : 0.3558"}
{"ts": "2026-08-12T10:51:24.206479383Z", "container": "prefect-worker", "msg": "2026-08-12 10:51:24 | INFO  | train.py:run_training:202 |   Feature count                         : 17 numeric, 6 categorical"}
{"ts": "2026-08-12T10:51:24.206482503Z", "container": "prefect-worker", "msg": "2026-08-12 10:51:24 | INFO  | train.py:run_training:207 |   Missing feature columns               : none"}
{"ts": "2026-08-12T10:51:24.321756848Z", "container": "prefect-worker", "msg": "2026-08-12 10:51:24 | INFO  | train.py:run_training:235 | Cleaning Data"}
{"ts": "2026-08-12T10:51:24.321894319Z", "container": "prefect-worker", "msg": "2026-08-12 10:51:24 | INFO  | train.py:run_training:236 |   Dropped zero-variance features        : 5"}
{"ts": "2026-08-12T10:51:24.321908769Z", "container": "prefect-worker", "msg": "2026-08-12 10:51:24 | INFO  | train.py:run_training:240 |   Zero-variance feature names           : military_affiliation, insured, home_owner, dui, sr22_required"}
{"ts": "2026-08-12T10:51:24.321912629Z", "container": "prefect-worker", "msg": "2026-08-12 10:51:24 | INFO  | train.py:run_training:246 | Feature columns: ['bid', 'age', 'continuous_coverage_months', 'created_hour', 'created_dayofweek', 'is_workday', 'is_married', 'num_vehicles', 'num_drivers', 'num_auto_violations', 'num_auto_accidents', 'multi_vehicle', 'age_cohort', 'state', 'gender', 'marital_status', 'campaign_id', 'traffic_tier']"}
{"ts": "2026-08-12T10:51:29.463471945Z", "container": "prefect-worker", "msg": "2026-08-12 10:51:29 | INFO  | plots_and_reports.py:log_training_data_summary:210 | Dataset Summary"}
{"ts": "2026-08-12T10:51:29.463675147Z", "container": "prefect-worker", "msg": "2026-08-12 10:51:29 | INFO  | plots_and_reports.py:log_training_data_summary:211 |   Total rows                            : 510,572"}
{"ts": "2026-08-12T10:51:29.464710795Z", "container": "prefect-worker", "msg": "2026-08-12 10:51:29 | INFO  | plots_and_reports.py:log_training_data_summary:216 |   Target win rate                       : 0.3558"}
{"ts": "2026-08-12T10:51:29.464978887Z", "container": "prefect-worker", "msg": "2026-08-12 10:51:29 | INFO  | plots_and_reports.py:log_training_data_summary:221 |   Features summarized                   : 18"}
{"ts": "2026-08-12T10:51:29.465108288Z", "container": "prefect-worker", "msg": "2026-08-12 10:51:29 | INFO  | plots_and_reports.py:log_training_data_summary:225 |   Features with missing values          : 0"}
{"ts": "2026-08-12T10:51:29.465116728Z", "container": "prefect-worker", "msg": "2026-08-12 10:51:29 | INFO  | plots_and_reports.py:log_training_data_summary:229 |   Total missing feature values          : 0"}
{"ts": "2026-08-12T10:51:29.465494881Z", "container": "prefect-worker", "msg": "2026-08-12 10:51:29 | INFO  | plots_and_reports.py:log_training_data_summary:249 |   Feature-value count rows saved        : 150"}
{"ts": "2026-08-12T10:51:29.482918211Z", "container": "prefect-worker", "msg": "2026-08-12 10:51:29 | INFO  | train.py:run_training:272 | Train/Test Split"}
{"ts": "2026-08-12T10:51:29.483051552Z", "container": "prefect-worker", "msg": "2026-08-12 10:51:29 | INFO  | train.py:run_training:273 |   Train rows                            : 408,458"}
{"ts": "2026-08-12T10:51:29.483065232Z", "container": "prefect-worker", "msg": "2026-08-12 10:51:29 | INFO  | train.py:run_training:277 |   Test rows                             : 102,114"}
{"ts": "2026-08-12T10:51:29.483069572Z", "container": "prefect-worker", "msg": "2026-08-12 10:51:29 | INFO  | train.py:run_training:281 |   Split method                          : time"}
{"ts": "2026-08-12T10:51:29.483072772Z", "container": "prefect-worker", "msg": "2026-08-12 10:51:29 | INFO  | train.py:run_training:285 |   Test fraction                         : 0.20"}
{"ts": "2026-08-12T10:51:29.483784118Z", "container": "prefect-worker", "msg": "2026-08-12 10:51:29 | INFO  | train.py:run_training:294 |   Train date range                      : 2026-07-22 08:14:33.212168 → 2026-08-07 17:58:27.133347"}
{"ts": "2026-08-12T10:51:29.483962849Z", "container": "prefect-worker", "msg": "2026-08-12 10:51:29 | INFO  | train.py:run_training:299 |   Test date range                       : 2026-08-07 17:58:27.924663 → 2026-08-12 07:59:30.637039"}
{"ts": "2026-08-12T10:51:29.484091200Z", "container": "prefect-worker", "msg": "2026-08-12 10:51:29 | INFO  | train.py:run_training:304 |   Test rows by weekday"}
{"ts": "2026-08-12T10:51:29.502364537Z", "container": "prefect-worker", "msg": "2026-08-12 10:51:29 | INFO  | train.py:run_training:308 |     Friday     : 10,719"}
{"ts": "2026-08-12T10:51:29.502489888Z", "container": "prefect-worker", "msg": "2026-08-12 10:51:29 | INFO  | train.py:run_training:308 |     Monday     : 32,484"}
{"ts": "2026-08-12T10:51:29.502497708Z", "container": "prefect-worker", "msg": "2026-08-12 10:51:29 | INFO  | train.py:run_training:308 |     Saturday   : 13,928"}
{"ts": "2026-08-12T10:51:29.502501038Z", "container": "prefect-worker", "msg": "2026-08-12 10:51:29 | INFO  | train.py:run_training:308 |     Sunday     : 12,255"}
{"ts": "2026-08-12T10:51:29.502504068Z", "container": "prefect-worker", "msg": "2026-08-12 10:51:29 | INFO  | train.py:run_training:308 |     Tuesday    : 28,536"}
{"ts": "2026-08-12T10:51:29.502506978Z", "container": "prefect-worker", "msg": "2026-08-12 10:51:29 | INFO  | train.py:run_training:308 |     Wednesday  : 4,192"}
{"ts": "2026-08-12T10:51:29.502509938Z", "container": "prefect-worker", "msg": "2026-08-12 10:51:29 | INFO  | train.py:run_training:314 | Training Model"}
{"ts": "2026-08-12T10:51:29.502512778Z", "container": "prefect-worker", "msg": "2026-08-12 10:51:29 | INFO  | train.py:run_training:315 |   Model type                            : lightgbm"}
{"ts": "2026-08-12T10:51:29.502729770Z", "container": "prefect-worker", "msg": "2026-08-12 10:51:29 | INFO  | train.py:run_training:316 |   Calibration enabled                   : False"}
{"ts": "2026-08-12T10:51:35.487260067Z", "container": "prefect-worker", "msg": "2026-08-12 10:51:35 | INFO  | train.py:run_training:332 | Evaluating Model"}
{"ts": "2026-08-12T10:51:37.296441577Z", "container": "prefect-worker", "msg": "2026-08-12 10:51:37 | INFO  | optimizer.py:score_recommended_bids:277 | Optimizing bids for 102,114 rows in chunks of 500"}
{"ts": "2026-08-12T10:51:44.150955433Z", "container": "prefect-worker", "msg": "2026-08-12 10:51:44 | INFO  | optimizer.py:score_recommended_bids:296 | Optimized 5,000 / 102,114 rows"}
{"ts": "2026-08-12T10:51:50.873986542Z", "container": "prefect-worker", "msg": "2026-08-12 10:51:50 | INFO  | optimizer.py:score_recommended_bids:296 | Optimized 10,000 / 102,114 rows"}
{"ts": "2026-08-12T10:51:57.400279493Z", "container": "prefect-worker", "msg": "2026-08-12 10:51:57 | INFO  | optimizer.py:score_recommended_bids:296 | Optimized 15,000 / 102,114 rows"}
{"ts": "2026-08-12T10:52:03.888399129Z", "container": "prefect-worker", "msg": "2026-08-12 10:52:03 | INFO  | optimizer.py:score_recommended_bids:296 | Optimized 20,000 / 102,114 rows"}
{"ts": "2026-08-12T10:52:10.205202591Z", "container": "prefect-worker", "msg": "2026-08-12 10:52:10 | INFO  | optimizer.py:score_recommended_bids:296 | Optimized 25,000 / 102,114 rows"}
{"ts": "2026-08-12T10:52:16.915116304Z", "container": "prefect-worker", "msg": "2026-08-12 10:52:16 | INFO  | optimizer.py:score_recommended_bids:296 | Optimized 30,000 / 102,114 rows"}
{"ts": "2026-08-12T10:52:23.351996151Z", "container": "prefect-worker", "msg": "2026-08-12 10:52:23 | INFO  | optimizer.py:score_recommended_bids:296 | Optimized 35,000 / 102,114 rows"}
{"ts": "2026-08-12T10:52:29.921430557Z", "container": "prefect-worker", "msg": "2026-08-12 10:52:29 | INFO  | optimizer.py:score_recommended_bids:296 | Optimized 40,000 / 102,114 rows"}
{"ts": "2026-08-12T10:52:36.949378280Z", "container": "prefect-worker", "msg": "2026-08-12 10:52:36 | INFO  | optimizer.py:score_recommended_bids:296 | Optimized 45,000 / 102,114 rows"}
{"ts": "2026-08-12T10:52:43.987704256Z", "container": "prefect-worker", "msg": "2026-08-12 10:52:43 | INFO  | optimizer.py:score_recommended_bids:296 | Optimized 50,000 / 102,114 rows"}
{"ts": "2026-08-12T10:52:51.050398814Z", "container": "prefect-worker", "msg": "2026-08-12 10:52:51 | INFO  | optimizer.py:score_recommended_bids:296 | Optimized 55,000 / 102,114 rows"}
{"ts": "2026-08-12T10:52:58.087287531Z", "container": "prefect-worker", "msg": "2026-08-12 10:52:58 | INFO  | optimizer.py:score_recommended_bids:296 | Optimized 60,000 / 102,114 rows"}
{"ts": "2026-08-12T10:53:04.958585688Z", "container": "prefect-worker", "msg": "2026-08-12 10:53:04 | INFO  | optimizer.py:score_recommended_bids:296 | Optimized 65,000 / 102,114 rows"}
{"ts": "2026-08-12T10:53:11.754075650Z", "container": "prefect-worker", "msg": "2026-08-12 10:53:11 | INFO  | optimizer.py:score_recommended_bids:296 | Optimized 70,000 / 102,114 rows"}
{"ts": "2026-08-12T10:53:18.748953048Z", "container": "prefect-worker", "msg": "2026-08-12 10:53:18 | INFO  | optimizer.py:score_recommended_bids:296 | Optimized 75,000 / 102,114 rows"}
{"ts": "2026-08-12T10:53:25.892920738Z", "container": "prefect-worker", "msg": "2026-08-12 10:53:25 | INFO  | optimizer.py:score_recommended_bids:296 | Optimized 80,000 / 102,114 rows"}
{"ts": "2026-08-12T10:53:33.063310698Z", "container": "prefect-worker", "msg": "2026-08-12 10:53:33 | INFO  | optimizer.py:score_recommended_bids:296 | Optimized 85,000 / 102,114 rows"}
{"ts": "2026-08-12T10:53:40.068703817Z", "container": "prefect-worker", "msg": "2026-08-12 10:53:40 | INFO  | optimizer.py:score_recommended_bids:296 | Optimized 90,000 / 102,114 rows"}
{"ts": "2026-08-12T10:53:46.960532535Z", "container": "prefect-worker", "msg": "2026-08-12 10:53:46 | INFO  | optimizer.py:score_recommended_bids:296 | Optimized 95,000 / 102,114 rows"}
{"ts": "2026-08-12T10:53:53.758183226Z", "container": "prefect-worker", "msg": "2026-08-12 10:53:53 | INFO  | optimizer.py:score_recommended_bids:296 | Optimized 100,000 / 102,114 rows"}
{"ts": "2026-08-12T10:53:56.610341640Z", "container": "prefect-worker", "msg": "2026-08-12 10:53:56 | INFO  | optimizer.py:score_recommended_bids:296 | Optimized 102,114 / 102,114 rows"}
{"ts": "2026-08-12T10:53:56.648669280Z", "container": "prefect-worker", "msg": "2026-08-12 10:53:56 | INFO  | optimizer_evaluation.py:log_summary:209 | Bid Optimizer Evaluation"}
{"ts": "2026-08-12T10:53:56.648688840Z", "container": "prefect-worker", "msg": "2026-08-12 10:53:56 | INFO  | optimizer_evaluation.py:log_summary:210 |   Rows evaluated                     : 102,114"}
{"ts": "2026-08-12T10:53:56.648692580Z", "container": "prefect-worker", "msg": "2026-08-12 10:53:56 | INFO  | optimizer_evaluation.py:log_summary:213 |   Target CM                          : 25.00%"}
{"ts": "2026-08-12T10:53:56.648904702Z", "container": "prefect-worker", "msg": "2026-08-12 10:53:56 | INFO  | optimizer_evaluation.py:log_summary:216 |   Expected profit, current/recommended: 379490.0109 / 543821.7796"}
{"ts": "2026-08-12T10:53:56.648934782Z", "container": "prefect-worker", "msg": "2026-08-12 10:53:56 | INFO  | optimizer_evaluation.py:log_summary:221 |   Expected profit lift               : 164331.7687 (43.30%)"}
{"ts": "2026-08-12T10:53:56.648938862Z", "container": "prefect-worker", "msg": "2026-08-12 10:53:56 | INFO  | optimizer_evaluation.py:log_summary:226 |   Avg predicted win rate, current/reco: 0.3303 / 0.4004"}
{"ts": "2026-08-12T10:53:56.648942392Z", "container": "prefect-worker", "msg": "2026-08-12 10:53:56 | INFO  | optimizer_evaluation.py:log_summary:231 |   Bid increased/decreased/unchanged  : 52.63% / 46.07% / 1.29%"}
{"ts": "2026-08-12T10:53:56.648945592Z", "container": "prefect-worker", "msg": "2026-08-12 10:53:56 | INFO  | optimizer_evaluation.py:log_summary:237 |   Avg / median bid change            : 0.6457 / 0.1700"}
{"ts": "2026-08-12T10:53:56.648949222Z", "container": "prefect-worker", "msg": "2026-08-12 10:53:56 | INFO  | optimizer_evaluation.py:log_summary:242 |   Avg recommended CM if won           : 0.5841"}
{"ts": "2026-08-12T10:53:56.648952352Z", "container": "prefect-worker", "msg": "2026-08-12 10:53:56 | INFO  | metrics.py:log_model_evaluation:130 | Model Evaluation"}
{"ts": "2026-08-12T10:53:56.648955402Z", "container": "prefect-worker", "msg": "2026-08-12 10:53:56 | INFO  | metrics.py:log_model_evaluation:131 |   Rows trained                       : 510,572"}
{"ts": "2026-08-12T10:53:56.648958442Z", "container": "prefect-worker", "msg": "2026-08-12 10:53:56 | INFO  | metrics.py:log_model_evaluation:132 |   Train / test rows                  : 408,458 / 102,114"}
{"ts": "2026-08-12T10:53:56.648961402Z", "container": "prefect-worker", "msg": "2026-08-12 10:53:56 | INFO  | metrics.py:log_model_evaluation:137 |   ROC AUC                            : 0.9199"}
{"ts": "2026-08-12T10:53:56.648964422Z", "container": "prefect-worker", "msg": "2026-08-12 10:53:56 | INFO  | metrics.py:log_model_evaluation:138 |   PR AUC                             : 0.8571"}
{"ts": "2026-08-12T10:53:56.648967302Z", "container": "prefect-worker", "msg": "2026-08-12 10:53:56 | INFO  | metrics.py:log_model_evaluation:139 |   Log loss                           : 0.3255"}
{"ts": "2026-08-12T10:53:56.648970352Z", "container": "prefect-worker", "msg": "2026-08-12 10:53:56 | INFO  | metrics.py:log_model_evaluation:140 |   Brier score                        : 0.1072"}
{"ts": "2026-08-12T10:53:56.648973442Z", "container": "prefect-worker", "msg": "2026-08-12 10:53:56 | INFO  | metrics.py:log_model_evaluation:144 |   Accuracy / precision / recall / F1 / F2: 0.8411 / 0.7703 / 0.7317 / 0.7505 / 0.7391"}
{"ts": "2026-08-12T10:53:56.648976572Z", "container": "prefect-worker", "msg": "2026-08-12 10:53:56 | INFO  | metrics.py:log_model_evaluation:152 |   Calibration error                  : 0.0037"}
{"ts": "2026-08-12T10:53:56.648979523Z", "container": "prefect-worker", "msg": "2026-08-12 10:53:56 | INFO  | metrics.py:log_model_evaluation:156 | Business Metrics"}
{"ts": "2026-08-12T10:53:56.648982433Z", "container": "prefect-worker", "msg": "2026-08-12 10:53:56 | INFO  | metrics.py:log_model_evaluation:157 |   Observed win rate                  : 0.3266"}
{"ts": "2026-08-12T10:53:56.648986063Z", "container": "prefect-worker", "msg": "2026-08-12 10:53:56 | INFO  | metrics.py:log_model_evaluation:161 |   Predicted win rate, current bids   : 0.3303"}
{"ts": "2026-08-12T10:53:56.648989033Z", "container": "prefect-worker", "msg": "2026-08-12 10:53:56 | INFO  | metrics.py:log_model_evaluation:165 |   Predicted win rate, recommended    : 0.4004"}
{"ts": "2026-08-12T10:53:56.648991993Z", "container": "prefect-worker", "msg": "2026-08-12 10:53:56 | INFO  | train.py:run_training:380 | Saving Reports"}
{"ts": "2026-08-12T10:53:58.274923493Z", "container": "prefect-worker", "msg": "2026-08-12 10:53:58 | INFO  | train.py:run_training:415 | Lineage: model=lightgbm trained on table version 2026-08-12T083007Z (data 2026-07-22 08:14:33.212168 → 2026-08-12 07:59:30.637039, 510572 source rows)"}
{"ts": "2026-08-12T10:53:59.922118887Z", "container": "prefect-worker", "msg": "2026-08-12 10:53:59 | INFO  | plots_and_reports.py:log_saved_report_files:666 | Saved Training Reports"}
{"ts": "2026-08-12T10:53:59.922363029Z", "container": "prefect-worker", "msg": "2026-08-12 10:53:59 | INFO  | plots_and_reports.py:log_saved_report_files:667 |   Report directory                      : /app/data/model_evaluations/auto"}
{"ts": "2026-08-12T10:53:59.922388009Z", "container": "prefect-worker", "msg": "2026-08-12 10:53:59 | INFO  | plots_and_reports.py:log_saved_report_files:668 |   Files generated                       : 13"}
{"ts": "2026-08-12T10:53:59.922391879Z", "container": "prefect-worker", "msg": "2026-08-12 10:53:59 | INFO  | plots_and_reports.py:log_saved_report_files:670 |     /app/data/model_evaluations/auto/feature_summary.csv"}
{"ts": "2026-08-12T10:53:59.922395159Z", "container": "prefect-worker", "msg": "2026-08-12 10:53:59 | INFO  | plots_and_reports.py:log_saved_report_files:670 |     /app/data/model_evaluations/auto/feature_value_counts.csv"}
{"ts": "2026-08-12T10:53:59.922398169Z", "container": "prefect-worker", "msg": "2026-08-12 10:53:59 | INFO  | plots_and_reports.py:log_saved_report_files:670 |     /app/data/model_evaluations/auto/roc_curve.png"}
{"ts": "2026-08-12T10:53:59.922401219Z", "container": "prefect-worker", "msg": "2026-08-12 10:53:59 | INFO  | plots_and_reports.py:log_saved_report_files:670 |     /app/data/model_evaluations/auto/precision_recall_curve.png"}
{"ts": "2026-08-12T10:53:59.922404249Z", "container": "prefect-worker", "msg": "2026-08-12 10:53:59 | INFO  | plots_and_reports.py:log_saved_report_files:670 |     /app/data/model_evaluations/auto/calibration_curve.png"}
{"ts": "2026-08-12T10:53:59.922407209Z", "container": "prefect-worker", "msg": "2026-08-12 10:53:59 | INFO  | plots_and_reports.py:log_saved_report_files:670 |     /app/data/model_evaluations/auto/probability_histogram.png"}
{"ts": "2026-08-12T10:53:59.922410269Z", "container": "prefect-worker", "msg": "2026-08-12 10:53:59 | INFO  | plots_and_reports.py:log_saved_report_files:670 |     /app/data/model_evaluations/auto/confusion_matrix.png"}
{"ts": "2026-08-12T10:53:59.922628021Z", "container": "prefect-worker", "msg": "2026-08-12 10:53:59 | INFO  | plots_and_reports.py:log_saved_report_files:670 |     /app/data/model_evaluations/auto/model_evaluation_summary.json"}
{"ts": "2026-08-12T10:53:59.922634551Z", "container": "prefect-worker", "msg": "2026-08-12 10:53:59 | INFO  | plots_and_reports.py:log_saved_report_files:670 |     /app/data/model_evaluations/auto/optimizer_expected_profit_lift.png"}
{"ts": "2026-08-12T10:53:59.922637901Z", "container": "prefect-worker", "msg": "2026-08-12 10:53:59 | INFO  | plots_and_reports.py:log_saved_report_files:670 |     /app/data/model_evaluations/auto/recommended_bid_change.png"}
{"ts": "2026-08-12T10:53:59.922640881Z", "container": "prefect-worker", "msg": "2026-08-12 10:53:59 | INFO  | plots_and_reports.py:log_saved_report_files:670 |     /app/data/model_evaluations/auto/recommended_cm_distribution.png"}
{"ts": "2026-08-12T10:53:59.922643841Z", "container": "prefect-worker", "msg": "2026-08-12 10:53:59 | INFO  | plots_and_reports.py:log_saved_report_files:670 |     /app/data/model_evaluations/auto/current_vs_recommended_win_rate.png"}
{"ts": "2026-08-12T10:53:59.922646861Z", "container": "prefect-worker", "msg": "2026-08-12 10:53:59 | INFO  | plots_and_reports.py:log_saved_report_files:670 |     /app/data/model_evaluations/auto/bid_optimizer_test_rows.csv"}
{"ts": "2026-08-12T10:54:00.024406145Z", "container": "prefect-worker", "msg": "2026-08-12 10:54:00 | INFO  | credentials.py:load:1252 | Found credentials in environment variables."}
{"ts": "2026-08-12T10:54:01.943132628Z", "container": "prefect-worker", "msg": "2026-08-12 10:54:01 | INFO  | optimizer.py:score_recommended_bids:277 | Optimizing bids for 102,114 rows in chunks of 500"}
{"ts": "2026-08-12T10:54:08.853223113Z", "container": "prefect-worker", "msg": "2026-08-12 10:54:08 | INFO  | optimizer.py:score_recommended_bids:296 | Optimized 5,000 / 102,114 rows"}
{"ts": "2026-08-12T10:54:15.579832995Z", "container": "prefect-worker", "msg": "2026-08-12 10:54:15 | INFO  | optimizer.py:score_recommended_bids:296 | Optimized 10,000 / 102,114 rows"}
{"ts": "2026-08-12T10:54:22.079689214Z", "container": "prefect-worker", "msg": "2026-08-12 10:54:22 | INFO  | optimizer.py:score_recommended_bids:296 | Optimized 15,000 / 102,114 rows"}
{"ts": "2026-08-12T10:54:28.583911686Z", "container": "prefect-worker", "msg": "2026-08-12 10:54:28 | INFO  | optimizer.py:score_recommended_bids:296 | Optimized 20,000 / 102,114 rows"}
{"ts": "2026-08-12T10:54:34.872278776Z", "container": "prefect-worker", "msg": "2026-08-12 10:54:34 | INFO  | optimizer.py:score_recommended_bids:296 | Optimized 25,000 / 102,114 rows"}
{"ts": "2026-08-12T10:54:41.548825000Z", "container": "prefect-worker", "msg": "2026-08-12 10:54:41 | INFO  | optimizer.py:score_recommended_bids:296 | Optimized 30,000 / 102,114 rows"}
{"ts": "2026-08-12T10:54:48.000482513Z", "container": "prefect-worker", "msg": "2026-08-12 10:54:47 | INFO  | optimizer.py:score_recommended_bids:296 | Optimized 35,000 / 102,114 rows"}
{"ts": "2026-08-12T10:54:54.762153809Z", "container": "prefect-worker", "msg": "2026-08-12 10:54:54 | INFO  | optimizer.py:score_recommended_bids:296 | Optimized 40,000 / 102,114 rows"}
{"ts": "2026-08-12T10:55:01.820002274Z", "container": "prefect-worker", "msg": "2026-08-12 10:55:01 | INFO  | optimizer.py:score_recommended_bids:296 | Optimized 45,000 / 102,114 rows"}
{"ts": "2026-08-12T10:55:08.852384605Z", "container": "prefect-worker", "msg": "2026-08-12 10:55:08 | INFO  | optimizer.py:score_recommended_bids:296 | Optimized 50,000 / 102,114 rows"}
{"ts": "2026-08-12T10:55:15.909134814Z", "container": "prefect-worker", "msg": "2026-08-12 10:55:15 | INFO  | optimizer.py:score_recommended_bids:296 | Optimized 55,000 / 102,114 rows"}
{"ts": "2026-08-12T10:55:22.926664679Z", "container": "prefect-worker", "msg": "2026-08-12 10:55:22 | INFO  | optimizer.py:score_recommended_bids:296 | Optimized 60,000 / 102,114 rows"}
{"ts": "2026-08-12T10:55:29.796747984Z", "container": "prefect-worker", "msg": "2026-08-12 10:55:29 | INFO  | optimizer.py:score_recommended_bids:296 | Optimized 65,000 / 102,114 rows"}
{"ts": "2026-08-12T10:55:36.613453425Z", "container": "prefect-worker", "msg": "2026-08-12 10:55:36 | INFO  | optimizer.py:score_recommended_bids:296 | Optimized 70,000 / 102,114 rows"}
{"ts": "2026-08-12T10:55:43.624835226Z", "container": "prefect-worker", "msg": "2026-08-12 10:55:43 | INFO  | optimizer.py:score_recommended_bids:296 | Optimized 75,000 / 102,114 rows"}
{"ts": "2026-08-12T10:55:50.803507835Z", "container": "prefect-worker", "msg": "2026-08-12 10:55:50 | INFO  | optimizer.py:score_recommended_bids:296 | Optimized 80,000 / 102,114 rows"}
{"ts": "2026-08-12T10:55:58.009178599Z", "container": "prefect-worker", "msg": "2026-08-12 10:55:58 | INFO  | optimizer.py:score_recommended_bids:296 | Optimized 85,000 / 102,114 rows"}
{"ts": "2026-08-12T10:56:05.076545298Z", "container": "prefect-worker", "msg": "2026-08-12 10:56:05 | INFO  | optimizer.py:score_recommended_bids:296 | Optimized 90,000 / 102,114 rows"}
{"ts": "2026-08-12T10:56:12.038814793Z", "container": "prefect-worker", "msg": "2026-08-12 10:56:12 | INFO  | optimizer.py:score_recommended_bids:296 | Optimized 95,000 / 102,114 rows"}
{"ts": "2026-08-12T10:56:18.876614911Z", "container": "prefect-worker", "msg": "2026-08-12 10:56:18 | INFO  | optimizer.py:score_recommended_bids:296 | Optimized 100,000 / 102,114 rows"}
{"ts": "2026-08-12T10:56:21.636155912Z", "container": "prefect-worker", "msg": "2026-08-12 10:56:21 | INFO  | optimizer.py:score_recommended_bids:296 | Optimized 102,114 / 102,114 rows"}
{"ts": "2026-08-12T10:56:21.675947718Z", "container": "prefect-worker", "msg": "2026-08-12 10:56:21 | INFO  | train.py:_evaluate_currently_serving_model:838 | Currently-serving model (run_20260811T123939Z_b577139e) re-scored on this test set: log loss=0.3998, PR AUC=0.7918"}
{"ts": "2026-08-12T10:56:21.679962840Z", "container": "prefect-worker", "msg": "2026-08-12 10:56:21 | INFO  | train.py:run_training:497 | Promotion Evaluation"}
{"ts": "2026-08-12T10:56:21.680112891Z", "container": "prefect-worker", "msg": "2026-08-12 10:56:21 | INFO  | train.py:run_training:498 |   Mode                                  : automatic"}
{"ts": "2026-08-12T10:56:21.680130891Z", "container": "prefect-worker", "msg": "2026-08-12 10:56:21 | INFO  | train.py:run_training:499 |   Policy recommendation                 : NOT ELIGIBLE"}
{"ts": "2026-08-12T10:56:21.680134891Z", "container": "prefect-worker", "msg": "2026-08-12 10:56:21 | INFO  | train.py:run_training:503 |   Reason                                : Challenger expected profit (543821.78) is below 95% of the currently-serving model's (585508.65) on the same held-out rows."}
{"ts": "2026-08-12T10:56:21.940454861Z", "container": "prefect-worker", "msg": "2026-08-12 10:56:21 | INFO  | training_artifacts.py:save_comparison_artifacts:60 | Prepared Model Comparison Artifacts"}
{"ts": "2026-08-12T10:56:21.940484591Z", "container": "prefect-worker", "msg": "2026-08-12 10:56:21 | INFO  | training_artifacts.py:save_comparison_artifacts:61 |   Evaluation dataset                    : /tmp/smarthub_model_comparison_wj4dd8x7/evaluation_dataset.parquet"}
{"ts": "2026-08-12T10:56:21.940706933Z", "container": "prefect-worker", "msg": "2026-08-12 10:56:21 | INFO  | training_artifacts.py:save_comparison_artifacts:62 |   Optimizer results                     : /tmp/smarthub_model_comparison_wj4dd8x7/optimizer_results.parquet"}
{"ts": "2026-08-12T10:56:21.940719723Z", "container": "prefect-worker", "msg": "2026-08-12 10:56:21 | INFO  | training_artifacts.py:save_comparison_artifacts:63 |   Metadata                              : /tmp/smarthub_model_comparison_wj4dd8x7/evaluation_metadata.json"}
{"ts": "2026-08-12T10:56:21.940723833Z", "container": "prefect-worker", "msg": "2026-08-12 10:56:21 | INFO  | train.py:run_training:575 | Saved training run run_20260812T105621Z_6eee088b → /app/data/models/auto/run_20260812T105621Z_6eee088b.pkl"}
{"ts": "2026-08-12T10:56:21.940727823Z", "container": "prefect-worker", "msg": "2026-08-12 10:56:21 | WARNING | train.py:run_training:610 | Training run run_20260812T105621Z_6eee088b is not eligible for automatic promotion; currently-serving model remains unchanged."}
{"ts": "2026-08-12T10:56:23.503458968Z", "container": "prefect-worker", "msg": "2026/08/12 10:56:23 WARNING mlflow.sklearn: Saving scikit-learn models in the pickle or cloudpickle format requires exercising caution because these formats rely on Python's object serialization mechanism, which can execute arbitrary code during deserialization. The recommended safe alternative is the 'skops' format. For more information, see: https://scikit-learn.org/stable/model_persistence.html"}
{"ts": "2026-08-12T10:56:26.754570097Z", "container": "prefect-worker", "msg": "2026-08-12 10:56:26 | INFO  | train.py:run_training:686 | Logged run 'run_20260812T105621Z_6eee088b' to MLflow experiment 'anton_win_probability_auto'"}
{"ts": "2026-08-12T10:56:26.754774848Z", "container": "prefect-worker", "msg": "2026-08-12 10:56:26 | INFO  | train.py:run_training:691 | Logged run to MLflow experiment 'anton_win_probability'"}
{"ts": "2026-08-12T10:56:26.815702283Z", "container": "prefect-worker", "msg": "2026-08-12 10:56:26 | INFO  | task_engine.py:log_finished_message:410 | Finished in state Completed()"}
{"ts": "2026-08-12T10:56:26.816000945Z", "container": "prefect-worker", "msg": "2026-08-12 10:56:26 | INFO  | flow.py:train_flow:117 | Trained auto model run_20260812T105621Z_6eee088b: log loss=0.3255, rows=510572 -> /app/data/models/auto/run_20260812T105621Z_6eee088b.pkl (promoted=False)"}
{"ts": "2026-08-12T10:56:26.833747516Z", "container": "prefect-worker", "msg": "2026-08-12 10:56:26 | INFO  | _client.py:_send_single_request:1025 | HTTP Request: POST http://prefect-server:4200/api/artifacts/ \"HTTP/1.1 201 Created\""}
{"ts": "2026-08-12T10:56:26.922271790Z", "container": "prefect-worker", "msg": "2026-08-12 10:56:26 | INFO  | _client.py:_send_single_request:1025 | HTTP Request: POST http://prefect-server:4200/api/flow_runs/7cc965bf-2e95-453f-af47-7fabe796a4c2/set_state \"HTTP/1.1 201 Created\""}
{"ts": "2026-08-12T10:56:27.132347331Z", "container": "prefect-worker", "msg": "2026-08-12 10:56:27 | INFO  | flow_engine.py:initialize_run:1235 | Finished in state Completed()"}
{"ts": "2026-08-12T10:56:27.136646494Z", "container": "prefect-worker", "msg": "2026-08-12 10:56:27 | INFO  | _client.py:_send_single_request:1740 | HTTP Request: GET http://prefect-server:4200/api/csrf-token?client=8e0beda2-63d1-4d5a-814f-94dd36931551 \"HTTP/1.1 422 Unprocessable Entity\""}
{"ts": "2026-08-12T10:56:27.142644972Z", "container": "prefect-worker", "msg": "2026-08-12 10:56:27 | INFO  | _client.py:_send_single_request:1740 | HTTP Request: POST http://prefect-server:4200/api/logs/ \"HTTP/1.1 201 Created\""}
{"ts": "2026-08-12T10:56:28.363793381Z", "container": "prefect-worker", "msg": "10:56:28.363 | INFO    | prefect.flow_runs.runner - Process for flow run 'epsilon555-haller' exited cleanly."}
{"ts": "2026-08-12T11:59:50.078475898Z", "container": "prefect-worker", "msg": "11:59:50.077 | INFO    | prefect.flow_runs.worker - Worker 'ProcessWorker 9e49efa9-3aad-4589-82bf-b41ae7dfe57e' submitting flow run '019ff598-05c9-7eac-b3f5-530f4a4fa1fb'"}
{"ts": "2026-08-12T11:59:50.221153982Z", "container": "prefect-worker", "msg": "11:59:50.220 | INFO    | prefect.flow_runs.runner - Starting flow run process..."}
{"ts": "2026-08-12T11:59:50.244424529Z", "container": "prefect-worker", "msg": "11:59:50.243 | INFO    | prefect.flow_runs.worker - Flow run 'thoughtful-sheep' submitted to infrastructure"}
{"ts": "2026-08-12T11:59:51.440735336Z", "container": "prefect-worker", "msg": "11:59:51.435 | INFO    | Flow run 'thoughtful-sheep' - Running 1 deployment pull step(s)"}
{"ts": "2026-08-12T11:59:51.461146010Z", "container": "prefect-worker", "msg": "11:59:51.460 | INFO    | Flow run 'thoughtful-sheep' - Executing deployment step: set_working_directory"}
{"ts": "2026-08-12T11:59:51.472467371Z", "container": "prefect-worker", "msg": "11:59:51.471 | INFO    | Flow run 'thoughtful-sheep' - Deployment step 'set_working_directory' completed successfully"}
{"ts": "2026-08-12T11:59:51.486137960Z", "container": "prefect-worker", "msg": "11:59:51.485 | INFO    | Flow run 'thoughtful-sheep' - All deployment steps completed successfully"}
{"ts": "2026-08-12T11:59:51.927937249Z", "container": "prefect-worker", "msg": "2026-08-12 11:59:51 | INFO  | _client.py:_send_single_request:1025 | HTTP Request: GET http://prefect-server:4200/api/admin/version \"HTTP/1.1 200 OK\""}
{"ts": "2026-08-12T11:59:51.931286006Z", "container": "prefect-worker", "msg": "2026-08-12 11:59:51 | INFO  | _client.py:_send_single_request:1025 | HTTP Request: GET http://prefect-server:4200/api/csrf-token?client=c2cfd3b7-470d-4137-9bac-65315d860597 \"HTTP/1.1 422 Unprocessable Entity\""}
{"ts": "2026-08-12T11:59:51.936382167Z", "container": "prefect-worker", "msg": "2026-08-12 11:59:51 | INFO  | _client.py:_send_single_request:1025 | HTTP Request: PATCH http://prefect-server:4200/api/flow_runs/019ff598-05c9-7eac-b3f5-530f4a4fa1fb \"HTTP/1.1 204 No Content\""}
{"ts": "2026-08-12T11:59:51.954519512Z", "container": "prefect-worker", "msg": "2026-08-12 11:59:51 | INFO  | _client.py:_send_single_request:1740 | HTTP Request: GET http://prefect-server:4200/api/flow_runs/019ff598-05c9-7eac-b3f5-530f4a4fa1fb \"HTTP/1.1 200 OK\""}
{"ts": "2026-08-12T11:59:51.967580977Z", "container": "prefect-worker", "msg": "2026-08-12 11:59:51 | INFO  | _client.py:_send_single_request:1025 | HTTP Request: POST http://prefect-server:4200/api/flow_runs/019ff598-05c9-7eac-b3f5-530f4a4fa1fb/set_state \"HTTP/1.1 200 OK\""}
{"ts": "2026-08-12T11:59:53.447420963Z", "container": "prefect-worker", "msg": "2026-08-12 11:59:53 | INFO  | _client.py:_send_single_request:1740 | HTTP Request: GET http://prefect-server:4200/api/csrf-token?client=0da20832-d53f-4cf7-bf64-e0b693e3bcc9 \"HTTP/1.1 422 Unprocessable Entity\""}
{"ts": "2026-08-12T11:59:53.454843293Z", "container": "prefect-worker", "msg": "2026-08-12 11:59:53 | INFO  | _client.py:_send_single_request:1740 | HTTP Request: POST http://prefect-server:4200/api/logs/ \"HTTP/1.1 201 Created\""}
{"ts": "2026-08-12T11:59:59.983092995Z", "container": "prefect-worker", "msg": "2026-08-12 11:59:59 | INFO  | _client.py:_send_single_request:1025 | HTTP Request: POST http://prefect-server:4200/api/flow_runs/019ff598-05c9-7eac-b3f5-530f4a4fa1fb/set_state \"HTTP/1.1 201 Created\""}
{"ts": "2026-08-12T11:59:59.988444108Z", "container": "prefect-worker", "msg": "2026-08-12 11:59:59 | INFO  | _client.py:_send_single_request:1025 | HTTP Request: GET http://prefect-server:4200/api/flow_runs/019ff598-05c9-7eac-b3f5-530f4a4fa1fb \"HTTP/1.1 200 OK\""}
{"ts": "2026-08-12T11:59:59.992782633Z", "container": "prefect-worker", "msg": "2026-08-12 11:59:59 | INFO  | _client.py:_send_single_request:1025 | HTTP Request: GET http://prefect-server:4200/api/admin/storage \"HTTP/1.1 200 OK\""}
{"ts": "2026-08-12T11:59:59.995748017Z", "container": "prefect-worker", "msg": "2026-08-12 11:59:59 | INFO  | _client.py:_send_single_request:1025 | HTTP Request: GET http://prefect-server:4200/api/admin/storage \"HTTP/1.1 200 OK\""}
{"ts": "2026-08-12T11:59:59.996185360Z", "container": "prefect-worker", "msg": "2026-08-12 11:59:59 | INFO  | flow_engine.py:setup_run_context:1133 | Beginning flow run 'thoughtful-sheep' for flow 'smarthub-data-pull'"}
{"ts": "2026-08-12T11:59:59.996413172Z", "container": "prefect-worker", "msg": "2026-08-12 11:59:59 | INFO  | flow_engine.py:setup_run_context:1138 | View at http://prefect-server:4200/runs/flow-run/019ff598-05c9-7eac-b3f5-530f4a4fa1fb"}
{"ts": "2026-08-12T12:00:00.023007936Z", "container": "prefect-worker", "msg": "2026-08-12 12:00:00 | INFO  | _client.py:_send_single_request:1740 | HTTP Request: GET http://prefect-server:4200/api/flows/c49e248a-be9d-43b9-ad26-cff3b7117b11 \"HTTP/1.1 200 OK\""}
{"ts": "2026-08-12T12:00:00.032266630Z", "container": "prefect-worker", "msg": "2026-08-12 12:00:00 | INFO  | _client.py:_send_single_request:1740 | HTTP Request: GET http://prefect-server:4200/api/work_queues/32c7c4c1-2900-49ee-9a5d-6d3163577ef9 \"HTTP/1.1 200 OK\""}
{"ts": "2026-08-12T12:00:00.040602247Z", "container": "prefect-worker", "msg": "2026-08-12 12:00:00 | INFO  | _client.py:_send_single_request:1740 | HTTP Request: GET http://prefect-server:4200/api/work_pools/smarthub-pool \"HTTP/1.1 200 OK\""}
{"ts": "2026-08-12T12:00:00.040842739Z", "container": "prefect-worker", "msg": "2026-08-12 12:00:00 | INFO  | _client.py:_send_single_request:1740 | HTTP Request: GET http://prefect-server:4200/api/deployments/15dcce44-4b5f-4048-b854-eeba60c3b514 \"HTTP/1.1 200 OK\""}
{"ts": "2026-08-12T12:00:00.041145962Z", "container": "prefect-worker", "msg": "2026-08-12 12:00:00 | INFO  | _client.py:_send_single_request:1025 | HTTP Request: GET http://prefect-server:4200/api/variables/name/smarthub_last_pull_timestamp_auto \"HTTP/1.1 200 OK\""}
{"ts": "2026-08-12T12:00:00.045838919Z", "container": "prefect-worker", "msg": "2026-08-12 12:00:00 | INFO  | task_engine.py:log_finished_message:410 | Finished in state Completed()"}
{"ts": "2026-08-12T12:00:00.046036211Z", "container": "prefect-worker", "msg": "2026-08-12 12:00:00 | INFO  | flow.py:data_pull_flow:246 | [auto] pulling window 2026-08-12 06:59:53 -> 2026-08-12 12:00:00"}
{"ts": "2026-08-12T12:00:00.049175776Z", "container": "prefect-worker", "msg": "2026-08-12 12:00:00 | INFO  | _client.py:_send_single_request:1025 | HTTP Request: GET http://prefect-server:4200/api/variables/name/smarthub_last_pull_timestamp_auto \"HTTP/1.1 200 OK\""}
{"ts": "2026-08-12T12:00:00.053279509Z", "container": "prefect-worker", "msg": "2026-08-12 12:00:00 | INFO  | pull.py:fetch_leads:134 | SSH_TUNNEL=false -- connecting directly to Redshift smart-hub.c9m7m7mw0tl8.us-east-1.redshift.amazonaws.com:5439"}
{"ts": "2026-08-12T12:00:00.250390752Z", "container": "prefect-worker", "msg": "2026-08-12 12:00:00 | INFO  | plugins.py:__init__:37 | setup plugin alembic.autogenerate.schemas"}
{"ts": "2026-08-12T12:00:00.250596304Z", "container": "prefect-worker", "msg": "2026-08-12 12:00:00 | INFO  | plugins.py:__init__:37 | setup plugin alembic.autogenerate.tables"}
{"ts": "2026-08-12T12:00:00.250611654Z", "container": "prefect-worker", "msg": "2026-08-12 12:00:00 | INFO  | plugins.py:__init__:37 | setup plugin alembic.autogenerate.types"}
{"ts": "2026-08-12T12:00:00.250615684Z", "container": "prefect-worker", "msg": "2026-08-12 12:00:00 | INFO  | plugins.py:__init__:37 | setup plugin alembic.autogenerate.constraints"}
{"ts": "2026-08-12T12:00:00.250618984Z", "container": "prefect-worker", "msg": "2026-08-12 12:00:00 | INFO  | plugins.py:__init__:37 | setup plugin alembic.autogenerate.defaults"}
{"ts": "2026-08-12T12:00:00.250622104Z", "container": "prefect-worker", "msg": "2026-08-12 12:00:00 | INFO  | plugins.py:__init__:37 | setup plugin alembic.autogenerate.comments"}
{"ts": "2026-08-12T12:00:00.782740438Z", "container": "prefect-worker", "msg": "2026-08-12 12:00:00 | INFO  | pull.py:fetch_leads:154 | Fetched leads frame with shape (4277, 57)"}
{"ts": "2026-08-12T12:00:00.784073558Z", "container": "prefect-worker", "msg": "2026-08-12 12:00:00 | INFO  | task_engine.py:log_finished_message:410 | Finished in state Completed()"}
{"ts": "2026-08-12T12:00:00.981395943Z", "container": "prefect-worker", "msg": "2026-08-12 12:00:00 | INFO  | validation_report.py:log_summary:165 | data-quality: rows=4,277, status=issues flagged, rule_violation_rows=8,555, cross_field={'current_carrier_when_not_insured': 3613}, high_missing=['accepted', 'accepted_listings', 'annual_revenue', 'erred', 'error_reason_id', 'health_conditions', 'household_income', 'lead_created_at', 'life_coverage_amount', 'life_coverage_type', 'naics_code', 'num_dependents', 'num_employees', 'pnc_bundle', 'rev', 'sic_code', 'won']"}
{"ts": "2026-08-12T12:00:00.996842367Z", "container": "prefect-worker", "msg": "2026-08-12 12:00:00 | INFO  | _client.py:_send_single_request:1025 | HTTP Request: POST http://prefect-server:4200/api/artifacts/ \"HTTP/1.1 201 Created\""}
{"ts": "2026-08-12T12:00:00.999668200Z", "container": "prefect-worker", "msg": "2026-08-12 12:00:00 | INFO  | task_engine.py:log_finished_message:410 | Finished in state Completed()"}
{"ts": "2026-08-12T12:00:01.130508751Z", "container": "prefect-worker", "msg": "2026-08-12 12:00:01 | INFO  | storage.py:append_parquet:470 | Parquet partition 12-08-2026.parquet: +4277 rows"}
{"ts": "2026-08-12T12:00:01.143653466Z", "container": "prefect-worker", "msg": "2026-08-12 12:00:01 | INFO  | task_engine.py:log_finished_message:410 | Finished in state Completed()"}
{"ts": "2026-08-12T12:00:01.175122419Z", "container": "prefect-worker", "msg": "2026-08-12 12:00:01 | INFO  | _client.py:_send_single_request:1025 | HTTP Request: GET http://prefect-server:4200/api/variables/name/smarthub_last_pull_timestamp_auto \"HTTP/1.1 200 OK\""}
{"ts": "2026-08-12T12:00:01.185324251Z", "container": "prefect-worker", "msg": "2026-08-12 12:00:01 | INFO  | _client.py:_send_single_request:1025 | HTTP Request: PATCH http://prefect-server:4200/api/variables/name/smarthub_last_pull_timestamp_auto \"HTTP/1.1 204 No Content\""}
{"ts": "2026-08-12T12:00:01.188156464Z", "container": "prefect-worker", "msg": "2026-08-12 12:00:01 | INFO  | _client.py:_send_single_request:1025 | HTTP Request: GET http://prefect-server:4200/api/variables/name/smarthub_last_pull_timestamp_auto \"HTTP/1.1 200 OK\""}
{"ts": "2026-08-12T12:00:01.189475494Z", "container": "prefect-worker", "msg": "2026-08-12 12:00:01 | INFO  | task_engine.py:log_finished_message:410 | Finished in state Completed()"}
{"ts": "2026-08-12T12:00:01.189869368Z", "container": "prefect-worker", "msg": "2026-08-12 12:00:01 | INFO  | flow.py:data_pull_flow:254 | [auto] persisted {'parquet_rows': 4277, 'parquet_paths': ['/app/data/raw_datasets/leads/2026/08/12-08-2026.parquet']}; watermark now 2026-08-12 11:59:46"}
{"ts": "2026-08-12T12:00:01.303162808Z", "container": "prefect-worker", "msg": "2026-08-12 12:00:01 | INFO  | _client.py:_send_single_request:1025 | HTTP Request: POST http://prefect-server:4200/api/artifacts/ \"HTTP/1.1 201 Created\""}
{"ts": "2026-08-12T12:00:01.472447547Z", "container": "prefect-worker", "msg": "2026-08-12 12:00:01 | INFO  | _client.py:_send_single_request:1740 | HTTP Request: POST http://prefect-server:4200/api/logs/ \"HTTP/1.1 201 Created\""}
{"ts": "2026-08-12T12:00:01.565061411Z", "container": "prefect-worker", "msg": "2026-08-12 12:00:01 | INFO  | _client.py:_send_single_request:1025 | HTTP Request: POST http://prefect-server:4200/api/flow_runs/019ff598-05c9-7eac-b3f5-530f4a4fa1fb/set_state \"HTTP/1.1 201 Created\""}
{"ts": "2026-08-12T12:00:02.178201166Z", "container": "prefect-worker", "msg": "2026-08-12 12:00:02 | INFO  | flow_engine.py:initialize_run:1235 | Finished in state Completed()"}
{"ts": "2026-08-12T12:00:02.186763604Z", "container": "prefect-worker", "msg": "2026-08-12 12:00:02 | INFO  | _client.py:_send_single_request:1740 | HTTP Request: POST http://prefect-server:4200/api/logs/ \"HTTP/1.1 201 Created\""}
{"ts": "2026-08-12T12:00:02.650106616Z", "container": "prefect-worker", "msg": "12:00:02.649 | INFO    | prefect.flow_runs.runner - Process for flow run 'thoughtful-sheep' exited cleanly."}
{"ts": "2026-08-12T12:14:56.612061641Z", "container": "prefect-worker", "msg": "12:14:56.611 | INFO    | prefect.flow_runs.worker - Worker 'ProcessWorker 9e49efa9-3aad-4589-82bf-b41ae7dfe57e' submitting flow run '019ff598-05c8-74a8-90d6-1d6df338f976'"}
{"ts": "2026-08-12T12:14:56.754169550Z", "container": "prefect-worker", "msg": "12:14:56.753 | INFO    | prefect.flow_runs.runner - Starting flow run process..."}
{"ts": "2026-08-12T12:14:56.778093312Z", "container": "prefect-worker", "msg": "12:14:56.777 | INFO    | prefect.flow_runs.worker - Flow run 'generous-cuttlefish' submitted to infrastructure"}
{"ts": "2026-08-12T12:14:57.988809455Z", "container": "prefect-worker", "msg": "12:14:57.983 | INFO    | Flow run 'generous-cuttlefish' - Running 1 deployment pull step(s)"}
{"ts": "2026-08-12T12:14:58.009031317Z", "container": "prefect-worker", "msg": "12:14:58.008 | INFO    | Flow run 'generous-cuttlefish' - Executing deployment step: set_working_directory"}
{"ts": "2026-08-12T12:14:58.020525299Z", "container": "prefect-worker", "msg": "12:14:58.019 | INFO    | Flow run 'generous-cuttlefish' - Deployment step 'set_working_directory' completed successfully"}
{"ts": "2026-08-12T12:14:58.034265649Z", "container": "prefect-worker", "msg": "12:14:58.033 | INFO    | Flow run 'generous-cuttlefish' - All deployment steps completed successfully"}
{"ts": "2026-08-12T12:14:58.488871712Z", "container": "prefect-worker", "msg": "2026-08-12 12:14:58 | INFO  | _client.py:_send_single_request:1025 | HTTP Request: GET http://prefect-server:4200/api/admin/version \"HTTP/1.1 200 OK\""}
{"ts": "2026-08-12T12:14:58.492743473Z", "container": "prefect-worker", "msg": "2026-08-12 12:14:58 | INFO  | _client.py:_send_single_request:1025 | HTTP Request: GET http://prefect-server:4200/api/csrf-token?client=b4fd6b8e-0fd4-4144-95db-e3ce5f660e81 \"HTTP/1.1 422 Unprocessable Entity\""}
{"ts": "2026-08-12T12:14:58.498160437Z", "container": "prefect-worker", "msg": "2026-08-12 12:14:58 | INFO  | _client.py:_send_single_request:1025 | HTTP Request: PATCH http://prefect-server:4200/api/flow_runs/019ff598-05c8-74a8-90d6-1d6df338f976 \"HTTP/1.1 204 No Content\""}
{"ts": "2026-08-12T12:14:58.517513142Z", "container": "prefect-worker", "msg": "2026-08-12 12:14:58 | INFO  | _client.py:_send_single_request:1740 | HTTP Request: GET http://prefect-server:4200/api/flow_runs/019ff598-05c8-74a8-90d6-1d6df338f976 \"HTTP/1.1 200 OK\""}
{"ts": "2026-08-12T12:14:58.530018242Z", "container": "prefect-worker", "msg": "2026-08-12 12:14:58 | INFO  | _client.py:_send_single_request:1025 | HTTP Request: POST http://prefect-server:4200/api/flow_runs/019ff598-05c8-74a8-90d6-1d6df338f976/set_state \"HTTP/1.1 200 OK\""}
{"ts": "2026-08-12T12:14:59.544327161Z", "container": "prefect-worker", "msg": "2026-08-12 12:14:59 | INFO  | _client.py:_send_single_request:1025 | HTTP Request: POST http://prefect-server:4200/api/flow_runs/019ff598-05c8-74a8-90d6-1d6df338f976/set_state \"HTTP/1.1 201 Created\""}
{"ts": "2026-08-12T12:14:59.550054667Z", "container": "prefect-worker", "msg": "2026-08-12 12:14:59 | INFO  | _client.py:_send_single_request:1025 | HTTP Request: GET http://prefect-server:4200/api/flow_runs/019ff598-05c8-74a8-90d6-1d6df338f976 \"HTTP/1.1 200 OK\""}
{"ts": "2026-08-12T12:14:59.554529443Z", "container": "prefect-worker", "msg": "2026-08-12 12:14:59 | INFO  | _client.py:_send_single_request:1025 | HTTP Request: GET http://prefect-server:4200/api/admin/storage \"HTTP/1.1 200 OK\""}
{"ts": "2026-08-12T12:14:59.557723859Z", "container": "prefect-worker", "msg": "2026-08-12 12:14:59 | INFO  | _client.py:_send_single_request:1025 | HTTP Request: GET http://prefect-server:4200/api/admin/storage \"HTTP/1.1 200 OK\""}
{"ts": "2026-08-12T12:14:59.558223173Z", "container": "prefect-worker", "msg": "2026-08-12 12:14:59 | INFO  | flow_engine.py:setup_run_context:1133 | Beginning flow run 'generous-cuttlefish' for flow 'smarthub-data-pull'"}
{"ts": "2026-08-12T12:14:59.558560285Z", "container": "prefect-worker", "msg": "2026-08-12 12:14:59 | INFO  | flow_engine.py:setup_run_context:1138 | View at http://prefect-server:4200/runs/flow-run/019ff598-05c8-74a8-90d6-1d6df338f976"}
{"ts": "2026-08-12T12:14:59.585230629Z", "container": "prefect-worker", "msg": "2026-08-12 12:14:59 | INFO  | _client.py:_send_single_request:1740 | HTTP Request: GET http://prefect-server:4200/api/flows/c49e248a-be9d-43b9-ad26-cff3b7117b11 \"HTTP/1.1 200 OK\""}
{"ts": "2026-08-12T12:14:59.593898928Z", "container": "prefect-worker", "msg": "2026-08-12 12:14:59 | INFO  | _client.py:_send_single_request:1740 | HTTP Request: GET http://prefect-server:4200/api/work_queues/32c7c4c1-2900-49ee-9a5d-6d3163577ef9 \"HTTP/1.1 200 OK\""}
{"ts": "2026-08-12T12:14:59.602288206Z", "container": "prefect-worker", "msg": "2026-08-12 12:14:59 | INFO  | _client.py:_send_single_request:1740 | HTTP Request: GET http://prefect-server:4200/api/deployments/15dcce44-4b5f-4048-b854-eeba60c3b514 \"HTTP/1.1 200 OK\""}
{"ts": "2026-08-12T12:14:59.603824238Z", "container": "prefect-worker", "msg": "2026-08-12 12:14:59 | INFO  | _client.py:_send_single_request:1025 | HTTP Request: GET http://prefect-server:4200/api/variables/name/smarthub_last_pull_timestamp_home \"HTTP/1.1 200 OK\""}
{"ts": "2026-08-12T12:14:59.606929863Z", "container": "prefect-worker", "msg": "2026-08-12 12:14:59 | INFO  | task_engine.py:log_finished_message:410 | Finished in state Completed()"}
{"ts": "2026-08-12T12:14:59.607128825Z", "container": "prefect-worker", "msg": "2026-08-12 12:14:59 | INFO  | flow.py:data_pull_flow:246 | [home] pulling window 2026-08-12 07:14:31 -> 2026-08-12 12:14:59"}
{"ts": "2026-08-12T12:14:59.610291180Z", "container": "prefect-worker", "msg": "2026-08-12 12:14:59 | INFO  | _client.py:_send_single_request:1025 | HTTP Request: GET http://prefect-server:4200/api/variables/name/smarthub_last_pull_timestamp_home \"HTTP/1.1 200 OK\""}
{"ts": "2026-08-12T12:14:59.614223671Z", "container": "prefect-worker", "msg": "2026-08-12 12:14:59 | INFO  | pull.py:fetch_leads:134 | SSH_TUNNEL=false -- connecting directly to Redshift smart-hub.c9m7m7mw0tl8.us-east-1.redshift.amazonaws.com:5439"}
{"ts": "2026-08-12T12:14:59.622275686Z", "container": "prefect-worker", "msg": "2026-08-12 12:14:59 | INFO  | _client.py:_send_single_request:1740 | HTTP Request: GET http://prefect-server:4200/api/work_pools/smarthub-pool \"HTTP/1.1 200 OK\""}
{"ts": "2026-08-12T12:14:59.818895782Z", "container": "prefect-worker", "msg": "2026-08-12 12:14:59 | INFO  | plugins.py:__init__:37 | setup plugin alembic.autogenerate.schemas"}
{"ts": "2026-08-12T12:14:59.818922062Z", "container": "prefect-worker", "msg": "2026-08-12 12:14:59 | INFO  | plugins.py:__init__:37 | setup plugin alembic.autogenerate.tables"}
{"ts": "2026-08-12T12:14:59.819173834Z", "container": "prefect-worker", "msg": "2026-08-12 12:14:59 | INFO  | plugins.py:__init__:37 | setup plugin alembic.autogenerate.types"}
{"ts": "2026-08-12T12:14:59.819186464Z", "container": "prefect-worker", "msg": "2026-08-12 12:14:59 | INFO  | plugins.py:__init__:37 | setup plugin alembic.autogenerate.constraints"}
{"ts": "2026-08-12T12:14:59.819190464Z", "container": "prefect-worker", "msg": "2026-08-12 12:14:59 | INFO  | plugins.py:__init__:37 | setup plugin alembic.autogenerate.defaults"}
{"ts": "2026-08-12T12:14:59.819193994Z", "container": "prefect-worker", "msg": "2026-08-12 12:14:59 | INFO  | plugins.py:__init__:37 | setup plugin alembic.autogenerate.comments"}
{"ts": "2026-08-12T12:14:59.996235043Z", "container": "prefect-worker", "msg": "2026-08-12 12:14:59 | INFO  | _client.py:_send_single_request:1740 | HTTP Request: GET http://prefect-server:4200/api/csrf-token?client=b83c7e57-e982-4836-ac3d-13e3cb1fd224 \"HTTP/1.1 422 Unprocessable Entity\""}
{"ts": "2026-08-12T12:15:00.004995364Z", "container": "prefect-worker", "msg": "2026-08-12 12:15:00 | INFO  | _client.py:_send_single_request:1740 | HTTP Request: POST http://prefect-server:4200/api/logs/ \"HTTP/1.1 201 Created\""}
{"ts": "2026-08-12T12:15:00.242787910Z", "container": "prefect-worker", "msg": "2026-08-12 12:15:00 | INFO  | pull.py:fetch_leads:154 | Fetched leads frame with shape (676, 57)"}
{"ts": "2026-08-12T12:15:00.243980539Z", "container": "prefect-worker", "msg": "2026-08-12 12:15:00 | INFO  | task_engine.py:log_finished_message:410 | Finished in state Completed()"}
{"ts": "2026-08-12T12:15:00.394132693Z", "container": "prefect-worker", "msg": "2026-08-12 12:15:00 | INFO  | validation_report.py:log_summary:165 | data-quality: rows=676, status=issues flagged, rule_violation_rows=1,354, cross_field={'current_carrier_when_not_insured': 639}, high_missing=['accepted', 'accepted_listings', 'annual_revenue', 'erred', 'error_reason_id', 'health_conditions', 'household_income', 'lead_created_at', 'life_coverage_amount', 'life_coverage_type', 'naics_code', 'num_dependents', 'num_employees', 'num_home_claims', 'pnc_bundle', 'rev', 'sic_code', 'won']"}
{"ts": "2026-08-12T12:15:00.410617945Z", "container": "prefect-worker", "msg": "2026-08-12 12:15:00 | INFO  | _client.py:_send_single_request:1025 | HTTP Request: POST http://prefect-server:4200/api/artifacts/ \"HTTP/1.1 201 Created\""}
{"ts": "2026-08-12T12:15:00.413501848Z", "container": "prefect-worker", "msg": "2026-08-12 12:15:00 | INFO  | task_engine.py:log_finished_message:410 | Finished in state Completed()"}
{"ts": "2026-08-12T12:15:00.533763072Z", "container": "prefect-worker", "msg": "2026-08-12 12:15:00 | INFO  | storage.py:append_parquet:470 | Parquet partition 12-08-2026.parquet: +676 rows"}
{"ts": "2026-08-12T12:15:00.541615885Z", "container": "prefect-worker", "msg": "2026-08-12 12:15:00 | INFO  | task_engine.py:log_finished_message:410 | Finished in state Completed()"}
{"ts": "2026-08-12T12:15:00.565160313Z", "container": "prefect-worker", "msg": "2026-08-12 12:15:00 | INFO  | _client.py:_send_single_request:1025 | HTTP Request: GET http://prefect-server:4200/api/variables/name/smarthub_last_pull_timestamp_home \"HTTP/1.1 200 OK\""}
{"ts": "2026-08-12T12:15:00.577617053Z", "container": "prefect-worker", "msg": "2026-08-12 12:15:00 | INFO  | _client.py:_send_single_request:1025 | HTTP Request: PATCH http://prefect-server:4200/api/variables/name/smarthub_last_pull_timestamp_home \"HTTP/1.1 204 No Content\""}
{"ts": "2026-08-12T12:15:00.580866569Z", "container": "prefect-worker", "msg": "2026-08-12 12:15:00 | INFO  | _client.py:_send_single_request:1025 | HTTP Request: GET http://prefect-server:4200/api/variables/name/smarthub_last_pull_timestamp_home \"HTTP/1.1 200 OK\""}
{"ts": "2026-08-12T12:15:00.582295041Z", "container": "prefect-worker", "msg": "2026-08-12 12:15:00 | INFO  | task_engine.py:log_finished_message:410 | Finished in state Completed()"}
{"ts": "2026-08-12T12:15:00.582730444Z", "container": "prefect-worker", "msg": "2026-08-12 12:15:00 | INFO  | flow.py:data_pull_flow:254 | [home] persisted {'parquet_rows': 676, 'parquet_paths': ['/app/data/raw_datasets/leads/2026/08/12-08-2026.parquet']}; watermark now 2026-08-12 12:14:40"}
{"ts": "2026-08-12T12:15:00.601988038Z", "container": "prefect-worker", "msg": "2026-08-12 12:15:00 | INFO  | _client.py:_send_single_request:1025 | HTTP Request: POST http://prefect-server:4200/api/artifacts/ \"HTTP/1.1 201 Created\""}
{"ts": "2026-08-12T12:15:00.685929981Z", "container": "prefect-worker", "msg": "2026-08-12 12:15:00 | INFO  | _client.py:_send_single_request:1025 | HTTP Request: POST http://prefect-server:4200/api/flow_runs/019ff598-05c8-74a8-90d6-1d6df338f976/set_state \"HTTP/1.1 201 Created\""}
{"ts": "2026-08-12T12:15:01.752237097Z", "container": "prefect-worker", "msg": "2026-08-12 12:15:01 | INFO  | flow_engine.py:initialize_run:1235 | Finished in state Completed()"}
{"ts": "2026-08-12T12:15:01.761838014Z", "container": "prefect-worker", "msg": "2026-08-12 12:15:01 | INFO  | _client.py:_send_single_request:1740 | HTTP Request: POST http://prefect-server:4200/api/logs/ \"HTTP/1.1 201 Created\""}
{"ts": "2026-08-12T12:15:02.202659077Z", "container": "prefect-worker", "msg": "12:15:02.201 | INFO    | prefect.flow_runs.runner - Process for flow run 'generous-cuttlefish' exited cleanly."}
{"ts": "2026-08-12T12:29:51.713887924Z", "container": "prefect-worker", "msg": "12:29:51.713 | INFO    | prefect.flow_runs.worker - Worker 'ProcessWorker 9e49efa9-3aad-4589-82bf-b41ae7dfe57e' submitting flow run '019ff598-05e0-7c14-836e-5151a1d909eb'"}
{"ts": "2026-08-12T12:29:51.855315985Z", "container": "prefect-worker", "msg": "12:29:51.854 | INFO    | prefect.flow_runs.runner - Starting flow run process..."}
{"ts": "2026-08-12T12:29:51.879695333Z", "container": "prefect-worker", "msg": "12:29:51.879 | INFO    | prefect.flow_runs.worker - Flow run 'light-aardwolf' submitted to infrastructure"}
{"ts": "2026-08-12T12:29:53.075142689Z", "container": "prefect-worker", "msg": "12:29:53.069 | INFO    | Flow run 'light-aardwolf' - Running 1 deployment pull step(s)"}
{"ts": "2026-08-12T12:29:53.095989989Z", "container": "prefect-worker", "msg": "12:29:53.095 | INFO    | Flow run 'light-aardwolf' - Executing deployment step: set_working_directory"}
{"ts": "2026-08-12T12:29:53.107371682Z", "container": "prefect-worker", "msg": "12:29:53.106 | INFO    | Flow run 'light-aardwolf' - Deployment step 'set_working_directory' completed successfully"}
{"ts": "2026-08-12T12:29:53.121225934Z", "container": "prefect-worker", "msg": "12:29:53.120 | INFO    | Flow run 'light-aardwolf' - All deployment steps completed successfully"}
{"ts": "2026-08-12T12:29:53.203678025Z", "container": "prefect-worker", "msg": "2026-08-12 12:29:53 | INFO  | _client.py:_send_single_request:1025 | HTTP Request: GET http://prefect-server:4200/api/admin/version \"HTTP/1.1 200 OK\""}
{"ts": "2026-08-12T12:29:53.206817121Z", "container": "prefect-worker", "msg": "2026-08-12 12:29:53 | INFO  | _client.py:_send_single_request:1025 | HTTP Request: GET http://prefect-server:4200/api/csrf-token?client=76e8fa9b-b4bd-454f-9bbc-d97169883ee7 \"HTTP/1.1 422 Unprocessable Entity\""}
{"ts": "2026-08-12T12:29:53.211757831Z", "container": "prefect-worker", "msg": "2026-08-12 12:29:53 | INFO  | _client.py:_send_single_request:1025 | HTTP Request: PATCH http://prefect-server:4200/api/flow_runs/019ff598-05e0-7c14-836e-5151a1d909eb \"HTTP/1.1 204 No Content\""}
{"ts": "2026-08-12T12:29:53.230320592Z", "container": "prefect-worker", "msg": "2026-08-12 12:29:53 | INFO  | _client.py:_send_single_request:1740 | HTTP Request: GET http://prefect-server:4200/api/flow_runs/019ff598-05e0-7c14-836e-5151a1d909eb \"HTTP/1.1 200 OK\""}
{"ts": "2026-08-12T12:29:53.241834366Z", "container": "prefect-worker", "msg": "2026-08-12 12:29:53 | INFO  | _client.py:_send_single_request:1025 | HTTP Request: POST http://prefect-server:4200/api/flow_runs/019ff598-05e0-7c14-836e-5151a1d909eb/set_state \"HTTP/1.1 200 OK\""}
{"ts": "2026-08-12T12:29:55.082236669Z", "container": "prefect-worker", "msg": "2026-08-12 12:29:55 | INFO  | _client.py:_send_single_request:1740 | HTTP Request: GET http://prefect-server:4200/api/csrf-token?client=cbda556d-287d-4c6d-bdb2-57fb89d01b3b \"HTTP/1.1 422 Unprocessable Entity\""}
{"ts": "2026-08-12T12:29:55.100396716Z", "container": "prefect-worker", "msg": "2026-08-12 12:29:55 | INFO  | _client.py:_send_single_request:1740 | HTTP Request: POST http://prefect-server:4200/api/logs/ \"HTTP/1.1 201 Created\""}
{"ts": "2026-08-12T12:30:00.258035958Z", "container": "prefect-worker", "msg": "2026-08-12 12:30:00 | INFO  | _client.py:_send_single_request:1025 | HTTP Request: POST http://prefect-server:4200/api/flow_runs/019ff598-05e0-7c14-836e-5151a1d909eb/set_state \"HTTP/1.1 201 Created\""}
{"ts": "2026-08-12T12:30:00.263519552Z", "container": "prefect-worker", "msg": "2026-08-12 12:30:00 | INFO  | _client.py:_send_single_request:1025 | HTTP Request: GET http://prefect-server:4200/api/flow_runs/019ff598-05e0-7c14-836e-5151a1d909eb \"HTTP/1.1 200 OK\""}
{"ts": "2026-08-12T12:30:00.268064769Z", "container": "prefect-worker", "msg": "2026-08-12 12:30:00 | INFO  | _client.py:_send_single_request:1025 | HTTP Request: GET http://prefect-server:4200/api/admin/storage \"HTTP/1.1 200 OK\""}
{"ts": "2026-08-12T12:30:00.270901492Z", "container": "prefect-worker", "msg": "2026-08-12 12:30:00 | INFO  | _client.py:_send_single_request:1025 | HTTP Request: GET http://prefect-server:4200/api/admin/storage \"HTTP/1.1 200 OK\""}
{"ts": "2026-08-12T12:30:00.271396336Z", "container": "prefect-worker", "msg": "2026-08-12 12:30:00 | INFO  | flow_engine.py:setup_run_context:1133 | Beginning flow run 'light-aardwolf' for flow 'smarthub-build-features'"}
{"ts": "2026-08-12T12:30:00.271616788Z", "container": "prefect-worker", "msg": "2026-08-12 12:30:00 | INFO  | flow_engine.py:setup_run_context:1138 | View at http://prefect-server:4200/runs/flow-run/019ff598-05e0-7c14-836e-5151a1d909eb"}
{"ts": "2026-08-12T12:30:00.354377981Z", "container": "prefect-worker", "msg": "2026-08-12 12:30:00 | INFO  | _client.py:_send_single_request:1740 | HTTP Request: GET http://prefect-server:4200/api/flows/ed336d12-897f-42a6-bdf9-d48b8de86b57 \"HTTP/1.1 200 OK\""}
{"ts": "2026-08-12T12:30:00.354975396Z", "container": "prefect-worker", "msg": "2026-08-12 12:30:00 | INFO  | _client.py:_send_single_request:1740 | HTTP Request: GET http://prefect-server:4200/api/work_queues/109a2d50-2dca-4233-a9a5-9ec78fefd79f \"HTTP/1.1 200 OK\""}
{"ts": "2026-08-12T12:30:00.355216098Z", "container": "prefect-worker", "msg": "2026-08-12 12:30:00 | INFO  | _client.py:_send_single_request:1740 | HTTP Request: GET http://prefect-server:4200/api/deployments/8d536def-a82a-4c94-941b-14c2c0468511 \"HTTP/1.1 200 OK\""}
{"ts": "2026-08-12T12:30:00.355518361Z", "container": "prefect-worker", "msg": "2026-08-12 12:30:00 | INFO  | _client.py:_send_single_request:1740 | HTTP Request: GET http://prefect-server:4200/api/work_pools/smarthub-pool \"HTTP/1.1 200 OK\""}
{"ts": "2026-08-12T12:30:01.121194190Z", "container": "prefect-worker", "msg": "2026-08-12 12:30:01 | INFO  | _client.py:_send_single_request:1740 | HTTP Request: POST http://prefect-server:4200/api/logs/ \"HTTP/1.1 201 Created\""}
{"ts": "2026-08-12T12:30:08.553863921Z", "container": "prefect-worker", "msg": "2026-08-12 12:30:08 | INFO  | build.py:run_build_features:266 | [auto] training table 2026-08-12T123007Z: 511315 rows, 40 cols -> /app/data/training_datasets/auto/2026-08-12T123007Z.parquet"}
{"ts": "2026-08-12T12:30:08.664437797Z", "container": "prefect-worker", "msg": "2026-08-12 12:30:08 | INFO  | task_engine.py:log_finished_message:410 | Finished in state Completed()"}
{"ts": "2026-08-12T12:30:08.686073740Z", "container": "prefect-worker", "msg": "2026-08-12 12:30:08 | INFO  | _client.py:_send_single_request:1025 | HTTP Request: POST http://prefect-server:4200/api/artifacts/ \"HTTP/1.1 201 Created\""}
{"ts": "2026-08-12T12:30:08.870305537Z", "container": "prefect-worker", "msg": "2026-08-12 12:30:08 | INFO  | _client.py:_send_single_request:1025 | HTTP Request: POST http://prefect-server:4200/api/flow_runs/019ff598-05e0-7c14-836e-5151a1d909eb/set_state \"HTTP/1.1 201 Created\""}
{"ts": "2026-08-12T12:30:09.510985071Z", "container": "prefect-worker", "msg": "2026-08-12 12:30:09 | INFO  | _client.py:_send_single_request:1740 | HTTP Request: POST http://prefect-server:4200/api/logs/ \"HTTP/1.1 201 Created\""}
{"ts": "2026-08-12T12:30:09.645825901Z", "container": "prefect-worker", "msg": "2026-08-12 12:30:09 | INFO  | flow_engine.py:initialize_run:1235 | Finished in state Completed()"}
{"ts": "2026-08-12T12:30:09.653530593Z", "container": "prefect-worker", "msg": "2026-08-12 12:30:09 | INFO  | _client.py:_send_single_request:1740 | HTTP Request: POST http://prefect-server:4200/api/logs/ \"HTTP/1.1 201 Created\""}
{"ts": "2026-08-12T12:30:09.970460802Z", "container": "prefect-worker", "msg": "12:30:09.969 | INFO    | prefect.flow_runs.runner - Process for flow run 'light-aardwolf' exited cleanly."}
{"ts": "2026-08-12T12:44:57.297066376Z", "container": "prefect-worker", "msg": "12:44:57.296 | INFO    | prefect.flow_runs.worker - Worker 'ProcessWorker 9e49efa9-3aad-4589-82bf-b41ae7dfe57e' submitting flow run '019ff598-05df-77e8-af43-91ab42b06507'"}
{"ts": "2026-08-12T12:44:57.432566955Z", "container": "prefect-worker", "msg": "12:44:57.432 | INFO    | prefect.flow_runs.runner - Starting flow run process..."}
{"ts": "2026-08-12T12:44:57.456384146Z", "container": "prefect-worker", "msg": "12:44:57.455 | INFO    | prefect.flow_runs.worker - Flow run 'handsome-quoll' submitted to infrastructure"}
{"ts": "2026-08-12T12:44:58.636816482Z", "container": "prefect-worker", "msg": "12:44:58.631 | INFO    | Flow run 'handsome-quoll' - Running 1 deployment pull step(s)"}
{"ts": "2026-08-12T12:44:58.657326137Z", "container": "prefect-worker", "msg": "12:44:58.656 | INFO    | Flow run 'handsome-quoll' - Executing deployment step: set_working_directory"}
{"ts": "2026-08-12T12:44:58.668866489Z", "container": "prefect-worker", "msg": "12:44:58.668 | INFO    | Flow run 'handsome-quoll' - Deployment step 'set_working_directory' completed successfully"}
{"ts": "2026-08-12T12:44:58.682301077Z", "container": "prefect-worker", "msg": "12:44:58.681 | INFO    | Flow run 'handsome-quoll' - All deployment steps completed successfully"}
{"ts": "2026-08-12T12:44:58.762753974Z", "container": "prefect-worker", "msg": "2026-08-12 12:44:58 | INFO  | _client.py:_send_single_request:1025 | HTTP Request: GET http://prefect-server:4200/api/admin/version \"HTTP/1.1 200 OK\""}
{"ts": "2026-08-12T12:44:58.765958819Z", "container": "prefect-worker", "msg": "2026-08-12 12:44:58 | INFO  | _client.py:_send_single_request:1025 | HTTP Request: GET http://prefect-server:4200/api/csrf-token?client=2a1b2105-c80b-4ee4-8bce-b26f02c5d5a9 \"HTTP/1.1 422 Unprocessable Entity\""}
{"ts": "2026-08-12T12:44:58.770801409Z", "container": "prefect-worker", "msg": "2026-08-12 12:44:58 | INFO  | _client.py:_send_single_request:1025 | HTTP Request: PATCH http://prefect-server:4200/api/flow_runs/019ff598-05df-77e8-af43-91ab42b06507 \"HTTP/1.1 204 No Content\""}
{"ts": "2026-08-12T12:44:58.788669832Z", "container": "prefect-worker", "msg": "2026-08-12 12:44:58 | INFO  | _client.py:_send_single_request:1740 | HTTP Request: GET http://prefect-server:4200/api/flow_runs/019ff598-05df-77e8-af43-91ab42b06507 \"HTTP/1.1 200 OK\""}
{"ts": "2026-08-12T12:44:58.799708510Z", "container": "prefect-worker", "msg": "2026-08-12 12:44:58 | INFO  | _client.py:_send_single_request:1025 | HTTP Request: POST http://prefect-server:4200/api/flow_runs/019ff598-05df-77e8-af43-91ab42b06507/set_state \"HTTP/1.1 200 OK\""}
{"ts": "2026-08-12T12:44:59.813716679Z", "container": "prefect-worker", "msg": "2026-08-12 12:44:59 | INFO  | _client.py:_send_single_request:1025 | HTTP Request: POST http://prefect-server:4200/api/flow_runs/019ff598-05df-77e8-af43-91ab42b06507/set_state \"HTTP/1.1 201 Created\""}
{"ts": "2026-08-12T12:44:59.818954001Z", "container": "prefect-worker", "msg": "2026-08-12 12:44:59 | INFO  | _client.py:_send_single_request:1025 | HTTP Request: GET http://prefect-server:4200/api/flow_runs/019ff598-05df-77e8-af43-91ab42b06507 \"HTTP/1.1 200 OK\""}
{"ts": "2026-08-12T12:44:59.823231945Z", "container": "prefect-worker", "msg": "2026-08-12 12:44:59 | INFO  | _client.py:_send_single_request:1025 | HTTP Request: GET http://prefect-server:4200/api/admin/storage \"HTTP/1.1 200 OK\""}
{"ts": "2026-08-12T12:44:59.826059588Z", "container": "prefect-worker", "msg": "2026-08-12 12:44:59 | INFO  | _client.py:_send_single_request:1025 | HTTP Request: GET http://prefect-server:4200/api/admin/storage \"HTTP/1.1 200 OK\""}
{"ts": "2026-08-12T12:44:59.826501951Z", "container": "prefect-worker", "msg": "2026-08-12 12:44:59 | INFO  | flow_engine.py:setup_run_context:1133 | Beginning flow run 'handsome-quoll' for flow 'smarthub-build-features'"}
{"ts": "2026-08-12T12:44:59.826744063Z", "container": "prefect-worker", "msg": "2026-08-12 12:44:59 | INFO  | flow_engine.py:setup_run_context:1138 | View at http://prefect-server:4200/runs/flow-run/019ff598-05df-77e8-af43-91ab42b06507"}
{"ts": "2026-08-12T12:44:59.848622739Z", "container": "prefect-worker", "msg": "2026-08-12 12:44:59 | INFO  | _client.py:_send_single_request:1740 | HTTP Request: GET http://prefect-server:4200/api/flows/ed336d12-897f-42a6-bdf9-d48b8de86b57 \"HTTP/1.1 200 OK\""}
{"ts": "2026-08-12T12:44:59.853316047Z", "container": "prefect-worker", "msg": "2026-08-12 12:44:59 | INFO  | _client.py:_send_single_request:1740 | HTTP Request: GET http://prefect-server:4200/api/work_queues/109a2d50-2dca-4233-a9a5-9ec78fefd79f \"HTTP/1.1 200 OK\""}
{"ts": "2026-08-12T12:44:59.921549485Z", "container": "prefect-worker", "msg": "2026-08-12 12:44:59 | INFO  | _client.py:_send_single_request:1740 | HTTP Request: GET http://prefect-server:4200/api/deployments/8d536def-a82a-4c94-941b-14c2c0468511 \"HTTP/1.1 200 OK\""}
{"ts": "2026-08-12T12:44:59.941346984Z", "container": "prefect-worker", "msg": "2026-08-12 12:44:59 | INFO  | _client.py:_send_single_request:1740 | HTTP Request: GET http://prefect-server:4200/api/work_pools/smarthub-pool \"HTTP/1.1 200 OK\""}
{"ts": "2026-08-12T12:45:00.664559996Z", "container": "prefect-worker", "msg": "2026-08-12 12:45:00 | INFO  | _client.py:_send_single_request:1740 | HTTP Request: GET http://prefect-server:4200/api/csrf-token?client=50e3e156-3753-46f8-a29f-d42f5ab494ea \"HTTP/1.1 422 Unprocessable Entity\""}
{"ts": "2026-08-12T12:45:00.673351336Z", "container": "prefect-worker", "msg": "2026-08-12 12:45:00 | INFO  | _client.py:_send_single_request:1740 | HTTP Request: POST http://prefect-server:4200/api/logs/ \"HTTP/1.1 201 Created\""}
{"ts": "2026-08-12T12:45:04.772933469Z", "container": "prefect-worker", "msg": "2026-08-12 12:45:04 | INFO  | build.py:run_build_features:266 | [home] training table 2026-08-12T124504Z: 71491 rows, 34 cols -> /app/data/training_datasets/home/2026-08-12T124504Z.parquet"}
{"ts": "2026-08-12T12:45:04.894814288Z", "container": "prefect-worker", "msg": "2026-08-12 12:45:04 | INFO  | task_engine.py:log_finished_message:410 | Finished in state Completed()"}
{"ts": "2026-08-12T12:45:04.913721100Z", "container": "prefect-worker", "msg": "2026-08-12 12:45:04 | INFO  | _client.py:_send_single_request:1025 | HTTP Request: POST http://prefect-server:4200/api/artifacts/ \"HTTP/1.1 201 Created\""}
{"ts": "2026-08-12T12:45:05.053568104Z", "container": "prefect-worker", "msg": "2026-08-12 12:45:05 | INFO  | _client.py:_send_single_request:1025 | HTTP Request: POST http://prefect-server:4200/api/flow_runs/019ff598-05df-77e8-af43-91ab42b06507/set_state \"HTTP/1.1 201 Created\""}
{"ts": "2026-08-12T12:45:05.268700233Z", "container": "prefect-worker", "msg": "2026-08-12 12:45:05 | INFO  | _client.py:_send_single_request:1740 | HTTP Request: POST http://prefect-server:4200/api/logs/ \"HTTP/1.1 201 Created\""}
{"ts": "2026-08-12T12:45:05.496243221Z", "container": "prefect-worker", "msg": "2026-08-12 12:45:05 | INFO  | flow_engine.py:initialize_run:1235 | Finished in state Completed()"}
{"ts": "2026-08-12T12:45:05.503507309Z", "container": "prefect-worker", "msg": "2026-08-12 12:45:05 | INFO  | _client.py:_send_single_request:1740 | HTTP Request: POST http://prefect-server:4200/api/logs/ \"HTTP/1.1 201 Created\""}
{"ts": "2026-08-12T12:45:05.808629931Z", "container": "prefect-worker", "msg": "12:45:05.807 | INFO    | prefect.flow_runs.runner - Process for flow run 'handsome-quoll' exited cleanly."}
{"ts": "2026-08-12T15:59:53.977032978Z", "container": "prefect-worker", "msg": "15:59:53.976 | INFO    | prefect.flow_runs.worker - Worker 'ProcessWorker 9e49efa9-3aad-4589-82bf-b41ae7dfe57e' submitting flow run '019ff598-05c9-7809-91e2-814bb7df8b19'"}
{"ts": "2026-08-12T15:59:54.119688692Z", "container": "prefect-worker", "msg": "15:59:54.119 | INFO    | prefect.flow_runs.runner - Starting flow run process..."}
{"ts": "2026-08-12T15:59:54.143322093Z", "container": "prefect-worker", "msg": "15:59:54.142 | INFO    | prefect.flow_runs.worker - Flow run 'spiritual-quoll' submitted to infrastructure"}
{"ts": "2026-08-12T15:59:55.332741266Z", "container": "prefect-worker", "msg": "15:59:55.326 | INFO    | Flow run 'spiritual-quoll' - Running 1 deployment pull step(s)"}
{"ts": "2026-08-12T15:59:55.353537984Z", "container": "prefect-worker", "msg": "15:59:55.352 | INFO    | Flow run 'spiritual-quoll' - Executing deployment step: set_working_directory"}
{"ts": "2026-08-12T15:59:55.365447851Z", "container": "prefect-worker", "msg": "15:59:55.364 | INFO    | Flow run 'spiritual-quoll' - Deployment step 'set_working_directory' completed successfully"}
{"ts": "2026-08-12T15:59:55.379387283Z", "container": "prefect-worker", "msg": "15:59:55.378 | INFO    | Flow run 'spiritual-quoll' - All deployment steps completed successfully"}
{"ts": "2026-08-12T15:59:55.836645863Z", "container": "prefect-worker", "msg": "2026-08-12 15:59:55 | INFO  | _client.py:_send_single_request:1025 | HTTP Request: GET http://prefect-server:4200/api/admin/version \"HTTP/1.1 200 OK\""}
{"ts": "2026-08-12T15:59:55.840049030Z", "container": "prefect-worker", "msg": "2026-08-12 15:59:55 | INFO  | _client.py:_send_single_request:1025 | HTTP Request: GET http://prefect-server:4200/api/csrf-token?client=ee351d99-8254-4e2e-8e6a-c0aeaf4437ed \"HTTP/1.1 422 Unprocessable Entity\""}
{"ts": "2026-08-12T15:59:55.845196682Z", "container": "prefect-worker", "msg": "2026-08-12 15:59:55 | INFO  | _client.py:_send_single_request:1025 | HTTP Request: PATCH http://prefect-server:4200/api/flow_runs/019ff598-05c9-7809-91e2-814bb7df8b19 \"HTTP/1.1 204 No Content\""}
{"ts": "2026-08-12T15:59:55.863694002Z", "container": "prefect-worker", "msg": "2026-08-12 15:59:55 | INFO  | _client.py:_send_single_request:1740 | HTTP Request: GET http://prefect-server:4200/api/flow_runs/019ff598-05c9-7809-91e2-814bb7df8b19 \"HTTP/1.1 200 OK\""}
{"ts": "2026-08-12T15:59:55.875372196Z", "container": "prefect-worker", "msg": "2026-08-12 15:59:55 | INFO  | _client.py:_send_single_request:1025 | HTTP Request: POST http://prefect-server:4200/api/flow_runs/019ff598-05c9-7809-91e2-814bb7df8b19/set_state \"HTTP/1.1 200 OK\""}
{"ts": "2026-08-12T15:59:57.339590462Z", "container": "prefect-worker", "msg": "2026-08-12 15:59:57 | INFO  | _client.py:_send_single_request:1740 | HTTP Request: GET http://prefect-server:4200/api/csrf-token?client=9331f7d8-39a7-4b8c-bd4a-a7e8aeb67a24 \"HTTP/1.1 422 Unprocessable Entity\""}
{"ts": "2026-08-12T15:59:57.346588489Z", "container": "prefect-worker", "msg": "2026-08-12 15:59:57 | INFO  | _client.py:_send_single_request:1740 | HTTP Request: POST http://prefect-server:4200/api/logs/ \"HTTP/1.1 201 Created\""}
{"ts": "2026-08-12T15:59:59.891755850Z", "container": "prefect-worker", "msg": "2026-08-12 15:59:59 | INFO  | _client.py:_send_single_request:1025 | HTTP Request: POST http://prefect-server:4200/api/flow_runs/019ff598-05c9-7809-91e2-814bb7df8b19/set_state \"HTTP/1.1 201 Created\""}
{"ts": "2026-08-12T15:59:59.897832239Z", "container": "prefect-worker", "msg": "2026-08-12 15:59:59 | INFO  | _client.py:_send_single_request:1025 | HTTP Request: GET http://prefect-server:4200/api/flow_runs/019ff598-05c9-7809-91e2-814bb7df8b19 \"HTTP/1.1 200 OK\""}
{"ts": "2026-08-12T15:59:59.902321465Z", "container": "prefect-worker", "msg": "2026-08-12 15:59:59 | INFO  | _client.py:_send_single_request:1025 | HTTP Request: GET http://prefect-server:4200/api/admin/storage \"HTTP/1.1 200 OK\""}
{"ts": "2026-08-12T15:59:59.905408980Z", "container": "prefect-worker", "msg": "2026-08-12 15:59:59 | INFO  | _client.py:_send_single_request:1025 | HTTP Request: GET http://prefect-server:4200/api/admin/storage \"HTTP/1.1 200 OK\""}
{"ts": "2026-08-12T15:59:59.905943365Z", "container": "prefect-worker", "msg": "2026-08-12 15:59:59 | INFO  | flow_engine.py:setup_run_context:1133 | Beginning flow run 'spiritual-quoll' for flow 'smarthub-data-pull'"}
{"ts": "2026-08-12T15:59:59.906266427Z", "container": "prefect-worker", "msg": "2026-08-12 15:59:59 | INFO  | flow_engine.py:setup_run_context:1138 | View at http://prefect-server:4200/runs/flow-run/019ff598-05c9-7809-91e2-814bb7df8b19"}
{"ts": "2026-08-12T15:59:59.941472672Z", "container": "prefect-worker", "msg": "2026-08-12 15:59:59 | INFO  | _client.py:_send_single_request:1740 | HTTP Request: GET http://prefect-server:4200/api/flows/c49e248a-be9d-43b9-ad26-cff3b7117b11 \"HTTP/1.1 200 OK\""}
{"ts": "2026-08-12T15:59:59.941813615Z", "container": "prefect-worker", "msg": "2026-08-12 15:59:59 | INFO  | _client.py:_send_single_request:1740 | HTTP Request: GET http://prefect-server:4200/api/work_queues/32c7c4c1-2900-49ee-9a5d-6d3163577ef9 \"HTTP/1.1 200 OK\""}
{"ts": "2026-08-12T15:59:59.950345254Z", "container": "prefect-worker", "msg": "2026-08-12 15:59:59 | INFO  | _client.py:_send_single_request:1740 | HTTP Request: GET http://prefect-server:4200/api/work_pools/smarthub-pool \"HTTP/1.1 200 OK\""}
{"ts": "2026-08-12T15:59:59.951969907Z", "container": "prefect-worker", "msg": "2026-08-12 15:59:59 | INFO  | _client.py:_send_single_request:1740 | HTTP Request: GET http://prefect-server:4200/api/deployments/15dcce44-4b5f-4048-b854-eeba60c3b514 \"HTTP/1.1 200 OK\""}
{"ts": "2026-08-12T15:59:59.952351590Z", "container": "prefect-worker", "msg": "2026-08-12 15:59:59 | INFO  | _client.py:_send_single_request:1025 | HTTP Request: GET http://prefect-server:4200/api/variables/name/smarthub_last_pull_timestamp_auto \"HTTP/1.1 200 OK\""}
{"ts": "2026-08-12T15:59:59.955643977Z", "container": "prefect-worker", "msg": "2026-08-12 15:59:59 | INFO  | task_engine.py:log_finished_message:410 | Finished in state Completed()"}
{"ts": "2026-08-12T15:59:59.955910609Z", "container": "prefect-worker", "msg": "2026-08-12 15:59:59 | INFO  | flow.py:data_pull_flow:246 | [auto] pulling window 2026-08-12 10:59:46 -> 2026-08-12 15:59:59"}
{"ts": "2026-08-12T15:59:59.959684160Z", "container": "prefect-worker", "msg": "2026-08-12 15:59:59 | INFO  | _client.py:_send_single_request:1025 | HTTP Request: GET http://prefect-server:4200/api/variables/name/smarthub_last_pull_timestamp_auto \"HTTP/1.1 200 OK\""}
{"ts": "2026-08-12T15:59:59.963734492Z", "container": "prefect-worker", "msg": "2026-08-12 15:59:59 | INFO  | pull.py:fetch_leads:134 | SSH_TUNNEL=false -- connecting directly to Redshift smart-hub.c9m7m7mw0tl8.us-east-1.redshift.amazonaws.com:5439"}
{"ts": "2026-08-12T16:00:00.159007212Z", "container": "prefect-worker", "msg": "2026-08-12 16:00:00 | INFO  | plugins.py:__init__:37 | setup plugin alembic.autogenerate.schemas"}
{"ts": "2026-08-12T16:00:00.159206063Z", "container": "prefect-worker", "msg": "2026-08-12 16:00:00 | INFO  | plugins.py:__init__:37 | setup plugin alembic.autogenerate.tables"}
{"ts": "2026-08-12T16:00:00.159213744Z", "container": "prefect-worker", "msg": "2026-08-12 16:00:00 | INFO  | plugins.py:__init__:37 | setup plugin alembic.autogenerate.types"}
{"ts": "2026-08-12T16:00:00.159217154Z", "container": "prefect-worker", "msg": "2026-08-12 16:00:00 | INFO  | plugins.py:__init__:37 | setup plugin alembic.autogenerate.constraints"}
{"ts": "2026-08-12T16:00:00.159230724Z", "container": "prefect-worker", "msg": "2026-08-12 16:00:00 | INFO  | plugins.py:__init__:37 | setup plugin alembic.autogenerate.defaults"}
{"ts": "2026-08-12T16:00:00.159234024Z", "container": "prefect-worker", "msg": "2026-08-12 16:00:00 | INFO  | plugins.py:__init__:37 | setup plugin alembic.autogenerate.comments"}
{"ts": "2026-08-12T16:00:00.976222192Z", "container": "prefect-worker", "msg": "2026-08-12 16:00:00 | INFO  | pull.py:fetch_leads:154 | Fetched leads frame with shape (13483, 57)"}
{"ts": "2026-08-12T16:00:00.977396781Z", "container": "prefect-worker", "msg": "2026-08-12 16:00:00 | INFO  | task_engine.py:log_finished_message:410 | Finished in state Completed()"}
{"ts": "2026-08-12T16:00:01.360756894Z", "container": "prefect-worker", "msg": "2026-08-12 16:00:01 | INFO  | validation_report.py:log_summary:165 | data-quality: rows=13,483, status=issues flagged, rule_violation_rows=26,967, cross_field={'current_carrier_when_not_insured': 11160}, high_missing=['accepted', 'accepted_listings', 'annual_revenue', 'erred', 'error_reason_id', 'health_conditions', 'household_income', 'lead_created_at', 'life_coverage_amount', 'life_coverage_type', 'naics_code', 'num_dependents', 'num_employees', 'pnc_bundle', 'rev', 'sic_code', 'won']"}
{"ts": "2026-08-12T16:00:01.363154333Z", "container": "prefect-worker", "msg": "2026-08-12 16:00:01 | INFO  | _client.py:_send_single_request:1740 | HTTP Request: POST http://prefect-server:4200/api/logs/ \"HTTP/1.1 201 Created\""}
{"ts": "2026-08-12T16:00:01.376732242Z", "container": "prefect-worker", "msg": "2026-08-12 16:00:01 | INFO  | _client.py:_send_single_request:1025 | HTTP Request: POST http://prefect-server:4200/api/artifacts/ \"HTTP/1.1 201 Created\""}
{"ts": "2026-08-12T16:00:01.379673406Z", "container": "prefect-worker", "msg": "2026-08-12 16:00:01 | INFO  | task_engine.py:log_finished_message:410 | Finished in state Completed()"}
{"ts": "2026-08-12T16:00:01.741978730Z", "container": "prefect-worker", "msg": "2026-08-12 16:00:01 | INFO  | storage.py:append_parquet:470 | Parquet partition 12-08-2026.parquet: +13483 rows"}
{"ts": "2026-08-12T16:00:01.771267134Z", "container": "prefect-worker", "msg": "2026-08-12 16:00:01 | INFO  | task_engine.py:log_finished_message:410 | Finished in state Completed()"}
{"ts": "2026-08-12T16:00:01.832980409Z", "container": "prefect-worker", "msg": "2026-08-12 16:00:01 | INFO  | _client.py:_send_single_request:1025 | HTTP Request: GET http://prefect-server:4200/api/variables/name/smarthub_last_pull_timestamp_auto \"HTTP/1.1 200 OK\""}
{"ts": "2026-08-12T16:00:01.840573170Z", "container": "prefect-worker", "msg": "2026-08-12 16:00:01 | INFO  | _client.py:_send_single_request:1025 | HTTP Request: PATCH http://prefect-server:4200/api/variables/name/smarthub_last_pull_timestamp_auto \"HTTP/1.1 204 No Content\""}
{"ts": "2026-08-12T16:00:01.843225931Z", "container": "prefect-worker", "msg": "2026-08-12 16:00:01 | INFO  | _client.py:_send_single_request:1025 | HTTP Request: GET http://prefect-server:4200/api/variables/name/smarthub_last_pull_timestamp_auto \"HTTP/1.1 200 OK\""}
{"ts": "2026-08-12T16:00:01.844618272Z", "container": "prefect-worker", "msg": "2026-08-12 16:00:01 | INFO  | task_engine.py:log_finished_message:410 | Finished in state Completed()"}
{"ts": "2026-08-12T16:00:01.844936385Z", "container": "prefect-worker", "msg": "2026-08-12 16:00:01 | INFO  | flow.py:data_pull_flow:254 | [auto] persisted {'parquet_rows': 13483, 'parquet_paths': ['/app/data/raw_datasets/leads/2026/08/12-08-2026.parquet']}; watermark now 2026-08-12 15:59:23"}
{"ts": "2026-08-12T16:00:01.920318739Z", "container": "prefect-worker", "msg": "2026-08-12 16:00:01 | INFO  | _client.py:_send_single_request:1025 | HTTP Request: POST http://prefect-server:4200/api/artifacts/ \"HTTP/1.1 201 Created\""}
{"ts": "2026-08-12T16:00:02.038603607Z", "container": "prefect-worker", "msg": "2026-08-12 16:00:02 | INFO  | _client.py:_send_single_request:1025 | HTTP Request: POST http://prefect-server:4200/api/flow_runs/019ff598-05c9-7809-91e2-814bb7df8b19/set_state \"HTTP/1.1 201 Created\""}
{"ts": "2026-08-12T16:00:03.114297199Z", "container": "prefect-worker", "msg": "2026-08-12 16:00:03 | INFO  | flow_engine.py:initialize_run:1235 | Finished in state Completed()"}
{"ts": "2026-08-12T16:00:03.123997147Z", "container": "prefect-worker", "msg": "2026-08-12 16:00:03 | INFO  | _client.py:_send_single_request:1740 | HTTP Request: POST http://prefect-server:4200/api/logs/ \"HTTP/1.1 201 Created\""}
{"ts": "2026-08-12T16:00:03.576373112Z", "container": "prefect-worker", "msg": "16:00:03.575 | INFO    | prefect.flow_runs.runner - Process for flow run 'spiritual-quoll' exited cleanly."}
{"ts": "2026-08-12T16:14:58.032048661Z", "container": "prefect-worker", "msg": "16:14:58.031 | INFO    | prefect.flow_runs.worker - Worker 'ProcessWorker 9e49efa9-3aad-4589-82bf-b41ae7dfe57e' submitting flow run '019ff598-05c9-751a-8869-92e7a94de3e4'"}
{"ts": "2026-08-12T16:14:58.174905544Z", "container": "prefect-worker", "msg": "16:14:58.174 | INFO    | prefect.flow_runs.runner - Starting flow run process..."}
{"ts": "2026-08-12T16:14:58.198309419Z", "container": "prefect-worker", "msg": "16:14:58.197 | INFO    | prefect.flow_runs.worker - Flow run 'cryptic-rhino' submitted to infrastructure"}
{"ts": "2026-08-12T16:14:59.391902341Z", "container": "prefect-worker", "msg": "16:14:59.386 | INFO    | Flow run 'cryptic-rhino' - Running 1 deployment pull step(s)"}
{"ts": "2026-08-12T16:14:59.411721736Z", "container": "prefect-worker", "msg": "16:14:59.410 | INFO    | Flow run 'cryptic-rhino' - Executing deployment step: set_working_directory"}
{"ts": "2026-08-12T16:14:59.422802589Z", "container": "prefect-worker", "msg": "16:14:59.422 | INFO    | Flow run 'cryptic-rhino' - Deployment step 'set_working_directory' completed successfully"}
{"ts": "2026-08-12T16:14:59.436515463Z", "container": "prefect-worker", "msg": "16:14:59.435 | INFO    | Flow run 'cryptic-rhino' - All deployment steps completed successfully"}
{"ts": "2026-08-12T16:14:59.874504359Z", "container": "prefect-worker", "msg": "2026-08-12 16:14:59 | INFO  | _client.py:_send_single_request:1025 | HTTP Request: GET http://prefect-server:4200/api/admin/version \"HTTP/1.1 200 OK\""}
{"ts": "2026-08-12T16:14:59.877957647Z", "container": "prefect-worker", "msg": "2026-08-12 16:14:59 | INFO  | _client.py:_send_single_request:1025 | HTTP Request: GET http://prefect-server:4200/api/csrf-token?client=95b33e8e-7b28-4cc6-9897-f7ec49249e29 \"HTTP/1.1 422 Unprocessable Entity\""}
{"ts": "2026-08-12T16:14:59.883483934Z", "container": "prefect-worker", "msg": "2026-08-12 16:14:59 | INFO  | _client.py:_send_single_request:1025 | HTTP Request: PATCH http://prefect-server:4200/api/flow_runs/019ff598-05c9-751a-8869-92e7a94de3e4 \"HTTP/1.1 204 No Content\""}
{"ts": "2026-08-12T16:14:59.903690422Z", "container": "prefect-worker", "msg": "2026-08-12 16:14:59 | INFO  | _client.py:_send_single_request:1740 | HTTP Request: GET http://prefect-server:4200/api/flow_runs/019ff598-05c9-751a-8869-92e7a94de3e4 \"HTTP/1.1 200 OK\""}
{"ts": "2026-08-12T16:14:59.919446414Z", "container": "prefect-worker", "msg": "2026-08-12 16:14:59 | INFO  | _client.py:_send_single_request:1025 | HTTP Request: POST http://prefect-server:4200/api/flow_runs/019ff598-05c9-751a-8869-92e7a94de3e4/set_state \"HTTP/1.1 201 Created\""}
{"ts": "2026-08-12T16:14:59.927536041Z", "container": "prefect-worker", "msg": "2026-08-12 16:14:59 | INFO  | _client.py:_send_single_request:1025 | HTTP Request: GET http://prefect-server:4200/api/flow_runs/019ff598-05c9-751a-8869-92e7a94de3e4 \"HTTP/1.1 200 OK\""}
{"ts": "2026-08-12T16:14:59.932073230Z", "container": "prefect-worker", "msg": "2026-08-12 16:14:59 | INFO  | _client.py:_send_single_request:1025 | HTTP Request: GET http://prefect-server:4200/api/admin/storage \"HTTP/1.1 200 OK\""}
{"ts": "2026-08-12T16:14:59.935066644Z", "container": "prefect-worker", "msg": "2026-08-12 16:14:59 | INFO  | _client.py:_send_single_request:1025 | HTTP Request: GET http://prefect-server:4200/api/admin/storage \"HTTP/1.1 200 OK\""}
{"ts": "2026-08-12T16:14:59.935548478Z", "container": "prefect-worker", "msg": "2026-08-12 16:14:59 | INFO  | flow_engine.py:setup_run_context:1133 | Beginning flow run 'cryptic-rhino' for flow 'smarthub-data-pull'"}
{"ts": "2026-08-12T16:14:59.935802610Z", "container": "prefect-worker", "msg": "2026-08-12 16:14:59 | INFO  | flow_engine.py:setup_run_context:1138 | View at http://prefect-server:4200/runs/flow-run/019ff598-05c9-751a-8869-92e7a94de3e4"}
{"ts": "2026-08-12T16:14:59.958046946Z", "container": "prefect-worker", "msg": "2026-08-12 16:14:59 | INFO  | _client.py:_send_single_request:1740 | HTTP Request: GET http://prefect-server:4200/api/flows/c49e248a-be9d-43b9-ad26-cff3b7117b11 \"HTTP/1.1 200 OK\""}
{"ts": "2026-08-12T16:14:59.973984379Z", "container": "prefect-worker", "msg": "2026-08-12 16:14:59 | INFO  | _client.py:_send_single_request:1740 | HTTP Request: GET http://prefect-server:4200/api/work_queues/32c7c4c1-2900-49ee-9a5d-6d3163577ef9 \"HTTP/1.1 200 OK\""}
{"ts": "2026-08-12T16:14:59.976091617Z", "container": "prefect-worker", "msg": "2026-08-12 16:14:59 | INFO  | _client.py:_send_single_request:1025 | HTTP Request: GET http://prefect-server:4200/api/variables/name/smarthub_last_pull_timestamp_home \"HTTP/1.1 200 OK\""}
{"ts": "2026-08-12T16:14:59.978716959Z", "container": "prefect-worker", "msg": "2026-08-12 16:14:59 | INFO  | task_engine.py:log_finished_message:410 | Finished in state Completed()"}
{"ts": "2026-08-12T16:14:59.978912580Z", "container": "prefect-worker", "msg": "2026-08-12 16:14:59 | INFO  | flow.py:data_pull_flow:246 | [home] pulling window 2026-08-12 11:14:40 -> 2026-08-12 16:14:59"}
{"ts": "2026-08-12T16:14:59.983790231Z", "container": "prefect-worker", "msg": "2026-08-12 16:14:59 | INFO  | _client.py:_send_single_request:1740 | HTTP Request: GET http://prefect-server:4200/api/work_pools/smarthub-pool \"HTTP/1.1 200 OK\""}
{"ts": "2026-08-12T16:14:59.985483135Z", "container": "prefect-worker", "msg": "2026-08-12 16:14:59 | INFO  | _client.py:_send_single_request:1740 | HTTP Request: GET http://prefect-server:4200/api/deployments/15dcce44-4b5f-4048-b854-eeba60c3b514 \"HTTP/1.1 200 OK\""}
{"ts": "2026-08-12T16:14:59.986344732Z", "container": "prefect-worker", "msg": "2026-08-12 16:14:59 | INFO  | _client.py:_send_single_request:1025 | HTTP Request: GET http://prefect-server:4200/api/variables/name/smarthub_last_pull_timestamp_home \"HTTP/1.1 200 OK\""}
{"ts": "2026-08-12T16:14:59.990432566Z", "container": "prefect-worker", "msg": "2026-08-12 16:14:59 | INFO  | pull.py:fetch_leads:134 | SSH_TUNNEL=false -- connecting directly to Redshift smart-hub.c9m7m7mw0tl8.us-east-1.redshift.amazonaws.com:5439"}
{"ts": "2026-08-12T16:15:00.194697701Z", "container": "prefect-worker", "msg": "2026-08-12 16:15:00 | INFO  | plugins.py:__init__:37 | setup plugin alembic.autogenerate.schemas"}
{"ts": "2026-08-12T16:15:00.194818872Z", "container": "prefect-worker", "msg": "2026-08-12 16:15:00 | INFO  | plugins.py:__init__:37 | setup plugin alembic.autogenerate.tables"}
{"ts": "2026-08-12T16:15:00.194837813Z", "container": "prefect-worker", "msg": "2026-08-12 16:15:00 | INFO  | plugins.py:__init__:37 | setup plugin alembic.autogenerate.types"}
{"ts": "2026-08-12T16:15:00.194841963Z", "container": "prefect-worker", "msg": "2026-08-12 16:15:00 | INFO  | plugins.py:__init__:37 | setup plugin alembic.autogenerate.constraints"}
{"ts": "2026-08-12T16:15:00.194845763Z", "container": "prefect-worker", "msg": "2026-08-12 16:15:00 | INFO  | plugins.py:__init__:37 | setup plugin alembic.autogenerate.defaults"}
{"ts": "2026-08-12T16:15:00.194848973Z", "container": "prefect-worker", "msg": "2026-08-12 16:15:00 | INFO  | plugins.py:__init__:37 | setup plugin alembic.autogenerate.comments"}
{"ts": "2026-08-12T16:15:00.643638588Z", "container": "prefect-worker", "msg": "2026-08-12 16:15:00 | INFO  | pull.py:fetch_leads:154 | Fetched leads frame with shape (1805, 57)"}
{"ts": "2026-08-12T16:15:00.644817748Z", "container": "prefect-worker", "msg": "2026-08-12 16:15:00 | INFO  | task_engine.py:log_finished_message:410 | Finished in state Completed()"}
{"ts": "2026-08-12T16:15:00.810954055Z", "container": "prefect-worker", "msg": "2026-08-12 16:15:00 | INFO  | validation_report.py:log_summary:165 | data-quality: rows=1,805, status=issues flagged, rule_violation_rows=3,612, cross_field={'current_carrier_when_not_insured': 1624}, high_missing=['accepted', 'accepted_listings', 'annual_revenue', 'erred', 'error_reason_id', 'health_conditions', 'household_income', 'lead_created_at', 'life_coverage_amount', 'life_coverage_type', 'naics_code', 'num_dependents', 'num_employees', 'num_home_claims', 'pnc_bundle', 'rev', 'sic_code', 'won']"}
{"ts": "2026-08-12T16:15:00.828554322Z", "container": "prefect-worker", "msg": "2026-08-12 16:15:00 | INFO  | _client.py:_send_single_request:1025 | HTTP Request: POST http://prefect-server:4200/api/artifacts/ \"HTTP/1.1 201 Created\""}
{"ts": "2026-08-12T16:15:00.831526376Z", "container": "prefect-worker", "msg": "2026-08-12 16:15:00 | INFO  | task_engine.py:log_finished_message:410 | Finished in state Completed()"}
{"ts": "2026-08-12T16:15:01.021680413Z", "container": "prefect-worker", "msg": "2026-08-12 16:15:01 | INFO  | storage.py:append_parquet:470 | Parquet partition 12-08-2026.parquet: +1805 rows"}
{"ts": "2026-08-12T16:15:01.035672150Z", "container": "prefect-worker", "msg": "2026-08-12 16:15:01 | INFO  | task_engine.py:log_finished_message:410 | Finished in state Completed()"}
{"ts": "2026-08-12T16:15:01.073443175Z", "container": "prefect-worker", "msg": "2026-08-12 16:15:01 | INFO  | _client.py:_send_single_request:1025 | HTTP Request: GET http://prefect-server:4200/api/variables/name/smarthub_last_pull_timestamp_home \"HTTP/1.1 200 OK\""}
{"ts": "2026-08-12T16:15:01.125520550Z", "container": "prefect-worker", "msg": "2026-08-12 16:15:01 | INFO  | _client.py:_send_single_request:1025 | HTTP Request: PATCH http://prefect-server:4200/api/variables/name/smarthub_last_pull_timestamp_home \"HTTP/1.1 204 No Content\""}
{"ts": "2026-08-12T16:15:01.128618556Z", "container": "prefect-worker", "msg": "2026-08-12 16:15:01 | INFO  | _client.py:_send_single_request:1025 | HTTP Request: GET http://prefect-server:4200/api/variables/name/smarthub_last_pull_timestamp_home \"HTTP/1.1 200 OK\""}
{"ts": "2026-08-12T16:15:01.130091558Z", "container": "prefect-worker", "msg": "2026-08-12 16:15:01 | INFO  | task_engine.py:log_finished_message:410 | Finished in state Completed()"}
{"ts": "2026-08-12T16:15:01.130441581Z", "container": "prefect-worker", "msg": "2026-08-12 16:15:01 | INFO  | flow.py:data_pull_flow:254 | [home] persisted {'parquet_rows': 1805, 'parquet_paths': ['/app/data/raw_datasets/leads/2026/08/12-08-2026.parquet']}; watermark now 2026-08-12 16:14:13"}
{"ts": "2026-08-12T16:15:01.150283747Z", "container": "prefect-worker", "msg": "2026-08-12 16:15:01 | INFO  | _client.py:_send_single_request:1025 | HTTP Request: POST http://prefect-server:4200/api/artifacts/ \"HTTP/1.1 201 Created\""}
{"ts": "2026-08-12T16:15:01.243755157Z", "container": "prefect-worker", "msg": "2026-08-12 16:15:01 | INFO  | _client.py:_send_single_request:1025 | HTTP Request: POST http://prefect-server:4200/api/flow_runs/019ff598-05c9-751a-8869-92e7a94de3e4/set_state \"HTTP/1.1 201 Created\""}
{"ts": "2026-08-12T16:15:01.398474078Z", "container": "prefect-worker", "msg": "2026-08-12 16:15:01 | INFO  | _client.py:_send_single_request:1740 | HTTP Request: GET http://prefect-server:4200/api/csrf-token?client=a9b73ddf-7283-4ed9-b551-823edae5836b \"HTTP/1.1 422 Unprocessable Entity\""}
{"ts": "2026-08-12T16:15:01.409450330Z", "container": "prefect-worker", "msg": "2026-08-12 16:15:01 | INFO  | _client.py:_send_single_request:1740 | HTTP Request: POST http://prefect-server:4200/api/logs/ \"HTTP/1.1 201 Created\""}
{"ts": "2026-08-12T16:15:02.125785328Z", "container": "prefect-worker", "msg": "2026-08-12 16:15:02 | INFO  | flow_engine.py:initialize_run:1235 | Finished in state Completed()"}
{"ts": "2026-08-12T16:15:02.133737625Z", "container": "prefect-worker", "msg": "2026-08-12 16:15:02 | INFO  | _client.py:_send_single_request:1740 | HTTP Request: POST http://prefect-server:4200/api/logs/ \"HTTP/1.1 201 Created\""}
{"ts": "2026-08-12T16:15:02.581215879Z", "container": "prefect-worker", "msg": "16:15:02.580 | INFO    | prefect.flow_runs.runner - Process for flow run 'cryptic-rhino' exited cleanly."}
{"ts": "2026-08-12T16:29:54.536620328Z", "container": "prefect-worker", "msg": "16:29:54.536 | INFO    | prefect.flow_runs.worker - Worker 'ProcessWorker 9e49efa9-3aad-4589-82bf-b41ae7dfe57e' submitting flow run '019ff598-05e0-7570-a7b4-8f36ed33fb67'"}
{"ts": "2026-08-12T16:29:54.673521324Z", "container": "prefect-worker", "msg": "16:29:54.672 | INFO    | prefect.flow_runs.runner - Starting flow run process..."}
{"ts": "2026-08-12T16:29:54.696703264Z", "container": "prefect-worker", "msg": "16:29:54.696 | INFO    | prefect.flow_runs.worker - Flow run 'inescapable-coua' submitted to infrastructure"}
{"ts": "2026-08-12T16:29:55.903854508Z", "container": "prefect-worker", "msg": "16:29:55.897 | INFO    | Flow run 'inescapable-coua' - Running 1 deployment pull step(s)"}
{"ts": "2026-08-12T16:29:55.926152872Z", "container": "prefect-worker", "msg": "16:29:55.925 | INFO    | Flow run 'inescapable-coua' - Executing deployment step: set_working_directory"}
{"ts": "2026-08-12T16:29:55.937904798Z", "container": "prefect-worker", "msg": "16:29:55.937 | INFO    | Flow run 'inescapable-coua' - Deployment step 'set_working_directory' completed successfully"}
{"ts": "2026-08-12T16:29:55.952561459Z", "container": "prefect-worker", "msg": "16:29:55.951 | INFO    | Flow run 'inescapable-coua' - All deployment steps completed successfully"}
{"ts": "2026-08-12T16:29:56.034762315Z", "container": "prefect-worker", "msg": "2026-08-12 16:29:56 | INFO  | _client.py:_send_single_request:1025 | HTTP Request: GET http://prefect-server:4200/api/admin/version \"HTTP/1.1 200 OK\""}
{"ts": "2026-08-12T16:29:56.038388224Z", "container": "prefect-worker", "msg": "2026-08-12 16:29:56 | INFO  | _client.py:_send_single_request:1025 | HTTP Request: GET http://prefect-server:4200/api/csrf-token?client=97180db5-d953-41cf-ad48-b5975ed84b0f \"HTTP/1.1 422 Unprocessable Entity\""}
{"ts": "2026-08-12T16:29:56.043610017Z", "container": "prefect-worker", "msg": "2026-08-12 16:29:56 | INFO  | _client.py:_send_single_request:1025 | HTTP Request: PATCH http://prefect-server:4200/api/flow_runs/019ff598-05e0-7570-a7b4-8f36ed33fb67 \"HTTP/1.1 204 No Content\""}
{"ts": "2026-08-12T16:29:56.062253200Z", "container": "prefect-worker", "msg": "2026-08-12 16:29:56 | INFO  | _client.py:_send_single_request:1740 | HTTP Request: GET http://prefect-server:4200/api/flow_runs/019ff598-05e0-7570-a7b4-8f36ed33fb67 \"HTTP/1.1 200 OK\""}
{"ts": "2026-08-12T16:29:56.073821066Z", "container": "prefect-worker", "msg": "2026-08-12 16:29:56 | INFO  | _client.py:_send_single_request:1025 | HTTP Request: POST http://prefect-server:4200/api/flow_runs/019ff598-05e0-7570-a7b4-8f36ed33fb67/set_state \"HTTP/1.1 200 OK\""}
{"ts": "2026-08-12T16:29:57.910672994Z", "container": "prefect-worker", "msg": "2026-08-12 16:29:57 | INFO  | _client.py:_send_single_request:1740 | HTTP Request: GET http://prefect-server:4200/api/csrf-token?client=46dd1fa1-4c15-408d-a3af-9575b7475e0b \"HTTP/1.1 422 Unprocessable Entity\""}
{"ts": "2026-08-12T16:29:57.917707492Z", "container": "prefect-worker", "msg": "2026-08-12 16:29:57 | INFO  | _client.py:_send_single_request:1740 | HTTP Request: POST http://prefect-server:4200/api/logs/ \"HTTP/1.1 201 Created\""}
{"ts": "2026-08-12T16:30:00.090863963Z", "container": "prefect-worker", "msg": "2026-08-12 16:30:00 | INFO  | _client.py:_send_single_request:1025 | HTTP Request: POST http://prefect-server:4200/api/flow_runs/019ff598-05e0-7570-a7b4-8f36ed33fb67/set_state \"HTTP/1.1 201 Created\""}
{"ts": "2026-08-12T16:30:00.097903751Z", "container": "prefect-worker", "msg": "2026-08-12 16:30:00 | INFO  | _client.py:_send_single_request:1025 | HTTP Request: GET http://prefect-server:4200/api/flow_runs/019ff598-05e0-7570-a7b4-8f36ed33fb67 \"HTTP/1.1 200 OK\""}
{"ts": "2026-08-12T16:30:00.102039405Z", "container": "prefect-worker", "msg": "2026-08-12 16:30:00 | INFO  | _client.py:_send_single_request:1025 | HTTP Request: GET http://prefect-server:4200/api/admin/storage \"HTTP/1.1 200 OK\""}
{"ts": "2026-08-12T16:30:00.105086490Z", "container": "prefect-worker", "msg": "2026-08-12 16:30:00 | INFO  | _client.py:_send_single_request:1025 | HTTP Request: GET http://prefect-server:4200/api/admin/storage \"HTTP/1.1 200 OK\""}
{"ts": "2026-08-12T16:30:00.106017198Z", "container": "prefect-worker", "msg": "2026-08-12 16:30:00 | INFO  | flow_engine.py:setup_run_context:1133 | Beginning flow run 'inescapable-coua' for flow 'smarthub-build-features'"}
{"ts": "2026-08-12T16:30:00.106406251Z", "container": "prefect-worker", "msg": "2026-08-12 16:30:00 | INFO  | flow_engine.py:setup_run_context:1138 | View at http://prefect-server:4200/runs/flow-run/019ff598-05e0-7570-a7b4-8f36ed33fb67"}
{"ts": "2026-08-12T16:30:00.200252823Z", "container": "prefect-worker", "msg": "2026-08-12 16:30:00 | INFO  | _client.py:_send_single_request:1740 | HTTP Request: GET http://prefect-server:4200/api/flows/ed336d12-897f-42a6-bdf9-d48b8de86b57 \"HTTP/1.1 200 OK\""}
{"ts": "2026-08-12T16:30:00.200733947Z", "container": "prefect-worker", "msg": "2026-08-12 16:30:00 | INFO  | _client.py:_send_single_request:1740 | HTTP Request: GET http://prefect-server:4200/api/deployments/8d536def-a82a-4c94-941b-14c2c0468511 \"HTTP/1.1 200 OK\""}
{"ts": "2026-08-12T16:30:00.201060949Z", "container": "prefect-worker", "msg": "2026-08-12 16:30:00 | INFO  | _client.py:_send_single_request:1740 | HTTP Request: GET http://prefect-server:4200/api/work_queues/109a2d50-2dca-4233-a9a5-9ec78fefd79f \"HTTP/1.1 200 OK\""}
{"ts": "2026-08-12T16:30:00.201300821Z", "container": "prefect-worker", "msg": "2026-08-12 16:30:00 | INFO  | _client.py:_send_single_request:1740 | HTTP Request: GET http://prefect-server:4200/api/work_pools/smarthub-pool \"HTTP/1.1 200 OK\""}
{"ts": "2026-08-12T16:30:01.955810842Z", "container": "prefect-worker", "msg": "2026-08-12 16:30:01 | INFO  | _client.py:_send_single_request:1740 | HTTP Request: POST http://prefect-server:4200/api/logs/ \"HTTP/1.1 201 Created\""}
{"ts": "2026-08-12T16:30:08.318779301Z", "container": "prefect-worker", "msg": "2026-08-12 16:30:08 | INFO  | build.py:run_build_features:266 | [auto] training table 2026-08-12T163007Z: 512562 rows, 40 cols -> /app/data/training_datasets/auto/2026-08-12T163007Z.parquet"}
{"ts": "2026-08-12T16:30:08.428699974Z", "container": "prefect-worker", "msg": "2026-08-12 16:30:08 | INFO  | task_engine.py:log_finished_message:410 | Finished in state Completed()"}
{"ts": "2026-08-12T16:30:08.449060602Z", "container": "prefect-worker", "msg": "2026-08-12 16:30:08 | INFO  | _client.py:_send_single_request:1025 | HTTP Request: POST http://prefect-server:4200/api/artifacts/ \"HTTP/1.1 201 Created\""}
{"ts": "2026-08-12T16:30:08.636479322Z", "container": "prefect-worker", "msg": "2026-08-12 16:30:08 | INFO  | _client.py:_send_single_request:1025 | HTTP Request: POST http://prefect-server:4200/api/flow_runs/019ff598-05e0-7570-a7b4-8f36ed33fb67/set_state \"HTTP/1.1 201 Created\""}
{"ts": "2026-08-12T16:30:09.430965652Z", "container": "prefect-worker", "msg": "2026-08-12 16:30:09 | INFO  | flow_engine.py:initialize_run:1235 | Finished in state Completed()"}
{"ts": "2026-08-12T16:30:09.441871882Z", "container": "prefect-worker", "msg": "2026-08-12 16:30:09 | INFO  | _client.py:_send_single_request:1740 | HTTP Request: POST http://prefect-server:4200/api/logs/ \"HTTP/1.1 201 Created\""}
{"ts": "2026-08-12T16:30:09.734248095Z", "container": "prefect-worker", "msg": "16:30:09.733 | INFO    | prefect.flow_runs.runner - Process for flow run 'inescapable-coua' exited cleanly."}
{"ts": "2026-08-12T16:44:56.506695451Z", "container": "prefect-worker", "msg": "16:44:56.506 | INFO    | prefect.flow_runs.worker - Worker 'ProcessWorker 9e49efa9-3aad-4589-82bf-b41ae7dfe57e' submitting flow run '019ff598-05e0-7a0b-8620-ae6dd7d5fe97'"}
{"ts": "2026-08-12T16:44:56.643527799Z", "container": "prefect-worker", "msg": "16:44:56.642 | INFO    | prefect.flow_runs.runner - Starting flow run process..."}
{"ts": "2026-08-12T16:44:56.667050021Z", "container": "prefect-worker", "msg": "16:44:56.666 | INFO    | prefect.flow_runs.worker - Flow run 'reasonable-hippogriff' submitted to infrastructure"}
{"ts": "2026-08-12T16:44:57.844089939Z", "container": "prefect-worker", "msg": "16:44:57.838 | INFO    | Flow run 'reasonable-hippogriff' - Running 1 deployment pull step(s)"}
{"ts": "2026-08-12T16:44:57.866011148Z", "container": "prefect-worker", "msg": "16:44:57.864 | INFO    | Flow run 'reasonable-hippogriff' - Executing deployment step: set_working_directory"}
{"ts": "2026-08-12T16:44:57.878109927Z", "container": "prefect-worker", "msg": "16:44:57.877 | INFO    | Flow run 'reasonable-hippogriff' - Deployment step 'set_working_directory' completed successfully"}
{"ts": "2026-08-12T16:44:57.893410092Z", "container": "prefect-worker", "msg": "16:44:57.892 | INFO    | Flow run 'reasonable-hippogriff' - All deployment steps completed successfully"}
{"ts": "2026-08-12T16:44:57.976534822Z", "container": "prefect-worker", "msg": "2026-08-12 16:44:57 | INFO  | _client.py:_send_single_request:1025 | HTTP Request: GET http://prefect-server:4200/api/admin/version \"HTTP/1.1 200 OK\""}
{"ts": "2026-08-12T16:44:57.980282762Z", "container": "prefect-worker", "msg": "2026-08-12 16:44:57 | INFO  | _client.py:_send_single_request:1025 | HTTP Request: GET http://prefect-server:4200/api/csrf-token?client=309ff3b9-a105-4060-b42b-48cab47bbbcc \"HTTP/1.1 422 Unprocessable Entity\""}
{"ts": "2026-08-12T16:44:57.985993209Z", "container": "prefect-worker", "msg": "2026-08-12 16:44:57 | INFO  | _client.py:_send_single_request:1025 | HTTP Request: PATCH http://prefect-server:4200/api/flow_runs/019ff598-05e0-7a0b-8620-ae6dd7d5fe97 \"HTTP/1.1 204 No Content\""}
{"ts": "2026-08-12T16:44:58.005803420Z", "container": "prefect-worker", "msg": "2026-08-12 16:44:58 | INFO  | _client.py:_send_single_request:1740 | HTTP Request: GET http://prefect-server:4200/api/flow_runs/019ff598-05e0-7a0b-8620-ae6dd7d5fe97 \"HTTP/1.1 200 OK\""}
{"ts": "2026-08-12T16:44:58.018175302Z", "container": "prefect-worker", "msg": "2026-08-12 16:44:58 | INFO  | _client.py:_send_single_request:1025 | HTTP Request: POST http://prefect-server:4200/api/flow_runs/019ff598-05e0-7a0b-8620-ae6dd7d5fe97/set_state \"HTTP/1.1 200 OK\""}
{"ts": "2026-08-12T16:44:59.851260731Z", "container": "prefect-worker", "msg": "2026-08-12 16:44:59 | INFO  | _client.py:_send_single_request:1740 | HTTP Request: GET http://prefect-server:4200/api/csrf-token?client=23fa46cf-6acd-4659-ae5d-b1fcfc6e983c \"HTTP/1.1 422 Unprocessable Entity\""}
{"ts": "2026-08-12T16:44:59.858061496Z", "container": "prefect-worker", "msg": "2026-08-12 16:44:59 | INFO  | _client.py:_send_single_request:1740 | HTTP Request: POST http://prefect-server:4200/api/logs/ \"HTTP/1.1 201 Created\""}
{"ts": "2026-08-12T16:45:00.032550542Z", "container": "prefect-worker", "msg": "2026-08-12 16:45:00 | INFO  | _client.py:_send_single_request:1025 | HTTP Request: POST http://prefect-server:4200/api/flow_runs/019ff598-05e0-7a0b-8620-ae6dd7d5fe97/set_state \"HTTP/1.1 201 Created\""}
{"ts": "2026-08-12T16:45:00.038093117Z", "container": "prefect-worker", "msg": "2026-08-12 16:45:00 | INFO  | _client.py:_send_single_request:1025 | HTTP Request: GET http://prefect-server:4200/api/flow_runs/019ff598-05e0-7a0b-8620-ae6dd7d5fe97 \"HTTP/1.1 200 OK\""}
{"ts": "2026-08-12T16:45:00.041689327Z", "container": "prefect-worker", "msg": "2026-08-12 16:45:00 | INFO  | _client.py:_send_single_request:1025 | HTTP Request: GET http://prefect-server:4200/api/admin/storage \"HTTP/1.1 200 OK\""}
{"ts": "2026-08-12T16:45:00.044848782Z", "container": "prefect-worker", "msg": "2026-08-12 16:45:00 | INFO  | _client.py:_send_single_request:1025 | HTTP Request: GET http://prefect-server:4200/api/admin/storage \"HTTP/1.1 200 OK\""}
{"ts": "2026-08-12T16:45:00.045326996Z", "container": "prefect-worker", "msg": "2026-08-12 16:45:00 | INFO  | flow_engine.py:setup_run_context:1133 | Beginning flow run 'reasonable-hippogriff' for flow 'smarthub-build-features'"}
{"ts": "2026-08-12T16:45:00.045607258Z", "container": "prefect-worker", "msg": "2026-08-12 16:45:00 | INFO  | flow_engine.py:setup_run_context:1138 | View at http://prefect-server:4200/runs/flow-run/019ff598-05e0-7a0b-8620-ae6dd7d5fe97"}
{"ts": "2026-08-12T16:45:00.129924147Z", "container": "prefect-worker", "msg": "2026-08-12 16:45:00 | INFO  | _client.py:_send_single_request:1740 | HTTP Request: GET http://prefect-server:4200/api/flows/ed336d12-897f-42a6-bdf9-d48b8de86b57 \"HTTP/1.1 200 OK\""}
{"ts": "2026-08-12T16:45:00.130634323Z", "container": "prefect-worker", "msg": "2026-08-12 16:45:00 | INFO  | _client.py:_send_single_request:1740 | HTTP Request: GET http://prefect-server:4200/api/work_queues/109a2d50-2dca-4233-a9a5-9ec78fefd79f \"HTTP/1.1 200 OK\""}
{"ts": "2026-08-12T16:45:00.131321999Z", "container": "prefect-worker", "msg": "2026-08-12 16:45:00 | INFO  | _client.py:_send_single_request:1740 | HTTP Request: GET http://prefect-server:4200/api/deployments/8d536def-a82a-4c94-941b-14c2c0468511 \"HTTP/1.1 200 OK\""}
{"ts": "2026-08-12T16:45:00.131625591Z", "container": "prefect-worker", "msg": "2026-08-12 16:45:00 | INFO  | _client.py:_send_single_request:1740 | HTTP Request: GET http://prefect-server:4200/api/work_pools/smarthub-pool \"HTTP/1.1 200 OK\""}
{"ts": "2026-08-12T16:45:01.887599197Z", "container": "prefect-worker", "msg": "2026-08-12 16:45:01 | INFO  | _client.py:_send_single_request:1740 | HTTP Request: POST http://prefect-server:4200/api/logs/ \"HTTP/1.1 201 Created\""}
{"ts": "2026-08-12T16:45:05.244956682Z", "container": "prefect-worker", "msg": "2026-08-12 16:45:05 | INFO  | build.py:run_build_features:266 | [home] training table 2026-08-12T164505Z: 72617 rows, 34 cols -> /app/data/training_datasets/home/2026-08-12T164505Z.parquet"}
{"ts": "2026-08-12T16:45:05.368667712Z", "container": "prefect-worker", "msg": "2026-08-12 16:45:05 | INFO  | task_engine.py:log_finished_message:410 | Finished in state Completed()"}
{"ts": "2026-08-12T16:45:05.386682869Z", "container": "prefect-worker", "msg": "2026-08-12 16:45:05 | INFO  | _client.py:_send_single_request:1025 | HTTP Request: POST http://prefect-server:4200/api/artifacts/ \"HTTP/1.1 201 Created\""}
{"ts": "2026-08-12T16:45:05.525236951Z", "container": "prefect-worker", "msg": "2026-08-12 16:45:05 | INFO  | _client.py:_send_single_request:1025 | HTTP Request: POST http://prefect-server:4200/api/flow_runs/019ff598-05e0-7a0b-8620-ae6dd7d5fe97/set_state \"HTTP/1.1 201 Created\""}
{"ts": "2026-08-12T16:45:05.899150615Z", "container": "prefect-worker", "msg": "2026-08-12 16:45:05 | INFO  | _client.py:_send_single_request:1740 | HTTP Request: POST http://prefect-server:4200/api/logs/ \"HTTP/1.1 201 Created\""}
{"ts": "2026-08-12T16:45:05.970038125Z", "container": "prefect-worker", "msg": "2026-08-12 16:45:05 | INFO  | flow_engine.py:initialize_run:1235 | Finished in state Completed()"}
{"ts": "2026-08-12T16:45:05.976897181Z", "container": "prefect-worker", "msg": "2026-08-12 16:45:05 | INFO  | _client.py:_send_single_request:1740 | HTTP Request: POST http://prefect-server:4200/api/logs/ \"HTTP/1.1 201 Created\""}
{"ts": "2026-08-12T16:45:06.274616112Z", "container": "prefect-worker", "msg": "16:45:06.273 | INFO    | prefect.flow_runs.runner - Process for flow run 'reasonable-hippogriff' exited cleanly."}
{"ts": "2026-08-12T19:59:57.430630813Z", "container": "prefect-worker", "msg": "19:59:57.430 | INFO    | prefect.flow_runs.worker - Worker 'ProcessWorker 9e49efa9-3aad-4589-82bf-b41ae7dfe57e' submitting flow run '019ff598-05c9-7a9f-86b1-8650b746ee53'"}
{"ts": "2026-08-12T19:59:57.576130915Z", "container": "prefect-worker", "msg": "19:59:57.575 | INFO    | prefect.flow_runs.runner - Starting flow run process..."}
{"ts": "2026-08-12T19:59:57.599828488Z", "container": "prefect-worker", "msg": "19:59:57.599 | INFO    | prefect.flow_runs.worker - Flow run 'tangible-chowchow' submitted to infrastructure"}
{"ts": "2026-08-12T19:59:58.775157430Z", "container": "prefect-worker", "msg": "19:59:58.769 | INFO    | Flow run 'tangible-chowchow' - Running 1 deployment pull step(s)"}
{"ts": "2026-08-12T19:59:58.795362254Z", "container": "prefect-worker", "msg": "19:59:58.794 | INFO    | Flow run 'tangible-chowchow' - Executing deployment step: set_working_directory"}
{"ts": "2026-08-12T19:59:58.806676426Z", "container": "prefect-worker", "msg": "19:59:58.806 | INFO    | Flow run 'tangible-chowchow' - Deployment step 'set_working_directory' completed successfully"}
{"ts": "2026-08-12T19:59:58.820762040Z", "container": "prefect-worker", "msg": "19:59:58.820 | INFO    | Flow run 'tangible-chowchow' - All deployment steps completed successfully"}
{"ts": "2026-08-12T19:59:59.270565146Z", "container": "prefect-worker", "msg": "2026-08-12 19:59:59 | INFO  | _client.py:_send_single_request:1025 | HTTP Request: GET http://prefect-server:4200/api/admin/version \"HTTP/1.1 200 OK\""}
{"ts": "2026-08-12T19:59:59.274109305Z", "container": "prefect-worker", "msg": "2026-08-12 19:59:59 | INFO  | _client.py:_send_single_request:1025 | HTTP Request: GET http://prefect-server:4200/api/csrf-token?client=cdde3378-29a5-4982-a89a-588bdc9923f3 \"HTTP/1.1 422 Unprocessable Entity\""}
{"ts": "2026-08-12T19:59:59.279568869Z", "container": "prefect-worker", "msg": "2026-08-12 19:59:59 | INFO  | _client.py:_send_single_request:1025 | HTTP Request: PATCH http://prefect-server:4200/api/flow_runs/019ff598-05c9-7a9f-86b1-8650b746ee53 \"HTTP/1.1 204 No Content\""}
{"ts": "2026-08-12T19:59:59.298772785Z", "container": "prefect-worker", "msg": "2026-08-12 19:59:59 | INFO  | _client.py:_send_single_request:1740 | HTTP Request: GET http://prefect-server:4200/api/flow_runs/019ff598-05c9-7a9f-86b1-8650b746ee53 \"HTTP/1.1 200 OK\""}
{"ts": "2026-08-12T19:59:59.310676182Z", "container": "prefect-worker", "msg": "2026-08-12 19:59:59 | INFO  | _client.py:_send_single_request:1025 | HTTP Request: POST http://prefect-server:4200/api/flow_runs/019ff598-05c9-7a9f-86b1-8650b746ee53/set_state \"HTTP/1.1 200 OK\""}
{"ts": "2026-08-12T20:00:00.325726231Z", "container": "prefect-worker", "msg": "2026-08-12 20:00:00 | INFO  | _client.py:_send_single_request:1025 | HTTP Request: POST http://prefect-server:4200/api/flow_runs/019ff598-05c9-7a9f-86b1-8650b746ee53/set_state \"HTTP/1.1 201 Created\""}
{"ts": "2026-08-12T20:00:00.331899391Z", "container": "prefect-worker", "msg": "2026-08-12 20:00:00 | INFO  | _client.py:_send_single_request:1025 | HTTP Request: GET http://prefect-server:4200/api/flow_runs/019ff598-05c9-7a9f-86b1-8650b746ee53 \"HTTP/1.1 200 OK\""}
{"ts": "2026-08-12T20:00:00.336451289Z", "container": "prefect-worker", "msg": "2026-08-12 20:00:00 | INFO  | _client.py:_send_single_request:1025 | HTTP Request: GET http://prefect-server:4200/api/admin/storage \"HTTP/1.1 200 OK\""}
{"ts": "2026-08-12T20:00:00.339503733Z", "container": "prefect-worker", "msg": "2026-08-12 20:00:00 | INFO  | _client.py:_send_single_request:1025 | HTTP Request: GET http://prefect-server:4200/api/admin/storage \"HTTP/1.1 200 OK\""}
{"ts": "2026-08-12T20:00:00.340019178Z", "container": "prefect-worker", "msg": "2026-08-12 20:00:00 | INFO  | flow_engine.py:setup_run_context:1133 | Beginning flow run 'tangible-chowchow' for flow 'smarthub-data-pull'"}
{"ts": "2026-08-12T20:00:00.340271230Z", "container": "prefect-worker", "msg": "2026-08-12 20:00:00 | INFO  | flow_engine.py:setup_run_context:1138 | View at http://prefect-server:4200/runs/flow-run/019ff598-05c9-7a9f-86b1-8650b746ee53"}
{"ts": "2026-08-12T20:00:00.369129534Z", "container": "prefect-worker", "msg": "2026-08-12 20:00:00 | INFO  | _client.py:_send_single_request:1740 | HTTP Request: GET http://prefect-server:4200/api/flows/c49e248a-be9d-43b9-ad26-cff3b7117b11 \"HTTP/1.1 200 OK\""}
{"ts": "2026-08-12T20:00:00.376467784Z", "container": "prefect-worker", "msg": "2026-08-12 20:00:00 | INFO  | _client.py:_send_single_request:1740 | HTTP Request: GET http://prefect-server:4200/api/work_queues/32c7c4c1-2900-49ee-9a5d-6d3163577ef9 \"HTTP/1.1 200 OK\""}
{"ts": "2026-08-12T20:00:00.386024112Z", "container": "prefect-worker", "msg": "2026-08-12 20:00:00 | INFO  | _client.py:_send_single_request:1740 | HTTP Request: GET http://prefect-server:4200/api/deployments/15dcce44-4b5f-4048-b854-eeba60c3b514 \"HTTP/1.1 200 OK\""}
{"ts": "2026-08-12T20:00:00.386926529Z", "container": "prefect-worker", "msg": "2026-08-12 20:00:00 | INFO  | _client.py:_send_single_request:1025 | HTTP Request: GET http://prefect-server:4200/api/variables/name/smarthub_last_pull_timestamp_auto \"HTTP/1.1 200 OK\""}
{"ts": "2026-08-12T20:00:00.390251576Z", "container": "prefect-worker", "msg": "2026-08-12 20:00:00 | INFO  | task_engine.py:log_finished_message:410 | Finished in state Completed()"}
{"ts": "2026-08-12T20:00:00.390479768Z", "container": "prefect-worker", "msg": "2026-08-12 20:00:00 | INFO  | flow.py:data_pull_flow:246 | [auto] pulling window 2026-08-12 14:59:23 -> 2026-08-12 20:00:00"}
{"ts": "2026-08-12T20:00:00.393782414Z", "container": "prefect-worker", "msg": "2026-08-12 20:00:00 | INFO  | _client.py:_send_single_request:1025 | HTTP Request: GET http://prefect-server:4200/api/variables/name/smarthub_last_pull_timestamp_auto \"HTTP/1.1 200 OK\""}
{"ts": "2026-08-12T20:00:00.398068489Z", "container": "prefect-worker", "msg": "2026-08-12 20:00:00 | INFO  | pull.py:fetch_leads:134 | SSH_TUNNEL=false -- connecting directly to Redshift smart-hub.c9m7m7mw0tl8.us-east-1.redshift.amazonaws.com:5439"}
{"ts": "2026-08-12T20:00:00.406568888Z", "container": "prefect-worker", "msg": "2026-08-12 20:00:00 | INFO  | _client.py:_send_single_request:1740 | HTTP Request: GET http://prefect-server:4200/api/work_pools/smarthub-pool \"HTTP/1.1 200 OK\""}
{"ts": "2026-08-12T20:00:00.599715798Z", "container": "prefect-worker", "msg": "2026-08-12 20:00:00 | INFO  | plugins.py:__init__:37 | setup plugin alembic.autogenerate.schemas"}
{"ts": "2026-08-12T20:00:00.599745999Z", "container": "prefect-worker", "msg": "2026-08-12 20:00:00 | INFO  | plugins.py:__init__:37 | setup plugin alembic.autogenerate.tables"}
{"ts": "2026-08-12T20:00:00.599818639Z", "container": "prefect-worker", "msg": "2026-08-12 20:00:00 | INFO  | plugins.py:__init__:37 | setup plugin alembic.autogenerate.types"}
{"ts": "2026-08-12T20:00:00.599850349Z", "container": "prefect-worker", "msg": "2026-08-12 20:00:00 | INFO  | plugins.py:__init__:37 | setup plugin alembic.autogenerate.constraints"}
{"ts": "2026-08-12T20:00:00.599854359Z", "container": "prefect-worker", "msg": "2026-08-12 20:00:00 | INFO  | plugins.py:__init__:37 | setup plugin alembic.autogenerate.defaults"}
{"ts": "2026-08-12T20:00:00.599857659Z", "container": "prefect-worker", "msg": "2026-08-12 20:00:00 | INFO  | plugins.py:__init__:37 | setup plugin alembic.autogenerate.comments"}
{"ts": "2026-08-12T20:00:00.782068710Z", "container": "prefect-worker", "msg": "2026-08-12 20:00:00 | INFO  | _client.py:_send_single_request:1740 | HTTP Request: GET http://prefect-server:4200/api/csrf-token?client=5a652a5e-6b12-42f5-9624-acd5312840df \"HTTP/1.1 422 Unprocessable Entity\""}
{"ts": "2026-08-12T20:00:00.790898962Z", "container": "prefect-worker", "msg": "2026-08-12 20:00:00 | INFO  | _client.py:_send_single_request:1740 | HTTP Request: POST http://prefect-server:4200/api/logs/ \"HTTP/1.1 201 Created\""}
{"ts": "2026-08-12T20:00:01.589193040Z", "container": "prefect-worker", "msg": "2026-08-12 20:00:01 | INFO  | pull.py:fetch_leads:154 | Fetched leads frame with shape (17748, 57)"}
{"ts": "2026-08-12T20:00:01.590392010Z", "container": "prefect-worker", "msg": "2026-08-12 20:00:01 | INFO  | task_engine.py:log_finished_message:410 | Finished in state Completed()"}
{"ts": "2026-08-12T20:00:02.147004503Z", "container": "prefect-worker", "msg": "2026-08-12 20:00:02 | INFO  | validation_report.py:log_summary:165 | data-quality: rows=17,748, status=issues flagged, rule_violation_rows=35,500, cross_field={'current_carrier_when_not_insured': 14333}, high_missing=['accepted', 'accepted_listings', 'annual_revenue', 'erred', 'error_reason_id', 'health_conditions', 'household_income', 'lead_created_at', 'life_coverage_amount', 'life_coverage_type', 'naics_code', 'num_dependents', 'num_employees', 'pnc_bundle', 'rev', 'sic_code', 'won']"}
{"ts": "2026-08-12T20:00:02.164104872Z", "container": "prefect-worker", "msg": "2026-08-12 20:00:02 | INFO  | _client.py:_send_single_request:1025 | HTTP Request: POST http://prefect-server:4200/api/artifacts/ \"HTTP/1.1 201 Created\""}
{"ts": "2026-08-12T20:00:02.167037376Z", "container": "prefect-worker", "msg": "2026-08-12 20:00:02 | INFO  | task_engine.py:log_finished_message:410 | Finished in state Completed()"}
{"ts": "2026-08-12T20:00:02.507585113Z", "container": "prefect-worker", "msg": "2026-08-12 20:00:02 | INFO  | storage.py:append_parquet:470 | Parquet partition 12-08-2026.parquet: +17748 rows"}
{"ts": "2026-08-12T20:00:02.543726917Z", "container": "prefect-worker", "msg": "2026-08-12 20:00:02 | INFO  | task_engine.py:log_finished_message:410 | Finished in state Completed()"}
{"ts": "2026-08-12T20:00:02.624690995Z", "container": "prefect-worker", "msg": "2026-08-12 20:00:02 | INFO  | _client.py:_send_single_request:1025 | HTTP Request: GET http://prefect-server:4200/api/variables/name/smarthub_last_pull_timestamp_auto \"HTTP/1.1 200 OK\""}
{"ts": "2026-08-12T20:00:02.632000745Z", "container": "prefect-worker", "msg": "2026-08-12 20:00:02 | INFO  | _client.py:_send_single_request:1025 | HTTP Request: PATCH http://prefect-server:4200/api/variables/name/smarthub_last_pull_timestamp_auto \"HTTP/1.1 204 No Content\""}
{"ts": "2026-08-12T20:00:02.634544006Z", "container": "prefect-worker", "msg": "2026-08-12 20:00:02 | INFO  | _client.py:_send_single_request:1025 | HTTP Request: GET http://prefect-server:4200/api/variables/name/smarthub_last_pull_timestamp_auto \"HTTP/1.1 200 OK\""}
{"ts": "2026-08-12T20:00:02.635729245Z", "container": "prefect-worker", "msg": "2026-08-12 20:00:02 | INFO  | task_engine.py:log_finished_message:410 | Finished in state Completed()"}
{"ts": "2026-08-12T20:00:02.636084318Z", "container": "prefect-worker", "msg": "2026-08-12 20:00:02 | INFO  | flow.py:data_pull_flow:254 | [auto] persisted {'parquet_rows': 17748, 'parquet_paths': ['/app/data/raw_datasets/leads/2026/08/12-08-2026.parquet']}; watermark now 2026-08-12 19:59:40"}
{"ts": "2026-08-12T20:00:02.708647077Z", "container": "prefect-worker", "msg": "2026-08-12 20:00:02 | INFO  | _client.py:_send_single_request:1025 | HTTP Request: POST http://prefect-server:4200/api/artifacts/ \"HTTP/1.1 201 Created\""}
{"ts": "2026-08-12T20:00:02.800215131Z", "container": "prefect-worker", "msg": "2026-08-12 20:00:02 | INFO  | _client.py:_send_single_request:1740 | HTTP Request: POST http://prefect-server:4200/api/logs/ \"HTTP/1.1 201 Created\""}
{"ts": "2026-08-12T20:00:02.889925891Z", "container": "prefect-worker", "msg": "2026-08-12 20:00:02 | INFO  | _client.py:_send_single_request:1025 | HTTP Request: POST http://prefect-server:4200/api/flow_runs/019ff598-05c9-7a9f-86b1-8650b746ee53/set_state \"HTTP/1.1 201 Created\""}
{"ts": "2026-08-12T20:00:03.450467236Z", "container": "prefect-worker", "msg": "2026-08-12 20:00:03 | INFO  | flow_engine.py:initialize_run:1235 | Finished in state Completed()"}
{"ts": "2026-08-12T20:00:03.458240689Z", "container": "prefect-worker", "msg": "2026-08-12 20:00:03 | INFO  | _client.py:_send_single_request:1740 | HTTP Request: POST http://prefect-server:4200/api/logs/ \"HTTP/1.1 201 Created\""}
{"ts": "2026-08-12T20:00:03.914078724Z", "container": "prefect-worker", "msg": "20:00:03.913 | INFO    | prefect.flow_runs.runner - Process for flow run 'tangible-chowchow' exited cleanly."}
{"ts": "2026-08-12T20:14:54.009773326Z", "container": "prefect-worker", "msg": "20:14:54.009 | INFO    | prefect.flow_runs.worker - Worker 'ProcessWorker 9e49efa9-3aad-4589-82bf-b41ae7dfe57e' submitting flow run '019ff598-05c9-7ae7-82e1-5e02391c9c4a'"}
{"ts": "2026-08-12T20:14:54.152886616Z", "container": "prefect-worker", "msg": "20:14:54.152 | INFO    | prefect.flow_runs.runner - Starting flow run process..."}
{"ts": "2026-08-12T20:14:54.176920122Z", "container": "prefect-worker", "msg": "20:14:54.176 | INFO    | prefect.flow_runs.worker - Flow run 'mystic-skink' submitted to infrastructure"}
{"ts": "2026-08-12T20:14:55.374679295Z", "container": "prefect-worker", "msg": "20:14:55.368 | INFO    | Flow run 'mystic-skink' - Running 1 deployment pull step(s)"}
{"ts": "2026-08-12T20:14:55.395617837Z", "container": "prefect-worker", "msg": "20:14:55.394 | INFO    | Flow run 'mystic-skink' - Executing deployment step: set_working_directory"}
{"ts": "2026-08-12T20:14:55.407647395Z", "container": "prefect-worker", "msg": "20:14:55.406 | INFO    | Flow run 'mystic-skink' - Deployment step 'set_working_directory' completed successfully"}
{"ts": "2026-08-12T20:14:55.421765441Z", "container": "prefect-worker", "msg": "20:14:55.421 | INFO    | Flow run 'mystic-skink' - All deployment steps completed successfully"}
{"ts": "2026-08-12T20:14:55.871979662Z", "container": "prefect-worker", "msg": "2026-08-12 20:14:55 | INFO  | _client.py:_send_single_request:1025 | HTTP Request: GET http://prefect-server:4200/api/admin/version \"HTTP/1.1 200 OK\""}
{"ts": "2026-08-12T20:14:55.875201518Z", "container": "prefect-worker", "msg": "2026-08-12 20:14:55 | INFO  | _client.py:_send_single_request:1025 | HTTP Request: GET http://prefect-server:4200/api/csrf-token?client=46900481-7c05-4aba-a344-d49549c9574a \"HTTP/1.1 422 Unprocessable Entity\""}
{"ts": "2026-08-12T20:14:55.880534951Z", "container": "prefect-worker", "msg": "2026-08-12 20:14:55 | INFO  | _client.py:_send_single_request:1025 | HTTP Request: PATCH http://prefect-server:4200/api/flow_runs/019ff598-05c9-7ae7-82e1-5e02391c9c4a \"HTTP/1.1 204 No Content\""}
{"ts": "2026-08-12T20:14:55.898464358Z", "container": "prefect-worker", "msg": "2026-08-12 20:14:55 | INFO  | _client.py:_send_single_request:1740 | HTTP Request: GET http://prefect-server:4200/api/flow_runs/019ff598-05c9-7ae7-82e1-5e02391c9c4a \"HTTP/1.1 200 OK\""}
{"ts": "2026-08-12T20:14:55.909495349Z", "container": "prefect-worker", "msg": "2026-08-12 20:14:55 | INFO  | _client.py:_send_single_request:1025 | HTTP Request: POST http://prefect-server:4200/api/flow_runs/019ff598-05c9-7ae7-82e1-5e02391c9c4a/set_state \"HTTP/1.1 200 OK\""}
{"ts": "2026-08-12T20:14:57.381613565Z", "container": "prefect-worker", "msg": "2026-08-12 20:14:57 | INFO  | _client.py:_send_single_request:1740 | HTTP Request: GET http://prefect-server:4200/api/csrf-token?client=c0d89c11-9cf2-48e5-8a4f-0591d9e41a91 \"HTTP/1.1 422 Unprocessable Entity\""}
{"ts": "2026-08-12T20:14:57.388290319Z", "container": "prefect-worker", "msg": "2026-08-12 20:14:57 | INFO  | _client.py:_send_single_request:1740 | HTTP Request: POST http://prefect-server:4200/api/logs/ \"HTTP/1.1 201 Created\""}
{"ts": "2026-08-12T20:14:59.926502257Z", "container": "prefect-worker", "msg": "2026-08-12 20:14:59 | INFO  | _client.py:_send_single_request:1025 | HTTP Request: POST http://prefect-server:4200/api/flow_runs/019ff598-05c9-7ae7-82e1-5e02391c9c4a/set_state \"HTTP/1.1 201 Created\""}
{"ts": "2026-08-12T20:14:59.932790068Z", "container": "prefect-worker", "msg": "2026-08-12 20:14:59 | INFO  | _client.py:_send_single_request:1025 | HTTP Request: GET http://prefect-server:4200/api/flow_runs/019ff598-05c9-7ae7-82e1-5e02391c9c4a \"HTTP/1.1 200 OK\""}
{"ts": "2026-08-12T20:14:59.937281825Z", "container": "prefect-worker", "msg": "2026-08-12 20:14:59 | INFO  | _client.py:_send_single_request:1025 | HTTP Request: GET http://prefect-server:4200/api/admin/storage \"HTTP/1.1 200 OK\""}
{"ts": "2026-08-12T20:14:59.940563642Z", "container": "prefect-worker", "msg": "2026-08-12 20:14:59 | INFO  | _client.py:_send_single_request:1025 | HTTP Request: GET http://prefect-server:4200/api/admin/storage \"HTTP/1.1 200 OK\""}
{"ts": "2026-08-12T20:14:59.941050726Z", "container": "prefect-worker", "msg": "2026-08-12 20:14:59 | INFO  | flow_engine.py:setup_run_context:1133 | Beginning flow run 'mystic-skink' for flow 'smarthub-data-pull'"}
{"ts": "2026-08-12T20:14:59.941300518Z", "container": "prefect-worker", "msg": "2026-08-12 20:14:59 | INFO  | flow_engine.py:setup_run_context:1138 | View at http://prefect-server:4200/runs/flow-run/019ff598-05c9-7ae7-82e1-5e02391c9c4a"}
{"ts": "2026-08-12T20:14:59.978261980Z", "container": "prefect-worker", "msg": "2026-08-12 20:14:59 | INFO  | _client.py:_send_single_request:1740 | HTTP Request: GET http://prefect-server:4200/api/flows/c49e248a-be9d-43b9-ad26-cff3b7117b11 \"HTTP/1.1 200 OK\""}
{"ts": "2026-08-12T20:14:59.986466217Z", "container": "prefect-worker", "msg": "2026-08-12 20:14:59 | INFO  | _client.py:_send_single_request:1740 | HTTP Request: GET http://prefect-server:4200/api/work_queues/32c7c4c1-2900-49ee-9a5d-6d3163577ef9 \"HTTP/1.1 200 OK\""}
{"ts": "2026-08-12T20:14:59.988626625Z", "container": "prefect-worker", "msg": "2026-08-12 20:14:59 | INFO  | _client.py:_send_single_request:1025 | HTTP Request: GET http://prefect-server:4200/api/variables/name/smarthub_last_pull_timestamp_home \"HTTP/1.1 200 OK\""}
{"ts": "2026-08-12T20:14:59.990468610Z", "container": "prefect-worker", "msg": "2026-08-12 20:14:59 | INFO  | _client.py:_send_single_request:1740 | HTTP Request: GET http://prefect-server:4200/api/deployments/15dcce44-4b5f-4048-b854-eeba60c3b514 \"HTTP/1.1 200 OK\""}
{"ts": "2026-08-12T20:14:59.992113273Z", "container": "prefect-worker", "msg": "2026-08-12 20:14:59 | INFO  | task_engine.py:log_finished_message:410 | Finished in state Completed()"}
{"ts": "2026-08-12T20:14:59.992546987Z", "container": "prefect-worker", "msg": "2026-08-12 20:14:59 | INFO  | flow.py:data_pull_flow:246 | [home] pulling window 2026-08-12 15:14:13 -> 2026-08-12 20:14:59"}
{"ts": "2026-08-12T20:15:00.008932281Z", "container": "prefect-worker", "msg": "2026-08-12 20:15:00 | INFO  | _client.py:_send_single_request:1025 | HTTP Request: GET http://prefect-server:4200/api/variables/name/smarthub_last_pull_timestamp_home \"HTTP/1.1 200 OK\""}
{"ts": "2026-08-12T20:15:00.013127825Z", "container": "prefect-worker", "msg": "2026-08-12 20:15:00 | INFO  | pull.py:fetch_leads:134 | SSH_TUNNEL=false -- connecting directly to Redshift smart-hub.c9m7m7mw0tl8.us-east-1.redshift.amazonaws.com:5439"}
{"ts": "2026-08-12T20:15:00.028083508Z", "container": "prefect-worker", "msg": "2026-08-12 20:15:00 | INFO  | _client.py:_send_single_request:1740 | HTTP Request: GET http://prefect-server:4200/api/work_pools/smarthub-pool \"HTTP/1.1 200 OK\""}
{"ts": "2026-08-12T20:15:00.216026895Z", "container": "prefect-worker", "msg": "2026-08-12 20:15:00 | INFO  | plugins.py:__init__:37 | setup plugin alembic.autogenerate.schemas"}
{"ts": "2026-08-12T20:15:00.216187356Z", "container": "prefect-worker", "msg": "2026-08-12 20:15:00 | INFO  | plugins.py:__init__:37 | setup plugin alembic.autogenerate.tables"}
{"ts": "2026-08-12T20:15:00.216203817Z", "container": "prefect-worker", "msg": "2026-08-12 20:15:00 | INFO  | plugins.py:__init__:37 | setup plugin alembic.autogenerate.types"}
{"ts": "2026-08-12T20:15:00.216218697Z", "container": "prefect-worker", "msg": "2026-08-12 20:15:00 | INFO  | plugins.py:__init__:37 | setup plugin alembic.autogenerate.constraints"}
{"ts": "2026-08-12T20:15:00.216222097Z", "container": "prefect-worker", "msg": "2026-08-12 20:15:00 | INFO  | plugins.py:__init__:37 | setup plugin alembic.autogenerate.defaults"}
{"ts": "2026-08-12T20:15:00.216225397Z", "container": "prefect-worker", "msg": "2026-08-12 20:15:00 | INFO  | plugins.py:__init__:37 | setup plugin alembic.autogenerate.comments"}
{"ts": "2026-08-12T20:15:00.731039308Z", "container": "prefect-worker", "msg": "2026-08-12 20:15:00 | INFO  | pull.py:fetch_leads:154 | Fetched leads frame with shape (2261, 57)"}
{"ts": "2026-08-12T20:15:00.732184077Z", "container": "prefect-worker", "msg": "2026-08-12 20:15:00 | INFO  | task_engine.py:log_finished_message:410 | Finished in state Completed()"}
{"ts": "2026-08-12T20:15:00.904393726Z", "container": "prefect-worker", "msg": "2026-08-12 20:15:00 | INFO  | validation_report.py:log_summary:165 | data-quality: rows=2,261, status=issues flagged, rule_violation_rows=4,524, cross_field={'current_carrier_when_not_insured': 2019}, high_missing=['accepted', 'accepted_listings', 'annual_revenue', 'erred', 'error_reason_id', 'health_conditions', 'household_income', 'lead_created_at', 'life_coverage_amount', 'life_coverage_type', 'naics_code', 'num_dependents', 'num_employees', 'num_home_claims', 'pnc_bundle', 'rev', 'sic_code', 'won']"}
{"ts": "2026-08-12T20:15:00.920430317Z", "container": "prefect-worker", "msg": "2026-08-12 20:15:00 | INFO  | _client.py:_send_single_request:1025 | HTTP Request: POST http://prefect-server:4200/api/artifacts/ \"HTTP/1.1 201 Created\""}
{"ts": "2026-08-12T20:15:00.923335341Z", "container": "prefect-worker", "msg": "2026-08-12 20:15:00 | INFO  | task_engine.py:log_finished_message:410 | Finished in state Completed()"}
{"ts": "2026-08-12T20:15:01.184353936Z", "container": "prefect-worker", "msg": "2026-08-12 20:15:01 | INFO  | storage.py:append_parquet:470 | Parquet partition 12-08-2026.parquet: +2261 rows"}
{"ts": "2026-08-12T20:15:01.200966472Z", "container": "prefect-worker", "msg": "2026-08-12 20:15:01 | INFO  | task_engine.py:log_finished_message:410 | Finished in state Completed()"}
{"ts": "2026-08-12T20:15:01.229266434Z", "container": "prefect-worker", "msg": "2026-08-12 20:15:01 | INFO  | _client.py:_send_single_request:1025 | HTTP Request: GET http://prefect-server:4200/api/variables/name/smarthub_last_pull_timestamp_home \"HTTP/1.1 200 OK\""}
{"ts": "2026-08-12T20:15:01.241403383Z", "container": "prefect-worker", "msg": "2026-08-12 20:15:01 | INFO  | _client.py:_send_single_request:1025 | HTTP Request: PATCH http://prefect-server:4200/api/variables/name/smarthub_last_pull_timestamp_home \"HTTP/1.1 204 No Content\""}
{"ts": "2026-08-12T20:15:01.244580159Z", "container": "prefect-worker", "msg": "2026-08-12 20:15:01 | INFO  | _client.py:_send_single_request:1025 | HTTP Request: GET http://prefect-server:4200/api/variables/name/smarthub_last_pull_timestamp_home \"HTTP/1.1 200 OK\""}
{"ts": "2026-08-12T20:15:01.245853099Z", "container": "prefect-worker", "msg": "2026-08-12 20:15:01 | INFO  | task_engine.py:log_finished_message:410 | Finished in state Completed()"}
{"ts": "2026-08-12T20:15:01.246165312Z", "container": "prefect-worker", "msg": "2026-08-12 20:15:01 | INFO  | flow.py:data_pull_flow:254 | [home] persisted {'parquet_rows': 2261, 'parquet_paths': ['/app/data/raw_datasets/leads/2026/08/12-08-2026.parquet']}; watermark now 2026-08-12 20:13:59"}
{"ts": "2026-08-12T20:15:01.317770128Z", "container": "prefect-worker", "msg": "2026-08-12 20:15:01 | INFO  | _client.py:_send_single_request:1025 | HTTP Request: POST http://prefect-server:4200/api/artifacts/ \"HTTP/1.1 201 Created\""}
{"ts": "2026-08-12T20:15:01.400625335Z", "container": "prefect-worker", "msg": "2026-08-12 20:15:01 | INFO  | _client.py:_send_single_request:1740 | HTTP Request: POST http://prefect-server:4200/api/logs/ \"HTTP/1.1 201 Created\""}
{"ts": "2026-08-12T20:15:01.454651428Z", "container": "prefect-worker", "msg": "2026-08-12 20:15:01 | INFO  | _client.py:_send_single_request:1025 | HTTP Request: POST http://prefect-server:4200/api/flow_runs/019ff598-05c9-7ae7-82e1-5e02391c9c4a/set_state \"HTTP/1.1 201 Created\""}
{"ts": "2026-08-12T20:15:02.144264829Z", "container": "prefect-worker", "msg": "2026-08-12 20:15:02 | INFO  | flow_engine.py:initialize_run:1235 | Finished in state Completed()"}
{"ts": "2026-08-12T20:15:02.152178823Z", "container": "prefect-worker", "msg": "2026-08-12 20:15:02 | INFO  | _client.py:_send_single_request:1740 | HTTP Request: POST http://prefect-server:4200/api/logs/ \"HTTP/1.1 201 Created\""}
{"ts": "2026-08-12T20:15:02.615351502Z", "container": "prefect-worker", "msg": "20:15:02.614 | INFO    | prefect.flow_runs.runner - Process for flow run 'mystic-skink' exited cleanly."}
{"ts": "2026-08-12T20:29:57.166118741Z", "container": "prefect-worker", "msg": "20:29:57.165 | INFO    | prefect.flow_runs.worker - Worker 'ProcessWorker 9e49efa9-3aad-4589-82bf-b41ae7dfe57e' submitting flow run '019ff598-05e0-7406-bee6-31b69d37428b'"}
{"ts": "2026-08-12T20:29:57.305466639Z", "container": "prefect-worker", "msg": "20:29:57.304 | INFO    | prefect.flow_runs.runner - Starting flow run process..."}
{"ts": "2026-08-12T20:29:57.329715158Z", "container": "prefect-worker", "msg": "20:29:57.329 | INFO    | prefect.flow_runs.worker - Flow run 'purring-ermine' submitted to infrastructure"}
{"ts": "2026-08-12T20:29:58.526404450Z", "container": "prefect-worker", "msg": "20:29:58.520 | INFO    | Flow run 'purring-ermine' - Running 1 deployment pull step(s)"}
{"ts": "2026-08-12T20:29:58.548227119Z", "container": "prefect-worker", "msg": "20:29:58.547 | INFO    | Flow run 'purring-ermine' - Executing deployment step: set_working_directory"}
{"ts": "2026-08-12T20:29:58.559906154Z", "container": "prefect-worker", "msg": "20:29:58.559 | INFO    | Flow run 'purring-ermine' - Deployment step 'set_working_directory' completed successfully"}
{"ts": "2026-08-12T20:29:58.574300532Z", "container": "prefect-worker", "msg": "20:29:58.573 | INFO    | Flow run 'purring-ermine' - All deployment steps completed successfully"}
{"ts": "2026-08-12T20:29:58.657141659Z", "container": "prefect-worker", "msg": "2026-08-12 20:29:58 | INFO  | _client.py:_send_single_request:1025 | HTTP Request: GET http://prefect-server:4200/api/admin/version \"HTTP/1.1 200 OK\""}
{"ts": "2026-08-12T20:29:58.660438546Z", "container": "prefect-worker", "msg": "2026-08-12 20:29:58 | INFO  | _client.py:_send_single_request:1025 | HTTP Request: GET http://prefect-server:4200/api/csrf-token?client=286266ea-f8ee-4b03-938a-dae53be8bbcf \"HTTP/1.1 422 Unprocessable Entity\""}
{"ts": "2026-08-12T20:29:58.665676219Z", "container": "prefect-worker", "msg": "2026-08-12 20:29:58 | INFO  | _client.py:_send_single_request:1025 | HTTP Request: PATCH http://prefect-server:4200/api/flow_runs/019ff598-05e0-7406-bee6-31b69d37428b \"HTTP/1.1 204 No Content\""}
{"ts": "2026-08-12T20:29:58.684634984Z", "container": "prefect-worker", "msg": "2026-08-12 20:29:58 | INFO  | _client.py:_send_single_request:1740 | HTTP Request: GET http://prefect-server:4200/api/flow_runs/019ff598-05e0-7406-bee6-31b69d37428b \"HTTP/1.1 200 OK\""}
{"ts": "2026-08-12T20:29:58.696575251Z", "container": "prefect-worker", "msg": "2026-08-12 20:29:58 | INFO  | _client.py:_send_single_request:1025 | HTTP Request: POST http://prefect-server:4200/api/flow_runs/019ff598-05e0-7406-bee6-31b69d37428b/set_state \"HTTP/1.1 200 OK\""}
{"ts": "2026-08-12T20:29:59.709024788Z", "container": "prefect-worker", "msg": "2026-08-12 20:29:59 | INFO  | _client.py:_send_single_request:1025 | HTTP Request: POST http://prefect-server:4200/api/flow_runs/019ff598-05e0-7406-bee6-31b69d37428b/set_state \"HTTP/1.1 201 Created\""}
{"ts": "2026-08-12T20:29:59.715372520Z", "container": "prefect-worker", "msg": "2026-08-12 20:29:59 | INFO  | _client.py:_send_single_request:1025 | HTTP Request: GET http://prefect-server:4200/api/flow_runs/019ff598-05e0-7406-bee6-31b69d37428b \"HTTP/1.1 200 OK\""}
{"ts": "2026-08-12T20:29:59.719025629Z", "container": "prefect-worker", "msg": "2026-08-12 20:29:59 | INFO  | _client.py:_send_single_request:1025 | HTTP Request: GET http://prefect-server:4200/api/admin/storage \"HTTP/1.1 200 OK\""}
{"ts": "2026-08-12T20:29:59.722086105Z", "container": "prefect-worker", "msg": "2026-08-12 20:29:59 | INFO  | _client.py:_send_single_request:1025 | HTTP Request: GET http://prefect-server:4200/api/admin/storage \"HTTP/1.1 200 OK\""}
{"ts": "2026-08-12T20:29:59.722508178Z", "container": "prefect-worker", "msg": "2026-08-12 20:29:59 | INFO  | flow_engine.py:setup_run_context:1133 | Beginning flow run 'purring-ermine' for flow 'smarthub-build-features'"}
{"ts": "2026-08-12T20:29:59.722795481Z", "container": "prefect-worker", "msg": "2026-08-12 20:29:59 | INFO  | flow_engine.py:setup_run_context:1138 | View at http://prefect-server:4200/runs/flow-run/019ff598-05e0-7406-bee6-31b69d37428b"}
{"ts": "2026-08-12T20:29:59.749415448Z", "container": "prefect-worker", "msg": "2026-08-12 20:29:59 | INFO  | _client.py:_send_single_request:1740 | HTTP Request: GET http://prefect-server:4200/api/flows/ed336d12-897f-42a6-bdf9-d48b8de86b57 \"HTTP/1.1 200 OK\""}
{"ts": "2026-08-12T20:29:59.819124648Z", "container": "prefect-worker", "msg": "2026-08-12 20:29:59 | INFO  | _client.py:_send_single_request:1740 | HTTP Request: GET http://prefect-server:4200/api/work_queues/109a2d50-2dca-4233-a9a5-9ec78fefd79f \"HTTP/1.1 200 OK\""}
{"ts": "2026-08-12T20:29:59.821036814Z", "container": "prefect-worker", "msg": "2026-08-12 20:29:59 | INFO  | _client.py:_send_single_request:1740 | HTTP Request: GET http://prefect-server:4200/api/work_pools/smarthub-pool \"HTTP/1.1 200 OK\""}
{"ts": "2026-08-12T20:29:59.821326966Z", "container": "prefect-worker", "msg": "2026-08-12 20:29:59 | INFO  | _client.py:_send_single_request:1740 | HTTP Request: GET http://prefect-server:4200/api/deployments/8d536def-a82a-4c94-941b-14c2c0468511 \"HTTP/1.1 200 OK\""}
{"ts": "2026-08-12T20:30:00.543708031Z", "container": "prefect-worker", "msg": "2026-08-12 20:30:00 | INFO  | _client.py:_send_single_request:1740 | HTTP Request: GET http://prefect-server:4200/api/csrf-token?client=b2b41e0a-5dea-404b-b993-e26caf6376a1 \"HTTP/1.1 422 Unprocessable Entity\""}
{"ts": "2026-08-12T20:30:00.562280233Z", "container": "prefect-worker", "msg": "2026-08-12 20:30:00 | INFO  | _client.py:_send_single_request:1740 | HTTP Request: POST http://prefect-server:4200/api/logs/ \"HTTP/1.1 201 Created\""}
{"ts": "2026-08-12T20:30:08.227894582Z", "container": "prefect-worker", "msg": "2026-08-12 20:30:08 | INFO  | build.py:run_build_features:266 | [auto] training table 2026-08-12T203007Z: 513937 rows, 40 cols -> /app/data/training_datasets/auto/2026-08-12T203007Z.parquet"}
{"ts": "2026-08-12T20:30:08.343615737Z", "container": "prefect-worker", "msg": "2026-08-12 20:30:08 | INFO  | task_engine.py:log_finished_message:410 | Finished in state Completed()"}
{"ts": "2026-08-12T20:30:08.363547990Z", "container": "prefect-worker", "msg": "2026-08-12 20:30:08 | INFO  | _client.py:_send_single_request:1025 | HTTP Request: POST http://prefect-server:4200/api/artifacts/ \"HTTP/1.1 201 Created\""}
{"ts": "2026-08-12T20:30:08.599726229Z", "container": "prefect-worker", "msg": "2026-08-12 20:30:08 | INFO  | _client.py:_send_single_request:1025 | HTTP Request: POST http://prefect-server:4200/api/flow_runs/019ff598-05e0-7406-bee6-31b69d37428b/set_state \"HTTP/1.1 201 Created\""}
{"ts": "2026-08-12T20:30:08.602746994Z", "container": "prefect-worker", "msg": "2026-08-12 20:30:08 | INFO  | _client.py:_send_single_request:1740 | HTTP Request: POST http://prefect-server:4200/api/logs/ \"HTTP/1.1 201 Created\""}
{"ts": "2026-08-12T20:30:09.377703544Z", "container": "prefect-worker", "msg": "2026-08-12 20:30:09 | INFO  | flow_engine.py:initialize_run:1235 | Finished in state Completed()"}
{"ts": "2026-08-12T20:30:09.384809512Z", "container": "prefect-worker", "msg": "2026-08-12 20:30:09 | INFO  | _client.py:_send_single_request:1740 | HTTP Request: POST http://prefect-server:4200/api/logs/ \"HTTP/1.1 201 Created\""}
{"ts": "2026-08-12T20:30:09.689268459Z", "container": "prefect-worker", "msg": "20:30:09.688 | INFO    | prefect.flow_runs.runner - Process for flow run 'purring-ermine' exited cleanly."}
{"ts": "2026-08-12T20:44:51.975705969Z", "container": "prefect-worker", "msg": "20:44:51.975 | INFO    | prefect.flow_runs.worker - Worker 'ProcessWorker 9e49efa9-3aad-4589-82bf-b41ae7dfe57e' submitting flow run '019ff598-05e0-7ef3-a53a-94ff9c2fbebb'"}
{"ts": "2026-08-12T20:44:52.112051237Z", "container": "prefect-worker", "msg": "20:44:52.111 | INFO    | prefect.flow_runs.runner - Starting flow run process..."}
{"ts": "2026-08-12T20:44:52.135782000Z", "container": "prefect-worker", "msg": "20:44:52.135 | INFO    | prefect.flow_runs.worker - Flow run 'pretty-macaw' submitted to infrastructure"}
{"ts": "2026-08-12T20:44:53.317025417Z", "container": "prefect-worker", "msg": "20:44:53.311 | INFO    | Flow run 'pretty-macaw' - Running 1 deployment pull step(s)"}
{"ts": "2026-08-12T20:44:53.338535322Z", "container": "prefect-worker", "msg": "20:44:53.337 | INFO    | Flow run 'pretty-macaw' - Executing deployment step: set_working_directory"}
{"ts": "2026-08-12T20:44:53.350091396Z", "container": "prefect-worker", "msg": "20:44:53.349 | INFO    | Flow run 'pretty-macaw' - Deployment step 'set_working_directory' completed successfully"}
{"ts": "2026-08-12T20:44:53.364079720Z", "container": "prefect-worker", "msg": "20:44:53.363 | INFO    | Flow run 'pretty-macaw' - All deployment steps completed successfully"}
{"ts": "2026-08-12T20:44:53.445988616Z", "container": "prefect-worker", "msg": "2026-08-12 20:44:53 | INFO  | _client.py:_send_single_request:1025 | HTTP Request: GET http://prefect-server:4200/api/admin/version \"HTTP/1.1 200 OK\""}
{"ts": "2026-08-12T20:44:53.449139502Z", "container": "prefect-worker", "msg": "2026-08-12 20:44:53 | INFO  | _client.py:_send_single_request:1025 | HTTP Request: GET http://prefect-server:4200/api/csrf-token?client=6c692a6c-60de-4b69-80e5-2333040e5b12 \"HTTP/1.1 422 Unprocessable Entity\""}
{"ts": "2026-08-12T20:44:53.454298374Z", "container": "prefect-worker", "msg": "2026-08-12 20:44:53 | INFO  | _client.py:_send_single_request:1025 | HTTP Request: PATCH http://prefect-server:4200/api/flow_runs/019ff598-05e0-7ef3-a53a-94ff9c2fbebb \"HTTP/1.1 204 No Content\""}
{"ts": "2026-08-12T20:44:53.473009846Z", "container": "prefect-worker", "msg": "2026-08-12 20:44:53 | INFO  | _client.py:_send_single_request:1740 | HTTP Request: GET http://prefect-server:4200/api/flow_runs/019ff598-05e0-7ef3-a53a-94ff9c2fbebb \"HTTP/1.1 200 OK\""}
{"ts": "2026-08-12T20:44:53.484562050Z", "container": "prefect-worker", "msg": "2026-08-12 20:44:53 | INFO  | _client.py:_send_single_request:1025 | HTTP Request: POST http://prefect-server:4200/api/flow_runs/019ff598-05e0-7ef3-a53a-94ff9c2fbebb/set_state \"HTTP/1.1 200 OK\""}
{"ts": "2026-08-12T20:44:55.323967459Z", "container": "prefect-worker", "msg": "2026-08-12 20:44:55 | INFO  | _client.py:_send_single_request:1740 | HTTP Request: GET http://prefect-server:4200/api/csrf-token?client=5654e02a-4e7e-43ed-bc96-6ffea0a11767 \"HTTP/1.1 422 Unprocessable Entity\""}
{"ts": "2026-08-12T20:44:55.330047248Z", "container": "prefect-worker", "msg": "2026-08-12 20:44:55 | INFO  | _client.py:_send_single_request:1740 | HTTP Request: POST http://prefect-server:4200/api/logs/ \"HTTP/1.1 201 Created\""}
{"ts": "2026-08-12T20:45:00.500411628Z", "container": "prefect-worker", "msg": "2026-08-12 20:45:00 | INFO  | _client.py:_send_single_request:1025 | HTTP Request: POST http://prefect-server:4200/api/flow_runs/019ff598-05e0-7ef3-a53a-94ff9c2fbebb/set_state \"HTTP/1.1 201 Created\""}
{"ts": "2026-08-12T20:45:00.505960852Z", "container": "prefect-worker", "msg": "2026-08-12 20:45:00 | INFO  | _client.py:_send_single_request:1025 | HTTP Request: GET http://prefect-server:4200/api/flow_runs/019ff598-05e0-7ef3-a53a-94ff9c2fbebb \"HTTP/1.1 200 OK\""}
{"ts": "2026-08-12T20:45:00.510570200Z", "container": "prefect-worker", "msg": "2026-08-12 20:45:00 | INFO  | _client.py:_send_single_request:1025 | HTTP Request: GET http://prefect-server:4200/api/admin/storage \"HTTP/1.1 200 OK\""}
{"ts": "2026-08-12T20:45:00.513562864Z", "container": "prefect-worker", "msg": "2026-08-12 20:45:00 | INFO  | _client.py:_send_single_request:1025 | HTTP Request: GET http://prefect-server:4200/api/admin/storage \"HTTP/1.1 200 OK\""}
{"ts": "2026-08-12T20:45:00.514034688Z", "container": "prefect-worker", "msg": "2026-08-12 20:45:00 | INFO  | flow_engine.py:setup_run_context:1133 | Beginning flow run 'pretty-macaw' for flow 'smarthub-build-features'"}
{"ts": "2026-08-12T20:45:00.514234690Z", "container": "prefect-worker", "msg": "2026-08-12 20:45:00 | INFO  | flow_engine.py:setup_run_context:1138 | View at http://prefect-server:4200/runs/flow-run/019ff598-05e0-7ef3-a53a-94ff9c2fbebb"}
{"ts": "2026-08-12T20:45:00.539945249Z", "container": "prefect-worker", "msg": "2026-08-12 20:45:00 | INFO  | _client.py:_send_single_request:1740 | HTTP Request: GET http://prefect-server:4200/api/flows/ed336d12-897f-42a6-bdf9-d48b8de86b57 \"HTTP/1.1 200 OK\""}
{"ts": "2026-08-12T20:45:00.540311382Z", "container": "prefect-worker", "msg": "2026-08-12 20:45:00 | INFO  | _client.py:_send_single_request:1740 | HTTP Request: GET http://prefect-server:4200/api/work_queues/109a2d50-2dca-4233-a9a5-9ec78fefd79f \"HTTP/1.1 200 OK\""}
{"ts": "2026-08-12T20:45:00.594938505Z", "container": "prefect-worker", "msg": "2026-08-12 20:45:00 | INFO  | _client.py:_send_single_request:1740 | HTTP Request: GET http://prefect-server:4200/api/work_pools/smarthub-pool \"HTTP/1.1 200 OK\""}
{"ts": "2026-08-12T20:45:00.596810440Z", "container": "prefect-worker", "msg": "2026-08-12 20:45:00 | INFO  | _client.py:_send_single_request:1740 | HTTP Request: GET http://prefect-server:4200/api/deployments/8d536def-a82a-4c94-941b-14c2c0468511 \"HTTP/1.1 200 OK\""}
{"ts": "2026-08-12T20:45:01.363583676Z", "container": "prefect-worker", "msg": "2026-08-12 20:45:01 | INFO  | _client.py:_send_single_request:1740 | HTTP Request: POST http://prefect-server:4200/api/logs/ \"HTTP/1.1 201 Created\""}
{"ts": "2026-08-12T20:45:05.047177284Z", "container": "prefect-worker", "msg": "2026-08-12 20:45:05 | INFO  | build.py:run_build_features:266 | [home] training table 2026-08-12T204504Z: 73751 rows, 34 cols -> /app/data/training_datasets/home/2026-08-12T204504Z.parquet"}
{"ts": "2026-08-12T20:45:05.171396472Z", "container": "prefect-worker", "msg": "2026-08-12 20:45:05 | INFO  | task_engine.py:log_finished_message:410 | Finished in state Completed()"}
{"ts": "2026-08-12T20:45:05.190253615Z", "container": "prefect-worker", "msg": "2026-08-12 20:45:05 | INFO  | _client.py:_send_single_request:1025 | HTTP Request: POST http://prefect-server:4200/api/artifacts/ \"HTTP/1.1 201 Created\""}
{"ts": "2026-08-12T20:45:05.313955460Z", "container": "prefect-worker", "msg": "2026-08-12 20:45:05 | INFO  | _client.py:_send_single_request:1025 | HTTP Request: POST http://prefect-server:4200/api/flow_runs/019ff598-05e0-7ef3-a53a-94ff9c2fbebb/set_state \"HTTP/1.1 201 Created\""}
{"ts": "2026-08-12T20:45:05.397560318Z", "container": "prefect-worker", "msg": "2026-08-12 20:45:05 | INFO  | _client.py:_send_single_request:1740 | HTTP Request: POST http://prefect-server:4200/api/logs/ \"HTTP/1.1 201 Created\""}
{"ts": "2026-08-12T20:45:05.572535389Z", "container": "prefect-worker", "msg": "2026-08-12 20:45:05 | INFO  | flow_engine.py:initialize_run:1235 | Finished in state Completed()"}
{"ts": "2026-08-12T20:45:05.580131921Z", "container": "prefect-worker", "msg": "2026-08-12 20:45:05 | INFO  | _client.py:_send_single_request:1740 | HTTP Request: POST http://prefect-server:4200/api/logs/ \"HTTP/1.1 201 Created\""}
{"ts": "2026-08-12T20:45:05.872133591Z", "container": "prefect-worker", "msg": "20:45:05.871 | INFO    | prefect.flow_runs.runner - Process for flow run 'pretty-macaw' exited cleanly."}
{"ts": "2026-08-12T23:59:58.307336649Z", "container": "prefect-worker", "msg": "23:59:58.306 | INFO    | prefect.flow_runs.worker - Worker 'ProcessWorker 9e49efa9-3aad-4589-82bf-b41ae7dfe57e' submitting flow run '019ff5d8-0c98-779d-9db1-fea10e17c4e6'"}
{"ts": "2026-08-12T23:59:58.527659364Z", "container": "prefect-worker", "msg": "23:59:58.527 | INFO    | prefect.flow_runs.runner - Starting flow run process..."}
{"ts": "2026-08-12T23:59:58.551465619Z", "container": "prefect-worker", "msg": "23:59:58.550 | INFO    | prefect.flow_runs.worker - Flow run 'tidy-caribou' submitted to infrastructure"}
{"ts": "2026-08-12T23:59:59.740881509Z", "container": "prefect-worker", "msg": "23:59:59.735 | INFO    | Flow run 'tidy-caribou' - Running 1 deployment pull step(s)"}
{"ts": "2026-08-12T23:59:59.761402527Z", "container": "prefect-worker", "msg": "23:59:59.760 | INFO    | Flow run 'tidy-caribou' - Executing deployment step: set_working_directory"}
{"ts": "2026-08-12T23:59:59.773333455Z", "container": "prefect-worker", "msg": "23:59:59.772 | INFO    | Flow run 'tidy-caribou' - Deployment step 'set_working_directory' completed successfully"}
{"ts": "2026-08-12T23:59:59.787396740Z", "container": "prefect-worker", "msg": "23:59:59.786 | INFO    | Flow run 'tidy-caribou' - All deployment steps completed successfully"}
