{"ts": "2026-08-11T09:41:43.073054758Z", "container": "prefect-worker", "msg": "Received SIGTERM. Sending SIGINT to the process worker (PID 7)..."}
{"ts": "2026-08-11T09:41:43.073163119Z", "container": "prefect-worker", "msg": "Received SIGINT. Sending SIGINT to the process worker (PID 7)..."}
{"ts": "2026-08-11T09:41:43.075909772Z", "container": "prefect-worker", "msg": "Worker 'ProcessWorker ea8a91ab-c44d-4430-80e5-e29619667d7c' stopped!"}
{"ts": "2026-08-11T09:41:43.084919724Z", "container": "prefect-worker", "msg": "09:41:43.083 | WARNING | EventsWorker - Still processing items: 1 items remaining..."}
{"ts": "2026-08-11T09:44:44.453784317Z", "container": "prefect-worker", "msg": "Prefect API is up."}
{"ts": "2026-08-11T09:44:45.908093809Z", "container": "prefect-worker", "msg": "Work pool named 'smarthub-pool' already exists. Use --overwrite to update it."}
{"ts": "2026-08-11T09:44:47.144888874Z", "container": "prefect-worker", "msg": "Work queue with name: 'default' already exists."}
{"ts": "2026-08-11T09:44:48.182896554Z", "container": "prefect-worker", "msg": "Work queue with name: 'features' already exists."}
{"ts": "2026-08-11T09:44:49.247163077Z", "container": "prefect-worker", "msg": "Work queue with name: 'training' already exists."}
{"ts": "2026-08-11T09:44:49.392641601Z", "container": "prefect-worker", "msg": "Registering deployments from prefect.yaml ..."}
{"ts": "2026-08-11T09:44:50.803219009Z", "container": "prefect-worker", "msg": "Deploying all flows with an existing deployment configuration..."}
{"ts": "2026-08-11T09:44:50.803502152Z", "container": "prefect-worker", "msg": "╭──────────────────────────────────────────────────────────────────────────────╮"}
{"ts": "2026-08-11T09:44:50.803520012Z", "container": "prefect-worker", "msg": "│ Deploying data-pull                                                          │"}
{"ts": "2026-08-11T09:44:50.803524022Z", "container": "prefect-worker", "msg": "╰──────────────────────────────────────────────────────────────────────────────╯"}
{"ts": "2026-08-11T09:44:51.523504355Z", "container": "prefect-worker", "msg": "╭──────────────────────────────────────────────────────────────────────────────╮"}
{"ts": "2026-08-11T09:44:51.523532645Z", "container": "prefect-worker", "msg": "│ Deployment 'smarthub-data-pull/data-pull' successfully created with id       │"}
{"ts": "2026-08-11T09:44:51.523536535Z", "container": "prefect-worker", "msg": "│ '15dcce44-4b5f-4048-b854-eeba60c3b514'.                                      │"}
{"ts": "2026-08-11T09:44:51.523539955Z", "container": "prefect-worker", "msg": "╰──────────────────────────────────────────────────────────────────────────────╯"}
{"ts": "2026-08-11T09:44:51.523627356Z", "container": "prefect-worker", "msg": ""}
{"ts": "2026-08-11T09:44:51.523640286Z", "container": "prefect-worker", "msg": "View Deployment in UI: http://prefect-server:4200/deployments/deployment/15dcce44-4b5f-4048-b854-eeba60c3b514"}
{"ts": "2026-08-11T09:44:51.523644386Z", "container": "prefect-worker", "msg": ""}
{"ts": "2026-08-11T09:44:51.530165868Z", "container": "prefect-worker", "msg": ""}
{"ts": "2026-08-11T09:44:51.530180709Z", "container": "prefect-worker", "msg": "To execute flow runs from these deployments, start a worker in a separate "}
{"ts": "2026-08-11T09:44:51.530184659Z", "container": "prefect-worker", "msg": "terminal that pulls work from the 'smarthub-pool' work pool:"}
{"ts": "2026-08-11T09:44:51.530381330Z", "container": "prefect-worker", "msg": ""}
{"ts": "2026-08-11T09:44:51.530386890Z", "container": "prefect-worker", "msg": "        $ prefect worker start --pool 'smarthub-pool'"}
{"ts": "2026-08-11T09:44:51.530506971Z", "container": "prefect-worker", "msg": ""}
{"ts": "2026-08-11T09:44:51.530515421Z", "container": "prefect-worker", "msg": "To schedule a run for this deployment, use the following command:"}
{"ts": "2026-08-11T09:44:51.530661963Z", "container": "prefect-worker", "msg": ""}
{"ts": "2026-08-11T09:44:51.530668893Z", "container": "prefect-worker", "msg": "        $ prefect deployment run 'smarthub-data-pull/data-pull'"}
{"ts": "2026-08-11T09:44:51.530672613Z", "container": "prefect-worker", "msg": ""}
{"ts": "2026-08-11T09:44:51.530834214Z", "container": "prefect-worker", "msg": "╭──────────────────────────────────────────────────────────────────────────────╮"}
{"ts": "2026-08-11T09:44:51.530857264Z", "container": "prefect-worker", "msg": "│ Deploying build-features                                                     │"}
{"ts": "2026-08-11T09:44:51.530861254Z", "container": "prefect-worker", "msg": "╰──────────────────────────────────────────────────────────────────────────────╯"}
{"ts": "2026-08-11T09:44:51.692436938Z", "container": "prefect-worker", "msg": "╭──────────────────────────────────────────────────────────────────────────────╮"}
{"ts": "2026-08-11T09:44:51.692459779Z", "container": "prefect-worker", "msg": "│ Deployment 'smarthub-build-features/build-features' successfully created     │"}
{"ts": "2026-08-11T09:44:51.692463589Z", "container": "prefect-worker", "msg": "│ with id '8d536def-a82a-4c94-941b-14c2c0468511'.                              │"}
{"ts": "2026-08-11T09:44:51.692467069Z", "container": "prefect-worker", "msg": "╰──────────────────────────────────────────────────────────────────────────────╯"}
{"ts": "2026-08-11T09:44:51.692487669Z", "container": "prefect-worker", "msg": ""}
{"ts": "2026-08-11T09:44:51.692502519Z", "container": "prefect-worker", "msg": "View Deployment in UI: http://prefect-server:4200/deployments/deployment/8d536def-a82a-4c94-941b-14c2c0468511"}
{"ts": "2026-08-11T09:44:51.692506469Z", "container": "prefect-worker", "msg": ""}
{"ts": "2026-08-11T09:44:51.696656922Z", "container": "prefect-worker", "msg": ""}
{"ts": "2026-08-11T09:44:51.696671613Z", "container": "prefect-worker", "msg": "To execute flow runs from these deployments, start a worker in a separate "}
{"ts": "2026-08-11T09:44:51.696675343Z", "container": "prefect-worker", "msg": "terminal that pulls work from the 'smarthub-pool' work pool:"}
{"ts": "2026-08-11T09:44:51.696811394Z", "container": "prefect-worker", "msg": ""}
{"ts": "2026-08-11T09:44:51.696822164Z", "container": "prefect-worker", "msg": "        $ prefect worker start --pool 'smarthub-pool'"}
{"ts": "2026-08-11T09:44:51.696921125Z", "container": "prefect-worker", "msg": ""}
{"ts": "2026-08-11T09:44:51.696927605Z", "container": "prefect-worker", "msg": "To schedule a run for this deployment, use the following command:"}
{"ts": "2026-08-11T09:44:51.697075376Z", "container": "prefect-worker", "msg": ""}
{"ts": "2026-08-11T09:44:51.697081496Z", "container": "prefect-worker", "msg": "        $ prefect deployment run 'smarthub-build-features/build-features'"}
{"ts": "2026-08-11T09:44:51.697084766Z", "container": "prefect-worker", "msg": ""}
{"ts": "2026-08-11T09:44:51.697269437Z", "container": "prefect-worker", "msg": "╭──────────────────────────────────────────────────────────────────────────────╮"}
{"ts": "2026-08-11T09:44:51.697277807Z", "container": "prefect-worker", "msg": "│ Deploying train-model                                                        │"}
{"ts": "2026-08-11T09:44:51.697281507Z", "container": "prefect-worker", "msg": "╰──────────────────────────────────────────────────────────────────────────────╯"}
{"ts": "2026-08-11T09:44:53.015613321Z", "container": "prefect-worker", "msg": "╭──────────────────────────────────────────────────────────────────────────────╮"}
{"ts": "2026-08-11T09:44:53.015639121Z", "container": "prefect-worker", "msg": "│ Deployment 'smarthub-train-model/train-model' successfully created with id   │"}
{"ts": "2026-08-11T09:44:53.015651251Z", "container": "prefect-worker", "msg": "│ 'b573ca3b-e1f4-4851-9457-51bb8c3b6547'.                                      │"}
{"ts": "2026-08-11T09:44:53.015657261Z", "container": "prefect-worker", "msg": "╰──────────────────────────────────────────────────────────────────────────────╯"}
{"ts": "2026-08-11T09:44:53.015673601Z", "container": "prefect-worker", "msg": ""}
{"ts": "2026-08-11T09:44:53.015685642Z", "container": "prefect-worker", "msg": "View Deployment in UI: http://prefect-server:4200/deployments/deployment/b573ca3b-e1f4-4851-9457-51bb8c3b6547"}
{"ts": "2026-08-11T09:44:53.015689622Z", "container": "prefect-worker", "msg": ""}
{"ts": "2026-08-11T09:44:53.026133646Z", "container": "prefect-worker", "msg": ""}
{"ts": "2026-08-11T09:44:53.026142806Z", "container": "prefect-worker", "msg": "To execute flow runs from these deployments, start a worker in a separate "}
{"ts": "2026-08-11T09:44:53.026146106Z", "container": "prefect-worker", "msg": "terminal that pulls work from the 'smarthub-pool' work pool:"}
{"ts": "2026-08-11T09:44:53.026291307Z", "container": "prefect-worker", "msg": ""}
{"ts": "2026-08-11T09:44:53.026302938Z", "container": "prefect-worker", "msg": "        $ prefect worker start --pool 'smarthub-pool'"}
{"ts": "2026-08-11T09:44:53.026410378Z", "container": "prefect-worker", "msg": ""}
{"ts": "2026-08-11T09:44:53.026422648Z", "container": "prefect-worker", "msg": "To schedule a run for this deployment, use the following command:"}
{"ts": "2026-08-11T09:44:53.026569450Z", "container": "prefect-worker", "msg": ""}
{"ts": "2026-08-11T09:44:53.026575240Z", "container": "prefect-worker", "msg": "        $ prefect deployment run 'smarthub-train-model/train-model'"}
{"ts": "2026-08-11T09:44:53.026578420Z", "container": "prefect-worker", "msg": ""}
{"ts": "2026-08-11T09:44:53.609865289Z", "container": "prefect-worker", "msg": "Starting worker on pool='smarthub-pool' queues='default features training' ..."}
{"ts": "2026-08-11T09:44:55.002308420Z", "container": "prefect-worker", "msg": "Discovered type 'process' for work pool 'smarthub-pool'."}
{"ts": "2026-08-11T09:44:55.346485439Z", "container": "prefect-worker", "msg": "Worker 'ProcessWorker 6cc2f9c4-6831-4cd1-9e73-205a7747ff87' started!"}
{"ts": "2026-08-11T09:54:47.627771329Z", "container": "prefect-worker", "msg": "09:54:47.625 | INFO    | prefect.flow_runs.worker - Worker 'ProcessWorker 6cc2f9c4-6831-4cd1-9e73-205a7747ff87' submitting flow run 'e4a2e6af-4652-4d00-aee3-66853fa7d3b4'"}
{"ts": "2026-08-11T09:54:47.966710168Z", "container": "prefect-worker", "msg": "09:54:47.966 | INFO    | prefect.flow_runs.runner - Starting flow run process..."}
{"ts": "2026-08-11T09:54:47.993381943Z", "container": "prefect-worker", "msg": "09:54:47.992 | INFO    | prefect.flow_runs.worker - Flow run 'towering-meerkat' submitted to infrastructure"}
{"ts": "2026-08-11T09:54:49.162646842Z", "container": "prefect-worker", "msg": "09:54:49.156 | INFO    | Flow run 'towering-meerkat' - Running 1 deployment pull step(s)"}
{"ts": "2026-08-11T09:54:49.182808795Z", "container": "prefect-worker", "msg": "09:54:49.181 | INFO    | Flow run 'towering-meerkat' - Executing deployment step: set_working_directory"}
{"ts": "2026-08-11T09:54:49.194209067Z", "container": "prefect-worker", "msg": "09:54:49.193 | INFO    | Flow run 'towering-meerkat' - Deployment step 'set_working_directory' completed successfully"}
{"ts": "2026-08-11T09:54:49.207647136Z", "container": "prefect-worker", "msg": "09:54:49.207 | INFO    | Flow run 'towering-meerkat' - All deployment steps completed successfully"}
{"ts": "2026-08-11T09:54:49.699263199Z", "container": "prefect-worker", "msg": "09:54:49.698 | INFO    | Flow run 'towering-meerkat' - Beginning flow run 'towering-meerkat' for flow 'smarthub-data-pull'"}
{"ts": "2026-08-11T09:54:49.699554081Z", "container": "prefect-worker", "msg": "09:54:49.699 | INFO    | Flow run 'towering-meerkat' - View at http://prefect-server:4200/runs/flow-run/e4a2e6af-4652-4d00-aee3-66853fa7d3b4"}
{"ts": "2026-08-11T09:54:49.747454918Z", "container": "prefect-worker", "msg": "09:54:49.746 | INFO    | Task run 'resolve_window-8f9' - Finished in state Completed()"}
{"ts": "2026-08-11T09:54:49.747819811Z", "container": "prefect-worker", "msg": "09:54:49.747 | INFO    | Flow run 'towering-meerkat' - [auto] pulling window 2026-08-11 06:59:29 -> 2026-08-11 09:54:49"}
{"ts": "2026-08-11T09:54:50.454412601Z", "container": "prefect-worker", "msg": "09:54:50.453 | INFO    | Task run 'fetch-365' - Finished in state Completed()"}
{"ts": "2026-08-11T09:54:50.626643063Z", "container": "prefect-worker", "msg": "09:54:50.625 | INFO    | Task run 'validate-leads-08e' - data-quality: rows=1,718, status=issues flagged, rule_violation_rows=3,437, cross_field={'current_carrier_when_not_insured': 1418, 'auto_missing_bid': 192}, high_missing=['accepted', 'accepted_listings', 'annual_revenue', 'erred', 'error_reason_id', 'health_conditions', 'household_income', 'lead_created_at', 'life_coverage_amount', 'life_coverage_type', 'naics_code', 'num_dependents', 'num_employees', 'pnc_bundle', 'rev', 'sic_code', 'won']"}
{"ts": "2026-08-11T09:54:50.647684883Z", "container": "prefect-worker", "msg": "09:54:50.646 | INFO    | Task run 'validate-leads-08e' - Finished in state Completed()"}
{"ts": "2026-08-11T09:54:50.767066938Z", "container": "prefect-worker", "msg": "09:54:50.766 | INFO    | Task run 'persist-997' - Finished in state Completed()"}
{"ts": "2026-08-11T09:54:50.807564815Z", "container": "prefect-worker", "msg": "09:54:50.806 | INFO    | Task run 'update_watermark-ce4' - Finished in state Completed()"}
{"ts": "2026-08-11T09:54:50.808119739Z", "container": "prefect-worker", "msg": "09:54:50.807 | INFO    | Flow run 'towering-meerkat' - [auto] persisted {'parquet_rows': 1718, 'parquet_paths': ['/app/data/raw_datasets/leads/2026/08/11-08-2026.parquet']}; watermark now 2026-08-11 09:54:36"}
{"ts": "2026-08-11T09:54:51.895050663Z", "container": "prefect-worker", "msg": "09:54:51.894 | INFO    | Flow run 'towering-meerkat' - Finished in state Completed()"}
{"ts": "2026-08-11T09:54:52.392928327Z", "container": "prefect-worker", "msg": "09:54:52.392 | INFO    | prefect.flow_runs.runner - Process for flow run 'towering-meerkat' exited cleanly."}
{"ts": "2026-08-11T09:58:58.617376573Z", "container": "prefect-worker", "msg": "09:58:58.616 | INFO    | prefect.flow_runs.worker - Worker 'ProcessWorker 6cc2f9c4-6831-4cd1-9e73-205a7747ff87' submitting flow run '41c874aa-714a-4c88-bda7-d3ab5150bcf7'"}
{"ts": "2026-08-11T09:58:58.739609521Z", "container": "prefect-worker", "msg": "09:58:58.739 | INFO    | prefect.flow_runs.runner - Starting flow run process..."}
{"ts": "2026-08-11T09:58:58.763014389Z", "container": "prefect-worker", "msg": "09:58:58.762 | INFO    | prefect.flow_runs.worker - Flow run 'asparagus-beluga' submitted to infrastructure"}
{"ts": "2026-08-11T09:58:59.966248442Z", "container": "prefect-worker", "msg": "09:58:59.960 | INFO    | Flow run 'asparagus-beluga' - Running 1 deployment pull step(s)"}
{"ts": "2026-08-11T09:58:59.986375283Z", "container": "prefect-worker", "msg": "09:58:59.985 | INFO    | Flow run 'asparagus-beluga' - Executing deployment step: set_working_directory"}
{"ts": "2026-08-11T09:58:59.998029117Z", "container": "prefect-worker", "msg": "09:58:59.997 | INFO    | Flow run 'asparagus-beluga' - Deployment step 'set_working_directory' completed successfully"}
{"ts": "2026-08-11T09:59:00.011642256Z", "container": "prefect-worker", "msg": "09:59:00.011 | INFO    | Flow run 'asparagus-beluga' - All deployment steps completed successfully"}
{"ts": "2026-08-11T09:59:00.203664543Z", "container": "prefect-worker", "msg": "09:59:00.202 | INFO    | Flow run 'asparagus-beluga' - Beginning flow run 'asparagus-beluga' for flow 'smarthub-build-features'"}
{"ts": "2026-08-11T09:59:00.203900155Z", "container": "prefect-worker", "msg": "09:59:00.203 | INFO    | Flow run 'asparagus-beluga' - View at http://prefect-server:4200/runs/flow-run/41c874aa-714a-4c88-bda7-d3ab5150bcf7"}
{"ts": "2026-08-11T09:59:07.208940173Z", "container": "prefect-worker", "msg": "09:59:07.207 | INFO    | Task run 'build-training-table-b7f' - [auto] training table 2026-08-11T095906Z: 507938 rows, 40 cols -> /app/data/training_datasets/auto/2026-08-11T095906Z.parquet"}
{"ts": "2026-08-11T09:59:07.313763316Z", "container": "prefect-worker", "msg": "09:59:07.312 | INFO    | Task run 'build-training-table-b7f' - Finished in state Completed()"}
{"ts": "2026-08-11T09:59:08.549911880Z", "container": "prefect-worker", "msg": "09:59:08.548 | INFO    | Flow run 'asparagus-beluga' - Finished in state Completed()"}
{"ts": "2026-08-11T09:59:08.844865282Z", "container": "prefect-worker", "msg": "09:59:08.844 | INFO    | prefect.flow_runs.runner - Process for flow run 'asparagus-beluga' exited cleanly."}
{"ts": "2026-08-11T09:59:27.404675286Z", "container": "prefect-worker", "msg": "09:59:27.404 | INFO    | prefect.flow_runs.worker - Worker 'ProcessWorker 6cc2f9c4-6831-4cd1-9e73-205a7747ff87' submitting flow run '076e233e-4e00-4c13-aa98-b559ccd61ddf'"}
{"ts": "2026-08-11T09:59:27.527105961Z", "container": "prefect-worker", "msg": "09:59:27.526 | INFO    | prefect.flow_runs.runner - Starting flow run process..."}
{"ts": "2026-08-11T09:59:27.550914473Z", "container": "prefect-worker", "msg": "09:59:27.550 | INFO    | prefect.flow_runs.worker - Flow run 'eta5-yagyu-nebula' submitted to infrastructure"}
{"ts": "2026-08-11T09:59:28.756935408Z", "container": "prefect-worker", "msg": "09:59:28.750 | INFO    | Flow run 'eta5-yagyu-nebula' - Running 1 deployment pull step(s)"}
{"ts": "2026-08-11T09:59:28.778682633Z", "container": "prefect-worker", "msg": "09:59:28.777 | INFO    | Flow run 'eta5-yagyu-nebula' - Executing deployment step: set_working_directory"}
{"ts": "2026-08-11T09:59:28.790088465Z", "container": "prefect-worker", "msg": "09:59:28.789 | INFO    | Flow run 'eta5-yagyu-nebula' - Deployment step 'set_working_directory' completed successfully"}
{"ts": "2026-08-11T09:59:28.803907916Z", "container": "prefect-worker", "msg": "09:59:28.803 | INFO    | Flow run 'eta5-yagyu-nebula' - All deployment steps completed successfully"}
{"ts": "2026-08-11T09:59:30.010242774Z", "container": "prefect-worker", "msg": "09:59:30.009 | INFO    | Flow run 'eta5-yagyu-nebula' - Beginning flow run 'eta5-yagyu-nebula' for flow 'smarthub-train-model'"}
{"ts": "2026-08-11T09:59:30.010530817Z", "container": "prefect-worker", "msg": "09:59:30.010 | INFO    | Flow run 'eta5-yagyu-nebula' - View at http://prefect-server:4200/runs/flow-run/076e233e-4e00-4c13-aa98-b559ccd61ddf"}
{"ts": "2026-08-11T09:59:30.012277111Z", "container": "prefect-worker", "msg": "09:59:30.011 | INFO    | Flow run 'eta5-yagyu-nebula' - STEP 3 train-model starting: lead_type=auto (6), version=latest, mlflow=True"}
{"ts": "2026-08-11T09:59:30.037489564Z", "container": "prefect-worker", "msg": "09:59:30.036 | INFO    | Task run 'train-anton-model-3a2' - Loading training table for lead_type=auto (6)"}
{"ts": "2026-08-11T09:59:33.076998234Z", "container": "prefect-worker", "msg": "09:59:33.075 | INFO    | Task run 'train-anton-model-3a2' - Dataset Prepared"}
{"ts": "2026-08-11T09:59:33.077375357Z", "container": "prefect-worker", "msg": "09:59:33.076 | INFO    | Task run 'train-anton-model-3a2' -   Training rows                         : 507,938"}
{"ts": "2026-08-11T09:59:33.077704280Z", "container": "prefect-worker", "msg": "09:59:33.077 | INFO    | Task run 'train-anton-model-3a2' -   Dropped rows                          : 0"}
{"ts": "2026-08-11T09:59:33.078107723Z", "container": "prefect-worker", "msg": "09:59:33.077 | INFO    | Task run 'train-anton-model-3a2' -   Win rate                              : 0.3595"}
{"ts": "2026-08-11T09:59:33.078535027Z", "container": "prefect-worker", "msg": "09:59:33.078 | INFO    | Task run 'train-anton-model-3a2' -   Feature count                         : 17 numeric, 6 categorical"}
{"ts": "2026-08-11T09:59:33.079042911Z", "container": "prefect-worker", "msg": "09:59:33.078 | INFO    | Task run 'train-anton-model-3a2' -   Missing feature columns               : none"}
{"ts": "2026-08-11T09:59:33.181845641Z", "container": "prefect-worker", "msg": "09:59:33.180 | INFO    | Task run 'train-anton-model-3a2' - Cleaning Data"}
{"ts": "2026-08-11T09:59:33.182046992Z", "container": "prefect-worker", "msg": "09:59:33.181 | INFO    | Task run 'train-anton-model-3a2' -   Dropped zero-variance features        : 5"}
{"ts": "2026-08-11T09:59:33.182433396Z", "container": "prefect-worker", "msg": "09:59:33.182 | INFO    | Task run 'train-anton-model-3a2' -   Zero-variance feature names           : military_affiliation, insured, home_owner, dui, sr22_required"}
{"ts": "2026-08-11T09:59:33.182949610Z", "container": "prefect-worker", "msg": "09:59:33.182 | INFO    | Task run 'train-anton-model-3a2' - Feature columns: ['bid', 'age', 'continuous_coverage_months', 'created_hour', 'created_dayofweek', 'is_workday', 'is_married', 'num_vehicles', 'num_drivers', 'num_auto_violations', 'num_auto_accidents', 'multi_vehicle', 'age_cohort', 'state', 'gender', 'marital_status', 'campaign_id', 'traffic_tier']"}
{"ts": "2026-08-11T09:59:38.279948950Z", "container": "prefect-worker", "msg": "09:59:38.278 | INFO    | Task run 'train-anton-model-3a2' - Dataset Summary"}
{"ts": "2026-08-11T09:59:38.280187492Z", "container": "prefect-worker", "msg": "09:59:38.279 | INFO    | Task run 'train-anton-model-3a2' -   Total rows                            : 507,938"}
{"ts": "2026-08-11T09:59:38.281836316Z", "container": "prefect-worker", "msg": "09:59:38.281 | INFO    | Task run 'train-anton-model-3a2' -   Target win rate                       : 0.3595"}
{"ts": "2026-08-11T09:59:38.282395740Z", "container": "prefect-worker", "msg": "09:59:38.282 | INFO    | Task run 'train-anton-model-3a2' -   Features summarized                   : 18"}
{"ts": "2026-08-11T09:59:38.282692373Z", "container": "prefect-worker", "msg": "09:59:38.282 | INFO    | Task run 'train-anton-model-3a2' -   Features with missing values          : 0"}
{"ts": "2026-08-11T09:59:38.282944025Z", "container": "prefect-worker", "msg": "09:59:38.282 | INFO    | Task run 'train-anton-model-3a2' -   Total missing feature values          : 0"}
{"ts": "2026-08-11T09:59:38.283865842Z", "container": "prefect-worker", "msg": "09:59:38.283 | INFO    | Task run 'train-anton-model-3a2' -   Feature-value count rows saved        : 150"}
{"ts": "2026-08-11T09:59:38.308419140Z", "container": "prefect-worker", "msg": "09:59:38.307 | INFO    | Task run 'train-anton-model-3a2' - Train/Test Split"}
{"ts": "2026-08-11T09:59:38.308619372Z", "container": "prefect-worker", "msg": "09:59:38.308 | INFO    | Task run 'train-anton-model-3a2' -   Train rows                            : 406,350"}
{"ts": "2026-08-11T09:59:38.308907774Z", "container": "prefect-worker", "msg": "09:59:38.308 | INFO    | Task run 'train-anton-model-3a2' -   Test rows                             : 101,588"}
{"ts": "2026-08-11T09:59:38.309150316Z", "container": "prefect-worker", "msg": "09:59:38.308 | INFO    | Task run 'train-anton-model-3a2' -   Split method                          : time"}
{"ts": "2026-08-11T09:59:38.309457229Z", "container": "prefect-worker", "msg": "09:59:38.309 | INFO    | Task run 'train-anton-model-3a2' -   Test fraction                         : 0.20"}
{"ts": "2026-08-11T09:59:38.309663090Z", "container": "prefect-worker", "msg": "09:59:38.309 | INFO    | Task run 'train-anton-model-3a2' - Training Model"}
{"ts": "2026-08-11T09:59:38.309919822Z", "container": "prefect-worker", "msg": "09:59:38.309 | INFO    | Task run 'train-anton-model-3a2' -   Model type                            : lightgbm"}
{"ts": "2026-08-11T09:59:38.310377866Z", "container": "prefect-worker", "msg": "09:59:38.309 | INFO    | Task run 'train-anton-model-3a2' -   Calibration enabled                   : True"}
{"ts": "2026-08-11T09:59:57.573941757Z", "container": "prefect-worker", "msg": "09:59:57.572 | INFO    | Task run 'train-anton-model-3a2' - Evaluating Model"}
{"ts": "2026-08-11T10:00:02.884387283Z", "container": "prefect-worker", "msg": "10:00:02.883 | INFO    | Task run 'train-anton-model-3a2' - Optimizing bids for 101,588 rows in chunks of 500"}
{"ts": "2026-08-11T10:00:11.911857441Z", "container": "prefect-worker", "msg": "10:00:11.910 | INFO    | Task run 'train-anton-model-3a2' - Optimized 5,000 / 101,588 rows"}
{"ts": "2026-08-11T10:00:20.704106590Z", "container": "prefect-worker", "msg": "10:00:20.702 | INFO    | Task run 'train-anton-model-3a2' - Optimized 10,000 / 101,588 rows"}
{"ts": "2026-08-11T10:00:30.012556108Z", "container": "prefect-worker", "msg": "10:00:30.011 | INFO    | Task run 'train-anton-model-3a2' - Optimized 15,000 / 101,588 rows"}
{"ts": "2026-08-11T10:00:39.677942093Z", "container": "prefect-worker", "msg": "10:00:39.675 | INFO    | Task run 'train-anton-model-3a2' - Optimized 20,000 / 101,588 rows"}
{"ts": "2026-08-11T10:00:49.379954811Z", "container": "prefect-worker", "msg": "10:00:49.378 | INFO    | Task run 'train-anton-model-3a2' - Optimized 25,000 / 101,588 rows"}
{"ts": "2026-08-11T10:00:59.057921057Z", "container": "prefect-worker", "msg": "10:00:59.056 | INFO    | Task run 'train-anton-model-3a2' - Optimized 30,000 / 101,588 rows"}
{"ts": "2026-08-11T10:01:08.245930572Z", "container": "prefect-worker", "msg": "10:01:08.244 | INFO    | Task run 'train-anton-model-3a2' - Optimized 35,000 / 101,588 rows"}
{"ts": "2026-08-11T10:01:16.916690867Z", "container": "prefect-worker", "msg": "10:01:16.915 | INFO    | Task run 'train-anton-model-3a2' - Optimized 40,000 / 101,588 rows"}
{"ts": "2026-08-11T10:01:25.316493719Z", "container": "prefect-worker", "msg": "10:01:25.315 | INFO    | Task run 'train-anton-model-3a2' - Optimized 45,000 / 101,588 rows"}
{"ts": "2026-08-11T10:01:33.471423954Z", "container": "prefect-worker", "msg": "10:01:33.470 | INFO    | Task run 'train-anton-model-3a2' - Optimized 50,000 / 101,588 rows"}
{"ts": "2026-08-11T10:01:41.526854990Z", "container": "prefect-worker", "msg": "10:01:41.525 | INFO    | Task run 'train-anton-model-3a2' - Optimized 55,000 / 101,588 rows"}
{"ts": "2026-08-11T10:01:50.097398570Z", "container": "prefect-worker", "msg": "10:01:50.096 | INFO    | Task run 'train-anton-model-3a2' - Optimized 60,000 / 101,588 rows"}
{"ts": "2026-08-11T10:01:58.266295596Z", "container": "prefect-worker", "msg": "10:01:58.265 | INFO    | Task run 'train-anton-model-3a2' - Optimized 65,000 / 101,588 rows"}
{"ts": "2026-08-11T10:02:07.244000804Z", "container": "prefect-worker", "msg": "10:02:07.242 | INFO    | Task run 'train-anton-model-3a2' - Optimized 70,000 / 101,588 rows"}
{"ts": "2026-08-11T10:02:16.830020589Z", "container": "prefect-worker", "msg": "10:02:16.828 | INFO    | Task run 'train-anton-model-3a2' - Optimized 75,000 / 101,588 rows"}
{"ts": "2026-08-11T10:02:26.432980231Z", "container": "prefect-worker", "msg": "10:02:26.431 | INFO    | Task run 'train-anton-model-3a2' - Optimized 80,000 / 101,588 rows"}
{"ts": "2026-08-11T10:02:36.080465631Z", "container": "prefect-worker", "msg": "10:02:36.079 | INFO    | Task run 'train-anton-model-3a2' - Optimized 85,000 / 101,588 rows"}
{"ts": "2026-08-11T10:02:45.500937445Z", "container": "prefect-worker", "msg": "10:02:45.499 | INFO    | Task run 'train-anton-model-3a2' - Optimized 90,000 / 101,588 rows"}
{"ts": "2026-08-11T10:02:54.536403469Z", "container": "prefect-worker", "msg": "10:02:54.535 | INFO    | Task run 'train-anton-model-3a2' - Optimized 95,000 / 101,588 rows"}
{"ts": "2026-08-11T10:03:03.484978131Z", "container": "prefect-worker", "msg": "10:03:03.483 | INFO    | Task run 'train-anton-model-3a2' - Optimized 100,000 / 101,588 rows"}
{"ts": "2026-08-11T10:03:06.589307650Z", "container": "prefect-worker", "msg": "10:03:06.588 | INFO    | Task run 'train-anton-model-3a2' - Optimized 101,588 / 101,588 rows"}
{"ts": "2026-08-11T10:03:06.628407845Z", "container": "prefect-worker", "msg": "10:03:06.627 | INFO    | Task run 'train-anton-model-3a2' - Bid Optimizer Evaluation"}
{"ts": "2026-08-11T10:03:06.628845188Z", "container": "prefect-worker", "msg": "10:03:06.628 | INFO    | Task run 'train-anton-model-3a2' -   Rows evaluated                     : 101,588"}
{"ts": "2026-08-11T10:03:06.629408363Z", "container": "prefect-worker", "msg": "10:03:06.628 | INFO    | Task run 'train-anton-model-3a2' -   Target CM                          : 25.00%"}
{"ts": "2026-08-11T10:03:06.629830666Z", "container": "prefect-worker", "msg": "10:03:06.629 | INFO    | Task run 'train-anton-model-3a2' -   Expected profit, current/recommended: 394237.3799 / 558312.2353"}
{"ts": "2026-08-11T10:03:06.630262610Z", "container": "prefect-worker", "msg": "10:03:06.629 | INFO    | Task run 'train-anton-model-3a2' -   Expected profit lift               : 164074.8553 (41.62%)"}
{"ts": "2026-08-11T10:03:06.630464941Z", "container": "prefect-worker", "msg": "10:03:06.630 | INFO    | Task run 'train-anton-model-3a2' -   Avg predicted win rate, current/reco: 0.3434 / 0.4035"}
{"ts": "2026-08-11T10:03:06.630729213Z", "container": "prefect-worker", "msg": "10:03:06.630 | INFO    | Task run 'train-anton-model-3a2' -   Bid increased/decreased/unchanged  : 47.54% / 51.18% / 1.28%"}
{"ts": "2026-08-11T10:03:06.631240727Z", "container": "prefect-worker", "msg": "10:03:06.630 | INFO    | Task run 'train-anton-model-3a2' -   Avg / median bid change            : 0.2417 / -0.0700"}
{"ts": "2026-08-11T10:03:06.631645841Z", "container": "prefect-worker", "msg": "10:03:06.631 | INFO    | Task run 'train-anton-model-3a2' -   Avg recommended CM if won           : 0.6221"}
{"ts": "2026-08-11T10:03:06.632070744Z", "container": "prefect-worker", "msg": "10:03:06.631 | INFO    | Task run 'train-anton-model-3a2' - Model Evaluation"}
{"ts": "2026-08-11T10:03:06.632338076Z", "container": "prefect-worker", "msg": "10:03:06.632 | INFO    | Task run 'train-anton-model-3a2' -   Rows trained                       : 507,938"}
{"ts": "2026-08-11T10:03:06.632601728Z", "container": "prefect-worker", "msg": "10:03:06.632 | INFO    | Task run 'train-anton-model-3a2' -   Train / test rows                  : 406,350 / 101,588"}
{"ts": "2026-08-11T10:03:06.632983301Z", "container": "prefect-worker", "msg": "10:03:06.632 | INFO    | Task run 'train-anton-model-3a2' -   ROC AUC                            : 0.9234"}
{"ts": "2026-08-11T10:03:06.633234763Z", "container": "prefect-worker", "msg": "10:03:06.632 | INFO    | Task run 'train-anton-model-3a2' -   PR AUC                             : 0.8680"}
{"ts": "2026-08-11T10:03:06.633600626Z", "container": "prefect-worker", "msg": "10:03:06.633 | INFO    | Task run 'train-anton-model-3a2' -   Log loss                           : 0.3218"}
{"ts": "2026-08-11T10:03:06.633904819Z", "container": "prefect-worker", "msg": "10:03:06.633 | INFO    | Task run 'train-anton-model-3a2' -   Brier score                        : 0.1059"}
{"ts": "2026-08-11T10:03:06.634279662Z", "container": "prefect-worker", "msg": "10:03:06.633 | INFO    | Task run 'train-anton-model-3a2' -   Accuracy / precision / recall / F1 / F2: 0.8445 / 0.7845 / 0.7418 / 0.7626 / 0.7500"}
{"ts": "2026-08-11T10:03:06.634718475Z", "container": "prefect-worker", "msg": "10:03:06.634 | INFO    | Task run 'train-anton-model-3a2' -   Calibration error                  : 0.0067"}
{"ts": "2026-08-11T10:03:06.635126398Z", "container": "prefect-worker", "msg": "10:03:06.634 | INFO    | Task run 'train-anton-model-3a2' - Business Metrics"}
{"ts": "2026-08-11T10:03:06.635421761Z", "container": "prefect-worker", "msg": "10:03:06.635 | INFO    | Task run 'train-anton-model-3a2' -   Observed win rate                  : 0.3367"}
{"ts": "2026-08-11T10:03:06.635786794Z", "container": "prefect-worker", "msg": "10:03:06.635 | INFO    | Task run 'train-anton-model-3a2' -   Predicted win rate, current bids   : 0.3434"}
{"ts": "2026-08-11T10:03:06.636251537Z", "container": "prefect-worker", "msg": "10:03:06.635 | INFO    | Task run 'train-anton-model-3a2' -   Predicted win rate, recommended    : 0.4035"}
{"ts": "2026-08-11T10:03:06.636556660Z", "container": "prefect-worker", "msg": "10:03:06.636 | INFO    | Task run 'train-anton-model-3a2' - Saving Reports"}
{"ts": "2026-08-11T10:03:08.089581993Z", "container": "prefect-worker", "msg": "10:03:08.088 | INFO    | Task run 'train-anton-model-3a2' - Lineage: model=lightgbm trained on table version 2026-08-11T095906Z (data 2026-07-21 09:54:39.579357 -> 2026-08-11 09:54:31.837697, 507938 source rows)"}
{"ts": "2026-08-11T10:03:09.548107391Z", "container": "prefect-worker", "msg": "10:03:09.547 | INFO    | Task run 'train-anton-model-3a2' - Saved Training Reports"}
{"ts": "2026-08-11T10:03:09.548578225Z", "container": "prefect-worker", "msg": "10:03:09.547 | INFO    | Task run 'train-anton-model-3a2' -   Report directory                      : /app/data/model_evaluations/auto"}
{"ts": "2026-08-11T10:03:09.549331721Z", "container": "prefect-worker", "msg": "10:03:09.548 | INFO    | Task run 'train-anton-model-3a2' -   Files generated                       : 13"}
{"ts": "2026-08-11T10:03:09.549652643Z", "container": "prefect-worker", "msg": "10:03:09.549 | INFO    | Task run 'train-anton-model-3a2' -     /app/data/model_evaluations/auto/feature_summary.csv"}
{"ts": "2026-08-11T10:03:09.550063937Z", "container": "prefect-worker", "msg": "10:03:09.549 | INFO    | Task run 'train-anton-model-3a2' -     /app/data/model_evaluations/auto/feature_value_counts.csv"}
{"ts": "2026-08-11T10:03:09.550345759Z", "container": "prefect-worker", "msg": "10:03:09.549 | INFO    | Task run 'train-anton-model-3a2' -     /app/data/model_evaluations/auto/roc_curve.png"}
{"ts": "2026-08-11T10:03:09.550613261Z", "container": "prefect-worker", "msg": "10:03:09.550 | INFO    | Task run 'train-anton-model-3a2' -     /app/data/model_evaluations/auto/precision_recall_curve.png"}
{"ts": "2026-08-11T10:03:09.550882103Z", "container": "prefect-worker", "msg": "10:03:09.550 | INFO    | Task run 'train-anton-model-3a2' -     /app/data/model_evaluations/auto/calibration_curve.png"}
{"ts": "2026-08-11T10:03:09.551411188Z", "container": "prefect-worker", "msg": "10:03:09.550 | INFO    | Task run 'train-anton-model-3a2' -     /app/data/model_evaluations/auto/probability_histogram.png"}
{"ts": "2026-08-11T10:03:09.551697900Z", "container": "prefect-worker", "msg": "10:03:09.551 | INFO    | Task run 'train-anton-model-3a2' -     /app/data/model_evaluations/auto/confusion_matrix.png"}
{"ts": "2026-08-11T10:03:09.552006293Z", "container": "prefect-worker", "msg": "10:03:09.551 | INFO    | Task run 'train-anton-model-3a2' -     /app/data/model_evaluations/auto/model_evaluation_summary.json"}
{"ts": "2026-08-11T10:03:09.552337665Z", "container": "prefect-worker", "msg": "10:03:09.551 | INFO    | Task run 'train-anton-model-3a2' -     /app/data/model_evaluations/auto/optimizer_expected_profit_lift.png"}
{"ts": "2026-08-11T10:03:09.552641838Z", "container": "prefect-worker", "msg": "10:03:09.552 | INFO    | Task run 'train-anton-model-3a2' -     /app/data/model_evaluations/auto/recommended_bid_change.png"}
{"ts": "2026-08-11T10:03:09.553099661Z", "container": "prefect-worker", "msg": "10:03:09.552 | INFO    | Task run 'train-anton-model-3a2' -     /app/data/model_evaluations/auto/recommended_cm_distribution.png"}
{"ts": "2026-08-11T10:03:09.553384674Z", "container": "prefect-worker", "msg": "10:03:09.553 | INFO    | Task run 'train-anton-model-3a2' -     /app/data/model_evaluations/auto/current_vs_recommended_win_rate.png"}
{"ts": "2026-08-11T10:03:09.553752437Z", "container": "prefect-worker", "msg": "10:03:09.553 | INFO    | Task run 'train-anton-model-3a2' -     /app/data/model_evaluations/auto/bid_optimizer_test_rows.csv"}
{"ts": "2026-08-11T10:03:15.293483958Z", "container": "prefect-worker", "msg": "10:03:15.292 | INFO    | Task run 'train-anton-model-3a2' - Optimizing bids for 101,588 rows in chunks of 500"}
{"ts": "2026-08-11T10:03:24.459493785Z", "container": "prefect-worker", "msg": "10:03:24.458 | INFO    | Task run 'train-anton-model-3a2' - Optimized 5,000 / 101,588 rows"}
{"ts": "2026-08-11T10:03:33.355144492Z", "container": "prefect-worker", "msg": "10:03:33.353 | INFO    | Task run 'train-anton-model-3a2' - Optimized 10,000 / 101,588 rows"}
{"ts": "2026-08-11T10:03:42.749533747Z", "container": "prefect-worker", "msg": "10:03:42.748 | INFO    | Task run 'train-anton-model-3a2' - Optimized 15,000 / 101,588 rows"}
{"ts": "2026-08-11T10:03:52.551411828Z", "container": "prefect-worker", "msg": "10:03:52.550 | INFO    | Task run 'train-anton-model-3a2' - Optimized 20,000 / 101,588 rows"}
{"ts": "2026-08-11T10:04:02.312687594Z", "container": "prefect-worker", "msg": "10:04:02.311 | INFO    | Task run 'train-anton-model-3a2' - Optimized 25,000 / 101,588 rows"}
{"ts": "2026-08-11T10:04:12.067947104Z", "container": "prefect-worker", "msg": "10:04:12.066 | INFO    | Task run 'train-anton-model-3a2' - Optimized 30,000 / 101,588 rows"}
{"ts": "2026-08-11T10:04:21.356320998Z", "container": "prefect-worker", "msg": "10:04:21.355 | INFO    | Task run 'train-anton-model-3a2' - Optimized 35,000 / 101,588 rows"}
{"ts": "2026-08-11T10:04:30.150935855Z", "container": "prefect-worker", "msg": "10:04:30.149 | INFO    | Task run 'train-anton-model-3a2' - Optimized 40,000 / 101,588 rows"}
{"ts": "2026-08-11T10:04:38.659812999Z", "container": "prefect-worker", "msg": "10:04:38.658 | INFO    | Task run 'train-anton-model-3a2' - Optimized 45,000 / 101,588 rows"}
{"ts": "2026-08-11T10:04:46.884809647Z", "container": "prefect-worker", "msg": "10:04:46.883 | INFO    | Task run 'train-anton-model-3a2' - Optimized 50,000 / 101,588 rows"}
{"ts": "2026-08-11T10:04:55.104585496Z", "container": "prefect-worker", "msg": "10:04:55.103 | INFO    | Task run 'train-anton-model-3a2' - Optimized 55,000 / 101,588 rows"}
{"ts": "2026-08-11T10:05:03.725595406Z", "container": "prefect-worker", "msg": "10:05:03.724 | INFO    | Task run 'train-anton-model-3a2' - Optimized 60,000 / 101,588 rows"}
{"ts": "2026-08-11T10:05:11.924918652Z", "container": "prefect-worker", "msg": "10:05:11.923 | INFO    | Task run 'train-anton-model-3a2' - Optimized 65,000 / 101,588 rows"}
{"ts": "2026-08-11T10:05:21.017902998Z", "container": "prefect-worker", "msg": "10:05:21.016 | INFO    | Task run 'train-anton-model-3a2' - Optimized 70,000 / 101,588 rows"}
{"ts": "2026-08-11T10:05:30.586348662Z", "container": "prefect-worker", "msg": "10:05:30.584 | INFO    | Task run 'train-anton-model-3a2' - Optimized 75,000 / 101,588 rows"}
{"ts": "2026-08-11T10:05:40.271526617Z", "container": "prefect-worker", "msg": "10:05:40.270 | INFO    | Task run 'train-anton-model-3a2' - Optimized 80,000 / 101,588 rows"}
{"ts": "2026-08-11T10:05:50.033063972Z", "container": "prefect-worker", "msg": "10:05:50.031 | INFO    | Task run 'train-anton-model-3a2' - Optimized 85,000 / 101,588 rows"}
{"ts": "2026-08-11T10:05:59.428185943Z", "container": "prefect-worker", "msg": "10:05:59.426 | INFO    | Task run 'train-anton-model-3a2' - Optimized 90,000 / 101,588 rows"}
{"ts": "2026-08-11T10:06:08.616028845Z", "container": "prefect-worker", "msg": "10:06:08.614 | INFO    | Task run 'train-anton-model-3a2' - Optimized 95,000 / 101,588 rows"}
{"ts": "2026-08-11T10:06:17.596390710Z", "container": "prefect-worker", "msg": "10:06:17.595 | INFO    | Task run 'train-anton-model-3a2' - Optimized 100,000 / 101,588 rows"}
{"ts": "2026-08-11T10:06:20.784992045Z", "container": "prefect-worker", "msg": "10:06:20.783 | INFO    | Task run 'train-anton-model-3a2' - Optimized 101,588 / 101,588 rows"}
{"ts": "2026-08-11T10:06:20.823244103Z", "container": "prefect-worker", "msg": "10:06:20.822 | INFO    | Task run 'train-anton-model-3a2' - Currently-serving model (run_20260810T121013Z_b33502e0) re-scored on this test set: log loss=0.3287, PR AUC=0.8627"}
{"ts": "2026-08-11T10:06:20.828875928Z", "container": "prefect-worker", "msg": "10:06:20.828 | INFO    | Task run 'train-anton-model-3a2' - Promotion Evaluation"}
{"ts": "2026-08-11T10:06:20.829241791Z", "container": "prefect-worker", "msg": "10:06:20.828 | INFO    | Task run 'train-anton-model-3a2' -   Mode                                  : automatic"}
{"ts": "2026-08-11T10:06:20.829664824Z", "container": "prefect-worker", "msg": "10:06:20.829 | INFO    | Task run 'train-anton-model-3a2' -   Policy recommendation                 : NOT ELIGIBLE"}
{"ts": "2026-08-11T10:06:20.829917266Z", "container": "prefect-worker", "msg": "10:06:20.829 | INFO    | Task run 'train-anton-model-3a2' -   Reason                                : Challenger expected profit is lower by 10106.82, exceeding the allowed absolute profit-loss tolerance of 5000.00 on the same held-out rows."}
{"ts": "2026-08-11T10:06:20.934316547Z", "container": "prefect-worker", "msg": "10:06:20.933 | INFO    | Task run 'train-anton-model-3a2' - Saved training run run_20260811T100620Z_49b21356 -> /app/data/models/auto/run_20260811T100620Z_49b21356.pkl"}
{"ts": "2026-08-11T10:06:20.934547618Z", "container": "prefect-worker", "msg": "10:06:20.934 | WARNING | Task run 'train-anton-model-3a2' - Training run run_20260811T100620Z_49b21356 is not eligible for automatic promotion; currently-serving model remains unchanged."}
{"ts": "2026-08-11T10:06:22.445970794Z", "container": "prefect-worker", "msg": "2026/08/11 10:06:22 WARNING mlflow.sklearn: Saving scikit-learn models in the pickle or cloudpickle format requires exercising caution because these formats rely on Python's object serialization mechanism, which can execute arbitrary code during deserialization. The recommended safe alternative is the 'skops' format. For more information, see: https://scikit-learn.org/stable/model_persistence.html"}
{"ts": "2026-08-11T10:06:25.880233266Z", "container": "prefect-worker", "msg": "10:06:25.878 | INFO    | Task run 'train-anton-model-3a2' - Logged run 'run_20260811T100620Z_49b21356' to MLflow experiment 'anton_win_probability_auto'"}
{"ts": "2026-08-11T10:06:25.880832911Z", "container": "prefect-worker", "msg": "10:06:25.880 | INFO    | Task run 'train-anton-model-3a2' - Logged run to MLflow experiment 'anton_win_probability'"}
{"ts": "2026-08-11T10:06:25.935188418Z", "container": "prefect-worker", "msg": "10:06:25.934 | INFO    | Task run 'train-anton-model-3a2' - Finished in state Completed()"}
{"ts": "2026-08-11T10:06:25.935541551Z", "container": "prefect-worker", "msg": "10:06:25.934 | INFO    | Flow run 'eta5-yagyu-nebula' - Trained auto model run_20260811T100620Z_49b21356: log loss=0.3218, rows=507938 -> /app/data/models/auto/run_20260811T100620Z_49b21356.pkl (promoted=False)"}
{"ts": "2026-08-11T10:06:26.536564469Z", "container": "prefect-worker", "msg": "10:06:26.535 | INFO    | Flow run 'eta5-yagyu-nebula' - Finished in state Completed()"}
{"ts": "2026-08-11T10:06:27.728334101Z", "container": "prefect-worker", "msg": "10:06:27.727 | INFO    | prefect.flow_runs.runner - Process for flow run 'eta5-yagyu-nebula' exited cleanly."}
{"ts": "2026-08-11T10:44:11.770444704Z", "container": "prefect-worker", "msg": "Received SIGTERM. Sending SIGINT to the process worker (PID 7)..."}
{"ts": "2026-08-11T10:44:11.770471524Z", "container": "prefect-worker", "msg": "Received SIGINT. Sending SIGINT to the process worker (PID 7)..."}
{"ts": "2026-08-11T10:44:11.770475724Z", "container": "prefect-worker", "msg": "Worker 'ProcessWorker 6cc2f9c4-6831-4cd1-9e73-205a7747ff87' stopped!"}
{"ts": "2026-08-11T10:47:14.123890096Z", "container": "prefect-worker", "msg": "Prefect API is up."}
{"ts": "2026-08-11T10:47:15.613869354Z", "container": "prefect-worker", "msg": "Work pool named 'smarthub-pool' already exists. Use --overwrite to update it."}
{"ts": "2026-08-11T10:47:16.798053544Z", "container": "prefect-worker", "msg": "Work queue with name: 'default' already exists."}
{"ts": "2026-08-11T10:47:17.825714445Z", "container": "prefect-worker", "msg": "Work queue with name: 'features' already exists."}
{"ts": "2026-08-11T10:47:18.863187975Z", "container": "prefect-worker", "msg": "Work queue with name: 'training' already exists."}
{"ts": "2026-08-11T10:47:19.008242031Z", "container": "prefect-worker", "msg": "Registering deployments from prefect.yaml ..."}
{"ts": "2026-08-11T10:47:20.452848744Z", "container": "prefect-worker", "msg": "Deploying all flows with an existing deployment configuration..."}
{"ts": "2026-08-11T10:47:20.453095976Z", "container": "prefect-worker", "msg": "╭──────────────────────────────────────────────────────────────────────────────╮"}
{"ts": "2026-08-11T10:47:20.453111587Z", "container": "prefect-worker", "msg": "│ Deploying data-pull                                                          │"}
{"ts": "2026-08-11T10:47:20.453115977Z", "container": "prefect-worker", "msg": "╰──────────────────────────────────────────────────────────────────────────────╯"}
{"ts": "2026-08-11T10:47:21.182051307Z", "container": "prefect-worker", "msg": "╭──────────────────────────────────────────────────────────────────────────────╮"}
{"ts": "2026-08-11T10:47:21.182075367Z", "container": "prefect-worker", "msg": "│ Deployment 'smarthub-data-pull/data-pull' successfully created with id       │"}
{"ts": "2026-08-11T10:47:21.182079187Z", "container": "prefect-worker", "msg": "│ '15dcce44-4b5f-4048-b854-eeba60c3b514'.                                      │"}
{"ts": "2026-08-11T10:47:21.182082377Z", "container": "prefect-worker", "msg": "╰──────────────────────────────────────────────────────────────────────────────╯"}
{"ts": "2026-08-11T10:47:21.182214428Z", "container": "prefect-worker", "msg": ""}
{"ts": "2026-08-11T10:47:21.182227028Z", "container": "prefect-worker", "msg": "View Deployment in UI: http://prefect-server:4200/deployments/deployment/15dcce44-4b5f-4048-b854-eeba60c3b514"}
{"ts": "2026-08-11T10:47:21.182231108Z", "container": "prefect-worker", "msg": ""}
{"ts": "2026-08-11T10:47:21.195040261Z", "container": "prefect-worker", "msg": ""}
{"ts": "2026-08-11T10:47:21.195056561Z", "container": "prefect-worker", "msg": "To execute flow runs from these deployments, start a worker in a separate "}
{"ts": "2026-08-11T10:47:21.195060261Z", "container": "prefect-worker", "msg": "terminal that pulls work from the 'smarthub-pool' work pool:"}
{"ts": "2026-08-11T10:47:21.195253062Z", "container": "prefect-worker", "msg": ""}
{"ts": "2026-08-11T10:47:21.195261572Z", "container": "prefect-worker", "msg": "        $ prefect worker start --pool 'smarthub-pool'"}
{"ts": "2026-08-11T10:47:21.195398553Z", "container": "prefect-worker", "msg": ""}
{"ts": "2026-08-11T10:47:21.195407854Z", "container": "prefect-worker", "msg": "To schedule a run for this deployment, use the following command:"}
{"ts": "2026-08-11T10:47:21.195550465Z", "container": "prefect-worker", "msg": ""}
{"ts": "2026-08-11T10:47:21.195556745Z", "container": "prefect-worker", "msg": "        $ prefect deployment run 'smarthub-data-pull/data-pull'"}
{"ts": "2026-08-11T10:47:21.195559865Z", "container": "prefect-worker", "msg": ""}
{"ts": "2026-08-11T10:47:21.195729756Z", "container": "prefect-worker", "msg": "╭──────────────────────────────────────────────────────────────────────────────╮"}
{"ts": "2026-08-11T10:47:21.195745426Z", "container": "prefect-worker", "msg": "│ Deploying build-features                                                     │"}
{"ts": "2026-08-11T10:47:21.195750076Z", "container": "prefect-worker", "msg": "╰──────────────────────────────────────────────────────────────────────────────╯"}
{"ts": "2026-08-11T10:47:21.366972373Z", "container": "prefect-worker", "msg": "╭──────────────────────────────────────────────────────────────────────────────╮"}
{"ts": "2026-08-11T10:47:21.366996633Z", "container": "prefect-worker", "msg": "│ Deployment 'smarthub-build-features/build-features' successfully created     │"}
{"ts": "2026-08-11T10:47:21.367000483Z", "container": "prefect-worker", "msg": "│ with id '8d536def-a82a-4c94-941b-14c2c0468511'.                              │"}
{"ts": "2026-08-11T10:47:21.367003743Z", "container": "prefect-worker", "msg": "╰──────────────────────────────────────────────────────────────────────────────╯"}
{"ts": "2026-08-11T10:47:21.367017403Z", "container": "prefect-worker", "msg": ""}
{"ts": "2026-08-11T10:47:21.367028433Z", "container": "prefect-worker", "msg": "View Deployment in UI: http://prefect-server:4200/deployments/deployment/8d536def-a82a-4c94-941b-14c2c0468511"}
{"ts": "2026-08-11T10:47:21.367032483Z", "container": "prefect-worker", "msg": ""}
{"ts": "2026-08-11T10:47:21.371311628Z", "container": "prefect-worker", "msg": ""}
{"ts": "2026-08-11T10:47:21.371320958Z", "container": "prefect-worker", "msg": "To execute flow runs from these deployments, start a worker in a separate "}
{"ts": "2026-08-11T10:47:21.371324358Z", "container": "prefect-worker", "msg": "terminal that pulls work from the 'smarthub-pool' work pool:"}
{"ts": "2026-08-11T10:47:21.371477469Z", "container": "prefect-worker", "msg": ""}
{"ts": "2026-08-11T10:47:21.371484309Z", "container": "prefect-worker", "msg": "        $ prefect worker start --pool 'smarthub-pool'"}
{"ts": "2026-08-11T10:47:21.371581510Z", "container": "prefect-worker", "msg": ""}
{"ts": "2026-08-11T10:47:21.371586120Z", "container": "prefect-worker", "msg": "To schedule a run for this deployment, use the following command:"}
{"ts": "2026-08-11T10:47:21.371737781Z", "container": "prefect-worker", "msg": ""}
{"ts": "2026-08-11T10:47:21.371745731Z", "container": "prefect-worker", "msg": "        $ prefect deployment run 'smarthub-build-features/build-features'"}
{"ts": "2026-08-11T10:47:21.371749212Z", "container": "prefect-worker", "msg": ""}
{"ts": "2026-08-11T10:47:21.371951403Z", "container": "prefect-worker", "msg": "╭──────────────────────────────────────────────────────────────────────────────╮"}
{"ts": "2026-08-11T10:47:21.371964673Z", "container": "prefect-worker", "msg": "│ Deploying train-model                                                        │"}
{"ts": "2026-08-11T10:47:21.371968553Z", "container": "prefect-worker", "msg": "╰──────────────────────────────────────────────────────────────────────────────╯"}
{"ts": "2026-08-11T10:47:22.690391922Z", "container": "prefect-worker", "msg": "╭──────────────────────────────────────────────────────────────────────────────╮"}
{"ts": "2026-08-11T10:47:22.690425122Z", "container": "prefect-worker", "msg": "│ Deployment 'smarthub-train-model/train-model' successfully created with id   │"}
{"ts": "2026-08-11T10:47:22.690440422Z", "container": "prefect-worker", "msg": "│ 'b573ca3b-e1f4-4851-9457-51bb8c3b6547'.                                      │"}
{"ts": "2026-08-11T10:47:22.690443972Z", "container": "prefect-worker", "msg": "╰──────────────────────────────────────────────────────────────────────────────╯"}
{"ts": "2026-08-11T10:47:22.690450232Z", "container": "prefect-worker", "msg": ""}
{"ts": "2026-08-11T10:47:22.690453202Z", "container": "prefect-worker", "msg": "View Deployment in UI: http://prefect-server:4200/deployments/deployment/b573ca3b-e1f4-4851-9457-51bb8c3b6547"}
{"ts": "2026-08-11T10:47:22.690456212Z", "container": "prefect-worker", "msg": ""}
{"ts": "2026-08-11T10:47:22.701041607Z", "container": "prefect-worker", "msg": ""}
{"ts": "2026-08-11T10:47:22.701057647Z", "container": "prefect-worker", "msg": "To execute flow runs from these deployments, start a worker in a separate "}
{"ts": "2026-08-11T10:47:22.701061567Z", "container": "prefect-worker", "msg": "terminal that pulls work from the 'smarthub-pool' work pool:"}
{"ts": "2026-08-11T10:47:22.701207089Z", "container": "prefect-worker", "msg": ""}
{"ts": "2026-08-11T10:47:22.701219909Z", "container": "prefect-worker", "msg": "        $ prefect worker start --pool 'smarthub-pool'"}
{"ts": "2026-08-11T10:47:22.701315060Z", "container": "prefect-worker", "msg": ""}
{"ts": "2026-08-11T10:47:22.701321940Z", "container": "prefect-worker", "msg": "To schedule a run for this deployment, use the following command:"}
{"ts": "2026-08-11T10:47:22.701471521Z", "container": "prefect-worker", "msg": ""}
{"ts": "2026-08-11T10:47:22.701479611Z", "container": "prefect-worker", "msg": "        $ prefect deployment run 'smarthub-train-model/train-model'"}
{"ts": "2026-08-11T10:47:22.701483281Z", "container": "prefect-worker", "msg": ""}
{"ts": "2026-08-11T10:47:23.342026600Z", "container": "prefect-worker", "msg": "Starting worker on pool='smarthub-pool' queues='default features training' ..."}
{"ts": "2026-08-11T10:47:24.692474366Z", "container": "prefect-worker", "msg": "Discovered type 'process' for work pool 'smarthub-pool'."}
{"ts": "2026-08-11T10:47:25.040092061Z", "container": "prefect-worker", "msg": "Worker 'ProcessWorker 8e9a2716-a7ea-40f0-b665-b0f563d697cf' started!"}
{"ts": "2026-08-11T10:48:27.816717094Z", "container": "prefect-worker", "msg": "10:48:27.814 | INFO    | prefect.flow_runs.worker - Worker 'ProcessWorker 8e9a2716-a7ea-40f0-b665-b0f563d697cf' submitting flow run '847411bd-fa7c-44f8-a5af-acd7619139ef'"}
{"ts": "2026-08-11T10:48:28.161161701Z", "container": "prefect-worker", "msg": "10:48:28.160 | INFO    | prefect.flow_runs.runner - Starting flow run process..."}
{"ts": "2026-08-11T10:48:28.187013448Z", "container": "prefect-worker", "msg": "10:48:28.186 | INFO    | prefect.flow_runs.worker - Flow run 'auburn-hyrax' submitted to infrastructure"}
{"ts": "2026-08-11T10:48:29.375483213Z", "container": "prefect-worker", "msg": "10:48:29.369 | INFO    | Flow run 'auburn-hyrax' - Running 1 deployment pull step(s)"}
{"ts": "2026-08-11T10:48:29.395771846Z", "container": "prefect-worker", "msg": "10:48:29.394 | INFO    | Flow run 'auburn-hyrax' - Executing deployment step: set_working_directory"}
{"ts": "2026-08-11T10:48:29.407134687Z", "container": "prefect-worker", "msg": "10:48:29.406 | INFO    | Flow run 'auburn-hyrax' - Deployment step 'set_working_directory' completed successfully"}
{"ts": "2026-08-11T10:48:29.420722446Z", "container": "prefect-worker", "msg": "10:48:29.420 | INFO    | Flow run 'auburn-hyrax' - All deployment steps completed successfully"}
{"ts": "2026-08-11T10:48:29.907120702Z", "container": "prefect-worker", "msg": "10:48:29.906 | INFO    | Flow run 'auburn-hyrax' - Beginning flow run 'auburn-hyrax' for flow 'smarthub-data-pull'"}
{"ts": "2026-08-11T10:48:29.907445315Z", "container": "prefect-worker", "msg": "10:48:29.907 | INFO    | Flow run 'auburn-hyrax' - View at http://prefect-server:4200/runs/flow-run/847411bd-fa7c-44f8-a5af-acd7619139ef"}
{"ts": "2026-08-11T10:48:29.958154582Z", "container": "prefect-worker", "msg": "10:48:29.957 | INFO    | Task run 'resolve_window-d03' - Finished in state Completed()"}
{"ts": "2026-08-11T10:48:29.958394864Z", "container": "prefect-worker", "msg": "10:48:29.957 | INFO    | Flow run 'auburn-hyrax' - [auto] pulling window 2026-08-11 08:54:36 -> 2026-08-11 10:48:29"}
{"ts": "2026-08-11T10:48:30.631089267Z", "container": "prefect-worker", "msg": "10:48:30.630 | INFO    | Task run 'fetch-cab' - Finished in state Completed()"}
{"ts": "2026-08-11T10:48:30.789270797Z", "container": "prefect-worker", "msg": "10:48:30.788 | INFO    | Task run 'validate-leads-5b0' - data-quality: rows=1,273, status=issues flagged, rule_violation_rows=2,547, cross_field={'current_carrier_when_not_insured': 1053}, high_missing=['accepted', 'accepted_listings', 'annual_revenue', 'erred', 'error_reason_id', 'health_conditions', 'household_income', 'lead_created_at', 'life_coverage_amount', 'life_coverage_type', 'naics_code', 'num_dependents', 'num_employees', 'pnc_bundle', 'rev', 'sic_code', 'won']"}
{"ts": "2026-08-11T10:48:30.809226937Z", "container": "prefect-worker", "msg": "10:48:30.808 | INFO    | Task run 'validate-leads-5b0' - Finished in state Completed()"}
{"ts": "2026-08-11T10:48:30.932419996Z", "container": "prefect-worker", "msg": "10:48:30.931 | INFO    | Task run 'persist-96f' - Finished in state Completed()"}
{"ts": "2026-08-11T10:48:31.016731843Z", "container": "prefect-worker", "msg": "10:48:31.015 | INFO    | Task run 'update_watermark-98f' - Finished in state Completed()"}
{"ts": "2026-08-11T10:48:31.017026106Z", "container": "prefect-worker", "msg": "10:48:31.016 | INFO    | Flow run 'auburn-hyrax' - [auto] persisted {'parquet_rows': 1273, 'parquet_paths': ['/app/data/raw_datasets/leads/2026/08/11-08-2026.parquet']}; watermark now 2026-08-11 10:48:11"}
{"ts": "2026-08-11T10:48:32.112650074Z", "container": "prefect-worker", "msg": "10:48:32.111 | INFO    | Flow run 'auburn-hyrax' - Finished in state Completed()"}
{"ts": "2026-08-11T10:48:32.594254792Z", "container": "prefect-worker", "msg": "10:48:32.593 | INFO    | prefect.flow_runs.runner - Process for flow run 'auburn-hyrax' exited cleanly."}
{"ts": "2026-08-11T10:51:59.546757042Z", "container": "prefect-worker", "msg": "10:51:59.546 | INFO    | prefect.flow_runs.worker - Worker 'ProcessWorker 8e9a2716-a7ea-40f0-b665-b0f563d697cf' submitting flow run '09b59e20-1517-4ffc-951b-31712e3b1f6f'"}
{"ts": "2026-08-11T10:51:59.672953160Z", "container": "prefect-worker", "msg": "10:51:59.672 | INFO    | prefect.flow_runs.runner - Starting flow run process..."}
{"ts": "2026-08-11T10:51:59.696418369Z", "container": "prefect-worker", "msg": "10:51:59.695 | INFO    | prefect.flow_runs.worker - Flow run 'spiritual-ape' submitted to infrastructure"}
{"ts": "2026-08-11T10:52:00.882075477Z", "container": "prefect-worker", "msg": "10:52:00.876 | INFO    | Flow run 'spiritual-ape' - Running 1 deployment pull step(s)"}
{"ts": "2026-08-11T10:52:00.902546652Z", "container": "prefect-worker", "msg": "10:52:00.901 | INFO    | Flow run 'spiritual-ape' - Executing deployment step: set_working_directory"}
{"ts": "2026-08-11T10:52:00.913929724Z", "container": "prefect-worker", "msg": "10:52:00.913 | INFO    | Flow run 'spiritual-ape' - Deployment step 'set_working_directory' completed successfully"}
{"ts": "2026-08-11T10:52:00.927539564Z", "container": "prefect-worker", "msg": "10:52:00.926 | INFO    | Flow run 'spiritual-ape' - All deployment steps completed successfully"}
{"ts": "2026-08-11T10:52:01.059748111Z", "container": "prefect-worker", "msg": "10:52:01.058 | INFO    | Flow run 'spiritual-ape' - Beginning flow run 'spiritual-ape' for flow 'smarthub-build-features'"}
{"ts": "2026-08-11T10:52:01.060094043Z", "container": "prefect-worker", "msg": "10:52:01.059 | INFO    | Flow run 'spiritual-ape' - View at http://prefect-server:4200/runs/flow-run/09b59e20-1517-4ffc-951b-31712e3b1f6f"}
{"ts": "2026-08-11T10:52:09.471994773Z", "container": "prefect-worker", "msg": "10:52:09.470 | INFO    | Task run 'build-training-table-0c0' - [auto] training table 2026-08-11T105208Z: 464959 rows, 40 cols -> /app/data/training_datasets/auto/2026-08-11T105208Z.parquet"}
{"ts": "2026-08-11T10:52:09.594358831Z", "container": "prefect-worker", "msg": "10:52:09.593 | INFO    | Task run 'build-training-table-0c0' - Finished in state Completed()"}
{"ts": "2026-08-11T10:52:10.396203828Z", "container": "prefect-worker", "msg": "10:52:10.395 | INFO    | Flow run 'spiritual-ape' - Finished in state Completed()"}
{"ts": "2026-08-11T10:52:10.713731403Z", "container": "prefect-worker", "msg": "10:52:10.712 | INFO    | prefect.flow_runs.runner - Process for flow run 'spiritual-ape' exited cleanly."}
{"ts": "2026-08-11T10:53:51.924739986Z", "container": "prefect-worker", "msg": "10:53:51.924 | INFO    | prefect.flow_runs.worker - Worker 'ProcessWorker 8e9a2716-a7ea-40f0-b665-b0f563d697cf' submitting flow run 'f0aad339-72fe-4f12-8aab-f82c33b55ed1'"}
{"ts": "2026-08-11T10:53:52.140500046Z", "container": "prefect-worker", "msg": "10:53:52.139 | INFO    | prefect.flow_runs.runner - Starting flow run process..."}
{"ts": "2026-08-11T10:53:52.165672546Z", "container": "prefect-worker", "msg": "10:53:52.165 | INFO    | prefect.flow_runs.worker - Flow run 'Generic-Walrus' submitted to infrastructure"}
{"ts": "2026-08-11T10:53:53.365252881Z", "container": "prefect-worker", "msg": "10:53:53.359 | INFO    | Flow run 'Generic-Walrus' - Running 1 deployment pull step(s)"}
{"ts": "2026-08-11T10:53:53.385527131Z", "container": "prefect-worker", "msg": "10:53:53.384 | INFO    | Flow run 'Generic-Walrus' - Executing deployment step: set_working_directory"}
{"ts": "2026-08-11T10:53:53.396925476Z", "container": "prefect-worker", "msg": "10:53:53.396 | INFO    | Flow run 'Generic-Walrus' - Deployment step 'set_working_directory' completed successfully"}
{"ts": "2026-08-11T10:53:53.410887482Z", "container": "prefect-worker", "msg": "10:53:53.410 | INFO    | Flow run 'Generic-Walrus' - All deployment steps completed successfully"}
{"ts": "2026-08-11T10:53:54.572024997Z", "container": "prefect-worker", "msg": "10:53:54.571 | INFO    | Flow run 'Generic-Walrus' - Beginning flow run 'Generic-Walrus' for flow 'smarthub-train-model'"}
{"ts": "2026-08-11T10:53:54.572339100Z", "container": "prefect-worker", "msg": "10:53:54.571 | INFO    | Flow run 'Generic-Walrus' - View at http://prefect-server:4200/runs/flow-run/f0aad339-72fe-4f12-8aab-f82c33b55ed1"}
{"ts": "2026-08-11T10:53:54.573931183Z", "container": "prefect-worker", "msg": "10:53:54.573 | INFO    | Flow run 'Generic-Walrus' - STEP 3 train-model starting: lead_type=auto (6), version=latest, mlflow=True"}
{"ts": "2026-08-11T11:09:46.619338634Z", "container": "prefect-worker", "msg": "Received SIGTERM. Sending SIGINT to the process worker (PID 6)..."}
{"ts": "2026-08-11T11:09:46.619365774Z", "container": "prefect-worker", "msg": "Received SIGINT. Sending SIGINT to the process worker (PID 6)..."}
{"ts": "2026-08-11T11:09:46.671095931Z", "container": "prefect-worker", "msg": "Worker 'ProcessWorker 8e9a2716-a7ea-40f0-b665-b0f563d697cf' stopped!"}
{"ts": "2026-08-11T11:09:57.688118625Z", "container": "prefect-worker", "msg": "Waiting for Prefect API at http://prefect-server:4200/api ..."}
{"ts": "2026-08-11T11:09:58.766752760Z", "container": "prefect-worker", "msg": "Prefect API is up."}
{"ts": "2026-08-11T11:10:00.105768479Z", "container": "prefect-worker", "msg": "Work pool named 'smarthub-pool' already exists. Use --overwrite to update it."}
{"ts": "2026-08-11T11:10:01.245783847Z", "container": "prefect-worker", "msg": "Work queue with name: 'default' already exists."}
{"ts": "2026-08-11T11:10:02.282729047Z", "container": "prefect-worker", "msg": "Work queue with name: 'features' already exists."}
{"ts": "2026-08-11T11:10:03.331811884Z", "container": "prefect-worker", "msg": "Work queue with name: 'training' already exists."}
{"ts": "2026-08-11T11:10:03.480560340Z", "container": "prefect-worker", "msg": "Registering deployments from prefect.yaml ..."}
{"ts": "2026-08-11T11:10:04.902021511Z", "container": "prefect-worker", "msg": "Deploying all flows with an existing deployment configuration..."}
{"ts": "2026-08-11T11:10:04.902271213Z", "container": "prefect-worker", "msg": "╭──────────────────────────────────────────────────────────────────────────────╮"}
{"ts": "2026-08-11T11:10:04.902278724Z", "container": "prefect-worker", "msg": "│ Deploying data-pull                                                          │"}
{"ts": "2026-08-11T11:10:04.902282114Z", "container": "prefect-worker", "msg": "╰──────────────────────────────────────────────────────────────────────────────╯"}
{"ts": "2026-08-11T11:10:05.579680061Z", "container": "prefect-worker", "msg": "╭──────────────────────────────────────────────────────────────────────────────╮"}
{"ts": "2026-08-11T11:10:05.579707882Z", "container": "prefect-worker", "msg": "│ Deployment 'smarthub-data-pull/data-pull' successfully created with id       │"}
{"ts": "2026-08-11T11:10:05.579711882Z", "container": "prefect-worker", "msg": "│ '15dcce44-4b5f-4048-b854-eeba60c3b514'.                                      │"}
{"ts": "2026-08-11T11:10:05.579715162Z", "container": "prefect-worker", "msg": "╰──────────────────────────────────────────────────────────────────────────────╯"}
{"ts": "2026-08-11T11:10:05.579832323Z", "container": "prefect-worker", "msg": ""}
{"ts": "2026-08-11T11:10:05.579843683Z", "container": "prefect-worker", "msg": "View Deployment in UI: http://prefect-server:4200/deployments/deployment/15dcce44-4b5f-4048-b854-eeba60c3b514"}
{"ts": "2026-08-11T11:10:05.579847643Z", "container": "prefect-worker", "msg": ""}
{"ts": "2026-08-11T11:10:05.585823341Z", "container": "prefect-worker", "msg": ""}
{"ts": "2026-08-11T11:10:05.585833881Z", "container": "prefect-worker", "msg": "To schedule a run for this deployment, use the following command:"}
{"ts": "2026-08-11T11:10:05.586049603Z", "container": "prefect-worker", "msg": ""}
{"ts": "2026-08-11T11:10:05.586058923Z", "container": "prefect-worker", "msg": "        $ prefect deployment run 'smarthub-data-pull/data-pull'"}
{"ts": "2026-08-11T11:10:05.586062673Z", "container": "prefect-worker", "msg": ""}
{"ts": "2026-08-11T11:10:05.586214274Z", "container": "prefect-worker", "msg": "╭──────────────────────────────────────────────────────────────────────────────╮"}
{"ts": "2026-08-11T11:10:05.586222044Z", "container": "prefect-worker", "msg": "│ Deploying build-features                                                     │"}
{"ts": "2026-08-11T11:10:05.586225444Z", "container": "prefect-worker", "msg": "╰──────────────────────────────────────────────────────────────────────────────╯"}
{"ts": "2026-08-11T11:10:05.753572290Z", "container": "prefect-worker", "msg": "╭──────────────────────────────────────────────────────────────────────────────╮"}
{"ts": "2026-08-11T11:10:05.753596820Z", "container": "prefect-worker", "msg": "│ Deployment 'smarthub-build-features/build-features' successfully created     │"}
{"ts": "2026-08-11T11:10:05.753600620Z", "container": "prefect-worker", "msg": "│ with id '8d536def-a82a-4c94-941b-14c2c0468511'.                              │"}
{"ts": "2026-08-11T11:10:05.753604040Z", "container": "prefect-worker", "msg": "╰──────────────────────────────────────────────────────────────────────────────╯"}
{"ts": "2026-08-11T11:10:05.753650160Z", "container": "prefect-worker", "msg": ""}
{"ts": "2026-08-11T11:10:05.753662490Z", "container": "prefect-worker", "msg": "View Deployment in UI: http://prefect-server:4200/deployments/deployment/8d536def-a82a-4c94-941b-14c2c0468511"}
{"ts": "2026-08-11T11:10:05.753666450Z", "container": "prefect-worker", "msg": ""}
{"ts": "2026-08-11T11:10:05.758019826Z", "container": "prefect-worker", "msg": ""}
{"ts": "2026-08-11T11:10:05.758027896Z", "container": "prefect-worker", "msg": "To schedule a run for this deployment, use the following command:"}
{"ts": "2026-08-11T11:10:05.758194607Z", "container": "prefect-worker", "msg": ""}
{"ts": "2026-08-11T11:10:05.758198937Z", "container": "prefect-worker", "msg": "        $ prefect deployment run 'smarthub-build-features/build-features'"}
{"ts": "2026-08-11T11:10:05.758202057Z", "container": "prefect-worker", "msg": ""}
{"ts": "2026-08-11T11:10:05.758410199Z", "container": "prefect-worker", "msg": "╭──────────────────────────────────────────────────────────────────────────────╮"}
{"ts": "2026-08-11T11:10:05.758414279Z", "container": "prefect-worker", "msg": "│ Deploying train-model                                                        │"}
{"ts": "2026-08-11T11:10:05.758417319Z", "container": "prefect-worker", "msg": "╰──────────────────────────────────────────────────────────────────────────────╯"}
{"ts": "2026-08-11T11:10:07.067631208Z", "container": "prefect-worker", "msg": "╭──────────────────────────────────────────────────────────────────────────────╮"}
{"ts": "2026-08-11T11:10:07.067656868Z", "container": "prefect-worker", "msg": "│ Deployment 'smarthub-train-model/train-model' successfully created with id   │"}
{"ts": "2026-08-11T11:10:07.067661368Z", "container": "prefect-worker", "msg": "│ 'b573ca3b-e1f4-4851-9457-51bb8c3b6547'.                                      │"}
{"ts": "2026-08-11T11:10:07.067664838Z", "container": "prefect-worker", "msg": "╰──────────────────────────────────────────────────────────────────────────────╯"}
{"ts": "2026-08-11T11:10:07.067706128Z", "container": "prefect-worker", "msg": ""}
{"ts": "2026-08-11T11:10:07.067718888Z", "container": "prefect-worker", "msg": "View Deployment in UI: http://prefect-server:4200/deployments/deployment/b573ca3b-e1f4-4851-9457-51bb8c3b6547"}
{"ts": "2026-08-11T11:10:07.067722898Z", "container": "prefect-worker", "msg": ""}
{"ts": "2026-08-11T11:10:07.072428646Z", "container": "prefect-worker", "msg": ""}
{"ts": "2026-08-11T11:10:07.072440506Z", "container": "prefect-worker", "msg": "To schedule a run for this deployment, use the following command:"}
{"ts": "2026-08-11T11:10:07.072633478Z", "container": "prefect-worker", "msg": ""}
{"ts": "2026-08-11T11:10:07.072647748Z", "container": "prefect-worker", "msg": "        $ prefect deployment run 'smarthub-train-model/train-model'"}
{"ts": "2026-08-11T11:10:07.072651718Z", "container": "prefect-worker", "msg": ""}
{"ts": "2026-08-11T11:10:07.720902892Z", "container": "prefect-worker", "msg": "Starting worker on pool='smarthub-pool' queues='default features training' ..."}
{"ts": "2026-08-11T11:10:09.076348622Z", "container": "prefect-worker", "msg": "Discovered type 'process' for work pool 'smarthub-pool'."}
{"ts": "2026-08-11T11:10:09.397750637Z", "container": "prefect-worker", "msg": "Worker 'ProcessWorker 30bb55f3-b499-4e21-8c12-6a5d0110da94' started!"}
{"ts": "2026-08-11T11:13:01.311992062Z", "container": "prefect-worker", "msg": "Received SIGTERM. Sending SIGINT to the process worker (PID 7)..."}
{"ts": "2026-08-11T11:13:01.312107583Z", "container": "prefect-worker", "msg": "Received SIGINT. Sending SIGINT to the process worker (PID 7)..."}
{"ts": "2026-08-11T11:13:01.315671352Z", "container": "prefect-worker", "msg": "Worker 'ProcessWorker 30bb55f3-b499-4e21-8c12-6a5d0110da94' stopped!"}
{"ts": "2026-08-11T11:13:08.879691033Z", "container": "prefect-worker", "msg": "Waiting for Prefect API at http://prefect-server:4200/api ..."}
{"ts": "2026-08-11T11:13:09.934684890Z", "container": "prefect-worker", "msg": "Prefect API is up."}
{"ts": "2026-08-11T11:13:11.304080545Z", "container": "prefect-worker", "msg": "Work pool named 'smarthub-pool' already exists. Use --overwrite to update it."}
{"ts": "2026-08-11T11:13:12.437771924Z", "container": "prefect-worker", "msg": "Work queue with name: 'default' already exists."}
{"ts": "2026-08-11T11:13:13.480890115Z", "container": "prefect-worker", "msg": "Work queue with name: 'features' already exists."}
{"ts": "2026-08-11T11:13:14.518361140Z", "container": "prefect-worker", "msg": "Work queue with name: 'training' already exists."}
{"ts": "2026-08-11T11:13:14.669837909Z", "container": "prefect-worker", "msg": "Registering deployments from prefect.yaml ..."}
{"ts": "2026-08-11T11:13:16.081742616Z", "container": "prefect-worker", "msg": "Deploying all flows with an existing deployment configuration..."}
{"ts": "2026-08-11T11:13:16.082004168Z", "container": "prefect-worker", "msg": "╭──────────────────────────────────────────────────────────────────────────────╮"}
{"ts": "2026-08-11T11:13:16.082019808Z", "container": "prefect-worker", "msg": "│ Deploying data-pull                                                          │"}
{"ts": "2026-08-11T11:13:16.082023998Z", "container": "prefect-worker", "msg": "╰──────────────────────────────────────────────────────────────────────────────╯"}
{"ts": "2026-08-11T11:13:16.773239669Z", "container": "prefect-worker", "msg": "╭──────────────────────────────────────────────────────────────────────────────╮"}
{"ts": "2026-08-11T11:13:16.773267629Z", "container": "prefect-worker", "msg": "│ Deployment 'smarthub-data-pull/data-pull' successfully created with id       │"}
{"ts": "2026-08-11T11:13:16.773271629Z", "container": "prefect-worker", "msg": "│ '15dcce44-4b5f-4048-b854-eeba60c3b514'.                                      │"}
{"ts": "2026-08-11T11:13:16.773275009Z", "container": "prefect-worker", "msg": "╰──────────────────────────────────────────────────────────────────────────────╯"}
{"ts": "2026-08-11T11:13:16.773384580Z", "container": "prefect-worker", "msg": ""}
{"ts": "2026-08-11T11:13:16.773396840Z", "container": "prefect-worker", "msg": "View Deployment in UI: http://prefect-server:4200/deployments/deployment/15dcce44-4b5f-4048-b854-eeba60c3b514"}
{"ts": "2026-08-11T11:13:16.773400990Z", "container": "prefect-worker", "msg": ""}
{"ts": "2026-08-11T11:13:16.779864762Z", "container": "prefect-worker", "msg": ""}
{"ts": "2026-08-11T11:13:16.779877722Z", "container": "prefect-worker", "msg": "To schedule a run for this deployment, use the following command:"}
{"ts": "2026-08-11T11:13:16.780095734Z", "container": "prefect-worker", "msg": ""}
{"ts": "2026-08-11T11:13:16.780102584Z", "container": "prefect-worker", "msg": "        $ prefect deployment run 'smarthub-data-pull/data-pull'"}
{"ts": "2026-08-11T11:13:16.780105944Z", "container": "prefect-worker", "msg": ""}
{"ts": "2026-08-11T11:13:16.780282335Z", "container": "prefect-worker", "msg": "╭──────────────────────────────────────────────────────────────────────────────╮"}
{"ts": "2026-08-11T11:13:16.780291275Z", "container": "prefect-worker", "msg": "│ Deploying build-features                                                     │"}
{"ts": "2026-08-11T11:13:16.780295065Z", "container": "prefect-worker", "msg": "╰──────────────────────────────────────────────────────────────────────────────╯"}
{"ts": "2026-08-11T11:13:16.951683534Z", "container": "prefect-worker", "msg": "╭──────────────────────────────────────────────────────────────────────────────╮"}
{"ts": "2026-08-11T11:13:16.951704934Z", "container": "prefect-worker", "msg": "│ Deployment 'smarthub-build-features/build-features' successfully created     │"}
{"ts": "2026-08-11T11:13:16.951708744Z", "container": "prefect-worker", "msg": "│ with id '8d536def-a82a-4c94-941b-14c2c0468511'.                              │"}
{"ts": "2026-08-11T11:13:16.951712064Z", "container": "prefect-worker", "msg": "╰──────────────────────────────────────────────────────────────────────────────╯"}
{"ts": "2026-08-11T11:13:16.951777605Z", "container": "prefect-worker", "msg": ""}
{"ts": "2026-08-11T11:13:16.951789625Z", "container": "prefect-worker", "msg": "View Deployment in UI: http://prefect-server:4200/deployments/deployment/8d536def-a82a-4c94-941b-14c2c0468511"}
{"ts": "2026-08-11T11:13:16.951799815Z", "container": "prefect-worker", "msg": ""}
{"ts": "2026-08-11T11:13:16.956891266Z", "container": "prefect-worker", "msg": ""}
{"ts": "2026-08-11T11:13:16.956904486Z", "container": "prefect-worker", "msg": "To schedule a run for this deployment, use the following command:"}
{"ts": "2026-08-11T11:13:16.957077447Z", "container": "prefect-worker", "msg": ""}
{"ts": "2026-08-11T11:13:16.957082277Z", "container": "prefect-worker", "msg": "        $ prefect deployment run 'smarthub-build-features/build-features'"}
{"ts": "2026-08-11T11:13:16.957085587Z", "container": "prefect-worker", "msg": ""}
{"ts": "2026-08-11T11:13:16.957304679Z", "container": "prefect-worker", "msg": "╭──────────────────────────────────────────────────────────────────────────────╮"}
{"ts": "2026-08-11T11:13:16.957310899Z", "container": "prefect-worker", "msg": "│ Deploying train-model                                                        │"}
{"ts": "2026-08-11T11:13:16.957314149Z", "container": "prefect-worker", "msg": "╰──────────────────────────────────────────────────────────────────────────────╯"}
{"ts": "2026-08-11T11:13:18.272087405Z", "container": "prefect-worker", "msg": "╭──────────────────────────────────────────────────────────────────────────────╮"}
{"ts": "2026-08-11T11:13:18.272115325Z", "container": "prefect-worker", "msg": "│ Deployment 'smarthub-train-model/train-model' successfully created with id   │"}
{"ts": "2026-08-11T11:13:18.272119205Z", "container": "prefect-worker", "msg": "│ 'b573ca3b-e1f4-4851-9457-51bb8c3b6547'.                                      │"}
{"ts": "2026-08-11T11:13:18.272122536Z", "container": "prefect-worker", "msg": "╰──────────────────────────────────────────────────────────────────────────────╯"}
{"ts": "2026-08-11T11:13:18.272161996Z", "container": "prefect-worker", "msg": ""}
{"ts": "2026-08-11T11:13:18.272172256Z", "container": "prefect-worker", "msg": "View Deployment in UI: http://prefect-server:4200/deployments/deployment/b573ca3b-e1f4-4851-9457-51bb8c3b6547"}
{"ts": "2026-08-11T11:13:18.272176426Z", "container": "prefect-worker", "msg": ""}
{"ts": "2026-08-11T11:13:18.374043245Z", "container": "prefect-worker", "msg": ""}
{"ts": "2026-08-11T11:13:18.374068785Z", "container": "prefect-worker", "msg": "To schedule a run for this deployment, use the following command:"}
{"ts": "2026-08-11T11:13:18.374169016Z", "container": "prefect-worker", "msg": ""}
{"ts": "2026-08-11T11:13:18.374179816Z", "container": "prefect-worker", "msg": "        $ prefect deployment run 'smarthub-train-model/train-model'"}
{"ts": "2026-08-11T11:13:18.374183476Z", "container": "prefect-worker", "msg": ""}
{"ts": "2026-08-11T11:13:18.958635008Z", "container": "prefect-worker", "msg": "Starting worker on pool='smarthub-pool' queues='default features training' ..."}
{"ts": "2026-08-11T11:13:20.353414827Z", "container": "prefect-worker", "msg": "Discovered type 'process' for work pool 'smarthub-pool'."}
{"ts": "2026-08-11T11:13:20.660567248Z", "container": "prefect-worker", "msg": "Worker 'ProcessWorker 3b22da30-7388-409d-851f-1d19eed6325c' started!"}
{"ts": "2026-08-11T11:21:41.738955723Z", "container": "prefect-worker", "msg": "Received SIGTERM. Sending SIGINT to the process worker (PID 7)..."}
{"ts": "2026-08-11T11:21:41.739085224Z", "container": "prefect-worker", "msg": "Received SIGINT. Sending SIGINT to the process worker (PID 7)..."}
{"ts": "2026-08-11T11:21:41.743055566Z", "container": "prefect-worker", "msg": "Worker 'ProcessWorker 3b22da30-7388-409d-851f-1d19eed6325c' stopped!"}
{"ts": "2026-08-11T11:24:44.676379833Z", "container": "prefect-worker", "msg": "Prefect API is up."}
{"ts": "2026-08-11T11:24:46.078241383Z", "container": "prefect-worker", "msg": "Work pool named 'smarthub-pool' already exists. Use --overwrite to update it."}
{"ts": "2026-08-11T11:24:47.263605774Z", "container": "prefect-worker", "msg": "Work queue with name: 'default' already exists."}
{"ts": "2026-08-11T11:24:48.289390506Z", "container": "prefect-worker", "msg": "Work queue with name: 'features' already exists."}
{"ts": "2026-08-11T11:24:49.351622979Z", "container": "prefect-worker", "msg": "Work queue with name: 'training' already exists."}
{"ts": "2026-08-11T11:24:49.496307909Z", "container": "prefect-worker", "msg": "Registering deployments from prefect.yaml ..."}
{"ts": "2026-08-11T11:24:50.914528666Z", "container": "prefect-worker", "msg": "Deploying all flows with an existing deployment configuration..."}
{"ts": "2026-08-11T11:24:50.914773988Z", "container": "prefect-worker", "msg": "╭──────────────────────────────────────────────────────────────────────────────╮"}
{"ts": "2026-08-11T11:24:50.914787598Z", "container": "prefect-worker", "msg": "│ Deploying data-pull                                                          │"}
{"ts": "2026-08-11T11:24:50.914791608Z", "container": "prefect-worker", "msg": "╰──────────────────────────────────────────────────────────────────────────────╯"}
{"ts": "2026-08-11T11:24:51.622445250Z", "container": "prefect-worker", "msg": "╭──────────────────────────────────────────────────────────────────────────────╮"}
{"ts": "2026-08-11T11:24:51.622472591Z", "container": "prefect-worker", "msg": "│ Deployment 'smarthub-data-pull/data-pull' successfully created with id       │"}
{"ts": "2026-08-11T11:24:51.622476541Z", "container": "prefect-worker", "msg": "│ '15dcce44-4b5f-4048-b854-eeba60c3b514'.                                      │"}
{"ts": "2026-08-11T11:24:51.622479841Z", "container": "prefect-worker", "msg": "╰──────────────────────────────────────────────────────────────────────────────╯"}
{"ts": "2026-08-11T11:24:51.622596852Z", "container": "prefect-worker", "msg": ""}
{"ts": "2026-08-11T11:24:51.622613262Z", "container": "prefect-worker", "msg": "View Deployment in UI: http://prefect-server:4200/deployments/deployment/15dcce44-4b5f-4048-b854-eeba60c3b514"}
{"ts": "2026-08-11T11:24:51.622617252Z", "container": "prefect-worker", "msg": ""}
{"ts": "2026-08-11T11:24:51.629164104Z", "container": "prefect-worker", "msg": ""}
{"ts": "2026-08-11T11:24:51.629177704Z", "container": "prefect-worker", "msg": "To execute flow runs from these deployments, start a worker in a separate "}
{"ts": "2026-08-11T11:24:51.629181654Z", "container": "prefect-worker", "msg": "terminal that pulls work from the 'smarthub-pool' work pool:"}
{"ts": "2026-08-11T11:24:51.629372366Z", "container": "prefect-worker", "msg": ""}
{"ts": "2026-08-11T11:24:51.629398026Z", "container": "prefect-worker", "msg": "        $ prefect worker start --pool 'smarthub-pool'"}
{"ts": "2026-08-11T11:24:51.629492387Z", "container": "prefect-worker", "msg": ""}
{"ts": "2026-08-11T11:24:51.629502387Z", "container": "prefect-worker", "msg": "To schedule a run for this deployment, use the following command:"}
{"ts": "2026-08-11T11:24:51.629648188Z", "container": "prefect-worker", "msg": ""}
{"ts": "2026-08-11T11:24:51.629653988Z", "container": "prefect-worker", "msg": "        $ prefect deployment run 'smarthub-data-pull/data-pull'"}
{"ts": "2026-08-11T11:24:51.629657158Z", "container": "prefect-worker", "msg": ""}
{"ts": "2026-08-11T11:24:51.629813279Z", "container": "prefect-worker", "msg": "╭──────────────────────────────────────────────────────────────────────────────╮"}
{"ts": "2026-08-11T11:24:51.629826229Z", "container": "prefect-worker", "msg": "│ Deploying build-features                                                     │"}
{"ts": "2026-08-11T11:24:51.629829770Z", "container": "prefect-worker", "msg": "╰──────────────────────────────────────────────────────────────────────────────╯"}
{"ts": "2026-08-11T11:24:51.804053876Z", "container": "prefect-worker", "msg": "╭──────────────────────────────────────────────────────────────────────────────╮"}
{"ts": "2026-08-11T11:24:51.804078126Z", "container": "prefect-worker", "msg": "│ Deployment 'smarthub-build-features/build-features' successfully created     │"}
{"ts": "2026-08-11T11:24:51.804081976Z", "container": "prefect-worker", "msg": "│ with id '8d536def-a82a-4c94-941b-14c2c0468511'.                              │"}
{"ts": "2026-08-11T11:24:51.804085296Z", "container": "prefect-worker", "msg": "╰──────────────────────────────────────────────────────────────────────────────╯"}
{"ts": "2026-08-11T11:24:51.804144826Z", "container": "prefect-worker", "msg": ""}
{"ts": "2026-08-11T11:24:51.804154926Z", "container": "prefect-worker", "msg": "View Deployment in UI: http://prefect-server:4200/deployments/deployment/8d536def-a82a-4c94-941b-14c2c0468511"}
{"ts": "2026-08-11T11:24:51.804158806Z", "container": "prefect-worker", "msg": ""}
{"ts": "2026-08-11T11:24:51.808577892Z", "container": "prefect-worker", "msg": ""}
{"ts": "2026-08-11T11:24:51.808586672Z", "container": "prefect-worker", "msg": "To execute flow runs from these deployments, start a worker in a separate "}
{"ts": "2026-08-11T11:24:51.808590362Z", "container": "prefect-worker", "msg": "terminal that pulls work from the 'smarthub-pool' work pool:"}
{"ts": "2026-08-11T11:24:51.808742893Z", "container": "prefect-worker", "msg": ""}
{"ts": "2026-08-11T11:24:51.808751323Z", "container": "prefect-worker", "msg": "        $ prefect worker start --pool 'smarthub-pool'"}
{"ts": "2026-08-11T11:24:51.808850994Z", "container": "prefect-worker", "msg": ""}
{"ts": "2026-08-11T11:24:51.808857114Z", "container": "prefect-worker", "msg": "To schedule a run for this deployment, use the following command:"}
{"ts": "2026-08-11T11:24:51.809006915Z", "container": "prefect-worker", "msg": ""}
{"ts": "2026-08-11T11:24:51.809011796Z", "container": "prefect-worker", "msg": "        $ prefect deployment run 'smarthub-build-features/build-features'"}
{"ts": "2026-08-11T11:24:51.809014856Z", "container": "prefect-worker", "msg": ""}
{"ts": "2026-08-11T11:24:51.809218507Z", "container": "prefect-worker", "msg": "╭──────────────────────────────────────────────────────────────────────────────╮"}
{"ts": "2026-08-11T11:24:51.809224717Z", "container": "prefect-worker", "msg": "│ Deploying train-model                                                        │"}
{"ts": "2026-08-11T11:24:51.809228037Z", "container": "prefect-worker", "msg": "╰──────────────────────────────────────────────────────────────────────────────╯"}
{"ts": "2026-08-11T11:24:53.138820694Z", "container": "prefect-worker", "msg": "╭──────────────────────────────────────────────────────────────────────────────╮"}
{"ts": "2026-08-11T11:24:53.138858074Z", "container": "prefect-worker", "msg": "│ Deployment 'smarthub-train-model/train-model' successfully created with id   │"}
{"ts": "2026-08-11T11:24:53.138871184Z", "container": "prefect-worker", "msg": "│ 'f2af7572-283e-43ab-bfa3-0ad7cee08503'.                                      │"}
{"ts": "2026-08-11T11:24:53.138874374Z", "container": "prefect-worker", "msg": "╰──────────────────────────────────────────────────────────────────────────────╯"}
{"ts": "2026-08-11T11:24:53.138879994Z", "container": "prefect-worker", "msg": ""}
{"ts": "2026-08-11T11:24:53.138882814Z", "container": "prefect-worker", "msg": "View Deployment in UI: http://prefect-server:4200/deployments/deployment/f2af7572-283e-43ab-bfa3-0ad7cee08503"}
{"ts": "2026-08-11T11:24:53.138885844Z", "container": "prefect-worker", "msg": ""}
{"ts": "2026-08-11T11:24:53.149159597Z", "container": "prefect-worker", "msg": ""}
{"ts": "2026-08-11T11:24:53.149174997Z", "container": "prefect-worker", "msg": "To execute flow runs from these deployments, start a worker in a separate "}
{"ts": "2026-08-11T11:24:53.149179067Z", "container": "prefect-worker", "msg": "terminal that pulls work from the 'smarthub-pool' work pool:"}
{"ts": "2026-08-11T11:24:53.149321468Z", "container": "prefect-worker", "msg": ""}
{"ts": "2026-08-11T11:24:53.149335258Z", "container": "prefect-worker", "msg": "        $ prefect worker start --pool 'smarthub-pool'"}
{"ts": "2026-08-11T11:24:53.149436789Z", "container": "prefect-worker", "msg": ""}
{"ts": "2026-08-11T11:24:53.149444169Z", "container": "prefect-worker", "msg": "To schedule a run for this deployment, use the following command:"}
{"ts": "2026-08-11T11:24:53.149576400Z", "container": "prefect-worker", "msg": ""}
{"ts": "2026-08-11T11:24:53.149582180Z", "container": "prefect-worker", "msg": "        $ prefect deployment run 'smarthub-train-model/train-model'"}
{"ts": "2026-08-11T11:24:53.149585480Z", "container": "prefect-worker", "msg": ""}
{"ts": "2026-08-11T11:24:53.717513652Z", "container": "prefect-worker", "msg": "Starting worker on pool='smarthub-pool' queues='default features training' ..."}
{"ts": "2026-08-11T11:24:55.075402986Z", "container": "prefect-worker", "msg": "Discovered type 'process' for work pool 'smarthub-pool'."}
{"ts": "2026-08-11T11:24:55.417582839Z", "container": "prefect-worker", "msg": "Worker 'ProcessWorker dce3c2b2-cf09-4835-b131-00ad1abb0ef6' started!"}
{"ts": "2026-08-11T11:27:19.916517587Z", "container": "prefect-worker", "msg": "11:27:19.914 | INFO    | prefect.flow_runs.worker - Worker 'ProcessWorker dce3c2b2-cf09-4835-b131-00ad1abb0ef6' submitting flow run '22e96626-c7e6-49df-9bcb-77cf1cb18cc2'"}
{"ts": "2026-08-11T11:27:20.253261497Z", "container": "prefect-worker", "msg": "11:27:20.252 | INFO    | prefect.flow_runs.runner - Starting flow run process..."}
{"ts": "2026-08-11T11:27:20.280336494Z", "container": "prefect-worker", "msg": "11:27:20.279 | INFO    | prefect.flow_runs.worker - Flow run 'Fantastic-Zonkey' submitted to infrastructure"}
{"ts": "2026-08-11T11:27:21.469211390Z", "container": "prefect-worker", "msg": "11:27:21.463 | INFO    | Flow run 'Fantastic-Zonkey' - Running 1 deployment pull step(s)"}
{"ts": "2026-08-11T11:27:21.489189440Z", "container": "prefect-worker", "msg": "11:27:21.488 | INFO    | Flow run 'Fantastic-Zonkey' - Executing deployment step: set_working_directory"}
{"ts": "2026-08-11T11:27:21.500905785Z", "container": "prefect-worker", "msg": "11:27:21.500 | INFO    | Flow run 'Fantastic-Zonkey' - Deployment step 'set_working_directory' completed successfully"}
{"ts": "2026-08-11T11:27:21.514425993Z", "container": "prefect-worker", "msg": "11:27:21.513 | INFO    | Flow run 'Fantastic-Zonkey' - All deployment steps completed successfully"}
{"ts": "2026-08-11T11:27:22.693677731Z", "container": "prefect-worker", "msg": "11:27:22.692 | INFO    | Flow run 'Fantastic-Zonkey' - Beginning flow run 'Fantastic-Zonkey' for flow 'smarthub-train-model'"}
{"ts": "2026-08-11T11:27:22.694006884Z", "container": "prefect-worker", "msg": "11:27:22.693 | INFO    | Flow run 'Fantastic-Zonkey' - View at http://prefect-server:4200/runs/flow-run/22e96626-c7e6-49df-9bcb-77cf1cb18cc2"}
{"ts": "2026-08-11T11:27:22.695709407Z", "container": "prefect-worker", "msg": "11:27:22.694 | INFO    | Flow run 'Fantastic-Zonkey' - STEP 3 train-model starting: lead_type=auto (6), version=latest, mlflow=True"}
{"ts": "2026-08-11T11:32:39.746486967Z", "container": "prefect-worker", "msg": "2026/08/11 11:32:39 WARNING mlflow.sklearn: Saving scikit-learn models in the pickle or cloudpickle format requires exercising caution because these formats rely on Python's object serialization mechanism, which can execute arbitrary code during deserialization. The recommended safe alternative is the 'skops' format. For more information, see: https://scikit-learn.org/stable/model_persistence.html"}
{"ts": "2026-08-11T11:32:42.970611569Z", "container": "prefect-worker", "msg": "Registered model 'anton-win-probability-model' already exists. Creating a new version of this model..."}
{"ts": "2026-08-11T11:32:42.989574762Z", "container": "prefect-worker", "msg": "2026/08/11 11:32:42 WARNING mlflow.tracking._model_registry.fluent: Run with id 6652de94b6c74b3a84096f4daffa3986 has no artifacts at artifact path 'model', registering model based on models:/m-39b9c5b2c8724531bd7782cf1a0274df instead"}
{"ts": "2026-08-11T11:32:42.998545434Z", "container": "prefect-worker", "msg": "Created version '5' of model 'anton-win-probability-model'."}
{"ts": "2026-08-11T11:32:43.053072333Z", "container": "prefect-worker", "msg": "11:32:43.046 | INFO    | Task run 'train-anton-model-08e' - Finished in state Completed()"}
{"ts": "2026-08-11T11:32:43.053341916Z", "container": "prefect-worker", "msg": "11:32:43.052 | INFO    | Flow run 'Fantastic-Zonkey' - Trained auto model auto_v4: log loss=0.3030, rows=464959 -> /app/data/models/auto/run_20260811T113237Z_21752bbe.pkl (promoted=True)"}
{"ts": "2026-08-11T11:32:43.421460081Z", "container": "prefect-worker", "msg": "11:32:43.418 | ERROR   | Flow run 'Fantastic-Zonkey' - Encountered exception during execution: AttributeError(\"module 'smarthub.feature_engineering.features' has no attribute 'mandatory_features'\")"}
{"ts": "2026-08-11T11:32:43.421484281Z", "container": "prefect-worker", "msg": "Traceback (most recent call last):"}
{"ts": "2026-08-11T11:32:43.421488041Z", "container": "prefect-worker", "msg": "  File \"/usr/local/lib/python3.12/site-packages/prefect/flow_engine.py\", line 1277, in run_context"}
{"ts": "2026-08-11T11:32:43.421491511Z", "container": "prefect-worker", "msg": "    yield self"}
{"ts": "2026-08-11T11:32:43.421494521Z", "container": "prefect-worker", "msg": "  File \"/usr/local/lib/python3.12/site-packages/prefect/flow_engine.py\", line 2030, in run_flow_sync"}
{"ts": "2026-08-11T11:32:43.421497721Z", "container": "prefect-worker", "msg": "    engine.call_flow_fn()"}
{"ts": "2026-08-11T11:32:43.421500641Z", "container": "prefect-worker", "msg": "  File \"/usr/local/lib/python3.12/site-packages/prefect/flow_engine.py\", line 1297, in call_flow_fn"}
{"ts": "2026-08-11T11:32:43.421503831Z", "container": "prefect-worker", "msg": "    result = call_with_parameters(self.flow.fn, self.parameters)"}
{"ts": "2026-08-11T11:32:43.421506821Z", "container": "prefect-worker", "msg": "             ^^^^^^^^^^^^^^^^^^^^^^^^^^^^^^^^^^^^^^^^^^^^^^^^^^^"}
{"ts": "2026-08-11T11:32:43.421509741Z", "container": "prefect-worker", "msg": "  File \"/usr/local/lib/python3.12/site-packages/prefect/utilities/callables/__init__.py\", line 348, in call_with_parameters"}
{"ts": "2026-08-11T11:32:43.421512761Z", "container": "prefect-worker", "msg": "    return fn(*args, **kwargs)"}
{"ts": "2026-08-11T11:32:43.421515671Z", "container": "prefect-worker", "msg": "           ^^^^^^^^^^^^^^^^^^^"}
{"ts": "2026-08-11T11:32:43.421518551Z", "container": "prefect-worker", "msg": "  File \"/app/src/smarthub/train_and_predict/flow.py\", line 121, in train_flow"}
{"ts": "2026-08-11T11:32:43.421521561Z", "container": "prefect-worker", "msg": "    _report(lead_type_name, lead_type_id, result, m, opt)"}
{"ts": "2026-08-11T11:32:43.421524501Z", "container": "prefect-worker", "msg": "  File \"/app/src/smarthub/train_and_predict/flow.py\", line 165, in _report"}
{"ts": "2026-08-11T11:32:43.421527471Z", "container": "prefect-worker", "msg": "    fb = _feature_breakdown(lead_type_id, result.get(\"feature_cols\"))"}
{"ts": "2026-08-11T11:32:43.421530482Z", "container": "prefect-worker", "msg": "         ^^^^^^^^^^^^^^^^^^^^^^^^^^^^^^^^^^^^^^^^^^^^^^^^^^^^^^^^^^^^"}
{"ts": "2026-08-11T11:32:43.421533422Z", "container": "prefect-worker", "msg": "  File \"/app/src/smarthub/train_and_predict/flow.py\", line 35, in _feature_breakdown"}
{"ts": "2026-08-11T11:32:43.421545692Z", "container": "prefect-worker", "msg": "    mandatory = fe.mandatory_features(lead_type_id)"}
{"ts": "2026-08-11T11:32:43.421548732Z", "container": "prefect-worker", "msg": "                ^^^^^^^^^^^^^^^^^^^^^"}
{"ts": "2026-08-11T11:32:43.421551622Z", "container": "prefect-worker", "msg": "AttributeError: module 'smarthub.feature_engineering.features' has no attribute 'mandatory_features'"}
{"ts": "2026-08-11T11:32:43.466940407Z", "container": "prefect-worker", "msg": "11:32:43.466 | INFO    | Flow run 'Fantastic-Zonkey' - Running hook 'flow_failure_hook' in response to entering state 'Failed'"}
{"ts": "2026-08-11T11:32:43.547948850Z", "container": "prefect-worker", "msg": "11:32:43.546 | INFO    | Flow run 'Fantastic-Zonkey' - Hook 'flow_failure_hook' finished running successfully"}
{"ts": "2026-08-11T11:32:43.630080871Z", "container": "prefect-worker", "msg": "11:32:43.629 | INFO    | Flow run 'Fantastic-Zonkey' - Finished in state Failed(\"Flow run encountered an exception: AttributeError: module 'smarthub.feature_engineering.features' has no attribute 'mandatory_features'\")"}
{"ts": "2026-08-11T11:32:43.632192828Z", "container": "prefect-worker", "msg": "11:32:43.630 | ERROR   | Flow run 'Fantastic-Zonkey' - Engine execution exited with unexpected exception"}
{"ts": "2026-08-11T11:32:43.632208949Z", "container": "prefect-worker", "msg": "Traceback (most recent call last):"}
{"ts": "2026-08-11T11:32:43.632212739Z", "container": "prefect-worker", "msg": "  File \"/usr/local/lib/python3.12/site-packages/prefect/flow_engine.py\", line 2187, in run_flow"}
{"ts": "2026-08-11T11:32:43.632216169Z", "container": "prefect-worker", "msg": "    ret_val = run_flow_sync(**kwargs)"}
{"ts": "2026-08-11T11:32:43.632219129Z", "container": "prefect-worker", "msg": "              ^^^^^^^^^^^^^^^^^^^^^^^"}
{"ts": "2026-08-11T11:32:43.632222039Z", "container": "prefect-worker", "msg": "  File \"/usr/local/lib/python3.12/site-packages/prefect/flow_engine.py\", line 2032, in run_flow_sync"}
{"ts": "2026-08-11T11:32:43.632225149Z", "container": "prefect-worker", "msg": "    return engine.state if return_type == \"state\" else engine.result()"}
{"ts": "2026-08-11T11:32:43.632228109Z", "container": "prefect-worker", "msg": "                                                       ^^^^^^^^^^^^^^^"}
{"ts": "2026-08-11T11:32:43.632234389Z", "container": "prefect-worker", "msg": "  File \"/usr/local/lib/python3.12/site-packages/prefect/flow_engine.py\", line 759, in result"}
{"ts": "2026-08-11T11:32:43.632237559Z", "container": "prefect-worker", "msg": "    raise self._raised"}
{"ts": "2026-08-11T11:32:43.632240679Z", "container": "prefect-worker", "msg": "  File \"/usr/local/lib/python3.12/site-packages/prefect/flow_engine.py\", line 1277, in run_context"}
{"ts": "2026-08-11T11:32:43.632243769Z", "container": "prefect-worker", "msg": "    yield self"}
{"ts": "2026-08-11T11:32:43.632246749Z", "container": "prefect-worker", "msg": "  File \"/usr/local/lib/python3.12/site-packages/prefect/flow_engine.py\", line 2030, in run_flow_sync"}
{"ts": "2026-08-11T11:32:43.632249869Z", "container": "prefect-worker", "msg": "    engine.call_flow_fn()"}
{"ts": "2026-08-11T11:32:43.632252929Z", "container": "prefect-worker", "msg": "  File \"/usr/local/lib/python3.12/site-packages/prefect/flow_engine.py\", line 1297, in call_flow_fn"}
{"ts": "2026-08-11T11:32:43.632256099Z", "container": "prefect-worker", "msg": "    result = call_with_parameters(self.flow.fn, self.parameters)"}
{"ts": "2026-08-11T11:32:43.632259179Z", "container": "prefect-worker", "msg": "             ^^^^^^^^^^^^^^^^^^^^^^^^^^^^^^^^^^^^^^^^^^^^^^^^^^^"}
{"ts": "2026-08-11T11:32:43.632262259Z", "container": "prefect-worker", "msg": "  File \"/usr/local/lib/python3.12/site-packages/prefect/utilities/callables/__init__.py\", line 348, in call_with_parameters"}
{"ts": "2026-08-11T11:32:43.632265289Z", "container": "prefect-worker", "msg": "    return fn(*args, **kwargs)"}
{"ts": "2026-08-11T11:32:43.632268309Z", "container": "prefect-worker", "msg": "           ^^^^^^^^^^^^^^^^^^^"}
{"ts": "2026-08-11T11:32:43.632271149Z", "container": "prefect-worker", "msg": "  File \"/app/src/smarthub/train_and_predict/flow.py\", line 121, in train_flow"}
{"ts": "2026-08-11T11:32:43.632282639Z", "container": "prefect-worker", "msg": "    _report(lead_type_name, lead_type_id, result, m, opt)"}
{"ts": "2026-08-11T11:32:43.632285749Z", "container": "prefect-worker", "msg": "  File \"/app/src/smarthub/train_and_predict/flow.py\", line 165, in _report"}
{"ts": "2026-08-11T11:32:43.632288899Z", "container": "prefect-worker", "msg": "    fb = _feature_breakdown(lead_type_id, result.get(\"feature_cols\"))"}
{"ts": "2026-08-11T11:32:43.632292049Z", "container": "prefect-worker", "msg": "         ^^^^^^^^^^^^^^^^^^^^^^^^^^^^^^^^^^^^^^^^^^^^^^^^^^^^^^^^^^^^"}
{"ts": "2026-08-11T11:32:43.632295119Z", "container": "prefect-worker", "msg": "  File \"/app/src/smarthub/train_and_predict/flow.py\", line 35, in _feature_breakdown"}
{"ts": "2026-08-11T11:32:43.632298339Z", "container": "prefect-worker", "msg": "    mandatory = fe.mandatory_features(lead_type_id)"}
{"ts": "2026-08-11T11:32:43.632301199Z", "container": "prefect-worker", "msg": "                ^^^^^^^^^^^^^^^^^^^^^"}
{"ts": "2026-08-11T11:32:43.632304169Z", "container": "prefect-worker", "msg": "AttributeError: module 'smarthub.feature_engineering.features' has no attribute 'mandatory_features'"}
{"ts": "2026-08-11T11:32:43.634210185Z", "container": "prefect-worker", "msg": "11:32:43.632 | ERROR   | prefect.engine - Execution of flow run '22e96626-c7e6-49df-9bcb-77cf1cb18cc2' exited with unexpected exception"}
{"ts": "2026-08-11T11:32:43.634218335Z", "container": "prefect-worker", "msg": "Traceback (most recent call last):"}
{"ts": "2026-08-11T11:32:43.634221835Z", "container": "prefect-worker", "msg": "  File \"/usr/local/lib/python3.12/site-packages/prefect/engine.py\", line 87, in handle_engine_signals"}
{"ts": "2026-08-11T11:32:43.634225045Z", "container": "prefect-worker", "msg": "    yield"}
{"ts": "2026-08-11T11:32:43.634227985Z", "container": "prefect-worker", "msg": "  File \"/usr/local/lib/python3.12/site-packages/prefect/engine.py\", line 176, in <module>"}
{"ts": "2026-08-11T11:32:43.634231475Z", "container": "prefect-worker", "msg": "    _run_result: object = run_flow("}
{"ts": "2026-08-11T11:32:43.634234405Z", "container": "prefect-worker", "msg": "                          ^^^^^^^^^"}
{"ts": "2026-08-11T11:32:43.634237285Z", "container": "prefect-worker", "msg": "  File \"/usr/local/lib/python3.12/site-packages/prefect/flow_engine.py\", line 2187, in run_flow"}
{"ts": "2026-08-11T11:32:43.634240305Z", "container": "prefect-worker", "msg": "    ret_val = run_flow_sync(**kwargs)"}
{"ts": "2026-08-11T11:32:43.634243185Z", "container": "prefect-worker", "msg": "              ^^^^^^^^^^^^^^^^^^^^^^^"}
{"ts": "2026-08-11T11:32:43.634246055Z", "container": "prefect-worker", "msg": "  File \"/usr/local/lib/python3.12/site-packages/prefect/flow_engine.py\", line 2032, in run_flow_sync"}
{"ts": "2026-08-11T11:32:43.634249045Z", "container": "prefect-worker", "msg": "    return engine.state if return_type == \"state\" else engine.result()"}
{"ts": "2026-08-11T11:32:43.634252095Z", "container": "prefect-worker", "msg": "                                                       ^^^^^^^^^^^^^^^"}
{"ts": "2026-08-11T11:32:43.634255065Z", "container": "prefect-worker", "msg": "  File \"/usr/local/lib/python3.12/site-packages/prefect/flow_engine.py\", line 759, in result"}
{"ts": "2026-08-11T11:32:43.634258145Z", "container": "prefect-worker", "msg": "    raise self._raised"}
{"ts": "2026-08-11T11:32:43.634261025Z", "container": "prefect-worker", "msg": "  File \"/usr/local/lib/python3.12/site-packages/prefect/flow_engine.py\", line 1277, in run_context"}
{"ts": "2026-08-11T11:32:43.634264015Z", "container": "prefect-worker", "msg": "    yield self"}
{"ts": "2026-08-11T11:32:43.634266915Z", "container": "prefect-worker", "msg": "  File \"/usr/local/lib/python3.12/site-packages/prefect/flow_engine.py\", line 2030, in run_flow_sync"}
{"ts": "2026-08-11T11:32:43.634269965Z", "container": "prefect-worker", "msg": "    engine.call_flow_fn()"}
{"ts": "2026-08-11T11:32:43.634272845Z", "container": "prefect-worker", "msg": "  File \"/usr/local/lib/python3.12/site-packages/prefect/flow_engine.py\", line 1297, in call_flow_fn"}
{"ts": "2026-08-11T11:32:43.634275805Z", "container": "prefect-worker", "msg": "    result = call_with_parameters(self.flow.fn, self.parameters)"}
{"ts": "2026-08-11T11:32:43.634278695Z", "container": "prefect-worker", "msg": "             ^^^^^^^^^^^^^^^^^^^^^^^^^^^^^^^^^^^^^^^^^^^^^^^^^^^"}
{"ts": "2026-08-11T11:32:43.634289386Z", "container": "prefect-worker", "msg": "  File \"/usr/local/lib/python3.12/site-packages/prefect/utilities/callables/__init__.py\", line 348, in call_with_parameters"}
{"ts": "2026-08-11T11:32:43.634292536Z", "container": "prefect-worker", "msg": "    return fn(*args, **kwargs)"}
{"ts": "2026-08-11T11:32:43.634295386Z", "container": "prefect-worker", "msg": "           ^^^^^^^^^^^^^^^^^^^"}
{"ts": "2026-08-11T11:32:43.634298226Z", "container": "prefect-worker", "msg": "  File \"/app/src/smarthub/train_and_predict/flow.py\", line 121, in train_flow"}
{"ts": "2026-08-11T11:32:43.634301186Z", "container": "prefect-worker", "msg": "    _report(lead_type_name, lead_type_id, result, m, opt)"}
{"ts": "2026-08-11T11:32:43.634304036Z", "container": "prefect-worker", "msg": "  File \"/app/src/smarthub/train_and_predict/flow.py\", line 165, in _report"}
{"ts": "2026-08-11T11:32:43.634306956Z", "container": "prefect-worker", "msg": "    fb = _feature_breakdown(lead_type_id, result.get(\"feature_cols\"))"}
{"ts": "2026-08-11T11:32:43.634309976Z", "container": "prefect-worker", "msg": "         ^^^^^^^^^^^^^^^^^^^^^^^^^^^^^^^^^^^^^^^^^^^^^^^^^^^^^^^^^^^^"}
{"ts": "2026-08-11T11:32:43.634313176Z", "container": "prefect-worker", "msg": "  File \"/app/src/smarthub/train_and_predict/flow.py\", line 35, in _feature_breakdown"}
{"ts": "2026-08-11T11:32:43.634316196Z", "container": "prefect-worker", "msg": "    mandatory = fe.mandatory_features(lead_type_id)"}
{"ts": "2026-08-11T11:32:43.634319166Z", "container": "prefect-worker", "msg": "                ^^^^^^^^^^^^^^^^^^^^^"}
{"ts": "2026-08-11T11:32:43.634322056Z", "container": "prefect-worker", "msg": "AttributeError: module 'smarthub.feature_engineering.features' has no attribute 'mandatory_features'"}
{"ts": "2026-08-11T11:32:44.920723069Z", "container": "prefect-worker", "msg": "11:32:44.919 | ERROR   | prefect.flow_runs.runner - Process for flow run 'Fantastic-Zonkey' exited with status code: 1; Process exited with a general error."}
{"ts": "2026-08-11T11:32:44.921072261Z", "container": "prefect-worker", "msg": "11:32:44.920 | INFO    | prefect.flow_runs.runner - Check the flow run logs for an unhandled exception or assertion error."}
{"ts": "2026-08-11T11:32:45.012285666Z", "container": "prefect-worker", "msg": "11:32:45.011 | INFO    | prefect.flow_runs.worker - Check the flow run logs for an unhandled exception or assertion error."}
{"ts": "2026-08-11T11:59:58.858290599Z", "container": "prefect-worker", "msg": "11:59:58.857 | INFO    | prefect.flow_runs.worker - Worker 'ProcessWorker dce3c2b2-cf09-4835-b131-00ad1abb0ef6' submitting flow run '019ff091-73ac-71a9-a39f-5a2b89aa46e4'"}
{"ts": "2026-08-11T11:59:58.997334199Z", "container": "prefect-worker", "msg": "11:59:58.996 | INFO    | prefect.flow_runs.runner - Starting flow run process..."}
{"ts": "2026-08-11T11:59:59.022472131Z", "container": "prefect-worker", "msg": "11:59:59.021 | INFO    | prefect.flow_runs.worker - Flow run 'polar-caracara' submitted to infrastructure"}
{"ts": "2026-08-11T12:00:00.217542951Z", "container": "prefect-worker", "msg": "12:00:00.211 | INFO    | Flow run 'polar-caracara' - Running 1 deployment pull step(s)"}
{"ts": "2026-08-11T12:00:00.238658751Z", "container": "prefect-worker", "msg": "12:00:00.237 | INFO    | Flow run 'polar-caracara' - Executing deployment step: set_working_directory"}
{"ts": "2026-08-11T12:00:00.250205604Z", "container": "prefect-worker", "msg": "12:00:00.249 | INFO    | Flow run 'polar-caracara' - Deployment step 'set_working_directory' completed successfully"}
{"ts": "2026-08-11T12:00:00.263976935Z", "container": "prefect-worker", "msg": "12:00:00.263 | INFO    | Flow run 'polar-caracara' - All deployment steps completed successfully"}
{"ts": "2026-08-11T12:00:00.760042469Z", "container": "prefect-worker", "msg": "12:00:00.759 | INFO    | Flow run 'polar-caracara' - Beginning flow run 'polar-caracara' for flow 'smarthub-data-pull'"}
{"ts": "2026-08-11T12:00:00.760317941Z", "container": "prefect-worker", "msg": "12:00:00.759 | INFO    | Flow run 'polar-caracara' - View at http://prefect-server:4200/runs/flow-run/019ff091-73ac-71a9-a39f-5a2b89aa46e4"}
{"ts": "2026-08-11T12:00:00.809490057Z", "container": "prefect-worker", "msg": "12:00:00.808 | INFO    | Task run 'resolve_window-0ab' - Finished in state Completed()"}
{"ts": "2026-08-11T12:00:00.809788849Z", "container": "prefect-worker", "msg": "12:00:00.809 | INFO    | Flow run 'polar-caracara' - [auto] pulling window 2026-08-11 09:48:11 -> 2026-08-11 12:00:00"}
{"ts": "2026-08-11T12:00:01.496995751Z", "container": "prefect-worker", "msg": "12:00:01.496 | INFO    | Task run 'fetch-a9c' - Finished in state Completed()"}
{"ts": "2026-08-11T12:00:01.658544772Z", "container": "prefect-worker", "msg": "12:00:01.657 | INFO    | Task run 'validate-leads-98d' - data-quality: rows=2,227, status=issues flagged, rule_violation_rows=4,455, cross_field={'current_carrier_when_not_insured': 1899}, high_missing=['accepted', 'accepted_listings', 'annual_revenue', 'erred', 'error_reason_id', 'health_conditions', 'household_income', 'lead_created_at', 'life_coverage_amount', 'life_coverage_type', 'naics_code', 'num_dependents', 'num_employees', 'pnc_bundle', 'rev', 'sic_code', 'won']"}
{"ts": "2026-08-11T12:00:01.678965866Z", "container": "prefect-worker", "msg": "12:00:01.678 | INFO    | Task run 'validate-leads-98d' - Finished in state Completed()"}
{"ts": "2026-08-11T12:00:01.814091034Z", "container": "prefect-worker", "msg": "12:00:01.813 | INFO    | Task run 'persist-faf' - Finished in state Completed()"}
{"ts": "2026-08-11T12:00:01.908552744Z", "container": "prefect-worker", "msg": "12:00:01.907 | INFO    | Task run 'update_watermark-84c' - Finished in state Completed()"}
{"ts": "2026-08-11T12:00:01.908829377Z", "container": "prefect-worker", "msg": "12:00:01.908 | INFO    | Flow run 'polar-caracara' - [auto] persisted {'parquet_rows': 2227, 'parquet_paths': ['/app/data/raw_datasets/leads/2026/08/11-08-2026.parquet']}; watermark now 2026-08-11 11:59:49"}
{"ts": "2026-08-11T12:00:02.947770460Z", "container": "prefect-worker", "msg": "12:00:02.946 | INFO    | Flow run 'polar-caracara' - Finished in state Completed()"}
{"ts": "2026-08-11T12:00:03.377736972Z", "container": "prefect-worker", "msg": "12:00:03.377 | INFO    | prefect.flow_runs.runner - Process for flow run 'polar-caracara' exited cleanly."}
{"ts": "2026-08-11T12:09:14.119462215Z", "container": "prefect-worker", "msg": "Received SIGTERM. Sending SIGINT to the process worker (PID 7)..."}
{"ts": "2026-08-11T12:09:14.119677857Z", "container": "prefect-worker", "msg": "Received SIGINT. Sending SIGINT to the process worker (PID 7)..."}
{"ts": "2026-08-11T12:09:14.123097375Z", "container": "prefect-worker", "msg": "Worker 'ProcessWorker dce3c2b2-cf09-4835-b131-00ad1abb0ef6' stopped!"}
{"ts": "2026-08-11T12:09:28.752872488Z", "container": "prefect-worker", "msg": "Prefect API is up."}
{"ts": "2026-08-11T12:09:30.198885589Z", "container": "prefect-worker", "msg": "Work pool named 'smarthub-pool' already exists. Use --overwrite to update it."}
{"ts": "2026-08-11T12:09:31.478818344Z", "container": "prefect-worker", "msg": "Work queue with name: 'default' already exists."}
{"ts": "2026-08-11T12:09:32.722953293Z", "container": "prefect-worker", "msg": "Work queue with name: 'features' already exists."}
{"ts": "2026-08-11T12:09:33.876913946Z", "container": "prefect-worker", "msg": "Work queue with name: 'training' already exists."}
{"ts": "2026-08-11T12:09:34.119657711Z", "container": "prefect-worker", "msg": "Registering deployments from prefect.yaml ..."}
{"ts": "2026-08-11T12:09:35.621670477Z", "container": "prefect-worker", "msg": "Deploying all flows with an existing deployment configuration..."}
{"ts": "2026-08-11T12:09:35.621912839Z", "container": "prefect-worker", "msg": "╭──────────────────────────────────────────────────────────────────────────────╮"}
{"ts": "2026-08-11T12:09:35.621927439Z", "container": "prefect-worker", "msg": "│ Deploying data-pull                                                          │"}
{"ts": "2026-08-11T12:09:35.621931419Z", "container": "prefect-worker", "msg": "╰──────────────────────────────────────────────────────────────────────────────╯"}
{"ts": "2026-08-11T12:09:36.204Z", "level": "INFO", "service": "worker", "logger": "httpx", "msg": "HTTP Request: GET http://prefect-server:4200/api/work_pools/smarthub-pool \"HTTP/1.1 200 OK\"", "container": "prefect-worker"}
{"ts": "2026-08-11T12:09:36.210Z", "level": "INFO", "service": "worker", "logger": "httpx", "msg": "HTTP Request: GET http://prefect-server:4200/api/work_pools/smarthub-pool \"HTTP/1.1 200 OK\"", "container": "prefect-worker"}
{"ts": "2026-08-11T12:09:36.256Z", "level": "INFO", "service": "worker", "logger": "httpx", "msg": "HTTP Request: GET http://prefect-server:4200/api/deployments/name/smarthub-data-pull/data-pull \"HTTP/1.1 200 OK\"", "container": "prefect-worker"}
{"ts": "2026-08-11T12:09:36.280Z", "level": "INFO", "service": "worker", "logger": "httpx", "msg": "HTTP Request: GET http://prefect-server:4200/api/csrf-token?client=b06b01d8-9217-4efe-bbf7-6c811ca7c3f7 \"HTTP/1.1 422 Unprocessable Entity\"", "container": "prefect-worker"}
{"ts": "2026-08-11T12:09:36.345Z", "level": "INFO", "service": "worker", "logger": "httpx", "msg": "HTTP Request: PATCH http://prefect-server:4200/api/deployments/15dcce44-4b5f-4048-b854-eeba60c3b514 \"HTTP/1.1 204 No Content\"", "container": "prefect-worker"}
{"ts": "2026-08-11T12:09:36.351Z", "level": "INFO", "service": "worker", "logger": "httpx", "msg": "HTTP Request: DELETE http://prefect-server:4200/api/automations/owned-by/prefect.deployment.15dcce44-4b5f-4048-b854-eeba60c3b514 \"HTTP/1.1 202 Accepted\"", "container": "prefect-worker"}
{"ts": "2026-08-11T12:09:36.354Z", "level": "INFO", "service": "worker", "logger": "httpx", "msg": "HTTP Request: GET http://prefect-server:4200/api/csrf-token?client=5a192fdd-a847-492d-b554-c4cfb351d29a \"HTTP/1.1 422 Unprocessable Entity\"", "container": "prefect-worker"}
{"ts": "2026-08-11T12:09:36.358Z", "level": "INFO", "service": "worker", "logger": "httpx", "msg": "HTTP Request: DELETE http://prefect-server:4200/api/automations/owned-by/prefect.deployment.15dcce44-4b5f-4048-b854-eeba60c3b514 \"HTTP/1.1 202 Accepted\"", "container": "prefect-worker"}
{"ts": "2026-08-11T12:09:36.359088195Z", "container": "prefect-worker", "msg": "╭──────────────────────────────────────────────────────────────────────────────╮"}
{"ts": "2026-08-11T12:09:36.359096795Z", "container": "prefect-worker", "msg": "│ Deployment 'smarthub-data-pull/data-pull' successfully created with id       │"}
{"ts": "2026-08-11T12:09:36.359100445Z", "container": "prefect-worker", "msg": "│ '15dcce44-4b5f-4048-b854-eeba60c3b514'.                                      │"}
{"ts": "2026-08-11T12:09:36.359103715Z", "container": "prefect-worker", "msg": "╰──────────────────────────────────────────────────────────────────────────────╯"}
{"ts": "2026-08-11T12:09:36.359278937Z", "container": "prefect-worker", "msg": ""}
{"ts": "2026-08-11T12:09:36.359285357Z", "container": "prefect-worker", "msg": "View Deployment in UI: http://prefect-server:4200/deployments/deployment/15dcce44-4b5f-4048-b854-eeba60c3b514"}
{"ts": "2026-08-11T12:09:36.359288877Z", "container": "prefect-worker", "msg": ""}
{"ts": "2026-08-11T12:09:36.364Z", "level": "INFO", "service": "worker", "logger": "httpx", "msg": "HTTP Request: POST http://prefect-server:4200/api/work_pools/smarthub-pool/workers/filter \"HTTP/1.1 200 OK\"", "container": "prefect-worker"}
{"ts": "2026-08-11T12:09:36.365859280Z", "container": "prefect-worker", "msg": ""}
{"ts": "2026-08-11T12:09:36.365864390Z", "container": "prefect-worker", "msg": "To schedule a run for this deployment, use the following command:"}
{"ts": "2026-08-11T12:09:36.366098712Z", "container": "prefect-worker", "msg": ""}
{"ts": "2026-08-11T12:09:36.366111622Z", "container": "prefect-worker", "msg": "        $ prefect deployment run 'smarthub-data-pull/data-pull'"}
{"ts": "2026-08-11T12:09:36.366115862Z", "container": "prefect-worker", "msg": ""}
{"ts": "2026-08-11T12:09:36.366278093Z", "container": "prefect-worker", "msg": "╭──────────────────────────────────────────────────────────────────────────────╮"}
{"ts": "2026-08-11T12:09:36.366288913Z", "container": "prefect-worker", "msg": "│ Deploying build-features                                                     │"}
{"ts": "2026-08-11T12:09:36.366294813Z", "container": "prefect-worker", "msg": "╰──────────────────────────────────────────────────────────────────────────────╯"}
{"ts": "2026-08-11T12:09:36.406Z", "level": "INFO", "service": "worker", "logger": "httpx", "msg": "HTTP Request: GET http://prefect-server:4200/api/work_pools/smarthub-pool \"HTTP/1.1 200 OK\"", "container": "prefect-worker"}
{"ts": "2026-08-11T12:09:36.410Z", "level": "INFO", "service": "worker", "logger": "httpx", "msg": "HTTP Request: GET http://prefect-server:4200/api/work_pools/smarthub-pool \"HTTP/1.1 200 OK\"", "container": "prefect-worker"}
{"ts": "2026-08-11T12:09:36.453Z", "level": "INFO", "service": "worker", "logger": "httpx", "msg": "HTTP Request: GET http://prefect-server:4200/api/deployments/name/smarthub-build-features/build-features \"HTTP/1.1 200 OK\"", "container": "prefect-worker"}
{"ts": "2026-08-11T12:09:36.469Z", "level": "INFO", "service": "worker", "logger": "httpx", "msg": "HTTP Request: GET http://prefect-server:4200/api/csrf-token?client=4861b026-0924-4fff-9dd6-eccd583b670e \"HTTP/1.1 422 Unprocessable Entity\"", "container": "prefect-worker"}
{"ts": "2026-08-11T12:09:36.529Z", "level": "INFO", "service": "worker", "logger": "httpx", "msg": "HTTP Request: PATCH http://prefect-server:4200/api/deployments/8d536def-a82a-4c94-941b-14c2c0468511 \"HTTP/1.1 204 No Content\"", "container": "prefect-worker"}
{"ts": "2026-08-11T12:09:36.534Z", "level": "INFO", "service": "worker", "logger": "httpx", "msg": "HTTP Request: DELETE http://prefect-server:4200/api/automations/owned-by/prefect.deployment.8d536def-a82a-4c94-941b-14c2c0468511 \"HTTP/1.1 202 Accepted\"", "container": "prefect-worker"}
{"ts": "2026-08-11T12:09:36.536Z", "level": "INFO", "service": "worker", "logger": "httpx", "msg": "HTTP Request: GET http://prefect-server:4200/api/csrf-token?client=4f4582e1-c8c8-4437-8962-eaa3ad228929 \"HTTP/1.1 422 Unprocessable Entity\"", "container": "prefect-worker"}
{"ts": "2026-08-11T12:09:36.540Z", "level": "INFO", "service": "worker", "logger": "httpx", "msg": "HTTP Request: DELETE http://prefect-server:4200/api/automations/owned-by/prefect.deployment.8d536def-a82a-4c94-941b-14c2c0468511 \"HTTP/1.1 202 Accepted\"", "container": "prefect-worker"}
{"ts": "2026-08-11T12:09:36.541313923Z", "container": "prefect-worker", "msg": "╭──────────────────────────────────────────────────────────────────────────────╮"}
{"ts": "2026-08-11T12:09:36.541324983Z", "container": "prefect-worker", "msg": "│ Deployment 'smarthub-build-features/build-features' successfully created     │"}
{"ts": "2026-08-11T12:09:36.541328693Z", "container": "prefect-worker", "msg": "│ with id '8d536def-a82a-4c94-941b-14c2c0468511'.                              │"}
{"ts": "2026-08-11T12:09:36.541332093Z", "container": "prefect-worker", "msg": "╰──────────────────────────────────────────────────────────────────────────────╯"}
{"ts": "2026-08-11T12:09:36.541429823Z", "container": "prefect-worker", "msg": ""}
{"ts": "2026-08-11T12:09:36.541435774Z", "container": "prefect-worker", "msg": "View Deployment in UI: http://prefect-server:4200/deployments/deployment/8d536def-a82a-4c94-941b-14c2c0468511"}
{"ts": "2026-08-11T12:09:36.541439314Z", "container": "prefect-worker", "msg": ""}
{"ts": "2026-08-11T12:09:36.545Z", "level": "INFO", "service": "worker", "logger": "httpx", "msg": "HTTP Request: POST http://prefect-server:4200/api/work_pools/smarthub-pool/workers/filter \"HTTP/1.1 200 OK\"", "container": "prefect-worker"}
{"ts": "2026-08-11T12:09:36.546227642Z", "container": "prefect-worker", "msg": ""}
{"ts": "2026-08-11T12:09:36.546238492Z", "container": "prefect-worker", "msg": "To schedule a run for this deployment, use the following command:"}
{"ts": "2026-08-11T12:09:36.546425483Z", "container": "prefect-worker", "msg": ""}
{"ts": "2026-08-11T12:09:36.546435094Z", "container": "prefect-worker", "msg": "        $ prefect deployment run 'smarthub-build-features/build-features'"}
{"ts": "2026-08-11T12:09:36.546438824Z", "container": "prefect-worker", "msg": ""}
{"ts": "2026-08-11T12:09:36.546663655Z", "container": "prefect-worker", "msg": "╭──────────────────────────────────────────────────────────────────────────────╮"}
{"ts": "2026-08-11T12:09:36.546670455Z", "container": "prefect-worker", "msg": "│ Deploying train-model                                                        │"}
{"ts": "2026-08-11T12:09:36.546674005Z", "container": "prefect-worker", "msg": "╰──────────────────────────────────────────────────────────────────────────────╯"}
{"ts": "2026-08-11T12:09:37.534Z", "level": "INFO", "service": "worker", "logger": "matplotlib.font_manager", "msg": "generated new fontManager", "container": "prefect-worker"}
{"ts": "2026-08-11T12:09:37.724Z", "level": "INFO", "service": "worker", "logger": "httpx", "msg": "HTTP Request: GET http://prefect-server:4200/api/work_pools/smarthub-pool \"HTTP/1.1 200 OK\"", "container": "prefect-worker"}
{"ts": "2026-08-11T12:09:37.728Z", "level": "INFO", "service": "worker", "logger": "httpx", "msg": "HTTP Request: GET http://prefect-server:4200/api/work_pools/smarthub-pool \"HTTP/1.1 200 OK\"", "container": "prefect-worker"}
{"ts": "2026-08-11T12:09:37.771Z", "level": "INFO", "service": "worker", "logger": "httpx", "msg": "HTTP Request: GET http://prefect-server:4200/api/deployments/name/smarthub-train-model/train-model \"HTTP/1.1 200 OK\"", "container": "prefect-worker"}
{"ts": "2026-08-11T12:09:37.787Z", "level": "INFO", "service": "worker", "logger": "httpx", "msg": "HTTP Request: GET http://prefect-server:4200/api/csrf-token?client=98db7ccf-fdbd-465c-9d60-f93e1695287c \"HTTP/1.1 422 Unprocessable Entity\"", "container": "prefect-worker"}
{"ts": "2026-08-11T12:09:37.845Z", "level": "INFO", "service": "worker", "logger": "httpx", "msg": "HTTP Request: PATCH http://prefect-server:4200/api/deployments/f2af7572-283e-43ab-bfa3-0ad7cee08503 \"HTTP/1.1 204 No Content\"", "container": "prefect-worker"}
{"ts": "2026-08-11T12:09:37.850Z", "level": "INFO", "service": "worker", "logger": "httpx", "msg": "HTTP Request: DELETE http://prefect-server:4200/api/automations/owned-by/prefect.deployment.f2af7572-283e-43ab-bfa3-0ad7cee08503 \"HTTP/1.1 202 Accepted\"", "container": "prefect-worker"}
{"ts": "2026-08-11T12:09:37.852Z", "level": "INFO", "service": "worker", "logger": "httpx", "msg": "HTTP Request: GET http://prefect-server:4200/api/csrf-token?client=5a225c43-c8ef-4027-8549-410ea973cc12 \"HTTP/1.1 422 Unprocessable Entity\"", "container": "prefect-worker"}
{"ts": "2026-08-11T12:09:37.856Z", "level": "INFO", "service": "worker", "logger": "httpx", "msg": "HTTP Request: DELETE http://prefect-server:4200/api/automations/owned-by/prefect.deployment.f2af7572-283e-43ab-bfa3-0ad7cee08503 \"HTTP/1.1 202 Accepted\"", "container": "prefect-worker"}
{"ts": "2026-08-11T12:09:37.856926817Z", "container": "prefect-worker", "msg": "╭──────────────────────────────────────────────────────────────────────────────╮"}
{"ts": "2026-08-11T12:09:37.856938097Z", "container": "prefect-worker", "msg": "│ Deployment 'smarthub-train-model/train-model' successfully created with id   │"}
{"ts": "2026-08-11T12:09:37.856942217Z", "container": "prefect-worker", "msg": "│ 'f2af7572-283e-43ab-bfa3-0ad7cee08503'.                                      │"}
{"ts": "2026-08-11T12:09:37.856945507Z", "container": "prefect-worker", "msg": "╰──────────────────────────────────────────────────────────────────────────────╯"}
{"ts": "2026-08-11T12:09:37.857040788Z", "container": "prefect-worker", "msg": ""}
{"ts": "2026-08-11T12:09:37.857065188Z", "container": "prefect-worker", "msg": "View Deployment in UI: http://prefect-server:4200/deployments/deployment/f2af7572-283e-43ab-bfa3-0ad7cee08503"}
{"ts": "2026-08-11T12:09:37.857074458Z", "container": "prefect-worker", "msg": ""}
{"ts": "2026-08-11T12:09:37.865Z", "level": "INFO", "service": "worker", "logger": "httpx", "msg": "HTTP Request: POST http://prefect-server:4200/api/work_pools/smarthub-pool/workers/filter \"HTTP/1.1 200 OK\"", "container": "prefect-worker"}
{"ts": "2026-08-11T12:09:37.866032261Z", "container": "prefect-worker", "msg": ""}
{"ts": "2026-08-11T12:09:37.866042511Z", "container": "prefect-worker", "msg": "To schedule a run for this deployment, use the following command:"}
{"ts": "2026-08-11T12:09:37.866227262Z", "container": "prefect-worker", "msg": ""}
{"ts": "2026-08-11T12:09:37.866235282Z", "container": "prefect-worker", "msg": "        $ prefect deployment run 'smarthub-train-model/train-model'"}
{"ts": "2026-08-11T12:09:37.866238992Z", "container": "prefect-worker", "msg": ""}
{"ts": "2026-08-11T12:09:38.502635737Z", "container": "prefect-worker", "msg": "Starting worker on pool='smarthub-pool' queues='default features training' ..."}
{"ts": "2026-08-11T12:09:39.852168535Z", "container": "prefect-worker", "msg": "Discovered type 'process' for work pool 'smarthub-pool'."}
{"ts": "2026-08-11T12:09:40.165599649Z", "container": "prefect-worker", "msg": "Worker 'ProcessWorker dc9964bf-6512-43fe-8898-46f5ba20e9da' started!"}
{"ts": "2026-08-11T12:14:59.983532100Z", "container": "prefect-worker", "msg": "12:14:59.981 | INFO    | prefect.flow_runs.worker - Worker 'ProcessWorker dc9964bf-6512-43fe-8898-46f5ba20e9da' submitting flow run '019ff0ba-7060-7450-b2ca-8086a786ae58'"}
{"ts": "2026-08-11T12:15:00.339819257Z", "container": "prefect-worker", "msg": "12:15:00.336 | INFO    | prefect.flow_runs.runner - Starting flow run process..."}
{"ts": "2026-08-11T12:15:00.363885591Z", "container": "prefect-worker", "msg": "12:15:00.363 | INFO    | prefect.flow_runs.worker - Flow run 'archetypal-whippet' submitted to infrastructure"}
{"ts": "2026-08-11T12:15:01.593212632Z", "container": "prefect-worker", "msg": "12:15:01.586 | INFO    | Flow run 'archetypal-whippet' - Running 1 deployment pull step(s)"}
{"ts": "2026-08-11T12:15:01.615131209Z", "container": "prefect-worker", "msg": "12:15:01.614 | INFO    | Flow run 'archetypal-whippet' - Executing deployment step: set_working_directory"}
{"ts": "2026-08-11T12:15:01.630540593Z", "container": "prefect-worker", "msg": "12:15:01.626 | INFO    | Flow run 'archetypal-whippet' - Deployment step 'set_working_directory' completed successfully"}
{"ts": "2026-08-11T12:15:01.641334530Z", "container": "prefect-worker", "msg": "12:15:01.640 | INFO    | Flow run 'archetypal-whippet' - All deployment steps completed successfully"}
{"ts": "2026-08-11T12:15:02.109Z", "level": "INFO", "service": "worker", "logger": "httpx", "msg": "HTTP Request: GET http://prefect-server:4200/api/admin/version \"HTTP/1.1 200 OK\"", "container": "prefect-worker"}
{"ts": "2026-08-11T12:15:02.113Z", "level": "INFO", "service": "worker", "logger": "httpx", "msg": "HTTP Request: GET http://prefect-server:4200/api/csrf-token?client=536b5101-1602-4eee-b61f-6d0019645790 \"HTTP/1.1 422 Unprocessable Entity\"", "container": "prefect-worker"}
{"ts": "2026-08-11T12:15:02.118Z", "level": "INFO", "service": "worker", "logger": "httpx", "msg": "HTTP Request: PATCH http://prefect-server:4200/api/flow_runs/019ff0ba-7060-7450-b2ca-8086a786ae58 \"HTTP/1.1 204 No Content\"", "container": "prefect-worker"}
{"ts": "2026-08-11T12:15:02.138Z", "level": "INFO", "service": "worker", "logger": "httpx", "msg": "HTTP Request: GET http://prefect-server:4200/api/flow_runs/019ff0ba-7060-7450-b2ca-8086a786ae58 \"HTTP/1.1 200 OK\"", "container": "prefect-worker"}
{"ts": "2026-08-11T12:15:02.153Z", "level": "INFO", "service": "worker", "logger": "httpx", "msg": "HTTP Request: POST http://prefect-server:4200/api/flow_runs/019ff0ba-7060-7450-b2ca-8086a786ae58/set_state \"HTTP/1.1 201 Created\"", "container": "prefect-worker"}
{"ts": "2026-08-11T12:15:02.159Z", "level": "INFO", "service": "worker", "logger": "httpx", "msg": "HTTP Request: GET http://prefect-server:4200/api/flow_runs/019ff0ba-7060-7450-b2ca-8086a786ae58 \"HTTP/1.1 200 OK\"", "container": "prefect-worker"}
{"ts": "2026-08-11T12:15:02.164Z", "level": "INFO", "service": "worker", "logger": "httpx", "msg": "HTTP Request: GET http://prefect-server:4200/api/admin/storage \"HTTP/1.1 200 OK\"", "container": "prefect-worker"}
{"ts": "2026-08-11T12:15:02.168Z", "level": "INFO", "service": "worker", "logger": "httpx", "msg": "HTTP Request: GET http://prefect-server:4200/api/admin/storage \"HTTP/1.1 200 OK\"", "container": "prefect-worker"}
{"ts": "2026-08-11T12:15:02.168Z", "level": "INFO", "service": "worker", "logger": "prefect.flow_runs", "msg": "Beginning flow run 'archetypal-whippet' for flow 'smarthub-data-pull'", "flow_run_name": "archetypal-whippet", "flow_run_id": "019ff0ba-7060-7450-b2ca-8086a786ae58", "flow_name": "smarthub-data-pull", "deployment_name": "data-pull", "container": "prefect-worker"}
{"ts": "2026-08-11T12:15:02.168Z", "level": "INFO", "service": "worker", "logger": "prefect.flow_runs", "msg": "View at http://prefect-server:4200/runs/flow-run/019ff0ba-7060-7450-b2ca-8086a786ae58", "flow_run_name": "archetypal-whippet", "flow_run_id": "019ff0ba-7060-7450-b2ca-8086a786ae58", "flow_name": "smarthub-data-pull", "deployment_name": "data-pull", "send_to_api": false, "container": "prefect-worker"}
{"ts": "2026-08-11T12:15:02.190Z", "level": "INFO", "service": "worker", "logger": "httpx", "msg": "HTTP Request: GET http://prefect-server:4200/api/flows/c49e248a-be9d-43b9-ad26-cff3b7117b11 \"HTTP/1.1 200 OK\"", "container": "prefect-worker"}
{"ts": "2026-08-11T12:15:02.200Z", "level": "INFO", "service": "worker", "logger": "httpx", "msg": "HTTP Request: GET http://prefect-server:4200/api/work_queues/32c7c4c1-2900-49ee-9a5d-6d3163577ef9 \"HTTP/1.1 200 OK\"", "container": "prefect-worker"}
{"ts": "2026-08-11T12:15:02.202Z", "level": "INFO", "service": "worker", "logger": "httpx", "msg": "HTTP Request: GET http://prefect-server:4200/api/work_pools/smarthub-pool \"HTTP/1.1 200 OK\"", "container": "prefect-worker"}
{"ts": "2026-08-11T12:15:02.210Z", "level": "INFO", "service": "worker", "logger": "httpx", "msg": "HTTP Request: GET http://prefect-server:4200/api/deployments/15dcce44-4b5f-4048-b854-eeba60c3b514 \"HTTP/1.1 200 OK\"", "container": "prefect-worker"}
{"ts": "2026-08-11T12:15:02.212Z", "level": "INFO", "service": "worker", "logger": "httpx", "msg": "HTTP Request: GET http://prefect-server:4200/api/variables/name/smarthub_last_pull_timestamp_home \"HTTP/1.1 200 OK\"", "container": "prefect-worker"}
{"ts": "2026-08-11T12:15:02.215Z", "level": "INFO", "service": "worker", "logger": "prefect.task_runs", "msg": "Finished in state Completed()", "task_run_id": "019ff0bf-6233-7af6-9869-4f5434fb4948", "flow_run_id": "019ff0ba-7060-7450-b2ca-8086a786ae58", "task_run_name": "resolve_window-34c", "task_name": "resolve_window", "flow_run_name": "archetypal-whippet", "flow_name": "smarthub-data-pull", "container": "prefect-worker"}
{"ts": "2026-08-11T12:15:02.215Z", "level": "INFO", "service": "worker", "logger": "prefect.flow_runs", "msg": "[home] pulling window 2026-08-11 07:14:37 -> 2026-08-11 12:15:02", "flow_run_name": "archetypal-whippet", "flow_run_id": "019ff0ba-7060-7450-b2ca-8086a786ae58", "flow_name": "smarthub-data-pull", "deployment_name": "data-pull", "container": "prefect-worker"}
{"ts": "2026-08-11T12:15:02.219Z", "level": "INFO", "service": "worker", "logger": "httpx", "msg": "HTTP Request: GET http://prefect-server:4200/api/variables/name/smarthub_last_pull_timestamp_home \"HTTP/1.1 200 OK\"", "container": "prefect-worker"}
{"ts": "2026-08-11T12:15:02.224Z", "level": "INFO", "service": "worker", "logger": "smarthub.data_pull.pull", "msg": "SSH_TUNNEL=false -- connecting directly to Redshift smart-hub.c9m7m7mw0tl8.us-east-1.redshift.amazonaws.com:5439", "container": "prefect-worker"}
{"ts": "2026-08-11T12:15:02.438Z", "level": "INFO", "service": "worker", "logger": "alembic.runtime.plugins", "msg": "setup plugin alembic.autogenerate.schemas", "container": "prefect-worker"}
{"ts": "2026-08-11T12:15:02.439Z", "level": "INFO", "service": "worker", "logger": "alembic.runtime.plugins", "msg": "setup plugin alembic.autogenerate.tables", "container": "prefect-worker"}
{"ts": "2026-08-11T12:15:02.439Z", "level": "INFO", "service": "worker", "logger": "alembic.runtime.plugins", "msg": "setup plugin alembic.autogenerate.types", "container": "prefect-worker"}
{"ts": "2026-08-11T12:15:02.439Z", "level": "INFO", "service": "worker", "logger": "alembic.runtime.plugins", "msg": "setup plugin alembic.autogenerate.constraints", "container": "prefect-worker"}
{"ts": "2026-08-11T12:15:02.439Z", "level": "INFO", "service": "worker", "logger": "alembic.runtime.plugins", "msg": "setup plugin alembic.autogenerate.defaults", "container": "prefect-worker"}
{"ts": "2026-08-11T12:15:02.439Z", "level": "INFO", "service": "worker", "logger": "alembic.runtime.plugins", "msg": "setup plugin alembic.autogenerate.comments", "container": "prefect-worker"}
{"ts": "2026-08-11T12:15:02.869Z", "level": "INFO", "service": "worker", "logger": "smarthub.data_pull.pull", "msg": "Fetched leads frame with shape (633, 57)", "container": "prefect-worker"}
{"ts": "2026-08-11T12:15:02.871Z", "level": "INFO", "service": "worker", "logger": "prefect.task_runs", "msg": "Finished in state Completed()", "task_run_id": "019ff0bf-624c-7d05-9406-7d1ff758d5ea", "flow_run_id": "019ff0ba-7060-7450-b2ca-8086a786ae58", "task_run_name": "fetch-39f", "task_name": "fetch", "flow_run_name": "archetypal-whippet", "flow_name": "smarthub-data-pull", "container": "prefect-worker"}
{"ts": "2026-08-11T12:15:03.025Z", "level": "INFO", "service": "worker", "logger": "prefect.task_runs", "msg": "data-quality: rows=633, status=issues flagged, rule_violation_rows=1,268, cross_field={'current_carrier_when_not_insured': 608}, high_missing=['accepted', 'accepted_listings', 'annual_revenue', 'erred', 'error_reason_id', 'health_conditions', 'household_income', 'lead_created_at', 'life_coverage_amount', 'life_coverage_type', 'naics_code', 'num_dependents', 'num_employees', 'num_home_claims', 'pnc_bundle', 'rev', 'sic_code', 'won']", "task_run_id": "019ff0bf-64d7-77eb-9955-a10d99e57727", "flow_run_id": "019ff0ba-7060-7450-b2ca-8086a786ae58", "task_run_name": "validate-leads-7ec", "task_name": "validate-leads", "flow_run_name": "archetypal-whippet", "flow_name": "smarthub-data-pull", "container": "prefect-worker"}
{"ts": "2026-08-11T12:15:03.040Z", "level": "INFO", "service": "worker", "logger": "httpx", "msg": "HTTP Request: POST http://prefect-server:4200/api/artifacts/ \"HTTP/1.1 201 Created\"", "container": "prefect-worker"}
{"ts": "2026-08-11T12:15:03.043Z", "level": "INFO", "service": "worker", "logger": "prefect.task_runs", "msg": "Finished in state Completed()", "task_run_id": "019ff0bf-64d7-77eb-9955-a10d99e57727", "flow_run_id": "019ff0ba-7060-7450-b2ca-8086a786ae58", "task_run_name": "validate-leads-7ec", "task_name": "validate-leads", "flow_run_name": "archetypal-whippet", "flow_name": "smarthub-data-pull", "container": "prefect-worker"}
{"ts": "2026-08-11T12:15:03.162Z", "level": "INFO", "service": "worker", "logger": "smarthub.core.storage", "msg": "Parquet partition 11-08-2026.parquet: +633 rows", "container": "prefect-worker"}
{"ts": "2026-08-11T12:15:03.170Z", "level": "INFO", "service": "worker", "logger": "prefect.task_runs", "msg": "Finished in state Completed()", "task_run_id": "019ff0bf-6584-72c7-a2d7-bad0196b4789", "flow_run_id": "019ff0ba-7060-7450-b2ca-8086a786ae58", "task_run_name": "persist-6d1", "task_name": "persist", "flow_run_name": "archetypal-whippet", "flow_name": "smarthub-data-pull", "container": "prefect-worker"}
{"ts": "2026-08-11T12:15:03.193Z", "level": "INFO", "service": "worker", "logger": "httpx", "msg": "HTTP Request: GET http://prefect-server:4200/api/variables/name/smarthub_last_pull_timestamp_home \"HTTP/1.1 200 OK\"", "container": "prefect-worker"}
{"ts": "2026-08-11T12:15:03.205Z", "level": "INFO", "service": "worker", "logger": "httpx", "msg": "HTTP Request: PATCH http://prefect-server:4200/api/variables/name/smarthub_last_pull_timestamp_home \"HTTP/1.1 204 No Content\"", "container": "prefect-worker"}
{"ts": "2026-08-11T12:15:03.208Z", "level": "INFO", "service": "worker", "logger": "httpx", "msg": "HTTP Request: GET http://prefect-server:4200/api/variables/name/smarthub_last_pull_timestamp_home \"HTTP/1.1 200 OK\"", "container": "prefect-worker"}
{"ts": "2026-08-11T12:15:03.210Z", "level": "INFO", "service": "worker", "logger": "prefect.task_runs", "msg": "Finished in state Completed()", "task_run_id": "019ff0bf-6603-7a19-81a6-70ec54d9f10c", "flow_run_id": "019ff0ba-7060-7450-b2ca-8086a786ae58", "task_run_name": "update_watermark-61c", "task_name": "update_watermark", "flow_run_name": "archetypal-whippet", "flow_name": "smarthub-data-pull", "container": "prefect-worker"}
{"ts": "2026-08-11T12:15:03.210Z", "level": "INFO", "service": "worker", "logger": "prefect.flow_runs", "msg": "[home] persisted {'parquet_rows': 633, 'parquet_paths': ['/app/data/raw_datasets/leads/2026/08/11-08-2026.parquet']}; watermark now 2026-08-11 12:14:22", "flow_run_name": "archetypal-whippet", "flow_run_id": "019ff0ba-7060-7450-b2ca-8086a786ae58", "flow_name": "smarthub-data-pull", "deployment_name": "data-pull", "container": "prefect-worker"}
{"ts": "2026-08-11T12:15:03.226Z", "level": "INFO", "service": "worker", "logger": "httpx", "msg": "HTTP Request: POST http://prefect-server:4200/api/artifacts/ \"HTTP/1.1 201 Created\"", "container": "prefect-worker"}
{"ts": "2026-08-11T12:15:03.312Z", "level": "INFO", "service": "worker", "logger": "httpx", "msg": "HTTP Request: POST http://prefect-server:4200/api/flow_runs/019ff0ba-7060-7450-b2ca-8086a786ae58/set_state \"HTTP/1.1 201 Created\"", "container": "prefect-worker"}
{"ts": "2026-08-11T12:15:03.598Z", "level": "INFO", "service": "worker", "logger": "httpx", "msg": "HTTP Request: GET http://prefect-server:4200/api/csrf-token?client=00ba4d20-4551-4a82-a130-613edeb08b08 \"HTTP/1.1 422 Unprocessable Entity\"", "container": "prefect-worker"}
{"ts": "2026-08-11T12:15:03.608Z", "level": "INFO", "service": "worker", "logger": "httpx", "msg": "HTTP Request: POST http://prefect-server:4200/api/logs/ \"HTTP/1.1 201 Created\"", "container": "prefect-worker"}
{"ts": "2026-08-11T12:15:04.365Z", "level": "INFO", "service": "worker", "logger": "prefect.flow_runs", "msg": "Finished in state Completed()", "flow_run_name": "archetypal-whippet", "flow_run_id": "019ff0ba-7060-7450-b2ca-8086a786ae58", "flow_name": "smarthub-data-pull", "deployment_name": "data-pull", "container": "prefect-worker"}
{"ts": "2026-08-11T12:15:04.380Z", "level": "INFO", "service": "worker", "logger": "httpx", "msg": "HTTP Request: POST http://prefect-server:4200/api/logs/ \"HTTP/1.1 201 Created\"", "container": "prefect-worker"}
{"ts": "2026-08-11T12:15:04.907994886Z", "container": "prefect-worker", "msg": "12:15:04.907 | INFO    | prefect.flow_runs.runner - Process for flow run 'archetypal-whippet' exited cleanly."}
{"ts": "2026-08-11T12:16:26.232331419Z", "container": "prefect-worker", "msg": "Received SIGTERM. Sending SIGINT to the process worker (PID 6)..."}
{"ts": "2026-08-11T12:16:26.232438570Z", "container": "prefect-worker", "msg": "Received SIGINT. Sending SIGINT to the process worker (PID 6)..."}
{"ts": "2026-08-11T12:16:26.236300111Z", "container": "prefect-worker", "msg": "Worker 'ProcessWorker dc9964bf-6512-43fe-8898-46f5ba20e9da' stopped!"}
{"ts": "2026-08-11T12:16:40.482526181Z", "container": "prefect-worker", "msg": "Prefect API is up."}
{"ts": "2026-08-11T12:16:41.905471784Z", "container": "prefect-worker", "msg": "Work pool named 'smarthub-pool' already exists. Use --overwrite to update it."}
{"ts": "2026-08-11T12:16:43.207080719Z", "container": "prefect-worker", "msg": "Work queue with name: 'default' already exists."}
{"ts": "2026-08-11T12:16:44.387896183Z", "container": "prefect-worker", "msg": "Work queue with name: 'features' already exists."}
{"ts": "2026-08-11T12:16:45.593013892Z", "container": "prefect-worker", "msg": "Work queue with name: 'training' already exists."}
{"ts": "2026-08-11T12:16:45.806676141Z", "container": "prefect-worker", "msg": "Registering deployments from prefect.yaml ..."}
{"ts": "2026-08-11T12:16:47.313309148Z", "container": "prefect-worker", "msg": "Deploying all flows with an existing deployment configuration..."}
{"ts": "2026-08-11T12:16:47.313552150Z", "container": "prefect-worker", "msg": "╭──────────────────────────────────────────────────────────────────────────────╮"}
{"ts": "2026-08-11T12:16:47.313565330Z", "container": "prefect-worker", "msg": "│ Deploying data-pull                                                          │"}
{"ts": "2026-08-11T12:16:47.313569210Z", "container": "prefect-worker", "msg": "╰──────────────────────────────────────────────────────────────────────────────╯"}
{"ts": "2026-08-11T12:16:47.854Z", "level": "INFO", "service": "worker", "logger": "httpx", "msg": "HTTP Request: GET http://prefect-server:4200/api/work_pools/smarthub-pool \"HTTP/1.1 200 OK\"", "container": "prefect-worker"}
{"ts": "2026-08-11T12:16:47.860Z", "level": "INFO", "service": "worker", "logger": "httpx", "msg": "HTTP Request: GET http://prefect-server:4200/api/work_pools/smarthub-pool \"HTTP/1.1 200 OK\"", "container": "prefect-worker"}
{"ts": "2026-08-11T12:16:47.906Z", "level": "INFO", "service": "worker", "logger": "httpx", "msg": "HTTP Request: GET http://prefect-server:4200/api/deployments/name/smarthub-data-pull/data-pull \"HTTP/1.1 200 OK\"", "container": "prefect-worker"}
{"ts": "2026-08-11T12:16:47.929Z", "level": "INFO", "service": "worker", "logger": "httpx", "msg": "HTTP Request: GET http://prefect-server:4200/api/csrf-token?client=7b11b837-1413-4807-bf01-8c6beb8a37a9 \"HTTP/1.1 422 Unprocessable Entity\"", "container": "prefect-worker"}
{"ts": "2026-08-11T12:16:47.989Z", "level": "INFO", "service": "worker", "logger": "httpx", "msg": "HTTP Request: PATCH http://prefect-server:4200/api/deployments/15dcce44-4b5f-4048-b854-eeba60c3b514 \"HTTP/1.1 204 No Content\"", "container": "prefect-worker"}
{"ts": "2026-08-11T12:16:47.994Z", "level": "INFO", "service": "worker", "logger": "httpx", "msg": "HTTP Request: DELETE http://prefect-server:4200/api/automations/owned-by/prefect.deployment.15dcce44-4b5f-4048-b854-eeba60c3b514 \"HTTP/1.1 202 Accepted\"", "container": "prefect-worker"}
{"ts": "2026-08-11T12:16:47.997Z", "level": "INFO", "service": "worker", "logger": "httpx", "msg": "HTTP Request: GET http://prefect-server:4200/api/csrf-token?client=0a196c18-806b-48a7-857c-6eb94a7dffbb \"HTTP/1.1 422 Unprocessable Entity\"", "container": "prefect-worker"}
{"ts": "2026-08-11T12:16:48.001Z", "level": "INFO", "service": "worker", "logger": "httpx", "msg": "HTTP Request: DELETE http://prefect-server:4200/api/automations/owned-by/prefect.deployment.15dcce44-4b5f-4048-b854-eeba60c3b514 \"HTTP/1.1 202 Accepted\"", "container": "prefect-worker"}
{"ts": "2026-08-11T12:16:48.001898001Z", "container": "prefect-worker", "msg": "╭──────────────────────────────────────────────────────────────────────────────╮"}
{"ts": "2026-08-11T12:16:48.001908781Z", "container": "prefect-worker", "msg": "│ Deployment 'smarthub-data-pull/data-pull' successfully created with id       │"}
{"ts": "2026-08-11T12:16:48.001912521Z", "container": "prefect-worker", "msg": "│ '15dcce44-4b5f-4048-b854-eeba60c3b514'.                                      │"}
{"ts": "2026-08-11T12:16:48.001915761Z", "container": "prefect-worker", "msg": "╰──────────────────────────────────────────────────────────────────────────────╯"}
{"ts": "2026-08-11T12:16:48.002094292Z", "container": "prefect-worker", "msg": ""}
{"ts": "2026-08-11T12:16:48.002101112Z", "container": "prefect-worker", "msg": "View Deployment in UI: http://prefect-server:4200/deployments/deployment/15dcce44-4b5f-4048-b854-eeba60c3b514"}
{"ts": "2026-08-11T12:16:48.002104452Z", "container": "prefect-worker", "msg": ""}
{"ts": "2026-08-11T12:16:48.007Z", "level": "INFO", "service": "worker", "logger": "httpx", "msg": "HTTP Request: POST http://prefect-server:4200/api/work_pools/smarthub-pool/workers/filter \"HTTP/1.1 200 OK\"", "container": "prefect-worker"}
{"ts": "2026-08-11T12:16:48.008457123Z", "container": "prefect-worker", "msg": ""}
{"ts": "2026-08-11T12:16:48.008467413Z", "container": "prefect-worker", "msg": "To schedule a run for this deployment, use the following command:"}
{"ts": "2026-08-11T12:16:48.008698585Z", "container": "prefect-worker", "msg": ""}
{"ts": "2026-08-11T12:16:48.008705775Z", "container": "prefect-worker", "msg": "        $ prefect deployment run 'smarthub-data-pull/data-pull'"}
{"ts": "2026-08-11T12:16:48.008709115Z", "container": "prefect-worker", "msg": ""}
{"ts": "2026-08-11T12:16:48.008882137Z", "container": "prefect-worker", "msg": "╭──────────────────────────────────────────────────────────────────────────────╮"}
{"ts": "2026-08-11T12:16:48.008894157Z", "container": "prefect-worker", "msg": "│ Deploying build-features                                                     │"}
{"ts": "2026-08-11T12:16:48.008897947Z", "container": "prefect-worker", "msg": "╰──────────────────────────────────────────────────────────────────────────────╯"}
{"ts": "2026-08-11T12:16:48.048Z", "level": "INFO", "service": "worker", "logger": "httpx", "msg": "HTTP Request: GET http://prefect-server:4200/api/work_pools/smarthub-pool \"HTTP/1.1 200 OK\"", "container": "prefect-worker"}
{"ts": "2026-08-11T12:16:48.052Z", "level": "INFO", "service": "worker", "logger": "httpx", "msg": "HTTP Request: GET http://prefect-server:4200/api/work_pools/smarthub-pool \"HTTP/1.1 200 OK\"", "container": "prefect-worker"}
{"ts": "2026-08-11T12:16:48.094Z", "level": "INFO", "service": "worker", "logger": "httpx", "msg": "HTTP Request: GET http://prefect-server:4200/api/deployments/name/smarthub-build-features/build-features \"HTTP/1.1 200 OK\"", "container": "prefect-worker"}
{"ts": "2026-08-11T12:16:48.110Z", "level": "INFO", "service": "worker", "logger": "httpx", "msg": "HTTP Request: GET http://prefect-server:4200/api/csrf-token?client=7d5c82b9-b3f3-469a-aa12-c8991e1706e2 \"HTTP/1.1 422 Unprocessable Entity\"", "container": "prefect-worker"}
{"ts": "2026-08-11T12:16:48.167Z", "level": "INFO", "service": "worker", "logger": "httpx", "msg": "HTTP Request: PATCH http://prefect-server:4200/api/deployments/8d536def-a82a-4c94-941b-14c2c0468511 \"HTTP/1.1 204 No Content\"", "container": "prefect-worker"}
{"ts": "2026-08-11T12:16:48.172Z", "level": "INFO", "service": "worker", "logger": "httpx", "msg": "HTTP Request: DELETE http://prefect-server:4200/api/automations/owned-by/prefect.deployment.8d536def-a82a-4c94-941b-14c2c0468511 \"HTTP/1.1 202 Accepted\"", "container": "prefect-worker"}
{"ts": "2026-08-11T12:16:48.174Z", "level": "INFO", "service": "worker", "logger": "httpx", "msg": "HTTP Request: GET http://prefect-server:4200/api/csrf-token?client=626f4333-cead-4365-adbe-1c21c06df58b \"HTTP/1.1 422 Unprocessable Entity\"", "container": "prefect-worker"}
{"ts": "2026-08-11T12:16:48.177Z", "level": "INFO", "service": "worker", "logger": "httpx", "msg": "HTTP Request: DELETE http://prefect-server:4200/api/automations/owned-by/prefect.deployment.8d536def-a82a-4c94-941b-14c2c0468511 \"HTTP/1.1 202 Accepted\"", "container": "prefect-worker"}
{"ts": "2026-08-11T12:16:48.178324371Z", "container": "prefect-worker", "msg": "╭──────────────────────────────────────────────────────────────────────────────╮"}
{"ts": "2026-08-11T12:16:48.178331891Z", "container": "prefect-worker", "msg": "│ Deployment 'smarthub-build-features/build-features' successfully created     │"}
{"ts": "2026-08-11T12:16:48.178335681Z", "container": "prefect-worker", "msg": "│ with id '8d536def-a82a-4c94-941b-14c2c0468511'.                              │"}
{"ts": "2026-08-11T12:16:48.178338881Z", "container": "prefect-worker", "msg": "╰──────────────────────────────────────────────────────────────────────────────╯"}
{"ts": "2026-08-11T12:16:48.178443762Z", "container": "prefect-worker", "msg": ""}
{"ts": "2026-08-11T12:16:48.178450492Z", "container": "prefect-worker", "msg": "View Deployment in UI: http://prefect-server:4200/deployments/deployment/8d536def-a82a-4c94-941b-14c2c0468511"}
{"ts": "2026-08-11T12:16:48.178453952Z", "container": "prefect-worker", "msg": ""}
{"ts": "2026-08-11T12:16:48.182Z", "level": "INFO", "service": "worker", "logger": "httpx", "msg": "HTTP Request: POST http://prefect-server:4200/api/work_pools/smarthub-pool/workers/filter \"HTTP/1.1 200 OK\"", "container": "prefect-worker"}
{"ts": "2026-08-11T12:16:48.182957508Z", "container": "prefect-worker", "msg": ""}
{"ts": "2026-08-11T12:16:48.182968898Z", "container": "prefect-worker", "msg": "To schedule a run for this deployment, use the following command:"}
{"ts": "2026-08-11T12:16:48.183143599Z", "container": "prefect-worker", "msg": ""}
{"ts": "2026-08-11T12:16:48.183151039Z", "container": "prefect-worker", "msg": "        $ prefect deployment run 'smarthub-build-features/build-features'"}
{"ts": "2026-08-11T12:16:48.183154469Z", "container": "prefect-worker", "msg": ""}
{"ts": "2026-08-11T12:16:48.183378441Z", "container": "prefect-worker", "msg": "╭──────────────────────────────────────────────────────────────────────────────╮"}
{"ts": "2026-08-11T12:16:48.183387401Z", "container": "prefect-worker", "msg": "│ Deploying train-model                                                        │"}
{"ts": "2026-08-11T12:16:48.183391121Z", "container": "prefect-worker", "msg": "╰──────────────────────────────────────────────────────────────────────────────╯"}
{"ts": "2026-08-11T12:16:49.157Z", "level": "INFO", "service": "worker", "logger": "matplotlib.font_manager", "msg": "generated new fontManager", "container": "prefect-worker"}
{"ts": "2026-08-11T12:16:49.343Z", "level": "INFO", "service": "worker", "logger": "httpx", "msg": "HTTP Request: GET http://prefect-server:4200/api/work_pools/smarthub-pool \"HTTP/1.1 200 OK\"", "container": "prefect-worker"}
{"ts": "2026-08-11T12:16:49.347Z", "level": "INFO", "service": "worker", "logger": "httpx", "msg": "HTTP Request: GET http://prefect-server:4200/api/work_pools/smarthub-pool \"HTTP/1.1 200 OK\"", "container": "prefect-worker"}
{"ts": "2026-08-11T12:16:49.392Z", "level": "INFO", "service": "worker", "logger": "httpx", "msg": "HTTP Request: GET http://prefect-server:4200/api/deployments/name/smarthub-train-model/train-model \"HTTP/1.1 200 OK\"", "container": "prefect-worker"}
{"ts": "2026-08-11T12:16:49.408Z", "level": "INFO", "service": "worker", "logger": "httpx", "msg": "HTTP Request: GET http://prefect-server:4200/api/csrf-token?client=985c2a07-f529-4cea-9e7e-62cde991d86d \"HTTP/1.1 422 Unprocessable Entity\"", "container": "prefect-worker"}
{"ts": "2026-08-11T12:16:49.468Z", "level": "INFO", "service": "worker", "logger": "httpx", "msg": "HTTP Request: PATCH http://prefect-server:4200/api/deployments/f2af7572-283e-43ab-bfa3-0ad7cee08503 \"HTTP/1.1 204 No Content\"", "container": "prefect-worker"}
{"ts": "2026-08-11T12:16:49.473Z", "level": "INFO", "service": "worker", "logger": "httpx", "msg": "HTTP Request: DELETE http://prefect-server:4200/api/automations/owned-by/prefect.deployment.f2af7572-283e-43ab-bfa3-0ad7cee08503 \"HTTP/1.1 202 Accepted\"", "container": "prefect-worker"}
{"ts": "2026-08-11T12:16:49.476Z", "level": "INFO", "service": "worker", "logger": "httpx", "msg": "HTTP Request: GET http://prefect-server:4200/api/csrf-token?client=3c9b7a4a-d5ef-445e-b488-4c6441a872c8 \"HTTP/1.1 422 Unprocessable Entity\"", "container": "prefect-worker"}
{"ts": "2026-08-11T12:16:49.480Z", "level": "INFO", "service": "worker", "logger": "httpx", "msg": "HTTP Request: DELETE http://prefect-server:4200/api/automations/owned-by/prefect.deployment.f2af7572-283e-43ab-bfa3-0ad7cee08503 \"HTTP/1.1 202 Accepted\"", "container": "prefect-worker"}
{"ts": "2026-08-11T12:16:49.481502950Z", "container": "prefect-worker", "msg": "╭──────────────────────────────────────────────────────────────────────────────╮"}
{"ts": "2026-08-11T12:16:49.481511721Z", "container": "prefect-worker", "msg": "│ Deployment 'smarthub-train-model/train-model' successfully created with id   │"}
{"ts": "2026-08-11T12:16:49.481515291Z", "container": "prefect-worker", "msg": "│ 'f2af7572-283e-43ab-bfa3-0ad7cee08503'.                                      │"}
{"ts": "2026-08-11T12:16:49.481518471Z", "container": "prefect-worker", "msg": "╰──────────────────────────────────────────────────────────────────────────────╯"}
{"ts": "2026-08-11T12:16:49.481628531Z", "container": "prefect-worker", "msg": ""}
{"ts": "2026-08-11T12:16:49.481641682Z", "container": "prefect-worker", "msg": "View Deployment in UI: http://prefect-server:4200/deployments/deployment/f2af7572-283e-43ab-bfa3-0ad7cee08503"}
{"ts": "2026-08-11T12:16:49.481645052Z", "container": "prefect-worker", "msg": ""}
{"ts": "2026-08-11T12:16:49.486Z", "level": "INFO", "service": "worker", "logger": "httpx", "msg": "HTTP Request: POST http://prefect-server:4200/api/work_pools/smarthub-pool/workers/filter \"HTTP/1.1 200 OK\"", "container": "prefect-worker"}
{"ts": "2026-08-11T12:16:49.486779073Z", "container": "prefect-worker", "msg": ""}
{"ts": "2026-08-11T12:16:49.486785313Z", "container": "prefect-worker", "msg": "To schedule a run for this deployment, use the following command:"}
{"ts": "2026-08-11T12:16:49.486969945Z", "container": "prefect-worker", "msg": ""}
{"ts": "2026-08-11T12:16:49.486974755Z", "container": "prefect-worker", "msg": "        $ prefect deployment run 'smarthub-train-model/train-model'"}
{"ts": "2026-08-11T12:16:49.486977875Z", "container": "prefect-worker", "msg": ""}
{"ts": "2026-08-11T12:16:50.058351314Z", "container": "prefect-worker", "msg": "Starting worker on pool='smarthub-pool' queues='default features training' ..."}
{"ts": "2026-08-11T12:16:51.405236806Z", "container": "prefect-worker", "msg": "Discovered type 'process' for work pool 'smarthub-pool'."}
{"ts": "2026-08-11T12:16:51.723704929Z", "container": "prefect-worker", "msg": "Worker 'ProcessWorker 188531af-a528-4dad-b279-434cac33c1ce' started!"}
{"ts": "2026-08-11T12:29:52.254333322Z", "container": "prefect-worker", "msg": "12:29:52.251 | INFO    | prefect.flow_runs.worker - Worker 'ProcessWorker 188531af-a528-4dad-b279-434cac33c1ce' submitting flow run '019ff0c1-058d-7ca4-ba6c-c7dbdf795dca'"}
{"ts": "2026-08-11T12:29:52.610061805Z", "container": "prefect-worker", "msg": "12:29:52.609 | INFO    | prefect.flow_runs.runner - Starting flow run process..."}
{"ts": "2026-08-11T12:29:52.635888143Z", "container": "prefect-worker", "msg": "12:29:52.635 | INFO    | prefect.flow_runs.worker - Flow run 'jasmine-teal' submitted to infrastructure"}
{"ts": "2026-08-11T12:29:53.837703215Z", "container": "prefect-worker", "msg": "12:29:53.831 | INFO    | Flow run 'jasmine-teal' - Running 1 deployment pull step(s)"}
{"ts": "2026-08-11T12:29:53.857849057Z", "container": "prefect-worker", "msg": "12:29:53.856 | INFO    | Flow run 'jasmine-teal' - Executing deployment step: set_working_directory"}
{"ts": "2026-08-11T12:29:53.869608332Z", "container": "prefect-worker", "msg": "12:29:53.868 | INFO    | Flow run 'jasmine-teal' - Deployment step 'set_working_directory' completed successfully"}
{"ts": "2026-08-11T12:29:53.883371493Z", "container": "prefect-worker", "msg": "12:29:53.882 | INFO    | Flow run 'jasmine-teal' - All deployment steps completed successfully"}
{"ts": "2026-08-11T12:29:53.964Z", "level": "INFO", "service": "worker", "logger": "httpx", "msg": "HTTP Request: GET http://prefect-server:4200/api/admin/version \"HTTP/1.1 200 OK\"", "container": "prefect-worker"}
{"ts": "2026-08-11T12:29:53.967Z", "level": "INFO", "service": "worker", "logger": "httpx", "msg": "HTTP Request: GET http://prefect-server:4200/api/csrf-token?client=c995100e-a20f-4bfa-99bd-03873166b2b4 \"HTTP/1.1 422 Unprocessable Entity\"", "container": "prefect-worker"}
{"ts": "2026-08-11T12:29:53.972Z", "level": "INFO", "service": "worker", "logger": "httpx", "msg": "HTTP Request: PATCH http://prefect-server:4200/api/flow_runs/019ff0c1-058d-7ca4-ba6c-c7dbdf795dca \"HTTP/1.1 204 No Content\"", "container": "prefect-worker"}
{"ts": "2026-08-11T12:29:53.991Z", "level": "INFO", "service": "worker", "logger": "httpx", "msg": "HTTP Request: GET http://prefect-server:4200/api/flow_runs/019ff0c1-058d-7ca4-ba6c-c7dbdf795dca \"HTTP/1.1 200 OK\"", "container": "prefect-worker"}
{"ts": "2026-08-11T12:29:54.003Z", "level": "INFO", "service": "worker", "logger": "httpx", "msg": "HTTP Request: POST http://prefect-server:4200/api/flow_runs/019ff0c1-058d-7ca4-ba6c-c7dbdf795dca/set_state \"HTTP/1.1 200 OK\"", "container": "prefect-worker"}
{"ts": "2026-08-11T12:29:55.844Z", "level": "INFO", "service": "worker", "logger": "httpx", "msg": "HTTP Request: GET http://prefect-server:4200/api/csrf-token?client=78b0b4aa-a2c0-4ea5-aa2e-7ac0d70d618f \"HTTP/1.1 422 Unprocessable Entity\"", "container": "prefect-worker"}
{"ts": "2026-08-11T12:29:55.851Z", "level": "INFO", "service": "worker", "logger": "httpx", "msg": "HTTP Request: POST http://prefect-server:4200/api/logs/ \"HTTP/1.1 201 Created\"", "container": "prefect-worker"}
{"ts": "2026-08-11T12:30:00.039Z", "level": "INFO", "service": "worker", "logger": "httpx", "msg": "HTTP Request: POST http://prefect-server:4200/api/flow_runs/019ff0c1-058d-7ca4-ba6c-c7dbdf795dca/set_state \"HTTP/1.1 201 Created\"", "container": "prefect-worker"}
{"ts": "2026-08-11T12:30:00.046Z", "level": "INFO", "service": "worker", "logger": "httpx", "msg": "HTTP Request: GET http://prefect-server:4200/api/flow_runs/019ff0c1-058d-7ca4-ba6c-c7dbdf795dca \"HTTP/1.1 200 OK\"", "container": "prefect-worker"}
{"ts": "2026-08-11T12:30:00.051Z", "level": "INFO", "service": "worker", "logger": "httpx", "msg": "HTTP Request: GET http://prefect-server:4200/api/admin/storage \"HTTP/1.1 200 OK\"", "container": "prefect-worker"}
{"ts": "2026-08-11T12:30:00.054Z", "level": "INFO", "service": "worker", "logger": "httpx", "msg": "HTTP Request: GET http://prefect-server:4200/api/admin/storage \"HTTP/1.1 200 OK\"", "container": "prefect-worker"}
{"ts": "2026-08-11T12:30:00.054Z", "level": "INFO", "service": "worker", "logger": "prefect.flow_runs", "msg": "Beginning flow run 'jasmine-teal' for flow 'smarthub-build-features'", "flow_run_name": "jasmine-teal", "flow_run_id": "019ff0c1-058d-7ca4-ba6c-c7dbdf795dca", "flow_name": "smarthub-build-features", "deployment_name": "build-features", "container": "prefect-worker"}
{"ts": "2026-08-11T12:30:00.055Z", "level": "INFO", "service": "worker", "logger": "prefect.flow_runs", "msg": "View at http://prefect-server:4200/runs/flow-run/019ff0c1-058d-7ca4-ba6c-c7dbdf795dca", "flow_run_name": "jasmine-teal", "flow_run_id": "019ff0c1-058d-7ca4-ba6c-c7dbdf795dca", "flow_name": "smarthub-build-features", "deployment_name": "build-features", "send_to_api": false, "container": "prefect-worker"}
{"ts": "2026-08-11T12:30:00.149Z", "level": "INFO", "service": "worker", "logger": "httpx", "msg": "HTTP Request: GET http://prefect-server:4200/api/flows/ed336d12-897f-42a6-bdf9-d48b8de86b57 \"HTTP/1.1 200 OK\"", "container": "prefect-worker"}
{"ts": "2026-08-11T12:30:00.150Z", "level": "INFO", "service": "worker", "logger": "httpx", "msg": "HTTP Request: GET http://prefect-server:4200/api/work_queues/109a2d50-2dca-4233-a9a5-9ec78fefd79f \"HTTP/1.1 200 OK\"", "container": "prefect-worker"}
{"ts": "2026-08-11T12:30:00.150Z", "level": "INFO", "service": "worker", "logger": "httpx", "msg": "HTTP Request: GET http://prefect-server:4200/api/deployments/8d536def-a82a-4c94-941b-14c2c0468511 \"HTTP/1.1 200 OK\"", "container": "prefect-worker"}
{"ts": "2026-08-11T12:30:00.150Z", "level": "INFO", "service": "worker", "logger": "httpx", "msg": "HTTP Request: GET http://prefect-server:4200/api/work_pools/smarthub-pool \"HTTP/1.1 200 OK\"", "container": "prefect-worker"}
{"ts": "2026-08-11T12:30:01.878Z", "level": "INFO", "service": "worker", "logger": "httpx", "msg": "HTTP Request: POST http://prefect-server:4200/api/logs/ \"HTTP/1.1 201 Created\"", "container": "prefect-worker"}
{"ts": "2026-08-11T12:30:09.899Z", "level": "INFO", "service": "worker", "logger": "prefect.task_runs", "msg": "[auto] training table 2026-08-11T123009Z: 464574 rows, 40 cols -> /app/data/training_datasets/auto/2026-08-11T123009Z.parquet", "task_run_id": "019ff0cd-158a-7f43-ad9a-1476657d66bd", "flow_run_id": "019ff0c1-058d-7ca4-ba6c-c7dbdf795dca", "task_run_name": "build-training-table-1b7", "task_name": "build-training-table", "flow_run_name": "jasmine-teal", "flow_name": "smarthub-build-features", "container": "prefect-worker"}
{"ts": "2026-08-11T12:30:10.012Z", "level": "INFO", "service": "worker", "logger": "prefect.task_runs", "msg": "Finished in state Completed()", "task_run_id": "019ff0cd-158a-7f43-ad9a-1476657d66bd", "flow_run_id": "019ff0c1-058d-7ca4-ba6c-c7dbdf795dca", "task_run_name": "build-training-table-1b7", "task_name": "build-training-table", "flow_run_name": "jasmine-teal", "flow_name": "smarthub-build-features", "container": "prefect-worker"}
{"ts": "2026-08-11T12:30:10.035Z", "level": "INFO", "service": "worker", "logger": "httpx", "msg": "HTTP Request: POST http://prefect-server:4200/api/artifacts/ \"HTTP/1.1 201 Created\"", "container": "prefect-worker"}
{"ts": "2026-08-11T12:30:10.218Z", "level": "INFO", "service": "worker", "logger": "httpx", "msg": "HTTP Request: POST http://prefect-server:4200/api/flow_runs/019ff0c1-058d-7ca4-ba6c-c7dbdf795dca/set_state \"HTTP/1.1 201 Created\"", "container": "prefect-worker"}
{"ts": "2026-08-11T12:30:10.402Z", "level": "INFO", "service": "worker", "logger": "httpx", "msg": "HTTP Request: POST http://prefect-server:4200/api/logs/ \"HTTP/1.1 201 Created\"", "container": "prefect-worker"}
{"ts": "2026-08-11T12:30:10.413Z", "level": "INFO", "service": "worker", "logger": "prefect.flow_runs", "msg": "Finished in state Completed()", "flow_run_name": "jasmine-teal", "flow_run_id": "019ff0c1-058d-7ca4-ba6c-c7dbdf795dca", "flow_name": "smarthub-build-features", "deployment_name": "build-features", "container": "prefect-worker"}
{"ts": "2026-08-11T12:30:10.420Z", "level": "INFO", "service": "worker", "logger": "httpx", "msg": "HTTP Request: POST http://prefect-server:4200/api/logs/ \"HTTP/1.1 201 Created\"", "container": "prefect-worker"}
{"ts": "2026-08-11T12:30:10.739960290Z", "container": "prefect-worker", "msg": "12:30:10.739 | INFO    | prefect.flow_runs.runner - Process for flow run 'jasmine-teal' exited cleanly."}
{"ts": "2026-08-11T12:30:50.627530362Z", "container": "prefect-worker", "msg": "Received SIGTERM. Sending SIGINT to the process worker (PID 7)..."}
{"ts": "2026-08-11T12:30:50.627658373Z", "container": "prefect-worker", "msg": "Received SIGINT. Sending SIGINT to the process worker (PID 7)..."}
{"ts": "2026-08-11T12:30:50.631340143Z", "container": "prefect-worker", "msg": "Worker 'ProcessWorker 188531af-a528-4dad-b279-434cac33c1ce' stopped!"}
{"ts": "2026-08-11T12:31:04.929347613Z", "container": "prefect-worker", "msg": "Prefect API is up."}
{"ts": "2026-08-11T12:31:06.387858689Z", "container": "prefect-worker", "msg": "Work pool named 'smarthub-pool' already exists. Use --overwrite to update it."}
{"ts": "2026-08-11T12:31:07.653560522Z", "container": "prefect-worker", "msg": "Work queue with name: 'default' already exists."}
{"ts": "2026-08-11T12:31:08.828201246Z", "container": "prefect-worker", "msg": "Work queue with name: 'features' already exists."}
{"ts": "2026-08-11T12:31:10.038920578Z", "container": "prefect-worker", "msg": "Work queue with name: 'training' already exists."}
{"ts": "2026-08-11T12:31:10.287396168Z", "container": "prefect-worker", "msg": "Registering deployments from prefect.yaml ..."}
{"ts": "2026-08-11T12:31:11.842880941Z", "container": "prefect-worker", "msg": "Deploying all flows with an existing deployment configuration..."}
{"ts": "2026-08-11T12:31:11.843277174Z", "container": "prefect-worker", "msg": "╭──────────────────────────────────────────────────────────────────────────────╮"}
{"ts": "2026-08-11T12:31:11.843287484Z", "container": "prefect-worker", "msg": "│ Deploying data-pull                                                          │"}
{"ts": "2026-08-11T12:31:11.843309064Z", "container": "prefect-worker", "msg": "╰──────────────────────────────────────────────────────────────────────────────╯"}
{"ts": "2026-08-11T12:31:12.404Z", "level": "INFO", "service": "worker", "logger": "httpx", "msg": "HTTP Request: GET http://prefect-server:4200/api/work_pools/smarthub-pool \"HTTP/1.1 200 OK\"", "container": "prefect-worker"}
{"ts": "2026-08-11T12:31:12.410Z", "level": "INFO", "service": "worker", "logger": "httpx", "msg": "HTTP Request: GET http://prefect-server:4200/api/work_pools/smarthub-pool \"HTTP/1.1 200 OK\"", "container": "prefect-worker"}
{"ts": "2026-08-11T12:31:12.458Z", "level": "INFO", "service": "worker", "logger": "httpx", "msg": "HTTP Request: GET http://prefect-server:4200/api/deployments/name/smarthub-data-pull/data-pull \"HTTP/1.1 200 OK\"", "container": "prefect-worker"}
{"ts": "2026-08-11T12:31:12.481Z", "level": "INFO", "service": "worker", "logger": "httpx", "msg": "HTTP Request: GET http://prefect-server:4200/api/csrf-token?client=c4162b25-a249-4995-9aeb-3f40b982d689 \"HTTP/1.1 422 Unprocessable Entity\"", "container": "prefect-worker"}
{"ts": "2026-08-11T12:31:12.548Z", "level": "INFO", "service": "worker", "logger": "httpx", "msg": "HTTP Request: PATCH http://prefect-server:4200/api/deployments/15dcce44-4b5f-4048-b854-eeba60c3b514 \"HTTP/1.1 204 No Content\"", "container": "prefect-worker"}
{"ts": "2026-08-11T12:31:12.554Z", "level": "INFO", "service": "worker", "logger": "httpx", "msg": "HTTP Request: DELETE http://prefect-server:4200/api/automations/owned-by/prefect.deployment.15dcce44-4b5f-4048-b854-eeba60c3b514 \"HTTP/1.1 202 Accepted\"", "container": "prefect-worker"}
{"ts": "2026-08-11T12:31:12.556Z", "level": "INFO", "service": "worker", "logger": "httpx", "msg": "HTTP Request: GET http://prefect-server:4200/api/csrf-token?client=153ff951-993c-4f63-ac0d-d008364ba289 \"HTTP/1.1 422 Unprocessable Entity\"", "container": "prefect-worker"}
{"ts": "2026-08-11T12:31:12.560Z", "level": "INFO", "service": "worker", "logger": "httpx", "msg": "HTTP Request: DELETE http://prefect-server:4200/api/automations/owned-by/prefect.deployment.15dcce44-4b5f-4048-b854-eeba60c3b514 \"HTTP/1.1 202 Accepted\"", "container": "prefect-worker"}
{"ts": "2026-08-11T12:31:12.561485254Z", "container": "prefect-worker", "msg": "╭──────────────────────────────────────────────────────────────────────────────╮"}
{"ts": "2026-08-11T12:31:12.561496144Z", "container": "prefect-worker", "msg": "│ Deployment 'smarthub-data-pull/data-pull' successfully created with id       │"}
{"ts": "2026-08-11T12:31:12.561499684Z", "container": "prefect-worker", "msg": "│ '15dcce44-4b5f-4048-b854-eeba60c3b514'.                                      │"}
{"ts": "2026-08-11T12:31:12.561502824Z", "container": "prefect-worker", "msg": "╰──────────────────────────────────────────────────────────────────────────────╯"}
{"ts": "2026-08-11T12:31:12.561682215Z", "container": "prefect-worker", "msg": ""}
{"ts": "2026-08-11T12:31:12.561688395Z", "container": "prefect-worker", "msg": "View Deployment in UI: http://prefect-server:4200/deployments/deployment/15dcce44-4b5f-4048-b854-eeba60c3b514"}
{"ts": "2026-08-11T12:31:12.561691915Z", "container": "prefect-worker", "msg": ""}
{"ts": "2026-08-11T12:31:12.567Z", "level": "INFO", "service": "worker", "logger": "httpx", "msg": "HTTP Request: POST http://prefect-server:4200/api/work_pools/smarthub-pool/workers/filter \"HTTP/1.1 200 OK\"", "container": "prefect-worker"}
{"ts": "2026-08-11T12:31:12.568302128Z", "container": "prefect-worker", "msg": ""}
{"ts": "2026-08-11T12:31:12.568313968Z", "container": "prefect-worker", "msg": "To schedule a run for this deployment, use the following command:"}
{"ts": "2026-08-11T12:31:12.568524000Z", "container": "prefect-worker", "msg": ""}
{"ts": "2026-08-11T12:31:12.568530230Z", "container": "prefect-worker", "msg": "        $ prefect deployment run 'smarthub-data-pull/data-pull'"}
{"ts": "2026-08-11T12:31:12.568533540Z", "container": "prefect-worker", "msg": ""}
{"ts": "2026-08-11T12:31:12.568701651Z", "container": "prefect-worker", "msg": "╭──────────────────────────────────────────────────────────────────────────────╮"}
{"ts": "2026-08-11T12:31:12.568708361Z", "container": "prefect-worker", "msg": "│ Deploying build-features                                                     │"}
{"ts": "2026-08-11T12:31:12.568711791Z", "container": "prefect-worker", "msg": "╰──────────────────────────────────────────────────────────────────────────────╯"}
{"ts": "2026-08-11T12:31:12.607Z", "level": "INFO", "service": "worker", "logger": "httpx", "msg": "HTTP Request: GET http://prefect-server:4200/api/work_pools/smarthub-pool \"HTTP/1.1 200 OK\"", "container": "prefect-worker"}
{"ts": "2026-08-11T12:31:12.612Z", "level": "INFO", "service": "worker", "logger": "httpx", "msg": "HTTP Request: GET http://prefect-server:4200/api/work_pools/smarthub-pool \"HTTP/1.1 200 OK\"", "container": "prefect-worker"}
{"ts": "2026-08-11T12:31:12.655Z", "level": "INFO", "service": "worker", "logger": "httpx", "msg": "HTTP Request: GET http://prefect-server:4200/api/deployments/name/smarthub-build-features/build-features \"HTTP/1.1 200 OK\"", "container": "prefect-worker"}
{"ts": "2026-08-11T12:31:12.671Z", "level": "INFO", "service": "worker", "logger": "httpx", "msg": "HTTP Request: GET http://prefect-server:4200/api/csrf-token?client=5fdc0f41-760d-4375-aa8c-f690ee366c9a \"HTTP/1.1 422 Unprocessable Entity\"", "container": "prefect-worker"}
{"ts": "2026-08-11T12:31:12.731Z", "level": "INFO", "service": "worker", "logger": "httpx", "msg": "HTTP Request: PATCH http://prefect-server:4200/api/deployments/8d536def-a82a-4c94-941b-14c2c0468511 \"HTTP/1.1 204 No Content\"", "container": "prefect-worker"}
{"ts": "2026-08-11T12:31:12.736Z", "level": "INFO", "service": "worker", "logger": "httpx", "msg": "HTTP Request: DELETE http://prefect-server:4200/api/automations/owned-by/prefect.deployment.8d536def-a82a-4c94-941b-14c2c0468511 \"HTTP/1.1 202 Accepted\"", "container": "prefect-worker"}
{"ts": "2026-08-11T12:31:12.739Z", "level": "INFO", "service": "worker", "logger": "httpx", "msg": "HTTP Request: GET http://prefect-server:4200/api/csrf-token?client=4369a525-5c7d-4ca3-b054-c071adbadc00 \"HTTP/1.1 422 Unprocessable Entity\"", "container": "prefect-worker"}
{"ts": "2026-08-11T12:31:12.743Z", "level": "INFO", "service": "worker", "logger": "httpx", "msg": "HTTP Request: DELETE http://prefect-server:4200/api/automations/owned-by/prefect.deployment.8d536def-a82a-4c94-941b-14c2c0468511 \"HTTP/1.1 202 Accepted\"", "container": "prefect-worker"}
{"ts": "2026-08-11T12:31:12.744329357Z", "container": "prefect-worker", "msg": "╭──────────────────────────────────────────────────────────────────────────────╮"}
{"ts": "2026-08-11T12:31:12.744341927Z", "container": "prefect-worker", "msg": "│ Deployment 'smarthub-build-features/build-features' successfully created     │"}
{"ts": "2026-08-11T12:31:12.744348117Z", "container": "prefect-worker", "msg": "│ with id '8d536def-a82a-4c94-941b-14c2c0468511'.                              │"}
{"ts": "2026-08-11T12:31:12.744351607Z", "container": "prefect-worker", "msg": "╰──────────────────────────────────────────────────────────────────────────────╯"}
{"ts": "2026-08-11T12:31:12.744454558Z", "container": "prefect-worker", "msg": ""}
{"ts": "2026-08-11T12:31:12.744461388Z", "container": "prefect-worker", "msg": "View Deployment in UI: http://prefect-server:4200/deployments/deployment/8d536def-a82a-4c94-941b-14c2c0468511"}
{"ts": "2026-08-11T12:31:12.744465018Z", "container": "prefect-worker", "msg": ""}
{"ts": "2026-08-11T12:31:12.748Z", "level": "INFO", "service": "worker", "logger": "httpx", "msg": "HTTP Request: POST http://prefect-server:4200/api/work_pools/smarthub-pool/workers/filter \"HTTP/1.1 200 OK\"", "container": "prefect-worker"}
{"ts": "2026-08-11T12:31:12.749426228Z", "container": "prefect-worker", "msg": ""}
{"ts": "2026-08-11T12:31:12.749432798Z", "container": "prefect-worker", "msg": "To schedule a run for this deployment, use the following command:"}
{"ts": "2026-08-11T12:31:12.749627870Z", "container": "prefect-worker", "msg": ""}
{"ts": "2026-08-11T12:31:12.749640800Z", "container": "prefect-worker", "msg": "        $ prefect deployment run 'smarthub-build-features/build-features'"}
{"ts": "2026-08-11T12:31:12.749644810Z", "container": "prefect-worker", "msg": ""}
{"ts": "2026-08-11T12:31:12.749858512Z", "container": "prefect-worker", "msg": "╭──────────────────────────────────────────────────────────────────────────────╮"}
{"ts": "2026-08-11T12:31:12.749868942Z", "container": "prefect-worker", "msg": "│ Deploying train-model                                                        │"}
{"ts": "2026-08-11T12:31:12.749872782Z", "container": "prefect-worker", "msg": "╰──────────────────────────────────────────────────────────────────────────────╯"}
{"ts": "2026-08-11T12:31:13.744Z", "level": "INFO", "service": "worker", "logger": "matplotlib.font_manager", "msg": "generated new fontManager", "container": "prefect-worker"}
{"ts": "2026-08-11T12:31:13.930Z", "level": "INFO", "service": "worker", "logger": "httpx", "msg": "HTTP Request: GET http://prefect-server:4200/api/work_pools/smarthub-pool \"HTTP/1.1 200 OK\"", "container": "prefect-worker"}
{"ts": "2026-08-11T12:31:13.935Z", "level": "INFO", "service": "worker", "logger": "httpx", "msg": "HTTP Request: GET http://prefect-server:4200/api/work_pools/smarthub-pool \"HTTP/1.1 200 OK\"", "container": "prefect-worker"}
{"ts": "2026-08-11T12:31:13.978Z", "level": "INFO", "service": "worker", "logger": "httpx", "msg": "HTTP Request: GET http://prefect-server:4200/api/deployments/name/smarthub-train-model/train-model \"HTTP/1.1 200 OK\"", "container": "prefect-worker"}
{"ts": "2026-08-11T12:31:13.994Z", "level": "INFO", "service": "worker", "logger": "httpx", "msg": "HTTP Request: GET http://prefect-server:4200/api/csrf-token?client=64d3a6ea-1493-4a10-ac8c-90edf92b594c \"HTTP/1.1 422 Unprocessable Entity\"", "container": "prefect-worker"}
{"ts": "2026-08-11T12:31:14.059Z", "level": "INFO", "service": "worker", "logger": "httpx", "msg": "HTTP Request: PATCH http://prefect-server:4200/api/deployments/f2af7572-283e-43ab-bfa3-0ad7cee08503 \"HTTP/1.1 204 No Content\"", "container": "prefect-worker"}
{"ts": "2026-08-11T12:31:14.065Z", "level": "INFO", "service": "worker", "logger": "httpx", "msg": "HTTP Request: DELETE http://prefect-server:4200/api/automations/owned-by/prefect.deployment.f2af7572-283e-43ab-bfa3-0ad7cee08503 \"HTTP/1.1 202 Accepted\"", "container": "prefect-worker"}
{"ts": "2026-08-11T12:31:14.067Z", "level": "INFO", "service": "worker", "logger": "httpx", "msg": "HTTP Request: GET http://prefect-server:4200/api/csrf-token?client=4c40008c-d1c7-4957-8f3b-a59c12e01a06 \"HTTP/1.1 422 Unprocessable Entity\"", "container": "prefect-worker"}
{"ts": "2026-08-11T12:31:14.071Z", "level": "INFO", "service": "worker", "logger": "httpx", "msg": "HTTP Request: DELETE http://prefect-server:4200/api/automations/owned-by/prefect.deployment.f2af7572-283e-43ab-bfa3-0ad7cee08503 \"HTTP/1.1 202 Accepted\"", "container": "prefect-worker"}
{"ts": "2026-08-11T12:31:14.072493770Z", "container": "prefect-worker", "msg": "╭──────────────────────────────────────────────────────────────────────────────╮"}
{"ts": "2026-08-11T12:31:14.072498430Z", "container": "prefect-worker", "msg": "│ Deployment 'smarthub-train-model/train-model' successfully created with id   │"}
{"ts": "2026-08-11T12:31:14.072501700Z", "container": "prefect-worker", "msg": "│ 'f2af7572-283e-43ab-bfa3-0ad7cee08503'.                                      │"}
{"ts": "2026-08-11T12:31:14.072505030Z", "container": "prefect-worker", "msg": "╰──────────────────────────────────────────────────────────────────────────────╯"}
{"ts": "2026-08-11T12:31:14.072624431Z", "container": "prefect-worker", "msg": ""}
{"ts": "2026-08-11T12:31:14.072637681Z", "container": "prefect-worker", "msg": "View Deployment in UI: http://prefect-server:4200/deployments/deployment/f2af7572-283e-43ab-bfa3-0ad7cee08503"}
{"ts": "2026-08-11T12:31:14.072641031Z", "container": "prefect-worker", "msg": ""}
{"ts": "2026-08-11T12:31:14.077Z", "level": "INFO", "service": "worker", "logger": "httpx", "msg": "HTTP Request: POST http://prefect-server:4200/api/work_pools/smarthub-pool/workers/filter \"HTTP/1.1 200 OK\"", "container": "prefect-worker"}
{"ts": "2026-08-11T12:31:14.077837493Z", "container": "prefect-worker", "msg": ""}
{"ts": "2026-08-11T12:31:14.077842143Z", "container": "prefect-worker", "msg": "To schedule a run for this deployment, use the following command:"}
{"ts": "2026-08-11T12:31:14.078028305Z", "container": "prefect-worker", "msg": ""}
{"ts": "2026-08-11T12:31:14.078035695Z", "container": "prefect-worker", "msg": "        $ prefect deployment run 'smarthub-train-model/train-model'"}
{"ts": "2026-08-11T12:31:14.078038905Z", "container": "prefect-worker", "msg": ""}
{"ts": "2026-08-11T12:31:14.701750298Z", "container": "prefect-worker", "msg": "Starting worker on pool='smarthub-pool' queues='default features training' ..."}
{"ts": "2026-08-11T12:31:16.072551782Z", "container": "prefect-worker", "msg": "Discovered type 'process' for work pool 'smarthub-pool'."}
{"ts": "2026-08-11T12:31:16.388803304Z", "container": "prefect-worker", "msg": "Worker 'ProcessWorker c27d727b-2d53-4615-accd-1d47578da3c7' started!"}
{"ts": "2026-08-11T12:35:03.959395470Z", "container": "prefect-worker", "msg": "12:35:03.957 | INFO    | prefect.flow_runs.worker - Worker 'ProcessWorker c27d727b-2d53-4615-accd-1d47578da3c7' submitting flow run '85be4c02-a7d8-4026-b122-d9fe66ee5afa'"}
{"ts": "2026-08-11T12:35:04.296372173Z", "container": "prefect-worker", "msg": "12:35:04.295 | INFO    | prefect.flow_runs.runner - Starting flow run process..."}
{"ts": "2026-08-11T12:35:04.323221189Z", "container": "prefect-worker", "msg": "12:35:04.322 | INFO    | prefect.flow_runs.worker - Flow run 'Licensed-Loris' submitted to infrastructure"}
{"ts": "2026-08-11T12:35:05.517400933Z", "container": "prefect-worker", "msg": "12:35:05.510 | INFO    | Flow run 'Licensed-Loris' - Running 1 deployment pull step(s)"}
{"ts": "2026-08-11T12:35:05.538909486Z", "container": "prefect-worker", "msg": "12:35:05.537 | INFO    | Flow run 'Licensed-Loris' - Executing deployment step: set_working_directory"}
{"ts": "2026-08-11T12:35:05.550233367Z", "container": "prefect-worker", "msg": "12:35:05.549 | INFO    | Flow run 'Licensed-Loris' - Deployment step 'set_working_directory' completed successfully"}
{"ts": "2026-08-11T12:35:05.564475082Z", "container": "prefect-worker", "msg": "12:35:05.563 | INFO    | Flow run 'Licensed-Loris' - All deployment steps completed successfully"}
{"ts": "2026-08-11T12:35:06.695Z", "level": "INFO", "service": "worker", "logger": "httpx", "msg": "HTTP Request: GET http://prefect-server:4200/api/admin/version \"HTTP/1.1 200 OK\"", "container": "prefect-worker"}
{"ts": "2026-08-11T12:35:06.698Z", "level": "INFO", "service": "worker", "logger": "httpx", "msg": "HTTP Request: GET http://prefect-server:4200/api/csrf-token?client=d859bb4c-1ae0-4da7-91d3-6fec71bb22c8 \"HTTP/1.1 422 Unprocessable Entity\"", "container": "prefect-worker"}
{"ts": "2026-08-11T12:35:06.703Z", "level": "INFO", "service": "worker", "logger": "httpx", "msg": "HTTP Request: PATCH http://prefect-server:4200/api/flow_runs/85be4c02-a7d8-4026-b122-d9fe66ee5afa \"HTTP/1.1 204 No Content\"", "container": "prefect-worker"}
{"ts": "2026-08-11T12:35:06.722Z", "level": "INFO", "service": "worker", "logger": "httpx", "msg": "HTTP Request: GET http://prefect-server:4200/api/flow_runs/85be4c02-a7d8-4026-b122-d9fe66ee5afa \"HTTP/1.1 200 OK\"", "container": "prefect-worker"}
{"ts": "2026-08-11T12:35:06.736Z", "level": "INFO", "service": "worker", "logger": "httpx", "msg": "HTTP Request: POST http://prefect-server:4200/api/flow_runs/85be4c02-a7d8-4026-b122-d9fe66ee5afa/set_state \"HTTP/1.1 201 Created\"", "container": "prefect-worker"}
{"ts": "2026-08-11T12:35:06.741Z", "level": "INFO", "service": "worker", "logger": "httpx", "msg": "HTTP Request: GET http://prefect-server:4200/api/flow_runs/85be4c02-a7d8-4026-b122-d9fe66ee5afa \"HTTP/1.1 200 OK\"", "container": "prefect-worker"}
{"ts": "2026-08-11T12:35:06.745Z", "level": "INFO", "service": "worker", "logger": "httpx", "msg": "HTTP Request: GET http://prefect-server:4200/api/admin/storage \"HTTP/1.1 200 OK\"", "container": "prefect-worker"}
{"ts": "2026-08-11T12:35:06.748Z", "level": "INFO", "service": "worker", "logger": "httpx", "msg": "HTTP Request: GET http://prefect-server:4200/api/admin/storage \"HTTP/1.1 200 OK\"", "container": "prefect-worker"}
{"ts": "2026-08-11T12:35:06.748Z", "level": "INFO", "service": "worker", "logger": "prefect.flow_runs", "msg": "Beginning flow run 'Licensed-Loris' for flow 'smarthub-train-model'", "flow_run_name": "Licensed-Loris", "flow_run_id": "85be4c02-a7d8-4026-b122-d9fe66ee5afa", "flow_name": "smarthub-train-model", "deployment_name": "train-model", "container": "prefect-worker"}
{"ts": "2026-08-11T12:35:06.749Z", "level": "INFO", "service": "worker", "logger": "prefect.flow_runs", "msg": "View at http://prefect-server:4200/runs/flow-run/85be4c02-a7d8-4026-b122-d9fe66ee5afa", "flow_run_name": "Licensed-Loris", "flow_run_id": "85be4c02-a7d8-4026-b122-d9fe66ee5afa", "flow_name": "smarthub-train-model", "deployment_name": "train-model", "send_to_api": false, "container": "prefect-worker"}
{"ts": "2026-08-11T12:35:06.750Z", "level": "INFO", "service": "worker", "logger": "prefect.flow_runs", "msg": "STEP 3 train-model starting: lead_type=auto (6), version=latest, mlflow=True", "flow_run_name": "Licensed-Loris", "flow_run_id": "85be4c02-a7d8-4026-b122-d9fe66ee5afa", "flow_name": "smarthub-train-model", "deployment_name": "train-model", "container": "prefect-worker"}
{"ts": "2026-08-11T12:35:06.771Z", "level": "INFO", "service": "worker", "logger": "httpx", "msg": "HTTP Request: GET http://prefect-server:4200/api/flows/b482d204-61dd-4cd6-bc87-1c0295ffdd50 \"HTTP/1.1 200 OK\"", "container": "prefect-worker"}
{"ts": "2026-08-11T12:35:06.776Z", "level": "INFO", "service": "worker", "logger": "flow.train", "msg": "Loading training table for lead_type=auto (6)", "container": "prefect-worker"}
{"ts": "2026-08-11T12:35:06.779Z", "level": "INFO", "service": "worker", "logger": "httpx", "msg": "HTTP Request: GET http://prefect-server:4200/api/work_queues/1359b356-bb73-44da-ae82-6233613dd549 \"HTTP/1.1 200 OK\"", "container": "prefect-worker"}
{"ts": "2026-08-11T12:35:06.788Z", "level": "INFO", "service": "worker", "logger": "httpx", "msg": "HTTP Request: GET http://prefect-server:4200/api/deployments/f2af7572-283e-43ab-bfa3-0ad7cee08503 \"HTTP/1.1 200 OK\"", "container": "prefect-worker"}
{"ts": "2026-08-11T12:35:06.798Z", "level": "INFO", "service": "worker", "logger": "httpx", "msg": "HTTP Request: GET http://prefect-server:4200/api/work_pools/smarthub-pool \"HTTP/1.1 200 OK\"", "container": "prefect-worker"}
{"ts": "2026-08-11T12:35:07.619Z", "level": "INFO", "service": "worker", "logger": "httpx", "msg": "HTTP Request: GET http://prefect-server:4200/api/csrf-token?client=37041bd1-7181-41d9-a2c5-46387b31acdc \"HTTP/1.1 422 Unprocessable Entity\"", "container": "prefect-worker"}
{"ts": "2026-08-11T12:35:07.647Z", "level": "INFO", "service": "worker", "logger": "httpx", "msg": "HTTP Request: POST http://prefect-server:4200/api/logs/ \"HTTP/1.1 201 Created\"", "container": "prefect-worker"}
{"ts": "2026-08-11T12:35:08.429Z", "level": "INFO", "service": "worker", "logger": "flow.train", "msg": "Dataset Prepared", "container": "prefect-worker"}
{"ts": "2026-08-11T12:35:08.429Z", "level": "INFO", "service": "worker", "logger": "flow.train", "msg": "  Training rows                         : 464,574", "container": "prefect-worker"}
{"ts": "2026-08-11T12:35:08.429Z", "level": "INFO", "service": "worker", "logger": "flow.train", "msg": "  Dropped rows                          : 0", "container": "prefect-worker"}
{"ts": "2026-08-11T12:35:08.429Z", "level": "INFO", "service": "worker", "logger": "flow.train", "msg": "  Win rate                              : 0.3599", "container": "prefect-worker"}
{"ts": "2026-08-11T12:35:08.429Z", "level": "INFO", "service": "worker", "logger": "flow.train", "msg": "  Feature count                         : 17 numeric, 6 categorical", "container": "prefect-worker"}
{"ts": "2026-08-11T12:35:08.429Z", "level": "INFO", "service": "worker", "logger": "flow.train", "msg": "  Missing feature columns               : none", "container": "prefect-worker"}
{"ts": "2026-08-11T12:35:08.534Z", "level": "INFO", "service": "worker", "logger": "flow.train", "msg": "Cleaning Data", "container": "prefect-worker"}
{"ts": "2026-08-11T12:35:08.534Z", "level": "INFO", "service": "worker", "logger": "flow.train", "msg": "  Dropped zero-variance features        : 5", "container": "prefect-worker"}
{"ts": "2026-08-11T12:35:08.534Z", "level": "INFO", "service": "worker", "logger": "flow.train", "msg": "  Zero-variance feature names           : military_affiliation, insured, home_owner, dui, sr22_required", "container": "prefect-worker"}
{"ts": "2026-08-11T12:35:08.534Z", "level": "INFO", "service": "worker", "logger": "flow.train", "msg": "Feature columns: ['bid', 'age', 'continuous_coverage_months', 'created_hour', 'created_dayofweek', 'is_workday', 'is_married', 'num_vehicles', 'num_drivers', 'num_auto_violations', 'num_auto_accidents', 'multi_vehicle', 'age_cohort', 'state', 'gender', 'marital_status', 'campaign_id', 'traffic_tier']", "container": "prefect-worker"}
{"ts": "2026-08-11T12:35:13.189Z", "level": "INFO", "service": "worker", "logger": "flow.plots_and_reports", "msg": "Dataset Summary", "container": "prefect-worker"}
{"ts": "2026-08-11T12:35:13.189Z", "level": "INFO", "service": "worker", "logger": "flow.plots_and_reports", "msg": "  Total rows                            : 464,574", "container": "prefect-worker"}
{"ts": "2026-08-11T12:35:13.190Z", "level": "INFO", "service": "worker", "logger": "flow.plots_and_reports", "msg": "  Target win rate                       : 0.3599", "container": "prefect-worker"}
{"ts": "2026-08-11T12:35:13.190Z", "level": "INFO", "service": "worker", "logger": "flow.plots_and_reports", "msg": "  Features summarized                   : 18", "container": "prefect-worker"}
{"ts": "2026-08-11T12:35:13.190Z", "level": "INFO", "service": "worker", "logger": "flow.plots_and_reports", "msg": "  Features with missing values          : 0", "container": "prefect-worker"}
{"ts": "2026-08-11T12:35:13.191Z", "level": "INFO", "service": "worker", "logger": "flow.plots_and_reports", "msg": "  Total missing feature values          : 0", "container": "prefect-worker"}
{"ts": "2026-08-11T12:35:13.191Z", "level": "INFO", "service": "worker", "logger": "flow.plots_and_reports", "msg": "  Feature-value count rows saved        : 140", "container": "prefect-worker"}
{"ts": "2026-08-11T12:35:13.207Z", "level": "INFO", "service": "worker", "logger": "flow.train", "msg": "Train/Test Split", "container": "prefect-worker"}
{"ts": "2026-08-11T12:35:13.207Z", "level": "INFO", "service": "worker", "logger": "flow.train", "msg": "  Train rows                            : 371,659", "container": "prefect-worker"}
{"ts": "2026-08-11T12:35:13.208Z", "level": "INFO", "service": "worker", "logger": "flow.train", "msg": "  Test rows                             : 92,915", "container": "prefect-worker"}
{"ts": "2026-08-11T12:35:13.208Z", "level": "INFO", "service": "worker", "logger": "flow.train", "msg": "  Split method                          : time", "container": "prefect-worker"}
{"ts": "2026-08-11T12:35:13.208Z", "level": "INFO", "service": "worker", "logger": "flow.train", "msg": "  Test fraction                         : 0.20", "container": "prefect-worker"}
{"ts": "2026-08-11T12:35:13.208Z", "level": "INFO", "service": "worker", "logger": "flow.train", "msg": "  Train date range                      : 2026-07-21 12:14:24.152452 → 2026-08-06 14:10:12.541509", "container": "prefect-worker"}
{"ts": "2026-08-11T12:35:13.209Z", "level": "INFO", "service": "worker", "logger": "flow.train", "msg": "  Test date range                       : 2026-08-06 14:10:13.165581 → 2026-08-11 11:59:41.235608", "container": "prefect-worker"}
{"ts": "2026-08-11T12:35:13.209Z", "level": "INFO", "service": "worker", "logger": "flow.train", "msg": "  Test rows by weekday", "container": "prefect-worker"}
{"ts": "2026-08-11T12:35:13.223Z", "level": "INFO", "service": "worker", "logger": "flow.train", "msg": "    Friday     : 25,422", "container": "prefect-worker"}
{"ts": "2026-08-11T12:35:13.223Z", "level": "INFO", "service": "worker", "logger": "flow.train", "msg": "    Monday     : 26,720", "container": "prefect-worker"}
{"ts": "2026-08-11T12:35:13.223Z", "level": "INFO", "service": "worker", "logger": "flow.train", "msg": "    Saturday   : 10,143", "container": "prefect-worker"}
{"ts": "2026-08-11T12:35:13.223Z", "level": "INFO", "service": "worker", "logger": "flow.train", "msg": "    Sunday     : 9,022", "container": "prefect-worker"}
{"ts": "2026-08-11T12:35:13.223Z", "level": "INFO", "service": "worker", "logger": "flow.train", "msg": "    Thursday   : 17,751", "container": "prefect-worker"}
{"ts": "2026-08-11T12:35:13.223Z", "level": "INFO", "service": "worker", "logger": "flow.train", "msg": "    Tuesday    : 3,857", "container": "prefect-worker"}
{"ts": "2026-08-11T12:35:13.223Z", "level": "INFO", "service": "worker", "logger": "flow.train", "msg": "Training Model", "container": "prefect-worker"}
{"ts": "2026-08-11T12:35:13.223Z", "level": "INFO", "service": "worker", "logger": "flow.train", "msg": "  Model type                            : lightgbm", "container": "prefect-worker"}
{"ts": "2026-08-11T12:35:13.223Z", "level": "INFO", "service": "worker", "logger": "flow.train", "msg": "  Calibration enabled                   : False", "container": "prefect-worker"}
{"ts": "2026-08-11T12:35:18.767Z", "level": "INFO", "service": "worker", "logger": "flow.train", "msg": "Evaluating Model", "container": "prefect-worker"}
{"ts": "2026-08-11T12:35:20.276Z", "level": "INFO", "service": "worker", "logger": "flow.optimizer", "msg": "Optimizing bids for 92,915 rows in chunks of 500", "container": "prefect-worker"}
{"ts": "2026-08-11T12:35:27.346Z", "level": "INFO", "service": "worker", "logger": "flow.optimizer", "msg": "Optimized 5,000 / 92,915 rows", "container": "prefect-worker"}
{"ts": "2026-08-11T12:35:34.375Z", "level": "INFO", "service": "worker", "logger": "flow.optimizer", "msg": "Optimized 10,000 / 92,915 rows", "container": "prefect-worker"}
{"ts": "2026-08-11T12:35:41.214Z", "level": "INFO", "service": "worker", "logger": "flow.optimizer", "msg": "Optimized 15,000 / 92,915 rows", "container": "prefect-worker"}
{"ts": "2026-08-11T12:35:47.897Z", "level": "INFO", "service": "worker", "logger": "flow.optimizer", "msg": "Optimized 20,000 / 92,915 rows", "container": "prefect-worker"}
{"ts": "2026-08-11T12:35:54.893Z", "level": "INFO", "service": "worker", "logger": "flow.optimizer", "msg": "Optimized 25,000 / 92,915 rows", "container": "prefect-worker"}
{"ts": "2026-08-11T12:36:01.941Z", "level": "INFO", "service": "worker", "logger": "flow.optimizer", "msg": "Optimized 30,000 / 92,915 rows", "container": "prefect-worker"}
{"ts": "2026-08-11T12:36:09.022Z", "level": "INFO", "service": "worker", "logger": "flow.optimizer", "msg": "Optimized 35,000 / 92,915 rows", "container": "prefect-worker"}
{"ts": "2026-08-11T12:36:15.945Z", "level": "INFO", "service": "worker", "logger": "flow.optimizer", "msg": "Optimized 40,000 / 92,915 rows", "container": "prefect-worker"}
{"ts": "2026-08-11T12:36:22.539Z", "level": "INFO", "service": "worker", "logger": "flow.optimizer", "msg": "Optimized 45,000 / 92,915 rows", "container": "prefect-worker"}
{"ts": "2026-08-11T12:36:29.029Z", "level": "INFO", "service": "worker", "logger": "flow.optimizer", "msg": "Optimized 50,000 / 92,915 rows", "container": "prefect-worker"}
{"ts": "2026-08-11T12:36:35.449Z", "level": "INFO", "service": "worker", "logger": "flow.optimizer", "msg": "Optimized 55,000 / 92,915 rows", "container": "prefect-worker"}
{"ts": "2026-08-11T12:36:41.942Z", "level": "INFO", "service": "worker", "logger": "flow.optimizer", "msg": "Optimized 60,000 / 92,915 rows", "container": "prefect-worker"}
{"ts": "2026-08-11T12:36:48.514Z", "level": "INFO", "service": "worker", "logger": "flow.optimizer", "msg": "Optimized 65,000 / 92,915 rows", "container": "prefect-worker"}
{"ts": "2026-08-11T12:36:55.508Z", "level": "INFO", "service": "worker", "logger": "flow.optimizer", "msg": "Optimized 70,000 / 92,915 rows", "container": "prefect-worker"}
{"ts": "2026-08-11T12:37:02.449Z", "level": "INFO", "service": "worker", "logger": "flow.optimizer", "msg": "Optimized 75,000 / 92,915 rows", "container": "prefect-worker"}
{"ts": "2026-08-11T12:37:09.500Z", "level": "INFO", "service": "worker", "logger": "flow.optimizer", "msg": "Optimized 80,000 / 92,915 rows", "container": "prefect-worker"}
{"ts": "2026-08-11T12:37:16.362Z", "level": "INFO", "service": "worker", "logger": "flow.optimizer", "msg": "Optimized 85,000 / 92,915 rows", "container": "prefect-worker"}
{"ts": "2026-08-11T12:37:23.101Z", "level": "INFO", "service": "worker", "logger": "flow.optimizer", "msg": "Optimized 90,000 / 92,915 rows", "container": "prefect-worker"}
{"ts": "2026-08-11T12:37:27.211Z", "level": "INFO", "service": "worker", "logger": "flow.optimizer", "msg": "Optimized 92,915 / 92,915 rows", "container": "prefect-worker"}
{"ts": "2026-08-11T12:37:27.246Z", "level": "INFO", "service": "worker", "logger": "flow.optimizer_evaluation", "msg": "Bid Optimizer Evaluation", "container": "prefect-worker"}
{"ts": "2026-08-11T12:37:27.247Z", "level": "INFO", "service": "worker", "logger": "flow.optimizer_evaluation", "msg": "  Rows evaluated                     : 92,915", "container": "prefect-worker"}
{"ts": "2026-08-11T12:37:27.247Z", "level": "INFO", "service": "worker", "logger": "flow.optimizer_evaluation", "msg": "  Target CM                          : 25.00%", "container": "prefect-worker"}
{"ts": "2026-08-11T12:37:27.247Z", "level": "INFO", "service": "worker", "logger": "flow.optimizer_evaluation", "msg": "  Expected profit, current/recommended: 367553.2403 / 556707.8674", "container": "prefect-worker"}
{"ts": "2026-08-11T12:37:27.247Z", "level": "INFO", "service": "worker", "logger": "flow.optimizer_evaluation", "msg": "  Expected profit lift               : 189154.6271 (51.46%)", "container": "prefect-worker"}
{"ts": "2026-08-11T12:37:27.247Z", "level": "INFO", "service": "worker", "logger": "flow.optimizer_evaluation", "msg": "  Avg predicted win rate, current/reco: 0.3423 / 0.4306", "container": "prefect-worker"}
{"ts": "2026-08-11T12:37:27.247Z", "level": "INFO", "service": "worker", "logger": "flow.optimizer_evaluation", "msg": "  Bid increased/decreased/unchanged  : 54.22% / 44.87% / 0.92%", "container": "prefect-worker"}
{"ts": "2026-08-11T12:37:27.247Z", "level": "INFO", "service": "worker", "logger": "flow.optimizer_evaluation", "msg": "  Avg / median bid change            : 0.8460 / 0.2300", "container": "prefect-worker"}
{"ts": "2026-08-11T12:37:27.247Z", "level": "INFO", "service": "worker", "logger": "flow.optimizer_evaluation", "msg": "  Avg recommended CM if won           : 0.6012", "container": "prefect-worker"}
{"ts": "2026-08-11T12:37:27.247Z", "level": "INFO", "service": "worker", "logger": "flow.metrics", "msg": "Model Evaluation", "container": "prefect-worker"}
{"ts": "2026-08-11T12:37:27.247Z", "level": "INFO", "service": "worker", "logger": "flow.metrics", "msg": "  Rows trained                       : 464,574", "container": "prefect-worker"}
{"ts": "2026-08-11T12:37:27.247Z", "level": "INFO", "service": "worker", "logger": "flow.metrics", "msg": "  Train / test rows                  : 371,659 / 92,915", "container": "prefect-worker"}
{"ts": "2026-08-11T12:37:27.247Z", "level": "INFO", "service": "worker", "logger": "flow.metrics", "msg": "  ROC AUC                            : 0.9308", "container": "prefect-worker"}
{"ts": "2026-08-11T12:37:27.247Z", "level": "INFO", "service": "worker", "logger": "flow.metrics", "msg": "  PR AUC                             : 0.8794", "container": "prefect-worker"}
{"ts": "2026-08-11T12:37:27.247Z", "level": "INFO", "service": "worker", "logger": "flow.metrics", "msg": "  Log loss                           : 0.3025", "container": "prefect-worker"}
{"ts": "2026-08-11T12:37:27.247Z", "level": "INFO", "service": "worker", "logger": "flow.metrics", "msg": "  Brier score                        : 0.1008", "container": "prefect-worker"}
{"ts": "2026-08-11T12:37:27.247Z", "level": "INFO", "service": "worker", "logger": "flow.metrics", "msg": "  Accuracy / precision / recall / F1 / F2: 0.8486 / 0.7835 / 0.7585 / 0.7708 / 0.7634", "container": "prefect-worker"}
{"ts": "2026-08-11T12:37:27.247Z", "level": "INFO", "service": "worker", "logger": "flow.metrics", "msg": "  Calibration error                  : 0.0067", "container": "prefect-worker"}
{"ts": "2026-08-11T12:37:27.247Z", "level": "INFO", "service": "worker", "logger": "flow.metrics", "msg": "Business Metrics", "container": "prefect-worker"}
{"ts": "2026-08-11T12:37:27.247Z", "level": "INFO", "service": "worker", "logger": "flow.metrics", "msg": "  Observed win rate                  : 0.3356", "container": "prefect-worker"}
{"ts": "2026-08-11T12:37:27.247Z", "level": "INFO", "service": "worker", "logger": "flow.metrics", "msg": "  Predicted win rate, current bids   : 0.3423", "container": "prefect-worker"}
{"ts": "2026-08-11T12:37:27.247Z", "level": "INFO", "service": "worker", "logger": "flow.metrics", "msg": "  Predicted win rate, recommended    : 0.4306", "container": "prefect-worker"}
{"ts": "2026-08-11T12:37:27.247Z", "level": "INFO", "service": "worker", "logger": "flow.train", "msg": "Saving Reports", "container": "prefect-worker"}
{"ts": "2026-08-11T12:37:28.826Z", "level": "INFO", "service": "worker", "logger": "flow.train", "msg": "Lineage: model=lightgbm trained on table version 2026-08-11T123009Z (data 2026-07-21 12:14:24.152452 → 2026-08-11 11:59:41.235608, 464574 source rows)", "container": "prefect-worker"}
{"ts": "2026-08-11T12:37:30.273Z", "level": "INFO", "service": "worker", "logger": "flow.plots_and_reports", "msg": "Saved Training Reports", "container": "prefect-worker"}
{"ts": "2026-08-11T12:37:30.273Z", "level": "INFO", "service": "worker", "logger": "flow.plots_and_reports", "msg": "  Report directory                      : /app/data/model_evaluations/auto", "container": "prefect-worker"}
{"ts": "2026-08-11T12:37:30.273Z", "level": "INFO", "service": "worker", "logger": "flow.plots_and_reports", "msg": "  Files generated                       : 13", "container": "prefect-worker"}
{"ts": "2026-08-11T12:37:30.273Z", "level": "INFO", "service": "worker", "logger": "flow.plots_and_reports", "msg": "    /app/data/model_evaluations/auto/feature_summary.csv", "container": "prefect-worker"}
{"ts": "2026-08-11T12:37:30.273Z", "level": "INFO", "service": "worker", "logger": "flow.plots_and_reports", "msg": "    /app/data/model_evaluations/auto/feature_value_counts.csv", "container": "prefect-worker"}
{"ts": "2026-08-11T12:37:30.273Z", "level": "INFO", "service": "worker", "logger": "flow.plots_and_reports", "msg": "    /app/data/model_evaluations/auto/roc_curve.png", "container": "prefect-worker"}
{"ts": "2026-08-11T12:37:30.273Z", "level": "INFO", "service": "worker", "logger": "flow.plots_and_reports", "msg": "    /app/data/model_evaluations/auto/precision_recall_curve.png", "container": "prefect-worker"}
{"ts": "2026-08-11T12:37:30.274Z", "level": "INFO", "service": "worker", "logger": "flow.plots_and_reports", "msg": "    /app/data/model_evaluations/auto/calibration_curve.png", "container": "prefect-worker"}
{"ts": "2026-08-11T12:37:30.274Z", "level": "INFO", "service": "worker", "logger": "flow.plots_and_reports", "msg": "    /app/data/model_evaluations/auto/probability_histogram.png", "container": "prefect-worker"}
{"ts": "2026-08-11T12:37:30.274Z", "level": "INFO", "service": "worker", "logger": "flow.plots_and_reports", "msg": "    /app/data/model_evaluations/auto/confusion_matrix.png", "container": "prefect-worker"}
{"ts": "2026-08-11T12:37:30.274Z", "level": "INFO", "service": "worker", "logger": "flow.plots_and_reports", "msg": "    /app/data/model_evaluations/auto/model_evaluation_summary.json", "container": "prefect-worker"}
{"ts": "2026-08-11T12:37:30.274Z", "level": "INFO", "service": "worker", "logger": "flow.plots_and_reports", "msg": "    /app/data/model_evaluations/auto/optimizer_expected_profit_lift.png", "container": "prefect-worker"}
{"ts": "2026-08-11T12:37:30.274Z", "level": "INFO", "service": "worker", "logger": "flow.plots_and_reports", "msg": "    /app/data/model_evaluations/auto/recommended_bid_change.png", "container": "prefect-worker"}
{"ts": "2026-08-11T12:37:30.274Z", "level": "INFO", "service": "worker", "logger": "flow.plots_and_reports", "msg": "    /app/data/model_evaluations/auto/recommended_cm_distribution.png", "container": "prefect-worker"}
{"ts": "2026-08-11T12:37:30.274Z", "level": "INFO", "service": "worker", "logger": "flow.plots_and_reports", "msg": "    /app/data/model_evaluations/auto/current_vs_recommended_win_rate.png", "container": "prefect-worker"}
{"ts": "2026-08-11T12:37:30.274Z", "level": "INFO", "service": "worker", "logger": "flow.plots_and_reports", "msg": "    /app/data/model_evaluations/auto/bid_optimizer_test_rows.csv", "container": "prefect-worker"}
{"ts": "2026-08-11T12:37:30.372Z", "level": "INFO", "service": "worker", "logger": "botocore.credentials", "msg": "Found credentials in environment variables.", "container": "prefect-worker"}
{"ts": "2026-08-11T12:37:32.060Z", "level": "INFO", "service": "worker", "logger": "flow.optimizer", "msg": "Optimizing bids for 92,915 rows in chunks of 500", "container": "prefect-worker"}
{"ts": "2026-08-11T12:37:39.170Z", "level": "INFO", "service": "worker", "logger": "flow.optimizer", "msg": "Optimized 5,000 / 92,915 rows", "container": "prefect-worker"}
{"ts": "2026-08-11T12:37:46.182Z", "level": "INFO", "service": "worker", "logger": "flow.optimizer", "msg": "Optimized 10,000 / 92,915 rows", "container": "prefect-worker"}
{"ts": "2026-08-11T12:37:53.070Z", "level": "INFO", "service": "worker", "logger": "flow.optimizer", "msg": "Optimized 15,000 / 92,915 rows", "container": "prefect-worker"}
{"ts": "2026-08-11T12:37:59.808Z", "level": "INFO", "service": "worker", "logger": "flow.optimizer", "msg": "Optimized 20,000 / 92,915 rows", "container": "prefect-worker"}
{"ts": "2026-08-11T12:38:06.896Z", "level": "INFO", "service": "worker", "logger": "flow.optimizer", "msg": "Optimized 25,000 / 92,915 rows", "container": "prefect-worker"}
{"ts": "2026-08-11T12:38:13.999Z", "level": "INFO", "service": "worker", "logger": "flow.optimizer", "msg": "Optimized 30,000 / 92,915 rows", "container": "prefect-worker"}
{"ts": "2026-08-11T12:38:21.115Z", "level": "INFO", "service": "worker", "logger": "flow.optimizer", "msg": "Optimized 35,000 / 92,915 rows", "container": "prefect-worker"}
{"ts": "2026-08-11T12:38:28.058Z", "level": "INFO", "service": "worker", "logger": "flow.optimizer", "msg": "Optimized 40,000 / 92,915 rows", "container": "prefect-worker"}
{"ts": "2026-08-11T12:38:34.680Z", "level": "INFO", "service": "worker", "logger": "flow.optimizer", "msg": "Optimized 45,000 / 92,915 rows", "container": "prefect-worker"}
{"ts": "2026-08-11T12:38:41.195Z", "level": "INFO", "service": "worker", "logger": "flow.optimizer", "msg": "Optimized 50,000 / 92,915 rows", "container": "prefect-worker"}
{"ts": "2026-08-11T12:38:47.636Z", "level": "INFO", "service": "worker", "logger": "flow.optimizer", "msg": "Optimized 55,000 / 92,915 rows", "container": "prefect-worker"}
{"ts": "2026-08-11T12:38:54.193Z", "level": "INFO", "service": "worker", "logger": "flow.optimizer", "msg": "Optimized 60,000 / 92,915 rows", "container": "prefect-worker"}
{"ts": "2026-08-11T12:39:00.788Z", "level": "INFO", "service": "worker", "logger": "flow.optimizer", "msg": "Optimized 65,000 / 92,915 rows", "container": "prefect-worker"}
{"ts": "2026-08-11T12:39:07.838Z", "level": "INFO", "service": "worker", "logger": "flow.optimizer", "msg": "Optimized 70,000 / 92,915 rows", "container": "prefect-worker"}
{"ts": "2026-08-11T12:39:14.886Z", "level": "INFO", "service": "worker", "logger": "flow.optimizer", "msg": "Optimized 75,000 / 92,915 rows", "container": "prefect-worker"}
{"ts": "2026-08-11T12:39:21.977Z", "level": "INFO", "service": "worker", "logger": "flow.optimizer", "msg": "Optimized 80,000 / 92,915 rows", "container": "prefect-worker"}
{"ts": "2026-08-11T12:39:28.904Z", "level": "INFO", "service": "worker", "logger": "flow.optimizer", "msg": "Optimized 85,000 / 92,915 rows", "container": "prefect-worker"}
{"ts": "2026-08-11T12:39:35.707Z", "level": "INFO", "service": "worker", "logger": "flow.optimizer", "msg": "Optimized 90,000 / 92,915 rows", "container": "prefect-worker"}
{"ts": "2026-08-11T12:39:39.910Z", "level": "INFO", "service": "worker", "logger": "flow.optimizer", "msg": "Optimized 92,915 / 92,915 rows", "container": "prefect-worker"}
{"ts": "2026-08-11T12:39:39.944Z", "level": "INFO", "service": "worker", "logger": "flow.train", "msg": "Currently-serving model (run_20260811T113237Z_21752bbe) re-scored on this test set: log loss=0.3029, PR AUC=0.8792", "container": "prefect-worker"}
{"ts": "2026-08-11T12:39:39.947Z", "level": "INFO", "service": "worker", "logger": "flow.train", "msg": "Promotion Evaluation", "container": "prefect-worker"}
{"ts": "2026-08-11T12:39:39.948Z", "level": "INFO", "service": "worker", "logger": "flow.train", "msg": "  Mode                                  : automatic", "container": "prefect-worker"}
{"ts": "2026-08-11T12:39:39.948Z", "level": "INFO", "service": "worker", "logger": "flow.train", "msg": "  Policy recommendation                 : ELIGIBLE", "container": "prefect-worker"}
{"ts": "2026-08-11T12:39:39.948Z", "level": "INFO", "service": "worker", "logger": "flow.train", "msg": "  Reason                                : Challenger passed the absolute thresholds and satisfies the 95% relative profit requirement and the 5000.00 absolute profit-loss tolerance; recommended CM is 60.12%, and log-loss regression -0.0004 is within tolerance.", "container": "prefect-worker"}
{"ts": "2026-08-11T12:39:40.185Z", "level": "INFO", "service": "worker", "logger": "flow.training_artifacts", "msg": "Prepared Model Comparison Artifacts", "container": "prefect-worker"}
{"ts": "2026-08-11T12:39:40.185Z", "level": "INFO", "service": "worker", "logger": "flow.training_artifacts", "msg": "  Evaluation dataset                    : /tmp/smarthub_model_comparison_ulbqj1ha/evaluation_dataset.parquet", "container": "prefect-worker"}
{"ts": "2026-08-11T12:39:40.185Z", "level": "INFO", "service": "worker", "logger": "flow.training_artifacts", "msg": "  Optimizer results                     : /tmp/smarthub_model_comparison_ulbqj1ha/optimizer_results.parquet", "container": "prefect-worker"}
{"ts": "2026-08-11T12:39:40.185Z", "level": "INFO", "service": "worker", "logger": "flow.training_artifacts", "msg": "  Metadata                              : /tmp/smarthub_model_comparison_ulbqj1ha/evaluation_metadata.json", "container": "prefect-worker"}
{"ts": "2026-08-11T12:39:40.186Z", "level": "INFO", "service": "worker", "logger": "flow.train", "msg": "Saved training run run_20260811T123939Z_b577139e → /app/data/models/auto/run_20260811T123939Z_b577139e.pkl", "container": "prefect-worker"}
{"ts": "2026-08-11T12:39:40.233Z", "level": "INFO", "service": "worker", "logger": "flow.registry", "msg": "Published run_20260811T123939Z_b577139e to production storage (s3).", "container": "prefect-worker"}
{"ts": "2026-08-11T12:39:40.237Z", "level": "INFO", "service": "worker", "logger": "flow.train", "msg": "Automatically promoted auto_v5 to currently-serving for 'auto'.", "container": "prefect-worker"}
{"ts": "2026-08-11T12:39:41.946900980Z", "container": "prefect-worker", "msg": "2026/08/11 12:39:41 WARNING mlflow.sklearn: Saving scikit-learn models in the pickle or cloudpickle format requires exercising caution because these formats rely on Python's object serialization mechanism, which can execute arbitrary code during deserialization. The recommended safe alternative is the 'skops' format. For more information, see: https://scikit-learn.org/stable/model_persistence.html"}
{"ts": "2026-08-11T12:39:45.086057765Z", "container": "prefect-worker", "msg": "Registered model 'anton-win-probability-model' already exists. Creating a new version of this model..."}
{"ts": "2026-08-11T12:39:45.106525204Z", "container": "prefect-worker", "msg": "2026/08/11 12:39:45 WARNING mlflow.tracking._model_registry.fluent: Run with id 7054c76e8310430d8774ee81bd3e4bc2 has no artifacts at artifact path 'model', registering model based on models:/m-3daf430b92464bf98d50dc2f08a07b65 instead"}
{"ts": "2026-08-11T12:39:45.116280091Z", "container": "prefect-worker", "msg": "Created version '6' of model 'anton-win-probability-model'."}
{"ts": "2026-08-11T12:39:45.163Z", "level": "INFO", "service": "worker", "logger": "flow.train", "msg": "Logged run 'run_20260811T123939Z_b577139e' to MLflow experiment 'anton_win_probability_auto'", "container": "prefect-worker"}
{"ts": "2026-08-11T12:39:45.163Z", "level": "INFO", "service": "worker", "logger": "flow.train", "msg": "Logged run to MLflow experiment 'anton_win_probability'", "container": "prefect-worker"}
{"ts": "2026-08-11T12:39:45.168Z", "level": "INFO", "service": "worker", "logger": "prefect.task_runs", "msg": "Finished in state Completed()", "task_run_id": "019ff0d1-c391-70a9-878e-2421c8e9b679", "flow_run_id": "85be4c02-a7d8-4026-b122-d9fe66ee5afa", "task_run_name": "train-anton-model-3e6", "task_name": "train-anton-model", "flow_run_name": "Licensed-Loris", "flow_name": "smarthub-train-model", "container": "prefect-worker"}
{"ts": "2026-08-11T12:39:45.173Z", "level": "INFO", "service": "worker", "logger": "prefect.flow_runs", "msg": "Trained auto model auto_v5: log loss=0.3025, rows=464574 -> /app/data/models/auto/run_20260811T123939Z_b577139e.pkl (promoted=True)", "flow_run_name": "Licensed-Loris", "flow_run_id": "85be4c02-a7d8-4026-b122-d9fe66ee5afa", "flow_name": "smarthub-train-model", "deployment_name": "train-model", "container": "prefect-worker"}
{"ts": "2026-08-11T12:39:45.189Z", "level": "INFO", "service": "worker", "logger": "httpx", "msg": "HTTP Request: POST http://prefect-server:4200/api/artifacts/ \"HTTP/1.1 201 Created\"", "container": "prefect-worker"}
{"ts": "2026-08-11T12:39:45.271Z", "level": "INFO", "service": "worker", "logger": "httpx", "msg": "HTTP Request: POST http://prefect-server:4200/api/flow_runs/85be4c02-a7d8-4026-b122-d9fe66ee5afa/set_state \"HTTP/1.1 201 Created\"", "container": "prefect-worker"}
{"ts": "2026-08-11T12:39:46.224Z", "level": "INFO", "service": "worker", "logger": "prefect.flow_runs", "msg": "Finished in state Completed()", "flow_run_name": "Licensed-Loris", "flow_run_id": "85be4c02-a7d8-4026-b122-d9fe66ee5afa", "flow_name": "smarthub-train-model", "deployment_name": "train-model", "container": "prefect-worker"}
{"ts": "2026-08-11T12:39:46.229Z", "level": "INFO", "service": "worker", "logger": "httpx", "msg": "HTTP Request: GET http://prefect-server:4200/api/csrf-token?client=ee59a73c-cacf-4944-bad8-09075f4822f5 \"HTTP/1.1 422 Unprocessable Entity\"", "container": "prefect-worker"}
{"ts": "2026-08-11T12:39:46.237Z", "level": "INFO", "service": "worker", "logger": "httpx", "msg": "HTTP Request: POST http://prefect-server:4200/api/logs/ \"HTTP/1.1 201 Created\"", "container": "prefect-worker"}
{"ts": "2026-08-11T12:39:47.473927936Z", "container": "prefect-worker", "msg": "12:39:47.473 | INFO    | prefect.flow_runs.runner - Process for flow run 'Licensed-Loris' exited cleanly."}
{"ts": "2026-08-11T12:44:58.608122626Z", "container": "prefect-worker", "msg": "12:44:58.607 | INFO    | prefect.flow_runs.worker - Worker 'ProcessWorker c27d727b-2d53-4615-accd-1d47578da3c7' submitting flow run '019ff0ce-34e5-74da-a2bb-b535e5375db4'"}
{"ts": "2026-08-11T12:44:58.745120439Z", "container": "prefect-worker", "msg": "12:44:58.744 | INFO    | prefect.flow_runs.runner - Starting flow run process..."}
{"ts": "2026-08-11T12:44:58.769117821Z", "container": "prefect-worker", "msg": "12:44:58.768 | INFO    | prefect.flow_runs.worker - Flow run 'lean-quokka' submitted to infrastructure"}
{"ts": "2026-08-11T12:44:59.953459450Z", "container": "prefect-worker", "msg": "12:44:59.947 | INFO    | Flow run 'lean-quokka' - Running 1 deployment pull step(s)"}
{"ts": "2026-08-11T12:44:59.974084805Z", "container": "prefect-worker", "msg": "12:44:59.973 | INFO    | Flow run 'lean-quokka' - Executing deployment step: set_working_directory"}
{"ts": "2026-08-11T12:44:59.985508306Z", "container": "prefect-worker", "msg": "12:44:59.984 | INFO    | Flow run 'lean-quokka' - Deployment step 'set_working_directory' completed successfully"}
{"ts": "2026-08-11T12:44:59.999209565Z", "container": "prefect-worker", "msg": "12:44:59.998 | INFO    | Flow run 'lean-quokka' - All deployment steps completed successfully"}
{"ts": "2026-08-11T12:45:00.079Z", "level": "INFO", "service": "worker", "logger": "httpx", "msg": "HTTP Request: GET http://prefect-server:4200/api/admin/version \"HTTP/1.1 200 OK\"", "container": "prefect-worker"}
{"ts": "2026-08-11T12:45:00.083Z", "level": "INFO", "service": "worker", "logger": "httpx", "msg": "HTTP Request: GET http://prefect-server:4200/api/csrf-token?client=c02ea829-5bf0-4f58-a88c-36c8fb707a4b \"HTTP/1.1 422 Unprocessable Entity\"", "container": "prefect-worker"}
{"ts": "2026-08-11T12:45:00.088Z", "level": "INFO", "service": "worker", "logger": "httpx", "msg": "HTTP Request: PATCH http://prefect-server:4200/api/flow_runs/019ff0ce-34e5-74da-a2bb-b535e5375db4 \"HTTP/1.1 204 No Content\"", "container": "prefect-worker"}
{"ts": "2026-08-11T12:45:00.106Z", "level": "INFO", "service": "worker", "logger": "httpx", "msg": "HTTP Request: GET http://prefect-server:4200/api/flow_runs/019ff0ce-34e5-74da-a2bb-b535e5375db4 \"HTTP/1.1 200 OK\"", "container": "prefect-worker"}
{"ts": "2026-08-11T12:45:00.120Z", "level": "INFO", "service": "worker", "logger": "httpx", "msg": "HTTP Request: POST http://prefect-server:4200/api/flow_runs/019ff0ce-34e5-74da-a2bb-b535e5375db4/set_state \"HTTP/1.1 201 Created\"", "container": "prefect-worker"}
{"ts": "2026-08-11T12:45:00.126Z", "level": "INFO", "service": "worker", "logger": "httpx", "msg": "HTTP Request: GET http://prefect-server:4200/api/flow_runs/019ff0ce-34e5-74da-a2bb-b535e5375db4 \"HTTP/1.1 200 OK\"", "container": "prefect-worker"}
{"ts": "2026-08-11T12:45:00.131Z", "level": "INFO", "service": "worker", "logger": "httpx", "msg": "HTTP Request: GET http://prefect-server:4200/api/admin/storage \"HTTP/1.1 200 OK\"", "container": "prefect-worker"}
{"ts": "2026-08-11T12:45:00.134Z", "level": "INFO", "service": "worker", "logger": "httpx", "msg": "HTTP Request: GET http://prefect-server:4200/api/admin/storage \"HTTP/1.1 200 OK\"", "container": "prefect-worker"}
{"ts": "2026-08-11T12:45:00.134Z", "level": "INFO", "service": "worker", "logger": "prefect.flow_runs", "msg": "Beginning flow run 'lean-quokka' for flow 'smarthub-build-features'", "flow_run_name": "lean-quokka", "flow_run_id": "019ff0ce-34e5-74da-a2bb-b535e5375db4", "flow_name": "smarthub-build-features", "deployment_name": "build-features", "container": "prefect-worker"}
{"ts": "2026-08-11T12:45:00.135Z", "level": "INFO", "service": "worker", "logger": "prefect.flow_runs", "msg": "View at http://prefect-server:4200/runs/flow-run/019ff0ce-34e5-74da-a2bb-b535e5375db4", "flow_run_name": "lean-quokka", "flow_run_id": "019ff0ce-34e5-74da-a2bb-b535e5375db4", "flow_name": "smarthub-build-features", "deployment_name": "build-features", "send_to_api": false, "container": "prefect-worker"}
{"ts": "2026-08-11T12:45:00.226Z", "level": "INFO", "service": "worker", "logger": "httpx", "msg": "HTTP Request: GET http://prefect-server:4200/api/flows/ed336d12-897f-42a6-bdf9-d48b8de86b57 \"HTTP/1.1 200 OK\"", "container": "prefect-worker"}
{"ts": "2026-08-11T12:45:00.227Z", "level": "INFO", "service": "worker", "logger": "httpx", "msg": "HTTP Request: GET http://prefect-server:4200/api/work_queues/109a2d50-2dca-4233-a9a5-9ec78fefd79f \"HTTP/1.1 200 OK\"", "container": "prefect-worker"}
{"ts": "2026-08-11T12:45:00.228Z", "level": "INFO", "service": "worker", "logger": "httpx", "msg": "HTTP Request: GET http://prefect-server:4200/api/deployments/8d536def-a82a-4c94-941b-14c2c0468511 \"HTTP/1.1 200 OK\"", "container": "prefect-worker"}
{"ts": "2026-08-11T12:45:00.228Z", "level": "INFO", "service": "worker", "logger": "httpx", "msg": "HTTP Request: GET http://prefect-server:4200/api/work_pools/smarthub-pool \"HTTP/1.1 200 OK\"", "container": "prefect-worker"}
{"ts": "2026-08-11T12:45:01.962Z", "level": "INFO", "service": "worker", "logger": "httpx", "msg": "HTTP Request: GET http://prefect-server:4200/api/csrf-token?client=61b6985b-1f7e-4356-aa59-9ce4dbb7f249 \"HTTP/1.1 422 Unprocessable Entity\"", "container": "prefect-worker"}
{"ts": "2026-08-11T12:45:01.978Z", "level": "INFO", "service": "worker", "logger": "httpx", "msg": "HTTP Request: POST http://prefect-server:4200/api/logs/ \"HTTP/1.1 201 Created\"", "container": "prefect-worker"}
{"ts": "2026-08-11T12:45:04.197Z", "level": "INFO", "service": "worker", "logger": "prefect.task_runs", "msg": "[home] training table 2026-08-11T124504Z: 168 rows, 34 cols -> /app/data/training_datasets/home/2026-08-11T124504Z.parquet", "task_run_id": "019ff0da-d179-7c08-8313-142404ff667c", "flow_run_id": "019ff0ce-34e5-74da-a2bb-b535e5375db4", "task_run_name": "build-training-table-2d6", "task_name": "build-training-table", "flow_run_name": "lean-quokka", "flow_name": "smarthub-build-features", "container": "prefect-worker"}
{"ts": "2026-08-11T12:45:04.337Z", "level": "INFO", "service": "worker", "logger": "prefect.task_runs", "msg": "Finished in state Completed()", "task_run_id": "019ff0da-d179-7c08-8313-142404ff667c", "flow_run_id": "019ff0ce-34e5-74da-a2bb-b535e5375db4", "task_run_name": "build-training-table-2d6", "task_name": "build-training-table", "flow_run_name": "lean-quokka", "flow_name": "smarthub-build-features", "container": "prefect-worker"}
{"ts": "2026-08-11T12:45:04.356Z", "level": "INFO", "service": "worker", "logger": "httpx", "msg": "HTTP Request: POST http://prefect-server:4200/api/artifacts/ \"HTTP/1.1 201 Created\"", "container": "prefect-worker"}
{"ts": "2026-08-11T12:45:04.440Z", "level": "INFO", "service": "worker", "logger": "httpx", "msg": "HTTP Request: POST http://prefect-server:4200/api/flow_runs/019ff0ce-34e5-74da-a2bb-b535e5375db4/set_state \"HTTP/1.1 201 Created\"", "container": "prefect-worker"}
{"ts": "2026-08-11T12:45:05.340Z", "level": "INFO", "service": "worker", "logger": "prefect.flow_runs", "msg": "Finished in state Completed()", "flow_run_name": "lean-quokka", "flow_run_id": "019ff0ce-34e5-74da-a2bb-b535e5375db4", "flow_name": "smarthub-build-features", "deployment_name": "build-features", "container": "prefect-worker"}
{"ts": "2026-08-11T12:45:05.349Z", "level": "INFO", "service": "worker", "logger": "httpx", "msg": "HTTP Request: POST http://prefect-server:4200/api/logs/ \"HTTP/1.1 201 Created\"", "container": "prefect-worker"}
{"ts": "2026-08-11T12:45:05.628956364Z", "container": "prefect-worker", "msg": "12:45:05.628 | INFO    | prefect.flow_runs.runner - Process for flow run 'lean-quokka' exited cleanly."}
{"ts": "2026-08-11T12:49:23.521580696Z", "container": "prefect-worker", "msg": "12:49:23.520 | INFO    | prefect.flow_runs.worker - Worker 'ProcessWorker c27d727b-2d53-4615-accd-1d47578da3c7' submitting flow run 'dcb1f831-965d-4bfa-baaa-4a41b8bc2f74'"}
{"ts": "2026-08-11T12:49:23.651803021Z", "container": "prefect-worker", "msg": "12:49:23.651 | INFO    | prefect.flow_runs.runner - Starting flow run process..."}
{"ts": "2026-08-11T12:49:23.676305378Z", "container": "prefect-worker", "msg": "12:49:23.675 | INFO    | prefect.flow_runs.worker - Flow run 'Intelligent-Duck' submitted to infrastructure"}
{"ts": "2026-08-11T12:49:24.864284866Z", "container": "prefect-worker", "msg": "12:49:24.858 | INFO    | Flow run 'Intelligent-Duck' - Running 1 deployment pull step(s)"}
{"ts": "2026-08-11T12:49:24.884878272Z", "container": "prefect-worker", "msg": "12:49:24.883 | INFO    | Flow run 'Intelligent-Duck' - Executing deployment step: set_working_directory"}
{"ts": "2026-08-11T12:49:24.896390725Z", "container": "prefect-worker", "msg": "12:49:24.895 | INFO    | Flow run 'Intelligent-Duck' - Deployment step 'set_working_directory' completed successfully"}
{"ts": "2026-08-11T12:49:24.910256955Z", "container": "prefect-worker", "msg": "12:49:24.909 | INFO    | Flow run 'Intelligent-Duck' - All deployment steps completed successfully"}
{"ts": "2026-08-11T12:49:26.034Z", "level": "INFO", "service": "worker", "logger": "httpx", "msg": "HTTP Request: GET http://prefect-server:4200/api/admin/version \"HTTP/1.1 200 OK\"", "container": "prefect-worker"}
{"ts": "2026-08-11T12:49:26.037Z", "level": "INFO", "service": "worker", "logger": "httpx", "msg": "HTTP Request: GET http://prefect-server:4200/api/csrf-token?client=24ed0d94-8f53-42fa-be11-8d44458811e1 \"HTTP/1.1 422 Unprocessable Entity\"", "container": "prefect-worker"}
{"ts": "2026-08-11T12:49:26.042Z", "level": "INFO", "service": "worker", "logger": "httpx", "msg": "HTTP Request: PATCH http://prefect-server:4200/api/flow_runs/dcb1f831-965d-4bfa-baaa-4a41b8bc2f74 \"HTTP/1.1 204 No Content\"", "container": "prefect-worker"}
{"ts": "2026-08-11T12:49:26.060Z", "level": "INFO", "service": "worker", "logger": "httpx", "msg": "HTTP Request: GET http://prefect-server:4200/api/flow_runs/dcb1f831-965d-4bfa-baaa-4a41b8bc2f74 \"HTTP/1.1 200 OK\"", "container": "prefect-worker"}
{"ts": "2026-08-11T12:49:26.074Z", "level": "INFO", "service": "worker", "logger": "httpx", "msg": "HTTP Request: POST http://prefect-server:4200/api/flow_runs/dcb1f831-965d-4bfa-baaa-4a41b8bc2f74/set_state \"HTTP/1.1 201 Created\"", "container": "prefect-worker"}
{"ts": "2026-08-11T12:49:26.079Z", "level": "INFO", "service": "worker", "logger": "httpx", "msg": "HTTP Request: GET http://prefect-server:4200/api/flow_runs/dcb1f831-965d-4bfa-baaa-4a41b8bc2f74 \"HTTP/1.1 200 OK\"", "container": "prefect-worker"}
{"ts": "2026-08-11T12:49:26.083Z", "level": "INFO", "service": "worker", "logger": "httpx", "msg": "HTTP Request: GET http://prefect-server:4200/api/admin/storage \"HTTP/1.1 200 OK\"", "container": "prefect-worker"}
{"ts": "2026-08-11T12:49:26.086Z", "level": "INFO", "service": "worker", "logger": "httpx", "msg": "HTTP Request: GET http://prefect-server:4200/api/admin/storage \"HTTP/1.1 200 OK\"", "container": "prefect-worker"}
{"ts": "2026-08-11T12:49:26.086Z", "level": "INFO", "service": "worker", "logger": "prefect.flow_runs", "msg": "Beginning flow run 'Intelligent-Duck' for flow 'smarthub-train-model'", "flow_run_name": "Intelligent-Duck", "flow_run_id": "dcb1f831-965d-4bfa-baaa-4a41b8bc2f74", "flow_name": "smarthub-train-model", "deployment_name": "train-model", "container": "prefect-worker"}
{"ts": "2026-08-11T12:49:26.087Z", "level": "INFO", "service": "worker", "logger": "prefect.flow_runs", "msg": "View at http://prefect-server:4200/runs/flow-run/dcb1f831-965d-4bfa-baaa-4a41b8bc2f74", "flow_run_name": "Intelligent-Duck", "flow_run_id": "dcb1f831-965d-4bfa-baaa-4a41b8bc2f74", "flow_name": "smarthub-train-model", "deployment_name": "train-model", "send_to_api": false, "container": "prefect-worker"}
{"ts": "2026-08-11T12:49:26.087Z", "level": "INFO", "service": "worker", "logger": "prefect.flow_runs", "msg": "STEP 3 train-model starting: lead_type=home (1), version=latest, mlflow=True", "flow_run_name": "Intelligent-Duck", "flow_run_id": "dcb1f831-965d-4bfa-baaa-4a41b8bc2f74", "flow_name": "smarthub-train-model", "deployment_name": "train-model", "container": "prefect-worker"}
{"ts": "2026-08-11T12:49:26.113Z", "level": "INFO", "service": "worker", "logger": "flow.train", "msg": "Loading training table for lead_type=home (1)", "container": "prefect-worker"}
{"ts": "2026-08-11T12:49:26.126Z", "level": "INFO", "service": "worker", "logger": "httpx", "msg": "HTTP Request: GET http://prefect-server:4200/api/flows/b482d204-61dd-4cd6-bc87-1c0295ffdd50 \"HTTP/1.1 200 OK\"", "container": "prefect-worker"}
{"ts": "2026-08-11T12:49:26.127Z", "level": "INFO", "service": "worker", "logger": "httpx", "msg": "HTTP Request: GET http://prefect-server:4200/api/work_queues/1359b356-bb73-44da-ae82-6233613dd549 \"HTTP/1.1 200 OK\"", "container": "prefect-worker"}
{"ts": "2026-08-11T12:49:26.131Z", "level": "INFO", "service": "worker", "logger": "httpx", "msg": "HTTP Request: GET http://prefect-server:4200/api/deployments/f2af7572-283e-43ab-bfa3-0ad7cee08503 \"HTTP/1.1 200 OK\"", "container": "prefect-worker"}
{"ts": "2026-08-11T12:49:26.131Z", "level": "INFO", "service": "worker", "logger": "httpx", "msg": "HTTP Request: GET http://prefect-server:4200/api/work_pools/smarthub-pool \"HTTP/1.1 200 OK\"", "container": "prefect-worker"}
{"ts": "2026-08-11T12:49:26.143Z", "level": "INFO", "service": "worker", "logger": "flow.train", "msg": "Dataset Prepared", "container": "prefect-worker"}
{"ts": "2026-08-11T12:49:26.143Z", "level": "INFO", "service": "worker", "logger": "flow.train", "msg": "  Training rows                         : 168", "container": "prefect-worker"}
{"ts": "2026-08-11T12:49:26.143Z", "level": "INFO", "service": "worker", "logger": "flow.train", "msg": "  Dropped rows                          : 0", "container": "prefect-worker"}
{"ts": "2026-08-11T12:49:26.143Z", "level": "INFO", "service": "worker", "logger": "flow.train", "msg": "  Win rate                              : 1.0000", "container": "prefect-worker"}
{"ts": "2026-08-11T12:49:26.144Z", "level": "INFO", "service": "worker", "logger": "flow.train", "msg": "  Feature count                         : 10 numeric, 7 categorical", "container": "prefect-worker"}
{"ts": "2026-08-11T12:49:26.144Z", "level": "INFO", "service": "worker", "logger": "flow.train", "msg": "  Missing feature columns               : none", "container": "prefect-worker"}
{"ts": "2026-08-11T12:49:26.144Z", "level": "ERROR", "service": "worker", "logger": "prefect.task_runs", "msg": "Task run failed with exception: ValueError(\"Training data for 'home' has only ONE target class (won_flag=1, win_rate=1.0). A classifier needs both wins and losses. Check the `won` distribution in the pulled leads: losses may be encoded as blank/NULL (and dropped when building the training table), or `won` may not be the correct win/loss label. Confirm the label with the team before training.\")", "task_run_id": "019ff0de-e05b-7358-8913-f8b5e2b1fc7f", "flow_run_id": "dcb1f831-965d-4bfa-baaa-4a41b8bc2f74", "task_run_name": "train-anton-model-36c", "task_name": "train-anton-model", "flow_run_name": "Intelligent-Duck", "flow_name": "smarthub-train-model", "error": {"type": "ValueError", "msg": "Training data for 'home' has only ONE target class (won_flag=1, win_rate=1.0). A classifier needs both wins and losses. Check the `won` distribution in the pulled leads: losses may be encoded as blank/NULL (and dropped when building the training table), or `won` may not be the correct win/loss label. Confirm the label with the team before training.", "fingerprint": "5a498a0dc17f", "stack": "Traceback (most recent call last):\n  File \"/usr/local/lib/python3.12/site-packages/prefect/task_engine.py\", line 1021, in run_context\n    yield self\n  File \"/usr/local/lib/python3.12/site-packages/prefect/task_engine.py\", line 1683, in run_task_sync\n    engine.call_task_fn(txn)\n  File \"/usr/local/lib/python3.12/site-packages/prefect/task_engine.py\", line 1038, in call_task_fn\n    result = call_with_parameters(self.task.fn, parameters)\n             ^^^^^^^^^^^^^^^^^^^^^^^^^^^^^^^^^^^^^^^^^^^^^^\n  File \"/usr/local/lib/python3.12/site-packages/prefect/utilities/callables/__init__.py\", line 348, in call_with_parameters\n    return fn(*args, **kwargs)\n           ^^^^^^^^^^^^^^^^^^^\n  File \"/app/src/smarthub/train_and_predict/flow.py\", line 70, in _train_task\n    return train.run_training(\n           ^^^^^^^^^^^^^^^^^^^\n  File \"/app/src/smarthub/train_and_predict/train.py\", line 218, in run_training\n    preprocessing.assert_trainable(frame, lead_type_name)\n  File \"/app/src/smarthub/train_and_predict/preprocessing.py\", line 192, in assert_trainable\n    raise ValueError(\nValueError: Training data for 'home' has only ONE target class (won_flag=1, win_rate=1.0). A classifier needs both wins and losses. Check the `won` distribution in the pulled leads: losses may be encoded as blank/NULL (and dropped when building the training table), or `won` may not be the correct win/loss label. Confirm the label with the team before training.\n"}, "container": "prefect-worker"}
{"ts": "2026-08-11T12:49:26.148Z", "level": "ERROR", "service": "worker", "logger": "prefect.task_runs", "msg": "Finished in state Failed(\"Task run encountered an exception ValueError: Training data for 'home' has only ONE target class (won_flag=1, win_rate=1.0). A classifier needs both wins and losses. Check the `won` distribution in the pulled leads: losses may be encoded as blank/NULL (and dropped when building the training table), or `won` may not be the correct win/loss label. Confirm the label with the team before training.\")", "task_run_id": "019ff0de-e05b-7358-8913-f8b5e2b1fc7f", "flow_run_id": "dcb1f831-965d-4bfa-baaa-4a41b8bc2f74", "task_run_name": "train-anton-model-36c", "task_name": "train-anton-model", "flow_run_name": "Intelligent-Duck", "flow_name": "smarthub-train-model", "container": "prefect-worker"}
{"ts": "2026-08-11T12:49:26.870Z", "level": "INFO", "service": "worker", "logger": "httpx", "msg": "HTTP Request: GET http://prefect-server:4200/api/csrf-token?client=ac55fcd8-4b01-40f7-be01-97ede82ad7be \"HTTP/1.1 422 Unprocessable Entity\"", "container": "prefect-worker"}
{"ts": "2026-08-11T12:49:26.880Z", "level": "INFO", "service": "worker", "logger": "httpx", "msg": "HTTP Request: POST http://prefect-server:4200/api/logs/ \"HTTP/1.1 201 Created\"", "container": "prefect-worker"}
{"ts": "2026-08-11T12:49:27.089Z", "level": "ERROR", "service": "worker", "logger": "prefect.flow_runs", "msg": "Encountered exception during execution: ValueError(\"Training data for 'home' has only ONE target class (won_flag=1, win_rate=1.0). A classifier needs both wins and losses. Check the `won` distribution in the pulled leads: losses may be encoded as blank/NULL (and dropped when building the training table), or `won` may not be the correct win/loss label. Confirm the label with the team before training.\")", "flow_run_name": "Intelligent-Duck", "flow_run_id": "dcb1f831-965d-4bfa-baaa-4a41b8bc2f74", "flow_name": "smarthub-train-model", "deployment_name": "train-model", "error": {"type": "ValueError", "msg": "Training data for 'home' has only ONE target class (won_flag=1, win_rate=1.0). A classifier needs both wins and losses. Check the `won` distribution in the pulled leads: losses may be encoded as blank/NULL (and dropped when building the training table), or `won` may not be the correct win/loss label. Confirm the label with the team before training.", "fingerprint": "cdacf01e0bb2", "stack": "Traceback (most recent call last):\n  File \"/usr/local/lib/python3.12/site-packages/prefect/flow_engine.py\", line 1277, in run_context\n    yield self\n  File \"/usr/local/lib/python3.12/site-packages/prefect/flow_engine.py\", line 2030, in run_flow_sync\n    engine.call_flow_fn()\n  File \"/usr/local/lib/python3.12/site-packages/prefect/flow_engine.py\", line 1297, in call_flow_fn\n    result = call_with_parameters(self.flow.fn, self.parameters)\n             ^^^^^^^^^^^^^^^^^^^^^^^^^^^^^^^^^^^^^^^^^^^^^^^^^^^\n  File \"/usr/local/lib/python3.12/site-packages/prefect/utilities/callables/__init__.py\", line 348, in call_with_parameters\n    return fn(*args, **kwargs)\n           ^^^^^^^^^^^^^^^^^^^\n  File \"/app/src/smarthub/train_and_predict/flow.py\", line 113, in train_flow\n    result = _train_task(lead_type_id, version, register_mlflow)\n             ^^^^^^^^^^^^^^^^^^^^^^^^^^^^^^^^^^^^^^^^^^^^^^^^^^^\n  File \"/usr/local/lib/python3.12/site-packages/prefect/tasks.py\", line 1227, in __call__\n    return run_task(\n           ^^^^^^^^^\n  File \"/usr/local/lib/python3.12/site-packages/prefect/task_engine.py\", line 1916, in run_task\n    return run_task_sync(**kwargs)\n           ^^^^^^^^^^^^^^^^^^^^^^^\n  File \"/usr/local/lib/python3.12/site-packages/prefect/task_engine.py\", line 1686, in run_task_sync\n    return engine.state if return_type == \"state\" else engine.result()\n                                                       ^^^^^^^^^^^^^^^\n  File \"/usr/local/lib/python3.12/site-packages/prefect/task_engine.py\", line 617, in result\n    raise self._raised\n  File \"/usr/local/lib/python3.12/site-packages/prefect/task_engine.py\", line 1021, in run_context\n    yield self\n  File \"/usr/local/lib/python3.12/site-packages/prefect/task_engine.py\", line 1683, in run_task_sync\n    engine.call_task_fn(txn)\n  File \"/usr/local/lib/python3.12/site-packages/prefect/task_engine.py\", line 1038, in call_task_fn\n    result = call_with_parameters(self.task.fn, parameters)\n             ^^^^^^^^^^^^^^^^^^^^^^^^^^^^^^^^^^^^^^^^^^^^^^\n  File \"/usr/local/lib/python3.12/site-packages/prefect/utilities/callables/__init__.py\", line 348, in call_with_parameters\n    return fn(*args, **kwargs)\n           ^^^^^^^^^^^^^^^^^^^\n  File \"/app/src/smarthub/train_and_predict/flow.py\", line 70, in _train_task\n    return train.run_training(\n           ^^^^^^^^^^^^^^^^^^^\n  File \"/app/src/smarthub/train_and_predict/train.py\", line 218, in run_training\n    preprocessing.assert_trainable(frame, lead_type_name)\n  File \"/app/src/smarthub/train_and_predict/preprocessing.py\", line 192, in assert_trainable\n    raise ValueError(\nValueError: Training data for 'home' has only ONE target class (won_flag=1, win_rate=1.0). A classifier needs both wins and losses. Check the `won` distribution in the pulled leads: losses may be encoded as blank/NULL (and dropped when building the training table), or `won` may not be the correct win/loss label. Confirm the label with the team before training.\n"}, "container": "prefect-worker"}
{"ts": "2026-08-11T12:49:27.121Z", "level": "INFO", "service": "worker", "logger": "httpx", "msg": "HTTP Request: POST http://prefect-server:4200/api/flow_runs/dcb1f831-965d-4bfa-baaa-4a41b8bc2f74/set_state \"HTTP/1.1 201 Created\"", "container": "prefect-worker"}
{"ts": "2026-08-11T12:49:27.121Z", "level": "INFO", "service": "worker", "logger": "prefect.flow_runs", "msg": "Running hook 'flow_failure_hook' in response to entering state 'Failed'", "flow_run_name": "Intelligent-Duck", "flow_run_id": "dcb1f831-965d-4bfa-baaa-4a41b8bc2f74", "flow_name": "smarthub-train-model", "deployment_name": "train-model", "container": "prefect-worker"}
{"ts": "2026-08-11T12:49:27.173Z", "level": "INFO", "service": "worker", "logger": "prefect.flow_runs", "msg": "Hook 'flow_failure_hook' finished running successfully", "flow_run_name": "Intelligent-Duck", "flow_run_id": "dcb1f831-965d-4bfa-baaa-4a41b8bc2f74", "flow_name": "smarthub-train-model", "deployment_name": "train-model", "container": "prefect-worker"}
{"ts": "2026-08-11T12:49:27.265Z", "level": "INFO", "service": "worker", "logger": "prefect.flow_runs", "msg": "Finished in state Failed(\"Flow run encountered an exception: ValueError: Training data for 'home' has only ONE target class (won_flag=1, win_rate=1.0). A classifier needs both wins and losses. Check the `won` distribution in the pulled leads: losses may be encoded as blank/NULL (and dropped when building the training table), or `won` may not be the correct win/loss label. Confirm the label with the team before training.\")", "flow_run_name": "Intelligent-Duck", "flow_run_id": "dcb1f831-965d-4bfa-baaa-4a41b8bc2f74", "flow_name": "smarthub-train-model", "deployment_name": "train-model", "container": "prefect-worker"}
{"ts": "2026-08-11T12:49:27.266Z", "level": "ERROR", "service": "worker", "logger": "prefect.flow_runs", "msg": "Engine execution exited with unexpected exception", "flow_run_name": "Intelligent-Duck", "flow_run_id": "dcb1f831-965d-4bfa-baaa-4a41b8bc2f74", "flow_name": "<unknown>", "deployment_name": "train-model", "error": {"type": "ValueError", "msg": "Training data for 'home' has only ONE target class (won_flag=1, win_rate=1.0). A classifier needs both wins and losses. Check the `won` distribution in the pulled leads: losses may be encoded as blank/NULL (and dropped when building the training table), or `won` may not be the correct win/loss label. Confirm the label with the team before training.", "fingerprint": "888d20199e32", "stack": "Traceback (most recent call last):\n  File \"/usr/local/lib/python3.12/site-packages/prefect/flow_engine.py\", line 2187, in run_flow\n    ret_val = run_flow_sync(**kwargs)\n              ^^^^^^^^^^^^^^^^^^^^^^^\n  File \"/usr/local/lib/python3.12/site-packages/prefect/flow_engine.py\", line 2032, in run_flow_sync\n    return engine.state if return_type == \"state\" else engine.result()\n                                                       ^^^^^^^^^^^^^^^\n  File \"/usr/local/lib/python3.12/site-packages/prefect/flow_engine.py\", line 759, in result\n    raise self._raised\n  File \"/usr/local/lib/python3.12/site-packages/prefect/flow_engine.py\", line 1277, in run_context\n    yield self\n  File \"/usr/local/lib/python3.12/site-packages/prefect/flow_engine.py\", line 2030, in run_flow_sync\n    engine.call_flow_fn()\n  File \"/usr/local/lib/python3.12/site-packages/prefect/flow_engine.py\", line 1297, in call_flow_fn\n    result = call_with_parameters(self.flow.fn, self.parameters)\n             ^^^^^^^^^^^^^^^^^^^^^^^^^^^^^^^^^^^^^^^^^^^^^^^^^^^\n  File \"/usr/local/lib/python3.12/site-packages/prefect/utilities/callables/__init__.py\", line 348, in call_with_parameters\n    return fn(*args, **kwargs)\n           ^^^^^^^^^^^^^^^^^^^\n  File \"/app/src/smarthub/train_and_predict/flow.py\", line 113, in train_flow\n    result = _train_task(lead_type_id, version, register_mlflow)\n             ^^^^^^^^^^^^^^^^^^^^^^^^^^^^^^^^^^^^^^^^^^^^^^^^^^^\n  File \"/usr/local/lib/python3.12/site-packages/prefect/tasks.py\", line 1227, in __call__\n    return run_task(\n           ^^^^^^^^^\n  File \"/usr/local/lib/python3.12/site-packages/prefect/task_engine.py\", line 1916, in run_task\n    return run_task_sync(**kwargs)\n           ^^^^^^^^^^^^^^^^^^^^^^^\n  File \"/usr/local/lib/python3.12/site-packages/prefect/task_engine.py\", line 1686, in run_task_sync\n    return engine.state if return_type == \"state\" else engine.result()\n                                                       ^^^^^^^^^^^^^^^\n  File \"/usr/local/lib/python3.12/site-packages/prefect/task_engine.py\", line 617, in result\n    raise self._raised\n  File \"/usr/local/lib/python3.12/site-packages/prefect/task_engine.py\", line 1021, in run_context\n    yield self\n  File \"/usr/local/lib/python3.12/site-packages/prefect/task_engine.py\", line 1683, in run_task_sync\n    engine.call_task_fn(txn)\n  File \"/usr/local/lib/python3.12/site-packages/prefect/task_engine.py\", line 1038, in call_task_fn\n    result = call_with_parameters(self.task.fn, parameters)\n             ^^^^^^^^^^^^^^^^^^^^^^^^^^^^^^^^^^^^^^^^^^^^^^\n  File \"/usr/local/lib/python3.12/site-packages/prefect/utilities/callables/__init__.py\", line 348, in call_with_parameters\n    return fn(*args, **kwargs)\n           ^^^^^^^^^^^^^^^^^^^\n  File \"/app/src/smarthub/train_and_predict/flow.py\", line 70, in _train_task\n    return train.run_training(\n           ^^^^^^^^^^^^^^^^^^^\n  File \"/app/src/smarthub/train_and_predict/train.py\", line 218, in run_training\n    preprocessing.assert_trainable(frame, lead_type_name)\n  File \"/app/src/smarthub/train_and_predict/preprocessing.py\", line 192, in assert_trainable\n    raise ValueError(\nValueError: Training data for 'home' has only ONE target class (won_flag=1, win_rate=1.0). A classifier needs both wins and losses. Check the `won` distribution in the pulled leads: losses may be encoded as blank/NULL (and dropped when building the training table), or `won` may not be the correct win/loss label. Confirm the label with the team before training.\n"}, "container": "prefect-worker"}
{"ts": "2026-08-11T12:49:27.268Z", "level": "ERROR", "service": "worker", "logger": "prefect.engine", "msg": "Execution of flow run 'dcb1f831-965d-4bfa-baaa-4a41b8bc2f74' exited with unexpected exception", "error": {"type": "ValueError", "msg": "Training data for 'home' has only ONE target class (won_flag=1, win_rate=1.0). A classifier needs both wins and losses. Check the `won` distribution in the pulled leads: losses may be encoded as blank/NULL (and dropped when building the training table), or `won` may not be the correct win/loss label. Confirm the label with the team before training.", "fingerprint": "b7fd0b16890b", "stack": "Traceback (most recent call last):\n  File \"/usr/local/lib/python3.12/site-packages/prefect/engine.py\", line 87, in handle_engine_signals\n    yield\n  File \"/usr/local/lib/python3.12/site-packages/prefect/engine.py\", line 176, in <module>\n    _run_result: object = run_flow(\n                          ^^^^^^^^^\n  File \"/usr/local/lib/python3.12/site-packages/prefect/flow_engine.py\", line 2187, in run_flow\n    ret_val = run_flow_sync(**kwargs)\n              ^^^^^^^^^^^^^^^^^^^^^^^\n  File \"/usr/local/lib/python3.12/site-packages/prefect/flow_engine.py\", line 2032, in run_flow_sync\n    return engine.state if return_type == \"state\" else engine.result()\n                                                       ^^^^^^^^^^^^^^^\n  File \"/usr/local/lib/python3.12/site-packages/prefect/flow_engine.py\", line 759, in result\n    raise self._raised\n  File \"/usr/local/lib/python3.12/site-packages/prefect/flow_engine.py\", line 1277, in run_context\n    yield self\n  File \"/usr/local/lib/python3.12/site-packages/prefect/flow_engine.py\", line 2030, in run_flow_sync\n    engine.call_flow_fn()\n  File \"/usr/local/lib/python3.12/site-packages/prefect/flow_engine.py\", line 1297, in call_flow_fn\n    result = call_with_parameters(self.flow.fn, self.parameters)\n             ^^^^^^^^^^^^^^^^^^^^^^^^^^^^^^^^^^^^^^^^^^^^^^^^^^^\n  File \"/usr/local/lib/python3.12/site-packages/prefect/utilities/callables/__init__.py\", line 348, in call_with_parameters\n    return fn(*args, **kwargs)\n           ^^^^^^^^^^^^^^^^^^^\n  File \"/app/src/smarthub/train_and_predict/flow.py\", line 113, in train_flow\n    result = _train_task(lead_type_id, version, register_mlflow)\n             ^^^^^^^^^^^^^^^^^^^^^^^^^^^^^^^^^^^^^^^^^^^^^^^^^^^\n  File \"/usr/local/lib/python3.12/site-packages/prefect/tasks.py\", line 1227, in __call__\n    return run_task(\n           ^^^^^^^^^\n  File \"/usr/local/lib/python3.12/site-packages/prefect/task_engine.py\", line 1916, in run_task\n    return run_task_sync(**kwargs)\n           ^^^^^^^^^^^^^^^^^^^^^^^\n  File \"/usr/local/lib/python3.12/site-packages/prefect/task_engine.py\", line 1686, in run_task_sync\n    return engine.state if return_type == \"state\" else engine.result()\n                                                       ^^^^^^^^^^^^^^^\n  File \"/usr/local/lib/python3.12/site-packages/prefect/task_engine.py\", line 617, in result\n    raise self._raised\n  File \"/usr/local/lib/python3.12/site-packages/prefect/task_engine.py\", line 1021, in run_context\n    yield self\n  File \"/usr/local/lib/python3.12/site-packages/prefect/task_engine.py\", line 1683, in run_task_sync\n    engine.call_task_fn(txn)\n  File \"/usr/local/lib/python3.12/site-packages/prefect/task_engine.py\", line 1038, in call_task_fn\n    result = call_with_parameters(self.task.fn, parameters)\n             ^^^^^^^^^^^^^^^^^^^^^^^^^^^^^^^^^^^^^^^^^^^^^^\n  File \"/usr/local/lib/python3.12/site-packages/prefect/utilities/callables/__init__.py\", line 348, in call_with_parameters\n    return fn(*args, **kwargs)\n           ^^^^^^^^^^^^^^^^^^^\n  File \"/app/src/smarthub/train_and_predict/flow.py\", line 70, in _train_task\n    return train.run_training(\n           ^^^^^^^^^^^^^^^^^^^\n  File \"/app/src/smarthub/train_and_predict/train.py\", line 218, in run_training\n    preprocessing.assert_trainable(frame, lead_type_name)\n  File \"/app/src/smarthub/train_and_predict/preprocessing.py\", line 192, in assert_trainable\n    raise ValueError(\nValueError: Training data for 'home' has only ONE target class (won_flag=1, win_rate=1.0). A classifier needs both wins and losses. Check the `won` distribution in the pulled leads: losses may be encoded as blank/NULL (and dropped when building the training table), or `won` may not be the correct win/loss label. Confirm the label with the team before training.\n"}, "container": "prefect-worker"}
{"ts": "2026-08-11T12:49:27.278Z", "level": "INFO", "service": "worker", "logger": "httpx", "msg": "HTTP Request: POST http://prefect-server:4200/api/logs/ \"HTTP/1.1 201 Created\"", "container": "prefect-worker"}
{"ts": "2026-08-11T12:49:27.761110795Z", "container": "prefect-worker", "msg": "12:49:27.760 | ERROR   | prefect.flow_runs.runner - Process for flow run 'Intelligent-Duck' exited with status code: 1; Process exited with a general error."}
{"ts": "2026-08-11T12:49:27.761545719Z", "container": "prefect-worker", "msg": "12:49:27.761 | INFO    | prefect.flow_runs.runner - Check the flow run logs for an unhandled exception or assertion error."}
{"ts": "2026-08-11T12:49:27.793846428Z", "container": "prefect-worker", "msg": "12:49:27.793 | INFO    | prefect.flow_runs.worker - Check the flow run logs for an unhandled exception or assertion error."}
{"ts": "2026-08-11T12:50:54.486014910Z", "container": "prefect-worker", "msg": "12:50:54.485 | INFO    | prefect.flow_runs.worker - Worker 'ProcessWorker c27d727b-2d53-4615-accd-1d47578da3c7' submitting flow run '4f94837f-ec8c-4546-867c-1178f3dcb63b'"}
{"ts": "2026-08-11T12:50:54.486442894Z", "container": "prefect-worker", "msg": "12:50:54.486 | INFO    | prefect.flow_runs.worker - Worker 'ProcessWorker c27d727b-2d53-4615-accd-1d47578da3c7' submitting flow run '82adebf2-f162-45ca-bad1-f72a0bdf3967'"}
{"ts": "2026-08-11T12:50:54.695581776Z", "container": "prefect-worker", "msg": "12:50:54.695 | INFO    | prefect.flow_runs.runner - Starting flow run process..."}
{"ts": "2026-08-11T12:50:54.714975942Z", "container": "prefect-worker", "msg": "12:50:54.714 | INFO    | prefect.flow_runs.runner - Starting flow run process..."}
{"ts": "2026-08-11T12:50:54.741143651Z", "container": "prefect-worker", "msg": "12:50:54.740 | INFO    | prefect.flow_runs.worker - Flow run 'Handmade-Tapir' submitted to infrastructure"}
{"ts": "2026-08-11T12:50:54.742016218Z", "container": "prefect-worker", "msg": "12:50:54.741 | INFO    | prefect.flow_runs.worker - Flow run 'Handmade-Tapir' submitted to infrastructure"}
{"ts": "2026-08-11T12:50:55.952401797Z", "container": "prefect-worker", "msg": "12:50:55.946 | INFO    | Flow run 'Handmade-Tapir' - Running 1 deployment pull step(s)"}
{"ts": "2026-08-11T12:50:55.973249184Z", "container": "prefect-worker", "msg": "12:50:55.972 | INFO    | Flow run 'Handmade-Tapir' - Executing deployment step: set_working_directory"}
{"ts": "2026-08-11T12:50:55.984723796Z", "container": "prefect-worker", "msg": "12:50:55.984 | INFO    | Flow run 'Handmade-Tapir' - Deployment step 'set_working_directory' completed successfully"}
{"ts": "2026-08-11T12:50:55.989512024Z", "container": "prefect-worker", "msg": "12:50:55.983 | INFO    | Flow run 'Handmade-Tapir' - Running 1 deployment pull step(s)"}
{"ts": "2026-08-11T12:50:55.998961629Z", "container": "prefect-worker", "msg": "12:50:55.998 | INFO    | Flow run 'Handmade-Tapir' - All deployment steps completed successfully"}
{"ts": "2026-08-11T12:50:56.010388081Z", "container": "prefect-worker", "msg": "12:50:56.009 | INFO    | Flow run 'Handmade-Tapir' - Executing deployment step: set_working_directory"}
{"ts": "2026-08-11T12:50:56.022147455Z", "container": "prefect-worker", "msg": "12:50:56.021 | INFO    | Flow run 'Handmade-Tapir' - Deployment step 'set_working_directory' completed successfully"}
{"ts": "2026-08-11T12:50:56.036483380Z", "container": "prefect-worker", "msg": "12:50:56.035 | INFO    | Flow run 'Handmade-Tapir' - All deployment steps completed successfully"}
{"ts": "2026-08-11T12:50:56.454Z", "level": "INFO", "service": "worker", "logger": "httpx", "msg": "HTTP Request: GET http://prefect-server:4200/api/admin/version \"HTTP/1.1 200 OK\"", "container": "prefect-worker"}
{"ts": "2026-08-11T12:50:56.458Z", "level": "INFO", "service": "worker", "logger": "httpx", "msg": "HTTP Request: GET http://prefect-server:4200/api/csrf-token?client=107af294-a50f-4ca2-9aad-137e9e2c4b22 \"HTTP/1.1 422 Unprocessable Entity\"", "container": "prefect-worker"}
{"ts": "2026-08-11T12:50:56.463Z", "level": "INFO", "service": "worker", "logger": "httpx", "msg": "HTTP Request: PATCH http://prefect-server:4200/api/flow_runs/82adebf2-f162-45ca-bad1-f72a0bdf3967 \"HTTP/1.1 204 No Content\"", "container": "prefect-worker"}
{"ts": "2026-08-11T12:50:56.482Z", "level": "INFO", "service": "worker", "logger": "httpx", "msg": "HTTP Request: GET http://prefect-server:4200/api/flow_runs/82adebf2-f162-45ca-bad1-f72a0bdf3967 \"HTTP/1.1 200 OK\"", "container": "prefect-worker"}
{"ts": "2026-08-11T12:50:56.485Z", "level": "INFO", "service": "worker", "logger": "httpx", "msg": "HTTP Request: GET http://prefect-server:4200/api/admin/version \"HTTP/1.1 200 OK\"", "container": "prefect-worker"}
{"ts": "2026-08-11T12:50:56.489Z", "level": "INFO", "service": "worker", "logger": "httpx", "msg": "HTTP Request: GET http://prefect-server:4200/api/csrf-token?client=90725193-4f60-4d43-ab63-6467fe875b1d \"HTTP/1.1 422 Unprocessable Entity\"", "container": "prefect-worker"}
{"ts": "2026-08-11T12:50:56.500Z", "level": "INFO", "service": "worker", "logger": "httpx", "msg": "HTTP Request: PATCH http://prefect-server:4200/api/flow_runs/4f94837f-ec8c-4546-867c-1178f3dcb63b \"HTTP/1.1 204 No Content\"", "container": "prefect-worker"}
{"ts": "2026-08-11T12:50:56.501Z", "level": "INFO", "service": "worker", "logger": "httpx", "msg": "HTTP Request: POST http://prefect-server:4200/api/flow_runs/82adebf2-f162-45ca-bad1-f72a0bdf3967/set_state \"HTTP/1.1 201 Created\"", "container": "prefect-worker"}
{"ts": "2026-08-11T12:50:56.508Z", "level": "INFO", "service": "worker", "logger": "httpx", "msg": "HTTP Request: GET http://prefect-server:4200/api/flow_runs/82adebf2-f162-45ca-bad1-f72a0bdf3967 \"HTTP/1.1 200 OK\"", "container": "prefect-worker"}
{"ts": "2026-08-11T12:50:56.514Z", "level": "INFO", "service": "worker", "logger": "httpx", "msg": "HTTP Request: GET http://prefect-server:4200/api/admin/storage \"HTTP/1.1 200 OK\"", "container": "prefect-worker"}
{"ts": "2026-08-11T12:50:56.521Z", "level": "INFO", "service": "worker", "logger": "httpx", "msg": "HTTP Request: GET http://prefect-server:4200/api/admin/storage \"HTTP/1.1 200 OK\"", "container": "prefect-worker"}
{"ts": "2026-08-11T12:50:56.521Z", "level": "INFO", "service": "worker", "logger": "prefect.flow_runs", "msg": "Beginning flow run 'Handmade-Tapir' for flow 'smarthub-data-pull'", "flow_run_name": "Handmade-Tapir", "flow_run_id": "82adebf2-f162-45ca-bad1-f72a0bdf3967", "flow_name": "smarthub-data-pull", "deployment_name": "data-pull", "container": "prefect-worker"}
{"ts": "2026-08-11T12:50:56.522Z", "level": "INFO", "service": "worker", "logger": "prefect.flow_runs", "msg": "View at http://prefect-server:4200/runs/flow-run/82adebf2-f162-45ca-bad1-f72a0bdf3967", "flow_run_name": "Handmade-Tapir", "flow_run_id": "82adebf2-f162-45ca-bad1-f72a0bdf3967", "flow_name": "smarthub-data-pull", "deployment_name": "data-pull", "send_to_api": false, "container": "prefect-worker"}
{"ts": "2026-08-11T12:50:56.522Z", "level": "INFO", "service": "worker", "logger": "httpx", "msg": "HTTP Request: GET http://prefect-server:4200/api/flow_runs/4f94837f-ec8c-4546-867c-1178f3dcb63b \"HTTP/1.1 200 OK\"", "container": "prefect-worker"}
{"ts": "2026-08-11T12:50:56.538Z", "level": "INFO", "service": "worker", "logger": "httpx", "msg": "HTTP Request: POST http://prefect-server:4200/api/flow_runs/4f94837f-ec8c-4546-867c-1178f3dcb63b/set_state \"HTTP/1.1 201 Created\"", "container": "prefect-worker"}
{"ts": "2026-08-11T12:50:56.550Z", "level": "INFO", "service": "worker", "logger": "httpx", "msg": "HTTP Request: GET http://prefect-server:4200/api/flow_runs/4f94837f-ec8c-4546-867c-1178f3dcb63b \"HTTP/1.1 200 OK\"", "container": "prefect-worker"}
{"ts": "2026-08-11T12:50:56.565Z", "level": "INFO", "service": "worker", "logger": "httpx", "msg": "HTTP Request: GET http://prefect-server:4200/api/flows/c49e248a-be9d-43b9-ad26-cff3b7117b11 \"HTTP/1.1 200 OK\"", "container": "prefect-worker"}
{"ts": "2026-08-11T12:50:56.565Z", "level": "INFO", "service": "worker", "logger": "httpx", "msg": "HTTP Request: GET http://prefect-server:4200/api/variables/name/smarthub_last_pull_timestamp_home \"HTTP/1.1 200 OK\"", "container": "prefect-worker"}
{"ts": "2026-08-11T12:50:56.569Z", "level": "INFO", "service": "worker", "logger": "prefect.task_runs", "msg": "Finished in state Completed()", "task_run_id": "019ff0e0-419a-7723-8f8e-e54eb28d749c", "flow_run_id": "82adebf2-f162-45ca-bad1-f72a0bdf3967", "task_run_name": "resolve_window-2e4", "task_name": "resolve_window", "flow_run_name": "Handmade-Tapir", "flow_name": "smarthub-data-pull", "container": "prefect-worker"}
{"ts": "2026-08-11T12:50:56.569Z", "level": "INFO", "service": "worker", "logger": "prefect.flow_runs", "msg": "[home] pulling window 2026-08-11 11:14:22 -> 2026-08-11 12:50:56", "flow_run_name": "Handmade-Tapir", "flow_run_id": "82adebf2-f162-45ca-bad1-f72a0bdf3967", "flow_name": "smarthub-data-pull", "deployment_name": "data-pull", "container": "prefect-worker"}
{"ts": "2026-08-11T12:50:56.573Z", "level": "INFO", "service": "worker", "logger": "httpx", "msg": "HTTP Request: GET http://prefect-server:4200/api/work_queues/32c7c4c1-2900-49ee-9a5d-6d3163577ef9 \"HTTP/1.1 200 OK\"", "container": "prefect-worker"}
{"ts": "2026-08-11T12:50:56.576Z", "level": "INFO", "service": "worker", "logger": "httpx", "msg": "HTTP Request: GET http://prefect-server:4200/api/deployments/15dcce44-4b5f-4048-b854-eeba60c3b514 \"HTTP/1.1 200 OK\"", "container": "prefect-worker"}
{"ts": "2026-08-11T12:50:56.577Z", "level": "INFO", "service": "worker", "logger": "httpx", "msg": "HTTP Request: GET http://prefect-server:4200/api/admin/storage \"HTTP/1.1 200 OK\"", "container": "prefect-worker"}
{"ts": "2026-08-11T12:50:56.580Z", "level": "INFO", "service": "worker", "logger": "httpx", "msg": "HTTP Request: GET http://prefect-server:4200/api/variables/name/smarthub_last_pull_timestamp_home \"HTTP/1.1 200 OK\"", "container": "prefect-worker"}
{"ts": "2026-08-11T12:50:56.582Z", "level": "INFO", "service": "worker", "logger": "httpx", "msg": "HTTP Request: GET http://prefect-server:4200/api/admin/storage \"HTTP/1.1 200 OK\"", "container": "prefect-worker"}
{"ts": "2026-08-11T12:50:56.583Z", "level": "INFO", "service": "worker", "logger": "prefect.flow_runs", "msg": "Beginning flow run 'Handmade-Tapir' for flow 'smarthub-data-pull'", "flow_run_name": "Handmade-Tapir", "flow_run_id": "4f94837f-ec8c-4546-867c-1178f3dcb63b", "flow_name": "smarthub-data-pull", "deployment_name": "data-pull", "container": "prefect-worker"}
{"ts": "2026-08-11T12:50:56.583Z", "level": "INFO", "service": "worker", "logger": "prefect.flow_runs", "msg": "View at http://prefect-server:4200/runs/flow-run/4f94837f-ec8c-4546-867c-1178f3dcb63b", "flow_run_name": "Handmade-Tapir", "flow_run_id": "4f94837f-ec8c-4546-867c-1178f3dcb63b", "flow_name": "smarthub-data-pull", "deployment_name": "data-pull", "send_to_api": false, "container": "prefect-worker"}
{"ts": "2026-08-11T12:50:56.585Z", "level": "INFO", "service": "worker", "logger": "smarthub.data_pull.pull", "msg": "SSH_TUNNEL=false -- connecting directly to Redshift smart-hub.c9m7m7mw0tl8.us-east-1.redshift.amazonaws.com:5439", "container": "prefect-worker"}
{"ts": "2026-08-11T12:50:56.600Z", "level": "INFO", "service": "worker", "logger": "httpx", "msg": "HTTP Request: GET http://prefect-server:4200/api/work_pools/smarthub-pool \"HTTP/1.1 200 OK\"", "container": "prefect-worker"}
{"ts": "2026-08-11T12:50:56.632Z", "level": "INFO", "service": "worker", "logger": "httpx", "msg": "HTTP Request: GET http://prefect-server:4200/api/flows/c49e248a-be9d-43b9-ad26-cff3b7117b11 \"HTTP/1.1 200 OK\"", "container": "prefect-worker"}
{"ts": "2026-08-11T12:50:56.641Z", "level": "INFO", "service": "worker", "logger": "httpx", "msg": "HTTP Request: GET http://prefect-server:4200/api/work_queues/32c7c4c1-2900-49ee-9a5d-6d3163577ef9 \"HTTP/1.1 200 OK\"", "container": "prefect-worker"}
{"ts": "2026-08-11T12:50:56.643Z", "level": "INFO", "service": "worker", "logger": "httpx", "msg": "HTTP Request: GET http://prefect-server:4200/api/deployments/15dcce44-4b5f-4048-b854-eeba60c3b514 \"HTTP/1.1 200 OK\"", "container": "prefect-worker"}
{"ts": "2026-08-11T12:50:56.664Z", "level": "INFO", "service": "worker", "logger": "httpx", "msg": "HTTP Request: GET http://prefect-server:4200/api/variables/name/smarthub_last_pull_timestamp_home \"HTTP/1.1 200 OK\"", "container": "prefect-worker"}
{"ts": "2026-08-11T12:50:56.667Z", "level": "INFO", "service": "worker", "logger": "prefect.task_runs", "msg": "Finished in state Completed()", "task_run_id": "019ff0e0-41dc-722a-813f-1de7d942d9ce", "flow_run_id": "4f94837f-ec8c-4546-867c-1178f3dcb63b", "task_run_name": "resolve_window-204", "task_name": "resolve_window", "flow_run_name": "Handmade-Tapir", "flow_name": "smarthub-data-pull", "container": "prefect-worker"}
{"ts": "2026-08-11T12:50:56.668Z", "level": "INFO", "service": "worker", "logger": "prefect.flow_runs", "msg": "[home] pulling window 2026-08-11 11:14:22 -> 2026-08-11 12:50:56", "flow_run_name": "Handmade-Tapir", "flow_run_id": "4f94837f-ec8c-4546-867c-1178f3dcb63b", "flow_name": "smarthub-data-pull", "deployment_name": "data-pull", "container": "prefect-worker"}
{"ts": "2026-08-11T12:50:56.680Z", "level": "INFO", "service": "worker", "logger": "httpx", "msg": "HTTP Request: GET http://prefect-server:4200/api/variables/name/smarthub_last_pull_timestamp_home \"HTTP/1.1 200 OK\"", "container": "prefect-worker"}
{"ts": "2026-08-11T12:50:56.684Z", "level": "INFO", "service": "worker", "logger": "smarthub.data_pull.pull", "msg": "SSH_TUNNEL=false -- connecting directly to Redshift smart-hub.c9m7m7mw0tl8.us-east-1.redshift.amazonaws.com:5439", "container": "prefect-worker"}
{"ts": "2026-08-11T12:50:56.686Z", "level": "INFO", "service": "worker", "logger": "httpx", "msg": "HTTP Request: GET http://prefect-server:4200/api/work_pools/smarthub-pool \"HTTP/1.1 200 OK\"", "container": "prefect-worker"}
{"ts": "2026-08-11T12:50:56.798Z", "level": "INFO", "service": "worker", "logger": "alembic.runtime.plugins", "msg": "setup plugin alembic.autogenerate.schemas", "container": "prefect-worker"}
{"ts": "2026-08-11T12:50:56.799Z", "level": "INFO", "service": "worker", "logger": "alembic.runtime.plugins", "msg": "setup plugin alembic.autogenerate.tables", "container": "prefect-worker"}
{"ts": "2026-08-11T12:50:56.799Z", "level": "INFO", "service": "worker", "logger": "alembic.runtime.plugins", "msg": "setup plugin alembic.autogenerate.types", "container": "prefect-worker"}
{"ts": "2026-08-11T12:50:56.799Z", "level": "INFO", "service": "worker", "logger": "alembic.runtime.plugins", "msg": "setup plugin alembic.autogenerate.constraints", "container": "prefect-worker"}
{"ts": "2026-08-11T12:50:56.799Z", "level": "INFO", "service": "worker", "logger": "alembic.runtime.plugins", "msg": "setup plugin alembic.autogenerate.defaults", "container": "prefect-worker"}
{"ts": "2026-08-11T12:50:56.799Z", "level": "INFO", "service": "worker", "logger": "alembic.runtime.plugins", "msg": "setup plugin alembic.autogenerate.comments", "container": "prefect-worker"}
{"ts": "2026-08-11T12:50:56.885Z", "level": "INFO", "service": "worker", "logger": "alembic.runtime.plugins", "msg": "setup plugin alembic.autogenerate.schemas", "container": "prefect-worker"}
{"ts": "2026-08-11T12:50:56.885Z", "level": "INFO", "service": "worker", "logger": "alembic.runtime.plugins", "msg": "setup plugin alembic.autogenerate.tables", "container": "prefect-worker"}
{"ts": "2026-08-11T12:50:56.886Z", "level": "INFO", "service": "worker", "logger": "alembic.runtime.plugins", "msg": "setup plugin alembic.autogenerate.types", "container": "prefect-worker"}
{"ts": "2026-08-11T12:50:56.886Z", "level": "INFO", "service": "worker", "logger": "alembic.runtime.plugins", "msg": "setup plugin alembic.autogenerate.constraints", "container": "prefect-worker"}
{"ts": "2026-08-11T12:50:56.886Z", "level": "INFO", "service": "worker", "logger": "alembic.runtime.plugins", "msg": "setup plugin alembic.autogenerate.defaults", "container": "prefect-worker"}
{"ts": "2026-08-11T12:50:56.886Z", "level": "INFO", "service": "worker", "logger": "alembic.runtime.plugins", "msg": "setup plugin alembic.autogenerate.comments", "container": "prefect-worker"}
{"ts": "2026-08-11T12:50:57.272Z", "level": "INFO", "service": "worker", "logger": "smarthub.data_pull.pull", "msg": "Fetched leads frame with shape (468, 57)", "container": "prefect-worker"}
{"ts": "2026-08-11T12:50:57.274Z", "level": "INFO", "service": "worker", "logger": "prefect.task_runs", "msg": "Finished in state Completed()", "task_run_id": "019ff0e0-41c5-7606-a8d6-19a5b260d0fb", "flow_run_id": "82adebf2-f162-45ca-bad1-f72a0bdf3967", "task_run_name": "fetch-3df", "task_name": "fetch", "flow_run_name": "Handmade-Tapir", "flow_name": "smarthub-data-pull", "container": "prefect-worker"}
{"ts": "2026-08-11T12:50:57.351Z", "level": "INFO", "service": "worker", "logger": "smarthub.data_pull.pull", "msg": "Fetched leads frame with shape (468, 57)", "container": "prefect-worker"}
{"ts": "2026-08-11T12:50:57.352Z", "level": "INFO", "service": "worker", "logger": "prefect.task_runs", "msg": "Finished in state Completed()", "task_run_id": "019ff0e0-4228-7baf-a7f7-fcb9a81950a0", "flow_run_id": "4f94837f-ec8c-4546-867c-1178f3dcb63b", "task_run_name": "fetch-ae2", "task_name": "fetch", "flow_run_name": "Handmade-Tapir", "flow_name": "smarthub-data-pull", "container": "prefect-worker"}
{"ts": "2026-08-11T12:50:57.422Z", "level": "INFO", "service": "worker", "logger": "prefect.task_runs", "msg": "data-quality: rows=468, status=issues flagged, rule_violation_rows=938, cross_field={'current_carrier_when_not_insured': 448}, high_missing=['accepted', 'accepted_listings', 'annual_revenue', 'erred', 'error_reason_id', 'health_conditions', 'household_income', 'lead_created_at', 'life_coverage_amount', 'life_coverage_type', 'naics_code', 'num_dependents', 'num_employees', 'num_home_claims', 'pnc_bundle', 'rev', 'sic_code', 'won']", "task_run_id": "019ff0e0-447a-7edd-9977-0c96f59239ba", "flow_run_id": "82adebf2-f162-45ca-bad1-f72a0bdf3967", "task_run_name": "validate-leads-4a3", "task_name": "validate-leads", "flow_run_name": "Handmade-Tapir", "flow_name": "smarthub-data-pull", "container": "prefect-worker"}
{"ts": "2026-08-11T12:50:57.437Z", "level": "INFO", "service": "worker", "logger": "httpx", "msg": "HTTP Request: POST http://prefect-server:4200/api/artifacts/ \"HTTP/1.1 201 Created\"", "container": "prefect-worker"}
{"ts": "2026-08-11T12:50:57.440Z", "level": "INFO", "service": "worker", "logger": "prefect.task_runs", "msg": "Finished in state Completed()", "task_run_id": "019ff0e0-447a-7edd-9977-0c96f59239ba", "flow_run_id": "82adebf2-f162-45ca-bad1-f72a0bdf3967", "task_run_name": "validate-leads-4a3", "task_name": "validate-leads", "flow_run_name": "Handmade-Tapir", "flow_name": "smarthub-data-pull", "container": "prefect-worker"}
{"ts": "2026-08-11T12:50:57.499Z", "level": "INFO", "service": "worker", "logger": "prefect.task_runs", "msg": "data-quality: rows=468, status=issues flagged, rule_violation_rows=938, cross_field={'current_carrier_when_not_insured': 448}, high_missing=['accepted', 'accepted_listings', 'annual_revenue', 'erred', 'error_reason_id', 'health_conditions', 'household_income', 'lead_created_at', 'life_coverage_amount', 'life_coverage_type', 'naics_code', 'num_dependents', 'num_employees', 'num_home_claims', 'pnc_bundle', 'rev', 'sic_code', 'won']", "task_run_id": "019ff0e0-44c9-71cd-bf68-024ca1d290b8", "flow_run_id": "4f94837f-ec8c-4546-867c-1178f3dcb63b", "task_run_name": "validate-leads-a3c", "task_name": "validate-leads", "flow_run_name": "Handmade-Tapir", "flow_name": "smarthub-data-pull", "container": "prefect-worker"}
{"ts": "2026-08-11T12:50:57.512Z", "level": "INFO", "service": "worker", "logger": "httpx", "msg": "HTTP Request: POST http://prefect-server:4200/api/artifacts/ \"HTTP/1.1 201 Created\"", "container": "prefect-worker"}
{"ts": "2026-08-11T12:50:57.516Z", "level": "INFO", "service": "worker", "logger": "prefect.task_runs", "msg": "Finished in state Completed()", "task_run_id": "019ff0e0-44c9-71cd-bf68-024ca1d290b8", "flow_run_id": "4f94837f-ec8c-4546-867c-1178f3dcb63b", "task_run_name": "validate-leads-a3c", "task_name": "validate-leads", "flow_run_name": "Handmade-Tapir", "flow_name": "smarthub-data-pull", "container": "prefect-worker"}
{"ts": "2026-08-11T12:50:57.561Z", "level": "INFO", "service": "worker", "logger": "smarthub.core.storage", "msg": "Parquet partition 11-08-2026.parquet: +468 rows", "container": "prefect-worker"}
{"ts": "2026-08-11T12:50:57.568Z", "level": "INFO", "service": "worker", "logger": "prefect.task_runs", "msg": "Finished in state Completed()", "task_run_id": "019ff0e0-4520-7379-901b-e3cfb4c8e152", "flow_run_id": "82adebf2-f162-45ca-bad1-f72a0bdf3967", "task_run_name": "persist-d0f", "task_name": "persist", "flow_run_name": "Handmade-Tapir", "flow_name": "smarthub-data-pull", "container": "prefect-worker"}
{"ts": "2026-08-11T12:50:57.636Z", "level": "INFO", "service": "worker", "logger": "smarthub.core.storage", "msg": "Parquet partition 11-08-2026.parquet: +468 rows", "container": "prefect-worker"}
{"ts": "2026-08-11T12:50:57.640Z", "level": "INFO", "service": "worker", "logger": "httpx", "msg": "HTTP Request: GET http://prefect-server:4200/api/variables/name/smarthub_last_pull_timestamp_home \"HTTP/1.1 200 OK\"", "container": "prefect-worker"}
{"ts": "2026-08-11T12:50:57.642Z", "level": "INFO", "service": "worker", "logger": "prefect.task_runs", "msg": "Finished in state Completed()", "task_run_id": "019ff0e0-456d-7b1a-bf2b-5be2bf5cebab", "flow_run_id": "4f94837f-ec8c-4546-867c-1178f3dcb63b", "task_run_name": "persist-ba3", "task_name": "persist", "flow_run_name": "Handmade-Tapir", "flow_name": "smarthub-data-pull", "container": "prefect-worker"}
{"ts": "2026-08-11T12:50:57.665Z", "level": "INFO", "service": "worker", "logger": "httpx", "msg": "HTTP Request: GET http://prefect-server:4200/api/variables/name/smarthub_last_pull_timestamp_home \"HTTP/1.1 200 OK\"", "container": "prefect-worker"}
{"ts": "2026-08-11T12:50:57.668Z", "level": "INFO", "service": "worker", "logger": "httpx", "msg": "HTTP Request: PATCH http://prefect-server:4200/api/variables/name/smarthub_last_pull_timestamp_home \"HTTP/1.1 204 No Content\"", "container": "prefect-worker"}
{"ts": "2026-08-11T12:50:57.679Z", "level": "INFO", "service": "worker", "logger": "httpx", "msg": "HTTP Request: GET http://prefect-server:4200/api/variables/name/smarthub_last_pull_timestamp_home \"HTTP/1.1 200 OK\"", "container": "prefect-worker"}
{"ts": "2026-08-11T12:50:57.680Z", "level": "INFO", "service": "worker", "logger": "prefect.task_runs", "msg": "Finished in state Completed()", "task_run_id": "019ff0e0-45a1-7f8d-8f4e-1b61895338f2", "flow_run_id": "82adebf2-f162-45ca-bad1-f72a0bdf3967", "task_run_name": "update_watermark-454", "task_name": "update_watermark", "flow_run_name": "Handmade-Tapir", "flow_name": "smarthub-data-pull", "container": "prefect-worker"}
{"ts": "2026-08-11T12:50:57.680Z", "level": "INFO", "service": "worker", "logger": "prefect.flow_runs", "msg": "[home] persisted {'parquet_rows': 468, 'parquet_paths': ['/app/data/raw_datasets/leads/2026/08/11-08-2026.parquet']}; watermark now 2026-08-11 12:50:17", "flow_run_name": "Handmade-Tapir", "flow_run_id": "82adebf2-f162-45ca-bad1-f72a0bdf3967", "flow_name": "smarthub-data-pull", "deployment_name": "data-pull", "container": "prefect-worker"}
{"ts": "2026-08-11T12:50:57.686Z", "level": "INFO", "service": "worker", "logger": "httpx", "msg": "HTTP Request: PATCH http://prefect-server:4200/api/variables/name/smarthub_last_pull_timestamp_home \"HTTP/1.1 204 No Content\"", "container": "prefect-worker"}
{"ts": "2026-08-11T12:50:57.696Z", "level": "INFO", "service": "worker", "logger": "httpx", "msg": "HTTP Request: GET http://prefect-server:4200/api/variables/name/smarthub_last_pull_timestamp_home \"HTTP/1.1 200 OK\"", "container": "prefect-worker"}
{"ts": "2026-08-11T12:50:57.698Z", "level": "INFO", "service": "worker", "logger": "prefect.task_runs", "msg": "Finished in state Completed()", "task_run_id": "019ff0e0-45eb-7caf-830e-8e72d498e0a2", "flow_run_id": "4f94837f-ec8c-4546-867c-1178f3dcb63b", "task_run_name": "update_watermark-568", "task_name": "update_watermark", "flow_run_name": "Handmade-Tapir", "flow_name": "smarthub-data-pull", "container": "prefect-worker"}
{"ts": "2026-08-11T12:50:57.698Z", "level": "INFO", "service": "worker", "logger": "prefect.flow_runs", "msg": "[home] persisted {'parquet_rows': 468, 'parquet_paths': ['/app/data/raw_datasets/leads/2026/08/11-08-2026.parquet']}; watermark now 2026-08-11 12:50:17", "flow_run_name": "Handmade-Tapir", "flow_run_id": "4f94837f-ec8c-4546-867c-1178f3dcb63b", "flow_name": "smarthub-data-pull", "deployment_name": "data-pull", "container": "prefect-worker"}
{"ts": "2026-08-11T12:50:57.699Z", "level": "INFO", "service": "worker", "logger": "httpx", "msg": "HTTP Request: POST http://prefect-server:4200/api/artifacts/ \"HTTP/1.1 201 Created\"", "container": "prefect-worker"}
{"ts": "2026-08-11T12:50:57.715Z", "level": "INFO", "service": "worker", "logger": "httpx", "msg": "HTTP Request: POST http://prefect-server:4200/api/artifacts/ \"HTTP/1.1 201 Created\"", "container": "prefect-worker"}
{"ts": "2026-08-11T12:50:57.803Z", "level": "INFO", "service": "worker", "logger": "httpx", "msg": "HTTP Request: POST http://prefect-server:4200/api/flow_runs/82adebf2-f162-45ca-bad1-f72a0bdf3967/set_state \"HTTP/1.1 201 Created\"", "container": "prefect-worker"}
{"ts": "2026-08-11T12:50:57.804Z", "level": "INFO", "service": "worker", "logger": "httpx", "msg": "HTTP Request: POST http://prefect-server:4200/api/flow_runs/4f94837f-ec8c-4546-867c-1178f3dcb63b/set_state \"HTTP/1.1 201 Created\"", "container": "prefect-worker"}
{"ts": "2026-08-11T12:50:57.958Z", "level": "INFO", "service": "worker", "logger": "httpx", "msg": "HTTP Request: GET http://prefect-server:4200/api/csrf-token?client=6f628b32-f62c-4106-930a-33d7b174b039 \"HTTP/1.1 422 Unprocessable Entity\"", "container": "prefect-worker"}
{"ts": "2026-08-11T12:50:57.969Z", "level": "INFO", "service": "worker", "logger": "httpx", "msg": "HTTP Request: POST http://prefect-server:4200/api/logs/ \"HTTP/1.1 201 Created\"", "container": "prefect-worker"}
{"ts": "2026-08-11T12:50:57.995Z", "level": "INFO", "service": "worker", "logger": "httpx", "msg": "HTTP Request: GET http://prefect-server:4200/api/csrf-token?client=aebde8c8-58ca-4bca-854b-731a9a961d19 \"HTTP/1.1 422 Unprocessable Entity\"", "container": "prefect-worker"}
{"ts": "2026-08-11T12:50:58.004Z", "level": "INFO", "service": "worker", "logger": "httpx", "msg": "HTTP Request: POST http://prefect-server:4200/api/logs/ \"HTTP/1.1 201 Created\"", "container": "prefect-worker"}
{"ts": "2026-08-11T12:50:58.621Z", "level": "INFO", "service": "worker", "logger": "prefect.flow_runs", "msg": "Finished in state Completed()", "flow_run_name": "Handmade-Tapir", "flow_run_id": "4f94837f-ec8c-4546-867c-1178f3dcb63b", "flow_name": "smarthub-data-pull", "deployment_name": "data-pull", "container": "prefect-worker"}
{"ts": "2026-08-11T12:50:58.629Z", "level": "INFO", "service": "worker", "logger": "httpx", "msg": "HTTP Request: POST http://prefect-server:4200/api/logs/ \"HTTP/1.1 201 Created\"", "container": "prefect-worker"}
{"ts": "2026-08-11T12:50:58.725Z", "level": "INFO", "service": "worker", "logger": "prefect.flow_runs", "msg": "Finished in state Completed()", "flow_run_name": "Handmade-Tapir", "flow_run_id": "82adebf2-f162-45ca-bad1-f72a0bdf3967", "flow_name": "smarthub-data-pull", "deployment_name": "data-pull", "container": "prefect-worker"}
{"ts": "2026-08-11T12:50:58.733Z", "level": "INFO", "service": "worker", "logger": "httpx", "msg": "HTTP Request: POST http://prefect-server:4200/api/logs/ \"HTTP/1.1 201 Created\"", "container": "prefect-worker"}
{"ts": "2026-08-11T12:50:59.142781011Z", "container": "prefect-worker", "msg": "12:50:59.142 | INFO    | prefect.flow_runs.runner - Process for flow run 'Handmade-Tapir' exited cleanly."}
{"ts": "2026-08-11T12:50:59.262160346Z", "container": "prefect-worker", "msg": "12:50:59.261 | INFO    | prefect.flow_runs.runner - Process for flow run 'Handmade-Tapir' exited cleanly."}
{"ts": "2026-08-11T12:59:16.096337011Z", "container": "prefect-worker", "msg": "12:59:16.095 | INFO    | prefect.flow_runs.worker - Worker 'ProcessWorker c27d727b-2d53-4615-accd-1d47578da3c7' submitting flow run '1b67d542-f0d7-4239-9a67-03d07ecefe66'"}
{"ts": "2026-08-11T12:59:16.230911636Z", "container": "prefect-worker", "msg": "12:59:16.230 | INFO    | prefect.flow_runs.runner - Starting flow run process..."}
{"ts": "2026-08-11T12:59:16.256334589Z", "container": "prefect-worker", "msg": "12:59:16.255 | INFO    | prefect.flow_runs.worker - Flow run 'Ergonomic-Dingo' submitted to infrastructure"}
{"ts": "2026-08-11T12:59:17.458030235Z", "container": "prefect-worker", "msg": "12:59:17.452 | INFO    | Flow run 'Ergonomic-Dingo' - Running 1 deployment pull step(s)"}
{"ts": "2026-08-11T12:59:17.479101213Z", "container": "prefect-worker", "msg": "12:59:17.478 | INFO    | Flow run 'Ergonomic-Dingo' - Executing deployment step: set_working_directory"}
{"ts": "2026-08-11T12:59:17.490459953Z", "container": "prefect-worker", "msg": "12:59:17.489 | INFO    | Flow run 'Ergonomic-Dingo' - Deployment step 'set_working_directory' completed successfully"}
{"ts": "2026-08-11T12:59:17.505029970Z", "container": "prefect-worker", "msg": "12:59:17.504 | INFO    | Flow run 'Ergonomic-Dingo' - All deployment steps completed successfully"}
{"ts": "2026-08-11T12:59:18.651Z", "level": "INFO", "service": "worker", "logger": "httpx", "msg": "HTTP Request: GET http://prefect-server:4200/api/admin/version \"HTTP/1.1 200 OK\"", "container": "prefect-worker"}
{"ts": "2026-08-11T12:59:18.655Z", "level": "INFO", "service": "worker", "logger": "httpx", "msg": "HTTP Request: GET http://prefect-server:4200/api/csrf-token?client=496f6b47-f378-4831-8c8b-270601fd05f5 \"HTTP/1.1 422 Unprocessable Entity\"", "container": "prefect-worker"}
{"ts": "2026-08-11T12:59:18.659Z", "level": "INFO", "service": "worker", "logger": "httpx", "msg": "HTTP Request: PATCH http://prefect-server:4200/api/flow_runs/1b67d542-f0d7-4239-9a67-03d07ecefe66 \"HTTP/1.1 204 No Content\"", "container": "prefect-worker"}
{"ts": "2026-08-11T12:59:18.678Z", "level": "INFO", "service": "worker", "logger": "httpx", "msg": "HTTP Request: GET http://prefect-server:4200/api/flow_runs/1b67d542-f0d7-4239-9a67-03d07ecefe66 \"HTTP/1.1 200 OK\"", "container": "prefect-worker"}
{"ts": "2026-08-11T12:59:18.692Z", "level": "INFO", "service": "worker", "logger": "httpx", "msg": "HTTP Request: POST http://prefect-server:4200/api/flow_runs/1b67d542-f0d7-4239-9a67-03d07ecefe66/set_state \"HTTP/1.1 201 Created\"", "container": "prefect-worker"}
{"ts": "2026-08-11T12:59:18.698Z", "level": "INFO", "service": "worker", "logger": "httpx", "msg": "HTTP Request: GET http://prefect-server:4200/api/flow_runs/1b67d542-f0d7-4239-9a67-03d07ecefe66 \"HTTP/1.1 200 OK\"", "container": "prefect-worker"}
{"ts": "2026-08-11T12:59:18.703Z", "level": "INFO", "service": "worker", "logger": "httpx", "msg": "HTTP Request: GET http://prefect-server:4200/api/admin/storage \"HTTP/1.1 200 OK\"", "container": "prefect-worker"}
{"ts": "2026-08-11T12:59:18.706Z", "level": "INFO", "service": "worker", "logger": "httpx", "msg": "HTTP Request: GET http://prefect-server:4200/api/admin/storage \"HTTP/1.1 200 OK\"", "container": "prefect-worker"}
{"ts": "2026-08-11T12:59:18.706Z", "level": "INFO", "service": "worker", "logger": "prefect.flow_runs", "msg": "Beginning flow run 'Ergonomic-Dingo' for flow 'smarthub-train-model'", "flow_run_name": "Ergonomic-Dingo", "flow_run_id": "1b67d542-f0d7-4239-9a67-03d07ecefe66", "flow_name": "smarthub-train-model", "deployment_name": "train-model", "container": "prefect-worker"}
{"ts": "2026-08-11T12:59:18.707Z", "level": "INFO", "service": "worker", "logger": "prefect.flow_runs", "msg": "View at http://prefect-server:4200/runs/flow-run/1b67d542-f0d7-4239-9a67-03d07ecefe66", "flow_run_name": "Ergonomic-Dingo", "flow_run_id": "1b67d542-f0d7-4239-9a67-03d07ecefe66", "flow_name": "smarthub-train-model", "deployment_name": "train-model", "send_to_api": false, "container": "prefect-worker"}
{"ts": "2026-08-11T12:59:18.708Z", "level": "INFO", "service": "worker", "logger": "prefect.flow_runs", "msg": "STEP 3 train-model starting: lead_type=home (1), version=latest, mlflow=True", "flow_run_name": "Ergonomic-Dingo", "flow_run_id": "1b67d542-f0d7-4239-9a67-03d07ecefe66", "flow_name": "smarthub-train-model", "deployment_name": "train-model", "container": "prefect-worker"}
{"ts": "2026-08-11T12:59:18.733Z", "level": "INFO", "service": "worker", "logger": "flow.train", "msg": "Loading training table for lead_type=home (1)", "container": "prefect-worker"}
{"ts": "2026-08-11T12:59:18.739Z", "level": "INFO", "service": "worker", "logger": "httpx", "msg": "HTTP Request: GET http://prefect-server:4200/api/flows/b482d204-61dd-4cd6-bc87-1c0295ffdd50 \"HTTP/1.1 200 OK\"", "container": "prefect-worker"}
{"ts": "2026-08-11T12:59:18.745Z", "level": "INFO", "service": "worker", "logger": "httpx", "msg": "HTTP Request: GET http://prefect-server:4200/api/work_queues/1359b356-bb73-44da-ae82-6233613dd549 \"HTTP/1.1 200 OK\"", "container": "prefect-worker"}
{"ts": "2026-08-11T12:59:18.748Z", "level": "INFO", "service": "worker", "logger": "httpx", "msg": "HTTP Request: GET http://prefect-server:4200/api/work_pools/smarthub-pool \"HTTP/1.1 200 OK\"", "container": "prefect-worker"}
{"ts": "2026-08-11T12:59:18.751Z", "level": "INFO", "service": "worker", "logger": "httpx", "msg": "HTTP Request: GET http://prefect-server:4200/api/deployments/f2af7572-283e-43ab-bfa3-0ad7cee08503 \"HTTP/1.1 200 OK\"", "container": "prefect-worker"}
{"ts": "2026-08-11T12:59:18.769Z", "level": "INFO", "service": "worker", "logger": "flow.train", "msg": "Dataset Prepared", "container": "prefect-worker"}
{"ts": "2026-08-11T12:59:18.769Z", "level": "INFO", "service": "worker", "logger": "flow.train", "msg": "  Training rows                         : 168", "container": "prefect-worker"}
{"ts": "2026-08-11T12:59:18.769Z", "level": "INFO", "service": "worker", "logger": "flow.train", "msg": "  Dropped rows                          : 0", "container": "prefect-worker"}
{"ts": "2026-08-11T12:59:18.769Z", "level": "INFO", "service": "worker", "logger": "flow.train", "msg": "  Win rate                              : 1.0000", "container": "prefect-worker"}
{"ts": "2026-08-11T12:59:18.769Z", "level": "INFO", "service": "worker", "logger": "flow.train", "msg": "  Feature count                         : 10 numeric, 7 categorical", "container": "prefect-worker"}
{"ts": "2026-08-11T12:59:18.769Z", "level": "INFO", "service": "worker", "logger": "flow.train", "msg": "  Missing feature columns               : none", "container": "prefect-worker"}
{"ts": "2026-08-11T12:59:18.770Z", "level": "ERROR", "service": "worker", "logger": "prefect.task_runs", "msg": "Task run failed with exception: ValueError(\"Training data for 'home' has only ONE target class (won_flag=1, win_rate=1.0). A classifier needs both wins and losses. Check the `won` distribution in the pulled leads: losses may be encoded as blank/NULL (and dropped when building the training table), or `won` may not be the correct win/loss label. Confirm the label with the team before training.\")", "task_run_id": "019ff0e7-eb47-7fd9-ad93-5f19b7df5db4", "flow_run_id": "1b67d542-f0d7-4239-9a67-03d07ecefe66", "task_run_name": "train-anton-model-dc0", "task_name": "train-anton-model", "flow_run_name": "Ergonomic-Dingo", "flow_name": "smarthub-train-model", "error": {"type": "ValueError", "msg": "Training data for 'home' has only ONE target class (won_flag=1, win_rate=1.0). A classifier needs both wins and losses. Check the `won` distribution in the pulled leads: losses may be encoded as blank/NULL (and dropped when building the training table), or `won` may not be the correct win/loss label. Confirm the label with the team before training.", "fingerprint": "5a498a0dc17f", "stack": "Traceback (most recent call last):\n  File \"/usr/local/lib/python3.12/site-packages/prefect/task_engine.py\", line 1021, in run_context\n    yield self\n  File \"/usr/local/lib/python3.12/site-packages/prefect/task_engine.py\", line 1683, in run_task_sync\n    engine.call_task_fn(txn)\n  File \"/usr/local/lib/python3.12/site-packages/prefect/task_engine.py\", line 1038, in call_task_fn\n    result = call_with_parameters(self.task.fn, parameters)\n             ^^^^^^^^^^^^^^^^^^^^^^^^^^^^^^^^^^^^^^^^^^^^^^\n  File \"/usr/local/lib/python3.12/site-packages/prefect/utilities/callables/__init__.py\", line 348, in call_with_parameters\n    return fn(*args, **kwargs)\n           ^^^^^^^^^^^^^^^^^^^\n  File \"/app/src/smarthub/train_and_predict/flow.py\", line 70, in _train_task\n    return train.run_training(\n           ^^^^^^^^^^^^^^^^^^^\n  File \"/app/src/smarthub/train_and_predict/train.py\", line 218, in run_training\n    preprocessing.assert_trainable(frame, lead_type_name)\n  File \"/app/src/smarthub/train_and_predict/preprocessing.py\", line 192, in assert_trainable\n    raise ValueError(\nValueError: Training data for 'home' has only ONE target class (won_flag=1, win_rate=1.0). A classifier needs both wins and losses. Check the `won` distribution in the pulled leads: losses may be encoded as blank/NULL (and dropped when building the training table), or `won` may not be the correct win/loss label. Confirm the label with the team before training.\n"}, "container": "prefect-worker"}
{"ts": "2026-08-11T12:59:18.774Z", "level": "ERROR", "service": "worker", "logger": "prefect.task_runs", "msg": "Finished in state Failed(\"Task run encountered an exception ValueError: Training data for 'home' has only ONE target class (won_flag=1, win_rate=1.0). A classifier needs both wins and losses. Check the `won` distribution in the pulled leads: losses may be encoded as blank/NULL (and dropped when building the training table), or `won` may not be the correct win/loss label. Confirm the label with the team before training.\")", "task_run_id": "019ff0e7-eb47-7fd9-ad93-5f19b7df5db4", "flow_run_id": "1b67d542-f0d7-4239-9a67-03d07ecefe66", "task_run_name": "train-anton-model-dc0", "task_name": "train-anton-model", "flow_run_name": "Ergonomic-Dingo", "flow_name": "smarthub-train-model", "container": "prefect-worker"}
{"ts": "2026-08-11T12:59:19.464Z", "level": "INFO", "service": "worker", "logger": "httpx", "msg": "HTTP Request: GET http://prefect-server:4200/api/csrf-token?client=edfb5dbd-2b22-4a92-8f31-b782a553004d \"HTTP/1.1 422 Unprocessable Entity\"", "container": "prefect-worker"}
{"ts": "2026-08-11T12:59:19.473Z", "level": "INFO", "service": "worker", "logger": "httpx", "msg": "HTTP Request: POST http://prefect-server:4200/api/logs/ \"HTTP/1.1 201 Created\"", "container": "prefect-worker"}
{"ts": "2026-08-11T12:59:19.709Z", "level": "ERROR", "service": "worker", "logger": "prefect.flow_runs", "msg": "Encountered exception during execution: ValueError(\"Training data for 'home' has only ONE target class (won_flag=1, win_rate=1.0). A classifier needs both wins and losses. Check the `won` distribution in the pulled leads: losses may be encoded as blank/NULL (and dropped when building the training table), or `won` may not be the correct win/loss label. Confirm the label with the team before training.\")", "flow_run_name": "Ergonomic-Dingo", "flow_run_id": "1b67d542-f0d7-4239-9a67-03d07ecefe66", "flow_name": "smarthub-train-model", "deployment_name": "train-model", "error": {"type": "ValueError", "msg": "Training data for 'home' has only ONE target class (won_flag=1, win_rate=1.0). A classifier needs both wins and losses. Check the `won` distribution in the pulled leads: losses may be encoded as blank/NULL (and dropped when building the training table), or `won` may not be the correct win/loss label. Confirm the label with the team before training.", "fingerprint": "cdacf01e0bb2", "stack": "Traceback (most recent call last):\n  File \"/usr/local/lib/python3.12/site-packages/prefect/flow_engine.py\", line 1277, in run_context\n    yield self\n  File \"/usr/local/lib/python3.12/site-packages/prefect/flow_engine.py\", line 2030, in run_flow_sync\n    engine.call_flow_fn()\n  File \"/usr/local/lib/python3.12/site-packages/prefect/flow_engine.py\", line 1297, in call_flow_fn\n    result = call_with_parameters(self.flow.fn, self.parameters)\n             ^^^^^^^^^^^^^^^^^^^^^^^^^^^^^^^^^^^^^^^^^^^^^^^^^^^\n  File \"/usr/local/lib/python3.12/site-packages/prefect/utilities/callables/__init__.py\", line 348, in call_with_parameters\n    return fn(*args, **kwargs)\n           ^^^^^^^^^^^^^^^^^^^\n  File \"/app/src/smarthub/train_and_predict/flow.py\", line 113, in train_flow\n    result = _train_task(lead_type_id, version, register_mlflow)\n             ^^^^^^^^^^^^^^^^^^^^^^^^^^^^^^^^^^^^^^^^^^^^^^^^^^^\n  File \"/usr/local/lib/python3.12/site-packages/prefect/tasks.py\", line 1227, in __call__\n    return run_task(\n           ^^^^^^^^^\n  File \"/usr/local/lib/python3.12/site-packages/prefect/task_engine.py\", line 1916, in run_task\n    return run_task_sync(**kwargs)\n           ^^^^^^^^^^^^^^^^^^^^^^^\n  File \"/usr/local/lib/python3.12/site-packages/prefect/task_engine.py\", line 1686, in run_task_sync\n    return engine.state if return_type == \"state\" else engine.result()\n                                                       ^^^^^^^^^^^^^^^\n  File \"/usr/local/lib/python3.12/site-packages/prefect/task_engine.py\", line 617, in result\n    raise self._raised\n  File \"/usr/local/lib/python3.12/site-packages/prefect/task_engine.py\", line 1021, in run_context\n    yield self\n  File \"/usr/local/lib/python3.12/site-packages/prefect/task_engine.py\", line 1683, in run_task_sync\n    engine.call_task_fn(txn)\n  File \"/usr/local/lib/python3.12/site-packages/prefect/task_engine.py\", line 1038, in call_task_fn\n    result = call_with_parameters(self.task.fn, parameters)\n             ^^^^^^^^^^^^^^^^^^^^^^^^^^^^^^^^^^^^^^^^^^^^^^\n  File \"/usr/local/lib/python3.12/site-packages/prefect/utilities/callables/__init__.py\", line 348, in call_with_parameters\n    return fn(*args, **kwargs)\n           ^^^^^^^^^^^^^^^^^^^\n  File \"/app/src/smarthub/train_and_predict/flow.py\", line 70, in _train_task\n    return train.run_training(\n           ^^^^^^^^^^^^^^^^^^^\n  File \"/app/src/smarthub/train_and_predict/train.py\", line 218, in run_training\n    preprocessing.assert_trainable(frame, lead_type_name)\n  File \"/app/src/smarthub/train_and_predict/preprocessing.py\", line 192, in assert_trainable\n    raise ValueError(\nValueError: Training data for 'home' has only ONE target class (won_flag=1, win_rate=1.0). A classifier needs both wins and losses. Check the `won` distribution in the pulled leads: losses may be encoded as blank/NULL (and dropped when building the training table), or `won` may not be the correct win/loss label. Confirm the label with the team before training.\n"}, "container": "prefect-worker"}
{"ts": "2026-08-11T12:59:19.741Z", "level": "INFO", "service": "worker", "logger": "httpx", "msg": "HTTP Request: POST http://prefect-server:4200/api/flow_runs/1b67d542-f0d7-4239-9a67-03d07ecefe66/set_state \"HTTP/1.1 201 Created\"", "container": "prefect-worker"}
{"ts": "2026-08-11T12:59:19.742Z", "level": "INFO", "service": "worker", "logger": "prefect.flow_runs", "msg": "Running hook 'flow_failure_hook' in response to entering state 'Failed'", "flow_run_name": "Ergonomic-Dingo", "flow_run_id": "1b67d542-f0d7-4239-9a67-03d07ecefe66", "flow_name": "smarthub-train-model", "deployment_name": "train-model", "container": "prefect-worker"}
{"ts": "2026-08-11T12:59:19.817Z", "level": "INFO", "service": "worker", "logger": "prefect.flow_runs", "msg": "Hook 'flow_failure_hook' finished running successfully", "flow_run_name": "Ergonomic-Dingo", "flow_run_id": "1b67d542-f0d7-4239-9a67-03d07ecefe66", "flow_name": "smarthub-train-model", "deployment_name": "train-model", "container": "prefect-worker"}
{"ts": "2026-08-11T12:59:19.882Z", "level": "INFO", "service": "worker", "logger": "prefect.flow_runs", "msg": "Finished in state Failed(\"Flow run encountered an exception: ValueError: Training data for 'home' has only ONE target class (won_flag=1, win_rate=1.0). A classifier needs both wins and losses. Check the `won` distribution in the pulled leads: losses may be encoded as blank/NULL (and dropped when building the training table), or `won` may not be the correct win/loss label. Confirm the label with the team before training.\")", "flow_run_name": "Ergonomic-Dingo", "flow_run_id": "1b67d542-f0d7-4239-9a67-03d07ecefe66", "flow_name": "smarthub-train-model", "deployment_name": "train-model", "container": "prefect-worker"}
{"ts": "2026-08-11T12:59:19.883Z", "level": "ERROR", "service": "worker", "logger": "prefect.flow_runs", "msg": "Engine execution exited with unexpected exception", "flow_run_name": "Ergonomic-Dingo", "flow_run_id": "1b67d542-f0d7-4239-9a67-03d07ecefe66", "flow_name": "<unknown>", "deployment_name": "train-model", "error": {"type": "ValueError", "msg": "Training data for 'home' has only ONE target class (won_flag=1, win_rate=1.0). A classifier needs both wins and losses. Check the `won` distribution in the pulled leads: losses may be encoded as blank/NULL (and dropped when building the training table), or `won` may not be the correct win/loss label. Confirm the label with the team before training.", "fingerprint": "888d20199e32", "stack": "Traceback (most recent call last):\n  File \"/usr/local/lib/python3.12/site-packages/prefect/flow_engine.py\", line 2187, in run_flow\n    ret_val = run_flow_sync(**kwargs)\n              ^^^^^^^^^^^^^^^^^^^^^^^\n  File \"/usr/local/lib/python3.12/site-packages/prefect/flow_engine.py\", line 2032, in run_flow_sync\n    return engine.state if return_type == \"state\" else engine.result()\n                                                       ^^^^^^^^^^^^^^^\n  File \"/usr/local/lib/python3.12/site-packages/prefect/flow_engine.py\", line 759, in result\n    raise self._raised\n  File \"/usr/local/lib/python3.12/site-packages/prefect/flow_engine.py\", line 1277, in run_context\n    yield self\n  File \"/usr/local/lib/python3.12/site-packages/prefect/flow_engine.py\", line 2030, in run_flow_sync\n    engine.call_flow_fn()\n  File \"/usr/local/lib/python3.12/site-packages/prefect/flow_engine.py\", line 1297, in call_flow_fn\n    result = call_with_parameters(self.flow.fn, self.parameters)\n             ^^^^^^^^^^^^^^^^^^^^^^^^^^^^^^^^^^^^^^^^^^^^^^^^^^^\n  File \"/usr/local/lib/python3.12/site-packages/prefect/utilities/callables/__init__.py\", line 348, in call_with_parameters\n    return fn(*args, **kwargs)\n           ^^^^^^^^^^^^^^^^^^^\n  File \"/app/src/smarthub/train_and_predict/flow.py\", line 113, in train_flow\n    result = _train_task(lead_type_id, version, register_mlflow)\n             ^^^^^^^^^^^^^^^^^^^^^^^^^^^^^^^^^^^^^^^^^^^^^^^^^^^\n  File \"/usr/local/lib/python3.12/site-packages/prefect/tasks.py\", line 1227, in __call__\n    return run_task(\n           ^^^^^^^^^\n  File \"/usr/local/lib/python3.12/site-packages/prefect/task_engine.py\", line 1916, in run_task\n    return run_task_sync(**kwargs)\n           ^^^^^^^^^^^^^^^^^^^^^^^\n  File \"/usr/local/lib/python3.12/site-packages/prefect/task_engine.py\", line 1686, in run_task_sync\n    return engine.state if return_type == \"state\" else engine.result()\n                                                       ^^^^^^^^^^^^^^^\n  File \"/usr/local/lib/python3.12/site-packages/prefect/task_engine.py\", line 617, in result\n    raise self._raised\n  File \"/usr/local/lib/python3.12/site-packages/prefect/task_engine.py\", line 1021, in run_context\n    yield self\n  File \"/usr/local/lib/python3.12/site-packages/prefect/task_engine.py\", line 1683, in run_task_sync\n    engine.call_task_fn(txn)\n  File \"/usr/local/lib/python3.12/site-packages/prefect/task_engine.py\", line 1038, in call_task_fn\n    result = call_with_parameters(self.task.fn, parameters)\n             ^^^^^^^^^^^^^^^^^^^^^^^^^^^^^^^^^^^^^^^^^^^^^^\n  File \"/usr/local/lib/python3.12/site-packages/prefect/utilities/callables/__init__.py\", line 348, in call_with_parameters\n    return fn(*args, **kwargs)\n           ^^^^^^^^^^^^^^^^^^^\n  File \"/app/src/smarthub/train_and_predict/flow.py\", line 70, in _train_task\n    return train.run_training(\n           ^^^^^^^^^^^^^^^^^^^\n  File \"/app/src/smarthub/train_and_predict/train.py\", line 218, in run_training\n    preprocessing.assert_trainable(frame, lead_type_name)\n  File \"/app/src/smarthub/train_and_predict/preprocessing.py\", line 192, in assert_trainable\n    raise ValueError(\nValueError: Training data for 'home' has only ONE target class (won_flag=1, win_rate=1.0). A classifier needs both wins and losses. Check the `won` distribution in the pulled leads: losses may be encoded as blank/NULL (and dropped when building the training table), or `won` may not be the correct win/loss label. Confirm the label with the team before training.\n"}, "container": "prefect-worker"}
{"ts": "2026-08-11T12:59:19.885Z", "level": "ERROR", "service": "worker", "logger": "prefect.engine", "msg": "Execution of flow run '1b67d542-f0d7-4239-9a67-03d07ecefe66' exited with unexpected exception", "error": {"type": "ValueError", "msg": "Training data for 'home' has only ONE target class (won_flag=1, win_rate=1.0). A classifier needs both wins and losses. Check the `won` distribution in the pulled leads: losses may be encoded as blank/NULL (and dropped when building the training table), or `won` may not be the correct win/loss label. Confirm the label with the team before training.", "fingerprint": "b7fd0b16890b", "stack": "Traceback (most recent call last):\n  File \"/usr/local/lib/python3.12/site-packages/prefect/engine.py\", line 87, in handle_engine_signals\n    yield\n  File \"/usr/local/lib/python3.12/site-packages/prefect/engine.py\", line 176, in <module>\n    _run_result: object = run_flow(\n                          ^^^^^^^^^\n  File \"/usr/local/lib/python3.12/site-packages/prefect/flow_engine.py\", line 2187, in run_flow\n    ret_val = run_flow_sync(**kwargs)\n              ^^^^^^^^^^^^^^^^^^^^^^^\n  File \"/usr/local/lib/python3.12/site-packages/prefect/flow_engine.py\", line 2032, in run_flow_sync\n    return engine.state if return_type == \"state\" else engine.result()\n                                                       ^^^^^^^^^^^^^^^\n  File \"/usr/local/lib/python3.12/site-packages/prefect/flow_engine.py\", line 759, in result\n    raise self._raised\n  File \"/usr/local/lib/python3.12/site-packages/prefect/flow_engine.py\", line 1277, in run_context\n    yield self\n  File \"/usr/local/lib/python3.12/site-packages/prefect/flow_engine.py\", line 2030, in run_flow_sync\n    engine.call_flow_fn()\n  File \"/usr/local/lib/python3.12/site-packages/prefect/flow_engine.py\", line 1297, in call_flow_fn\n    result = call_with_parameters(self.flow.fn, self.parameters)\n             ^^^^^^^^^^^^^^^^^^^^^^^^^^^^^^^^^^^^^^^^^^^^^^^^^^^\n  File \"/usr/local/lib/python3.12/site-packages/prefect/utilities/callables/__init__.py\", line 348, in call_with_parameters\n    return fn(*args, **kwargs)\n           ^^^^^^^^^^^^^^^^^^^\n  File \"/app/src/smarthub/train_and_predict/flow.py\", line 113, in train_flow\n    result = _train_task(lead_type_id, version, register_mlflow)\n             ^^^^^^^^^^^^^^^^^^^^^^^^^^^^^^^^^^^^^^^^^^^^^^^^^^^\n  File \"/usr/local/lib/python3.12/site-packages/prefect/tasks.py\", line 1227, in __call__\n    return run_task(\n           ^^^^^^^^^\n  File \"/usr/local/lib/python3.12/site-packages/prefect/task_engine.py\", line 1916, in run_task\n    return run_task_sync(**kwargs)\n           ^^^^^^^^^^^^^^^^^^^^^^^\n  File \"/usr/local/lib/python3.12/site-packages/prefect/task_engine.py\", line 1686, in run_task_sync\n    return engine.state if return_type == \"state\" else engine.result()\n                                                       ^^^^^^^^^^^^^^^\n  File \"/usr/local/lib/python3.12/site-packages/prefect/task_engine.py\", line 617, in result\n    raise self._raised\n  File \"/usr/local/lib/python3.12/site-packages/prefect/task_engine.py\", line 1021, in run_context\n    yield self\n  File \"/usr/local/lib/python3.12/site-packages/prefect/task_engine.py\", line 1683, in run_task_sync\n    engine.call_task_fn(txn)\n  File \"/usr/local/lib/python3.12/site-packages/prefect/task_engine.py\", line 1038, in call_task_fn\n    result = call_with_parameters(self.task.fn, parameters)\n             ^^^^^^^^^^^^^^^^^^^^^^^^^^^^^^^^^^^^^^^^^^^^^^\n  File \"/usr/local/lib/python3.12/site-packages/prefect/utilities/callables/__init__.py\", line 348, in call_with_parameters\n    return fn(*args, **kwargs)\n           ^^^^^^^^^^^^^^^^^^^\n  File \"/app/src/smarthub/train_and_predict/flow.py\", line 70, in _train_task\n    return train.run_training(\n           ^^^^^^^^^^^^^^^^^^^\n  File \"/app/src/smarthub/train_and_predict/train.py\", line 218, in run_training\n    preprocessing.assert_trainable(frame, lead_type_name)\n  File \"/app/src/smarthub/train_and_predict/preprocessing.py\", line 192, in assert_trainable\n    raise ValueError(\nValueError: Training data for 'home' has only ONE target class (won_flag=1, win_rate=1.0). A classifier needs both wins and losses. Check the `won` distribution in the pulled leads: losses may be encoded as blank/NULL (and dropped when building the training table), or `won` may not be the correct win/loss label. Confirm the label with the team before training.\n"}, "container": "prefect-worker"}
{"ts": "2026-08-11T12:59:19.895Z", "level": "INFO", "service": "worker", "logger": "httpx", "msg": "HTTP Request: POST http://prefect-server:4200/api/logs/ \"HTTP/1.1 201 Created\"", "container": "prefect-worker"}
{"ts": "2026-08-11T12:59:20.352066193Z", "container": "prefect-worker", "msg": "12:59:20.351 | ERROR   | prefect.flow_runs.runner - Process for flow run 'Ergonomic-Dingo' exited with status code: 1; Process exited with a general error."}
{"ts": "2026-08-11T12:59:20.352479096Z", "container": "prefect-worker", "msg": "12:59:20.352 | INFO    | prefect.flow_runs.runner - Check the flow run logs for an unhandled exception or assertion error."}
{"ts": "2026-08-11T12:59:20.379970386Z", "container": "prefect-worker", "msg": "12:59:20.379 | INFO    | prefect.flow_runs.worker - Check the flow run logs for an unhandled exception or assertion error."}
{"ts": "2026-08-11T15:59:54.499514166Z", "container": "prefect-worker", "msg": "15:59:54.498 | INFO    | prefect.flow_runs.worker - Worker 'ProcessWorker c27d727b-2d53-4615-accd-1d47578da3c7' submitting flow run '019ff0ce-34cd-7e97-bad4-45581d80cf38'"}
{"ts": "2026-08-11T15:59:54.643005855Z", "container": "prefect-worker", "msg": "15:59:54.642 | INFO    | prefect.flow_runs.runner - Starting flow run process..."}
{"ts": "2026-08-11T15:59:54.667178159Z", "container": "prefect-worker", "msg": "15:59:54.666 | INFO    | prefect.flow_runs.worker - Flow run 'realistic-shark' submitted to infrastructure"}
{"ts": "2026-08-11T15:59:55.848141009Z", "container": "prefect-worker", "msg": "15:59:55.842 | INFO    | Flow run 'realistic-shark' - Running 1 deployment pull step(s)"}
{"ts": "2026-08-11T15:59:55.869290338Z", "container": "prefect-worker", "msg": "15:59:55.868 | INFO    | Flow run 'realistic-shark' - Executing deployment step: set_working_directory"}
{"ts": "2026-08-11T15:59:55.880725800Z", "container": "prefect-worker", "msg": "15:59:55.880 | INFO    | Flow run 'realistic-shark' - Deployment step 'set_working_directory' completed successfully"}
{"ts": "2026-08-11T15:59:55.894510690Z", "container": "prefect-worker", "msg": "15:59:55.893 | INFO    | Flow run 'realistic-shark' - All deployment steps completed successfully"}
{"ts": "2026-08-11T15:59:56.325Z", "level": "INFO", "service": "worker", "logger": "httpx", "msg": "HTTP Request: GET http://prefect-server:4200/api/admin/version \"HTTP/1.1 200 OK\"", "container": "prefect-worker"}
{"ts": "2026-08-11T15:59:56.329Z", "level": "INFO", "service": "worker", "logger": "httpx", "msg": "HTTP Request: GET http://prefect-server:4200/api/csrf-token?client=bcb206d5-66e0-4406-8527-81b576a285d2 \"HTTP/1.1 422 Unprocessable Entity\"", "container": "prefect-worker"}
{"ts": "2026-08-11T15:59:56.334Z", "level": "INFO", "service": "worker", "logger": "httpx", "msg": "HTTP Request: PATCH http://prefect-server:4200/api/flow_runs/019ff0ce-34cd-7e97-bad4-45581d80cf38 \"HTTP/1.1 204 No Content\"", "container": "prefect-worker"}
{"ts": "2026-08-11T15:59:56.354Z", "level": "INFO", "service": "worker", "logger": "httpx", "msg": "HTTP Request: GET http://prefect-server:4200/api/flow_runs/019ff0ce-34cd-7e97-bad4-45581d80cf38 \"HTTP/1.1 200 OK\"", "container": "prefect-worker"}
{"ts": "2026-08-11T15:59:56.367Z", "level": "INFO", "service": "worker", "logger": "httpx", "msg": "HTTP Request: POST http://prefect-server:4200/api/flow_runs/019ff0ce-34cd-7e97-bad4-45581d80cf38/set_state \"HTTP/1.1 200 OK\"", "container": "prefect-worker"}
{"ts": "2026-08-11T15:59:57.854Z", "level": "INFO", "service": "worker", "logger": "httpx", "msg": "HTTP Request: GET http://prefect-server:4200/api/csrf-token?client=3d4d7ada-74b6-4f30-860c-060227166a92 \"HTTP/1.1 422 Unprocessable Entity\"", "container": "prefect-worker"}
{"ts": "2026-08-11T15:59:57.863Z", "level": "INFO", "service": "worker", "logger": "httpx", "msg": "HTTP Request: POST http://prefect-server:4200/api/logs/ \"HTTP/1.1 201 Created\"", "container": "prefect-worker"}
{"ts": "2026-08-11T16:00:00.383Z", "level": "INFO", "service": "worker", "logger": "httpx", "msg": "HTTP Request: POST http://prefect-server:4200/api/flow_runs/019ff0ce-34cd-7e97-bad4-45581d80cf38/set_state \"HTTP/1.1 201 Created\"", "container": "prefect-worker"}
{"ts": "2026-08-11T16:00:00.389Z", "level": "INFO", "service": "worker", "logger": "httpx", "msg": "HTTP Request: GET http://prefect-server:4200/api/flow_runs/019ff0ce-34cd-7e97-bad4-45581d80cf38 \"HTTP/1.1 200 OK\"", "container": "prefect-worker"}
{"ts": "2026-08-11T16:00:00.394Z", "level": "INFO", "service": "worker", "logger": "httpx", "msg": "HTTP Request: GET http://prefect-server:4200/api/admin/storage \"HTTP/1.1 200 OK\"", "container": "prefect-worker"}
{"ts": "2026-08-11T16:00:00.397Z", "level": "INFO", "service": "worker", "logger": "httpx", "msg": "HTTP Request: GET http://prefect-server:4200/api/admin/storage \"HTTP/1.1 200 OK\"", "container": "prefect-worker"}
{"ts": "2026-08-11T16:00:00.397Z", "level": "INFO", "service": "worker", "logger": "prefect.flow_runs", "msg": "Beginning flow run 'realistic-shark' for flow 'smarthub-data-pull'", "flow_run_name": "realistic-shark", "flow_run_id": "019ff0ce-34cd-7e97-bad4-45581d80cf38", "flow_name": "smarthub-data-pull", "deployment_name": "data-pull", "container": "prefect-worker"}
{"ts": "2026-08-11T16:00:00.398Z", "level": "INFO", "service": "worker", "logger": "prefect.flow_runs", "msg": "View at http://prefect-server:4200/runs/flow-run/019ff0ce-34cd-7e97-bad4-45581d80cf38", "flow_run_name": "realistic-shark", "flow_run_id": "019ff0ce-34cd-7e97-bad4-45581d80cf38", "flow_name": "smarthub-data-pull", "deployment_name": "data-pull", "send_to_api": false, "container": "prefect-worker"}
{"ts": "2026-08-11T16:00:00.432Z", "level": "INFO", "service": "worker", "logger": "httpx", "msg": "HTTP Request: GET http://prefect-server:4200/api/flows/c49e248a-be9d-43b9-ad26-cff3b7117b11 \"HTTP/1.1 200 OK\"", "container": "prefect-worker"}
{"ts": "2026-08-11T16:00:00.438Z", "level": "INFO", "service": "worker", "logger": "httpx", "msg": "HTTP Request: GET http://prefect-server:4200/api/work_queues/32c7c4c1-2900-49ee-9a5d-6d3163577ef9 \"HTTP/1.1 200 OK\"", "container": "prefect-worker"}
{"ts": "2026-08-11T16:00:00.440Z", "level": "INFO", "service": "worker", "logger": "httpx", "msg": "HTTP Request: GET http://prefect-server:4200/api/deployments/15dcce44-4b5f-4048-b854-eeba60c3b514 \"HTTP/1.1 200 OK\"", "container": "prefect-worker"}
{"ts": "2026-08-11T16:00:00.441Z", "level": "INFO", "service": "worker", "logger": "httpx", "msg": "HTTP Request: GET http://prefect-server:4200/api/work_pools/smarthub-pool \"HTTP/1.1 200 OK\"", "container": "prefect-worker"}
{"ts": "2026-08-11T16:00:00.441Z", "level": "INFO", "service": "worker", "logger": "httpx", "msg": "HTTP Request: GET http://prefect-server:4200/api/variables/name/smarthub_last_pull_timestamp_auto \"HTTP/1.1 200 OK\"", "container": "prefect-worker"}
{"ts": "2026-08-11T16:00:00.444Z", "level": "INFO", "service": "worker", "logger": "prefect.task_runs", "msg": "Finished in state Completed()", "task_run_id": "019ff18d-59a1-7a19-a53e-7154db6e54d1", "flow_run_id": "019ff0ce-34cd-7e97-bad4-45581d80cf38", "task_run_name": "resolve_window-489", "task_name": "resolve_window", "flow_run_name": "realistic-shark", "flow_name": "smarthub-data-pull", "container": "prefect-worker"}
{"ts": "2026-08-11T16:00:00.444Z", "level": "INFO", "service": "worker", "logger": "prefect.flow_runs", "msg": "[auto] pulling window 2026-08-11 10:59:49 -> 2026-08-11 16:00:00", "flow_run_name": "realistic-shark", "flow_run_id": "019ff0ce-34cd-7e97-bad4-45581d80cf38", "flow_name": "smarthub-data-pull", "deployment_name": "data-pull", "container": "prefect-worker"}
{"ts": "2026-08-11T16:00:00.447Z", "level": "INFO", "service": "worker", "logger": "httpx", "msg": "HTTP Request: GET http://prefect-server:4200/api/variables/name/smarthub_last_pull_timestamp_auto \"HTTP/1.1 200 OK\"", "container": "prefect-worker"}
{"ts": "2026-08-11T16:00:00.451Z", "level": "INFO", "service": "worker", "logger": "smarthub.data_pull.pull", "msg": "SSH_TUNNEL=false -- connecting directly to Redshift smart-hub.c9m7m7mw0tl8.us-east-1.redshift.amazonaws.com:5439", "container": "prefect-worker"}
{"ts": "2026-08-11T16:00:00.650Z", "level": "INFO", "service": "worker", "logger": "alembic.runtime.plugins", "msg": "setup plugin alembic.autogenerate.schemas", "container": "prefect-worker"}
{"ts": "2026-08-11T16:00:00.650Z", "level": "INFO", "service": "worker", "logger": "alembic.runtime.plugins", "msg": "setup plugin alembic.autogenerate.tables", "container": "prefect-worker"}
{"ts": "2026-08-11T16:00:00.650Z", "level": "INFO", "service": "worker", "logger": "alembic.runtime.plugins", "msg": "setup plugin alembic.autogenerate.types", "container": "prefect-worker"}
{"ts": "2026-08-11T16:00:00.651Z", "level": "INFO", "service": "worker", "logger": "alembic.runtime.plugins", "msg": "setup plugin alembic.autogenerate.constraints", "container": "prefect-worker"}
{"ts": "2026-08-11T16:00:00.651Z", "level": "INFO", "service": "worker", "logger": "alembic.runtime.plugins", "msg": "setup plugin alembic.autogenerate.defaults", "container": "prefect-worker"}
{"ts": "2026-08-11T16:00:00.651Z", "level": "INFO", "service": "worker", "logger": "alembic.runtime.plugins", "msg": "setup plugin alembic.autogenerate.comments", "container": "prefect-worker"}
{"ts": "2026-08-11T16:00:01.433Z", "level": "INFO", "service": "worker", "logger": "smarthub.data_pull.pull", "msg": "Fetched leads frame with shape (12206, 57)", "container": "prefect-worker"}
{"ts": "2026-08-11T16:00:01.435Z", "level": "INFO", "service": "worker", "logger": "prefect.task_runs", "msg": "Finished in state Completed()", "task_run_id": "019ff18d-59c0-702d-b740-c9e21a84e5b3", "flow_run_id": "019ff0ce-34cd-7e97-bad4-45581d80cf38", "task_run_name": "fetch-c07", "task_name": "fetch", "flow_run_name": "realistic-shark", "flow_name": "smarthub-data-pull", "container": "prefect-worker"}
{"ts": "2026-08-11T16:00:01.788Z", "level": "INFO", "service": "worker", "logger": "prefect.task_runs", "msg": "data-quality: rows=12,206, status=issues flagged, rule_violation_rows=24,425, cross_field={'current_carrier_when_not_insured': 10055}, high_missing=['accepted', 'accepted_listings', 'annual_revenue', 'erred', 'error_reason_id', 'health_conditions', 'household_income', 'lead_created_at', 'life_coverage_amount', 'life_coverage_type', 'naics_code', 'num_dependents', 'num_employees', 'pnc_bundle', 'rev', 'sic_code', 'won']", "task_run_id": "019ff18d-5d9b-7847-b0c2-b83d45fe83fb", "flow_run_id": "019ff0ce-34cd-7e97-bad4-45581d80cf38", "task_run_name": "validate-leads-f76", "task_name": "validate-leads", "flow_run_name": "realistic-shark", "flow_name": "smarthub-data-pull", "container": "prefect-worker"}
{"ts": "2026-08-11T16:00:01.804Z", "level": "INFO", "service": "worker", "logger": "httpx", "msg": "HTTP Request: POST http://prefect-server:4200/api/artifacts/ \"HTTP/1.1 201 Created\"", "container": "prefect-worker"}
{"ts": "2026-08-11T16:00:01.807Z", "level": "INFO", "service": "worker", "logger": "prefect.task_runs", "msg": "Finished in state Completed()", "task_run_id": "019ff18d-5d9b-7847-b0c2-b83d45fe83fb", "flow_run_id": "019ff0ce-34cd-7e97-bad4-45581d80cf38", "task_run_name": "validate-leads-f76", "task_name": "validate-leads", "flow_run_name": "realistic-shark", "flow_name": "smarthub-data-pull", "container": "prefect-worker"}
{"ts": "2026-08-11T16:00:01.884Z", "level": "INFO", "service": "worker", "logger": "httpx", "msg": "HTTP Request: POST http://prefect-server:4200/api/logs/ \"HTTP/1.1 201 Created\"", "container": "prefect-worker"}
{"ts": "2026-08-11T16:00:02.151Z", "level": "INFO", "service": "worker", "logger": "smarthub.core.storage", "msg": "Parquet partition 11-08-2026.parquet: +12206 rows", "container": "prefect-worker"}
{"ts": "2026-08-11T16:00:02.179Z", "level": "INFO", "service": "worker", "logger": "prefect.task_runs", "msg": "Finished in state Completed()", "task_run_id": "019ff18d-5f10-7f3a-b884-5dc15df4c57b", "flow_run_id": "019ff0ce-34cd-7e97-bad4-45581d80cf38", "task_run_name": "persist-dd7", "task_name": "persist", "flow_run_name": "realistic-shark", "flow_name": "smarthub-data-pull", "container": "prefect-worker"}
{"ts": "2026-08-11T16:00:02.240Z", "level": "INFO", "service": "worker", "logger": "httpx", "msg": "HTTP Request: GET http://prefect-server:4200/api/variables/name/smarthub_last_pull_timestamp_auto \"HTTP/1.1 200 OK\"", "container": "prefect-worker"}
{"ts": "2026-08-11T16:00:02.249Z", "level": "INFO", "service": "worker", "logger": "httpx", "msg": "HTTP Request: PATCH http://prefect-server:4200/api/variables/name/smarthub_last_pull_timestamp_auto \"HTTP/1.1 204 No Content\"", "container": "prefect-worker"}
{"ts": "2026-08-11T16:00:02.252Z", "level": "INFO", "service": "worker", "logger": "httpx", "msg": "HTTP Request: GET http://prefect-server:4200/api/variables/name/smarthub_last_pull_timestamp_auto \"HTTP/1.1 200 OK\"", "container": "prefect-worker"}
{"ts": "2026-08-11T16:00:02.253Z", "level": "INFO", "service": "worker", "logger": "prefect.task_runs", "msg": "Finished in state Completed()", "task_run_id": "019ff18d-6084-7373-b6e3-f042382718e7", "flow_run_id": "019ff0ce-34cd-7e97-bad4-45581d80cf38", "task_run_name": "update_watermark-5c1", "task_name": "update_watermark", "flow_run_name": "realistic-shark", "flow_name": "smarthub-data-pull", "container": "prefect-worker"}
{"ts": "2026-08-11T16:00:02.254Z", "level": "INFO", "service": "worker", "logger": "prefect.flow_runs", "msg": "[auto] persisted {'parquet_rows': 12206, 'parquet_paths': ['/app/data/raw_datasets/leads/2026/08/11-08-2026.parquet']}; watermark now 2026-08-11 15:59:41", "flow_run_name": "realistic-shark", "flow_run_id": "019ff0ce-34cd-7e97-bad4-45581d80cf38", "flow_name": "smarthub-data-pull", "deployment_name": "data-pull", "container": "prefect-worker"}
{"ts": "2026-08-11T16:00:02.326Z", "level": "INFO", "service": "worker", "logger": "httpx", "msg": "HTTP Request: POST http://prefect-server:4200/api/artifacts/ \"HTTP/1.1 201 Created\"", "container": "prefect-worker"}
{"ts": "2026-08-11T16:00:02.462Z", "level": "INFO", "service": "worker", "logger": "httpx", "msg": "HTTP Request: POST http://prefect-server:4200/api/flow_runs/019ff0ce-34cd-7e97-bad4-45581d80cf38/set_state \"HTTP/1.1 201 Created\"", "container": "prefect-worker"}
{"ts": "2026-08-11T16:00:03.426Z", "level": "INFO", "service": "worker", "logger": "prefect.flow_runs", "msg": "Finished in state Completed()", "flow_run_name": "realistic-shark", "flow_run_id": "019ff0ce-34cd-7e97-bad4-45581d80cf38", "flow_name": "smarthub-data-pull", "deployment_name": "data-pull", "container": "prefect-worker"}
{"ts": "2026-08-11T16:00:03.436Z", "level": "INFO", "service": "worker", "logger": "httpx", "msg": "HTTP Request: POST http://prefect-server:4200/api/logs/ \"HTTP/1.1 201 Created\"", "container": "prefect-worker"}
{"ts": "2026-08-11T16:00:03.926640136Z", "container": "prefect-worker", "msg": "16:00:03.925 | INFO    | prefect.flow_runs.runner - Process for flow run 'realistic-shark' exited cleanly."}
{"ts": "2026-08-11T16:15:00.491949239Z", "container": "prefect-worker", "msg": "16:15:00.491 | INFO    | prefect.flow_runs.worker - Worker 'ProcessWorker c27d727b-2d53-4615-accd-1d47578da3c7' submitting flow run '019ff0ce-34cd-7c69-b331-06cccdf3bef3'"}
{"ts": "2026-08-11T16:15:00.637553064Z", "container": "prefect-worker", "msg": "16:15:00.636 | INFO    | prefect.flow_runs.runner - Starting flow run process..."}
{"ts": "2026-08-11T16:15:00.662063911Z", "container": "prefect-worker", "msg": "16:15:00.661 | INFO    | prefect.flow_runs.worker - Flow run 'ultra-herring' submitted to infrastructure"}
{"ts": "2026-08-11T16:15:01.855053300Z", "container": "prefect-worker", "msg": "16:15:01.849 | INFO    | Flow run 'ultra-herring' - Running 1 deployment pull step(s)"}
{"ts": "2026-08-11T16:15:01.876442611Z", "container": "prefect-worker", "msg": "16:15:01.875 | INFO    | Flow run 'ultra-herring' - Executing deployment step: set_working_directory"}
{"ts": "2026-08-11T16:15:01.888003423Z", "container": "prefect-worker", "msg": "16:15:01.887 | INFO    | Flow run 'ultra-herring' - Deployment step 'set_working_directory' completed successfully"}
{"ts": "2026-08-11T16:15:01.902054206Z", "container": "prefect-worker", "msg": "16:15:01.901 | INFO    | Flow run 'ultra-herring' - All deployment steps completed successfully"}
{"ts": "2026-08-11T16:15:02.345Z", "level": "INFO", "service": "worker", "logger": "httpx", "msg": "HTTP Request: GET http://prefect-server:4200/api/admin/version \"HTTP/1.1 200 OK\"", "container": "prefect-worker"}
{"ts": "2026-08-11T16:15:02.348Z", "level": "INFO", "service": "worker", "logger": "httpx", "msg": "HTTP Request: GET http://prefect-server:4200/api/csrf-token?client=a152413d-d3d4-44b6-9eae-aea8bafc4299 \"HTTP/1.1 422 Unprocessable Entity\"", "container": "prefect-worker"}
{"ts": "2026-08-11T16:15:02.353Z", "level": "INFO", "service": "worker", "logger": "httpx", "msg": "HTTP Request: PATCH http://prefect-server:4200/api/flow_runs/019ff0ce-34cd-7c69-b331-06cccdf3bef3 \"HTTP/1.1 204 No Content\"", "container": "prefect-worker"}
{"ts": "2026-08-11T16:15:02.372Z", "level": "INFO", "service": "worker", "logger": "httpx", "msg": "HTTP Request: GET http://prefect-server:4200/api/flow_runs/019ff0ce-34cd-7c69-b331-06cccdf3bef3 \"HTTP/1.1 200 OK\"", "container": "prefect-worker"}
{"ts": "2026-08-11T16:15:02.387Z", "level": "INFO", "service": "worker", "logger": "httpx", "msg": "HTTP Request: POST http://prefect-server:4200/api/flow_runs/019ff0ce-34cd-7c69-b331-06cccdf3bef3/set_state \"HTTP/1.1 201 Created\"", "container": "prefect-worker"}
{"ts": "2026-08-11T16:15:02.393Z", "level": "INFO", "service": "worker", "logger": "httpx", "msg": "HTTP Request: GET http://prefect-server:4200/api/flow_runs/019ff0ce-34cd-7c69-b331-06cccdf3bef3 \"HTTP/1.1 200 OK\"", "container": "prefect-worker"}
{"ts": "2026-08-11T16:15:02.398Z", "level": "INFO", "service": "worker", "logger": "httpx", "msg": "HTTP Request: GET http://prefect-server:4200/api/admin/storage \"HTTP/1.1 200 OK\"", "container": "prefect-worker"}
{"ts": "2026-08-11T16:15:02.401Z", "level": "INFO", "service": "worker", "logger": "httpx", "msg": "HTTP Request: GET http://prefect-server:4200/api/admin/storage \"HTTP/1.1 200 OK\"", "container": "prefect-worker"}
{"ts": "2026-08-11T16:15:02.401Z", "level": "INFO", "service": "worker", "logger": "prefect.flow_runs", "msg": "Beginning flow run 'ultra-herring' for flow 'smarthub-data-pull'", "flow_run_name": "ultra-herring", "flow_run_id": "019ff0ce-34cd-7c69-b331-06cccdf3bef3", "flow_name": "smarthub-data-pull", "deployment_name": "data-pull", "container": "prefect-worker"}
{"ts": "2026-08-11T16:15:02.402Z", "level": "INFO", "service": "worker", "logger": "prefect.flow_runs", "msg": "View at http://prefect-server:4200/runs/flow-run/019ff0ce-34cd-7c69-b331-06cccdf3bef3", "flow_run_name": "ultra-herring", "flow_run_id": "019ff0ce-34cd-7c69-b331-06cccdf3bef3", "flow_name": "smarthub-data-pull", "deployment_name": "data-pull", "send_to_api": false, "container": "prefect-worker"}
{"ts": "2026-08-11T16:15:02.428Z", "level": "INFO", "service": "worker", "logger": "httpx", "msg": "HTTP Request: GET http://prefect-server:4200/api/flows/c49e248a-be9d-43b9-ad26-cff3b7117b11 \"HTTP/1.1 200 OK\"", "container": "prefect-worker"}
{"ts": "2026-08-11T16:15:02.437Z", "level": "INFO", "service": "worker", "logger": "httpx", "msg": "HTTP Request: GET http://prefect-server:4200/api/work_queues/32c7c4c1-2900-49ee-9a5d-6d3163577ef9 \"HTTP/1.1 200 OK\"", "container": "prefect-worker"}
{"ts": "2026-08-11T16:15:02.439Z", "level": "INFO", "service": "worker", "logger": "httpx", "msg": "HTTP Request: GET http://prefect-server:4200/api/work_pools/smarthub-pool \"HTTP/1.1 200 OK\"", "container": "prefect-worker"}
{"ts": "2026-08-11T16:15:02.446Z", "level": "INFO", "service": "worker", "logger": "httpx", "msg": "HTTP Request: GET http://prefect-server:4200/api/deployments/15dcce44-4b5f-4048-b854-eeba60c3b514 \"HTTP/1.1 200 OK\"", "container": "prefect-worker"}
{"ts": "2026-08-11T16:15:02.447Z", "level": "INFO", "service": "worker", "logger": "httpx", "msg": "HTTP Request: GET http://prefect-server:4200/api/variables/name/smarthub_last_pull_timestamp_home \"HTTP/1.1 200 OK\"", "container": "prefect-worker"}
{"ts": "2026-08-11T16:15:02.450Z", "level": "INFO", "service": "worker", "logger": "prefect.task_runs", "msg": "Finished in state Completed()", "task_run_id": "019ff19b-1d15-78e3-9581-bdbd81225c20", "flow_run_id": "019ff0ce-34cd-7c69-b331-06cccdf3bef3", "task_run_name": "resolve_window-01f", "task_name": "resolve_window", "flow_run_name": "ultra-herring", "flow_name": "smarthub-data-pull", "container": "prefect-worker"}
{"ts": "2026-08-11T16:15:02.450Z", "level": "INFO", "service": "worker", "logger": "prefect.flow_runs", "msg": "[home] pulling window 2026-08-11 11:50:17 -> 2026-08-11 16:15:02", "flow_run_name": "ultra-herring", "flow_run_id": "019ff0ce-34cd-7c69-b331-06cccdf3bef3", "flow_name": "smarthub-data-pull", "deployment_name": "data-pull", "container": "prefect-worker"}
{"ts": "2026-08-11T16:15:02.454Z", "level": "INFO", "service": "worker", "logger": "httpx", "msg": "HTTP Request: GET http://prefect-server:4200/api/variables/name/smarthub_last_pull_timestamp_home \"HTTP/1.1 200 OK\"", "container": "prefect-worker"}
{"ts": "2026-08-11T16:15:02.458Z", "level": "INFO", "service": "worker", "logger": "smarthub.data_pull.pull", "msg": "SSH_TUNNEL=false -- connecting directly to Redshift smart-hub.c9m7m7mw0tl8.us-east-1.redshift.amazonaws.com:5439", "container": "prefect-worker"}
{"ts": "2026-08-11T16:15:02.656Z", "level": "INFO", "service": "worker", "logger": "alembic.runtime.plugins", "msg": "setup plugin alembic.autogenerate.schemas", "container": "prefect-worker"}
{"ts": "2026-08-11T16:15:02.657Z", "level": "INFO", "service": "worker", "logger": "alembic.runtime.plugins", "msg": "setup plugin alembic.autogenerate.tables", "container": "prefect-worker"}
{"ts": "2026-08-11T16:15:02.657Z", "level": "INFO", "service": "worker", "logger": "alembic.runtime.plugins", "msg": "setup plugin alembic.autogenerate.types", "container": "prefect-worker"}
{"ts": "2026-08-11T16:15:02.657Z", "level": "INFO", "service": "worker", "logger": "alembic.runtime.plugins", "msg": "setup plugin alembic.autogenerate.constraints", "container": "prefect-worker"}
{"ts": "2026-08-11T16:15:02.657Z", "level": "INFO", "service": "worker", "logger": "alembic.runtime.plugins", "msg": "setup plugin alembic.autogenerate.defaults", "container": "prefect-worker"}
{"ts": "2026-08-11T16:15:02.657Z", "level": "INFO", "service": "worker", "logger": "alembic.runtime.plugins", "msg": "setup plugin alembic.autogenerate.comments", "container": "prefect-worker"}
{"ts": "2026-08-11T16:15:03.087Z", "level": "INFO", "service": "worker", "logger": "smarthub.data_pull.pull", "msg": "Fetched leads frame with shape (1758, 57)", "container": "prefect-worker"}
{"ts": "2026-08-11T16:15:03.089Z", "level": "INFO", "service": "worker", "logger": "prefect.task_runs", "msg": "Finished in state Completed()", "task_run_id": "019ff19b-1d36-7dfe-97ee-68e4a6ae0cf7", "flow_run_id": "019ff0ce-34cd-7c69-b331-06cccdf3bef3", "task_run_name": "fetch-923", "task_name": "fetch", "flow_run_name": "ultra-herring", "flow_name": "smarthub-data-pull", "container": "prefect-worker"}
{"ts": "2026-08-11T16:15:03.252Z", "level": "INFO", "service": "worker", "logger": "prefect.task_runs", "msg": "data-quality: rows=1,758, status=issues flagged, rule_violation_rows=3,520, cross_field={'current_carrier_when_not_insured': 1617}, high_missing=['accepted', 'accepted_listings', 'annual_revenue', 'erred', 'error_reason_id', 'health_conditions', 'household_income', 'lead_created_at', 'life_coverage_amount', 'life_coverage_type', 'naics_code', 'num_dependents', 'num_employees', 'num_home_claims', 'pnc_bundle', 'rev', 'sic_code', 'won']", "task_run_id": "019ff19b-1fb1-731f-80dd-e730f08a06d2", "flow_run_id": "019ff0ce-34cd-7c69-b331-06cccdf3bef3", "task_run_name": "validate-leads-1eb", "task_name": "validate-leads", "flow_run_name": "ultra-herring", "flow_name": "smarthub-data-pull", "container": "prefect-worker"}
{"ts": "2026-08-11T16:15:03.269Z", "level": "INFO", "service": "worker", "logger": "httpx", "msg": "HTTP Request: POST http://prefect-server:4200/api/artifacts/ \"HTTP/1.1 201 Created\"", "container": "prefect-worker"}
{"ts": "2026-08-11T16:15:03.272Z", "level": "INFO", "service": "worker", "logger": "prefect.task_runs", "msg": "Finished in state Completed()", "task_run_id": "019ff19b-1fb1-731f-80dd-e730f08a06d2", "flow_run_id": "019ff0ce-34cd-7c69-b331-06cccdf3bef3", "task_run_name": "validate-leads-1eb", "task_name": "validate-leads", "flow_run_name": "ultra-herring", "flow_name": "smarthub-data-pull", "container": "prefect-worker"}
{"ts": "2026-08-11T16:15:03.461Z", "level": "INFO", "service": "worker", "logger": "smarthub.core.storage", "msg": "Parquet partition 11-08-2026.parquet: +1758 rows", "container": "prefect-worker"}
{"ts": "2026-08-11T16:15:03.475Z", "level": "INFO", "service": "worker", "logger": "prefect.task_runs", "msg": "Finished in state Completed()", "task_run_id": "019ff19b-2069-7211-a211-8222a4d84044", "flow_run_id": "019ff0ce-34cd-7c69-b331-06cccdf3bef3", "task_run_name": "persist-8a2", "task_name": "persist", "flow_run_name": "ultra-herring", "flow_name": "smarthub-data-pull", "container": "prefect-worker"}
{"ts": "2026-08-11T16:15:03.513Z", "level": "INFO", "service": "worker", "logger": "httpx", "msg": "HTTP Request: GET http://prefect-server:4200/api/variables/name/smarthub_last_pull_timestamp_home \"HTTP/1.1 200 OK\"", "container": "prefect-worker"}
{"ts": "2026-08-11T16:15:03.564Z", "level": "INFO", "service": "worker", "logger": "httpx", "msg": "HTTP Request: PATCH http://prefect-server:4200/api/variables/name/smarthub_last_pull_timestamp_home \"HTTP/1.1 204 No Content\"", "container": "prefect-worker"}
{"ts": "2026-08-11T16:15:03.567Z", "level": "INFO", "service": "worker", "logger": "httpx", "msg": "HTTP Request: GET http://prefect-server:4200/api/variables/name/smarthub_last_pull_timestamp_home \"HTTP/1.1 200 OK\"", "container": "prefect-worker"}
{"ts": "2026-08-11T16:15:03.568Z", "level": "INFO", "service": "worker", "logger": "prefect.task_runs", "msg": "Finished in state Completed()", "task_run_id": "019ff19b-2134-785a-bbb6-1de316864f7a", "flow_run_id": "019ff0ce-34cd-7c69-b331-06cccdf3bef3", "task_run_name": "update_watermark-cb4", "task_name": "update_watermark", "flow_run_name": "ultra-herring", "flow_name": "smarthub-data-pull", "container": "prefect-worker"}
{"ts": "2026-08-11T16:15:03.569Z", "level": "INFO", "service": "worker", "logger": "prefect.flow_runs", "msg": "[home] persisted {'parquet_rows': 1758, 'parquet_paths': ['/app/data/raw_datasets/leads/2026/08/11-08-2026.parquet']}; watermark now 2026-08-11 16:14:28", "flow_run_name": "ultra-herring", "flow_run_id": "019ff0ce-34cd-7c69-b331-06cccdf3bef3", "flow_name": "smarthub-data-pull", "deployment_name": "data-pull", "container": "prefect-worker"}
{"ts": "2026-08-11T16:15:03.586Z", "level": "INFO", "service": "worker", "logger": "httpx", "msg": "HTTP Request: POST http://prefect-server:4200/api/artifacts/ \"HTTP/1.1 201 Created\"", "container": "prefect-worker"}
{"ts": "2026-08-11T16:15:03.710Z", "level": "INFO", "service": "worker", "logger": "httpx", "msg": "HTTP Request: POST http://prefect-server:4200/api/flow_runs/019ff0ce-34cd-7c69-b331-06cccdf3bef3/set_state \"HTTP/1.1 201 Created\"", "container": "prefect-worker"}
{"ts": "2026-08-11T16:15:03.861Z", "level": "INFO", "service": "worker", "logger": "httpx", "msg": "HTTP Request: GET http://prefect-server:4200/api/csrf-token?client=30146946-cadb-4590-a094-46e1b848032d \"HTTP/1.1 422 Unprocessable Entity\"", "container": "prefect-worker"}
{"ts": "2026-08-11T16:15:03.871Z", "level": "INFO", "service": "worker", "logger": "httpx", "msg": "HTTP Request: POST http://prefect-server:4200/api/logs/ \"HTTP/1.1 201 Created\"", "container": "prefect-worker"}
{"ts": "2026-08-11T16:15:04.585Z", "level": "INFO", "service": "worker", "logger": "prefect.flow_runs", "msg": "Finished in state Completed()", "flow_run_name": "ultra-herring", "flow_run_id": "019ff0ce-34cd-7c69-b331-06cccdf3bef3", "flow_name": "smarthub-data-pull", "deployment_name": "data-pull", "container": "prefect-worker"}
{"ts": "2026-08-11T16:15:04.593Z", "level": "INFO", "service": "worker", "logger": "httpx", "msg": "HTTP Request: POST http://prefect-server:4200/api/logs/ \"HTTP/1.1 201 Created\"", "container": "prefect-worker"}
{"ts": "2026-08-11T16:15:05.076340518Z", "container": "prefect-worker", "msg": "16:15:05.075 | INFO    | prefect.flow_runs.runner - Process for flow run 'ultra-herring' exited cleanly."}
{"ts": "2026-08-11T16:29:55.049406095Z", "container": "prefect-worker", "msg": "16:29:55.048 | INFO    | prefect.flow_runs.worker - Worker 'ProcessWorker c27d727b-2d53-4615-accd-1d47578da3c7' submitting flow run '019ff0ce-34e5-771d-a1d6-fd66c7cf169e'"}
{"ts": "2026-08-11T16:29:55.192826602Z", "container": "prefect-worker", "msg": "16:29:55.192 | INFO    | prefect.flow_runs.runner - Starting flow run process..."}
{"ts": "2026-08-11T16:29:55.216500791Z", "container": "prefect-worker", "msg": "16:29:55.215 | INFO    | prefect.flow_runs.worker - Flow run 'massive-anteater' submitted to infrastructure"}
{"ts": "2026-08-11T16:29:56.403965963Z", "container": "prefect-worker", "msg": "16:29:56.398 | INFO    | Flow run 'massive-anteater' - Running 1 deployment pull step(s)"}
{"ts": "2026-08-11T16:29:56.424339066Z", "container": "prefect-worker", "msg": "16:29:56.423 | INFO    | Flow run 'massive-anteater' - Executing deployment step: set_working_directory"}
{"ts": "2026-08-11T16:29:56.436109750Z", "container": "prefect-worker", "msg": "16:29:56.435 | INFO    | Flow run 'massive-anteater' - Deployment step 'set_working_directory' completed successfully"}
{"ts": "2026-08-11T16:29:56.450091121Z", "container": "prefect-worker", "msg": "16:29:56.449 | INFO    | Flow run 'massive-anteater' - All deployment steps completed successfully"}
{"ts": "2026-08-11T16:29:56.528Z", "level": "INFO", "service": "worker", "logger": "httpx", "msg": "HTTP Request: GET http://prefect-server:4200/api/admin/version \"HTTP/1.1 200 OK\"", "container": "prefect-worker"}
{"ts": "2026-08-11T16:29:56.532Z", "level": "INFO", "service": "worker", "logger": "httpx", "msg": "HTTP Request: GET http://prefect-server:4200/api/csrf-token?client=0877377a-2f8d-401d-8f46-1c98bdae1f2c \"HTTP/1.1 422 Unprocessable Entity\"", "container": "prefect-worker"}
{"ts": "2026-08-11T16:29:56.537Z", "level": "INFO", "service": "worker", "logger": "httpx", "msg": "HTTP Request: PATCH http://prefect-server:4200/api/flow_runs/019ff0ce-34e5-771d-a1d6-fd66c7cf169e \"HTTP/1.1 204 No Content\"", "container": "prefect-worker"}
{"ts": "2026-08-11T16:29:56.555Z", "level": "INFO", "service": "worker", "logger": "httpx", "msg": "HTTP Request: GET http://prefect-server:4200/api/flow_runs/019ff0ce-34e5-771d-a1d6-fd66c7cf169e \"HTTP/1.1 200 OK\"", "container": "prefect-worker"}
{"ts": "2026-08-11T16:29:56.566Z", "level": "INFO", "service": "worker", "logger": "httpx", "msg": "HTTP Request: POST http://prefect-server:4200/api/flow_runs/019ff0ce-34e5-771d-a1d6-fd66c7cf169e/set_state \"HTTP/1.1 200 OK\"", "container": "prefect-worker"}
{"ts": "2026-08-11T16:29:58.413Z", "level": "INFO", "service": "worker", "logger": "httpx", "msg": "HTTP Request: GET http://prefect-server:4200/api/csrf-token?client=a3d2d05b-b365-406e-ae29-d882577999a1 \"HTTP/1.1 422 Unprocessable Entity\"", "container": "prefect-worker"}
{"ts": "2026-08-11T16:29:58.424Z", "level": "INFO", "service": "worker", "logger": "httpx", "msg": "HTTP Request: POST http://prefect-server:4200/api/logs/ \"HTTP/1.1 201 Created\"", "container": "prefect-worker"}
{"ts": "2026-08-11T16:29:59.581Z", "level": "INFO", "service": "worker", "logger": "httpx", "msg": "HTTP Request: POST http://prefect-server:4200/api/flow_runs/019ff0ce-34e5-771d-a1d6-fd66c7cf169e/set_state \"HTTP/1.1 201 Created\"", "container": "prefect-worker"}
{"ts": "2026-08-11T16:29:59.587Z", "level": "INFO", "service": "worker", "logger": "httpx", "msg": "HTTP Request: GET http://prefect-server:4200/api/flow_runs/019ff0ce-34e5-771d-a1d6-fd66c7cf169e \"HTTP/1.1 200 OK\"", "container": "prefect-worker"}
{"ts": "2026-08-11T16:29:59.591Z", "level": "INFO", "service": "worker", "logger": "httpx", "msg": "HTTP Request: GET http://prefect-server:4200/api/admin/storage \"HTTP/1.1 200 OK\"", "container": "prefect-worker"}
{"ts": "2026-08-11T16:29:59.594Z", "level": "INFO", "service": "worker", "logger": "httpx", "msg": "HTTP Request: GET http://prefect-server:4200/api/admin/storage \"HTTP/1.1 200 OK\"", "container": "prefect-worker"}
{"ts": "2026-08-11T16:29:59.595Z", "level": "INFO", "service": "worker", "logger": "prefect.flow_runs", "msg": "Beginning flow run 'massive-anteater' for flow 'smarthub-build-features'", "flow_run_name": "massive-anteater", "flow_run_id": "019ff0ce-34e5-771d-a1d6-fd66c7cf169e", "flow_name": "smarthub-build-features", "deployment_name": "build-features", "container": "prefect-worker"}
{"ts": "2026-08-11T16:29:59.595Z", "level": "INFO", "service": "worker", "logger": "prefect.flow_runs", "msg": "View at http://prefect-server:4200/runs/flow-run/019ff0ce-34e5-771d-a1d6-fd66c7cf169e", "flow_run_name": "massive-anteater", "flow_run_id": "019ff0ce-34e5-771d-a1d6-fd66c7cf169e", "flow_name": "smarthub-build-features", "deployment_name": "build-features", "send_to_api": false, "container": "prefect-worker"}
{"ts": "2026-08-11T16:29:59.621Z", "level": "INFO", "service": "worker", "logger": "httpx", "msg": "HTTP Request: GET http://prefect-server:4200/api/flows/ed336d12-897f-42a6-bdf9-d48b8de86b57 \"HTTP/1.1 200 OK\"", "container": "prefect-worker"}
{"ts": "2026-08-11T16:29:59.691Z", "level": "INFO", "service": "worker", "logger": "httpx", "msg": "HTTP Request: GET http://prefect-server:4200/api/work_queues/109a2d50-2dca-4233-a9a5-9ec78fefd79f \"HTTP/1.1 200 OK\"", "container": "prefect-worker"}
{"ts": "2026-08-11T16:29:59.692Z", "level": "INFO", "service": "worker", "logger": "httpx", "msg": "HTTP Request: GET http://prefect-server:4200/api/work_pools/smarthub-pool \"HTTP/1.1 200 OK\"", "container": "prefect-worker"}
{"ts": "2026-08-11T16:29:59.692Z", "level": "INFO", "service": "worker", "logger": "httpx", "msg": "HTTP Request: GET http://prefect-server:4200/api/deployments/8d536def-a82a-4c94-941b-14c2c0468511 \"HTTP/1.1 200 OK\"", "container": "prefect-worker"}
{"ts": "2026-08-11T16:30:00.452Z", "level": "INFO", "service": "worker", "logger": "httpx", "msg": "HTTP Request: POST http://prefect-server:4200/api/logs/ \"HTTP/1.1 201 Created\"", "container": "prefect-worker"}
{"ts": "2026-08-11T16:30:07.714Z", "level": "INFO", "service": "worker", "logger": "prefect.task_runs", "msg": "[auto] training table 2026-08-11T163006Z: 463564 rows, 40 cols -> /app/data/training_datasets/auto/2026-08-11T163006Z.parquet", "task_run_id": "019ff1a8-cdbf-7051-badf-852a70ec200a", "flow_run_id": "019ff0ce-34e5-771d-a1d6-fd66c7cf169e", "task_run_name": "build-training-table-d90", "task_name": "build-training-table", "flow_run_name": "massive-anteater", "flow_name": "smarthub-build-features", "container": "prefect-worker"}
{"ts": "2026-08-11T16:30:07.828Z", "level": "INFO", "service": "worker", "logger": "prefect.task_runs", "msg": "Finished in state Completed()", "task_run_id": "019ff1a8-cdbf-7051-badf-852a70ec200a", "flow_run_id": "019ff0ce-34e5-771d-a1d6-fd66c7cf169e", "task_run_name": "build-training-table-d90", "task_name": "build-training-table", "flow_run_name": "massive-anteater", "flow_name": "smarthub-build-features", "container": "prefect-worker"}
{"ts": "2026-08-11T16:30:07.847Z", "level": "INFO", "service": "worker", "logger": "httpx", "msg": "HTTP Request: POST http://prefect-server:4200/api/artifacts/ \"HTTP/1.1 201 Created\"", "container": "prefect-worker"}
{"ts": "2026-08-11T16:30:08.014Z", "level": "INFO", "service": "worker", "logger": "httpx", "msg": "HTTP Request: POST http://prefect-server:4200/api/flow_runs/019ff0ce-34e5-771d-a1d6-fd66c7cf169e/set_state \"HTTP/1.1 201 Created\"", "container": "prefect-worker"}
{"ts": "2026-08-11T16:30:08.728Z", "level": "INFO", "service": "worker", "logger": "httpx", "msg": "HTTP Request: POST http://prefect-server:4200/api/logs/ \"HTTP/1.1 201 Created\"", "container": "prefect-worker"}
{"ts": "2026-08-11T16:30:08.830Z", "level": "INFO", "service": "worker", "logger": "prefect.flow_runs", "msg": "Finished in state Completed()", "flow_run_name": "massive-anteater", "flow_run_id": "019ff0ce-34e5-771d-a1d6-fd66c7cf169e", "flow_name": "smarthub-build-features", "deployment_name": "build-features", "container": "prefect-worker"}
{"ts": "2026-08-11T16:30:08.837Z", "level": "INFO", "service": "worker", "logger": "httpx", "msg": "HTTP Request: POST http://prefect-server:4200/api/logs/ \"HTTP/1.1 201 Created\"", "container": "prefect-worker"}
{"ts": "2026-08-11T16:30:09.138763015Z", "container": "prefect-worker", "msg": "16:30:09.138 | INFO    | prefect.flow_runs.runner - Process for flow run 'massive-anteater' exited cleanly."}
{"ts": "2026-08-11T16:44:54.436160846Z", "container": "prefect-worker", "msg": "16:44:54.435 | INFO    | prefect.flow_runs.worker - Worker 'ProcessWorker c27d727b-2d53-4615-accd-1d47578da3c7' submitting flow run '019ff0ce-34e5-7539-a39e-6f15a753db4c'"}
{"ts": "2026-08-11T16:44:54.574909275Z", "container": "prefect-worker", "msg": "16:44:54.574 | INFO    | prefect.flow_runs.runner - Starting flow run process..."}
{"ts": "2026-08-11T16:44:54.599355710Z", "container": "prefect-worker", "msg": "16:44:54.598 | INFO    | prefect.flow_runs.worker - Flow run 'berserk-bug' submitted to infrastructure"}
{"ts": "2026-08-11T16:44:55.794018976Z", "container": "prefect-worker", "msg": "16:44:55.788 | INFO    | Flow run 'berserk-bug' - Running 1 deployment pull step(s)"}
{"ts": "2026-08-11T16:44:55.814529250Z", "container": "prefect-worker", "msg": "16:44:55.813 | INFO    | Flow run 'berserk-bug' - Executing deployment step: set_working_directory"}
{"ts": "2026-08-11T16:44:55.826077493Z", "container": "prefect-worker", "msg": "16:44:55.825 | INFO    | Flow run 'berserk-bug' - Deployment step 'set_working_directory' completed successfully"}
{"ts": "2026-08-11T16:44:55.839792682Z", "container": "prefect-worker", "msg": "16:44:55.839 | INFO    | Flow run 'berserk-bug' - All deployment steps completed successfully"}
{"ts": "2026-08-11T16:44:55.920Z", "level": "INFO", "service": "worker", "logger": "httpx", "msg": "HTTP Request: GET http://prefect-server:4200/api/admin/version \"HTTP/1.1 200 OK\"", "container": "prefect-worker"}
{"ts": "2026-08-11T16:44:55.923Z", "level": "INFO", "service": "worker", "logger": "httpx", "msg": "HTTP Request: GET http://prefect-server:4200/api/csrf-token?client=1908f707-498b-4d4b-9e70-5a03b22fd027 \"HTTP/1.1 422 Unprocessable Entity\"", "container": "prefect-worker"}
{"ts": "2026-08-11T16:44:55.928Z", "level": "INFO", "service": "worker", "logger": "httpx", "msg": "HTTP Request: PATCH http://prefect-server:4200/api/flow_runs/019ff0ce-34e5-7539-a39e-6f15a753db4c \"HTTP/1.1 204 No Content\"", "container": "prefect-worker"}
{"ts": "2026-08-11T16:44:55.946Z", "level": "INFO", "service": "worker", "logger": "httpx", "msg": "HTTP Request: GET http://prefect-server:4200/api/flow_runs/019ff0ce-34e5-7539-a39e-6f15a753db4c \"HTTP/1.1 200 OK\"", "container": "prefect-worker"}
{"ts": "2026-08-11T16:44:55.957Z", "level": "INFO", "service": "worker", "logger": "httpx", "msg": "HTTP Request: POST http://prefect-server:4200/api/flow_runs/019ff0ce-34e5-7539-a39e-6f15a753db4c/set_state \"HTTP/1.1 200 OK\"", "container": "prefect-worker"}
{"ts": "2026-08-11T16:44:57.800Z", "level": "INFO", "service": "worker", "logger": "httpx", "msg": "HTTP Request: GET http://prefect-server:4200/api/csrf-token?client=07e9cd9e-9702-45b3-8287-c35f66d56307 \"HTTP/1.1 422 Unprocessable Entity\"", "container": "prefect-worker"}
{"ts": "2026-08-11T16:44:57.807Z", "level": "INFO", "service": "worker", "logger": "httpx", "msg": "HTTP Request: POST http://prefect-server:4200/api/logs/ \"HTTP/1.1 201 Created\"", "container": "prefect-worker"}
{"ts": "2026-08-11T16:44:59.973Z", "level": "INFO", "service": "worker", "logger": "httpx", "msg": "HTTP Request: POST http://prefect-server:4200/api/flow_runs/019ff0ce-34e5-7539-a39e-6f15a753db4c/set_state \"HTTP/1.1 201 Created\"", "container": "prefect-worker"}
{"ts": "2026-08-11T16:44:59.979Z", "level": "INFO", "service": "worker", "logger": "httpx", "msg": "HTTP Request: GET http://prefect-server:4200/api/flow_runs/019ff0ce-34e5-7539-a39e-6f15a753db4c \"HTTP/1.1 200 OK\"", "container": "prefect-worker"}
{"ts": "2026-08-11T16:44:59.984Z", "level": "INFO", "service": "worker", "logger": "httpx", "msg": "HTTP Request: GET http://prefect-server:4200/api/admin/storage \"HTTP/1.1 200 OK\"", "container": "prefect-worker"}
{"ts": "2026-08-11T16:44:59.987Z", "level": "INFO", "service": "worker", "logger": "httpx", "msg": "HTTP Request: GET http://prefect-server:4200/api/admin/storage \"HTTP/1.1 200 OK\"", "container": "prefect-worker"}
{"ts": "2026-08-11T16:44:59.987Z", "level": "INFO", "service": "worker", "logger": "prefect.flow_runs", "msg": "Beginning flow run 'berserk-bug' for flow 'smarthub-build-features'", "flow_run_name": "berserk-bug", "flow_run_id": "019ff0ce-34e5-7539-a39e-6f15a753db4c", "flow_name": "smarthub-build-features", "deployment_name": "build-features", "container": "prefect-worker"}
{"ts": "2026-08-11T16:44:59.987Z", "level": "INFO", "service": "worker", "logger": "prefect.flow_runs", "msg": "View at http://prefect-server:4200/runs/flow-run/019ff0ce-34e5-7539-a39e-6f15a753db4c", "flow_run_name": "berserk-bug", "flow_run_id": "019ff0ce-34e5-7539-a39e-6f15a753db4c", "flow_name": "smarthub-build-features", "deployment_name": "build-features", "send_to_api": false, "container": "prefect-worker"}
{"ts": "2026-08-11T16:45:00.067Z", "level": "INFO", "service": "worker", "logger": "httpx", "msg": "HTTP Request: GET http://prefect-server:4200/api/flows/ed336d12-897f-42a6-bdf9-d48b8de86b57 \"HTTP/1.1 200 OK\"", "container": "prefect-worker"}
{"ts": "2026-08-11T16:45:00.068Z", "level": "INFO", "service": "worker", "logger": "httpx", "msg": "HTTP Request: GET http://prefect-server:4200/api/work_queues/109a2d50-2dca-4233-a9a5-9ec78fefd79f \"HTTP/1.1 200 OK\"", "container": "prefect-worker"}
{"ts": "2026-08-11T16:45:00.068Z", "level": "INFO", "service": "worker", "logger": "httpx", "msg": "HTTP Request: GET http://prefect-server:4200/api/deployments/8d536def-a82a-4c94-941b-14c2c0468511 \"HTTP/1.1 200 OK\"", "container": "prefect-worker"}
{"ts": "2026-08-11T16:45:00.069Z", "level": "INFO", "service": "worker", "logger": "httpx", "msg": "HTTP Request: GET http://prefect-server:4200/api/work_pools/smarthub-pool \"HTTP/1.1 200 OK\"", "container": "prefect-worker"}
{"ts": "2026-08-11T16:45:01.822Z", "level": "INFO", "service": "worker", "logger": "httpx", "msg": "HTTP Request: POST http://prefect-server:4200/api/logs/ \"HTTP/1.1 201 Created\"", "container": "prefect-worker"}
{"ts": "2026-08-11T16:45:03.949Z", "level": "INFO", "service": "worker", "logger": "prefect.task_runs", "msg": "[home] training table 2026-08-11T164503Z: 168 rows, 34 cols -> /app/data/training_datasets/home/2026-08-11T164503Z.parquet", "task_run_id": "019ff1b6-8ae5-7f6e-8772-a2de028eed04", "flow_run_id": "019ff0ce-34e5-7539-a39e-6f15a753db4c", "task_run_name": "build-training-table-462", "task_name": "build-training-table", "flow_run_name": "berserk-bug", "flow_name": "smarthub-build-features", "container": "prefect-worker"}
{"ts": "2026-08-11T16:45:04.089Z", "level": "INFO", "service": "worker", "logger": "prefect.task_runs", "msg": "Finished in state Completed()", "task_run_id": "019ff1b6-8ae5-7f6e-8772-a2de028eed04", "flow_run_id": "019ff0ce-34e5-7539-a39e-6f15a753db4c", "task_run_name": "build-training-table-462", "task_name": "build-training-table", "flow_run_name": "berserk-bug", "flow_name": "smarthub-build-features", "container": "prefect-worker"}
{"ts": "2026-08-11T16:45:04.110Z", "level": "INFO", "service": "worker", "logger": "httpx", "msg": "HTTP Request: POST http://prefect-server:4200/api/artifacts/ \"HTTP/1.1 201 Created\"", "container": "prefect-worker"}
{"ts": "2026-08-11T16:45:04.193Z", "level": "INFO", "service": "worker", "logger": "httpx", "msg": "HTTP Request: POST http://prefect-server:4200/api/flow_runs/019ff0ce-34e5-7539-a39e-6f15a753db4c/set_state \"HTTP/1.1 201 Created\"", "container": "prefect-worker"}
{"ts": "2026-08-11T16:45:05.093Z", "level": "INFO", "service": "worker", "logger": "prefect.flow_runs", "msg": "Finished in state Completed()", "flow_run_name": "berserk-bug", "flow_run_id": "019ff0ce-34e5-7539-a39e-6f15a753db4c", "flow_name": "smarthub-build-features", "deployment_name": "build-features", "container": "prefect-worker"}
{"ts": "2026-08-11T16:45:05.102Z", "level": "INFO", "service": "worker", "logger": "httpx", "msg": "HTTP Request: POST http://prefect-server:4200/api/logs/ \"HTTP/1.1 201 Created\"", "container": "prefect-worker"}
{"ts": "2026-08-11T16:45:05.397444356Z", "container": "prefect-worker", "msg": "16:45:05.396 | INFO    | prefect.flow_runs.runner - Process for flow run 'berserk-bug' exited cleanly."}
{"ts": "2026-08-11T19:59:59.991010358Z", "container": "prefect-worker", "msg": "19:59:59.990 | INFO    | prefect.flow_runs.worker - Worker 'ProcessWorker c27d727b-2d53-4615-accd-1d47578da3c7' submitting flow run '019ff0ce-34cd-76dc-aa15-06a456f399b6'"}
{"ts": "2026-08-11T20:00:00.130805031Z", "container": "prefect-worker", "msg": "20:00:00.130 | INFO    | prefect.flow_runs.runner - Starting flow run process..."}
{"ts": "2026-08-11T20:00:00.154441821Z", "container": "prefect-worker", "msg": "20:00:00.153 | INFO    | prefect.flow_runs.worker - Flow run 'lyrical-prawn' submitted to infrastructure"}
{"ts": "2026-08-11T20:00:01.357843880Z", "container": "prefect-worker", "msg": "20:00:01.352 | INFO    | Flow run 'lyrical-prawn' - Running 1 deployment pull step(s)"}
{"ts": "2026-08-11T20:00:01.378232294Z", "container": "prefect-worker", "msg": "20:00:01.377 | INFO    | Flow run 'lyrical-prawn' - Executing deployment step: set_working_directory"}
{"ts": "2026-08-11T20:00:01.389739216Z", "container": "prefect-worker", "msg": "20:00:01.389 | INFO    | Flow run 'lyrical-prawn' - Deployment step 'set_working_directory' completed successfully"}
{"ts": "2026-08-11T20:00:01.404091301Z", "container": "prefect-worker", "msg": "20:00:01.403 | INFO    | Flow run 'lyrical-prawn' - All deployment steps completed successfully"}
{"ts": "2026-08-11T20:00:01.857Z", "level": "INFO", "service": "worker", "logger": "httpx", "msg": "HTTP Request: GET http://prefect-server:4200/api/admin/version \"HTTP/1.1 200 OK\"", "container": "prefect-worker"}
{"ts": "2026-08-11T20:00:01.861Z", "level": "INFO", "service": "worker", "logger": "httpx", "msg": "HTTP Request: GET http://prefect-server:4200/api/csrf-token?client=4dfb202b-009f-4a59-bca0-4b443e206c6f \"HTTP/1.1 422 Unprocessable Entity\"", "container": "prefect-worker"}
{"ts": "2026-08-11T20:00:01.866Z", "level": "INFO", "service": "worker", "logger": "httpx", "msg": "HTTP Request: PATCH http://prefect-server:4200/api/flow_runs/019ff0ce-34cd-76dc-aa15-06a456f399b6 \"HTTP/1.1 204 No Content\"", "container": "prefect-worker"}
{"ts": "2026-08-11T20:00:01.886Z", "level": "INFO", "service": "worker", "logger": "httpx", "msg": "HTTP Request: GET http://prefect-server:4200/api/flow_runs/019ff0ce-34cd-76dc-aa15-06a456f399b6 \"HTTP/1.1 200 OK\"", "container": "prefect-worker"}
{"ts": "2026-08-11T20:00:01.902Z", "level": "INFO", "service": "worker", "logger": "httpx", "msg": "HTTP Request: POST http://prefect-server:4200/api/flow_runs/019ff0ce-34cd-76dc-aa15-06a456f399b6/set_state \"HTTP/1.1 201 Created\"", "container": "prefect-worker"}
{"ts": "2026-08-11T20:00:01.907Z", "level": "INFO", "service": "worker", "logger": "httpx", "msg": "HTTP Request: GET http://prefect-server:4200/api/flow_runs/019ff0ce-34cd-76dc-aa15-06a456f399b6 \"HTTP/1.1 200 OK\"", "container": "prefect-worker"}
{"ts": "2026-08-11T20:00:01.912Z", "level": "INFO", "service": "worker", "logger": "httpx", "msg": "HTTP Request: GET http://prefect-server:4200/api/admin/storage \"HTTP/1.1 200 OK\"", "container": "prefect-worker"}
{"ts": "2026-08-11T20:00:01.915Z", "level": "INFO", "service": "worker", "logger": "httpx", "msg": "HTTP Request: GET http://prefect-server:4200/api/admin/storage \"HTTP/1.1 200 OK\"", "container": "prefect-worker"}
{"ts": "2026-08-11T20:00:01.915Z", "level": "INFO", "service": "worker", "logger": "prefect.flow_runs", "msg": "Beginning flow run 'lyrical-prawn' for flow 'smarthub-data-pull'", "flow_run_name": "lyrical-prawn", "flow_run_id": "019ff0ce-34cd-76dc-aa15-06a456f399b6", "flow_name": "smarthub-data-pull", "deployment_name": "data-pull", "container": "prefect-worker"}
{"ts": "2026-08-11T20:00:01.915Z", "level": "INFO", "service": "worker", "logger": "prefect.flow_runs", "msg": "View at http://prefect-server:4200/runs/flow-run/019ff0ce-34cd-76dc-aa15-06a456f399b6", "flow_run_name": "lyrical-prawn", "flow_run_id": "019ff0ce-34cd-76dc-aa15-06a456f399b6", "flow_name": "smarthub-data-pull", "deployment_name": "data-pull", "send_to_api": false, "container": "prefect-worker"}
{"ts": "2026-08-11T20:00:01.951Z", "level": "INFO", "service": "worker", "logger": "httpx", "msg": "HTTP Request: GET http://prefect-server:4200/api/work_queues/32c7c4c1-2900-49ee-9a5d-6d3163577ef9 \"HTTP/1.1 200 OK\"", "container": "prefect-worker"}
{"ts": "2026-08-11T20:00:01.953Z", "level": "INFO", "service": "worker", "logger": "httpx", "msg": "HTTP Request: GET http://prefect-server:4200/api/flows/c49e248a-be9d-43b9-ad26-cff3b7117b11 \"HTTP/1.1 200 OK\"", "container": "prefect-worker"}
{"ts": "2026-08-11T20:00:01.960Z", "level": "INFO", "service": "worker", "logger": "httpx", "msg": "HTTP Request: GET http://prefect-server:4200/api/work_pools/smarthub-pool \"HTTP/1.1 200 OK\"", "container": "prefect-worker"}
{"ts": "2026-08-11T20:00:01.962Z", "level": "INFO", "service": "worker", "logger": "httpx", "msg": "HTTP Request: GET http://prefect-server:4200/api/deployments/15dcce44-4b5f-4048-b854-eeba60c3b514 \"HTTP/1.1 200 OK\"", "container": "prefect-worker"}
{"ts": "2026-08-11T20:00:01.962Z", "level": "INFO", "service": "worker", "logger": "httpx", "msg": "HTTP Request: GET http://prefect-server:4200/api/variables/name/smarthub_last_pull_timestamp_auto \"HTTP/1.1 200 OK\"", "container": "prefect-worker"}
{"ts": "2026-08-11T20:00:01.966Z", "level": "INFO", "service": "worker", "logger": "prefect.task_runs", "msg": "Finished in state Completed()", "task_run_id": "019ff269-1990-7465-bf71-12bd86310e94", "flow_run_id": "019ff0ce-34cd-76dc-aa15-06a456f399b6", "task_run_name": "resolve_window-89a", "task_name": "resolve_window", "flow_run_name": "lyrical-prawn", "flow_name": "smarthub-data-pull", "container": "prefect-worker"}
{"ts": "2026-08-11T20:00:01.966Z", "level": "INFO", "service": "worker", "logger": "prefect.flow_runs", "msg": "[auto] pulling window 2026-08-11 14:59:41 -> 2026-08-11 20:00:01", "flow_run_name": "lyrical-prawn", "flow_run_id": "019ff0ce-34cd-76dc-aa15-06a456f399b6", "flow_name": "smarthub-data-pull", "deployment_name": "data-pull", "container": "prefect-worker"}
{"ts": "2026-08-11T20:00:01.969Z", "level": "INFO", "service": "worker", "logger": "httpx", "msg": "HTTP Request: GET http://prefect-server:4200/api/variables/name/smarthub_last_pull_timestamp_auto \"HTTP/1.1 200 OK\"", "container": "prefect-worker"}
{"ts": "2026-08-11T20:00:01.974Z", "level": "INFO", "service": "worker", "logger": "smarthub.data_pull.pull", "msg": "SSH_TUNNEL=false -- connecting directly to Redshift smart-hub.c9m7m7mw0tl8.us-east-1.redshift.amazonaws.com:5439", "container": "prefect-worker"}
{"ts": "2026-08-11T20:00:02.173Z", "level": "INFO", "service": "worker", "logger": "alembic.runtime.plugins", "msg": "setup plugin alembic.autogenerate.schemas", "container": "prefect-worker"}
{"ts": "2026-08-11T20:00:02.174Z", "level": "INFO", "service": "worker", "logger": "alembic.runtime.plugins", "msg": "setup plugin alembic.autogenerate.tables", "container": "prefect-worker"}
{"ts": "2026-08-11T20:00:02.174Z", "level": "INFO", "service": "worker", "logger": "alembic.runtime.plugins", "msg": "setup plugin alembic.autogenerate.types", "container": "prefect-worker"}
{"ts": "2026-08-11T20:00:02.174Z", "level": "INFO", "service": "worker", "logger": "alembic.runtime.plugins", "msg": "setup plugin alembic.autogenerate.constraints", "container": "prefect-worker"}
{"ts": "2026-08-11T20:00:02.174Z", "level": "INFO", "service": "worker", "logger": "alembic.runtime.plugins", "msg": "setup plugin alembic.autogenerate.defaults", "container": "prefect-worker"}
{"ts": "2026-08-11T20:00:02.174Z", "level": "INFO", "service": "worker", "logger": "alembic.runtime.plugins", "msg": "setup plugin alembic.autogenerate.comments", "container": "prefect-worker"}
{"ts": "2026-08-11T20:00:03.116Z", "level": "INFO", "service": "worker", "logger": "smarthub.data_pull.pull", "msg": "Fetched leads frame with shape (16860, 57)", "container": "prefect-worker"}
{"ts": "2026-08-11T20:00:03.117Z", "level": "INFO", "service": "worker", "logger": "prefect.task_runs", "msg": "Finished in state Completed()", "task_run_id": "019ff269-19b2-759a-93c7-411601e7ff8c", "flow_run_id": "019ff0ce-34cd-76dc-aa15-06a456f399b6", "task_run_name": "fetch-1be", "task_name": "fetch", "flow_run_name": "lyrical-prawn", "flow_name": "smarthub-data-pull", "container": "prefect-worker"}
{"ts": "2026-08-11T20:00:03.366Z", "level": "INFO", "service": "worker", "logger": "httpx", "msg": "HTTP Request: GET http://prefect-server:4200/api/csrf-token?client=24d5609c-d468-43b8-baa6-2c579ee1839c \"HTTP/1.1 422 Unprocessable Entity\"", "container": "prefect-worker"}
{"ts": "2026-08-11T20:00:03.375Z", "level": "INFO", "service": "worker", "logger": "httpx", "msg": "HTTP Request: POST http://prefect-server:4200/api/logs/ \"HTTP/1.1 201 Created\"", "container": "prefect-worker"}
{"ts": "2026-08-11T20:00:03.662Z", "level": "INFO", "service": "worker", "logger": "prefect.task_runs", "msg": "data-quality: rows=16,860, status=issues flagged, rule_violation_rows=33,728, cross_field={'current_carrier_when_not_insured': 13597}, high_missing=['accepted', 'accepted_listings', 'annual_revenue', 'erred', 'error_reason_id', 'health_conditions', 'household_income', 'lead_created_at', 'life_coverage_amount', 'life_coverage_type', 'naics_code', 'num_dependents', 'num_employees', 'pnc_bundle', 'rev', 'sic_code', 'won']", "task_run_id": "019ff269-1e2e-7310-a8d2-64af74b32224", "flow_run_id": "019ff0ce-34cd-76dc-aa15-06a456f399b6", "task_run_name": "validate-leads-771", "task_name": "validate-leads", "flow_run_name": "lyrical-prawn", "flow_name": "smarthub-data-pull", "container": "prefect-worker"}
{"ts": "2026-08-11T20:00:03.682Z", "level": "INFO", "service": "worker", "logger": "httpx", "msg": "HTTP Request: POST http://prefect-server:4200/api/artifacts/ \"HTTP/1.1 201 Created\"", "container": "prefect-worker"}
{"ts": "2026-08-11T20:00:03.685Z", "level": "INFO", "service": "worker", "logger": "prefect.task_runs", "msg": "Finished in state Completed()", "task_run_id": "019ff269-1e2e-7310-a8d2-64af74b32224", "flow_run_id": "019ff0ce-34cd-76dc-aa15-06a456f399b6", "task_run_name": "validate-leads-771", "task_name": "validate-leads", "flow_run_name": "lyrical-prawn", "flow_name": "smarthub-data-pull", "container": "prefect-worker"}
{"ts": "2026-08-11T20:00:04.025Z", "level": "INFO", "service": "worker", "logger": "smarthub.core.storage", "msg": "Parquet partition 11-08-2026.parquet: +16860 rows", "container": "prefect-worker"}
{"ts": "2026-08-11T20:00:04.063Z", "level": "INFO", "service": "worker", "logger": "prefect.task_runs", "msg": "Finished in state Completed()", "task_run_id": "019ff269-2065-7f5a-b076-65236f75ef94", "flow_run_id": "019ff0ce-34cd-76dc-aa15-06a456f399b6", "task_run_name": "persist-01e", "task_name": "persist", "flow_run_name": "lyrical-prawn", "flow_name": "smarthub-data-pull", "container": "prefect-worker"}
{"ts": "2026-08-11T20:00:04.148Z", "level": "INFO", "service": "worker", "logger": "httpx", "msg": "HTTP Request: GET http://prefect-server:4200/api/variables/name/smarthub_last_pull_timestamp_auto \"HTTP/1.1 200 OK\"", "container": "prefect-worker"}
{"ts": "2026-08-11T20:00:04.156Z", "level": "INFO", "service": "worker", "logger": "httpx", "msg": "HTTP Request: PATCH http://prefect-server:4200/api/variables/name/smarthub_last_pull_timestamp_auto \"HTTP/1.1 204 No Content\"", "container": "prefect-worker"}
{"ts": "2026-08-11T20:00:04.158Z", "level": "INFO", "service": "worker", "logger": "httpx", "msg": "HTTP Request: GET http://prefect-server:4200/api/variables/name/smarthub_last_pull_timestamp_auto \"HTTP/1.1 200 OK\"", "container": "prefect-worker"}
{"ts": "2026-08-11T20:00:04.159Z", "level": "INFO", "service": "worker", "logger": "prefect.task_runs", "msg": "Finished in state Completed()", "task_run_id": "019ff269-21df-75d4-a1ef-0c4f1ef9eef0", "flow_run_id": "019ff0ce-34cd-76dc-aa15-06a456f399b6", "task_run_name": "update_watermark-b4b", "task_name": "update_watermark", "flow_run_name": "lyrical-prawn", "flow_name": "smarthub-data-pull", "container": "prefect-worker"}
{"ts": "2026-08-11T20:00:04.160Z", "level": "INFO", "service": "worker", "logger": "prefect.flow_runs", "msg": "[auto] persisted {'parquet_rows': 16860, 'parquet_paths': ['/app/data/raw_datasets/leads/2026/08/11-08-2026.parquet']}; watermark now 2026-08-11 19:59:33", "flow_run_name": "lyrical-prawn", "flow_run_id": "019ff0ce-34cd-76dc-aa15-06a456f399b6", "flow_name": "smarthub-data-pull", "deployment_name": "data-pull", "container": "prefect-worker"}
{"ts": "2026-08-11T20:00:04.178Z", "level": "INFO", "service": "worker", "logger": "httpx", "msg": "HTTP Request: POST http://prefect-server:4200/api/artifacts/ \"HTTP/1.1 201 Created\"", "container": "prefect-worker"}
{"ts": "2026-08-11T20:00:04.266Z", "level": "INFO", "service": "worker", "logger": "httpx", "msg": "HTTP Request: POST http://prefect-server:4200/api/flow_runs/019ff0ce-34cd-76dc-aa15-06a456f399b6/set_state \"HTTP/1.1 201 Created\"", "container": "prefect-worker"}
{"ts": "2026-08-11T20:00:04.983Z", "level": "INFO", "service": "worker", "logger": "prefect.flow_runs", "msg": "Finished in state Completed()", "flow_run_name": "lyrical-prawn", "flow_run_id": "019ff0ce-34cd-76dc-aa15-06a456f399b6", "flow_name": "smarthub-data-pull", "deployment_name": "data-pull", "container": "prefect-worker"}
{"ts": "2026-08-11T20:00:04.993Z", "level": "INFO", "service": "worker", "logger": "httpx", "msg": "HTTP Request: POST http://prefect-server:4200/api/logs/ \"HTTP/1.1 201 Created\"", "container": "prefect-worker"}
{"ts": "2026-08-11T20:00:05.473603609Z", "container": "prefect-worker", "msg": "20:00:05.472 | INFO    | prefect.flow_runs.runner - Process for flow run 'lyrical-prawn' exited cleanly."}
{"ts": "2026-08-11T20:14:58.142156669Z", "container": "prefect-worker", "msg": "20:14:58.141 | INFO    | prefect.flow_runs.worker - Worker 'ProcessWorker c27d727b-2d53-4615-accd-1d47578da3c7' submitting flow run '019ff0ce-34cd-7006-8cd7-52f270e157d7'"}
{"ts": "2026-08-11T20:14:58.278501673Z", "container": "prefect-worker", "msg": "20:14:58.277 | INFO    | prefect.flow_runs.runner - Starting flow run process..."}
{"ts": "2026-08-11T20:14:58.302011652Z", "container": "prefect-worker", "msg": "20:14:58.301 | INFO    | prefect.flow_runs.worker - Flow run 'glaring-tarsier' submitted to infrastructure"}
{"ts": "2026-08-11T20:14:59.503882438Z", "container": "prefect-worker", "msg": "20:14:59.498 | INFO    | Flow run 'glaring-tarsier' - Running 1 deployment pull step(s)"}
{"ts": "2026-08-11T20:14:59.525051667Z", "container": "prefect-worker", "msg": "20:14:59.524 | INFO    | Flow run 'glaring-tarsier' - Executing deployment step: set_working_directory"}
{"ts": "2026-08-11T20:14:59.537045333Z", "container": "prefect-worker", "msg": "20:14:59.536 | INFO    | Flow run 'glaring-tarsier' - Deployment step 'set_working_directory' completed successfully"}
{"ts": "2026-08-11T20:14:59.551143257Z", "container": "prefect-worker", "msg": "20:14:59.550 | INFO    | Flow run 'glaring-tarsier' - All deployment steps completed successfully"}
{"ts": "2026-08-11T20:15:00.011Z", "level": "INFO", "service": "worker", "logger": "httpx", "msg": "HTTP Request: GET http://prefect-server:4200/api/admin/version \"HTTP/1.1 200 OK\"", "container": "prefect-worker"}
{"ts": "2026-08-11T20:15:00.015Z", "level": "INFO", "service": "worker", "logger": "httpx", "msg": "HTTP Request: GET http://prefect-server:4200/api/csrf-token?client=5d57199c-d1d3-4924-b227-4be5c0dbb02c \"HTTP/1.1 422 Unprocessable Entity\"", "container": "prefect-worker"}
{"ts": "2026-08-11T20:15:00.020Z", "level": "INFO", "service": "worker", "logger": "httpx", "msg": "HTTP Request: PATCH http://prefect-server:4200/api/flow_runs/019ff0ce-34cd-7006-8cd7-52f270e157d7 \"HTTP/1.1 204 No Content\"", "container": "prefect-worker"}
{"ts": "2026-08-11T20:15:00.038Z", "level": "INFO", "service": "worker", "logger": "httpx", "msg": "HTTP Request: GET http://prefect-server:4200/api/flow_runs/019ff0ce-34cd-7006-8cd7-52f270e157d7 \"HTTP/1.1 200 OK\"", "container": "prefect-worker"}
{"ts": "2026-08-11T20:15:00.052Z", "level": "INFO", "service": "worker", "logger": "httpx", "msg": "HTTP Request: POST http://prefect-server:4200/api/flow_runs/019ff0ce-34cd-7006-8cd7-52f270e157d7/set_state \"HTTP/1.1 201 Created\"", "container": "prefect-worker"}
{"ts": "2026-08-11T20:15:00.058Z", "level": "INFO", "service": "worker", "logger": "httpx", "msg": "HTTP Request: GET http://prefect-server:4200/api/flow_runs/019ff0ce-34cd-7006-8cd7-52f270e157d7 \"HTTP/1.1 200 OK\"", "container": "prefect-worker"}
{"ts": "2026-08-11T20:15:00.061Z", "level": "INFO", "service": "worker", "logger": "httpx", "msg": "HTTP Request: GET http://prefect-server:4200/api/admin/storage \"HTTP/1.1 200 OK\"", "container": "prefect-worker"}
{"ts": "2026-08-11T20:15:00.064Z", "level": "INFO", "service": "worker", "logger": "httpx", "msg": "HTTP Request: GET http://prefect-server:4200/api/admin/storage \"HTTP/1.1 200 OK\"", "container": "prefect-worker"}
{"ts": "2026-08-11T20:15:00.064Z", "level": "INFO", "service": "worker", "logger": "prefect.flow_runs", "msg": "Beginning flow run 'glaring-tarsier' for flow 'smarthub-data-pull'", "flow_run_name": "glaring-tarsier", "flow_run_id": "019ff0ce-34cd-7006-8cd7-52f270e157d7", "flow_name": "smarthub-data-pull", "deployment_name": "data-pull", "container": "prefect-worker"}
{"ts": "2026-08-11T20:15:00.065Z", "level": "INFO", "service": "worker", "logger": "prefect.flow_runs", "msg": "View at http://prefect-server:4200/runs/flow-run/019ff0ce-34cd-7006-8cd7-52f270e157d7", "flow_run_name": "glaring-tarsier", "flow_run_id": "019ff0ce-34cd-7006-8cd7-52f270e157d7", "flow_name": "smarthub-data-pull", "deployment_name": "data-pull", "send_to_api": false, "container": "prefect-worker"}
{"ts": "2026-08-11T20:15:00.102Z", "level": "INFO", "service": "worker", "logger": "httpx", "msg": "HTTP Request: GET http://prefect-server:4200/api/variables/name/smarthub_last_pull_timestamp_home \"HTTP/1.1 200 OK\"", "container": "prefect-worker"}
{"ts": "2026-08-11T20:15:00.105Z", "level": "INFO", "service": "worker", "logger": "prefect.task_runs", "msg": "Finished in state Completed()", "task_run_id": "019ff276-cdf2-7e3f-85e8-d87665d4c8d2", "flow_run_id": "019ff0ce-34cd-7006-8cd7-52f270e157d7", "task_run_name": "resolve_window-e9d", "task_name": "resolve_window", "flow_run_name": "glaring-tarsier", "flow_name": "smarthub-data-pull", "container": "prefect-worker"}
{"ts": "2026-08-11T20:15:00.105Z", "level": "INFO", "service": "worker", "logger": "prefect.flow_runs", "msg": "[home] pulling window 2026-08-11 15:14:28 -> 2026-08-11 20:15:00", "flow_run_name": "glaring-tarsier", "flow_run_id": "019ff0ce-34cd-7006-8cd7-52f270e157d7", "flow_name": "smarthub-data-pull", "deployment_name": "data-pull", "container": "prefect-worker"}
{"ts": "2026-08-11T20:15:00.110Z", "level": "INFO", "service": "worker", "logger": "httpx", "msg": "HTTP Request: GET http://prefect-server:4200/api/work_queues/32c7c4c1-2900-49ee-9a5d-6d3163577ef9 \"HTTP/1.1 200 OK\"", "container": "prefect-worker"}
{"ts": "2026-08-11T20:15:00.110Z", "level": "INFO", "service": "worker", "logger": "httpx", "msg": "HTTP Request: GET http://prefect-server:4200/api/flows/c49e248a-be9d-43b9-ad26-cff3b7117b11 \"HTTP/1.1 200 OK\"", "container": "prefect-worker"}
{"ts": "2026-08-11T20:15:00.113Z", "level": "INFO", "service": "worker", "logger": "httpx", "msg": "HTTP Request: GET http://prefect-server:4200/api/deployments/15dcce44-4b5f-4048-b854-eeba60c3b514 \"HTTP/1.1 200 OK\"", "container": "prefect-worker"}
{"ts": "2026-08-11T20:15:00.115Z", "level": "INFO", "service": "worker", "logger": "httpx", "msg": "HTTP Request: GET http://prefect-server:4200/api/variables/name/smarthub_last_pull_timestamp_home \"HTTP/1.1 200 OK\"", "container": "prefect-worker"}
{"ts": "2026-08-11T20:15:00.119Z", "level": "INFO", "service": "worker", "logger": "smarthub.data_pull.pull", "msg": "SSH_TUNNEL=false -- connecting directly to Redshift smart-hub.c9m7m7mw0tl8.us-east-1.redshift.amazonaws.com:5439", "container": "prefect-worker"}
{"ts": "2026-08-11T20:15:00.130Z", "level": "INFO", "service": "worker", "logger": "httpx", "msg": "HTTP Request: GET http://prefect-server:4200/api/work_pools/smarthub-pool \"HTTP/1.1 200 OK\"", "container": "prefect-worker"}
{"ts": "2026-08-11T20:15:00.315Z", "level": "INFO", "service": "worker", "logger": "alembic.runtime.plugins", "msg": "setup plugin alembic.autogenerate.schemas", "container": "prefect-worker"}
{"ts": "2026-08-11T20:15:00.316Z", "level": "INFO", "service": "worker", "logger": "alembic.runtime.plugins", "msg": "setup plugin alembic.autogenerate.tables", "container": "prefect-worker"}
{"ts": "2026-08-11T20:15:00.316Z", "level": "INFO", "service": "worker", "logger": "alembic.runtime.plugins", "msg": "setup plugin alembic.autogenerate.types", "container": "prefect-worker"}
{"ts": "2026-08-11T20:15:00.316Z", "level": "INFO", "service": "worker", "logger": "alembic.runtime.plugins", "msg": "setup plugin alembic.autogenerate.constraints", "container": "prefect-worker"}
{"ts": "2026-08-11T20:15:00.316Z", "level": "INFO", "service": "worker", "logger": "alembic.runtime.plugins", "msg": "setup plugin alembic.autogenerate.defaults", "container": "prefect-worker"}
{"ts": "2026-08-11T20:15:00.316Z", "level": "INFO", "service": "worker", "logger": "alembic.runtime.plugins", "msg": "setup plugin alembic.autogenerate.comments", "container": "prefect-worker"}
{"ts": "2026-08-11T20:15:00.784Z", "level": "INFO", "service": "worker", "logger": "smarthub.data_pull.pull", "msg": "Fetched leads frame with shape (2493, 57)", "container": "prefect-worker"}
{"ts": "2026-08-11T20:15:00.786Z", "level": "INFO", "service": "worker", "logger": "prefect.task_runs", "msg": "Finished in state Completed()", "task_run_id": "019ff276-ce14-7269-9b61-e8348a8c588e", "flow_run_id": "019ff0ce-34cd-7006-8cd7-52f270e157d7", "task_run_name": "fetch-0b0", "task_name": "fetch", "flow_run_name": "glaring-tarsier", "flow_name": "smarthub-data-pull", "container": "prefect-worker"}
{"ts": "2026-08-11T20:15:00.967Z", "level": "INFO", "service": "worker", "logger": "prefect.task_runs", "msg": "data-quality: rows=2,493, status=issues flagged, rule_violation_rows=4,997, cross_field={'current_carrier_when_not_insured': 2229}, high_missing=['accepted', 'accepted_listings', 'annual_revenue', 'erred', 'error_reason_id', 'health_conditions', 'household_income', 'lead_created_at', 'life_coverage_amount', 'life_coverage_type', 'naics_code', 'num_dependents', 'num_employees', 'num_home_claims', 'pnc_bundle', 'rev', 'sic_code', 'won']", "task_run_id": "019ff276-d0b2-71ba-adc4-2374b2178252", "flow_run_id": "019ff0ce-34cd-7006-8cd7-52f270e157d7", "task_run_name": "validate-leads-9ce", "task_name": "validate-leads", "flow_run_name": "glaring-tarsier", "flow_name": "smarthub-data-pull", "container": "prefect-worker"}
{"ts": "2026-08-11T20:15:00.983Z", "level": "INFO", "service": "worker", "logger": "httpx", "msg": "HTTP Request: POST http://prefect-server:4200/api/artifacts/ \"HTTP/1.1 201 Created\"", "container": "prefect-worker"}
{"ts": "2026-08-11T20:15:00.986Z", "level": "INFO", "service": "worker", "logger": "prefect.task_runs", "msg": "Finished in state Completed()", "task_run_id": "019ff276-d0b2-71ba-adc4-2374b2178252", "flow_run_id": "019ff0ce-34cd-7006-8cd7-52f270e157d7", "task_run_name": "validate-leads-9ce", "task_name": "validate-leads", "flow_run_name": "glaring-tarsier", "flow_name": "smarthub-data-pull", "container": "prefect-worker"}
{"ts": "2026-08-11T20:15:01.243Z", "level": "INFO", "service": "worker", "logger": "smarthub.core.storage", "msg": "Parquet partition 11-08-2026.parquet: +2493 rows", "container": "prefect-worker"}
{"ts": "2026-08-11T20:15:01.259Z", "level": "INFO", "service": "worker", "logger": "prefect.task_runs", "msg": "Finished in state Completed()", "task_run_id": "019ff276-d17b-791c-851e-e252b0f18812", "flow_run_id": "019ff0ce-34cd-7006-8cd7-52f270e157d7", "task_run_name": "persist-01a", "task_name": "persist", "flow_run_name": "glaring-tarsier", "flow_name": "smarthub-data-pull", "container": "prefect-worker"}
{"ts": "2026-08-11T20:15:01.299Z", "level": "INFO", "service": "worker", "logger": "httpx", "msg": "HTTP Request: GET http://prefect-server:4200/api/variables/name/smarthub_last_pull_timestamp_home \"HTTP/1.1 200 OK\"", "container": "prefect-worker"}
{"ts": "2026-08-11T20:15:01.354Z", "level": "INFO", "service": "worker", "logger": "httpx", "msg": "HTTP Request: PATCH http://prefect-server:4200/api/variables/name/smarthub_last_pull_timestamp_home \"HTTP/1.1 204 No Content\"", "container": "prefect-worker"}
{"ts": "2026-08-11T20:15:01.358Z", "level": "INFO", "service": "worker", "logger": "httpx", "msg": "HTTP Request: GET http://prefect-server:4200/api/variables/name/smarthub_last_pull_timestamp_home \"HTTP/1.1 200 OK\"", "container": "prefect-worker"}
{"ts": "2026-08-11T20:15:01.359Z", "level": "INFO", "service": "worker", "logger": "prefect.task_runs", "msg": "Finished in state Completed()", "task_run_id": "019ff276-d28c-7472-bd18-c11b89abfdb0", "flow_run_id": "019ff0ce-34cd-7006-8cd7-52f270e157d7", "task_run_name": "update_watermark-cdd", "task_name": "update_watermark", "flow_run_name": "glaring-tarsier", "flow_name": "smarthub-data-pull", "container": "prefect-worker"}
{"ts": "2026-08-11T20:15:01.359Z", "level": "INFO", "service": "worker", "logger": "prefect.flow_runs", "msg": "[home] persisted {'parquet_rows': 2493, 'parquet_paths': ['/app/data/raw_datasets/leads/2026/08/11-08-2026.parquet']}; watermark now 2026-08-11 20:14:25", "flow_run_name": "glaring-tarsier", "flow_run_id": "019ff0ce-34cd-7006-8cd7-52f270e157d7", "flow_name": "smarthub-data-pull", "deployment_name": "data-pull", "container": "prefect-worker"}
{"ts": "2026-08-11T20:15:01.378Z", "level": "INFO", "service": "worker", "logger": "httpx", "msg": "HTTP Request: POST http://prefect-server:4200/api/artifacts/ \"HTTP/1.1 201 Created\"", "container": "prefect-worker"}
{"ts": "2026-08-11T20:15:01.467Z", "level": "INFO", "service": "worker", "logger": "httpx", "msg": "HTTP Request: POST http://prefect-server:4200/api/flow_runs/019ff0ce-34cd-7006-8cd7-52f270e157d7/set_state \"HTTP/1.1 201 Created\"", "container": "prefect-worker"}
{"ts": "2026-08-11T20:15:01.509Z", "level": "INFO", "service": "worker", "logger": "httpx", "msg": "HTTP Request: GET http://prefect-server:4200/api/csrf-token?client=6341b4af-2774-4826-8487-9d7fe2901d4a \"HTTP/1.1 422 Unprocessable Entity\"", "container": "prefect-worker"}
{"ts": "2026-08-11T20:15:01.519Z", "level": "INFO", "service": "worker", "logger": "httpx", "msg": "HTTP Request: POST http://prefect-server:4200/api/logs/ \"HTTP/1.1 201 Created\"", "container": "prefect-worker"}
{"ts": "2026-08-11T20:15:02.256Z", "level": "INFO", "service": "worker", "logger": "prefect.flow_runs", "msg": "Finished in state Completed()", "flow_run_name": "glaring-tarsier", "flow_run_id": "019ff0ce-34cd-7006-8cd7-52f270e157d7", "flow_name": "smarthub-data-pull", "deployment_name": "data-pull", "container": "prefect-worker"}
{"ts": "2026-08-11T20:15:02.265Z", "level": "INFO", "service": "worker", "logger": "httpx", "msg": "HTTP Request: POST http://prefect-server:4200/api/logs/ \"HTTP/1.1 201 Created\"", "container": "prefect-worker"}
{"ts": "2026-08-11T20:15:02.694284071Z", "container": "prefect-worker", "msg": "20:15:02.693 | INFO    | prefect.flow_runs.runner - Process for flow run 'glaring-tarsier' exited cleanly."}
{"ts": "2026-08-11T20:29:56.182179434Z", "container": "prefect-worker", "msg": "20:29:56.181 | INFO    | prefect.flow_runs.worker - Worker 'ProcessWorker c27d727b-2d53-4615-accd-1d47578da3c7' submitting flow run '019ff0ce-34e5-7144-804e-2bda08c5a3fe'"}
{"ts": "2026-08-11T20:29:56.317640071Z", "container": "prefect-worker", "msg": "20:29:56.317 | INFO    | prefect.flow_runs.runner - Starting flow run process..."}
{"ts": "2026-08-11T20:29:56.341831304Z", "container": "prefect-worker", "msg": "20:29:56.341 | INFO    | prefect.flow_runs.worker - Flow run 'chirpy-aardwolf' submitted to infrastructure"}
{"ts": "2026-08-11T20:29:57.532605897Z", "container": "prefect-worker", "msg": "20:29:57.526 | INFO    | Flow run 'chirpy-aardwolf' - Running 1 deployment pull step(s)"}
{"ts": "2026-08-11T20:29:57.553112381Z", "container": "prefect-worker", "msg": "20:29:57.552 | INFO    | Flow run 'chirpy-aardwolf' - Executing deployment step: set_working_directory"}
{"ts": "2026-08-11T20:29:57.564412062Z", "container": "prefect-worker", "msg": "20:29:57.563 | INFO    | Flow run 'chirpy-aardwolf' - Deployment step 'set_working_directory' completed successfully"}
{"ts": "2026-08-11T20:29:57.578586586Z", "container": "prefect-worker", "msg": "20:29:57.577 | INFO    | Flow run 'chirpy-aardwolf' - All deployment steps completed successfully"}
{"ts": "2026-08-11T20:29:57.660Z", "level": "INFO", "service": "worker", "logger": "httpx", "msg": "HTTP Request: GET http://prefect-server:4200/api/admin/version \"HTTP/1.1 200 OK\"", "container": "prefect-worker"}
{"ts": "2026-08-11T20:29:57.674Z", "level": "INFO", "service": "worker", "logger": "httpx", "msg": "HTTP Request: GET http://prefect-server:4200/api/csrf-token?client=dfc33cc9-38d9-494f-b0bc-01e816ec67e4 \"HTTP/1.1 422 Unprocessable Entity\"", "container": "prefect-worker"}
{"ts": "2026-08-11T20:29:57.699Z", "level": "INFO", "service": "worker", "logger": "httpx", "msg": "HTTP Request: PATCH http://prefect-server:4200/api/flow_runs/019ff0ce-34e5-7144-804e-2bda08c5a3fe \"HTTP/1.1 204 No Content\"", "container": "prefect-worker"}
{"ts": "2026-08-11T20:29:57.719Z", "level": "INFO", "service": "worker", "logger": "httpx", "msg": "HTTP Request: GET http://prefect-server:4200/api/flow_runs/019ff0ce-34e5-7144-804e-2bda08c5a3fe \"HTTP/1.1 200 OK\"", "container": "prefect-worker"}
{"ts": "2026-08-11T20:29:57.732Z", "level": "INFO", "service": "worker", "logger": "httpx", "msg": "HTTP Request: POST http://prefect-server:4200/api/flow_runs/019ff0ce-34e5-7144-804e-2bda08c5a3fe/set_state \"HTTP/1.1 200 OK\"", "container": "prefect-worker"}
{"ts": "2026-08-11T20:29:59.538Z", "level": "INFO", "service": "worker", "logger": "httpx", "msg": "HTTP Request: GET http://prefect-server:4200/api/csrf-token?client=3b21b58f-6621-4ba1-872f-2d2e1312b165 \"HTTP/1.1 422 Unprocessable Entity\"", "container": "prefect-worker"}
{"ts": "2026-08-11T20:29:59.546Z", "level": "INFO", "service": "worker", "logger": "httpx", "msg": "HTTP Request: POST http://prefect-server:4200/api/logs/ \"HTTP/1.1 201 Created\"", "container": "prefect-worker"}
{"ts": "2026-08-11T20:29:59.746Z", "level": "INFO", "service": "worker", "logger": "httpx", "msg": "HTTP Request: POST http://prefect-server:4200/api/flow_runs/019ff0ce-34e5-7144-804e-2bda08c5a3fe/set_state \"HTTP/1.1 201 Created\"", "container": "prefect-worker"}
{"ts": "2026-08-11T20:29:59.751Z", "level": "INFO", "service": "worker", "logger": "httpx", "msg": "HTTP Request: GET http://prefect-server:4200/api/flow_runs/019ff0ce-34e5-7144-804e-2bda08c5a3fe \"HTTP/1.1 200 OK\"", "container": "prefect-worker"}
{"ts": "2026-08-11T20:29:59.755Z", "level": "INFO", "service": "worker", "logger": "httpx", "msg": "HTTP Request: GET http://prefect-server:4200/api/admin/storage \"HTTP/1.1 200 OK\"", "container": "prefect-worker"}
{"ts": "2026-08-11T20:29:59.759Z", "level": "INFO", "service": "worker", "logger": "httpx", "msg": "HTTP Request: GET http://prefect-server:4200/api/admin/storage \"HTTP/1.1 200 OK\"", "container": "prefect-worker"}
{"ts": "2026-08-11T20:29:59.759Z", "level": "INFO", "service": "worker", "logger": "prefect.flow_runs", "msg": "Beginning flow run 'chirpy-aardwolf' for flow 'smarthub-build-features'", "flow_run_name": "chirpy-aardwolf", "flow_run_id": "019ff0ce-34e5-7144-804e-2bda08c5a3fe", "flow_name": "smarthub-build-features", "deployment_name": "build-features", "container": "prefect-worker"}
{"ts": "2026-08-11T20:29:59.759Z", "level": "INFO", "service": "worker", "logger": "prefect.flow_runs", "msg": "View at http://prefect-server:4200/runs/flow-run/019ff0ce-34e5-7144-804e-2bda08c5a3fe", "flow_run_name": "chirpy-aardwolf", "flow_run_id": "019ff0ce-34e5-7144-804e-2bda08c5a3fe", "flow_name": "smarthub-build-features", "deployment_name": "build-features", "send_to_api": false, "container": "prefect-worker"}
{"ts": "2026-08-11T20:29:59.855Z", "level": "INFO", "service": "worker", "logger": "httpx", "msg": "HTTP Request: GET http://prefect-server:4200/api/flows/ed336d12-897f-42a6-bdf9-d48b8de86b57 \"HTTP/1.1 200 OK\"", "container": "prefect-worker"}
{"ts": "2026-08-11T20:29:59.856Z", "level": "INFO", "service": "worker", "logger": "httpx", "msg": "HTTP Request: GET http://prefect-server:4200/api/work_queues/109a2d50-2dca-4233-a9a5-9ec78fefd79f \"HTTP/1.1 200 OK\"", "container": "prefect-worker"}
{"ts": "2026-08-11T20:29:59.856Z", "level": "INFO", "service": "worker", "logger": "httpx", "msg": "HTTP Request: GET http://prefect-server:4200/api/deployments/8d536def-a82a-4c94-941b-14c2c0468511 \"HTTP/1.1 200 OK\"", "container": "prefect-worker"}
{"ts": "2026-08-11T20:29:59.857Z", "level": "INFO", "service": "worker", "logger": "httpx", "msg": "HTTP Request: GET http://prefect-server:4200/api/work_pools/smarthub-pool \"HTTP/1.1 200 OK\"", "container": "prefect-worker"}
{"ts": "2026-08-11T20:30:01.558Z", "level": "INFO", "service": "worker", "logger": "httpx", "msg": "HTTP Request: POST http://prefect-server:4200/api/logs/ \"HTTP/1.1 201 Created\"", "container": "prefect-worker"}
{"ts": "2026-08-11T20:30:08.277Z", "level": "INFO", "service": "worker", "logger": "prefect.task_runs", "msg": "[auto] training table 2026-08-11T203007Z: 462793 rows, 40 cols -> /app/data/training_datasets/auto/2026-08-11T203007Z.parquet", "task_run_id": "019ff284-8863-711c-ba51-51683f480fd7", "flow_run_id": "019ff0ce-34e5-7144-804e-2bda08c5a3fe", "task_run_name": "build-training-table-6a7", "task_name": "build-training-table", "flow_run_name": "chirpy-aardwolf", "flow_name": "smarthub-build-features", "container": "prefect-worker"}
{"ts": "2026-08-11T20:30:08.387Z", "level": "INFO", "service": "worker", "logger": "prefect.task_runs", "msg": "Finished in state Completed()", "task_run_id": "019ff284-8863-711c-ba51-51683f480fd7", "flow_run_id": "019ff0ce-34e5-7144-804e-2bda08c5a3fe", "task_run_name": "build-training-table-6a7", "task_name": "build-training-table", "flow_run_name": "chirpy-aardwolf", "flow_name": "smarthub-build-features", "container": "prefect-worker"}
{"ts": "2026-08-11T20:30:08.409Z", "level": "INFO", "service": "worker", "logger": "httpx", "msg": "HTTP Request: POST http://prefect-server:4200/api/artifacts/ \"HTTP/1.1 201 Created\"", "container": "prefect-worker"}
{"ts": "2026-08-11T20:30:08.579Z", "level": "INFO", "service": "worker", "logger": "httpx", "msg": "HTTP Request: POST http://prefect-server:4200/api/flow_runs/019ff0ce-34e5-7144-804e-2bda08c5a3fe/set_state \"HTTP/1.1 201 Created\"", "container": "prefect-worker"}
{"ts": "2026-08-11T20:30:09.389Z", "level": "INFO", "service": "worker", "logger": "prefect.flow_runs", "msg": "Finished in state Completed()", "flow_run_name": "chirpy-aardwolf", "flow_run_id": "019ff0ce-34e5-7144-804e-2bda08c5a3fe", "flow_name": "smarthub-build-features", "deployment_name": "build-features", "container": "prefect-worker"}
{"ts": "2026-08-11T20:30:09.399Z", "level": "INFO", "service": "worker", "logger": "httpx", "msg": "HTTP Request: POST http://prefect-server:4200/api/logs/ \"HTTP/1.1 201 Created\"", "container": "prefect-worker"}
{"ts": "2026-08-11T20:30:09.713341006Z", "container": "prefect-worker", "msg": "20:30:09.712 | INFO    | prefect.flow_runs.runner - Process for flow run 'chirpy-aardwolf' exited cleanly."}
{"ts": "2026-08-11T20:44:55.279999096Z", "container": "prefect-worker", "msg": "20:44:55.279 | INFO    | prefect.flow_runs.worker - Worker 'ProcessWorker c27d727b-2d53-4615-accd-1d47578da3c7' submitting flow run '019ff0ce-34e5-7856-94fe-55c832114f8f'"}
{"ts": "2026-08-11T20:44:55.428022505Z", "container": "prefect-worker", "msg": "20:44:55.427 | INFO    | prefect.flow_runs.runner - Starting flow run process..."}
{"ts": "2026-08-11T20:44:55.452489052Z", "container": "prefect-worker", "msg": "20:44:55.451 | INFO    | prefect.flow_runs.worker - Flow run 'ginger-rabbit' submitted to infrastructure"}
{"ts": "2026-08-11T20:44:56.648325663Z", "container": "prefect-worker", "msg": "20:44:56.642 | INFO    | Flow run 'ginger-rabbit' - Running 1 deployment pull step(s)"}
{"ts": "2026-08-11T20:44:56.669736185Z", "container": "prefect-worker", "msg": "20:44:56.668 | INFO    | Flow run 'ginger-rabbit' - Executing deployment step: set_working_directory"}
{"ts": "2026-08-11T20:44:56.681371489Z", "container": "prefect-worker", "msg": "20:44:56.680 | INFO    | Flow run 'ginger-rabbit' - Deployment step 'set_working_directory' completed successfully"}
{"ts": "2026-08-11T20:44:56.695927146Z", "container": "prefect-worker", "msg": "20:44:56.695 | INFO    | Flow run 'ginger-rabbit' - All deployment steps completed successfully"}
{"ts": "2026-08-11T20:44:56.777Z", "level": "INFO", "service": "worker", "logger": "httpx", "msg": "HTTP Request: GET http://prefect-server:4200/api/admin/version \"HTTP/1.1 200 OK\"", "container": "prefect-worker"}
{"ts": "2026-08-11T20:44:56.781Z", "level": "INFO", "service": "worker", "logger": "httpx", "msg": "HTTP Request: GET http://prefect-server:4200/api/csrf-token?client=2099f134-390e-4d6c-92b1-b33522ab8417 \"HTTP/1.1 422 Unprocessable Entity\"", "container": "prefect-worker"}
{"ts": "2026-08-11T20:44:56.786Z", "level": "INFO", "service": "worker", "logger": "httpx", "msg": "HTTP Request: PATCH http://prefect-server:4200/api/flow_runs/019ff0ce-34e5-7856-94fe-55c832114f8f \"HTTP/1.1 204 No Content\"", "container": "prefect-worker"}
{"ts": "2026-08-11T20:44:56.805Z", "level": "INFO", "service": "worker", "logger": "httpx", "msg": "HTTP Request: GET http://prefect-server:4200/api/flow_runs/019ff0ce-34e5-7856-94fe-55c832114f8f \"HTTP/1.1 200 OK\"", "container": "prefect-worker"}
{"ts": "2026-08-11T20:44:56.817Z", "level": "INFO", "service": "worker", "logger": "httpx", "msg": "HTTP Request: POST http://prefect-server:4200/api/flow_runs/019ff0ce-34e5-7856-94fe-55c832114f8f/set_state \"HTTP/1.1 200 OK\"", "container": "prefect-worker"}
{"ts": "2026-08-11T20:44:58.654Z", "level": "INFO", "service": "worker", "logger": "httpx", "msg": "HTTP Request: GET http://prefect-server:4200/api/csrf-token?client=ab28e254-2488-439d-a195-960de58404c5 \"HTTP/1.1 422 Unprocessable Entity\"", "container": "prefect-worker"}
{"ts": "2026-08-11T20:44:58.662Z", "level": "INFO", "service": "worker", "logger": "httpx", "msg": "HTTP Request: POST http://prefect-server:4200/api/logs/ \"HTTP/1.1 201 Created\"", "container": "prefect-worker"}
{"ts": "2026-08-11T20:44:59.833Z", "level": "INFO", "service": "worker", "logger": "httpx", "msg": "HTTP Request: POST http://prefect-server:4200/api/flow_runs/019ff0ce-34e5-7856-94fe-55c832114f8f/set_state \"HTTP/1.1 201 Created\"", "container": "prefect-worker"}
{"ts": "2026-08-11T20:44:59.840Z", "level": "INFO", "service": "worker", "logger": "httpx", "msg": "HTTP Request: GET http://prefect-server:4200/api/flow_runs/019ff0ce-34e5-7856-94fe-55c832114f8f \"HTTP/1.1 200 OK\"", "container": "prefect-worker"}
{"ts": "2026-08-11T20:44:59.844Z", "level": "INFO", "service": "worker", "logger": "httpx", "msg": "HTTP Request: GET http://prefect-server:4200/api/admin/storage \"HTTP/1.1 200 OK\"", "container": "prefect-worker"}
{"ts": "2026-08-11T20:44:59.848Z", "level": "INFO", "service": "worker", "logger": "httpx", "msg": "HTTP Request: GET http://prefect-server:4200/api/admin/storage \"HTTP/1.1 200 OK\"", "container": "prefect-worker"}
{"ts": "2026-08-11T20:44:59.848Z", "level": "INFO", "service": "worker", "logger": "prefect.flow_runs", "msg": "Beginning flow run 'ginger-rabbit' for flow 'smarthub-build-features'", "flow_run_name": "ginger-rabbit", "flow_run_id": "019ff0ce-34e5-7856-94fe-55c832114f8f", "flow_name": "smarthub-build-features", "deployment_name": "build-features", "container": "prefect-worker"}
{"ts": "2026-08-11T20:44:59.848Z", "level": "INFO", "service": "worker", "logger": "prefect.flow_runs", "msg": "View at http://prefect-server:4200/runs/flow-run/019ff0ce-34e5-7856-94fe-55c832114f8f", "flow_run_name": "ginger-rabbit", "flow_run_id": "019ff0ce-34e5-7856-94fe-55c832114f8f", "flow_name": "smarthub-build-features", "deployment_name": "build-features", "send_to_api": false, "container": "prefect-worker"}
{"ts": "2026-08-11T20:44:59.939Z", "level": "INFO", "service": "worker", "logger": "httpx", "msg": "HTTP Request: GET http://prefect-server:4200/api/flows/ed336d12-897f-42a6-bdf9-d48b8de86b57 \"HTTP/1.1 200 OK\"", "container": "prefect-worker"}
{"ts": "2026-08-11T20:44:59.939Z", "level": "INFO", "service": "worker", "logger": "httpx", "msg": "HTTP Request: GET http://prefect-server:4200/api/work_queues/109a2d50-2dca-4233-a9a5-9ec78fefd79f \"HTTP/1.1 200 OK\"", "container": "prefect-worker"}
{"ts": "2026-08-11T20:44:59.940Z", "level": "INFO", "service": "worker", "logger": "httpx", "msg": "HTTP Request: GET http://prefect-server:4200/api/deployments/8d536def-a82a-4c94-941b-14c2c0468511 \"HTTP/1.1 200 OK\"", "container": "prefect-worker"}
{"ts": "2026-08-11T20:44:59.940Z", "level": "INFO", "service": "worker", "logger": "httpx", "msg": "HTTP Request: GET http://prefect-server:4200/api/work_pools/smarthub-pool \"HTTP/1.1 200 OK\"", "container": "prefect-worker"}
{"ts": "2026-08-11T20:45:00.692Z", "level": "INFO", "service": "worker", "logger": "httpx", "msg": "HTTP Request: POST http://prefect-server:4200/api/logs/ \"HTTP/1.1 201 Created\"", "container": "prefect-worker"}
{"ts": "2026-08-11T20:45:04.663Z", "level": "INFO", "service": "worker", "logger": "prefect.task_runs", "msg": "[home] training table 2026-08-11T204504Z: 168 rows, 34 cols -> /app/data/training_datasets/home/2026-08-11T204504Z.parquet", "task_run_id": "019ff292-445c-7e8a-a79a-8f6297256414", "flow_run_id": "019ff0ce-34e5-7856-94fe-55c832114f8f", "task_run_name": "build-training-table-cbb", "task_name": "build-training-table", "flow_run_name": "ginger-rabbit", "flow_name": "smarthub-build-features", "container": "prefect-worker"}
{"ts": "2026-08-11T20:45:04.806Z", "level": "INFO", "service": "worker", "logger": "prefect.task_runs", "msg": "Finished in state Completed()", "task_run_id": "019ff292-445c-7e8a-a79a-8f6297256414", "flow_run_id": "019ff0ce-34e5-7856-94fe-55c832114f8f", "task_run_name": "build-training-table-cbb", "task_name": "build-training-table", "flow_run_name": "ginger-rabbit", "flow_name": "smarthub-build-features", "container": "prefect-worker"}
{"ts": "2026-08-11T20:45:04.813Z", "level": "INFO", "service": "worker", "logger": "httpx", "msg": "HTTP Request: POST http://prefect-server:4200/api/logs/ \"HTTP/1.1 201 Created\"", "container": "prefect-worker"}
{"ts": "2026-08-11T20:45:04.824Z", "level": "INFO", "service": "worker", "logger": "httpx", "msg": "HTTP Request: POST http://prefect-server:4200/api/artifacts/ \"HTTP/1.1 201 Created\"", "container": "prefect-worker"}
{"ts": "2026-08-11T20:45:05.778Z", "level": "INFO", "service": "worker", "logger": "httpx", "msg": "HTTP Request: POST http://prefect-server:4200/api/flow_runs/019ff0ce-34e5-7856-94fe-55c832114f8f/set_state \"HTTP/1.1 201 Created\"", "container": "prefect-worker"}
{"ts": "2026-08-11T20:45:06.809Z", "level": "INFO", "service": "worker", "logger": "prefect.flow_runs", "msg": "Finished in state Completed()", "flow_run_name": "ginger-rabbit", "flow_run_id": "019ff0ce-34e5-7856-94fe-55c832114f8f", "flow_name": "smarthub-build-features", "deployment_name": "build-features", "container": "prefect-worker"}
{"ts": "2026-08-11T20:45:06.818Z", "level": "INFO", "service": "worker", "logger": "httpx", "msg": "HTTP Request: POST http://prefect-server:4200/api/logs/ \"HTTP/1.1 201 Created\"", "container": "prefect-worker"}
{"ts": "2026-08-11T20:45:07.111871552Z", "container": "prefect-worker", "msg": "20:45:07.111 | INFO    | prefect.flow_runs.runner - Process for flow run 'ginger-rabbit' exited cleanly."}
{"ts": "2026-08-11T23:59:53.161821356Z", "container": "prefect-worker", "msg": "23:59:53.161 | INFO    | prefect.flow_runs.worker - Worker 'ProcessWorker c27d727b-2d53-4615-accd-1d47578da3c7' submitting flow run '019ff0ce-34cd-78aa-a34a-11ccbce6c06e'"}
{"ts": "2026-08-11T23:59:53.308144270Z", "container": "prefect-worker", "msg": "23:59:53.307 | INFO    | prefect.flow_runs.runner - Starting flow run process..."}
{"ts": "2026-08-11T23:59:53.333235641Z", "container": "prefect-worker", "msg": "23:59:53.332 | INFO    | prefect.flow_runs.worker - Flow run 'strict-wildebeest' submitted to infrastructure"}
{"ts": "2026-08-11T23:59:54.516792721Z", "container": "prefect-worker", "msg": "23:59:54.511 | INFO    | Flow run 'strict-wildebeest' - Running 1 deployment pull step(s)"}
{"ts": "2026-08-11T23:59:54.536985113Z", "container": "prefect-worker", "msg": "23:59:54.536 | INFO    | Flow run 'strict-wildebeest' - Executing deployment step: set_working_directory"}
{"ts": "2026-08-11T23:59:54.548261703Z", "container": "prefect-worker", "msg": "23:59:54.547 | INFO    | Flow run 'strict-wildebeest' - Deployment step 'set_working_directory' completed successfully"}
{"ts": "2026-08-11T23:59:54.562022664Z", "container": "prefect-worker", "msg": "23:59:54.561 | INFO    | Flow run 'strict-wildebeest' - All deployment steps completed successfully"}
{"ts": "2026-08-11T23:59:54.993Z", "level": "INFO", "service": "worker", "logger": "httpx", "msg": "HTTP Request: GET http://prefect-server:4200/api/admin/version \"HTTP/1.1 200 OK\"", "container": "prefect-worker"}
{"ts": "2026-08-11T23:59:54.997Z", "level": "INFO", "service": "worker", "logger": "httpx", "msg": "HTTP Request: GET http://prefect-server:4200/api/csrf-token?client=8eed1329-af59-49c7-9813-a50f82c4f716 \"HTTP/1.1 422 Unprocessable Entity\"", "container": "prefect-worker"}
{"ts": "2026-08-11T23:59:55.002Z", "level": "INFO", "service": "worker", "logger": "httpx", "msg": "HTTP Request: PATCH http://prefect-server:4200/api/flow_runs/019ff0ce-34cd-78aa-a34a-11ccbce6c06e \"HTTP/1.1 204 No Content\"", "container": "prefect-worker"}
{"ts": "2026-08-11T23:59:55.020Z", "level": "INFO", "service": "worker", "logger": "httpx", "msg": "HTTP Request: GET http://prefect-server:4200/api/flow_runs/019ff0ce-34cd-78aa-a34a-11ccbce6c06e \"HTTP/1.1 200 OK\"", "container": "prefect-worker"}
{"ts": "2026-08-11T23:59:55.032Z", "level": "INFO", "service": "worker", "logger": "httpx", "msg": "HTTP Request: POST http://prefect-server:4200/api/flow_runs/019ff0ce-34cd-78aa-a34a-11ccbce6c06e/set_state \"HTTP/1.1 200 OK\"", "container": "prefect-worker"}
{"ts": "2026-08-11T23:59:56.523Z", "level": "INFO", "service": "worker", "logger": "httpx", "msg": "HTTP Request: GET http://prefect-server:4200/api/csrf-token?client=f7901972-98e9-4916-ad26-baa6429cba9a \"HTTP/1.1 422 Unprocessable Entity\"", "container": "prefect-worker"}
{"ts": "2026-08-11T23:59:56.529Z", "level": "INFO", "service": "worker", "logger": "httpx", "msg": "HTTP Request: POST http://prefect-server:4200/api/logs/ \"HTTP/1.1 201 Created\"", "container": "prefect-worker"}
