{"ts": "2026-08-17T00:00:00.013442476Z", "container": "prefect-worker", "msg": "2026-08-17 00:00:00 | INFO  | _client.py:_send_single_request:1025 | HTTP Request: POST http://prefect-server:4200/api/flow_runs/01a00a71-b63e-71d5-b008-bc7ae4e7f810/set_state \"HTTP/1.1 201 Created\""}
{"ts": "2026-08-17T00:00:00.019478151Z", "container": "prefect-worker", "msg": "2026-08-17 00:00:00 | INFO  | _client.py:_send_single_request:1025 | HTTP Request: GET http://prefect-server:4200/api/flow_runs/01a00a71-b63e-71d5-b008-bc7ae4e7f810 \"HTTP/1.1 200 OK\""}
{"ts": "2026-08-17T00:00:00.024071264Z", "container": "prefect-worker", "msg": "2026-08-17 00:00:00 | INFO  | _client.py:_send_single_request:1025 | HTTP Request: GET http://prefect-server:4200/api/admin/storage \"HTTP/1.1 200 OK\""}
{"ts": "2026-08-17T00:00:00.027083751Z", "container": "prefect-worker", "msg": "2026-08-17 00:00:00 | INFO  | _client.py:_send_single_request:1025 | HTTP Request: GET http://prefect-server:4200/api/admin/storage \"HTTP/1.1 200 OK\""}
{"ts": "2026-08-17T00:00:00.027648966Z", "container": "prefect-worker", "msg": "2026-08-17 00:00:00 | INFO  | flow_engine.py:setup_run_context:1133 | Beginning flow run 'analytic-grasshopper' for flow 'smarthub-data-pull'"}
{"ts": "2026-08-17T00:00:00.028019280Z", "container": "prefect-worker", "msg": "2026-08-17 00:00:00 | INFO  | flow_engine.py:setup_run_context:1138 | View at http://prefect-server:4200/runs/flow-run/01a00a71-b63e-71d5-b008-bc7ae4e7f810"}
{"ts": "2026-08-17T00:00:00.053576333Z", "container": "prefect-worker", "msg": "2026-08-17 00:00:00 | INFO  | _client.py:_send_single_request:1740 | HTTP Request: GET http://prefect-server:4200/api/flows/c49e248a-be9d-43b9-ad26-cff3b7117b11 \"HTTP/1.1 200 OK\""}
{"ts": "2026-08-17T00:00:00.063543245Z", "container": "prefect-worker", "msg": "2026-08-17 00:00:00 | INFO  | _client.py:_send_single_request:1740 | HTTP Request: GET http://prefect-server:4200/api/work_queues/32c7c4c1-2900-49ee-9a5d-6d3163577ef9 \"HTTP/1.1 200 OK\""}
{"ts": "2026-08-17T00:00:00.073359204Z", "container": "prefect-worker", "msg": "2026-08-17 00:00:00 | INFO  | _client.py:_send_single_request:1025 | HTTP Request: GET http://prefect-server:4200/api/variables/name/smarthub_last_pull_timestamp_auto \"HTTP/1.1 200 OK\""}
{"ts": "2026-08-17T00:00:00.076264331Z", "container": "prefect-worker", "msg": "2026-08-17 00:00:00 | INFO  | task_engine.py:log_finished_message:410 | Finished in state Completed()"}
{"ts": "2026-08-17T00:00:00.076863946Z", "container": "prefect-worker", "msg": "2026-08-17 00:00:00 | INFO  | flow.py:data_pull_flow:246 | [auto] pulling window 2026-08-16 18:59:35 -> 2026-08-17 00:00:00"}
{"ts": "2026-08-17T00:00:00.077160009Z", "container": "prefect-worker", "msg": "2026-08-17 00:00:00 | INFO  | _client.py:_send_single_request:1740 | HTTP Request: GET http://prefect-server:4200/api/deployments/15dcce44-4b5f-4048-b854-eeba60c3b514 \"HTTP/1.1 200 OK\""}
{"ts": "2026-08-17T00:00:00.095518897Z", "container": "prefect-worker", "msg": "2026-08-17 00:00:00 | INFO  | _client.py:_send_single_request:1025 | HTTP Request: GET http://prefect-server:4200/api/variables/name/smarthub_last_pull_timestamp_auto \"HTTP/1.1 200 OK\""}
{"ts": "2026-08-17T00:00:00.100021938Z", "container": "prefect-worker", "msg": "2026-08-17 00:00:00 | INFO  | pull.py:fetch_leads:134 | SSH_TUNNEL=false -- connecting directly to Redshift smart-hub.c9m7m7mw0tl8.us-east-1.redshift.amazonaws.com:5439"}
{"ts": "2026-08-17T00:00:00.112787775Z", "container": "prefect-worker", "msg": "2026-08-17 00:00:00 | INFO  | _client.py:_send_single_request:1740 | HTTP Request: GET http://prefect-server:4200/api/work_pools/smarthub-pool \"HTTP/1.1 200 OK\""}
{"ts": "2026-08-17T00:00:00.317393816Z", "container": "prefect-worker", "msg": "2026-08-17 00:00:00 | INFO  | plugins.py:__init__:37 | setup plugin alembic.autogenerate.schemas"}
{"ts": "2026-08-17T00:00:00.317544737Z", "container": "prefect-worker", "msg": "2026-08-17 00:00:00 | INFO  | plugins.py:__init__:37 | setup plugin alembic.autogenerate.tables"}
{"ts": "2026-08-17T00:00:00.317558457Z", "container": "prefect-worker", "msg": "2026-08-17 00:00:00 | INFO  | plugins.py:__init__:37 | setup plugin alembic.autogenerate.types"}
{"ts": "2026-08-17T00:00:00.317562657Z", "container": "prefect-worker", "msg": "2026-08-17 00:00:00 | INFO  | plugins.py:__init__:37 | setup plugin alembic.autogenerate.constraints"}
{"ts": "2026-08-17T00:00:00.317786529Z", "container": "prefect-worker", "msg": "2026-08-17 00:00:00 | INFO  | plugins.py:__init__:37 | setup plugin alembic.autogenerate.defaults"}
{"ts": "2026-08-17T00:00:00.317792889Z", "container": "prefect-worker", "msg": "2026-08-17 00:00:00 | INFO  | plugins.py:__init__:37 | setup plugin alembic.autogenerate.comments"}
{"ts": "2026-08-17T00:00:01.032477604Z", "container": "prefect-worker", "msg": "2026-08-17 00:00:01 | INFO  | pull.py:fetch_leads:154 | Fetched leads frame with shape (9424, 57)"}
{"ts": "2026-08-17T00:00:01.033709276Z", "container": "prefect-worker", "msg": "2026-08-17 00:00:01 | INFO  | task_engine.py:log_finished_message:410 | Finished in state Completed()"}
{"ts": "2026-08-17T00:00:01.322791059Z", "container": "prefect-worker", "msg": "2026-08-17 00:00:01 | INFO  | validation_report.py:log_summary:165 | data-quality: rows=9,424, status=issues flagged, rule_violation_rows=18,849, cross_field={'current_carrier_when_not_insured': 7837}, high_missing=['accepted', 'accepted_listings', 'annual_revenue', 'erred', 'error_reason_id', 'expected_revenue', 'health_conditions', 'household_income', 'lead_created_at', 'life_coverage_amount', 'life_coverage_type', 'naics_code', 'num_dependents', 'num_employees', 'num_selected_listings', 'pnc_bundle', 'realized_payout', 'rev', 'sic_code', 'won']"}
{"ts": "2026-08-17T00:00:01.339193909Z", "container": "prefect-worker", "msg": "2026-08-17 00:00:01 | INFO  | _client.py:_send_single_request:1025 | HTTP Request: POST http://prefect-server:4200/api/artifacts/ \"HTTP/1.1 201 Created\""}
{"ts": "2026-08-17T00:00:01.342368578Z", "container": "prefect-worker", "msg": "2026-08-17 00:00:01 | INFO  | task_engine.py:log_finished_message:410 | Finished in state Completed()"}
{"ts": "2026-08-17T00:00:01.505432859Z", "container": "prefect-worker", "msg": "2026-08-17 00:00:01 | INFO  | _client.py:_send_single_request:1740 | HTTP Request: POST http://prefect-server:4200/api/logs/ \"HTTP/1.1 201 Created\""}
{"ts": "2026-08-17T00:00:01.609973935Z", "container": "prefect-worker", "msg": "2026-08-17 00:00:01 | INFO  | storage.py:append_parquet:470 | Parquet partition 16-08-2026.parquet: +9424 rows"}
{"ts": "2026-08-17T00:00:01.637191494Z", "container": "prefect-worker", "msg": "2026-08-17 00:00:01 | INFO  | task_engine.py:log_finished_message:410 | Finished in state Completed()"}
{"ts": "2026-08-17T00:00:01.684716738Z", "container": "prefect-worker", "msg": "2026-08-17 00:00:01 | INFO  | _client.py:_send_single_request:1025 | HTTP Request: GET http://prefect-server:4200/api/variables/name/smarthub_last_pull_timestamp_auto \"HTTP/1.1 200 OK\""}
{"ts": "2026-08-17T00:00:01.693622760Z", "container": "prefect-worker", "msg": "2026-08-17 00:00:01 | INFO  | _client.py:_send_single_request:1025 | HTTP Request: PATCH http://prefect-server:4200/api/variables/name/smarthub_last_pull_timestamp_auto \"HTTP/1.1 204 No Content\""}
{"ts": "2026-08-17T00:00:01.696291375Z", "container": "prefect-worker", "msg": "2026-08-17 00:00:01 | INFO  | _client.py:_send_single_request:1025 | HTTP Request: GET http://prefect-server:4200/api/variables/name/smarthub_last_pull_timestamp_auto \"HTTP/1.1 200 OK\""}
{"ts": "2026-08-17T00:00:01.697699327Z", "container": "prefect-worker", "msg": "2026-08-17 00:00:01 | INFO  | task_engine.py:log_finished_message:410 | Finished in state Completed()"}
{"ts": "2026-08-17T00:00:01.698665896Z", "container": "prefect-worker", "msg": "2026-08-17 00:00:01 | INFO  | flow.py:data_pull_flow:254 | [auto] persisted {'parquet_rows': 9424, 'parquet_paths': ['/app/data/raw_datasets/leads/2026/08/16-08-2026.parquet']}; watermark now 2026-08-16 23:59:48"}
{"ts": "2026-08-17T00:00:01.719623198Z", "container": "prefect-worker", "msg": "2026-08-17 00:00:01 | INFO  | _client.py:_send_single_request:1025 | HTTP Request: POST http://prefect-server:4200/api/artifacts/ \"HTTP/1.1 201 Created\""}
{"ts": "2026-08-17T00:00:01.823584748Z", "container": "prefect-worker", "msg": "2026-08-17 00:00:01 | INFO  | _client.py:_send_single_request:1025 | HTTP Request: POST http://prefect-server:4200/api/flow_runs/01a00a71-b63e-71d5-b008-bc7ae4e7f810/set_state \"HTTP/1.1 201 Created\""}
{"ts": "2026-08-17T00:00:02.053005406Z", "container": "prefect-worker", "msg": "2026-08-17 00:00:02 | INFO  | flow_engine.py:initialize_run:1235 | Finished in state Completed()"}
{"ts": "2026-08-17T00:00:02.062902436Z", "container": "prefect-worker", "msg": "2026-08-17 00:00:02 | INFO  | _client.py:_send_single_request:1740 | HTTP Request: POST http://prefect-server:4200/api/logs/ \"HTTP/1.1 201 Created\""}
{"ts": "2026-08-17T00:00:02.564411878Z", "container": "prefect-worker", "msg": "2026-08-17 00:00:02 | INFO  | runner.py:_submit_run_and_capture_errors:1447 | Process for flow run 'analytic-grasshopper' exited cleanly."}
{"ts": "2026-08-17T00:00:02.574122057Z", "container": "prefect-worker", "msg": "2026-08-17 00:00:02 | INFO  | _client.py:_send_single_request:1740 | HTTP Request: GET http://prefect-server:4200/api/flow_runs/01a00a71-b63e-71d5-b008-bc7ae4e7f810 \"HTTP/1.1 200 OK\""}
{"ts": "2026-08-17T00:00:03.748407045Z", "container": "prefect-worker", "msg": "2026-08-17 00:00:03 | INFO  | _client.py:_send_single_request:1740 | HTTP Request: POST http://prefect-server:4200/api/logs/ \"HTTP/1.1 201 Created\""}
{"ts": "2026-08-17T00:00:07.020988783Z", "container": "prefect-worker", "msg": "2026-08-17 00:00:07 | INFO  | _client.py:_send_single_request:1740 | HTTP Request: POST http://prefect-server:4200/api/work_pools/smarthub-pool/get_scheduled_flow_runs \"HTTP/1.1 200 OK\""}
{"ts": "2026-08-17T00:00:17.983644330Z", "container": "prefect-worker", "msg": "2026-08-17 00:00:17 | INFO  | _client.py:_send_single_request:1740 | HTTP Request: POST http://prefect-server:4200/api/work_pools/smarthub-pool/get_scheduled_flow_runs \"HTTP/1.1 200 OK\""}
{"ts": "2026-08-17T00:00:25.871465169Z", "container": "prefect-worker", "msg": "2026-08-17 00:00:25 | INFO  | _client.py:_send_single_request:1740 | HTTP Request: POST http://prefect-server:4200/api/work_pools/smarthub-pool/get_scheduled_flow_runs \"HTTP/1.1 200 OK\""}
{"ts": "2026-08-17T00:00:34.568507440Z", "container": "prefect-worker", "msg": "2026-08-17 00:00:34 | INFO  | _client.py:_send_single_request:1740 | HTTP Request: POST http://prefect-server:4200/api/work_pools/smarthub-pool/get_scheduled_flow_runs \"HTTP/1.1 200 OK\""}
{"ts": "2026-08-17T00:00:42.748705905Z", "container": "prefect-worker", "msg": "2026-08-17 00:00:42 | INFO  | _client.py:_send_single_request:1740 | HTTP Request: POST http://prefect-server:4200/api/work_pools/smarthub-pool/get_scheduled_flow_runs \"HTTP/1.1 200 OK\""}
{"ts": "2026-08-17T00:00:51.276996717Z", "container": "prefect-worker", "msg": "2026-08-17 00:00:51 | INFO  | _client.py:_send_single_request:1740 | HTTP Request: POST http://prefect-server:4200/api/work_pools/smarthub-pool/get_scheduled_flow_runs \"HTTP/1.1 200 OK\""}
{"ts": "2026-08-17T00:01:01.672535528Z", "container": "prefect-worker", "msg": "2026-08-17 00:01:01 | INFO  | _client.py:_send_single_request:1740 | HTTP Request: POST http://prefect-server:4200/api/work_pools/smarthub-pool/get_scheduled_flow_runs \"HTTP/1.1 200 OK\""}
{"ts": "2026-08-17T00:01:09.828861777Z", "container": "prefect-worker", "msg": "2026-08-17 00:01:09 | INFO  | _client.py:_send_single_request:1740 | HTTP Request: POST http://prefect-server:4200/api/work_pools/smarthub-pool/get_scheduled_flow_runs \"HTTP/1.1 200 OK\""}
{"ts": "2026-08-17T00:01:22.210165084Z", "container": "prefect-worker", "msg": "2026-08-17 00:01:22 | INFO  | _client.py:_send_single_request:1740 | HTTP Request: POST http://prefect-server:4200/api/work_pools/smarthub-pool/get_scheduled_flow_runs \"HTTP/1.1 200 OK\""}
{"ts": "2026-08-17T00:01:33.805864922Z", "container": "prefect-worker", "msg": "2026-08-17 00:01:33 | INFO  | _client.py:_send_single_request:1740 | HTTP Request: POST http://prefect-server:4200/api/work_pools/smarthub-pool/get_scheduled_flow_runs \"HTTP/1.1 200 OK\""}
{"ts": "2026-08-17T00:01:42.622437987Z", "container": "prefect-worker", "msg": "2026-08-17 00:01:42 | INFO  | _client.py:_send_single_request:1740 | HTTP Request: POST http://prefect-server:4200/api/work_pools/smarthub-pool/get_scheduled_flow_runs \"HTTP/1.1 200 OK\""}
{"ts": "2026-08-17T00:01:54.545998109Z", "container": "prefect-worker", "msg": "2026-08-17 00:01:54 | INFO  | _client.py:_send_single_request:1740 | HTTP Request: POST http://prefect-server:4200/api/work_pools/smarthub-pool/get_scheduled_flow_runs \"HTTP/1.1 200 OK\""}
{"ts": "2026-08-17T00:02:04.474540837Z", "container": "prefect-worker", "msg": "2026-08-17 00:02:04 | INFO  | _client.py:_send_single_request:1740 | HTTP Request: POST http://prefect-server:4200/api/work_pools/smarthub-pool/get_scheduled_flow_runs \"HTTP/1.1 200 OK\""}
{"ts": "2026-08-17T00:02:16.077812108Z", "container": "prefect-worker", "msg": "2026-08-17 00:02:16 | INFO  | _client.py:_send_single_request:1740 | HTTP Request: POST http://prefect-server:4200/api/work_pools/smarthub-pool/get_scheduled_flow_runs \"HTTP/1.1 200 OK\""}
{"ts": "2026-08-17T00:02:26.318134151Z", "container": "prefect-worker", "msg": "2026-08-17 00:02:26 | INFO  | _client.py:_send_single_request:1740 | HTTP Request: POST http://prefect-server:4200/api/work_pools/smarthub-pool/get_scheduled_flow_runs \"HTTP/1.1 200 OK\""}
{"ts": "2026-08-17T00:02:37.598321923Z", "container": "prefect-worker", "msg": "2026-08-17 00:02:37 | INFO  | _client.py:_send_single_request:1740 | HTTP Request: POST http://prefect-server:4200/api/work_pools/smarthub-pool/get_scheduled_flow_runs \"HTTP/1.1 200 OK\""}
{"ts": "2026-08-17T00:02:47.946045684Z", "container": "prefect-worker", "msg": "2026-08-17 00:02:47 | INFO  | _client.py:_send_single_request:1740 | HTTP Request: POST http://prefect-server:4200/api/work_pools/smarthub-pool/get_scheduled_flow_runs \"HTTP/1.1 200 OK\""}
{"ts": "2026-08-17T00:02:59.589960586Z", "container": "prefect-worker", "msg": "2026-08-17 00:02:59 | INFO  | _client.py:_send_single_request:1740 | HTTP Request: POST http://prefect-server:4200/api/work_pools/smarthub-pool/get_scheduled_flow_runs \"HTTP/1.1 200 OK\""}
{"ts": "2026-08-17T00:03:11.570406791Z", "container": "prefect-worker", "msg": "2026-08-17 00:03:11 | INFO  | _client.py:_send_single_request:1740 | HTTP Request: POST http://prefect-server:4200/api/work_pools/smarthub-pool/get_scheduled_flow_runs \"HTTP/1.1 200 OK\""}
{"ts": "2026-08-17T00:03:23.687632281Z", "container": "prefect-worker", "msg": "2026-08-17 00:03:23 | INFO  | _client.py:_send_single_request:1740 | HTTP Request: POST http://prefect-server:4200/api/work_pools/smarthub-pool/get_scheduled_flow_runs \"HTTP/1.1 200 OK\""}
{"ts": "2026-08-17T00:03:32.524322834Z", "container": "prefect-worker", "msg": "2026-08-17 00:03:32 | INFO  | _client.py:_send_single_request:1740 | HTTP Request: POST http://prefect-server:4200/api/work_pools/smarthub-pool/get_scheduled_flow_runs \"HTTP/1.1 200 OK\""}
{"ts": "2026-08-17T00:03:40.490225103Z", "container": "prefect-worker", "msg": "2026-08-17 00:03:40 | INFO  | _client.py:_send_single_request:1740 | HTTP Request: POST http://prefect-server:4200/api/work_pools/smarthub-pool/get_scheduled_flow_runs \"HTTP/1.1 200 OK\""}
{"ts": "2026-08-17T00:03:53.152958137Z", "container": "prefect-worker", "msg": "2026-08-17 00:03:53 | INFO  | _client.py:_send_single_request:1740 | HTTP Request: POST http://prefect-server:4200/api/work_pools/smarthub-pool/get_scheduled_flow_runs \"HTTP/1.1 200 OK\""}
{"ts": "2026-08-17T00:04:05.449215115Z", "container": "prefect-worker", "msg": "2026-08-17 00:04:05 | INFO  | _client.py:_send_single_request:1740 | HTTP Request: POST http://prefect-server:4200/api/work_pools/smarthub-pool/get_scheduled_flow_runs \"HTTP/1.1 200 OK\""}
{"ts": "2026-08-17T00:04:18.474486391Z", "container": "prefect-worker", "msg": "2026-08-17 00:04:18 | INFO  | _client.py:_send_single_request:1740 | HTTP Request: POST http://prefect-server:4200/api/work_pools/smarthub-pool/get_scheduled_flow_runs \"HTTP/1.1 200 OK\""}
{"ts": "2026-08-17T00:04:27.449882155Z", "container": "prefect-worker", "msg": "2026-08-17 00:04:27 | INFO  | _client.py:_send_single_request:1740 | HTTP Request: POST http://prefect-server:4200/api/work_pools/smarthub-pool/get_scheduled_flow_runs \"HTTP/1.1 200 OK\""}
{"ts": "2026-08-17T00:04:35.029076723Z", "container": "prefect-worker", "msg": "2026-08-17 00:04:35 | INFO  | _client.py:_send_single_request:1740 | HTTP Request: POST http://prefect-server:4200/api/work_pools/smarthub-pool/get_scheduled_flow_runs \"HTTP/1.1 200 OK\""}
{"ts": "2026-08-17T00:04:47.974066698Z", "container": "prefect-worker", "msg": "2026-08-17 00:04:47 | INFO  | _client.py:_send_single_request:1740 | HTTP Request: POST http://prefect-server:4200/api/work_pools/smarthub-pool/get_scheduled_flow_runs \"HTTP/1.1 200 OK\""}
{"ts": "2026-08-17T00:04:55.599749359Z", "container": "prefect-worker", "msg": "2026-08-17 00:04:55 | INFO  | _client.py:_send_single_request:1740 | HTTP Request: POST http://prefect-server:4200/api/work_pools/smarthub-pool/get_scheduled_flow_runs \"HTTP/1.1 200 OK\""}
{"ts": "2026-08-17T00:05:03.414553884Z", "container": "prefect-worker", "msg": "2026-08-17 00:05:03 | INFO  | _client.py:_send_single_request:1740 | HTTP Request: POST http://prefect-server:4200/api/work_pools/smarthub-pool/get_scheduled_flow_runs \"HTTP/1.1 200 OK\""}
{"ts": "2026-08-17T00:05:14.973820422Z", "container": "prefect-worker", "msg": "2026-08-17 00:05:14 | INFO  | _client.py:_send_single_request:1740 | HTTP Request: POST http://prefect-server:4200/api/work_pools/smarthub-pool/get_scheduled_flow_runs \"HTTP/1.1 200 OK\""}
{"ts": "2026-08-17T00:05:25.589963420Z", "container": "prefect-worker", "msg": "2026-08-17 00:05:25 | INFO  | _client.py:_send_single_request:1740 | HTTP Request: POST http://prefect-server:4200/api/work_pools/smarthub-pool/get_scheduled_flow_runs \"HTTP/1.1 200 OK\""}
{"ts": "2026-08-17T00:05:33.481513647Z", "container": "prefect-worker", "msg": "2026-08-17 00:05:33 | INFO  | _client.py:_send_single_request:1740 | HTTP Request: POST http://prefect-server:4200/api/work_pools/smarthub-pool/get_scheduled_flow_runs \"HTTP/1.1 200 OK\""}
{"ts": "2026-08-17T00:05:42.629583326Z", "container": "prefect-worker", "msg": "2026-08-17 00:05:42 | INFO  | _client.py:_send_single_request:1740 | HTTP Request: POST http://prefect-server:4200/api/work_pools/smarthub-pool/get_scheduled_flow_runs \"HTTP/1.1 200 OK\""}
{"ts": "2026-08-17T00:05:50.689366628Z", "container": "prefect-worker", "msg": "2026-08-17 00:05:50 | INFO  | _client.py:_send_single_request:1740 | HTTP Request: POST http://prefect-server:4200/api/work_pools/smarthub-pool/get_scheduled_flow_runs \"HTTP/1.1 200 OK\""}
{"ts": "2026-08-17T00:06:02.812936708Z", "container": "prefect-worker", "msg": "2026-08-17 00:06:02 | INFO  | _client.py:_send_single_request:1740 | HTTP Request: POST http://prefect-server:4200/api/work_pools/smarthub-pool/get_scheduled_flow_runs \"HTTP/1.1 200 OK\""}
{"ts": "2026-08-17T00:06:13.414109877Z", "container": "prefect-worker", "msg": "2026-08-17 00:06:13 | INFO  | _client.py:_send_single_request:1740 | HTTP Request: POST http://prefect-server:4200/api/work_pools/smarthub-pool/get_scheduled_flow_runs \"HTTP/1.1 200 OK\""}
{"ts": "2026-08-17T00:06:21.984210763Z", "container": "prefect-worker", "msg": "2026-08-17 00:06:21 | INFO  | _client.py:_send_single_request:1740 | HTTP Request: POST http://prefect-server:4200/api/work_pools/smarthub-pool/get_scheduled_flow_runs \"HTTP/1.1 200 OK\""}
{"ts": "2026-08-17T00:06:30.427078111Z", "container": "prefect-worker", "msg": "2026-08-17 00:06:30 | INFO  | _client.py:_send_single_request:1740 | HTTP Request: POST http://prefect-server:4200/api/work_pools/smarthub-pool/get_scheduled_flow_runs \"HTTP/1.1 200 OK\""}
{"ts": "2026-08-17T00:06:41.599221578Z", "container": "prefect-worker", "msg": "2026-08-17 00:06:41 | INFO  | _client.py:_send_single_request:1740 | HTTP Request: POST http://prefect-server:4200/api/work_pools/smarthub-pool/get_scheduled_flow_runs \"HTTP/1.1 200 OK\""}
{"ts": "2026-08-17T00:06:53.736767623Z", "container": "prefect-worker", "msg": "2026-08-17 00:06:53 | INFO  | _client.py:_send_single_request:1740 | HTTP Request: POST http://prefect-server:4200/api/work_pools/smarthub-pool/get_scheduled_flow_runs \"HTTP/1.1 200 OK\""}
{"ts": "2026-08-17T00:07:06.645938378Z", "container": "prefect-worker", "msg": "2026-08-17 00:07:06 | INFO  | _client.py:_send_single_request:1740 | HTTP Request: POST http://prefect-server:4200/api/work_pools/smarthub-pool/get_scheduled_flow_runs \"HTTP/1.1 200 OK\""}
{"ts": "2026-08-17T00:07:14.905480678Z", "container": "prefect-worker", "msg": "2026-08-17 00:07:14 | INFO  | _client.py:_send_single_request:1740 | HTTP Request: POST http://prefect-server:4200/api/work_pools/smarthub-pool/get_scheduled_flow_runs \"HTTP/1.1 200 OK\""}
{"ts": "2026-08-17T00:07:27.750675001Z", "container": "prefect-worker", "msg": "2026-08-17 00:07:27 | INFO  | _client.py:_send_single_request:1740 | HTTP Request: POST http://prefect-server:4200/api/work_pools/smarthub-pool/get_scheduled_flow_runs \"HTTP/1.1 200 OK\""}
{"ts": "2026-08-17T00:07:35.734221350Z", "container": "prefect-worker", "msg": "2026-08-17 00:07:35 | INFO  | _client.py:_send_single_request:1740 | HTTP Request: POST http://prefect-server:4200/api/work_pools/smarthub-pool/get_scheduled_flow_runs \"HTTP/1.1 200 OK\""}
{"ts": "2026-08-17T00:07:44.249873644Z", "container": "prefect-worker", "msg": "2026-08-17 00:07:44 | INFO  | _client.py:_send_single_request:1740 | HTTP Request: POST http://prefect-server:4200/api/work_pools/smarthub-pool/get_scheduled_flow_runs \"HTTP/1.1 200 OK\""}
{"ts": "2026-08-17T00:07:53.610242115Z", "container": "prefect-worker", "msg": "2026-08-17 00:07:53 | INFO  | _client.py:_send_single_request:1740 | HTTP Request: POST http://prefect-server:4200/api/work_pools/smarthub-pool/get_scheduled_flow_runs \"HTTP/1.1 200 OK\""}
{"ts": "2026-08-17T00:08:03.690528367Z", "container": "prefect-worker", "msg": "2026-08-17 00:08:03 | INFO  | _client.py:_send_single_request:1740 | HTTP Request: POST http://prefect-server:4200/api/work_pools/smarthub-pool/get_scheduled_flow_runs \"HTTP/1.1 200 OK\""}
{"ts": "2026-08-17T00:08:13.917497827Z", "container": "prefect-worker", "msg": "2026-08-17 00:08:13 | INFO  | _client.py:_send_single_request:1740 | HTTP Request: POST http://prefect-server:4200/api/work_pools/smarthub-pool/get_scheduled_flow_runs \"HTTP/1.1 200 OK\""}
{"ts": "2026-08-17T00:08:25.991493089Z", "container": "prefect-worker", "msg": "2026-08-17 00:08:25 | INFO  | _client.py:_send_single_request:1740 | HTTP Request: POST http://prefect-server:4200/api/work_pools/smarthub-pool/get_scheduled_flow_runs \"HTTP/1.1 200 OK\""}
{"ts": "2026-08-17T00:08:33.556450141Z", "container": "prefect-worker", "msg": "2026-08-17 00:08:33 | INFO  | _client.py:_send_single_request:1740 | HTTP Request: POST http://prefect-server:4200/api/work_pools/smarthub-pool/get_scheduled_flow_runs \"HTTP/1.1 200 OK\""}
{"ts": "2026-08-17T00:08:44.473770812Z", "container": "prefect-worker", "msg": "2026-08-17 00:08:44 | INFO  | _client.py:_send_single_request:1740 | HTTP Request: POST http://prefect-server:4200/api/work_pools/smarthub-pool/get_scheduled_flow_runs \"HTTP/1.1 200 OK\""}
{"ts": "2026-08-17T00:08:53.559521387Z", "container": "prefect-worker", "msg": "2026-08-17 00:08:53 | INFO  | _client.py:_send_single_request:1740 | HTTP Request: POST http://prefect-server:4200/api/work_pools/smarthub-pool/get_scheduled_flow_runs \"HTTP/1.1 200 OK\""}
{"ts": "2026-08-17T00:09:06.430236760Z", "container": "prefect-worker", "msg": "2026-08-17 00:09:06 | INFO  | _client.py:_send_single_request:1740 | HTTP Request: POST http://prefect-server:4200/api/work_pools/smarthub-pool/get_scheduled_flow_runs \"HTTP/1.1 200 OK\""}
{"ts": "2026-08-17T00:09:18.013372644Z", "container": "prefect-worker", "msg": "2026-08-17 00:09:18 | INFO  | _client.py:_send_single_request:1740 | HTTP Request: POST http://prefect-server:4200/api/work_pools/smarthub-pool/get_scheduled_flow_runs \"HTTP/1.1 200 OK\""}
{"ts": "2026-08-17T00:09:28.937659410Z", "container": "prefect-worker", "msg": "2026-08-17 00:09:28 | INFO  | _client.py:_send_single_request:1740 | HTTP Request: POST http://prefect-server:4200/api/work_pools/smarthub-pool/get_scheduled_flow_runs \"HTTP/1.1 200 OK\""}
{"ts": "2026-08-17T00:09:41.927028205Z", "container": "prefect-worker", "msg": "2026-08-17 00:09:41 | INFO  | _client.py:_send_single_request:1740 | HTTP Request: POST http://prefect-server:4200/api/work_pools/smarthub-pool/get_scheduled_flow_runs \"HTTP/1.1 200 OK\""}
{"ts": "2026-08-17T00:09:49.863710587Z", "container": "prefect-worker", "msg": "2026-08-17 00:09:49 | INFO  | _client.py:_send_single_request:1740 | HTTP Request: POST http://prefect-server:4200/api/work_pools/smarthub-pool/get_scheduled_flow_runs \"HTTP/1.1 200 OK\""}
{"ts": "2026-08-17T00:09:58.911769150Z", "container": "prefect-worker", "msg": "2026-08-17 00:09:58 | INFO  | _client.py:_send_single_request:1740 | HTTP Request: POST http://prefect-server:4200/api/work_pools/smarthub-pool/get_scheduled_flow_runs \"HTTP/1.1 200 OK\""}
{"ts": "2026-08-17T00:10:07.892130780Z", "container": "prefect-worker", "msg": "2026-08-17 00:10:07 | INFO  | _client.py:_send_single_request:1740 | HTTP Request: POST http://prefect-server:4200/api/work_pools/smarthub-pool/get_scheduled_flow_runs \"HTTP/1.1 200 OK\""}
{"ts": "2026-08-17T00:10:15.497489825Z", "container": "prefect-worker", "msg": "2026-08-17 00:10:15 | INFO  | _client.py:_send_single_request:1740 | HTTP Request: POST http://prefect-server:4200/api/work_pools/smarthub-pool/get_scheduled_flow_runs \"HTTP/1.1 200 OK\""}
{"ts": "2026-08-17T00:10:25.805776018Z", "container": "prefect-worker", "msg": "2026-08-17 00:10:25 | INFO  | _client.py:_send_single_request:1740 | HTTP Request: POST http://prefect-server:4200/api/work_pools/smarthub-pool/get_scheduled_flow_runs \"HTTP/1.1 200 OK\""}
{"ts": "2026-08-17T00:10:37.959547356Z", "container": "prefect-worker", "msg": "2026-08-17 00:10:37 | INFO  | _client.py:_send_single_request:1740 | HTTP Request: POST http://prefect-server:4200/api/work_pools/smarthub-pool/get_scheduled_flow_runs \"HTTP/1.1 200 OK\""}
{"ts": "2026-08-17T00:10:50.113726814Z", "container": "prefect-worker", "msg": "2026-08-17 00:10:50 | INFO  | _client.py:_send_single_request:1740 | HTTP Request: POST http://prefect-server:4200/api/work_pools/smarthub-pool/get_scheduled_flow_runs \"HTTP/1.1 200 OK\""}
{"ts": "2026-08-17T00:10:59.497368958Z", "container": "prefect-worker", "msg": "2026-08-17 00:10:59 | INFO  | _client.py:_send_single_request:1740 | HTTP Request: POST http://prefect-server:4200/api/work_pools/smarthub-pool/get_scheduled_flow_runs \"HTTP/1.1 200 OK\""}
{"ts": "2026-08-17T00:11:11.770798551Z", "container": "prefect-worker", "msg": "2026-08-17 00:11:11 | INFO  | _client.py:_send_single_request:1740 | HTTP Request: POST http://prefect-server:4200/api/work_pools/smarthub-pool/get_scheduled_flow_runs \"HTTP/1.1 200 OK\""}
{"ts": "2026-08-17T00:11:23.166244661Z", "container": "prefect-worker", "msg": "2026-08-17 00:11:23 | INFO  | _client.py:_send_single_request:1740 | HTTP Request: POST http://prefect-server:4200/api/work_pools/smarthub-pool/get_scheduled_flow_runs \"HTTP/1.1 200 OK\""}
{"ts": "2026-08-17T00:11:30.848314126Z", "container": "prefect-worker", "msg": "2026-08-17 00:11:30 | INFO  | _client.py:_send_single_request:1740 | HTTP Request: POST http://prefect-server:4200/api/work_pools/smarthub-pool/get_scheduled_flow_runs \"HTTP/1.1 200 OK\""}
{"ts": "2026-08-17T00:11:40.749873753Z", "container": "prefect-worker", "msg": "2026-08-17 00:11:40 | INFO  | _client.py:_send_single_request:1740 | HTTP Request: POST http://prefect-server:4200/api/work_pools/smarthub-pool/get_scheduled_flow_runs \"HTTP/1.1 200 OK\""}
{"ts": "2026-08-17T00:11:51.757917178Z", "container": "prefect-worker", "msg": "2026-08-17 00:11:51 | INFO  | _client.py:_send_single_request:1740 | HTTP Request: POST http://prefect-server:4200/api/work_pools/smarthub-pool/get_scheduled_flow_runs \"HTTP/1.1 200 OK\""}
{"ts": "2026-08-17T00:12:01.146232438Z", "container": "prefect-worker", "msg": "2026-08-17 00:12:01 | INFO  | _client.py:_send_single_request:1740 | HTTP Request: POST http://prefect-server:4200/api/work_pools/smarthub-pool/get_scheduled_flow_runs \"HTTP/1.1 200 OK\""}
{"ts": "2026-08-17T00:12:10.520077082Z", "container": "prefect-worker", "msg": "2026-08-17 00:12:10 | INFO  | _client.py:_send_single_request:1740 | HTTP Request: POST http://prefect-server:4200/api/work_pools/smarthub-pool/get_scheduled_flow_runs \"HTTP/1.1 200 OK\""}
{"ts": "2026-08-17T00:12:20.881752282Z", "container": "prefect-worker", "msg": "2026-08-17 00:12:20 | INFO  | _client.py:_send_single_request:1740 | HTTP Request: POST http://prefect-server:4200/api/work_pools/smarthub-pool/get_scheduled_flow_runs \"HTTP/1.1 200 OK\""}
{"ts": "2026-08-17T00:12:29.429608738Z", "container": "prefect-worker", "msg": "2026-08-17 00:12:29 | INFO  | _client.py:_send_single_request:1740 | HTTP Request: POST http://prefect-server:4200/api/work_pools/smarthub-pool/get_scheduled_flow_runs \"HTTP/1.1 200 OK\""}
{"ts": "2026-08-17T00:12:41.556033399Z", "container": "prefect-worker", "msg": "2026-08-17 00:12:41 | INFO  | _client.py:_send_single_request:1740 | HTTP Request: POST http://prefect-server:4200/api/work_pools/smarthub-pool/get_scheduled_flow_runs \"HTTP/1.1 200 OK\""}
{"ts": "2026-08-17T00:12:54.090822464Z", "container": "prefect-worker", "msg": "2026-08-17 00:12:54 | INFO  | _client.py:_send_single_request:1740 | HTTP Request: POST http://prefect-server:4200/api/work_pools/smarthub-pool/get_scheduled_flow_runs \"HTTP/1.1 200 OK\""}
{"ts": "2026-08-17T00:13:03.103359454Z", "container": "prefect-worker", "msg": "2026-08-17 00:13:03 | INFO  | _client.py:_send_single_request:1740 | HTTP Request: POST http://prefect-server:4200/api/work_pools/smarthub-pool/get_scheduled_flow_runs \"HTTP/1.1 200 OK\""}
{"ts": "2026-08-17T00:13:15.843733728Z", "container": "prefect-worker", "msg": "2026-08-17 00:13:15 | INFO  | _client.py:_send_single_request:1740 | HTTP Request: POST http://prefect-server:4200/api/work_pools/smarthub-pool/get_scheduled_flow_runs \"HTTP/1.1 200 OK\""}
{"ts": "2026-08-17T00:13:26.263832999Z", "container": "prefect-worker", "msg": "2026-08-17 00:13:26 | INFO  | _client.py:_send_single_request:1740 | HTTP Request: POST http://prefect-server:4200/api/work_pools/smarthub-pool/get_scheduled_flow_runs \"HTTP/1.1 200 OK\""}
{"ts": "2026-08-17T00:13:34.170876139Z", "container": "prefect-worker", "msg": "2026-08-17 00:13:34 | INFO  | _client.py:_send_single_request:1740 | HTTP Request: POST http://prefect-server:4200/api/work_pools/smarthub-pool/get_scheduled_flow_runs \"HTTP/1.1 200 OK\""}
{"ts": "2026-08-17T00:13:45.496195174Z", "container": "prefect-worker", "msg": "2026-08-17 00:13:45 | INFO  | _client.py:_send_single_request:1740 | HTTP Request: POST http://prefect-server:4200/api/work_pools/smarthub-pool/get_scheduled_flow_runs \"HTTP/1.1 200 OK\""}
{"ts": "2026-08-17T00:13:53.563223701Z", "container": "prefect-worker", "msg": "2026-08-17 00:13:53 | INFO  | _client.py:_send_single_request:1740 | HTTP Request: POST http://prefect-server:4200/api/work_pools/smarthub-pool/get_scheduled_flow_runs \"HTTP/1.1 200 OK\""}
{"ts": "2026-08-17T00:14:04.513239002Z", "container": "prefect-worker", "msg": "2026-08-17 00:14:04 | INFO  | _client.py:_send_single_request:1740 | HTTP Request: POST http://prefect-server:4200/api/work_pools/smarthub-pool/get_scheduled_flow_runs \"HTTP/1.1 200 OK\""}
{"ts": "2026-08-17T00:14:13.351172089Z", "container": "prefect-worker", "msg": "2026-08-17 00:14:13 | INFO  | _client.py:_send_single_request:1740 | HTTP Request: POST http://prefect-server:4200/api/work_pools/smarthub-pool/get_scheduled_flow_runs \"HTTP/1.1 200 OK\""}
{"ts": "2026-08-17T00:14:26.244135809Z", "container": "prefect-worker", "msg": "2026-08-17 00:14:26 | INFO  | _client.py:_send_single_request:1740 | HTTP Request: POST http://prefect-server:4200/api/work_pools/smarthub-pool/get_scheduled_flow_runs \"HTTP/1.1 200 OK\""}
{"ts": "2026-08-17T00:14:35.001413443Z", "container": "prefect-worker", "msg": "2026-08-17 00:14:35 | INFO  | _client.py:_send_single_request:1740 | HTTP Request: POST http://prefect-server:4200/api/work_pools/smarthub-pool/get_scheduled_flow_runs \"HTTP/1.1 200 OK\""}
{"ts": "2026-08-17T00:14:42.634842919Z", "container": "prefect-worker", "msg": "2026-08-17 00:14:42 | INFO  | _client.py:_send_single_request:1740 | HTTP Request: POST http://prefect-server:4200/api/work_pools/smarthub-pool/get_scheduled_flow_runs \"HTTP/1.1 200 OK\""}
{"ts": "2026-08-17T00:14:53.025076281Z", "container": "prefect-worker", "msg": "2026-08-17 00:14:53 | INFO  | _client.py:_send_single_request:1740 | HTTP Request: POST http://prefect-server:4200/api/work_pools/smarthub-pool/get_scheduled_flow_runs \"HTTP/1.1 200 OK\""}
{"ts": "2026-08-17T00:14:53.026456723Z", "container": "prefect-worker", "msg": "2026-08-17 00:14:53 | INFO  | base.py:_submit_scheduled_flow_runs:1519 | Worker 'ProcessWorker c09911e3-8540-45ba-b9e5-a987ad0388ad' submitting flow run '01a00a7f-7eeb-7f7a-8281-308a77876b0d'"}
{"ts": "2026-08-17T00:14:53.049266468Z", "container": "prefect-worker", "msg": "2026-08-17 00:14:53 | INFO  | _client.py:_send_single_request:1740 | HTTP Request: GET http://prefect-server:4200/api/deployments/15dcce44-4b5f-4048-b854-eeba60c3b514 \"HTTP/1.1 200 OK\""}
{"ts": "2026-08-17T00:14:53.089912223Z", "container": "prefect-worker", "msg": "2026-08-17 00:14:53 | INFO  | _client.py:_send_single_request:1740 | HTTP Request: POST http://prefect-server:4200/api/flow_runs/01a00a7f-7eeb-7f7a-8281-308a77876b0d/set_state \"HTTP/1.1 201 Created\""}
{"ts": "2026-08-17T00:14:53.109352488Z", "container": "prefect-worker", "msg": "2026-08-17 00:14:53 | INFO  | _client.py:_send_single_request:1740 | HTTP Request: GET http://prefect-server:4200/api/deployments/15dcce44-4b5f-4048-b854-eeba60c3b514 \"HTTP/1.1 200 OK\""}
{"ts": "2026-08-17T00:14:53.120437717Z", "container": "prefect-worker", "msg": "2026-08-17 00:14:53 | INFO  | _client.py:_send_single_request:1740 | HTTP Request: GET http://prefect-server:4200/api/flows/c49e248a-be9d-43b9-ad26-cff3b7117b11 \"HTTP/1.1 200 OK\""}
{"ts": "2026-08-17T00:14:53.148446818Z", "container": "prefect-worker", "msg": "2026-08-17 00:14:53 | INFO  | _client.py:_send_single_request:1740 | HTTP Request: PATCH http://prefect-server:4200/api/flow_runs/01a00a7f-7eeb-7f7a-8281-308a77876b0d/labels \"HTTP/1.1 204 No Content\""}
{"ts": "2026-08-17T00:14:53.159607719Z", "container": "prefect-worker", "msg": "2026-08-17 00:14:53 | INFO  | _client.py:_send_single_request:1740 | HTTP Request: POST http://prefect-server:4200/api/flow_runs/01a00a7f-7eeb-7f7a-8281-308a77876b0d/set_state \"HTTP/1.1 201 Created\""}
{"ts": "2026-08-17T00:14:53.168620070Z", "container": "prefect-worker", "msg": "2026-08-17 00:14:53 | INFO  | _client.py:_send_single_request:1740 | HTTP Request: GET http://prefect-server:4200/api/flow_runs/01a00a7f-7eeb-7f7a-8281-308a77876b0d \"HTTP/1.1 200 OK\""}
{"ts": "2026-08-17T00:14:53.169553578Z", "container": "prefect-worker", "msg": "2026-08-17 00:14:53 | INFO  | runner.py:_run_process:994 | Starting flow run process..."}
{"ts": "2026-08-17T00:14:53.193336722Z", "container": "prefect-worker", "msg": "2026-08-17 00:14:53 | INFO  | _client.py:_send_single_request:1740 | HTTP Request: PATCH http://prefect-server:4200/api/flow_runs/01a00a7f-7eeb-7f7a-8281-308a77876b0d \"HTTP/1.1 204 No Content\""}
{"ts": "2026-08-17T00:14:53.193829896Z", "container": "prefect-worker", "msg": "2026-08-17 00:14:53 | INFO  | base.py:_submit_run:1601 | Flow run 'polar-silkworm' submitted to infrastructure"}
{"ts": "2026-08-17T00:14:54.014063531Z", "container": "prefect-worker", "msg": "2026-08-17 00:14:54 | INFO  | _client.py:_send_single_request:1740 | HTTP Request: POST http://prefect-server:4200/api/logs/ \"HTTP/1.1 201 Created\""}
{"ts": "2026-08-17T00:14:54.397506764Z", "container": "prefect-worker", "msg": "00:14:54.391 | INFO    | Flow run 'polar-silkworm' - Running 1 deployment pull step(s)"}
{"ts": "2026-08-17T00:14:54.418966426Z", "container": "prefect-worker", "msg": "00:14:54.418 | INFO    | Flow run 'polar-silkworm' - Executing deployment step: set_working_directory"}
{"ts": "2026-08-17T00:14:54.431012785Z", "container": "prefect-worker", "msg": "00:14:54.430 | INFO    | Flow run 'polar-silkworm' - Deployment step 'set_working_directory' completed successfully"}
{"ts": "2026-08-17T00:14:54.445056141Z", "container": "prefect-worker", "msg": "00:14:54.444 | INFO    | Flow run 'polar-silkworm' - All deployment steps completed successfully"}
{"ts": "2026-08-17T00:14:54.907932086Z", "container": "prefect-worker", "msg": "2026-08-17 00:14:54 | INFO  | _client.py:_send_single_request:1025 | HTTP Request: GET http://prefect-server:4200/api/admin/version \"HTTP/1.1 200 OK\""}
{"ts": "2026-08-17T00:14:54.911367818Z", "container": "prefect-worker", "msg": "2026-08-17 00:14:54 | INFO  | _client.py:_send_single_request:1025 | HTTP Request: GET http://prefect-server:4200/api/csrf-token?client=376518f3-264f-4557-bd98-c4fccf81659e \"HTTP/1.1 422 Unprocessable Entity\""}
{"ts": "2026-08-17T00:14:54.916630645Z", "container": "prefect-worker", "msg": "2026-08-17 00:14:54 | INFO  | _client.py:_send_single_request:1025 | HTTP Request: PATCH http://prefect-server:4200/api/flow_runs/01a00a7f-7eeb-7f7a-8281-308a77876b0d \"HTTP/1.1 204 No Content\""}
{"ts": "2026-08-17T00:14:54.935622055Z", "container": "prefect-worker", "msg": "2026-08-17 00:14:54 | INFO  | _client.py:_send_single_request:1740 | HTTP Request: GET http://prefect-server:4200/api/flow_runs/01a00a7f-7eeb-7f7a-8281-308a77876b0d \"HTTP/1.1 200 OK\""}
{"ts": "2026-08-17T00:14:54.947536642Z", "container": "prefect-worker", "msg": "2026-08-17 00:14:54 | INFO  | _client.py:_send_single_request:1025 | HTTP Request: POST http://prefect-server:4200/api/flow_runs/01a00a7f-7eeb-7f7a-8281-308a77876b0d/set_state \"HTTP/1.1 200 OK\""}
{"ts": "2026-08-17T00:14:56.404644985Z", "container": "prefect-worker", "msg": "2026-08-17 00:14:56 | INFO  | _client.py:_send_single_request:1740 | HTTP Request: GET http://prefect-server:4200/api/csrf-token?client=7bd1d231-a774-4b1b-b333-2fb2fca7dd8b \"HTTP/1.1 422 Unprocessable Entity\""}
{"ts": "2026-08-17T00:14:56.410824061Z", "container": "prefect-worker", "msg": "2026-08-17 00:14:56 | INFO  | _client.py:_send_single_request:1740 | HTTP Request: POST http://prefect-server:4200/api/logs/ \"HTTP/1.1 201 Created\""}
{"ts": "2026-08-17T00:14:59.965037064Z", "container": "prefect-worker", "msg": "2026-08-17 00:14:59 | INFO  | _client.py:_send_single_request:1025 | HTTP Request: POST http://prefect-server:4200/api/flow_runs/01a00a7f-7eeb-7f7a-8281-308a77876b0d/set_state \"HTTP/1.1 201 Created\""}
{"ts": "2026-08-17T00:14:59.971403621Z", "container": "prefect-worker", "msg": "2026-08-17 00:14:59 | INFO  | _client.py:_send_single_request:1025 | HTTP Request: GET http://prefect-server:4200/api/flow_runs/01a00a7f-7eeb-7f7a-8281-308a77876b0d \"HTTP/1.1 200 OK\""}
{"ts": "2026-08-17T00:14:59.975963562Z", "container": "prefect-worker", "msg": "2026-08-17 00:14:59 | INFO  | _client.py:_send_single_request:1025 | HTTP Request: GET http://prefect-server:4200/api/admin/storage \"HTTP/1.1 200 OK\""}
{"ts": "2026-08-17T00:14:59.978951959Z", "container": "prefect-worker", "msg": "2026-08-17 00:14:59 | INFO  | _client.py:_send_single_request:1025 | HTTP Request: GET http://prefect-server:4200/api/admin/storage \"HTTP/1.1 200 OK\""}
{"ts": "2026-08-17T00:14:59.979593714Z", "container": "prefect-worker", "msg": "2026-08-17 00:14:59 | INFO  | flow_engine.py:setup_run_context:1133 | Beginning flow run 'polar-silkworm' for flow 'smarthub-data-pull'"}
{"ts": "2026-08-17T00:14:59.980109699Z", "container": "prefect-worker", "msg": "2026-08-17 00:14:59 | INFO  | flow_engine.py:setup_run_context:1138 | View at http://prefect-server:4200/runs/flow-run/01a00a7f-7eeb-7f7a-8281-308a77876b0d"}
{"ts": "2026-08-17T00:15:00.021260448Z", "container": "prefect-worker", "msg": "2026-08-17 00:15:00 | INFO  | _client.py:_send_single_request:1740 | HTTP Request: GET http://prefect-server:4200/api/flows/c49e248a-be9d-43b9-ad26-cff3b7117b11 \"HTTP/1.1 200 OK\""}
{"ts": "2026-08-17T00:15:00.022299928Z", "container": "prefect-worker", "msg": "2026-08-17 00:15:00 | INFO  | _client.py:_send_single_request:1740 | HTTP Request: GET http://prefect-server:4200/api/work_queues/32c7c4c1-2900-49ee-9a5d-6d3163577ef9 \"HTTP/1.1 200 OK\""}
{"ts": "2026-08-17T00:15:00.024520518Z", "container": "prefect-worker", "msg": "2026-08-17 00:15:00 | INFO  | _client.py:_send_single_request:1740 | HTTP Request: GET http://prefect-server:4200/api/deployments/15dcce44-4b5f-4048-b854-eeba60c3b514 \"HTTP/1.1 200 OK\""}
{"ts": "2026-08-17T00:15:00.031504480Z", "container": "prefect-worker", "msg": "2026-08-17 00:15:00 | INFO  | _client.py:_send_single_request:1740 | HTTP Request: GET http://prefect-server:4200/api/work_pools/smarthub-pool \"HTTP/1.1 200 OK\""}
{"ts": "2026-08-17T00:15:00.053622299Z", "container": "prefect-worker", "msg": "2026-08-17 00:15:00 | INFO  | _client.py:_send_single_request:1025 | HTTP Request: GET http://prefect-server:4200/api/variables/name/smarthub_last_pull_timestamp_home \"HTTP/1.1 200 OK\""}
{"ts": "2026-08-17T00:15:00.056398774Z", "container": "prefect-worker", "msg": "2026-08-17 00:15:00 | INFO  | task_engine.py:log_finished_message:410 | Finished in state Completed()"}
{"ts": "2026-08-17T00:15:00.057149551Z", "container": "prefect-worker", "msg": "2026-08-17 00:15:00 | INFO  | flow.py:data_pull_flow:246 | [home] pulling window 2026-08-16 19:14:32 -> 2026-08-17 00:15:00"}
{"ts": "2026-08-17T00:15:00.066979379Z", "container": "prefect-worker", "msg": "2026-08-17 00:15:00 | INFO  | _client.py:_send_single_request:1025 | HTTP Request: GET http://prefect-server:4200/api/variables/name/smarthub_last_pull_timestamp_home \"HTTP/1.1 200 OK\""}
{"ts": "2026-08-17T00:15:00.071561780Z", "container": "prefect-worker", "msg": "2026-08-17 00:15:00 | INFO  | pull.py:fetch_leads:134 | SSH_TUNNEL=false -- connecting directly to Redshift smart-hub.c9m7m7mw0tl8.us-east-1.redshift.amazonaws.com:5439"}
{"ts": "2026-08-17T00:15:00.275011597Z", "container": "prefect-worker", "msg": "2026-08-17 00:15:00 | INFO  | plugins.py:__init__:37 | setup plugin alembic.autogenerate.schemas"}
{"ts": "2026-08-17T00:15:00.275173378Z", "container": "prefect-worker", "msg": "2026-08-17 00:15:00 | INFO  | plugins.py:__init__:37 | setup plugin alembic.autogenerate.tables"}
{"ts": "2026-08-17T00:15:00.275190139Z", "container": "prefect-worker", "msg": "2026-08-17 00:15:00 | INFO  | plugins.py:__init__:37 | setup plugin alembic.autogenerate.types"}
{"ts": "2026-08-17T00:15:00.275194249Z", "container": "prefect-worker", "msg": "2026-08-17 00:15:00 | INFO  | plugins.py:__init__:37 | setup plugin alembic.autogenerate.constraints"}
{"ts": "2026-08-17T00:15:00.275330610Z", "container": "prefect-worker", "msg": "2026-08-17 00:15:00 | INFO  | plugins.py:__init__:37 | setup plugin alembic.autogenerate.defaults"}
{"ts": "2026-08-17T00:15:00.275345530Z", "container": "prefect-worker", "msg": "2026-08-17 00:15:00 | INFO  | plugins.py:__init__:37 | setup plugin alembic.autogenerate.comments"}
{"ts": "2026-08-17T00:15:00.420488893Z", "container": "prefect-worker", "msg": "2026-08-17 00:15:00 | INFO  | _client.py:_send_single_request:1740 | HTTP Request: POST http://prefect-server:4200/api/logs/ \"HTTP/1.1 201 Created\""}
{"ts": "2026-08-17T00:15:00.750149063Z", "container": "prefect-worker", "msg": "2026-08-17 00:15:00 | INFO  | pull.py:fetch_leads:154 | Fetched leads frame with shape (1331, 57)"}
{"ts": "2026-08-17T00:15:00.751263793Z", "container": "prefect-worker", "msg": "2026-08-17 00:15:00 | INFO  | task_engine.py:log_finished_message:410 | Finished in state Completed()"}
{"ts": "2026-08-17T00:15:00.904127175Z", "container": "prefect-worker", "msg": "2026-08-17 00:15:00 | INFO  | validation_report.py:log_summary:165 | data-quality: rows=1,331, status=issues flagged, rule_violation_rows=2,663, cross_field={'current_carrier_when_not_insured': 1247}, high_missing=['accepted', 'accepted_listings', 'annual_revenue', 'erred', 'error_reason_id', 'health_conditions', 'household_income', 'lead_created_at', 'life_coverage_amount', 'life_coverage_type', 'naics_code', 'num_dependents', 'num_employees', 'num_home_claims', 'pnc_bundle', 'rev', 'sic_code', 'won']"}
{"ts": "2026-08-17T00:15:00.917613717Z", "container": "prefect-worker", "msg": "2026-08-17 00:15:00 | INFO  | _client.py:_send_single_request:1025 | HTTP Request: POST http://prefect-server:4200/api/artifacts/ \"HTTP/1.1 201 Created\""}
{"ts": "2026-08-17T00:15:00.920484103Z", "container": "prefect-worker", "msg": "2026-08-17 00:15:00 | INFO  | task_engine.py:log_finished_message:410 | Finished in state Completed()"}
{"ts": "2026-08-17T00:15:01.149533269Z", "container": "prefect-worker", "msg": "2026-08-17 00:15:01 | INFO  | storage.py:append_parquet:470 | Parquet partition 16-08-2026.parquet: +1268 rows"}
{"ts": "2026-08-17T00:15:01.162957650Z", "container": "prefect-worker", "msg": "2026-08-17 00:15:01 | INFO  | storage.py:append_parquet:470 | Parquet partition 17-08-2026.parquet: +63 rows"}
{"ts": "2026-08-17T00:15:01.168489529Z", "container": "prefect-worker", "msg": "2026-08-17 00:15:01 | INFO  | task_engine.py:log_finished_message:410 | Finished in state Completed()"}
{"ts": "2026-08-17T00:15:01.191263204Z", "container": "prefect-worker", "msg": "2026-08-17 00:15:01 | INFO  | _client.py:_send_single_request:1025 | HTTP Request: GET http://prefect-server:4200/api/variables/name/smarthub_last_pull_timestamp_home \"HTTP/1.1 200 OK\""}
{"ts": "2026-08-17T00:15:01.199581218Z", "container": "prefect-worker", "msg": "2026-08-17 00:15:01 | INFO  | _client.py:_send_single_request:1025 | HTTP Request: PATCH http://prefect-server:4200/api/variables/name/smarthub_last_pull_timestamp_home \"HTTP/1.1 204 No Content\""}
{"ts": "2026-08-17T00:15:01.202240242Z", "container": "prefect-worker", "msg": "2026-08-17 00:15:01 | INFO  | _client.py:_send_single_request:1025 | HTTP Request: GET http://prefect-server:4200/api/variables/name/smarthub_last_pull_timestamp_home \"HTTP/1.1 200 OK\""}
{"ts": "2026-08-17T00:15:01.203582934Z", "container": "prefect-worker", "msg": "2026-08-17 00:15:01 | INFO  | task_engine.py:log_finished_message:410 | Finished in state Completed()"}
{"ts": "2026-08-17T00:15:01.203941898Z", "container": "prefect-worker", "msg": "2026-08-17 00:15:01 | INFO  | flow.py:data_pull_flow:254 | [home] persisted {'parquet_rows': 1331, 'parquet_paths': ['/app/data/raw_datasets/leads/2026/08/16-08-2026.parquet', '/app/data/raw_datasets/leads/2026/08/17-08-2026.parquet']}; watermark now 2026-08-17 00:14:40"}
{"ts": "2026-08-17T00:15:01.219920121Z", "container": "prefect-worker", "msg": "2026-08-17 00:15:01 | INFO  | _client.py:_send_single_request:1025 | HTTP Request: POST http://prefect-server:4200/api/artifacts/ \"HTTP/1.1 201 Created\""}
{"ts": "2026-08-17T00:15:01.307010713Z", "container": "prefect-worker", "msg": "2026-08-17 00:15:01 | INFO  | _client.py:_send_single_request:1025 | HTTP Request: POST http://prefect-server:4200/api/flow_runs/01a00a7f-7eeb-7f7a-8281-308a77876b0d/set_state \"HTTP/1.1 201 Created\""}
{"ts": "2026-08-17T00:15:02.001371097Z", "container": "prefect-worker", "msg": "2026-08-17 00:15:02 | INFO  | flow_engine.py:initialize_run:1235 | Finished in state Completed()"}
{"ts": "2026-08-17T00:15:02.011748431Z", "container": "prefect-worker", "msg": "2026-08-17 00:15:02 | INFO  | _client.py:_send_single_request:1740 | HTTP Request: POST http://prefect-server:4200/api/logs/ \"HTTP/1.1 201 Created\""}
{"ts": "2026-08-17T00:15:02.512552148Z", "container": "prefect-worker", "msg": "2026-08-17 00:15:02 | INFO  | runner.py:_submit_run_and_capture_errors:1447 | Process for flow run 'polar-silkworm' exited cleanly."}
{"ts": "2026-08-17T00:15:02.523464516Z", "container": "prefect-worker", "msg": "2026-08-17 00:15:02 | INFO  | _client.py:_send_single_request:1740 | HTTP Request: GET http://prefect-server:4200/api/flow_runs/01a00a7f-7eeb-7f7a-8281-308a77876b0d \"HTTP/1.1 200 OK\""}
{"ts": "2026-08-17T00:15:02.883838531Z", "container": "prefect-worker", "msg": "2026-08-17 00:15:02 | INFO  | _client.py:_send_single_request:1740 | HTTP Request: POST http://prefect-server:4200/api/work_pools/smarthub-pool/get_scheduled_flow_runs \"HTTP/1.1 200 OK\""}
{"ts": "2026-08-17T00:15:04.025010997Z", "container": "prefect-worker", "msg": "2026-08-17 00:15:04 | INFO  | _client.py:_send_single_request:1740 | HTTP Request: POST http://prefect-server:4200/api/logs/ \"HTTP/1.1 201 Created\""}
{"ts": "2026-08-17T00:15:15.177488592Z", "container": "prefect-worker", "msg": "2026-08-17 00:15:15 | INFO  | _client.py:_send_single_request:1740 | HTTP Request: POST http://prefect-server:4200/api/work_pools/smarthub-pool/get_scheduled_flow_runs \"HTTP/1.1 200 OK\""}
{"ts": "2026-08-17T00:15:26.227545508Z", "container": "prefect-worker", "msg": "2026-08-17 00:15:26 | INFO  | _client.py:_send_single_request:1740 | HTTP Request: POST http://prefect-server:4200/api/work_pools/smarthub-pool/get_scheduled_flow_runs \"HTTP/1.1 200 OK\""}
{"ts": "2026-08-17T00:15:33.799997036Z", "container": "prefect-worker", "msg": "2026-08-17 00:15:33 | INFO  | _client.py:_send_single_request:1740 | HTTP Request: POST http://prefect-server:4200/api/work_pools/smarthub-pool/get_scheduled_flow_runs \"HTTP/1.1 200 OK\""}
{"ts": "2026-08-17T00:15:46.211809383Z", "container": "prefect-worker", "msg": "2026-08-17 00:15:46 | INFO  | _client.py:_send_single_request:1740 | HTTP Request: POST http://prefect-server:4200/api/work_pools/smarthub-pool/get_scheduled_flow_runs \"HTTP/1.1 200 OK\""}
{"ts": "2026-08-17T00:15:59.014171239Z", "container": "prefect-worker", "msg": "2026-08-17 00:15:59 | INFO  | _client.py:_send_single_request:1740 | HTTP Request: POST http://prefect-server:4200/api/work_pools/smarthub-pool/get_scheduled_flow_runs \"HTTP/1.1 200 OK\""}
{"ts": "2026-08-17T00:16:08.469676774Z", "container": "prefect-worker", "msg": "2026-08-17 00:16:08 | INFO  | _client.py:_send_single_request:1740 | HTTP Request: POST http://prefect-server:4200/api/work_pools/smarthub-pool/get_scheduled_flow_runs \"HTTP/1.1 200 OK\""}
{"ts": "2026-08-17T00:16:19.410088655Z", "container": "prefect-worker", "msg": "2026-08-17 00:16:19 | INFO  | _client.py:_send_single_request:1740 | HTTP Request: POST http://prefect-server:4200/api/work_pools/smarthub-pool/get_scheduled_flow_runs \"HTTP/1.1 200 OK\""}
{"ts": "2026-08-17T00:16:29.334904935Z", "container": "prefect-worker", "msg": "2026-08-17 00:16:29 | INFO  | _client.py:_send_single_request:1740 | HTTP Request: POST http://prefect-server:4200/api/work_pools/smarthub-pool/get_scheduled_flow_runs \"HTTP/1.1 200 OK\""}
{"ts": "2026-08-17T00:16:37.419330736Z", "container": "prefect-worker", "msg": "2026-08-17 00:16:37 | INFO  | _client.py:_send_single_request:1740 | HTTP Request: POST http://prefect-server:4200/api/work_pools/smarthub-pool/get_scheduled_flow_runs \"HTTP/1.1 200 OK\""}
{"ts": "2026-08-17T00:16:45.518189716Z", "container": "prefect-worker", "msg": "2026-08-17 00:16:45 | INFO  | _client.py:_send_single_request:1740 | HTTP Request: POST http://prefect-server:4200/api/work_pools/smarthub-pool/get_scheduled_flow_runs \"HTTP/1.1 200 OK\""}
{"ts": "2026-08-17T00:16:56.848749297Z", "container": "prefect-worker", "msg": "2026-08-17 00:16:56 | INFO  | _client.py:_send_single_request:1740 | HTTP Request: POST http://prefect-server:4200/api/work_pools/smarthub-pool/get_scheduled_flow_runs \"HTTP/1.1 200 OK\""}
{"ts": "2026-08-17T00:17:07.044857889Z", "container": "prefect-worker", "msg": "2026-08-17 00:17:07 | INFO  | _client.py:_send_single_request:1740 | HTTP Request: POST http://prefect-server:4200/api/work_pools/smarthub-pool/get_scheduled_flow_runs \"HTTP/1.1 200 OK\""}
{"ts": "2026-08-17T00:17:15.477637948Z", "container": "prefect-worker", "msg": "2026-08-17 00:17:15 | INFO  | _client.py:_send_single_request:1740 | HTTP Request: POST http://prefect-server:4200/api/work_pools/smarthub-pool/get_scheduled_flow_runs \"HTTP/1.1 200 OK\""}
{"ts": "2026-08-17T00:17:25.368029318Z", "container": "prefect-worker", "msg": "2026-08-17 00:17:25 | INFO  | _client.py:_send_single_request:1740 | HTTP Request: POST http://prefect-server:4200/api/work_pools/smarthub-pool/get_scheduled_flow_runs \"HTTP/1.1 200 OK\""}
{"ts": "2026-08-17T00:17:37.014739089Z", "container": "prefect-worker", "msg": "2026-08-17 00:17:37 | INFO  | _client.py:_send_single_request:1740 | HTTP Request: POST http://prefect-server:4200/api/work_pools/smarthub-pool/get_scheduled_flow_runs \"HTTP/1.1 200 OK\""}
{"ts": "2026-08-17T00:17:46.674933148Z", "container": "prefect-worker", "msg": "2026-08-17 00:17:46 | INFO  | _client.py:_send_single_request:1740 | HTTP Request: POST http://prefect-server:4200/api/work_pools/smarthub-pool/get_scheduled_flow_runs \"HTTP/1.1 200 OK\""}
{"ts": "2026-08-17T00:17:54.497408724Z", "container": "prefect-worker", "msg": "2026-08-17 00:17:54 | INFO  | _client.py:_send_single_request:1740 | HTTP Request: POST http://prefect-server:4200/api/work_pools/smarthub-pool/get_scheduled_flow_runs \"HTTP/1.1 200 OK\""}
{"ts": "2026-08-17T00:18:03.447588159Z", "container": "prefect-worker", "msg": "2026-08-17 00:18:03 | INFO  | _client.py:_send_single_request:1740 | HTTP Request: POST http://prefect-server:4200/api/work_pools/smarthub-pool/get_scheduled_flow_runs \"HTTP/1.1 200 OK\""}
{"ts": "2026-08-17T00:18:11.318558990Z", "container": "prefect-worker", "msg": "2026-08-17 00:18:11 | INFO  | _client.py:_send_single_request:1740 | HTTP Request: POST http://prefect-server:4200/api/work_pools/smarthub-pool/get_scheduled_flow_runs \"HTTP/1.1 200 OK\""}
{"ts": "2026-08-17T00:18:19.561609643Z", "container": "prefect-worker", "msg": "2026-08-17 00:18:19 | INFO  | _client.py:_send_single_request:1740 | HTTP Request: POST http://prefect-server:4200/api/work_pools/smarthub-pool/get_scheduled_flow_runs \"HTTP/1.1 200 OK\""}
{"ts": "2026-08-17T00:18:30.230369689Z", "container": "prefect-worker", "msg": "2026-08-17 00:18:30 | INFO  | _client.py:_send_single_request:1740 | HTTP Request: POST http://prefect-server:4200/api/work_pools/smarthub-pool/get_scheduled_flow_runs \"HTTP/1.1 200 OK\""}
{"ts": "2026-08-17T00:18:41.561098510Z", "container": "prefect-worker", "msg": "2026-08-17 00:18:41 | INFO  | _client.py:_send_single_request:1740 | HTTP Request: POST http://prefect-server:4200/api/work_pools/smarthub-pool/get_scheduled_flow_runs \"HTTP/1.1 200 OK\""}
{"ts": "2026-08-17T00:18:51.384612977Z", "container": "prefect-worker", "msg": "2026-08-17 00:18:51 | INFO  | _client.py:_send_single_request:1740 | HTTP Request: POST http://prefect-server:4200/api/work_pools/smarthub-pool/get_scheduled_flow_runs \"HTTP/1.1 200 OK\""}
{"ts": "2026-08-17T00:19:01.341669040Z", "container": "prefect-worker", "msg": "2026-08-17 00:19:01 | INFO  | _client.py:_send_single_request:1740 | HTTP Request: POST http://prefect-server:4200/api/work_pools/smarthub-pool/get_scheduled_flow_runs \"HTTP/1.1 200 OK\""}
{"ts": "2026-08-17T00:19:14.130935035Z", "container": "prefect-worker", "msg": "2026-08-17 00:19:14 | INFO  | _client.py:_send_single_request:1740 | HTTP Request: POST http://prefect-server:4200/api/work_pools/smarthub-pool/get_scheduled_flow_runs \"HTTP/1.1 200 OK\""}
{"ts": "2026-08-17T00:19:25.435366096Z", "container": "prefect-worker", "msg": "2026-08-17 00:19:25 | INFO  | _client.py:_send_single_request:1740 | HTTP Request: POST http://prefect-server:4200/api/work_pools/smarthub-pool/get_scheduled_flow_runs \"HTTP/1.1 200 OK\""}
{"ts": "2026-08-17T00:19:38.094833633Z", "container": "prefect-worker", "msg": "2026-08-17 00:19:38 | INFO  | _client.py:_send_single_request:1740 | HTTP Request: POST http://prefect-server:4200/api/work_pools/smarthub-pool/get_scheduled_flow_runs \"HTTP/1.1 200 OK\""}
{"ts": "2026-08-17T00:19:48.850581215Z", "container": "prefect-worker", "msg": "2026-08-17 00:19:48 | INFO  | _client.py:_send_single_request:1740 | HTTP Request: POST http://prefect-server:4200/api/work_pools/smarthub-pool/get_scheduled_flow_runs \"HTTP/1.1 200 OK\""}
{"ts": "2026-08-17T00:19:56.515257839Z", "container": "prefect-worker", "msg": "2026-08-17 00:19:56 | INFO  | _client.py:_send_single_request:1740 | HTTP Request: POST http://prefect-server:4200/api/work_pools/smarthub-pool/get_scheduled_flow_runs \"HTTP/1.1 200 OK\""}
{"ts": "2026-08-17T00:20:07.149101941Z", "container": "prefect-worker", "msg": "2026-08-17 00:20:07 | INFO  | _client.py:_send_single_request:1740 | HTTP Request: POST http://prefect-server:4200/api/work_pools/smarthub-pool/get_scheduled_flow_runs \"HTTP/1.1 200 OK\""}
{"ts": "2026-08-17T00:20:17.317852654Z", "container": "prefect-worker", "msg": "2026-08-17 00:20:17 | INFO  | _client.py:_send_single_request:1740 | HTTP Request: POST http://prefect-server:4200/api/work_pools/smarthub-pool/get_scheduled_flow_runs \"HTTP/1.1 200 OK\""}
{"ts": "2026-08-17T00:20:25.145910638Z", "container": "prefect-worker", "msg": "2026-08-17 00:20:25 | INFO  | _client.py:_send_single_request:1740 | HTTP Request: POST http://prefect-server:4200/api/work_pools/smarthub-pool/get_scheduled_flow_runs \"HTTP/1.1 200 OK\""}
{"ts": "2026-08-17T00:20:33.290393461Z", "container": "prefect-worker", "msg": "2026-08-17 00:20:33 | INFO  | _client.py:_send_single_request:1740 | HTTP Request: POST http://prefect-server:4200/api/work_pools/smarthub-pool/get_scheduled_flow_runs \"HTTP/1.1 200 OK\""}
{"ts": "2026-08-17T00:20:44.754702779Z", "container": "prefect-worker", "msg": "2026-08-17 00:20:44 | INFO  | _client.py:_send_single_request:1740 | HTTP Request: POST http://prefect-server:4200/api/work_pools/smarthub-pool/get_scheduled_flow_runs \"HTTP/1.1 200 OK\""}
{"ts": "2026-08-17T00:20:54.468256596Z", "container": "prefect-worker", "msg": "2026-08-17 00:20:54 | INFO  | _client.py:_send_single_request:1740 | HTTP Request: POST http://prefect-server:4200/api/work_pools/smarthub-pool/get_scheduled_flow_runs \"HTTP/1.1 200 OK\""}
{"ts": "2026-08-17T00:21:02.173828395Z", "container": "prefect-worker", "msg": "2026-08-17 00:21:02 | INFO  | _client.py:_send_single_request:1740 | HTTP Request: POST http://prefect-server:4200/api/work_pools/smarthub-pool/get_scheduled_flow_runs \"HTTP/1.1 200 OK\""}
{"ts": "2026-08-17T00:21:11.625020627Z", "container": "prefect-worker", "msg": "2026-08-17 00:21:11 | INFO  | _client.py:_send_single_request:1740 | HTTP Request: POST http://prefect-server:4200/api/work_pools/smarthub-pool/get_scheduled_flow_runs \"HTTP/1.1 200 OK\""}
{"ts": "2026-08-17T00:21:22.743601256Z", "container": "prefect-worker", "msg": "2026-08-17 00:21:22 | INFO  | _client.py:_send_single_request:1740 | HTTP Request: POST http://prefect-server:4200/api/work_pools/smarthub-pool/get_scheduled_flow_runs \"HTTP/1.1 200 OK\""}
{"ts": "2026-08-17T00:21:33.121025299Z", "container": "prefect-worker", "msg": "2026-08-17 00:21:33 | INFO  | _client.py:_send_single_request:1740 | HTTP Request: POST http://prefect-server:4200/api/work_pools/smarthub-pool/get_scheduled_flow_runs \"HTTP/1.1 200 OK\""}
{"ts": "2026-08-17T00:21:42.606207502Z", "container": "prefect-worker", "msg": "2026-08-17 00:21:42 | INFO  | _client.py:_send_single_request:1740 | HTTP Request: POST http://prefect-server:4200/api/work_pools/smarthub-pool/get_scheduled_flow_runs \"HTTP/1.1 200 OK\""}
{"ts": "2026-08-17T00:21:50.272694809Z", "container": "prefect-worker", "msg": "2026-08-17 00:21:50 | INFO  | _client.py:_send_single_request:1740 | HTTP Request: POST http://prefect-server:4200/api/work_pools/smarthub-pool/get_scheduled_flow_runs \"HTTP/1.1 200 OK\""}
{"ts": "2026-08-17T00:22:00.447430481Z", "container": "prefect-worker", "msg": "2026-08-17 00:22:00 | INFO  | _client.py:_send_single_request:1740 | HTTP Request: POST http://prefect-server:4200/api/work_pools/smarthub-pool/get_scheduled_flow_runs \"HTTP/1.1 200 OK\""}
{"ts": "2026-08-17T00:22:08.018043051Z", "container": "prefect-worker", "msg": "2026-08-17 00:22:08 | INFO  | _client.py:_send_single_request:1740 | HTTP Request: POST http://prefect-server:4200/api/work_pools/smarthub-pool/get_scheduled_flow_runs \"HTTP/1.1 200 OK\""}
{"ts": "2026-08-17T00:22:18.329914849Z", "container": "prefect-worker", "msg": "2026-08-17 00:22:18 | INFO  | _client.py:_send_single_request:1740 | HTTP Request: POST http://prefect-server:4200/api/work_pools/smarthub-pool/get_scheduled_flow_runs \"HTTP/1.1 200 OK\""}
{"ts": "2026-08-17T00:22:29.931529128Z", "container": "prefect-worker", "msg": "2026-08-17 00:22:29 | INFO  | _client.py:_send_single_request:1740 | HTTP Request: POST http://prefect-server:4200/api/work_pools/smarthub-pool/get_scheduled_flow_runs \"HTTP/1.1 200 OK\""}
{"ts": "2026-08-17T00:22:39.098509285Z", "container": "prefect-worker", "msg": "2026-08-17 00:22:39 | INFO  | _client.py:_send_single_request:1740 | HTTP Request: POST http://prefect-server:4200/api/work_pools/smarthub-pool/get_scheduled_flow_runs \"HTTP/1.1 200 OK\""}
{"ts": "2026-08-17T00:22:50.159183159Z", "container": "prefect-worker", "msg": "2026-08-17 00:22:50 | INFO  | _client.py:_send_single_request:1740 | HTTP Request: POST http://prefect-server:4200/api/work_pools/smarthub-pool/get_scheduled_flow_runs \"HTTP/1.1 200 OK\""}
{"ts": "2026-08-17T00:23:00.772020463Z", "container": "prefect-worker", "msg": "2026-08-17 00:23:00 | INFO  | _client.py:_send_single_request:1740 | HTTP Request: POST http://prefect-server:4200/api/work_pools/smarthub-pool/get_scheduled_flow_runs \"HTTP/1.1 200 OK\""}
{"ts": "2026-08-17T00:23:09.829234363Z", "container": "prefect-worker", "msg": "2026-08-17 00:23:09 | INFO  | _client.py:_send_single_request:1740 | HTTP Request: POST http://prefect-server:4200/api/work_pools/smarthub-pool/get_scheduled_flow_runs \"HTTP/1.1 200 OK\""}
{"ts": "2026-08-17T00:23:21.113017247Z", "container": "prefect-worker", "msg": "2026-08-17 00:23:21 | INFO  | _client.py:_send_single_request:1740 | HTTP Request: POST http://prefect-server:4200/api/work_pools/smarthub-pool/get_scheduled_flow_runs \"HTTP/1.1 200 OK\""}
{"ts": "2026-08-17T00:23:30.126137332Z", "container": "prefect-worker", "msg": "2026-08-17 00:23:30 | INFO  | _client.py:_send_single_request:1740 | HTTP Request: POST http://prefect-server:4200/api/work_pools/smarthub-pool/get_scheduled_flow_runs \"HTTP/1.1 200 OK\""}
{"ts": "2026-08-17T00:23:38.113418302Z", "container": "prefect-worker", "msg": "2026-08-17 00:23:38 | INFO  | _client.py:_send_single_request:1740 | HTTP Request: POST http://prefect-server:4200/api/work_pools/smarthub-pool/get_scheduled_flow_runs \"HTTP/1.1 200 OK\""}
{"ts": "2026-08-17T00:23:47.097717048Z", "container": "prefect-worker", "msg": "2026-08-17 00:23:47 | INFO  | _client.py:_send_single_request:1740 | HTTP Request: POST http://prefect-server:4200/api/work_pools/smarthub-pool/get_scheduled_flow_runs \"HTTP/1.1 200 OK\""}
{"ts": "2026-08-17T00:24:00.078172828Z", "container": "prefect-worker", "msg": "2026-08-17 00:24:00 | INFO  | _client.py:_send_single_request:1740 | HTTP Request: POST http://prefect-server:4200/api/work_pools/smarthub-pool/get_scheduled_flow_runs \"HTTP/1.1 200 OK\""}
{"ts": "2026-08-17T00:24:08.382037284Z", "container": "prefect-worker", "msg": "2026-08-17 00:24:08 | INFO  | _client.py:_send_single_request:1740 | HTTP Request: POST http://prefect-server:4200/api/work_pools/smarthub-pool/get_scheduled_flow_runs \"HTTP/1.1 200 OK\""}
{"ts": "2026-08-17T00:24:17.251424683Z", "container": "prefect-worker", "msg": "2026-08-17 00:24:17 | INFO  | _client.py:_send_single_request:1740 | HTTP Request: POST http://prefect-server:4200/api/work_pools/smarthub-pool/get_scheduled_flow_runs \"HTTP/1.1 200 OK\""}
{"ts": "2026-08-17T00:24:29.357591364Z", "container": "prefect-worker", "msg": "2026-08-17 00:24:29 | INFO  | _client.py:_send_single_request:1740 | HTTP Request: POST http://prefect-server:4200/api/work_pools/smarthub-pool/get_scheduled_flow_runs \"HTTP/1.1 200 OK\""}
{"ts": "2026-08-17T00:24:40.505802852Z", "container": "prefect-worker", "msg": "2026-08-17 00:24:40 | INFO  | _client.py:_send_single_request:1740 | HTTP Request: POST http://prefect-server:4200/api/work_pools/smarthub-pool/get_scheduled_flow_runs \"HTTP/1.1 200 OK\""}
{"ts": "2026-08-17T00:24:53.113142804Z", "container": "prefect-worker", "msg": "2026-08-17 00:24:53 | INFO  | _client.py:_send_single_request:1740 | HTTP Request: POST http://prefect-server:4200/api/work_pools/smarthub-pool/get_scheduled_flow_runs \"HTTP/1.1 200 OK\""}
{"ts": "2026-08-17T00:25:04.031344955Z", "container": "prefect-worker", "msg": "2026-08-17 00:25:04 | INFO  | _client.py:_send_single_request:1740 | HTTP Request: POST http://prefect-server:4200/api/work_pools/smarthub-pool/get_scheduled_flow_runs \"HTTP/1.1 200 OK\""}
{"ts": "2026-08-17T00:25:12.793885855Z", "container": "prefect-worker", "msg": "2026-08-17 00:25:12 | INFO  | _client.py:_send_single_request:1740 | HTTP Request: POST http://prefect-server:4200/api/work_pools/smarthub-pool/get_scheduled_flow_runs \"HTTP/1.1 200 OK\""}
{"ts": "2026-08-17T00:25:24.817938396Z", "container": "prefect-worker", "msg": "2026-08-17 00:25:24 | INFO  | _client.py:_send_single_request:1740 | HTTP Request: POST http://prefect-server:4200/api/work_pools/smarthub-pool/get_scheduled_flow_runs \"HTTP/1.1 200 OK\""}
{"ts": "2026-08-17T00:25:32.871082531Z", "container": "prefect-worker", "msg": "2026-08-17 00:25:32 | INFO  | _client.py:_send_single_request:1740 | HTTP Request: POST http://prefect-server:4200/api/work_pools/smarthub-pool/get_scheduled_flow_runs \"HTTP/1.1 200 OK\""}
{"ts": "2026-08-17T00:25:41.019106420Z", "container": "prefect-worker", "msg": "2026-08-17 00:25:41 | INFO  | _client.py:_send_single_request:1740 | HTTP Request: POST http://prefect-server:4200/api/work_pools/smarthub-pool/get_scheduled_flow_runs \"HTTP/1.1 200 OK\""}
{"ts": "2026-08-17T00:25:53.994345823Z", "container": "prefect-worker", "msg": "2026-08-17 00:25:53 | INFO  | _client.py:_send_single_request:1740 | HTTP Request: POST http://prefect-server:4200/api/work_pools/smarthub-pool/get_scheduled_flow_runs \"HTTP/1.1 200 OK\""}
{"ts": "2026-08-17T00:26:03.838393327Z", "container": "prefect-worker", "msg": "2026-08-17 00:26:03 | INFO  | _client.py:_send_single_request:1740 | HTTP Request: POST http://prefect-server:4200/api/work_pools/smarthub-pool/get_scheduled_flow_runs \"HTTP/1.1 200 OK\""}
{"ts": "2026-08-17T00:26:12.189733089Z", "container": "prefect-worker", "msg": "2026-08-17 00:26:12 | INFO  | _client.py:_send_single_request:1740 | HTTP Request: POST http://prefect-server:4200/api/work_pools/smarthub-pool/get_scheduled_flow_runs \"HTTP/1.1 200 OK\""}
{"ts": "2026-08-17T00:26:20.991184247Z", "container": "prefect-worker", "msg": "2026-08-17 00:26:20 | INFO  | _client.py:_send_single_request:1740 | HTTP Request: POST http://prefect-server:4200/api/work_pools/smarthub-pool/get_scheduled_flow_runs \"HTTP/1.1 200 OK\""}
{"ts": "2026-08-17T00:26:31.073946847Z", "container": "prefect-worker", "msg": "2026-08-17 00:26:31 | INFO  | _client.py:_send_single_request:1740 | HTTP Request: POST http://prefect-server:4200/api/work_pools/smarthub-pool/get_scheduled_flow_runs \"HTTP/1.1 200 OK\""}
{"ts": "2026-08-17T00:26:39.153758437Z", "container": "prefect-worker", "msg": "2026-08-17 00:26:39 | INFO  | _client.py:_send_single_request:1740 | HTTP Request: POST http://prefect-server:4200/api/work_pools/smarthub-pool/get_scheduled_flow_runs \"HTTP/1.1 200 OK\""}
{"ts": "2026-08-17T00:26:50.633842469Z", "container": "prefect-worker", "msg": "2026-08-17 00:26:50 | INFO  | _client.py:_send_single_request:1740 | HTTP Request: POST http://prefect-server:4200/api/work_pools/smarthub-pool/get_scheduled_flow_runs \"HTTP/1.1 200 OK\""}
{"ts": "2026-08-17T00:26:58.490228310Z", "container": "prefect-worker", "msg": "2026-08-17 00:26:58 | INFO  | _client.py:_send_single_request:1740 | HTTP Request: POST http://prefect-server:4200/api/work_pools/smarthub-pool/get_scheduled_flow_runs \"HTTP/1.1 200 OK\""}
{"ts": "2026-08-17T00:27:06.994148013Z", "container": "prefect-worker", "msg": "2026-08-17 00:27:06 | INFO  | _client.py:_send_single_request:1740 | HTTP Request: POST http://prefect-server:4200/api/work_pools/smarthub-pool/get_scheduled_flow_runs \"HTTP/1.1 200 OK\""}
{"ts": "2026-08-17T00:27:16.690486547Z", "container": "prefect-worker", "msg": "2026-08-17 00:27:16 | INFO  | _client.py:_send_single_request:1740 | HTTP Request: POST http://prefect-server:4200/api/work_pools/smarthub-pool/get_scheduled_flow_runs \"HTTP/1.1 200 OK\""}
{"ts": "2026-08-17T00:27:26.617978584Z", "container": "prefect-worker", "msg": "2026-08-17 00:27:26 | INFO  | _client.py:_send_single_request:1740 | HTTP Request: POST http://prefect-server:4200/api/work_pools/smarthub-pool/get_scheduled_flow_runs \"HTTP/1.1 200 OK\""}
{"ts": "2026-08-17T00:27:38.082189481Z", "container": "prefect-worker", "msg": "2026-08-17 00:27:38 | INFO  | _client.py:_send_single_request:1740 | HTTP Request: POST http://prefect-server:4200/api/work_pools/smarthub-pool/get_scheduled_flow_runs \"HTTP/1.1 200 OK\""}
{"ts": "2026-08-17T00:27:47.012507344Z", "container": "prefect-worker", "msg": "2026-08-17 00:27:47 | INFO  | _client.py:_send_single_request:1740 | HTTP Request: POST http://prefect-server:4200/api/work_pools/smarthub-pool/get_scheduled_flow_runs \"HTTP/1.1 200 OK\""}
{"ts": "2026-08-17T00:27:59.811844955Z", "container": "prefect-worker", "msg": "2026-08-17 00:27:59 | INFO  | _client.py:_send_single_request:1740 | HTTP Request: POST http://prefect-server:4200/api/work_pools/smarthub-pool/get_scheduled_flow_runs \"HTTP/1.1 200 OK\""}
{"ts": "2026-08-17T00:28:11.236934797Z", "container": "prefect-worker", "msg": "2026-08-17 00:28:11 | INFO  | _client.py:_send_single_request:1740 | HTTP Request: POST http://prefect-server:4200/api/work_pools/smarthub-pool/get_scheduled_flow_runs \"HTTP/1.1 200 OK\""}
{"ts": "2026-08-17T00:28:18.990779088Z", "container": "prefect-worker", "msg": "2026-08-17 00:28:18 | INFO  | _client.py:_send_single_request:1740 | HTTP Request: POST http://prefect-server:4200/api/work_pools/smarthub-pool/get_scheduled_flow_runs \"HTTP/1.1 200 OK\""}
{"ts": "2026-08-17T00:28:28.806569503Z", "container": "prefect-worker", "msg": "2026-08-17 00:28:28 | INFO  | _client.py:_send_single_request:1740 | HTTP Request: POST http://prefect-server:4200/api/work_pools/smarthub-pool/get_scheduled_flow_runs \"HTTP/1.1 200 OK\""}
{"ts": "2026-08-17T00:28:36.584797557Z", "container": "prefect-worker", "msg": "2026-08-17 00:28:36 | INFO  | _client.py:_send_single_request:1740 | HTTP Request: POST http://prefect-server:4200/api/work_pools/smarthub-pool/get_scheduled_flow_runs \"HTTP/1.1 200 OK\""}
{"ts": "2026-08-17T00:28:47.321686055Z", "container": "prefect-worker", "msg": "2026-08-17 00:28:47 | INFO  | _client.py:_send_single_request:1740 | HTTP Request: POST http://prefect-server:4200/api/work_pools/smarthub-pool/get_scheduled_flow_runs \"HTTP/1.1 200 OK\""}
{"ts": "2026-08-17T00:28:57.958195857Z", "container": "prefect-worker", "msg": "2026-08-17 00:28:57 | INFO  | _client.py:_send_single_request:1740 | HTTP Request: POST http://prefect-server:4200/api/work_pools/smarthub-pool/get_scheduled_flow_runs \"HTTP/1.1 200 OK\""}
{"ts": "2026-08-17T00:29:08.081633501Z", "container": "prefect-worker", "msg": "2026-08-17 00:29:08 | INFO  | _client.py:_send_single_request:1740 | HTTP Request: POST http://prefect-server:4200/api/work_pools/smarthub-pool/get_scheduled_flow_runs \"HTTP/1.1 200 OK\""}
{"ts": "2026-08-17T00:29:17.965347074Z", "container": "prefect-worker", "msg": "2026-08-17 00:29:17 | INFO  | _client.py:_send_single_request:1740 | HTTP Request: POST http://prefect-server:4200/api/work_pools/smarthub-pool/get_scheduled_flow_runs \"HTTP/1.1 200 OK\""}
{"ts": "2026-08-17T00:29:26.378216161Z", "container": "prefect-worker", "msg": "2026-08-17 00:29:26 | INFO  | _client.py:_send_single_request:1740 | HTTP Request: POST http://prefect-server:4200/api/work_pools/smarthub-pool/get_scheduled_flow_runs \"HTTP/1.1 200 OK\""}
{"ts": "2026-08-17T00:29:34.980568213Z", "container": "prefect-worker", "msg": "2026-08-17 00:29:34 | INFO  | _client.py:_send_single_request:1740 | HTTP Request: POST http://prefect-server:4200/api/work_pools/smarthub-pool/get_scheduled_flow_runs \"HTTP/1.1 200 OK\""}
{"ts": "2026-08-17T00:29:44.381242724Z", "container": "prefect-worker", "msg": "2026-08-17 00:29:44 | INFO  | _client.py:_send_single_request:1740 | HTTP Request: POST http://prefect-server:4200/api/work_pools/smarthub-pool/get_scheduled_flow_runs \"HTTP/1.1 200 OK\""}
{"ts": "2026-08-17T00:29:54.926275574Z", "container": "prefect-worker", "msg": "2026-08-17 00:29:54 | INFO  | _client.py:_send_single_request:1740 | HTTP Request: POST http://prefect-server:4200/api/work_pools/smarthub-pool/get_scheduled_flow_runs \"HTTP/1.1 200 OK\""}
{"ts": "2026-08-17T00:29:54.927580236Z", "container": "prefect-worker", "msg": "2026-08-17 00:29:54 | INFO  | base.py:_submit_scheduled_flow_runs:1519 | Worker 'ProcessWorker c09911e3-8540-45ba-b9e5-a987ad0388ad' submitting flow run '01a00a8d-45c4-767a-b1b5-3607ed10d7e3'"}
{"ts": "2026-08-17T00:29:54.949608904Z", "container": "prefect-worker", "msg": "2026-08-17 00:29:54 | INFO  | _client.py:_send_single_request:1740 | HTTP Request: GET http://prefect-server:4200/api/deployments/8d536def-a82a-4c94-941b-14c2c0468511 \"HTTP/1.1 200 OK\""}
{"ts": "2026-08-17T00:29:54.989136009Z", "container": "prefect-worker", "msg": "2026-08-17 00:29:54 | INFO  | _client.py:_send_single_request:1740 | HTTP Request: POST http://prefect-server:4200/api/flow_runs/01a00a8d-45c4-767a-b1b5-3607ed10d7e3/set_state \"HTTP/1.1 201 Created\""}
{"ts": "2026-08-17T00:29:55.008461922Z", "container": "prefect-worker", "msg": "2026-08-17 00:29:55 | INFO  | _client.py:_send_single_request:1740 | HTTP Request: GET http://prefect-server:4200/api/deployments/8d536def-a82a-4c94-941b-14c2c0468511 \"HTTP/1.1 200 OK\""}
{"ts": "2026-08-17T00:29:55.018475202Z", "container": "prefect-worker", "msg": "2026-08-17 00:29:55 | INFO  | _client.py:_send_single_request:1740 | HTTP Request: GET http://prefect-server:4200/api/flows/ed336d12-897f-42a6-bdf9-d48b8de86b57 \"HTTP/1.1 200 OK\""}
{"ts": "2026-08-17T00:29:55.045455604Z", "container": "prefect-worker", "msg": "2026-08-17 00:29:55 | INFO  | _client.py:_send_single_request:1740 | HTTP Request: PATCH http://prefect-server:4200/api/flow_runs/01a00a8d-45c4-767a-b1b5-3607ed10d7e3/labels \"HTTP/1.1 204 No Content\""}
{"ts": "2026-08-17T00:29:55.056197421Z", "container": "prefect-worker", "msg": "2026-08-17 00:29:55 | INFO  | _client.py:_send_single_request:1740 | HTTP Request: POST http://prefect-server:4200/api/flow_runs/01a00a8d-45c4-767a-b1b5-3607ed10d7e3/set_state \"HTTP/1.1 201 Created\""}
{"ts": "2026-08-17T00:29:55.065078221Z", "container": "prefect-worker", "msg": "2026-08-17 00:29:55 | INFO  | _client.py:_send_single_request:1740 | HTTP Request: GET http://prefect-server:4200/api/flow_runs/01a00a8d-45c4-767a-b1b5-3607ed10d7e3 \"HTTP/1.1 200 OK\""}
{"ts": "2026-08-17T00:29:55.065954108Z", "container": "prefect-worker", "msg": "2026-08-17 00:29:55 | INFO  | runner.py:_run_process:994 | Starting flow run process..."}
{"ts": "2026-08-17T00:29:55.090028104Z", "container": "prefect-worker", "msg": "2026-08-17 00:29:55 | INFO  | _client.py:_send_single_request:1740 | HTTP Request: PATCH http://prefect-server:4200/api/flow_runs/01a00a8d-45c4-767a-b1b5-3607ed10d7e3 \"HTTP/1.1 204 No Content\""}
{"ts": "2026-08-17T00:29:55.090510439Z", "container": "prefect-worker", "msg": "2026-08-17 00:29:55 | INFO  | base.py:_submit_run:1601 | Flow run 'outgoing-squid' submitted to infrastructure"}
{"ts": "2026-08-17T00:29:56.294949629Z", "container": "prefect-worker", "msg": "00:29:56.289 | INFO    | Flow run 'outgoing-squid' - Running 1 deployment pull step(s)"}
{"ts": "2026-08-17T00:29:56.297859165Z", "container": "prefect-worker", "msg": "2026-08-17 00:29:56 | INFO  | _client.py:_send_single_request:1740 | HTTP Request: POST http://prefect-server:4200/api/logs/ \"HTTP/1.1 201 Created\""}
{"ts": "2026-08-17T00:29:56.315721696Z", "container": "prefect-worker", "msg": "00:29:56.314 | INFO    | Flow run 'outgoing-squid' - Executing deployment step: set_working_directory"}
{"ts": "2026-08-17T00:29:56.327587173Z", "container": "prefect-worker", "msg": "00:29:56.326 | INFO    | Flow run 'outgoing-squid' - Deployment step 'set_working_directory' completed successfully"}
{"ts": "2026-08-17T00:29:56.341185654Z", "container": "prefect-worker", "msg": "00:29:56.340 | INFO    | Flow run 'outgoing-squid' - All deployment steps completed successfully"}
{"ts": "2026-08-17T00:29:56.423382012Z", "container": "prefect-worker", "msg": "2026-08-17 00:29:56 | INFO  | _client.py:_send_single_request:1025 | HTTP Request: GET http://prefect-server:4200/api/admin/version \"HTTP/1.1 200 OK\""}
{"ts": "2026-08-17T00:29:56.426571161Z", "container": "prefect-worker", "msg": "2026-08-17 00:29:56 | INFO  | _client.py:_send_single_request:1025 | HTTP Request: GET http://prefect-server:4200/api/csrf-token?client=9149d6bc-325c-4df6-8a60-cefb8d2109b3 \"HTTP/1.1 422 Unprocessable Entity\""}
{"ts": "2026-08-17T00:29:56.431974419Z", "container": "prefect-worker", "msg": "2026-08-17 00:29:56 | INFO  | _client.py:_send_single_request:1025 | HTTP Request: PATCH http://prefect-server:4200/api/flow_runs/01a00a8d-45c4-767a-b1b5-3607ed10d7e3 \"HTTP/1.1 204 No Content\""}
{"ts": "2026-08-17T00:29:56.451795377Z", "container": "prefect-worker", "msg": "2026-08-17 00:29:56 | INFO  | _client.py:_send_single_request:1740 | HTTP Request: GET http://prefect-server:4200/api/flow_runs/01a00a8d-45c4-767a-b1b5-3607ed10d7e3 \"HTTP/1.1 200 OK\""}
{"ts": "2026-08-17T00:29:56.463558223Z", "container": "prefect-worker", "msg": "2026-08-17 00:29:56 | INFO  | _client.py:_send_single_request:1025 | HTTP Request: POST http://prefect-server:4200/api/flow_runs/01a00a8d-45c4-767a-b1b5-3607ed10d7e3/set_state \"HTTP/1.1 200 OK\""}
{"ts": "2026-08-17T00:29:58.301807529Z", "container": "prefect-worker", "msg": "2026-08-17 00:29:58 | INFO  | _client.py:_send_single_request:1740 | HTTP Request: GET http://prefect-server:4200/api/csrf-token?client=ad08bcf2-8083-4118-a255-d1507066481b \"HTTP/1.1 422 Unprocessable Entity\""}
{"ts": "2026-08-17T00:29:58.308528059Z", "container": "prefect-worker", "msg": "2026-08-17 00:29:58 | INFO  | _client.py:_send_single_request:1740 | HTTP Request: POST http://prefect-server:4200/api/logs/ \"HTTP/1.1 201 Created\""}
{"ts": "2026-08-17T00:30:00.478486491Z", "container": "prefect-worker", "msg": "2026-08-17 00:30:00 | INFO  | _client.py:_send_single_request:1025 | HTTP Request: POST http://prefect-server:4200/api/flow_runs/01a00a8d-45c4-767a-b1b5-3607ed10d7e3/set_state \"HTTP/1.1 201 Created\""}
{"ts": "2026-08-17T00:30:00.484297693Z", "container": "prefect-worker", "msg": "2026-08-17 00:30:00 | INFO  | _client.py:_send_single_request:1025 | HTTP Request: GET http://prefect-server:4200/api/flow_runs/01a00a8d-45c4-767a-b1b5-3607ed10d7e3 \"HTTP/1.1 200 OK\""}
{"ts": "2026-08-17T00:30:00.489002775Z", "container": "prefect-worker", "msg": "2026-08-17 00:30:00 | INFO  | _client.py:_send_single_request:1025 | HTTP Request: GET http://prefect-server:4200/api/admin/storage \"HTTP/1.1 200 OK\""}
{"ts": "2026-08-17T00:30:00.492136863Z", "container": "prefect-worker", "msg": "2026-08-17 00:30:00 | INFO  | _client.py:_send_single_request:1025 | HTTP Request: GET http://prefect-server:4200/api/admin/storage \"HTTP/1.1 200 OK\""}
{"ts": "2026-08-17T00:30:00.492717768Z", "container": "prefect-worker", "msg": "2026-08-17 00:30:00 | INFO  | flow_engine.py:setup_run_context:1133 | Beginning flow run 'outgoing-squid' for flow 'smarthub-build-features'"}
{"ts": "2026-08-17T00:30:00.493181512Z", "container": "prefect-worker", "msg": "2026-08-17 00:30:00 | INFO  | flow_engine.py:setup_run_context:1138 | View at http://prefect-server:4200/runs/flow-run/01a00a8d-45c4-767a-b1b5-3607ed10d7e3"}
{"ts": "2026-08-17T00:30:00.589948488Z", "container": "prefect-worker", "msg": "2026-08-17 00:30:00 | INFO  | _client.py:_send_single_request:1740 | HTTP Request: GET http://prefect-server:4200/api/work_queues/109a2d50-2dca-4233-a9a5-9ec78fefd79f \"HTTP/1.1 200 OK\""}
{"ts": "2026-08-17T00:30:00.591776964Z", "container": "prefect-worker", "msg": "2026-08-17 00:30:00 | INFO  | _client.py:_send_single_request:1740 | HTTP Request: GET http://prefect-server:4200/api/flows/ed336d12-897f-42a6-bdf9-d48b8de86b57 \"HTTP/1.1 200 OK\""}
{"ts": "2026-08-17T00:30:00.592372009Z", "container": "prefect-worker", "msg": "2026-08-17 00:30:00 | INFO  | _client.py:_send_single_request:1740 | HTTP Request: GET http://prefect-server:4200/api/deployments/8d536def-a82a-4c94-941b-14c2c0468511 \"HTTP/1.1 200 OK\""}
{"ts": "2026-08-17T00:30:00.593643151Z", "container": "prefect-worker", "msg": "2026-08-17 00:30:00 | INFO  | _client.py:_send_single_request:1740 | HTTP Request: GET http://prefect-server:4200/api/work_pools/smarthub-pool \"HTTP/1.1 200 OK\""}
{"ts": "2026-08-17T00:30:02.340057393Z", "container": "prefect-worker", "msg": "2026-08-17 00:30:02 | INFO  | _client.py:_send_single_request:1740 | HTTP Request: POST http://prefect-server:4200/api/logs/ \"HTTP/1.1 201 Created\""}
{"ts": "2026-08-17T00:30:06.983283390Z", "container": "prefect-worker", "msg": "2026-08-17 00:30:06 | INFO  | _client.py:_send_single_request:1740 | HTTP Request: POST http://prefect-server:4200/api/work_pools/smarthub-pool/get_scheduled_flow_runs \"HTTP/1.1 200 OK\""}
{"ts": "2026-08-17T00:30:09.675745146Z", "container": "prefect-worker", "msg": "2026-08-17 00:30:09 | INFO  | build.py:run_build_features:266 | [auto] training table 2026-08-17T003008Z: 529185 rows, 40 cols -> /app/data/training_datasets/auto/2026-08-17T003008Z.parquet"}
{"ts": "2026-08-17T00:30:09.800140890Z", "container": "prefect-worker", "msg": "2026-08-17 00:30:09 | INFO  | task_engine.py:log_finished_message:410 | Finished in state Completed()"}
{"ts": "2026-08-17T00:30:09.822548190Z", "container": "prefect-worker", "msg": "2026-08-17 00:30:09 | INFO  | _client.py:_send_single_request:1025 | HTTP Request: POST http://prefect-server:4200/api/artifacts/ \"HTTP/1.1 201 Created\""}
{"ts": "2026-08-17T00:30:10.006590556Z", "container": "prefect-worker", "msg": "2026-08-17 00:30:10 | INFO  | _client.py:_send_single_request:1025 | HTTP Request: POST http://prefect-server:4200/api/flow_runs/01a00a8d-45c4-767a-b1b5-3607ed10d7e3/set_state \"HTTP/1.1 201 Created\""}
{"ts": "2026-08-17T00:30:10.401886062Z", "container": "prefect-worker", "msg": "2026-08-17 00:30:10 | INFO  | flow_engine.py:initialize_run:1235 | Finished in state Completed()"}
{"ts": "2026-08-17T00:30:10.411620269Z", "container": "prefect-worker", "msg": "2026-08-17 00:30:10 | INFO  | _client.py:_send_single_request:1740 | HTTP Request: POST http://prefect-server:4200/api/logs/ \"HTTP/1.1 201 Created\""}
{"ts": "2026-08-17T00:30:10.704737582Z", "container": "prefect-worker", "msg": "2026-08-17 00:30:10 | INFO  | runner.py:_submit_run_and_capture_errors:1447 | Process for flow run 'outgoing-squid' exited cleanly."}
{"ts": "2026-08-17T00:30:10.714161686Z", "container": "prefect-worker", "msg": "2026-08-17 00:30:10 | INFO  | _client.py:_send_single_request:1740 | HTTP Request: GET http://prefect-server:4200/api/flow_runs/01a00a8d-45c4-767a-b1b5-3607ed10d7e3 \"HTTP/1.1 200 OK\""}
{"ts": "2026-08-17T00:30:12.315033507Z", "container": "prefect-worker", "msg": "2026-08-17 00:30:12 | INFO  | _client.py:_send_single_request:1740 | HTTP Request: POST http://prefect-server:4200/api/logs/ \"HTTP/1.1 201 Created\""}
{"ts": "2026-08-17T00:30:18.136118460Z", "container": "prefect-worker", "msg": "2026-08-17 00:30:18 | INFO  | _client.py:_send_single_request:1740 | HTTP Request: POST http://prefect-server:4200/api/work_pools/smarthub-pool/get_scheduled_flow_runs \"HTTP/1.1 200 OK\""}
{"ts": "2026-08-17T00:30:26.938767214Z", "container": "prefect-worker", "msg": "2026-08-17 00:30:26 | INFO  | _client.py:_send_single_request:1740 | HTTP Request: POST http://prefect-server:4200/api/work_pools/smarthub-pool/get_scheduled_flow_runs \"HTTP/1.1 200 OK\""}
{"ts": "2026-08-17T00:30:38.696003260Z", "container": "prefect-worker", "msg": "2026-08-17 00:30:38 | INFO  | _client.py:_send_single_request:1740 | HTTP Request: POST http://prefect-server:4200/api/work_pools/smarthub-pool/get_scheduled_flow_runs \"HTTP/1.1 200 OK\""}
{"ts": "2026-08-17T00:30:51.478136718Z", "container": "prefect-worker", "msg": "2026-08-17 00:30:51 | INFO  | _client.py:_send_single_request:1740 | HTTP Request: POST http://prefect-server:4200/api/work_pools/smarthub-pool/get_scheduled_flow_runs \"HTTP/1.1 200 OK\""}
{"ts": "2026-08-17T00:31:03.115481650Z", "container": "prefect-worker", "msg": "2026-08-17 00:31:03 | INFO  | _client.py:_send_single_request:1740 | HTTP Request: POST http://prefect-server:4200/api/work_pools/smarthub-pool/get_scheduled_flow_runs \"HTTP/1.1 200 OK\""}
{"ts": "2026-08-17T00:31:11.577710849Z", "container": "prefect-worker", "msg": "2026-08-17 00:31:11 | INFO  | _client.py:_send_single_request:1740 | HTTP Request: POST http://prefect-server:4200/api/work_pools/smarthub-pool/get_scheduled_flow_runs \"HTTP/1.1 200 OK\""}
{"ts": "2026-08-17T00:31:19.767098565Z", "container": "prefect-worker", "msg": "2026-08-17 00:31:19 | INFO  | _client.py:_send_single_request:1740 | HTTP Request: POST http://prefect-server:4200/api/work_pools/smarthub-pool/get_scheduled_flow_runs \"HTTP/1.1 200 OK\""}
{"ts": "2026-08-17T00:31:27.725538434Z", "container": "prefect-worker", "msg": "2026-08-17 00:31:27 | INFO  | _client.py:_send_single_request:1740 | HTTP Request: POST http://prefect-server:4200/api/work_pools/smarthub-pool/get_scheduled_flow_runs \"HTTP/1.1 200 OK\""}
{"ts": "2026-08-17T00:31:36.349089600Z", "container": "prefect-worker", "msg": "2026-08-17 00:31:36 | INFO  | _client.py:_send_single_request:1740 | HTTP Request: POST http://prefect-server:4200/api/work_pools/smarthub-pool/get_scheduled_flow_runs \"HTTP/1.1 200 OK\""}
{"ts": "2026-08-17T00:31:44.333658561Z", "container": "prefect-worker", "msg": "2026-08-17 00:31:44 | INFO  | _client.py:_send_single_request:1740 | HTTP Request: POST http://prefect-server:4200/api/work_pools/smarthub-pool/get_scheduled_flow_runs \"HTTP/1.1 200 OK\""}
{"ts": "2026-08-17T00:31:52.030420718Z", "container": "prefect-worker", "msg": "2026-08-17 00:31:52 | INFO  | _client.py:_send_single_request:1740 | HTTP Request: POST http://prefect-server:4200/api/work_pools/smarthub-pool/get_scheduled_flow_runs \"HTTP/1.1 200 OK\""}
{"ts": "2026-08-17T00:32:02.900579703Z", "container": "prefect-worker", "msg": "2026-08-17 00:32:02 | INFO  | _client.py:_send_single_request:1740 | HTTP Request: POST http://prefect-server:4200/api/work_pools/smarthub-pool/get_scheduled_flow_runs \"HTTP/1.1 200 OK\""}
{"ts": "2026-08-17T00:32:12.209937552Z", "container": "prefect-worker", "msg": "2026-08-17 00:32:12 | INFO  | _client.py:_send_single_request:1740 | HTTP Request: POST http://prefect-server:4200/api/work_pools/smarthub-pool/get_scheduled_flow_runs \"HTTP/1.1 200 OK\""}
{"ts": "2026-08-17T00:32:22.565382691Z", "container": "prefect-worker", "msg": "2026-08-17 00:32:22 | INFO  | _client.py:_send_single_request:1740 | HTTP Request: POST http://prefect-server:4200/api/work_pools/smarthub-pool/get_scheduled_flow_runs \"HTTP/1.1 200 OK\""}
{"ts": "2026-08-17T00:32:30.765160878Z", "container": "prefect-worker", "msg": "2026-08-17 00:32:30 | INFO  | _client.py:_send_single_request:1740 | HTTP Request: POST http://prefect-server:4200/api/work_pools/smarthub-pool/get_scheduled_flow_runs \"HTTP/1.1 200 OK\""}
{"ts": "2026-08-17T00:32:39.756781073Z", "container": "prefect-worker", "msg": "2026-08-17 00:32:39 | INFO  | _client.py:_send_single_request:1740 | HTTP Request: POST http://prefect-server:4200/api/work_pools/smarthub-pool/get_scheduled_flow_runs \"HTTP/1.1 200 OK\""}
{"ts": "2026-08-17T00:32:48.242883416Z", "container": "prefect-worker", "msg": "2026-08-17 00:32:48 | INFO  | _client.py:_send_single_request:1740 | HTTP Request: POST http://prefect-server:4200/api/work_pools/smarthub-pool/get_scheduled_flow_runs \"HTTP/1.1 200 OK\""}
{"ts": "2026-08-17T00:32:59.369654708Z", "container": "prefect-worker", "msg": "2026-08-17 00:32:59 | INFO  | _client.py:_send_single_request:1740 | HTTP Request: POST http://prefect-server:4200/api/work_pools/smarthub-pool/get_scheduled_flow_runs \"HTTP/1.1 200 OK\""}
{"ts": "2026-08-17T00:33:10.873539581Z", "container": "prefect-worker", "msg": "2026-08-17 00:33:10 | INFO  | _client.py:_send_single_request:1740 | HTTP Request: POST http://prefect-server:4200/api/work_pools/smarthub-pool/get_scheduled_flow_runs \"HTTP/1.1 200 OK\""}
{"ts": "2026-08-17T00:33:20.497024037Z", "container": "prefect-worker", "msg": "2026-08-17 00:33:20 | INFO  | _client.py:_send_single_request:1740 | HTTP Request: POST http://prefect-server:4200/api/work_pools/smarthub-pool/get_scheduled_flow_runs \"HTTP/1.1 200 OK\""}
{"ts": "2026-08-17T00:33:29.225169256Z", "container": "prefect-worker", "msg": "2026-08-17 00:33:29 | INFO  | _client.py:_send_single_request:1740 | HTTP Request: POST http://prefect-server:4200/api/work_pools/smarthub-pool/get_scheduled_flow_runs \"HTTP/1.1 200 OK\""}
{"ts": "2026-08-17T00:33:37.337893967Z", "container": "prefect-worker", "msg": "2026-08-17 00:33:37 | INFO  | _client.py:_send_single_request:1740 | HTTP Request: POST http://prefect-server:4200/api/work_pools/smarthub-pool/get_scheduled_flow_runs \"HTTP/1.1 200 OK\""}
{"ts": "2026-08-17T00:33:48.305135772Z", "container": "prefect-worker", "msg": "2026-08-17 00:33:48 | INFO  | _client.py:_send_single_request:1740 | HTTP Request: POST http://prefect-server:4200/api/work_pools/smarthub-pool/get_scheduled_flow_runs \"HTTP/1.1 200 OK\""}
{"ts": "2026-08-17T00:33:55.881468690Z", "container": "prefect-worker", "msg": "2026-08-17 00:33:55 | INFO  | _client.py:_send_single_request:1740 | HTTP Request: POST http://prefect-server:4200/api/work_pools/smarthub-pool/get_scheduled_flow_runs \"HTTP/1.1 200 OK\""}
{"ts": "2026-08-17T00:34:07.780445248Z", "container": "prefect-worker", "msg": "2026-08-17 00:34:07 | INFO  | _client.py:_send_single_request:1740 | HTTP Request: POST http://prefect-server:4200/api/work_pools/smarthub-pool/get_scheduled_flow_runs \"HTTP/1.1 200 OK\""}
{"ts": "2026-08-17T00:34:19.432835325Z", "container": "prefect-worker", "msg": "2026-08-17 00:34:19 | INFO  | _client.py:_send_single_request:1740 | HTTP Request: POST http://prefect-server:4200/api/work_pools/smarthub-pool/get_scheduled_flow_runs \"HTTP/1.1 200 OK\""}
{"ts": "2026-08-17T00:34:28.205633915Z", "container": "prefect-worker", "msg": "2026-08-17 00:34:28 | INFO  | _client.py:_send_single_request:1740 | HTTP Request: POST http://prefect-server:4200/api/work_pools/smarthub-pool/get_scheduled_flow_runs \"HTTP/1.1 200 OK\""}
{"ts": "2026-08-17T00:34:36.069661359Z", "container": "prefect-worker", "msg": "2026-08-17 00:34:36 | INFO  | _client.py:_send_single_request:1740 | HTTP Request: POST http://prefect-server:4200/api/work_pools/smarthub-pool/get_scheduled_flow_runs \"HTTP/1.1 200 OK\""}
{"ts": "2026-08-17T00:34:45.105573685Z", "container": "prefect-worker", "msg": "2026-08-17 00:34:45 | INFO  | _client.py:_send_single_request:1740 | HTTP Request: POST http://prefect-server:4200/api/work_pools/smarthub-pool/get_scheduled_flow_runs \"HTTP/1.1 200 OK\""}
{"ts": "2026-08-17T00:34:58.066245481Z", "container": "prefect-worker", "msg": "2026-08-17 00:34:58 | INFO  | _client.py:_send_single_request:1740 | HTTP Request: POST http://prefect-server:4200/api/work_pools/smarthub-pool/get_scheduled_flow_runs \"HTTP/1.1 200 OK\""}
{"ts": "2026-08-17T00:35:07.705482577Z", "container": "prefect-worker", "msg": "2026-08-17 00:35:07 | INFO  | _client.py:_send_single_request:1740 | HTTP Request: POST http://prefect-server:4200/api/work_pools/smarthub-pool/get_scheduled_flow_runs \"HTTP/1.1 200 OK\""}
{"ts": "2026-08-17T00:35:19.048413508Z", "container": "prefect-worker", "msg": "2026-08-17 00:35:19 | INFO  | _client.py:_send_single_request:1740 | HTTP Request: POST http://prefect-server:4200/api/work_pools/smarthub-pool/get_scheduled_flow_runs \"HTTP/1.1 200 OK\""}
{"ts": "2026-08-17T00:35:26.807266905Z", "container": "prefect-worker", "msg": "2026-08-17 00:35:26 | INFO  | _client.py:_send_single_request:1740 | HTTP Request: POST http://prefect-server:4200/api/work_pools/smarthub-pool/get_scheduled_flow_runs \"HTTP/1.1 200 OK\""}
{"ts": "2026-08-17T00:35:37.872608155Z", "container": "prefect-worker", "msg": "2026-08-17 00:35:37 | INFO  | _client.py:_send_single_request:1740 | HTTP Request: POST http://prefect-server:4200/api/work_pools/smarthub-pool/get_scheduled_flow_runs \"HTTP/1.1 200 OK\""}
{"ts": "2026-08-17T00:35:49.850587916Z", "container": "prefect-worker", "msg": "2026-08-17 00:35:49 | INFO  | _client.py:_send_single_request:1740 | HTTP Request: POST http://prefect-server:4200/api/work_pools/smarthub-pool/get_scheduled_flow_runs \"HTTP/1.1 200 OK\""}
{"ts": "2026-08-17T00:36:00.982177194Z", "container": "prefect-worker", "msg": "2026-08-17 00:36:00 | INFO  | _client.py:_send_single_request:1740 | HTTP Request: POST http://prefect-server:4200/api/work_pools/smarthub-pool/get_scheduled_flow_runs \"HTTP/1.1 200 OK\""}
{"ts": "2026-08-17T00:36:11.757775621Z", "container": "prefect-worker", "msg": "2026-08-17 00:36:11 | INFO  | _client.py:_send_single_request:1740 | HTTP Request: POST http://prefect-server:4200/api/work_pools/smarthub-pool/get_scheduled_flow_runs \"HTTP/1.1 200 OK\""}
{"ts": "2026-08-17T00:36:21.391341096Z", "container": "prefect-worker", "msg": "2026-08-17 00:36:21 | INFO  | _client.py:_send_single_request:1740 | HTTP Request: POST http://prefect-server:4200/api/work_pools/smarthub-pool/get_scheduled_flow_runs \"HTTP/1.1 200 OK\""}
{"ts": "2026-08-17T00:36:31.954722442Z", "container": "prefect-worker", "msg": "2026-08-17 00:36:31 | INFO  | _client.py:_send_single_request:1740 | HTTP Request: POST http://prefect-server:4200/api/work_pools/smarthub-pool/get_scheduled_flow_runs \"HTTP/1.1 200 OK\""}
{"ts": "2026-08-17T00:36:44.347856571Z", "container": "prefect-worker", "msg": "2026-08-17 00:36:44 | INFO  | _client.py:_send_single_request:1740 | HTTP Request: POST http://prefect-server:4200/api/work_pools/smarthub-pool/get_scheduled_flow_runs \"HTTP/1.1 200 OK\""}
{"ts": "2026-08-17T00:36:53.137058704Z", "container": "prefect-worker", "msg": "2026-08-17 00:36:53 | INFO  | _client.py:_send_single_request:1740 | HTTP Request: POST http://prefect-server:4200/api/work_pools/smarthub-pool/get_scheduled_flow_runs \"HTTP/1.1 200 OK\""}
{"ts": "2026-08-17T00:37:02.074950761Z", "container": "prefect-worker", "msg": "2026-08-17 00:37:02 | INFO  | _client.py:_send_single_request:1740 | HTTP Request: POST http://prefect-server:4200/api/work_pools/smarthub-pool/get_scheduled_flow_runs \"HTTP/1.1 200 OK\""}
{"ts": "2026-08-17T00:37:10.458434252Z", "container": "prefect-worker", "msg": "2026-08-17 00:37:10 | INFO  | _client.py:_send_single_request:1740 | HTTP Request: POST http://prefect-server:4200/api/work_pools/smarthub-pool/get_scheduled_flow_runs \"HTTP/1.1 200 OK\""}
{"ts": "2026-08-17T00:37:20.067902288Z", "container": "prefect-worker", "msg": "2026-08-17 00:37:20 | INFO  | _client.py:_send_single_request:1740 | HTTP Request: POST http://prefect-server:4200/api/work_pools/smarthub-pool/get_scheduled_flow_runs \"HTTP/1.1 200 OK\""}
{"ts": "2026-08-17T00:37:28.481531195Z", "container": "prefect-worker", "msg": "2026-08-17 00:37:28 | INFO  | _client.py:_send_single_request:1740 | HTTP Request: POST http://prefect-server:4200/api/work_pools/smarthub-pool/get_scheduled_flow_runs \"HTTP/1.1 200 OK\""}
{"ts": "2026-08-17T00:37:38.721400941Z", "container": "prefect-worker", "msg": "2026-08-17 00:37:38 | INFO  | _client.py:_send_single_request:1740 | HTTP Request: POST http://prefect-server:4200/api/work_pools/smarthub-pool/get_scheduled_flow_runs \"HTTP/1.1 200 OK\""}
{"ts": "2026-08-17T00:37:50.088434135Z", "container": "prefect-worker", "msg": "2026-08-17 00:37:50 | INFO  | _client.py:_send_single_request:1740 | HTTP Request: POST http://prefect-server:4200/api/work_pools/smarthub-pool/get_scheduled_flow_runs \"HTTP/1.1 200 OK\""}
{"ts": "2026-08-17T00:37:59.675573984Z", "container": "prefect-worker", "msg": "2026-08-17 00:37:59 | INFO  | _client.py:_send_single_request:1740 | HTTP Request: POST http://prefect-server:4200/api/work_pools/smarthub-pool/get_scheduled_flow_runs \"HTTP/1.1 200 OK\""}
{"ts": "2026-08-17T00:38:07.662864295Z", "container": "prefect-worker", "msg": "2026-08-17 00:38:07 | INFO  | _client.py:_send_single_request:1740 | HTTP Request: POST http://prefect-server:4200/api/work_pools/smarthub-pool/get_scheduled_flow_runs \"HTTP/1.1 200 OK\""}
{"ts": "2026-08-17T00:38:20.657222717Z", "container": "prefect-worker", "msg": "2026-08-17 00:38:20 | INFO  | _client.py:_send_single_request:1740 | HTTP Request: POST http://prefect-server:4200/api/work_pools/smarthub-pool/get_scheduled_flow_runs \"HTTP/1.1 200 OK\""}
{"ts": "2026-08-17T00:38:30.477993976Z", "container": "prefect-worker", "msg": "2026-08-17 00:38:30 | INFO  | _client.py:_send_single_request:1740 | HTTP Request: POST http://prefect-server:4200/api/work_pools/smarthub-pool/get_scheduled_flow_runs \"HTTP/1.1 200 OK\""}
{"ts": "2026-08-17T00:38:39.056229286Z", "container": "prefect-worker", "msg": "2026-08-17 00:38:39 | INFO  | _client.py:_send_single_request:1740 | HTTP Request: POST http://prefect-server:4200/api/work_pools/smarthub-pool/get_scheduled_flow_runs \"HTTP/1.1 200 OK\""}
{"ts": "2026-08-17T00:38:51.142340464Z", "container": "prefect-worker", "msg": "2026-08-17 00:38:51 | INFO  | _client.py:_send_single_request:1740 | HTTP Request: POST http://prefect-server:4200/api/work_pools/smarthub-pool/get_scheduled_flow_runs \"HTTP/1.1 200 OK\""}
{"ts": "2026-08-17T00:38:58.733978974Z", "container": "prefect-worker", "msg": "2026-08-17 00:38:58 | INFO  | _client.py:_send_single_request:1740 | HTTP Request: POST http://prefect-server:4200/api/work_pools/smarthub-pool/get_scheduled_flow_runs \"HTTP/1.1 200 OK\""}
{"ts": "2026-08-17T00:39:06.816599261Z", "container": "prefect-worker", "msg": "2026-08-17 00:39:06 | INFO  | _client.py:_send_single_request:1740 | HTTP Request: POST http://prefect-server:4200/api/work_pools/smarthub-pool/get_scheduled_flow_runs \"HTTP/1.1 200 OK\""}
{"ts": "2026-08-17T00:39:15.840657904Z", "container": "prefect-worker", "msg": "2026-08-17 00:39:15 | INFO  | _client.py:_send_single_request:1740 | HTTP Request: POST http://prefect-server:4200/api/work_pools/smarthub-pool/get_scheduled_flow_runs \"HTTP/1.1 200 OK\""}
{"ts": "2026-08-17T00:39:25.657853342Z", "container": "prefect-worker", "msg": "2026-08-17 00:39:25 | INFO  | _client.py:_send_single_request:1740 | HTTP Request: POST http://prefect-server:4200/api/work_pools/smarthub-pool/get_scheduled_flow_runs \"HTTP/1.1 200 OK\""}
{"ts": "2026-08-17T00:39:37.553374923Z", "container": "prefect-worker", "msg": "2026-08-17 00:39:37 | INFO  | _client.py:_send_single_request:1740 | HTTP Request: POST http://prefect-server:4200/api/work_pools/smarthub-pool/get_scheduled_flow_runs \"HTTP/1.1 200 OK\""}
{"ts": "2026-08-17T00:39:45.903695018Z", "container": "prefect-worker", "msg": "2026-08-17 00:39:45 | INFO  | _client.py:_send_single_request:1740 | HTTP Request: POST http://prefect-server:4200/api/work_pools/smarthub-pool/get_scheduled_flow_runs \"HTTP/1.1 200 OK\""}
{"ts": "2026-08-17T00:39:58.489142777Z", "container": "prefect-worker", "msg": "2026-08-17 00:39:58 | INFO  | _client.py:_send_single_request:1740 | HTTP Request: POST http://prefect-server:4200/api/work_pools/smarthub-pool/get_scheduled_flow_runs \"HTTP/1.1 200 OK\""}
{"ts": "2026-08-17T00:40:08.429742595Z", "container": "prefect-worker", "msg": "2026-08-17 00:40:08 | INFO  | _client.py:_send_single_request:1740 | HTTP Request: POST http://prefect-server:4200/api/work_pools/smarthub-pool/get_scheduled_flow_runs \"HTTP/1.1 200 OK\""}
{"ts": "2026-08-17T00:40:18.328006932Z", "container": "prefect-worker", "msg": "2026-08-17 00:40:18 | INFO  | _client.py:_send_single_request:1740 | HTTP Request: POST http://prefect-server:4200/api/work_pools/smarthub-pool/get_scheduled_flow_runs \"HTTP/1.1 200 OK\""}
{"ts": "2026-08-17T00:40:28.216676863Z", "container": "prefect-worker", "msg": "2026-08-17 00:40:28 | INFO  | _client.py:_send_single_request:1740 | HTTP Request: POST http://prefect-server:4200/api/work_pools/smarthub-pool/get_scheduled_flow_runs \"HTTP/1.1 200 OK\""}
{"ts": "2026-08-17T00:40:35.906098254Z", "container": "prefect-worker", "msg": "2026-08-17 00:40:35 | INFO  | _client.py:_send_single_request:1740 | HTTP Request: POST http://prefect-server:4200/api/work_pools/smarthub-pool/get_scheduled_flow_runs \"HTTP/1.1 200 OK\""}
{"ts": "2026-08-17T00:40:44.728533874Z", "container": "prefect-worker", "msg": "2026-08-17 00:40:44 | INFO  | _client.py:_send_single_request:1740 | HTTP Request: POST http://prefect-server:4200/api/work_pools/smarthub-pool/get_scheduled_flow_runs \"HTTP/1.1 200 OK\""}
{"ts": "2026-08-17T00:40:54.741420072Z", "container": "prefect-worker", "msg": "2026-08-17 00:40:54 | INFO  | _client.py:_send_single_request:1740 | HTTP Request: POST http://prefect-server:4200/api/work_pools/smarthub-pool/get_scheduled_flow_runs \"HTTP/1.1 200 OK\""}
{"ts": "2026-08-17T00:41:04.649666137Z", "container": "prefect-worker", "msg": "2026-08-17 00:41:04 | INFO  | _client.py:_send_single_request:1740 | HTTP Request: POST http://prefect-server:4200/api/work_pools/smarthub-pool/get_scheduled_flow_runs \"HTTP/1.1 200 OK\""}
{"ts": "2026-08-17T00:41:12.733670669Z", "container": "prefect-worker", "msg": "2026-08-17 00:41:12 | INFO  | _client.py:_send_single_request:1740 | HTTP Request: POST http://prefect-server:4200/api/work_pools/smarthub-pool/get_scheduled_flow_runs \"HTTP/1.1 200 OK\""}
{"ts": "2026-08-17T00:41:23.942393138Z", "container": "prefect-worker", "msg": "2026-08-17 00:41:23 | INFO  | _client.py:_send_single_request:1740 | HTTP Request: POST http://prefect-server:4200/api/work_pools/smarthub-pool/get_scheduled_flow_runs \"HTTP/1.1 200 OK\""}
{"ts": "2026-08-17T00:41:33.208742447Z", "container": "prefect-worker", "msg": "2026-08-17 00:41:33 | INFO  | _client.py:_send_single_request:1740 | HTTP Request: POST http://prefect-server:4200/api/work_pools/smarthub-pool/get_scheduled_flow_runs \"HTTP/1.1 200 OK\""}
{"ts": "2026-08-17T00:41:45.988481833Z", "container": "prefect-worker", "msg": "2026-08-17 00:41:45 | INFO  | _client.py:_send_single_request:1740 | HTTP Request: POST http://prefect-server:4200/api/work_pools/smarthub-pool/get_scheduled_flow_runs \"HTTP/1.1 200 OK\""}
{"ts": "2026-08-17T00:41:54.201823606Z", "container": "prefect-worker", "msg": "2026-08-17 00:41:54 | INFO  | _client.py:_send_single_request:1740 | HTTP Request: POST http://prefect-server:4200/api/work_pools/smarthub-pool/get_scheduled_flow_runs \"HTTP/1.1 200 OK\""}
{"ts": "2026-08-17T00:42:01.936778082Z", "container": "prefect-worker", "msg": "2026-08-17 00:42:01 | INFO  | _client.py:_send_single_request:1740 | HTTP Request: POST http://prefect-server:4200/api/work_pools/smarthub-pool/get_scheduled_flow_runs \"HTTP/1.1 200 OK\""}
{"ts": "2026-08-17T00:42:13.757808972Z", "container": "prefect-worker", "msg": "2026-08-17 00:42:13 | INFO  | _client.py:_send_single_request:1740 | HTTP Request: POST http://prefect-server:4200/api/work_pools/smarthub-pool/get_scheduled_flow_runs \"HTTP/1.1 200 OK\""}
{"ts": "2026-08-17T00:42:22.681663512Z", "container": "prefect-worker", "msg": "2026-08-17 00:42:22 | INFO  | _client.py:_send_single_request:1740 | HTTP Request: POST http://prefect-server:4200/api/work_pools/smarthub-pool/get_scheduled_flow_runs \"HTTP/1.1 200 OK\""}
{"ts": "2026-08-17T00:42:34.823250045Z", "container": "prefect-worker", "msg": "2026-08-17 00:42:34 | INFO  | _client.py:_send_single_request:1740 | HTTP Request: POST http://prefect-server:4200/api/work_pools/smarthub-pool/get_scheduled_flow_runs \"HTTP/1.1 200 OK\""}
{"ts": "2026-08-17T00:42:45.600700171Z", "container": "prefect-worker", "msg": "2026-08-17 00:42:45 | INFO  | _client.py:_send_single_request:1740 | HTTP Request: POST http://prefect-server:4200/api/work_pools/smarthub-pool/get_scheduled_flow_runs \"HTTP/1.1 200 OK\""}
{"ts": "2026-08-17T00:42:56.995647145Z", "container": "prefect-worker", "msg": "2026-08-17 00:42:56 | INFO  | _client.py:_send_single_request:1740 | HTTP Request: POST http://prefect-server:4200/api/work_pools/smarthub-pool/get_scheduled_flow_runs \"HTTP/1.1 200 OK\""}
{"ts": "2026-08-17T00:43:04.947909534Z", "container": "prefect-worker", "msg": "2026-08-17 00:43:04 | INFO  | _client.py:_send_single_request:1740 | HTTP Request: POST http://prefect-server:4200/api/work_pools/smarthub-pool/get_scheduled_flow_runs \"HTTP/1.1 200 OK\""}
{"ts": "2026-08-17T00:43:13.343971426Z", "container": "prefect-worker", "msg": "2026-08-17 00:43:13 | INFO  | _client.py:_send_single_request:1740 | HTTP Request: POST http://prefect-server:4200/api/work_pools/smarthub-pool/get_scheduled_flow_runs \"HTTP/1.1 200 OK\""}
{"ts": "2026-08-17T00:43:21.419912856Z", "container": "prefect-worker", "msg": "2026-08-17 00:43:21 | INFO  | _client.py:_send_single_request:1740 | HTTP Request: POST http://prefect-server:4200/api/work_pools/smarthub-pool/get_scheduled_flow_runs \"HTTP/1.1 200 OK\""}
{"ts": "2026-08-17T00:43:32.617590778Z", "container": "prefect-worker", "msg": "2026-08-17 00:43:32 | INFO  | _client.py:_send_single_request:1740 | HTTP Request: POST http://prefect-server:4200/api/work_pools/smarthub-pool/get_scheduled_flow_runs \"HTTP/1.1 200 OK\""}
{"ts": "2026-08-17T00:43:40.800761564Z", "container": "prefect-worker", "msg": "2026-08-17 00:43:40 | INFO  | _client.py:_send_single_request:1740 | HTTP Request: POST http://prefect-server:4200/api/work_pools/smarthub-pool/get_scheduled_flow_runs \"HTTP/1.1 200 OK\""}
{"ts": "2026-08-17T00:43:49.337612666Z", "container": "prefect-worker", "msg": "2026-08-17 00:43:49 | INFO  | _client.py:_send_single_request:1740 | HTTP Request: POST http://prefect-server:4200/api/work_pools/smarthub-pool/get_scheduled_flow_runs \"HTTP/1.1 200 OK\""}
{"ts": "2026-08-17T00:43:59.339228764Z", "container": "prefect-worker", "msg": "2026-08-17 00:43:59 | INFO  | _client.py:_send_single_request:1740 | HTTP Request: POST http://prefect-server:4200/api/work_pools/smarthub-pool/get_scheduled_flow_runs \"HTTP/1.1 200 OK\""}
{"ts": "2026-08-17T00:44:08.873032858Z", "container": "prefect-worker", "msg": "2026-08-17 00:44:08 | INFO  | _client.py:_send_single_request:1740 | HTTP Request: POST http://prefect-server:4200/api/work_pools/smarthub-pool/get_scheduled_flow_runs \"HTTP/1.1 200 OK\""}
{"ts": "2026-08-17T00:44:17.889403133Z", "container": "prefect-worker", "msg": "2026-08-17 00:44:17 | INFO  | _client.py:_send_single_request:1740 | HTTP Request: POST http://prefect-server:4200/api/work_pools/smarthub-pool/get_scheduled_flow_runs \"HTTP/1.1 200 OK\""}
{"ts": "2026-08-17T00:44:30.506435575Z", "container": "prefect-worker", "msg": "2026-08-17 00:44:30 | INFO  | _client.py:_send_single_request:1740 | HTTP Request: POST http://prefect-server:4200/api/work_pools/smarthub-pool/get_scheduled_flow_runs \"HTTP/1.1 200 OK\""}
{"ts": "2026-08-17T00:44:40.362424646Z", "container": "prefect-worker", "msg": "2026-08-17 00:44:40 | INFO  | _client.py:_send_single_request:1740 | HTTP Request: POST http://prefect-server:4200/api/work_pools/smarthub-pool/get_scheduled_flow_runs \"HTTP/1.1 200 OK\""}
{"ts": "2026-08-17T00:44:52.708666157Z", "container": "prefect-worker", "msg": "2026-08-17 00:44:52 | INFO  | _client.py:_send_single_request:1740 | HTTP Request: POST http://prefect-server:4200/api/work_pools/smarthub-pool/get_scheduled_flow_runs \"HTTP/1.1 200 OK\""}
{"ts": "2026-08-17T00:44:52.709943018Z", "container": "prefect-worker", "msg": "2026-08-17 00:44:52 | INFO  | base.py:_submit_scheduled_flow_runs:1519 | Worker 'ProcessWorker c09911e3-8540-45ba-b9e5-a987ad0388ad' submitting flow run '01a00a9b-0f56-78dd-9692-8df43fe909e0'"}
{"ts": "2026-08-17T00:44:52.730717995Z", "container": "prefect-worker", "msg": "2026-08-17 00:44:52 | INFO  | _client.py:_send_single_request:1740 | HTTP Request: GET http://prefect-server:4200/api/deployments/8d536def-a82a-4c94-941b-14c2c0468511 \"HTTP/1.1 200 OK\""}
{"ts": "2026-08-17T00:44:52.768592075Z", "container": "prefect-worker", "msg": "2026-08-17 00:44:52 | INFO  | _client.py:_send_single_request:1740 | HTTP Request: POST http://prefect-server:4200/api/flow_runs/01a00a9b-0f56-78dd-9692-8df43fe909e0/set_state \"HTTP/1.1 201 Created\""}
{"ts": "2026-08-17T00:44:52.786586357Z", "container": "prefect-worker", "msg": "2026-08-17 00:44:52 | INFO  | _client.py:_send_single_request:1740 | HTTP Request: GET http://prefect-server:4200/api/deployments/8d536def-a82a-4c94-941b-14c2c0468511 \"HTTP/1.1 200 OK\""}
{"ts": "2026-08-17T00:44:52.795986401Z", "container": "prefect-worker", "msg": "2026-08-17 00:44:52 | INFO  | _client.py:_send_single_request:1740 | HTTP Request: GET http://prefect-server:4200/api/flows/ed336d12-897f-42a6-bdf9-d48b8de86b57 \"HTTP/1.1 200 OK\""}
{"ts": "2026-08-17T00:44:52.822366818Z", "container": "prefect-worker", "msg": "2026-08-17 00:44:52 | INFO  | _client.py:_send_single_request:1740 | HTTP Request: PATCH http://prefect-server:4200/api/flow_runs/01a00a9b-0f56-78dd-9692-8df43fe909e0/labels \"HTTP/1.1 204 No Content\""}
{"ts": "2026-08-17T00:44:52.832844632Z", "container": "prefect-worker", "msg": "2026-08-17 00:44:52 | INFO  | _client.py:_send_single_request:1740 | HTTP Request: POST http://prefect-server:4200/api/flow_runs/01a00a9b-0f56-78dd-9692-8df43fe909e0/set_state \"HTTP/1.1 201 Created\""}
{"ts": "2026-08-17T00:44:52.841264388Z", "container": "prefect-worker", "msg": "2026-08-17 00:44:52 | INFO  | _client.py:_send_single_request:1740 | HTTP Request: GET http://prefect-server:4200/api/flow_runs/01a00a9b-0f56-78dd-9692-8df43fe909e0 \"HTTP/1.1 200 OK\""}
{"ts": "2026-08-17T00:44:52.842082845Z", "container": "prefect-worker", "msg": "2026-08-17 00:44:52 | INFO  | runner.py:_run_process:994 | Starting flow run process..."}
{"ts": "2026-08-17T00:44:52.864457186Z", "container": "prefect-worker", "msg": "2026-08-17 00:44:52 | INFO  | _client.py:_send_single_request:1740 | HTTP Request: PATCH http://prefect-server:4200/api/flow_runs/01a00a9b-0f56-78dd-9692-8df43fe909e0 \"HTTP/1.1 204 No Content\""}
{"ts": "2026-08-17T00:44:52.864902350Z", "container": "prefect-worker", "msg": "2026-08-17 00:44:52 | INFO  | base.py:_submit_run:1601 | Flow run 'prompt-chimpanzee' submitted to infrastructure"}
{"ts": "2026-08-17T00:44:54.049514952Z", "container": "prefect-worker", "msg": "00:44:54.043 | INFO    | Flow run 'prompt-chimpanzee' - Running 1 deployment pull step(s)"}
{"ts": "2026-08-17T00:44:54.070159388Z", "container": "prefect-worker", "msg": "00:44:54.069 | INFO    | Flow run 'prompt-chimpanzee' - Executing deployment step: set_working_directory"}
{"ts": "2026-08-17T00:44:54.082109835Z", "container": "prefect-worker", "msg": "00:44:54.081 | INFO    | Flow run 'prompt-chimpanzee' - Deployment step 'set_working_directory' completed successfully"}
{"ts": "2026-08-17T00:44:54.096149032Z", "container": "prefect-worker", "msg": "00:44:54.095 | INFO    | Flow run 'prompt-chimpanzee' - All deployment steps completed successfully"}
{"ts": "2026-08-17T00:44:54.180491859Z", "container": "prefect-worker", "msg": "2026-08-17 00:44:54 | INFO  | _client.py:_send_single_request:1025 | HTTP Request: GET http://prefect-server:4200/api/admin/version \"HTTP/1.1 200 OK\""}
{"ts": "2026-08-17T00:44:54.183785248Z", "container": "prefect-worker", "msg": "2026-08-17 00:44:54 | INFO  | _client.py:_send_single_request:1025 | HTTP Request: GET http://prefect-server:4200/api/csrf-token?client=c05a949e-bdc3-43e3-b887-f495d0225676 \"HTTP/1.1 422 Unprocessable Entity\""}
{"ts": "2026-08-17T00:44:54.188629442Z", "container": "prefect-worker", "msg": "2026-08-17 00:44:54 | INFO  | _client.py:_send_single_request:1025 | HTTP Request: PATCH http://prefect-server:4200/api/flow_runs/01a00a9b-0f56-78dd-9692-8df43fe909e0 \"HTTP/1.1 204 No Content\""}
{"ts": "2026-08-17T00:44:54.206774245Z", "container": "prefect-worker", "msg": "2026-08-17 00:44:54 | INFO  | _client.py:_send_single_request:1740 | HTTP Request: GET http://prefect-server:4200/api/flow_runs/01a00a9b-0f56-78dd-9692-8df43fe909e0 \"HTTP/1.1 200 OK\""}
{"ts": "2026-08-17T00:44:54.217821395Z", "container": "prefect-worker", "msg": "2026-08-17 00:44:54 | INFO  | _client.py:_send_single_request:1025 | HTTP Request: POST http://prefect-server:4200/api/flow_runs/01a00a9b-0f56-78dd-9692-8df43fe909e0/set_state \"HTTP/1.1 200 OK\""}
{"ts": "2026-08-17T00:44:54.578854528Z", "container": "prefect-worker", "msg": "2026-08-17 00:44:54 | INFO  | _client.py:_send_single_request:1740 | HTTP Request: POST http://prefect-server:4200/api/logs/ \"HTTP/1.1 201 Created\""}
{"ts": "2026-08-17T00:44:56.056568623Z", "container": "prefect-worker", "msg": "2026-08-17 00:44:56 | INFO  | _client.py:_send_single_request:1740 | HTTP Request: GET http://prefect-server:4200/api/csrf-token?client=26b2dd45-5a3d-4dd0-baad-9b330643bec5 \"HTTP/1.1 422 Unprocessable Entity\""}
{"ts": "2026-08-17T00:44:56.064279692Z", "container": "prefect-worker", "msg": "2026-08-17 00:44:56 | INFO  | _client.py:_send_single_request:1740 | HTTP Request: POST http://prefect-server:4200/api/logs/ \"HTTP/1.1 201 Created\""}
{"ts": "2026-08-17T00:45:00.232079465Z", "container": "prefect-worker", "msg": "2026-08-17 00:45:00 | INFO  | _client.py:_send_single_request:1025 | HTTP Request: POST http://prefect-server:4200/api/flow_runs/01a00a9b-0f56-78dd-9692-8df43fe909e0/set_state \"HTTP/1.1 201 Created\""}
{"ts": "2026-08-17T00:45:00.237946067Z", "container": "prefect-worker", "msg": "2026-08-17 00:45:00 | INFO  | _client.py:_send_single_request:1025 | HTTP Request: GET http://prefect-server:4200/api/flow_runs/01a00a9b-0f56-78dd-9692-8df43fe909e0 \"HTTP/1.1 200 OK\""}
{"ts": "2026-08-17T00:45:00.243020903Z", "container": "prefect-worker", "msg": "2026-08-17 00:45:00 | INFO  | _client.py:_send_single_request:1025 | HTTP Request: GET http://prefect-server:4200/api/admin/storage \"HTTP/1.1 200 OK\""}
{"ts": "2026-08-17T00:45:00.246321272Z", "container": "prefect-worker", "msg": "2026-08-17 00:45:00 | INFO  | _client.py:_send_single_request:1025 | HTTP Request: GET http://prefect-server:4200/api/admin/storage \"HTTP/1.1 200 OK\""}
{"ts": "2026-08-17T00:45:00.246820367Z", "container": "prefect-worker", "msg": "2026-08-17 00:45:00 | INFO  | flow_engine.py:setup_run_context:1133 | Beginning flow run 'prompt-chimpanzee' for flow 'smarthub-build-features'"}
{"ts": "2026-08-17T00:45:00.247212650Z", "container": "prefect-worker", "msg": "2026-08-17 00:45:00 | INFO  | flow_engine.py:setup_run_context:1138 | View at http://prefect-server:4200/runs/flow-run/01a00a9b-0f56-78dd-9692-8df43fe909e0"}
{"ts": "2026-08-17T00:45:00.350647350Z", "container": "prefect-worker", "msg": "2026-08-17 00:45:00 | INFO  | _client.py:_send_single_request:1740 | HTTP Request: GET http://prefect-server:4200/api/flows/ed336d12-897f-42a6-bdf9-d48b8de86b57 \"HTTP/1.1 200 OK\""}
{"ts": "2026-08-17T00:45:00.351436607Z", "container": "prefect-worker", "msg": "2026-08-17 00:45:00 | INFO  | _client.py:_send_single_request:1740 | HTTP Request: GET http://prefect-server:4200/api/deployments/8d536def-a82a-4c94-941b-14c2c0468511 \"HTTP/1.1 200 OK\""}
{"ts": "2026-08-17T00:45:00.351701430Z", "container": "prefect-worker", "msg": "2026-08-17 00:45:00 | INFO  | _client.py:_send_single_request:1740 | HTTP Request: GET http://prefect-server:4200/api/work_queues/109a2d50-2dca-4233-a9a5-9ec78fefd79f \"HTTP/1.1 200 OK\""}
{"ts": "2026-08-17T00:45:00.352213234Z", "container": "prefect-worker", "msg": "2026-08-17 00:45:00 | INFO  | _client.py:_send_single_request:1740 | HTTP Request: GET http://prefect-server:4200/api/work_pools/smarthub-pool \"HTTP/1.1 200 OK\""}
{"ts": "2026-08-17T00:45:00.846740367Z", "container": "prefect-worker", "msg": "2026-08-17 00:45:00 | INFO  | _client.py:_send_single_request:1740 | HTTP Request: POST http://prefect-server:4200/api/work_pools/smarthub-pool/get_scheduled_flow_runs \"HTTP/1.1 200 OK\""}
{"ts": "2026-08-17T00:45:02.074432366Z", "container": "prefect-worker", "msg": "2026-08-17 00:45:02 | INFO  | _client.py:_send_single_request:1740 | HTTP Request: POST http://prefect-server:4200/api/logs/ \"HTTP/1.1 201 Created\""}
{"ts": "2026-08-17T00:45:05.656005479Z", "container": "prefect-worker", "msg": "2026-08-17 00:45:05 | INFO  | build.py:run_build_features:266 | [home] training table 2026-08-17T004505Z: 82871 rows, 34 cols -> /app/data/training_datasets/home/2026-08-17T004505Z.parquet"}
{"ts": "2026-08-17T00:45:05.793951966Z", "container": "prefect-worker", "msg": "2026-08-17 00:45:05 | INFO  | task_engine.py:log_finished_message:410 | Finished in state Completed()"}
{"ts": "2026-08-17T00:45:05.815343897Z", "container": "prefect-worker", "msg": "2026-08-17 00:45:05 | INFO  | _client.py:_send_single_request:1025 | HTTP Request: POST http://prefect-server:4200/api/artifacts/ \"HTTP/1.1 201 Created\""}
{"ts": "2026-08-17T00:45:05.935171562Z", "container": "prefect-worker", "msg": "2026-08-17 00:45:05 | INFO  | _client.py:_send_single_request:1025 | HTTP Request: POST http://prefect-server:4200/api/flow_runs/01a00a9b-0f56-78dd-9692-8df43fe909e0/set_state \"HTTP/1.1 201 Created\""}
{"ts": "2026-08-17T00:45:06.090832168Z", "container": "prefect-worker", "msg": "2026-08-17 00:45:06 | INFO  | _client.py:_send_single_request:1740 | HTTP Request: POST http://prefect-server:4200/api/logs/ \"HTTP/1.1 201 Created\""}
{"ts": "2026-08-17T00:45:06.423536511Z", "container": "prefect-worker", "msg": "2026-08-17 00:45:06 | INFO  | flow_engine.py:initialize_run:1235 | Finished in state Completed()"}
{"ts": "2026-08-17T00:45:06.431030478Z", "container": "prefect-worker", "msg": "2026-08-17 00:45:06 | INFO  | _client.py:_send_single_request:1740 | HTTP Request: POST http://prefect-server:4200/api/logs/ \"HTTP/1.1 201 Created\""}
{"ts": "2026-08-17T00:45:06.757902079Z", "container": "prefect-worker", "msg": "2026-08-17 00:45:06 | INFO  | runner.py:_submit_run_and_capture_errors:1447 | Process for flow run 'prompt-chimpanzee' exited cleanly."}
{"ts": "2026-08-17T00:45:06.766996061Z", "container": "prefect-worker", "msg": "2026-08-17 00:45:06 | INFO  | _client.py:_send_single_request:1740 | HTTP Request: GET http://prefect-server:4200/api/flow_runs/01a00a9b-0f56-78dd-9692-8df43fe909e0 \"HTTP/1.1 200 OK\""}
{"ts": "2026-08-17T00:45:08.567436595Z", "container": "prefect-worker", "msg": "2026-08-17 00:45:08 | INFO  | _client.py:_send_single_request:1740 | HTTP Request: POST http://prefect-server:4200/api/work_pools/smarthub-pool/get_scheduled_flow_runs \"HTTP/1.1 200 OK\""}
{"ts": "2026-08-17T00:45:08.588888128Z", "container": "prefect-worker", "msg": "2026-08-17 00:45:08 | INFO  | _client.py:_send_single_request:1740 | HTTP Request: POST http://prefect-server:4200/api/logs/ \"HTTP/1.1 201 Created\""}
{"ts": "2026-08-17T00:45:20.772615389Z", "container": "prefect-worker", "msg": "2026-08-17 00:45:20 | INFO  | _client.py:_send_single_request:1740 | HTTP Request: POST http://prefect-server:4200/api/work_pools/smarthub-pool/get_scheduled_flow_runs \"HTTP/1.1 200 OK\""}
{"ts": "2026-08-17T00:45:28.977529651Z", "container": "prefect-worker", "msg": "2026-08-17 00:45:28 | INFO  | _client.py:_send_single_request:1740 | HTTP Request: POST http://prefect-server:4200/api/work_pools/smarthub-pool/get_scheduled_flow_runs \"HTTP/1.1 200 OK\""}
{"ts": "2026-08-17T00:45:38.290326974Z", "container": "prefect-worker", "msg": "2026-08-17 00:45:38 | INFO  | _client.py:_send_single_request:1740 | HTTP Request: POST http://prefect-server:4200/api/work_pools/smarthub-pool/get_scheduled_flow_runs \"HTTP/1.1 200 OK\""}
{"ts": "2026-08-17T00:45:46.756260798Z", "container": "prefect-worker", "msg": "2026-08-17 00:45:46 | INFO  | _client.py:_send_single_request:1740 | HTTP Request: POST http://prefect-server:4200/api/work_pools/smarthub-pool/get_scheduled_flow_runs \"HTTP/1.1 200 OK\""}
{"ts": "2026-08-17T00:45:58.060675931Z", "container": "prefect-worker", "msg": "2026-08-17 00:45:58 | INFO  | _client.py:_send_single_request:1740 | HTTP Request: POST http://prefect-server:4200/api/work_pools/smarthub-pool/get_scheduled_flow_runs \"HTTP/1.1 200 OK\""}
{"ts": "2026-08-17T00:46:07.510160882Z", "container": "prefect-worker", "msg": "2026-08-17 00:46:07 | INFO  | _client.py:_send_single_request:1740 | HTTP Request: POST http://prefect-server:4200/api/work_pools/smarthub-pool/get_scheduled_flow_runs \"HTTP/1.1 200 OK\""}
{"ts": "2026-08-17T00:46:15.539759087Z", "container": "prefect-worker", "msg": "2026-08-17 00:46:15 | INFO  | _client.py:_send_single_request:1740 | HTTP Request: POST http://prefect-server:4200/api/work_pools/smarthub-pool/get_scheduled_flow_runs \"HTTP/1.1 200 OK\""}
{"ts": "2026-08-17T00:46:25.109416238Z", "container": "prefect-worker", "msg": "2026-08-17 00:46:25 | INFO  | _client.py:_send_single_request:1740 | HTTP Request: POST http://prefect-server:4200/api/work_pools/smarthub-pool/get_scheduled_flow_runs \"HTTP/1.1 200 OK\""}
{"ts": "2026-08-17T00:46:36.765851531Z", "container": "prefect-worker", "msg": "2026-08-17 00:46:36 | INFO  | _client.py:_send_single_request:1740 | HTTP Request: POST http://prefect-server:4200/api/work_pools/smarthub-pool/get_scheduled_flow_runs \"HTTP/1.1 200 OK\""}
{"ts": "2026-08-17T00:46:46.077829012Z", "container": "prefect-worker", "msg": "2026-08-17 00:46:46 | INFO  | _client.py:_send_single_request:1740 | HTTP Request: POST http://prefect-server:4200/api/work_pools/smarthub-pool/get_scheduled_flow_runs \"HTTP/1.1 200 OK\""}
{"ts": "2026-08-17T00:46:55.233167104Z", "container": "prefect-worker", "msg": "2026-08-17 00:46:55 | INFO  | _client.py:_send_single_request:1740 | HTTP Request: POST http://prefect-server:4200/api/work_pools/smarthub-pool/get_scheduled_flow_runs \"HTTP/1.1 200 OK\""}
{"ts": "2026-08-17T00:47:06.943048257Z", "container": "prefect-worker", "msg": "2026-08-17 00:47:06 | INFO  | _client.py:_send_single_request:1740 | HTTP Request: POST http://prefect-server:4200/api/work_pools/smarthub-pool/get_scheduled_flow_runs \"HTTP/1.1 200 OK\""}
{"ts": "2026-08-17T00:47:18.161813807Z", "container": "prefect-worker", "msg": "2026-08-17 00:47:18 | INFO  | _client.py:_send_single_request:1740 | HTTP Request: POST http://prefect-server:4200/api/work_pools/smarthub-pool/get_scheduled_flow_runs \"HTTP/1.1 200 OK\""}
{"ts": "2026-08-17T00:47:26.438048481Z", "container": "prefect-worker", "msg": "2026-08-17 00:47:26 | INFO  | _client.py:_send_single_request:1740 | HTTP Request: POST http://prefect-server:4200/api/work_pools/smarthub-pool/get_scheduled_flow_runs \"HTTP/1.1 200 OK\""}
{"ts": "2026-08-17T00:47:34.781921127Z", "container": "prefect-worker", "msg": "2026-08-17 00:47:34 | INFO  | _client.py:_send_single_request:1740 | HTTP Request: POST http://prefect-server:4200/api/work_pools/smarthub-pool/get_scheduled_flow_runs \"HTTP/1.1 200 OK\""}
{"ts": "2026-08-17T00:47:43.162671612Z", "container": "prefect-worker", "msg": "2026-08-17 00:47:43 | INFO  | _client.py:_send_single_request:1740 | HTTP Request: POST http://prefect-server:4200/api/work_pools/smarthub-pool/get_scheduled_flow_runs \"HTTP/1.1 200 OK\""}
{"ts": "2026-08-17T00:47:52.378890095Z", "container": "prefect-worker", "msg": "2026-08-17 00:47:52 | INFO  | _client.py:_send_single_request:1740 | HTTP Request: POST http://prefect-server:4200/api/work_pools/smarthub-pool/get_scheduled_flow_runs \"HTTP/1.1 200 OK\""}
{"ts": "2026-08-17T00:48:00.137347698Z", "container": "prefect-worker", "msg": "2026-08-17 00:48:00 | INFO  | _client.py:_send_single_request:1740 | HTTP Request: POST http://prefect-server:4200/api/work_pools/smarthub-pool/get_scheduled_flow_runs \"HTTP/1.1 200 OK\""}
{"ts": "2026-08-17T00:48:08.569342505Z", "container": "prefect-worker", "msg": "2026-08-17 00:48:08 | INFO  | _client.py:_send_single_request:1740 | HTTP Request: POST http://prefect-server:4200/api/work_pools/smarthub-pool/get_scheduled_flow_runs \"HTTP/1.1 200 OK\""}
{"ts": "2026-08-17T00:48:21.472467902Z", "container": "prefect-worker", "msg": "2026-08-17 00:48:21 | INFO  | _client.py:_send_single_request:1740 | HTTP Request: POST http://prefect-server:4200/api/work_pools/smarthub-pool/get_scheduled_flow_runs \"HTTP/1.1 200 OK\""}
{"ts": "2026-08-17T00:48:34.356159478Z", "container": "prefect-worker", "msg": "2026-08-17 00:48:34 | INFO  | _client.py:_send_single_request:1740 | HTTP Request: POST http://prefect-server:4200/api/work_pools/smarthub-pool/get_scheduled_flow_runs \"HTTP/1.1 200 OK\""}
{"ts": "2026-08-17T00:48:45.903529564Z", "container": "prefect-worker", "msg": "2026-08-17 00:48:45 | INFO  | _client.py:_send_single_request:1740 | HTTP Request: POST http://prefect-server:4200/api/work_pools/smarthub-pool/get_scheduled_flow_runs \"HTTP/1.1 200 OK\""}
{"ts": "2026-08-17T00:48:58.360360460Z", "container": "prefect-worker", "msg": "2026-08-17 00:48:58 | INFO  | _client.py:_send_single_request:1740 | HTTP Request: POST http://prefect-server:4200/api/work_pools/smarthub-pool/get_scheduled_flow_runs \"HTTP/1.1 200 OK\""}
{"ts": "2026-08-17T00:49:09.003017313Z", "container": "prefect-worker", "msg": "2026-08-17 00:49:09 | INFO  | _client.py:_send_single_request:1740 | HTTP Request: POST http://prefect-server:4200/api/work_pools/smarthub-pool/get_scheduled_flow_runs \"HTTP/1.1 200 OK\""}
{"ts": "2026-08-17T00:49:21.909981420Z", "container": "prefect-worker", "msg": "2026-08-17 00:49:21 | INFO  | _client.py:_send_single_request:1740 | HTTP Request: POST http://prefect-server:4200/api/work_pools/smarthub-pool/get_scheduled_flow_runs \"HTTP/1.1 200 OK\""}
{"ts": "2026-08-17T00:49:32.942872142Z", "container": "prefect-worker", "msg": "2026-08-17 00:49:32 | INFO  | _client.py:_send_single_request:1740 | HTTP Request: POST http://prefect-server:4200/api/work_pools/smarthub-pool/get_scheduled_flow_runs \"HTTP/1.1 200 OK\""}
{"ts": "2026-08-17T00:49:45.744598571Z", "container": "prefect-worker", "msg": "2026-08-17 00:49:45 | INFO  | _client.py:_send_single_request:1740 | HTTP Request: POST http://prefect-server:4200/api/work_pools/smarthub-pool/get_scheduled_flow_runs \"HTTP/1.1 200 OK\""}
{"ts": "2026-08-17T00:49:56.851268541Z", "container": "prefect-worker", "msg": "2026-08-17 00:49:56 | INFO  | _client.py:_send_single_request:1740 | HTTP Request: POST http://prefect-server:4200/api/work_pools/smarthub-pool/get_scheduled_flow_runs \"HTTP/1.1 200 OK\""}
{"ts": "2026-08-17T00:50:04.813514103Z", "container": "prefect-worker", "msg": "2026-08-17 00:50:04 | INFO  | _client.py:_send_single_request:1740 | HTTP Request: POST http://prefect-server:4200/api/work_pools/smarthub-pool/get_scheduled_flow_runs \"HTTP/1.1 200 OK\""}
{"ts": "2026-08-17T00:50:13.122518898Z", "container": "prefect-worker", "msg": "2026-08-17 00:50:13 | INFO  | _client.py:_send_single_request:1740 | HTTP Request: POST http://prefect-server:4200/api/work_pools/smarthub-pool/get_scheduled_flow_runs \"HTTP/1.1 200 OK\""}
{"ts": "2026-08-17T00:50:24.582048220Z", "container": "prefect-worker", "msg": "2026-08-17 00:50:24 | INFO  | _client.py:_send_single_request:1740 | HTTP Request: POST http://prefect-server:4200/api/work_pools/smarthub-pool/get_scheduled_flow_runs \"HTTP/1.1 200 OK\""}
{"ts": "2026-08-17T00:50:34.965259375Z", "container": "prefect-worker", "msg": "2026-08-17 00:50:34 | INFO  | _client.py:_send_single_request:1740 | HTTP Request: POST http://prefect-server:4200/api/work_pools/smarthub-pool/get_scheduled_flow_runs \"HTTP/1.1 200 OK\""}
{"ts": "2026-08-17T00:50:46.519442941Z", "container": "prefect-worker", "msg": "2026-08-17 00:50:46 | INFO  | _client.py:_send_single_request:1740 | HTTP Request: POST http://prefect-server:4200/api/work_pools/smarthub-pool/get_scheduled_flow_runs \"HTTP/1.1 200 OK\""}
{"ts": "2026-08-17T00:50:55.221380796Z", "container": "prefect-worker", "msg": "2026-08-17 00:50:55 | INFO  | _client.py:_send_single_request:1740 | HTTP Request: POST http://prefect-server:4200/api/work_pools/smarthub-pool/get_scheduled_flow_runs \"HTTP/1.1 200 OK\""}
{"ts": "2026-08-17T00:51:05.921793433Z", "container": "prefect-worker", "msg": "2026-08-17 00:51:05 | INFO  | _client.py:_send_single_request:1740 | HTTP Request: POST http://prefect-server:4200/api/work_pools/smarthub-pool/get_scheduled_flow_runs \"HTTP/1.1 200 OK\""}
{"ts": "2026-08-17T00:51:13.762358820Z", "container": "prefect-worker", "msg": "2026-08-17 00:51:13 | INFO  | _client.py:_send_single_request:1740 | HTTP Request: POST http://prefect-server:4200/api/work_pools/smarthub-pool/get_scheduled_flow_runs \"HTTP/1.1 200 OK\""}
{"ts": "2026-08-17T00:51:25.508334739Z", "container": "prefect-worker", "msg": "2026-08-17 00:51:25 | INFO  | _client.py:_send_single_request:1740 | HTTP Request: POST http://prefect-server:4200/api/work_pools/smarthub-pool/get_scheduled_flow_runs \"HTTP/1.1 200 OK\""}
{"ts": "2026-08-17T00:51:33.592485491Z", "container": "prefect-worker", "msg": "2026-08-17 00:51:33 | INFO  | _client.py:_send_single_request:1740 | HTTP Request: POST http://prefect-server:4200/api/work_pools/smarthub-pool/get_scheduled_flow_runs \"HTTP/1.1 200 OK\""}
{"ts": "2026-08-17T00:51:41.196507695Z", "container": "prefect-worker", "msg": "2026-08-17 00:51:41 | INFO  | _client.py:_send_single_request:1740 | HTTP Request: POST http://prefect-server:4200/api/work_pools/smarthub-pool/get_scheduled_flow_runs \"HTTP/1.1 200 OK\""}
{"ts": "2026-08-17T00:51:49.471467789Z", "container": "prefect-worker", "msg": "2026-08-17 00:51:49 | INFO  | _client.py:_send_single_request:1740 | HTTP Request: POST http://prefect-server:4200/api/work_pools/smarthub-pool/get_scheduled_flow_runs \"HTTP/1.1 200 OK\""}
{"ts": "2026-08-17T00:52:01.053781261Z", "container": "prefect-worker", "msg": "2026-08-17 00:52:01 | INFO  | _client.py:_send_single_request:1740 | HTTP Request: POST http://prefect-server:4200/api/work_pools/smarthub-pool/get_scheduled_flow_runs \"HTTP/1.1 200 OK\""}
{"ts": "2026-08-17T00:52:12.541814143Z", "container": "prefect-worker", "msg": "2026-08-17 00:52:12 | INFO  | _client.py:_send_single_request:1740 | HTTP Request: POST http://prefect-server:4200/api/work_pools/smarthub-pool/get_scheduled_flow_runs \"HTTP/1.1 200 OK\""}
{"ts": "2026-08-17T00:52:24.263966303Z", "container": "prefect-worker", "msg": "2026-08-17 00:52:24 | INFO  | _client.py:_send_single_request:1740 | HTTP Request: POST http://prefect-server:4200/api/work_pools/smarthub-pool/get_scheduled_flow_runs \"HTTP/1.1 200 OK\""}
{"ts": "2026-08-17T00:52:32.658727325Z", "container": "prefect-worker", "msg": "2026-08-17 00:52:32 | INFO  | _client.py:_send_single_request:1740 | HTTP Request: POST http://prefect-server:4200/api/work_pools/smarthub-pool/get_scheduled_flow_runs \"HTTP/1.1 200 OK\""}
{"ts": "2026-08-17T00:52:40.913577596Z", "container": "prefect-worker", "msg": "2026-08-17 00:52:40 | INFO  | _client.py:_send_single_request:1740 | HTTP Request: POST http://prefect-server:4200/api/work_pools/smarthub-pool/get_scheduled_flow_runs \"HTTP/1.1 200 OK\""}
{"ts": "2026-08-17T00:52:49.021516152Z", "container": "prefect-worker", "msg": "2026-08-17 00:52:49 | INFO  | _client.py:_send_single_request:1740 | HTTP Request: POST http://prefect-server:4200/api/work_pools/smarthub-pool/get_scheduled_flow_runs \"HTTP/1.1 200 OK\""}
{"ts": "2026-08-17T00:52:58.239951054Z", "container": "prefect-worker", "msg": "2026-08-17 00:52:58 | INFO  | _client.py:_send_single_request:1740 | HTTP Request: POST http://prefect-server:4200/api/work_pools/smarthub-pool/get_scheduled_flow_runs \"HTTP/1.1 200 OK\""}
{"ts": "2026-08-17T00:53:08.709654681Z", "container": "prefect-worker", "msg": "2026-08-17 00:53:08 | INFO  | _client.py:_send_single_request:1740 | HTTP Request: POST http://prefect-server:4200/api/work_pools/smarthub-pool/get_scheduled_flow_runs \"HTTP/1.1 200 OK\""}
{"ts": "2026-08-17T00:53:20.317352786Z", "container": "prefect-worker", "msg": "2026-08-17 00:53:20 | INFO  | _client.py:_send_single_request:1740 | HTTP Request: POST http://prefect-server:4200/api/work_pools/smarthub-pool/get_scheduled_flow_runs \"HTTP/1.1 200 OK\""}
{"ts": "2026-08-17T00:53:33.254084949Z", "container": "prefect-worker", "msg": "2026-08-17 00:53:33 | INFO  | _client.py:_send_single_request:1740 | HTTP Request: POST http://prefect-server:4200/api/work_pools/smarthub-pool/get_scheduled_flow_runs \"HTTP/1.1 200 OK\""}
{"ts": "2026-08-17T00:53:41.623829432Z", "container": "prefect-worker", "msg": "2026-08-17 00:53:41 | INFO  | _client.py:_send_single_request:1740 | HTTP Request: POST http://prefect-server:4200/api/work_pools/smarthub-pool/get_scheduled_flow_runs \"HTTP/1.1 200 OK\""}
{"ts": "2026-08-17T00:53:50.978099933Z", "container": "prefect-worker", "msg": "2026-08-17 00:53:50 | INFO  | _client.py:_send_single_request:1740 | HTTP Request: POST http://prefect-server:4200/api/work_pools/smarthub-pool/get_scheduled_flow_runs \"HTTP/1.1 200 OK\""}
{"ts": "2026-08-17T00:53:58.689286754Z", "container": "prefect-worker", "msg": "2026-08-17 00:53:58 | INFO  | _client.py:_send_single_request:1740 | HTTP Request: POST http://prefect-server:4200/api/work_pools/smarthub-pool/get_scheduled_flow_runs \"HTTP/1.1 200 OK\""}
{"ts": "2026-08-17T00:54:08.121629972Z", "container": "prefect-worker", "msg": "2026-08-17 00:54:08 | INFO  | _client.py:_send_single_request:1740 | HTTP Request: POST http://prefect-server:4200/api/work_pools/smarthub-pool/get_scheduled_flow_runs \"HTTP/1.1 200 OK\""}
{"ts": "2026-08-17T00:54:19.386129073Z", "container": "prefect-worker", "msg": "2026-08-17 00:54:19 | INFO  | _client.py:_send_single_request:1740 | HTTP Request: POST http://prefect-server:4200/api/work_pools/smarthub-pool/get_scheduled_flow_runs \"HTTP/1.1 200 OK\""}
{"ts": "2026-08-17T00:54:27.761490270Z", "container": "prefect-worker", "msg": "2026-08-17 00:54:27 | INFO  | _client.py:_send_single_request:1740 | HTTP Request: POST http://prefect-server:4200/api/work_pools/smarthub-pool/get_scheduled_flow_runs \"HTTP/1.1 200 OK\""}
{"ts": "2026-08-17T00:54:40.334054072Z", "container": "prefect-worker", "msg": "2026-08-17 00:54:40 | INFO  | _client.py:_send_single_request:1740 | HTTP Request: POST http://prefect-server:4200/api/work_pools/smarthub-pool/get_scheduled_flow_runs \"HTTP/1.1 200 OK\""}
{"ts": "2026-08-17T00:54:49.395904871Z", "container": "prefect-worker", "msg": "2026-08-17 00:54:49 | INFO  | _client.py:_send_single_request:1740 | HTTP Request: POST http://prefect-server:4200/api/work_pools/smarthub-pool/get_scheduled_flow_runs \"HTTP/1.1 200 OK\""}
{"ts": "2026-08-17T00:54:57.995448592Z", "container": "prefect-worker", "msg": "2026-08-17 00:54:57 | INFO  | _client.py:_send_single_request:1740 | HTTP Request: POST http://prefect-server:4200/api/work_pools/smarthub-pool/get_scheduled_flow_runs \"HTTP/1.1 200 OK\""}
{"ts": "2026-08-17T00:55:09.115516603Z", "container": "prefect-worker", "msg": "2026-08-17 00:55:09 | INFO  | _client.py:_send_single_request:1740 | HTTP Request: POST http://prefect-server:4200/api/work_pools/smarthub-pool/get_scheduled_flow_runs \"HTTP/1.1 200 OK\""}
{"ts": "2026-08-17T00:55:20.215722183Z", "container": "prefect-worker", "msg": "2026-08-17 00:55:20 | INFO  | _client.py:_send_single_request:1740 | HTTP Request: POST http://prefect-server:4200/api/work_pools/smarthub-pool/get_scheduled_flow_runs \"HTTP/1.1 200 OK\""}
{"ts": "2026-08-17T00:55:30.788231676Z", "container": "prefect-worker", "msg": "2026-08-17 00:55:30 | INFO  | _client.py:_send_single_request:1740 | HTTP Request: POST http://prefect-server:4200/api/work_pools/smarthub-pool/get_scheduled_flow_runs \"HTTP/1.1 200 OK\""}
{"ts": "2026-08-17T00:55:43.646018080Z", "container": "prefect-worker", "msg": "2026-08-17 00:55:43 | INFO  | _client.py:_send_single_request:1740 | HTTP Request: POST http://prefect-server:4200/api/work_pools/smarthub-pool/get_scheduled_flow_runs \"HTTP/1.1 200 OK\""}
{"ts": "2026-08-17T00:55:51.402375360Z", "container": "prefect-worker", "msg": "2026-08-17 00:55:51 | INFO  | _client.py:_send_single_request:1740 | HTTP Request: POST http://prefect-server:4200/api/work_pools/smarthub-pool/get_scheduled_flow_runs \"HTTP/1.1 200 OK\""}
{"ts": "2026-08-17T00:56:00.881779848Z", "container": "prefect-worker", "msg": "2026-08-17 00:56:00 | INFO  | _client.py:_send_single_request:1740 | HTTP Request: POST http://prefect-server:4200/api/work_pools/smarthub-pool/get_scheduled_flow_runs \"HTTP/1.1 200 OK\""}
{"ts": "2026-08-17T00:56:13.025916584Z", "container": "prefect-worker", "msg": "2026-08-17 00:56:13 | INFO  | _client.py:_send_single_request:1740 | HTTP Request: POST http://prefect-server:4200/api/work_pools/smarthub-pool/get_scheduled_flow_runs \"HTTP/1.1 200 OK\""}
{"ts": "2026-08-17T00:56:24.684491504Z", "container": "prefect-worker", "msg": "2026-08-17 00:56:24 | INFO  | _client.py:_send_single_request:1740 | HTTP Request: POST http://prefect-server:4200/api/work_pools/smarthub-pool/get_scheduled_flow_runs \"HTTP/1.1 200 OK\""}
{"ts": "2026-08-17T00:56:34.632826494Z", "container": "prefect-worker", "msg": "2026-08-17 00:56:34 | INFO  | _client.py:_send_single_request:1740 | HTTP Request: POST http://prefect-server:4200/api/work_pools/smarthub-pool/get_scheduled_flow_runs \"HTTP/1.1 200 OK\""}
{"ts": "2026-08-17T00:56:42.744217739Z", "container": "prefect-worker", "msg": "2026-08-17 00:56:42 | INFO  | _client.py:_send_single_request:1740 | HTTP Request: POST http://prefect-server:4200/api/work_pools/smarthub-pool/get_scheduled_flow_runs \"HTTP/1.1 200 OK\""}
{"ts": "2026-08-17T00:56:52.277953834Z", "container": "prefect-worker", "msg": "2026-08-17 00:56:52 | INFO  | _client.py:_send_single_request:1740 | HTTP Request: POST http://prefect-server:4200/api/work_pools/smarthub-pool/get_scheduled_flow_runs \"HTTP/1.1 200 OK\""}
{"ts": "2026-08-17T00:57:00.370720923Z", "container": "prefect-worker", "msg": "2026-08-17 00:57:00 | INFO  | _client.py:_send_single_request:1740 | HTTP Request: POST http://prefect-server:4200/api/work_pools/smarthub-pool/get_scheduled_flow_runs \"HTTP/1.1 200 OK\""}
{"ts": "2026-08-17T00:57:12.833914888Z", "container": "prefect-worker", "msg": "2026-08-17 00:57:12 | INFO  | _client.py:_send_single_request:1740 | HTTP Request: POST http://prefect-server:4200/api/work_pools/smarthub-pool/get_scheduled_flow_runs \"HTTP/1.1 200 OK\""}
{"ts": "2026-08-17T00:57:25.632521843Z", "container": "prefect-worker", "msg": "2026-08-17 00:57:25 | INFO  | _client.py:_send_single_request:1740 | HTTP Request: POST http://prefect-server:4200/api/work_pools/smarthub-pool/get_scheduled_flow_runs \"HTTP/1.1 200 OK\""}
{"ts": "2026-08-17T00:57:36.032357660Z", "container": "prefect-worker", "msg": "2026-08-17 00:57:36 | INFO  | _client.py:_send_single_request:1740 | HTTP Request: POST http://prefect-server:4200/api/work_pools/smarthub-pool/get_scheduled_flow_runs \"HTTP/1.1 200 OK\""}
{"ts": "2026-08-17T00:57:46.916068230Z", "container": "prefect-worker", "msg": "2026-08-17 00:57:46 | INFO  | _client.py:_send_single_request:1740 | HTTP Request: POST http://prefect-server:4200/api/work_pools/smarthub-pool/get_scheduled_flow_runs \"HTTP/1.1 200 OK\""}
{"ts": "2026-08-17T00:57:57.777462853Z", "container": "prefect-worker", "msg": "2026-08-17 00:57:57 | INFO  | _client.py:_send_single_request:1740 | HTTP Request: POST http://prefect-server:4200/api/work_pools/smarthub-pool/get_scheduled_flow_runs \"HTTP/1.1 200 OK\""}
{"ts": "2026-08-17T00:58:05.762431773Z", "container": "prefect-worker", "msg": "2026-08-17 00:58:05 | INFO  | _client.py:_send_single_request:1740 | HTTP Request: POST http://prefect-server:4200/api/work_pools/smarthub-pool/get_scheduled_flow_runs \"HTTP/1.1 200 OK\""}
{"ts": "2026-08-17T00:58:17.655585638Z", "container": "prefect-worker", "msg": "2026-08-17 00:58:17 | INFO  | _client.py:_send_single_request:1740 | HTTP Request: POST http://prefect-server:4200/api/work_pools/smarthub-pool/get_scheduled_flow_runs \"HTTP/1.1 200 OK\""}
{"ts": "2026-08-17T00:58:25.529809408Z", "container": "prefect-worker", "msg": "2026-08-17 00:58:25 | INFO  | _client.py:_send_single_request:1740 | HTTP Request: POST http://prefect-server:4200/api/work_pools/smarthub-pool/get_scheduled_flow_runs \"HTTP/1.1 200 OK\""}
{"ts": "2026-08-17T00:58:38.244482752Z", "container": "prefect-worker", "msg": "2026-08-17 00:58:38 | INFO  | _client.py:_send_single_request:1740 | HTTP Request: POST http://prefect-server:4200/api/work_pools/smarthub-pool/get_scheduled_flow_runs \"HTTP/1.1 200 OK\""}
{"ts": "2026-08-17T00:58:47.170070362Z", "container": "prefect-worker", "msg": "2026-08-17 00:58:47 | INFO  | _client.py:_send_single_request:1740 | HTTP Request: POST http://prefect-server:4200/api/work_pools/smarthub-pool/get_scheduled_flow_runs \"HTTP/1.1 200 OK\""}
{"ts": "2026-08-17T00:58:59.131184315Z", "container": "prefect-worker", "msg": "2026-08-17 00:58:59 | INFO  | _client.py:_send_single_request:1740 | HTTP Request: POST http://prefect-server:4200/api/work_pools/smarthub-pool/get_scheduled_flow_runs \"HTTP/1.1 200 OK\""}
{"ts": "2026-08-17T00:59:08.901638424Z", "container": "prefect-worker", "msg": "2026-08-17 00:59:08 | INFO  | _client.py:_send_single_request:1740 | HTTP Request: POST http://prefect-server:4200/api/work_pools/smarthub-pool/get_scheduled_flow_runs \"HTTP/1.1 200 OK\""}
{"ts": "2026-08-17T00:59:20.515233294Z", "container": "prefect-worker", "msg": "2026-08-17 00:59:20 | INFO  | _client.py:_send_single_request:1740 | HTTP Request: POST http://prefect-server:4200/api/work_pools/smarthub-pool/get_scheduled_flow_runs \"HTTP/1.1 200 OK\""}
{"ts": "2026-08-17T00:59:28.846113539Z", "container": "prefect-worker", "msg": "2026-08-17 00:59:28 | INFO  | _client.py:_send_single_request:1740 | HTTP Request: POST http://prefect-server:4200/api/work_pools/smarthub-pool/get_scheduled_flow_runs \"HTTP/1.1 200 OK\""}
{"ts": "2026-08-17T00:59:37.197586259Z", "container": "prefect-worker", "msg": "2026-08-17 00:59:37 | INFO  | _client.py:_send_single_request:1740 | HTTP Request: POST http://prefect-server:4200/api/work_pools/smarthub-pool/get_scheduled_flow_runs \"HTTP/1.1 200 OK\""}
{"ts": "2026-08-17T00:59:47.962912150Z", "container": "prefect-worker", "msg": "2026-08-17 00:59:47 | INFO  | _client.py:_send_single_request:1740 | HTTP Request: POST http://prefect-server:4200/api/work_pools/smarthub-pool/get_scheduled_flow_runs \"HTTP/1.1 200 OK\""}
{"ts": "2026-08-17T00:59:59.109770021Z", "container": "prefect-worker", "msg": "2026-08-17 00:59:59 | INFO  | _client.py:_send_single_request:1740 | HTTP Request: POST http://prefect-server:4200/api/work_pools/smarthub-pool/get_scheduled_flow_runs \"HTTP/1.1 200 OK\""}
{"ts": "2026-08-17T01:00:10.205606578Z", "container": "prefect-worker", "msg": "2026-08-17 01:00:10 | INFO  | _client.py:_send_single_request:1740 | HTTP Request: POST http://prefect-server:4200/api/work_pools/smarthub-pool/get_scheduled_flow_runs \"HTTP/1.1 200 OK\""}
{"ts": "2026-08-17T01:00:18.673959401Z", "container": "prefect-worker", "msg": "2026-08-17 01:00:18 | INFO  | _client.py:_send_single_request:1740 | HTTP Request: POST http://prefect-server:4200/api/work_pools/smarthub-pool/get_scheduled_flow_runs \"HTTP/1.1 200 OK\""}
{"ts": "2026-08-17T01:00:27.493718601Z", "container": "prefect-worker", "msg": "2026-08-17 01:00:27 | INFO  | _client.py:_send_single_request:1740 | HTTP Request: POST http://prefect-server:4200/api/work_pools/smarthub-pool/get_scheduled_flow_runs \"HTTP/1.1 200 OK\""}
{"ts": "2026-08-17T01:00:36.829823841Z", "container": "prefect-worker", "msg": "2026-08-17 01:00:36 | INFO  | _client.py:_send_single_request:1740 | HTTP Request: POST http://prefect-server:4200/api/work_pools/smarthub-pool/get_scheduled_flow_runs \"HTTP/1.1 200 OK\""}
{"ts": "2026-08-17T01:00:47.490034172Z", "container": "prefect-worker", "msg": "2026-08-17 01:00:47 | INFO  | _client.py:_send_single_request:1740 | HTTP Request: POST http://prefect-server:4200/api/work_pools/smarthub-pool/get_scheduled_flow_runs \"HTTP/1.1 200 OK\""}
{"ts": "2026-08-17T01:01:00.109130808Z", "container": "prefect-worker", "msg": "2026-08-17 01:01:00 | INFO  | _client.py:_send_single_request:1740 | HTTP Request: POST http://prefect-server:4200/api/work_pools/smarthub-pool/get_scheduled_flow_runs \"HTTP/1.1 200 OK\""}
{"ts": "2026-08-17T01:01:11.580154909Z", "container": "prefect-worker", "msg": "2026-08-17 01:01:11 | INFO  | _client.py:_send_single_request:1740 | HTTP Request: POST http://prefect-server:4200/api/work_pools/smarthub-pool/get_scheduled_flow_runs \"HTTP/1.1 200 OK\""}
{"ts": "2026-08-17T01:01:23.534370323Z", "container": "prefect-worker", "msg": "2026-08-17 01:01:23 | INFO  | _client.py:_send_single_request:1740 | HTTP Request: POST http://prefect-server:4200/api/work_pools/smarthub-pool/get_scheduled_flow_runs \"HTTP/1.1 200 OK\""}
{"ts": "2026-08-17T01:01:32.759335257Z", "container": "prefect-worker", "msg": "2026-08-17 01:01:32 | INFO  | _client.py:_send_single_request:1740 | HTTP Request: POST http://prefect-server:4200/api/work_pools/smarthub-pool/get_scheduled_flow_runs \"HTTP/1.1 200 OK\""}
{"ts": "2026-08-17T01:01:41.071508426Z", "container": "prefect-worker", "msg": "2026-08-17 01:01:41 | INFO  | _client.py:_send_single_request:1740 | HTTP Request: POST http://prefect-server:4200/api/work_pools/smarthub-pool/get_scheduled_flow_runs \"HTTP/1.1 200 OK\""}
{"ts": "2026-08-17T01:01:51.466663776Z", "container": "prefect-worker", "msg": "2026-08-17 01:01:51 | INFO  | _client.py:_send_single_request:1740 | HTTP Request: POST http://prefect-server:4200/api/work_pools/smarthub-pool/get_scheduled_flow_runs \"HTTP/1.1 200 OK\""}
{"ts": "2026-08-17T01:02:00.187008558Z", "container": "prefect-worker", "msg": "2026-08-17 01:02:00 | INFO  | _client.py:_send_single_request:1740 | HTTP Request: POST http://prefect-server:4200/api/work_pools/smarthub-pool/get_scheduled_flow_runs \"HTTP/1.1 200 OK\""}
{"ts": "2026-08-17T01:02:07.782912423Z", "container": "prefect-worker", "msg": "2026-08-17 01:02:07 | INFO  | _client.py:_send_single_request:1740 | HTTP Request: POST http://prefect-server:4200/api/work_pools/smarthub-pool/get_scheduled_flow_runs \"HTTP/1.1 200 OK\""}
{"ts": "2026-08-17T01:02:18.565440057Z", "container": "prefect-worker", "msg": "2026-08-17 01:02:18 | INFO  | _client.py:_send_single_request:1740 | HTTP Request: POST http://prefect-server:4200/api/work_pools/smarthub-pool/get_scheduled_flow_runs \"HTTP/1.1 200 OK\""}
{"ts": "2026-08-17T01:02:26.400312229Z", "container": "prefect-worker", "msg": "2026-08-17 01:02:26 | INFO  | _client.py:_send_single_request:1740 | HTTP Request: POST http://prefect-server:4200/api/work_pools/smarthub-pool/get_scheduled_flow_runs \"HTTP/1.1 200 OK\""}
{"ts": "2026-08-17T01:02:35.519616196Z", "container": "prefect-worker", "msg": "2026-08-17 01:02:35 | INFO  | _client.py:_send_single_request:1740 | HTTP Request: POST http://prefect-server:4200/api/work_pools/smarthub-pool/get_scheduled_flow_runs \"HTTP/1.1 200 OK\""}
{"ts": "2026-08-17T01:02:47.519027170Z", "container": "prefect-worker", "msg": "2026-08-17 01:02:47 | INFO  | _client.py:_send_single_request:1740 | HTTP Request: POST http://prefect-server:4200/api/work_pools/smarthub-pool/get_scheduled_flow_runs \"HTTP/1.1 200 OK\""}
{"ts": "2026-08-17T01:02:55.393703680Z", "container": "prefect-worker", "msg": "2026-08-17 01:02:55 | INFO  | _client.py:_send_single_request:1740 | HTTP Request: POST http://prefect-server:4200/api/work_pools/smarthub-pool/get_scheduled_flow_runs \"HTTP/1.1 200 OK\""}
{"ts": "2026-08-17T01:03:06.386647360Z", "container": "prefect-worker", "msg": "2026-08-17 01:03:06 | INFO  | _client.py:_send_single_request:1740 | HTTP Request: POST http://prefect-server:4200/api/work_pools/smarthub-pool/get_scheduled_flow_runs \"HTTP/1.1 200 OK\""}
{"ts": "2026-08-17T01:03:16.842442470Z", "container": "prefect-worker", "msg": "2026-08-17 01:03:16 | INFO  | _client.py:_send_single_request:1740 | HTTP Request: POST http://prefect-server:4200/api/work_pools/smarthub-pool/get_scheduled_flow_runs \"HTTP/1.1 200 OK\""}
{"ts": "2026-08-17T01:03:24.535176295Z", "container": "prefect-worker", "msg": "2026-08-17 01:03:24 | INFO  | _client.py:_send_single_request:1740 | HTTP Request: POST http://prefect-server:4200/api/work_pools/smarthub-pool/get_scheduled_flow_runs \"HTTP/1.1 200 OK\""}
{"ts": "2026-08-17T01:03:33.508422161Z", "container": "prefect-worker", "msg": "2026-08-17 01:03:33 | INFO  | _client.py:_send_single_request:1740 | HTTP Request: POST http://prefect-server:4200/api/work_pools/smarthub-pool/get_scheduled_flow_runs \"HTTP/1.1 200 OK\""}
{"ts": "2026-08-17T01:03:45.588441053Z", "container": "prefect-worker", "msg": "2026-08-17 01:03:45 | INFO  | _client.py:_send_single_request:1740 | HTTP Request: POST http://prefect-server:4200/api/work_pools/smarthub-pool/get_scheduled_flow_runs \"HTTP/1.1 200 OK\""}
{"ts": "2026-08-17T01:03:56.284083251Z", "container": "prefect-worker", "msg": "2026-08-17 01:03:56 | INFO  | _client.py:_send_single_request:1740 | HTTP Request: POST http://prefect-server:4200/api/work_pools/smarthub-pool/get_scheduled_flow_runs \"HTTP/1.1 200 OK\""}
{"ts": "2026-08-17T01:04:04.782166971Z", "container": "prefect-worker", "msg": "2026-08-17 01:04:04 | INFO  | _client.py:_send_single_request:1740 | HTTP Request: POST http://prefect-server:4200/api/work_pools/smarthub-pool/get_scheduled_flow_runs \"HTTP/1.1 200 OK\""}
{"ts": "2026-08-17T01:04:14.551847154Z", "container": "prefect-worker", "msg": "2026-08-17 01:04:14 | INFO  | _client.py:_send_single_request:1740 | HTTP Request: POST http://prefect-server:4200/api/work_pools/smarthub-pool/get_scheduled_flow_runs \"HTTP/1.1 200 OK\""}
{"ts": "2026-08-17T01:04:23.407676660Z", "container": "prefect-worker", "msg": "2026-08-17 01:04:23 | INFO  | _client.py:_send_single_request:1740 | HTTP Request: POST http://prefect-server:4200/api/work_pools/smarthub-pool/get_scheduled_flow_runs \"HTTP/1.1 200 OK\""}
{"ts": "2026-08-17T01:04:31.826271309Z", "container": "prefect-worker", "msg": "2026-08-17 01:04:31 | INFO  | _client.py:_send_single_request:1740 | HTTP Request: POST http://prefect-server:4200/api/work_pools/smarthub-pool/get_scheduled_flow_runs \"HTTP/1.1 200 OK\""}
{"ts": "2026-08-17T01:04:41.816936150Z", "container": "prefect-worker", "msg": "2026-08-17 01:04:41 | INFO  | _client.py:_send_single_request:1740 | HTTP Request: POST http://prefect-server:4200/api/work_pools/smarthub-pool/get_scheduled_flow_runs \"HTTP/1.1 200 OK\""}
{"ts": "2026-08-17T01:04:51.078512537Z", "container": "prefect-worker", "msg": "2026-08-17 01:04:51 | INFO  | _client.py:_send_single_request:1740 | HTTP Request: POST http://prefect-server:4200/api/work_pools/smarthub-pool/get_scheduled_flow_runs \"HTTP/1.1 200 OK\""}
{"ts": "2026-08-17T01:04:59.890291062Z", "container": "prefect-worker", "msg": "2026-08-17 01:04:59 | INFO  | _client.py:_send_single_request:1740 | HTTP Request: POST http://prefect-server:4200/api/work_pools/smarthub-pool/get_scheduled_flow_runs \"HTTP/1.1 200 OK\""}
{"ts": "2026-08-17T01:05:08.281537187Z", "container": "prefect-worker", "msg": "2026-08-17 01:05:08 | INFO  | _client.py:_send_single_request:1740 | HTTP Request: POST http://prefect-server:4200/api/work_pools/smarthub-pool/get_scheduled_flow_runs \"HTTP/1.1 200 OK\""}
{"ts": "2026-08-17T01:05:17.329942424Z", "container": "prefect-worker", "msg": "2026-08-17 01:05:17 | INFO  | _client.py:_send_single_request:1740 | HTTP Request: POST http://prefect-server:4200/api/work_pools/smarthub-pool/get_scheduled_flow_runs \"HTTP/1.1 200 OK\""}
{"ts": "2026-08-17T01:05:26.196480819Z", "container": "prefect-worker", "msg": "2026-08-17 01:05:26 | INFO  | _client.py:_send_single_request:1740 | HTTP Request: POST http://prefect-server:4200/api/work_pools/smarthub-pool/get_scheduled_flow_runs \"HTTP/1.1 200 OK\""}
{"ts": "2026-08-17T01:05:35.801558935Z", "container": "prefect-worker", "msg": "2026-08-17 01:05:35 | INFO  | _client.py:_send_single_request:1740 | HTTP Request: POST http://prefect-server:4200/api/work_pools/smarthub-pool/get_scheduled_flow_runs \"HTTP/1.1 200 OK\""}
{"ts": "2026-08-17T01:05:46.831154458Z", "container": "prefect-worker", "msg": "2026-08-17 01:05:46 | INFO  | _client.py:_send_single_request:1740 | HTTP Request: POST http://prefect-server:4200/api/work_pools/smarthub-pool/get_scheduled_flow_runs \"HTTP/1.1 200 OK\""}
{"ts": "2026-08-17T01:05:56.737446335Z", "container": "prefect-worker", "msg": "2026-08-17 01:05:56 | INFO  | _client.py:_send_single_request:1740 | HTTP Request: POST http://prefect-server:4200/api/work_pools/smarthub-pool/get_scheduled_flow_runs \"HTTP/1.1 200 OK\""}
{"ts": "2026-08-17T01:06:08.596810488Z", "container": "prefect-worker", "msg": "2026-08-17 01:06:08 | INFO  | _client.py:_send_single_request:1740 | HTTP Request: POST http://prefect-server:4200/api/work_pools/smarthub-pool/get_scheduled_flow_runs \"HTTP/1.1 200 OK\""}
{"ts": "2026-08-17T01:06:19.666065028Z", "container": "prefect-worker", "msg": "2026-08-17 01:06:19 | INFO  | _client.py:_send_single_request:1740 | HTTP Request: POST http://prefect-server:4200/api/work_pools/smarthub-pool/get_scheduled_flow_runs \"HTTP/1.1 200 OK\""}
{"ts": "2026-08-17T01:06:28.868779046Z", "container": "prefect-worker", "msg": "2026-08-17 01:06:28 | INFO  | _client.py:_send_single_request:1740 | HTTP Request: POST http://prefect-server:4200/api/work_pools/smarthub-pool/get_scheduled_flow_runs \"HTTP/1.1 200 OK\""}
{"ts": "2026-08-17T01:06:39.606032092Z", "container": "prefect-worker", "msg": "2026-08-17 01:06:39 | INFO  | _client.py:_send_single_request:1740 | HTTP Request: POST http://prefect-server:4200/api/work_pools/smarthub-pool/get_scheduled_flow_runs \"HTTP/1.1 200 OK\""}
{"ts": "2026-08-17T01:06:47.656130070Z", "container": "prefect-worker", "msg": "2026-08-17 01:06:47 | INFO  | _client.py:_send_single_request:1740 | HTTP Request: POST http://prefect-server:4200/api/work_pools/smarthub-pool/get_scheduled_flow_runs \"HTTP/1.1 200 OK\""}
{"ts": "2026-08-17T01:06:57.936136748Z", "container": "prefect-worker", "msg": "2026-08-17 01:06:57 | INFO  | _client.py:_send_single_request:1740 | HTTP Request: POST http://prefect-server:4200/api/work_pools/smarthub-pool/get_scheduled_flow_runs \"HTTP/1.1 200 OK\""}
{"ts": "2026-08-17T01:07:05.991004545Z", "container": "prefect-worker", "msg": "2026-08-17 01:07:05 | INFO  | _client.py:_send_single_request:1740 | HTTP Request: POST http://prefect-server:4200/api/work_pools/smarthub-pool/get_scheduled_flow_runs \"HTTP/1.1 200 OK\""}
{"ts": "2026-08-17T01:07:17.325718141Z", "container": "prefect-worker", "msg": "2026-08-17 01:07:17 | INFO  | _client.py:_send_single_request:1740 | HTTP Request: POST http://prefect-server:4200/api/work_pools/smarthub-pool/get_scheduled_flow_runs \"HTTP/1.1 200 OK\""}
{"ts": "2026-08-17T01:07:27.321964361Z", "container": "prefect-worker", "msg": "2026-08-17 01:07:27 | INFO  | _client.py:_send_single_request:1740 | HTTP Request: POST http://prefect-server:4200/api/work_pools/smarthub-pool/get_scheduled_flow_runs \"HTTP/1.1 200 OK\""}
{"ts": "2026-08-17T01:07:37.653328746Z", "container": "prefect-worker", "msg": "2026-08-17 01:07:37 | INFO  | _client.py:_send_single_request:1740 | HTTP Request: POST http://prefect-server:4200/api/work_pools/smarthub-pool/get_scheduled_flow_runs \"HTTP/1.1 200 OK\""}
{"ts": "2026-08-17T01:07:48.036569357Z", "container": "prefect-worker", "msg": "2026-08-17 01:07:48 | INFO  | _client.py:_send_single_request:1740 | HTTP Request: POST http://prefect-server:4200/api/work_pools/smarthub-pool/get_scheduled_flow_runs \"HTTP/1.1 200 OK\""}
{"ts": "2026-08-17T01:07:57.637872759Z", "container": "prefect-worker", "msg": "2026-08-17 01:07:57 | INFO  | _client.py:_send_single_request:1740 | HTTP Request: POST http://prefect-server:4200/api/work_pools/smarthub-pool/get_scheduled_flow_runs \"HTTP/1.1 200 OK\""}
{"ts": "2026-08-17T01:08:05.593466619Z", "container": "prefect-worker", "msg": "2026-08-17 01:08:05 | INFO  | _client.py:_send_single_request:1740 | HTTP Request: POST http://prefect-server:4200/api/work_pools/smarthub-pool/get_scheduled_flow_runs \"HTTP/1.1 200 OK\""}
{"ts": "2026-08-17T01:08:16.614640762Z", "container": "prefect-worker", "msg": "2026-08-17 01:08:16 | INFO  | _client.py:_send_single_request:1740 | HTTP Request: POST http://prefect-server:4200/api/work_pools/smarthub-pool/get_scheduled_flow_runs \"HTTP/1.1 200 OK\""}
{"ts": "2026-08-17T01:08:24.154190282Z", "container": "prefect-worker", "msg": "2026-08-17 01:08:24 | INFO  | _client.py:_send_single_request:1740 | HTTP Request: POST http://prefect-server:4200/api/work_pools/smarthub-pool/get_scheduled_flow_runs \"HTTP/1.1 200 OK\""}
{"ts": "2026-08-17T01:08:36.165990294Z", "container": "prefect-worker", "msg": "2026-08-17 01:08:36 | INFO  | _client.py:_send_single_request:1740 | HTTP Request: POST http://prefect-server:4200/api/work_pools/smarthub-pool/get_scheduled_flow_runs \"HTTP/1.1 200 OK\""}
{"ts": "2026-08-17T01:08:46.260095229Z", "container": "prefect-worker", "msg": "2026-08-17 01:08:46 | INFO  | _client.py:_send_single_request:1740 | HTTP Request: POST http://prefect-server:4200/api/work_pools/smarthub-pool/get_scheduled_flow_runs \"HTTP/1.1 200 OK\""}
{"ts": "2026-08-17T01:08:54.282117520Z", "container": "prefect-worker", "msg": "2026-08-17 01:08:54 | INFO  | _client.py:_send_single_request:1740 | HTTP Request: POST http://prefect-server:4200/api/work_pools/smarthub-pool/get_scheduled_flow_runs \"HTTP/1.1 200 OK\""}
{"ts": "2026-08-17T01:09:02.952675582Z", "container": "prefect-worker", "msg": "2026-08-17 01:09:02 | INFO  | _client.py:_send_single_request:1740 | HTTP Request: POST http://prefect-server:4200/api/work_pools/smarthub-pool/get_scheduled_flow_runs \"HTTP/1.1 200 OK\""}
{"ts": "2026-08-17T01:09:12.920612645Z", "container": "prefect-worker", "msg": "2026-08-17 01:09:12 | INFO  | _client.py:_send_single_request:1740 | HTTP Request: POST http://prefect-server:4200/api/work_pools/smarthub-pool/get_scheduled_flow_runs \"HTTP/1.1 200 OK\""}
{"ts": "2026-08-17T01:09:23.979860003Z", "container": "prefect-worker", "msg": "2026-08-17 01:09:23 | INFO  | _client.py:_send_single_request:1740 | HTTP Request: POST http://prefect-server:4200/api/work_pools/smarthub-pool/get_scheduled_flow_runs \"HTTP/1.1 200 OK\""}
{"ts": "2026-08-17T01:09:34.751989181Z", "container": "prefect-worker", "msg": "2026-08-17 01:09:34 | INFO  | _client.py:_send_single_request:1740 | HTTP Request: POST http://prefect-server:4200/api/work_pools/smarthub-pool/get_scheduled_flow_runs \"HTTP/1.1 200 OK\""}
{"ts": "2026-08-17T01:09:43.783037707Z", "container": "prefect-worker", "msg": "2026-08-17 01:09:43 | INFO  | _client.py:_send_single_request:1740 | HTTP Request: POST http://prefect-server:4200/api/work_pools/smarthub-pool/get_scheduled_flow_runs \"HTTP/1.1 200 OK\""}
{"ts": "2026-08-17T01:09:55.668356669Z", "container": "prefect-worker", "msg": "2026-08-17 01:09:55 | INFO  | _client.py:_send_single_request:1740 | HTTP Request: POST http://prefect-server:4200/api/work_pools/smarthub-pool/get_scheduled_flow_runs \"HTTP/1.1 200 OK\""}
{"ts": "2026-08-17T01:10:04.419758975Z", "container": "prefect-worker", "msg": "2026-08-17 01:10:04 | INFO  | _client.py:_send_single_request:1740 | HTTP Request: POST http://prefect-server:4200/api/work_pools/smarthub-pool/get_scheduled_flow_runs \"HTTP/1.1 200 OK\""}
{"ts": "2026-08-17T01:10:14.921175842Z", "container": "prefect-worker", "msg": "2026-08-17 01:10:14 | INFO  | _client.py:_send_single_request:1740 | HTTP Request: POST http://prefect-server:4200/api/work_pools/smarthub-pool/get_scheduled_flow_runs \"HTTP/1.1 200 OK\""}
{"ts": "2026-08-17T01:10:23.546180640Z", "container": "prefect-worker", "msg": "2026-08-17 01:10:23 | INFO  | _client.py:_send_single_request:1740 | HTTP Request: POST http://prefect-server:4200/api/work_pools/smarthub-pool/get_scheduled_flow_runs \"HTTP/1.1 200 OK\""}
{"ts": "2026-08-17T01:10:31.425550628Z", "container": "prefect-worker", "msg": "2026-08-17 01:10:31 | INFO  | _client.py:_send_single_request:1740 | HTTP Request: POST http://prefect-server:4200/api/work_pools/smarthub-pool/get_scheduled_flow_runs \"HTTP/1.1 200 OK\""}
{"ts": "2026-08-17T01:10:43.241906037Z", "container": "prefect-worker", "msg": "2026-08-17 01:10:43 | INFO  | _client.py:_send_single_request:1740 | HTTP Request: POST http://prefect-server:4200/api/work_pools/smarthub-pool/get_scheduled_flow_runs \"HTTP/1.1 200 OK\""}
{"ts": "2026-08-17T01:10:55.301999651Z", "container": "prefect-worker", "msg": "2026-08-17 01:10:55 | INFO  | _client.py:_send_single_request:1740 | HTTP Request: POST http://prefect-server:4200/api/work_pools/smarthub-pool/get_scheduled_flow_runs \"HTTP/1.1 200 OK\""}
{"ts": "2026-08-17T01:11:08.046833865Z", "container": "prefect-worker", "msg": "2026-08-17 01:11:08 | INFO  | _client.py:_send_single_request:1740 | HTTP Request: POST http://prefect-server:4200/api/work_pools/smarthub-pool/get_scheduled_flow_runs \"HTTP/1.1 200 OK\""}
{"ts": "2026-08-17T01:11:16.197765369Z", "container": "prefect-worker", "msg": "2026-08-17 01:11:16 | INFO  | _client.py:_send_single_request:1740 | HTTP Request: POST http://prefect-server:4200/api/work_pools/smarthub-pool/get_scheduled_flow_runs \"HTTP/1.1 200 OK\""}
{"ts": "2026-08-17T01:11:23.958670122Z", "container": "prefect-worker", "msg": "2026-08-17 01:11:23 | INFO  | _client.py:_send_single_request:1740 | HTTP Request: POST http://prefect-server:4200/api/work_pools/smarthub-pool/get_scheduled_flow_runs \"HTTP/1.1 200 OK\""}
{"ts": "2026-08-17T01:11:32.986625716Z", "container": "prefect-worker", "msg": "2026-08-17 01:11:32 | INFO  | _client.py:_send_single_request:1740 | HTTP Request: POST http://prefect-server:4200/api/work_pools/smarthub-pool/get_scheduled_flow_runs \"HTTP/1.1 200 OK\""}
{"ts": "2026-08-17T01:11:43.057876951Z", "container": "prefect-worker", "msg": "2026-08-17 01:11:43 | INFO  | _client.py:_send_single_request:1740 | HTTP Request: POST http://prefect-server:4200/api/work_pools/smarthub-pool/get_scheduled_flow_runs \"HTTP/1.1 200 OK\""}
{"ts": "2026-08-17T01:11:52.494116002Z", "container": "prefect-worker", "msg": "2026-08-17 01:11:52 | INFO  | _client.py:_send_single_request:1740 | HTTP Request: POST http://prefect-server:4200/api/work_pools/smarthub-pool/get_scheduled_flow_runs \"HTTP/1.1 200 OK\""}
{"ts": "2026-08-17T01:12:04.040713413Z", "container": "prefect-worker", "msg": "2026-08-17 01:12:04 | INFO  | _client.py:_send_single_request:1740 | HTTP Request: POST http://prefect-server:4200/api/work_pools/smarthub-pool/get_scheduled_flow_runs \"HTTP/1.1 200 OK\""}
{"ts": "2026-08-17T01:12:12.050473088Z", "container": "prefect-worker", "msg": "2026-08-17 01:12:12 | INFO  | _client.py:_send_single_request:1740 | HTTP Request: POST http://prefect-server:4200/api/work_pools/smarthub-pool/get_scheduled_flow_runs \"HTTP/1.1 200 OK\""}
{"ts": "2026-08-17T01:12:22.402064987Z", "container": "prefect-worker", "msg": "2026-08-17 01:12:22 | INFO  | _client.py:_send_single_request:1740 | HTTP Request: POST http://prefect-server:4200/api/work_pools/smarthub-pool/get_scheduled_flow_runs \"HTTP/1.1 200 OK\""}
{"ts": "2026-08-17T01:12:34.560930950Z", "container": "prefect-worker", "msg": "2026-08-17 01:12:34 | INFO  | _client.py:_send_single_request:1740 | HTTP Request: POST http://prefect-server:4200/api/work_pools/smarthub-pool/get_scheduled_flow_runs \"HTTP/1.1 200 OK\""}
{"ts": "2026-08-17T01:12:43.383899187Z", "container": "prefect-worker", "msg": "2026-08-17 01:12:43 | INFO  | _client.py:_send_single_request:1740 | HTTP Request: POST http://prefect-server:4200/api/work_pools/smarthub-pool/get_scheduled_flow_runs \"HTTP/1.1 200 OK\""}
{"ts": "2026-08-17T01:12:54.324397433Z", "container": "prefect-worker", "msg": "2026-08-17 01:12:54 | INFO  | _client.py:_send_single_request:1740 | HTTP Request: POST http://prefect-server:4200/api/work_pools/smarthub-pool/get_scheduled_flow_runs \"HTTP/1.1 200 OK\""}
{"ts": "2026-08-17T01:13:05.664311371Z", "container": "prefect-worker", "msg": "2026-08-17 01:13:05 | INFO  | _client.py:_send_single_request:1740 | HTTP Request: POST http://prefect-server:4200/api/work_pools/smarthub-pool/get_scheduled_flow_runs \"HTTP/1.1 200 OK\""}
{"ts": "2026-08-17T01:13:17.153917359Z", "container": "prefect-worker", "msg": "2026-08-17 01:13:17 | INFO  | _client.py:_send_single_request:1740 | HTTP Request: POST http://prefect-server:4200/api/work_pools/smarthub-pool/get_scheduled_flow_runs \"HTTP/1.1 200 OK\""}
{"ts": "2026-08-17T01:13:28.304907873Z", "container": "prefect-worker", "msg": "2026-08-17 01:13:28 | INFO  | _client.py:_send_single_request:1740 | HTTP Request: POST http://prefect-server:4200/api/work_pools/smarthub-pool/get_scheduled_flow_runs \"HTTP/1.1 200 OK\""}
{"ts": "2026-08-17T01:13:40.278566490Z", "container": "prefect-worker", "msg": "2026-08-17 01:13:40 | INFO  | _client.py:_send_single_request:1740 | HTTP Request: POST http://prefect-server:4200/api/work_pools/smarthub-pool/get_scheduled_flow_runs \"HTTP/1.1 200 OK\""}
{"ts": "2026-08-17T01:13:48.465876432Z", "container": "prefect-worker", "msg": "2026-08-17 01:13:48 | INFO  | _client.py:_send_single_request:1740 | HTTP Request: POST http://prefect-server:4200/api/work_pools/smarthub-pool/get_scheduled_flow_runs \"HTTP/1.1 200 OK\""}
{"ts": "2026-08-17T01:13:59.622727058Z", "container": "prefect-worker", "msg": "2026-08-17 01:13:59 | INFO  | _client.py:_send_single_request:1740 | HTTP Request: POST http://prefect-server:4200/api/work_pools/smarthub-pool/get_scheduled_flow_runs \"HTTP/1.1 200 OK\""}
{"ts": "2026-08-17T01:14:12.558488221Z", "container": "prefect-worker", "msg": "2026-08-17 01:14:12 | INFO  | _client.py:_send_single_request:1740 | HTTP Request: POST http://prefect-server:4200/api/work_pools/smarthub-pool/get_scheduled_flow_runs \"HTTP/1.1 200 OK\""}
{"ts": "2026-08-17T01:14:23.530028658Z", "container": "prefect-worker", "msg": "2026-08-17 01:14:23 | INFO  | _client.py:_send_single_request:1740 | HTTP Request: POST http://prefect-server:4200/api/work_pools/smarthub-pool/get_scheduled_flow_runs \"HTTP/1.1 200 OK\""}
{"ts": "2026-08-17T01:14:34.230352000Z", "container": "prefect-worker", "msg": "2026-08-17 01:14:34 | INFO  | _client.py:_send_single_request:1740 | HTTP Request: POST http://prefect-server:4200/api/work_pools/smarthub-pool/get_scheduled_flow_runs \"HTTP/1.1 200 OK\""}
{"ts": "2026-08-17T01:14:43.286903468Z", "container": "prefect-worker", "msg": "2026-08-17 01:14:43 | INFO  | _client.py:_send_single_request:1740 | HTTP Request: POST http://prefect-server:4200/api/work_pools/smarthub-pool/get_scheduled_flow_runs \"HTTP/1.1 200 OK\""}
{"ts": "2026-08-17T01:14:52.197382666Z", "container": "prefect-worker", "msg": "2026-08-17 01:14:52 | INFO  | _client.py:_send_single_request:1740 | HTTP Request: POST http://prefect-server:4200/api/work_pools/smarthub-pool/get_scheduled_flow_runs \"HTTP/1.1 200 OK\""}
{"ts": "2026-08-17T01:15:03.515953291Z", "container": "prefect-worker", "msg": "2026-08-17 01:15:03 | INFO  | _client.py:_send_single_request:1740 | HTTP Request: POST http://prefect-server:4200/api/work_pools/smarthub-pool/get_scheduled_flow_runs \"HTTP/1.1 200 OK\""}
{"ts": "2026-08-17T01:15:12.095867797Z", "container": "prefect-worker", "msg": "2026-08-17 01:15:12 | INFO  | _client.py:_send_single_request:1740 | HTTP Request: POST http://prefect-server:4200/api/work_pools/smarthub-pool/get_scheduled_flow_runs \"HTTP/1.1 200 OK\""}
{"ts": "2026-08-17T01:15:22.380252709Z", "container": "prefect-worker", "msg": "2026-08-17 01:15:22 | INFO  | _client.py:_send_single_request:1740 | HTTP Request: POST http://prefect-server:4200/api/work_pools/smarthub-pool/get_scheduled_flow_runs \"HTTP/1.1 200 OK\""}
{"ts": "2026-08-17T01:15:30.674720025Z", "container": "prefect-worker", "msg": "2026-08-17 01:15:30 | INFO  | _client.py:_send_single_request:1740 | HTTP Request: POST http://prefect-server:4200/api/work_pools/smarthub-pool/get_scheduled_flow_runs \"HTTP/1.1 200 OK\""}
{"ts": "2026-08-17T01:15:40.232288176Z", "container": "prefect-worker", "msg": "2026-08-17 01:15:40 | INFO  | _client.py:_send_single_request:1740 | HTTP Request: POST http://prefect-server:4200/api/work_pools/smarthub-pool/get_scheduled_flow_runs \"HTTP/1.1 200 OK\""}
{"ts": "2026-08-17T01:15:50.872080721Z", "container": "prefect-worker", "msg": "2026-08-17 01:15:50 | INFO  | _client.py:_send_single_request:1740 | HTTP Request: POST http://prefect-server:4200/api/work_pools/smarthub-pool/get_scheduled_flow_runs \"HTTP/1.1 200 OK\""}
{"ts": "2026-08-17T01:16:00.806362739Z", "container": "prefect-worker", "msg": "2026-08-17 01:16:00 | INFO  | _client.py:_send_single_request:1740 | HTTP Request: POST http://prefect-server:4200/api/work_pools/smarthub-pool/get_scheduled_flow_runs \"HTTP/1.1 200 OK\""}
{"ts": "2026-08-17T01:16:13.172398111Z", "container": "prefect-worker", "msg": "2026-08-17 01:16:13 | INFO  | _client.py:_send_single_request:1740 | HTTP Request: POST http://prefect-server:4200/api/work_pools/smarthub-pool/get_scheduled_flow_runs \"HTTP/1.1 200 OK\""}
{"ts": "2026-08-17T01:16:24.276312462Z", "container": "prefect-worker", "msg": "2026-08-17 01:16:24 | INFO  | _client.py:_send_single_request:1740 | HTTP Request: POST http://prefect-server:4200/api/work_pools/smarthub-pool/get_scheduled_flow_runs \"HTTP/1.1 200 OK\""}
{"ts": "2026-08-17T01:16:35.001826301Z", "container": "prefect-worker", "msg": "2026-08-17 01:16:35 | INFO  | _client.py:_send_single_request:1740 | HTTP Request: POST http://prefect-server:4200/api/work_pools/smarthub-pool/get_scheduled_flow_runs \"HTTP/1.1 200 OK\""}
{"ts": "2026-08-17T01:16:43.605907811Z", "container": "prefect-worker", "msg": "2026-08-17 01:16:43 | INFO  | _client.py:_send_single_request:1740 | HTTP Request: POST http://prefect-server:4200/api/work_pools/smarthub-pool/get_scheduled_flow_runs \"HTTP/1.1 200 OK\""}
{"ts": "2026-08-17T01:16:54.832541230Z", "container": "prefect-worker", "msg": "2026-08-17 01:16:54 | INFO  | _client.py:_send_single_request:1740 | HTTP Request: POST http://prefect-server:4200/api/work_pools/smarthub-pool/get_scheduled_flow_runs \"HTTP/1.1 200 OK\""}
{"ts": "2026-08-17T01:17:03.502286471Z", "container": "prefect-worker", "msg": "2026-08-17 01:17:03 | INFO  | _client.py:_send_single_request:1740 | HTTP Request: POST http://prefect-server:4200/api/work_pools/smarthub-pool/get_scheduled_flow_runs \"HTTP/1.1 200 OK\""}
{"ts": "2026-08-17T01:17:13.357810143Z", "container": "prefect-worker", "msg": "2026-08-17 01:17:13 | INFO  | _client.py:_send_single_request:1740 | HTTP Request: POST http://prefect-server:4200/api/work_pools/smarthub-pool/get_scheduled_flow_runs \"HTTP/1.1 200 OK\""}
{"ts": "2026-08-17T01:17:24.372279806Z", "container": "prefect-worker", "msg": "2026-08-17 01:17:24 | INFO  | _client.py:_send_single_request:1740 | HTTP Request: POST http://prefect-server:4200/api/work_pools/smarthub-pool/get_scheduled_flow_runs \"HTTP/1.1 200 OK\""}
{"ts": "2026-08-17T01:17:35.869840023Z", "container": "prefect-worker", "msg": "2026-08-17 01:17:35 | INFO  | _client.py:_send_single_request:1740 | HTTP Request: POST http://prefect-server:4200/api/work_pools/smarthub-pool/get_scheduled_flow_runs \"HTTP/1.1 200 OK\""}
{"ts": "2026-08-17T01:17:45.260574210Z", "container": "prefect-worker", "msg": "2026-08-17 01:17:45 | INFO  | _client.py:_send_single_request:1740 | HTTP Request: POST http://prefect-server:4200/api/work_pools/smarthub-pool/get_scheduled_flow_runs \"HTTP/1.1 200 OK\""}
{"ts": "2026-08-17T01:17:52.923929849Z", "container": "prefect-worker", "msg": "2026-08-17 01:17:52 | INFO  | _client.py:_send_single_request:1740 | HTTP Request: POST http://prefect-server:4200/api/work_pools/smarthub-pool/get_scheduled_flow_runs \"HTTP/1.1 200 OK\""}
{"ts": "2026-08-17T01:18:04.494584814Z", "container": "prefect-worker", "msg": "2026-08-17 01:18:04 | INFO  | _client.py:_send_single_request:1740 | HTTP Request: POST http://prefect-server:4200/api/work_pools/smarthub-pool/get_scheduled_flow_runs \"HTTP/1.1 200 OK\""}
{"ts": "2026-08-17T01:18:14.677649269Z", "container": "prefect-worker", "msg": "2026-08-17 01:18:14 | INFO  | _client.py:_send_single_request:1740 | HTTP Request: POST http://prefect-server:4200/api/work_pools/smarthub-pool/get_scheduled_flow_runs \"HTTP/1.1 200 OK\""}
{"ts": "2026-08-17T01:18:26.737076715Z", "container": "prefect-worker", "msg": "2026-08-17 01:18:26 | INFO  | _client.py:_send_single_request:1740 | HTTP Request: POST http://prefect-server:4200/api/work_pools/smarthub-pool/get_scheduled_flow_runs \"HTTP/1.1 200 OK\""}
{"ts": "2026-08-17T01:18:37.225593057Z", "container": "prefect-worker", "msg": "2026-08-17 01:18:37 | INFO  | _client.py:_send_single_request:1740 | HTTP Request: POST http://prefect-server:4200/api/work_pools/smarthub-pool/get_scheduled_flow_runs \"HTTP/1.1 200 OK\""}
{"ts": "2026-08-17T01:18:45.904461960Z", "container": "prefect-worker", "msg": "2026-08-17 01:18:45 | INFO  | _client.py:_send_single_request:1740 | HTTP Request: POST http://prefect-server:4200/api/work_pools/smarthub-pool/get_scheduled_flow_runs \"HTTP/1.1 200 OK\""}
{"ts": "2026-08-17T01:18:58.776379853Z", "container": "prefect-worker", "msg": "2026-08-17 01:18:58 | INFO  | _client.py:_send_single_request:1740 | HTTP Request: POST http://prefect-server:4200/api/work_pools/smarthub-pool/get_scheduled_flow_runs \"HTTP/1.1 200 OK\""}
{"ts": "2026-08-17T01:19:08.358767983Z", "container": "prefect-worker", "msg": "2026-08-17 01:19:08 | INFO  | _client.py:_send_single_request:1740 | HTTP Request: POST http://prefect-server:4200/api/work_pools/smarthub-pool/get_scheduled_flow_runs \"HTTP/1.1 200 OK\""}
{"ts": "2026-08-17T01:19:19.152723023Z", "container": "prefect-worker", "msg": "2026-08-17 01:19:19 | INFO  | _client.py:_send_single_request:1740 | HTTP Request: POST http://prefect-server:4200/api/work_pools/smarthub-pool/get_scheduled_flow_runs \"HTTP/1.1 200 OK\""}
{"ts": "2026-08-17T01:19:26.986526729Z", "container": "prefect-worker", "msg": "2026-08-17 01:19:26 | INFO  | _client.py:_send_single_request:1740 | HTTP Request: POST http://prefect-server:4200/api/work_pools/smarthub-pool/get_scheduled_flow_runs \"HTTP/1.1 200 OK\""}
{"ts": "2026-08-17T01:19:35.521573184Z", "container": "prefect-worker", "msg": "2026-08-17 01:19:35 | INFO  | _client.py:_send_single_request:1740 | HTTP Request: POST http://prefect-server:4200/api/work_pools/smarthub-pool/get_scheduled_flow_runs \"HTTP/1.1 200 OK\""}
{"ts": "2026-08-17T01:19:46.375533326Z", "container": "prefect-worker", "msg": "2026-08-17 01:19:46 | INFO  | _client.py:_send_single_request:1740 | HTTP Request: POST http://prefect-server:4200/api/work_pools/smarthub-pool/get_scheduled_flow_runs \"HTTP/1.1 200 OK\""}
{"ts": "2026-08-17T01:19:55.653876308Z", "container": "prefect-worker", "msg": "2026-08-17 01:19:55 | INFO  | _client.py:_send_single_request:1740 | HTTP Request: POST http://prefect-server:4200/api/work_pools/smarthub-pool/get_scheduled_flow_runs \"HTTP/1.1 200 OK\""}
{"ts": "2026-08-17T01:20:06.058630847Z", "container": "prefect-worker", "msg": "2026-08-17 01:20:06 | INFO  | _client.py:_send_single_request:1740 | HTTP Request: POST http://prefect-server:4200/api/work_pools/smarthub-pool/get_scheduled_flow_runs \"HTTP/1.1 200 OK\""}
{"ts": "2026-08-17T01:20:15.139011471Z", "container": "prefect-worker", "msg": "2026-08-17 01:20:15 | INFO  | _client.py:_send_single_request:1740 | HTTP Request: POST http://prefect-server:4200/api/work_pools/smarthub-pool/get_scheduled_flow_runs \"HTTP/1.1 200 OK\""}
{"ts": "2026-08-17T01:20:24.473595958Z", "container": "prefect-worker", "msg": "2026-08-17 01:20:24 | INFO  | _client.py:_send_single_request:1740 | HTTP Request: POST http://prefect-server:4200/api/work_pools/smarthub-pool/get_scheduled_flow_runs \"HTTP/1.1 200 OK\""}
{"ts": "2026-08-17T01:20:32.917820654Z", "container": "prefect-worker", "msg": "2026-08-17 01:20:32 | INFO  | _client.py:_send_single_request:1740 | HTTP Request: POST http://prefect-server:4200/api/work_pools/smarthub-pool/get_scheduled_flow_runs \"HTTP/1.1 200 OK\""}
{"ts": "2026-08-17T01:20:40.867231306Z", "container": "prefect-worker", "msg": "2026-08-17 01:20:40 | INFO  | _client.py:_send_single_request:1740 | HTTP Request: POST http://prefect-server:4200/api/work_pools/smarthub-pool/get_scheduled_flow_runs \"HTTP/1.1 200 OK\""}
{"ts": "2026-08-17T01:20:49.951795660Z", "container": "prefect-worker", "msg": "2026-08-17 01:20:49 | INFO  | _client.py:_send_single_request:1740 | HTTP Request: POST http://prefect-server:4200/api/work_pools/smarthub-pool/get_scheduled_flow_runs \"HTTP/1.1 200 OK\""}
{"ts": "2026-08-17T01:20:59.043316067Z", "container": "prefect-worker", "msg": "2026-08-17 01:20:59 | INFO  | _client.py:_send_single_request:1740 | HTTP Request: POST http://prefect-server:4200/api/work_pools/smarthub-pool/get_scheduled_flow_runs \"HTTP/1.1 200 OK\""}
{"ts": "2026-08-17T01:21:10.890019379Z", "container": "prefect-worker", "msg": "2026-08-17 01:21:10 | INFO  | _client.py:_send_single_request:1740 | HTTP Request: POST http://prefect-server:4200/api/work_pools/smarthub-pool/get_scheduled_flow_runs \"HTTP/1.1 200 OK\""}
{"ts": "2026-08-17T01:21:19.425922219Z", "container": "prefect-worker", "msg": "2026-08-17 01:21:19 | INFO  | _client.py:_send_single_request:1740 | HTTP Request: POST http://prefect-server:4200/api/work_pools/smarthub-pool/get_scheduled_flow_runs \"HTTP/1.1 200 OK\""}
{"ts": "2026-08-17T01:21:30.161705055Z", "container": "prefect-worker", "msg": "2026-08-17 01:21:30 | INFO  | _client.py:_send_single_request:1740 | HTTP Request: POST http://prefect-server:4200/api/work_pools/smarthub-pool/get_scheduled_flow_runs \"HTTP/1.1 200 OK\""}
{"ts": "2026-08-17T01:21:38.001739500Z", "container": "prefect-worker", "msg": "2026-08-17 01:21:38 | INFO  | _client.py:_send_single_request:1740 | HTTP Request: POST http://prefect-server:4200/api/work_pools/smarthub-pool/get_scheduled_flow_runs \"HTTP/1.1 200 OK\""}
{"ts": "2026-08-17T01:21:46.480091579Z", "container": "prefect-worker", "msg": "2026-08-17 01:21:46 | INFO  | _client.py:_send_single_request:1740 | HTTP Request: POST http://prefect-server:4200/api/work_pools/smarthub-pool/get_scheduled_flow_runs \"HTTP/1.1 200 OK\""}
{"ts": "2026-08-17T01:21:54.569787795Z", "container": "prefect-worker", "msg": "2026-08-17 01:21:54 | INFO  | _client.py:_send_single_request:1740 | HTTP Request: POST http://prefect-server:4200/api/work_pools/smarthub-pool/get_scheduled_flow_runs \"HTTP/1.1 200 OK\""}
{"ts": "2026-08-17T01:22:03.134478712Z", "container": "prefect-worker", "msg": "2026-08-17 01:22:03 | INFO  | _client.py:_send_single_request:1740 | HTTP Request: POST http://prefect-server:4200/api/work_pools/smarthub-pool/get_scheduled_flow_runs \"HTTP/1.1 200 OK\""}
{"ts": "2026-08-17T01:22:15.178976619Z", "container": "prefect-worker", "msg": "2026-08-17 01:22:15 | INFO  | _client.py:_send_single_request:1740 | HTTP Request: POST http://prefect-server:4200/api/work_pools/smarthub-pool/get_scheduled_flow_runs \"HTTP/1.1 200 OK\""}
{"ts": "2026-08-17T01:22:26.993709496Z", "container": "prefect-worker", "msg": "2026-08-17 01:22:26 | INFO  | _client.py:_send_single_request:1740 | HTTP Request: POST http://prefect-server:4200/api/work_pools/smarthub-pool/get_scheduled_flow_runs \"HTTP/1.1 200 OK\""}
{"ts": "2026-08-17T01:22:37.873411002Z", "container": "prefect-worker", "msg": "2026-08-17 01:22:37 | INFO  | _client.py:_send_single_request:1740 | HTTP Request: POST http://prefect-server:4200/api/work_pools/smarthub-pool/get_scheduled_flow_runs \"HTTP/1.1 200 OK\""}
{"ts": "2026-08-17T01:22:47.842479477Z", "container": "prefect-worker", "msg": "2026-08-17 01:22:47 | INFO  | _client.py:_send_single_request:1740 | HTTP Request: POST http://prefect-server:4200/api/work_pools/smarthub-pool/get_scheduled_flow_runs \"HTTP/1.1 200 OK\""}
{"ts": "2026-08-17T01:22:57.616213560Z", "container": "prefect-worker", "msg": "2026-08-17 01:22:57 | INFO  | _client.py:_send_single_request:1740 | HTTP Request: POST http://prefect-server:4200/api/work_pools/smarthub-pool/get_scheduled_flow_runs \"HTTP/1.1 200 OK\""}
{"ts": "2026-08-17T01:23:06.158027333Z", "container": "prefect-worker", "msg": "2026-08-17 01:23:06 | INFO  | _client.py:_send_single_request:1740 | HTTP Request: POST http://prefect-server:4200/api/work_pools/smarthub-pool/get_scheduled_flow_runs \"HTTP/1.1 200 OK\""}
{"ts": "2026-08-17T01:23:15.296826447Z", "container": "prefect-worker", "msg": "2026-08-17 01:23:15 | INFO  | _client.py:_send_single_request:1740 | HTTP Request: POST http://prefect-server:4200/api/work_pools/smarthub-pool/get_scheduled_flow_runs \"HTTP/1.1 200 OK\""}
{"ts": "2026-08-17T01:23:25.557245177Z", "container": "prefect-worker", "msg": "2026-08-17 01:23:25 | INFO  | _client.py:_send_single_request:1740 | HTTP Request: POST http://prefect-server:4200/api/work_pools/smarthub-pool/get_scheduled_flow_runs \"HTTP/1.1 200 OK\""}
{"ts": "2026-08-17T01:23:33.406045655Z", "container": "prefect-worker", "msg": "2026-08-17 01:23:33 | INFO  | _client.py:_send_single_request:1740 | HTTP Request: POST http://prefect-server:4200/api/work_pools/smarthub-pool/get_scheduled_flow_runs \"HTTP/1.1 200 OK\""}
{"ts": "2026-08-17T01:23:42.488136592Z", "container": "prefect-worker", "msg": "2026-08-17 01:23:42 | INFO  | _client.py:_send_single_request:1740 | HTTP Request: POST http://prefect-server:4200/api/work_pools/smarthub-pool/get_scheduled_flow_runs \"HTTP/1.1 200 OK\""}
{"ts": "2026-08-17T01:23:51.738626071Z", "container": "prefect-worker", "msg": "2026-08-17 01:23:51 | INFO  | _client.py:_send_single_request:1740 | HTTP Request: POST http://prefect-server:4200/api/work_pools/smarthub-pool/get_scheduled_flow_runs \"HTTP/1.1 200 OK\""}
{"ts": "2026-08-17T01:24:00.809020532Z", "container": "prefect-worker", "msg": "2026-08-17 01:24:00 | INFO  | _client.py:_send_single_request:1740 | HTTP Request: POST http://prefect-server:4200/api/work_pools/smarthub-pool/get_scheduled_flow_runs \"HTTP/1.1 200 OK\""}
{"ts": "2026-08-17T01:24:08.554926584Z", "container": "prefect-worker", "msg": "2026-08-17 01:24:08 | INFO  | _client.py:_send_single_request:1740 | HTTP Request: POST http://prefect-server:4200/api/work_pools/smarthub-pool/get_scheduled_flow_runs \"HTTP/1.1 200 OK\""}
{"ts": "2026-08-17T01:24:21.256387261Z", "container": "prefect-worker", "msg": "2026-08-17 01:24:21 | INFO  | _client.py:_send_single_request:1740 | HTTP Request: POST http://prefect-server:4200/api/work_pools/smarthub-pool/get_scheduled_flow_runs \"HTTP/1.1 200 OK\""}
{"ts": "2026-08-17T01:24:30.101092820Z", "container": "prefect-worker", "msg": "2026-08-17 01:24:30 | INFO  | _client.py:_send_single_request:1740 | HTTP Request: POST http://prefect-server:4200/api/work_pools/smarthub-pool/get_scheduled_flow_runs \"HTTP/1.1 200 OK\""}
{"ts": "2026-08-17T01:24:38.214303314Z", "container": "prefect-worker", "msg": "2026-08-17 01:24:38 | INFO  | _client.py:_send_single_request:1740 | HTTP Request: POST http://prefect-server:4200/api/work_pools/smarthub-pool/get_scheduled_flow_runs \"HTTP/1.1 200 OK\""}
{"ts": "2026-08-17T01:24:47.190870720Z", "container": "prefect-worker", "msg": "2026-08-17 01:24:47 | INFO  | _client.py:_send_single_request:1740 | HTTP Request: POST http://prefect-server:4200/api/work_pools/smarthub-pool/get_scheduled_flow_runs \"HTTP/1.1 200 OK\""}
{"ts": "2026-08-17T01:24:59.987141525Z", "container": "prefect-worker", "msg": "2026-08-17 01:24:59 | INFO  | _client.py:_send_single_request:1740 | HTTP Request: POST http://prefect-server:4200/api/work_pools/smarthub-pool/get_scheduled_flow_runs \"HTTP/1.1 200 OK\""}
{"ts": "2026-08-17T01:25:08.609817778Z", "container": "prefect-worker", "msg": "2026-08-17 01:25:08 | INFO  | _client.py:_send_single_request:1740 | HTTP Request: POST http://prefect-server:4200/api/work_pools/smarthub-pool/get_scheduled_flow_runs \"HTTP/1.1 200 OK\""}
{"ts": "2026-08-17T01:25:18.630127079Z", "container": "prefect-worker", "msg": "2026-08-17 01:25:18 | INFO  | _client.py:_send_single_request:1740 | HTTP Request: POST http://prefect-server:4200/api/work_pools/smarthub-pool/get_scheduled_flow_runs \"HTTP/1.1 200 OK\""}
{"ts": "2026-08-17T01:25:26.813711170Z", "container": "prefect-worker", "msg": "2026-08-17 01:25:26 | INFO  | _client.py:_send_single_request:1740 | HTTP Request: POST http://prefect-server:4200/api/work_pools/smarthub-pool/get_scheduled_flow_runs \"HTTP/1.1 200 OK\""}
{"ts": "2026-08-17T01:25:36.030923121Z", "container": "prefect-worker", "msg": "2026-08-17 01:25:36 | INFO  | _client.py:_send_single_request:1740 | HTTP Request: POST http://prefect-server:4200/api/work_pools/smarthub-pool/get_scheduled_flow_runs \"HTTP/1.1 200 OK\""}
{"ts": "2026-08-17T01:25:44.259587823Z", "container": "prefect-worker", "msg": "2026-08-17 01:25:44 | INFO  | _client.py:_send_single_request:1740 | HTTP Request: POST http://prefect-server:4200/api/work_pools/smarthub-pool/get_scheduled_flow_runs \"HTTP/1.1 200 OK\""}
{"ts": "2026-08-17T01:25:51.889968727Z", "container": "prefect-worker", "msg": "2026-08-17 01:25:51 | INFO  | _client.py:_send_single_request:1740 | HTTP Request: POST http://prefect-server:4200/api/work_pools/smarthub-pool/get_scheduled_flow_runs \"HTTP/1.1 200 OK\""}
{"ts": "2026-08-17T01:25:59.878527534Z", "container": "prefect-worker", "msg": "2026-08-17 01:25:59 | INFO  | _client.py:_send_single_request:1740 | HTTP Request: POST http://prefect-server:4200/api/work_pools/smarthub-pool/get_scheduled_flow_runs \"HTTP/1.1 200 OK\""}
{"ts": "2026-08-17T01:26:11.229596276Z", "container": "prefect-worker", "msg": "2026-08-17 01:26:11 | INFO  | _client.py:_send_single_request:1740 | HTTP Request: POST http://prefect-server:4200/api/work_pools/smarthub-pool/get_scheduled_flow_runs \"HTTP/1.1 200 OK\""}
{"ts": "2026-08-17T01:26:21.186089003Z", "container": "prefect-worker", "msg": "2026-08-17 01:26:21 | INFO  | _client.py:_send_single_request:1740 | HTTP Request: POST http://prefect-server:4200/api/work_pools/smarthub-pool/get_scheduled_flow_runs \"HTTP/1.1 200 OK\""}
{"ts": "2026-08-17T01:26:33.085655794Z", "container": "prefect-worker", "msg": "2026-08-17 01:26:33 | INFO  | _client.py:_send_single_request:1740 | HTTP Request: POST http://prefect-server:4200/api/work_pools/smarthub-pool/get_scheduled_flow_runs \"HTTP/1.1 200 OK\""}
{"ts": "2026-08-17T01:26:45.625433169Z", "container": "prefect-worker", "msg": "2026-08-17 01:26:45 | INFO  | _client.py:_send_single_request:1740 | HTTP Request: POST http://prefect-server:4200/api/work_pools/smarthub-pool/get_scheduled_flow_runs \"HTTP/1.1 200 OK\""}
{"ts": "2026-08-17T01:26:57.885987695Z", "container": "prefect-worker", "msg": "2026-08-17 01:26:57 | INFO  | _client.py:_send_single_request:1740 | HTTP Request: POST http://prefect-server:4200/api/work_pools/smarthub-pool/get_scheduled_flow_runs \"HTTP/1.1 200 OK\""}
{"ts": "2026-08-17T01:27:05.472956397Z", "container": "prefect-worker", "msg": "2026-08-17 01:27:05 | INFO  | _client.py:_send_single_request:1740 | HTTP Request: POST http://prefect-server:4200/api/work_pools/smarthub-pool/get_scheduled_flow_runs \"HTTP/1.1 200 OK\""}
{"ts": "2026-08-17T01:27:13.486234280Z", "container": "prefect-worker", "msg": "2026-08-17 01:27:13 | INFO  | _client.py:_send_single_request:1740 | HTTP Request: POST http://prefect-server:4200/api/work_pools/smarthub-pool/get_scheduled_flow_runs \"HTTP/1.1 200 OK\""}
{"ts": "2026-08-17T01:27:23.037619805Z", "container": "prefect-worker", "msg": "2026-08-17 01:27:23 | INFO  | _client.py:_send_single_request:1740 | HTTP Request: POST http://prefect-server:4200/api/work_pools/smarthub-pool/get_scheduled_flow_runs \"HTTP/1.1 200 OK\""}
{"ts": "2026-08-17T01:27:34.041609411Z", "container": "prefect-worker", "msg": "2026-08-17 01:27:34 | INFO  | _client.py:_send_single_request:1740 | HTTP Request: POST http://prefect-server:4200/api/work_pools/smarthub-pool/get_scheduled_flow_runs \"HTTP/1.1 200 OK\""}
{"ts": "2026-08-17T01:27:46.248589278Z", "container": "prefect-worker", "msg": "2026-08-17 01:27:46 | INFO  | _client.py:_send_single_request:1740 | HTTP Request: POST http://prefect-server:4200/api/work_pools/smarthub-pool/get_scheduled_flow_runs \"HTTP/1.1 200 OK\""}
{"ts": "2026-08-17T01:27:57.585357318Z", "container": "prefect-worker", "msg": "2026-08-17 01:27:57 | INFO  | _client.py:_send_single_request:1740 | HTTP Request: POST http://prefect-server:4200/api/work_pools/smarthub-pool/get_scheduled_flow_runs \"HTTP/1.1 200 OK\""}
{"ts": "2026-08-17T01:28:08.322104286Z", "container": "prefect-worker", "msg": "2026-08-17 01:28:08 | INFO  | _client.py:_send_single_request:1740 | HTTP Request: POST http://prefect-server:4200/api/work_pools/smarthub-pool/get_scheduled_flow_runs \"HTTP/1.1 200 OK\""}
{"ts": "2026-08-17T01:28:21.157591105Z", "container": "prefect-worker", "msg": "2026-08-17 01:28:21 | INFO  | _client.py:_send_single_request:1740 | HTTP Request: POST http://prefect-server:4200/api/work_pools/smarthub-pool/get_scheduled_flow_runs \"HTTP/1.1 200 OK\""}
{"ts": "2026-08-17T01:28:31.277957256Z", "container": "prefect-worker", "msg": "2026-08-17 01:28:31 | INFO  | _client.py:_send_single_request:1740 | HTTP Request: POST http://prefect-server:4200/api/work_pools/smarthub-pool/get_scheduled_flow_runs \"HTTP/1.1 200 OK\""}
{"ts": "2026-08-17T01:28:42.200993919Z", "container": "prefect-worker", "msg": "2026-08-17 01:28:42 | INFO  | _client.py:_send_single_request:1740 | HTTP Request: POST http://prefect-server:4200/api/work_pools/smarthub-pool/get_scheduled_flow_runs \"HTTP/1.1 200 OK\""}
{"ts": "2026-08-17T01:28:53.956870596Z", "container": "prefect-worker", "msg": "2026-08-17 01:28:53 | INFO  | _client.py:_send_single_request:1740 | HTTP Request: POST http://prefect-server:4200/api/work_pools/smarthub-pool/get_scheduled_flow_runs \"HTTP/1.1 200 OK\""}
{"ts": "2026-08-17T01:29:01.708663488Z", "container": "prefect-worker", "msg": "2026-08-17 01:29:01 | INFO  | _client.py:_send_single_request:1740 | HTTP Request: POST http://prefect-server:4200/api/work_pools/smarthub-pool/get_scheduled_flow_runs \"HTTP/1.1 200 OK\""}
{"ts": "2026-08-17T01:29:13.490925362Z", "container": "prefect-worker", "msg": "2026-08-17 01:29:13 | INFO  | _client.py:_send_single_request:1740 | HTTP Request: POST http://prefect-server:4200/api/work_pools/smarthub-pool/get_scheduled_flow_runs \"HTTP/1.1 200 OK\""}
{"ts": "2026-08-17T01:29:26.097181989Z", "container": "prefect-worker", "msg": "2026-08-17 01:29:26 | INFO  | _client.py:_send_single_request:1740 | HTTP Request: POST http://prefect-server:4200/api/work_pools/smarthub-pool/get_scheduled_flow_runs \"HTTP/1.1 200 OK\""}
{"ts": "2026-08-17T01:29:35.505575566Z", "container": "prefect-worker", "msg": "2026-08-17 01:29:35 | INFO  | _client.py:_send_single_request:1740 | HTTP Request: POST http://prefect-server:4200/api/work_pools/smarthub-pool/get_scheduled_flow_runs \"HTTP/1.1 200 OK\""}
{"ts": "2026-08-17T01:29:44.400478699Z", "container": "prefect-worker", "msg": "2026-08-17 01:29:44 | INFO  | _client.py:_send_single_request:1740 | HTTP Request: POST http://prefect-server:4200/api/work_pools/smarthub-pool/get_scheduled_flow_runs \"HTTP/1.1 200 OK\""}
{"ts": "2026-08-17T01:29:52.816546455Z", "container": "prefect-worker", "msg": "2026-08-17 01:29:52 | INFO  | _client.py:_send_single_request:1740 | HTTP Request: POST http://prefect-server:4200/api/work_pools/smarthub-pool/get_scheduled_flow_runs \"HTTP/1.1 200 OK\""}
{"ts": "2026-08-17T01:30:04.813909652Z", "container": "prefect-worker", "msg": "2026-08-17 01:30:04 | INFO  | _client.py:_send_single_request:1740 | HTTP Request: POST http://prefect-server:4200/api/work_pools/smarthub-pool/get_scheduled_flow_runs \"HTTP/1.1 200 OK\""}
{"ts": "2026-08-17T01:30:17.345810956Z", "container": "prefect-worker", "msg": "2026-08-17 01:30:17 | INFO  | _client.py:_send_single_request:1740 | HTTP Request: POST http://prefect-server:4200/api/work_pools/smarthub-pool/get_scheduled_flow_runs \"HTTP/1.1 200 OK\""}
{"ts": "2026-08-17T01:30:28.021911855Z", "container": "prefect-worker", "msg": "2026-08-17 01:30:28 | INFO  | _client.py:_send_single_request:1740 | HTTP Request: POST http://prefect-server:4200/api/work_pools/smarthub-pool/get_scheduled_flow_runs \"HTTP/1.1 200 OK\""}
{"ts": "2026-08-17T01:30:38.694552347Z", "container": "prefect-worker", "msg": "2026-08-17 01:30:38 | INFO  | _client.py:_send_single_request:1740 | HTTP Request: POST http://prefect-server:4200/api/work_pools/smarthub-pool/get_scheduled_flow_runs \"HTTP/1.1 200 OK\""}
{"ts": "2026-08-17T01:30:46.255788274Z", "container": "prefect-worker", "msg": "2026-08-17 01:30:46 | INFO  | _client.py:_send_single_request:1740 | HTTP Request: POST http://prefect-server:4200/api/work_pools/smarthub-pool/get_scheduled_flow_runs \"HTTP/1.1 200 OK\""}
{"ts": "2026-08-17T01:30:56.764243387Z", "container": "prefect-worker", "msg": "2026-08-17 01:30:56 | INFO  | _client.py:_send_single_request:1740 | HTTP Request: POST http://prefect-server:4200/api/work_pools/smarthub-pool/get_scheduled_flow_runs \"HTTP/1.1 200 OK\""}
{"ts": "2026-08-17T01:31:05.793395300Z", "container": "prefect-worker", "msg": "2026-08-17 01:31:05 | INFO  | _client.py:_send_single_request:1740 | HTTP Request: POST http://prefect-server:4200/api/work_pools/smarthub-pool/get_scheduled_flow_runs \"HTTP/1.1 200 OK\""}
{"ts": "2026-08-17T01:31:17.525815081Z", "container": "prefect-worker", "msg": "2026-08-17 01:31:17 | INFO  | _client.py:_send_single_request:1740 | HTTP Request: POST http://prefect-server:4200/api/work_pools/smarthub-pool/get_scheduled_flow_runs \"HTTP/1.1 200 OK\""}
{"ts": "2026-08-17T01:31:29.297852660Z", "container": "prefect-worker", "msg": "2026-08-17 01:31:29 | INFO  | _client.py:_send_single_request:1740 | HTTP Request: POST http://prefect-server:4200/api/work_pools/smarthub-pool/get_scheduled_flow_runs \"HTTP/1.1 200 OK\""}
{"ts": "2026-08-17T01:31:40.693945061Z", "container": "prefect-worker", "msg": "2026-08-17 01:31:40 | INFO  | _client.py:_send_single_request:1740 | HTTP Request: POST http://prefect-server:4200/api/work_pools/smarthub-pool/get_scheduled_flow_runs \"HTTP/1.1 200 OK\""}
{"ts": "2026-08-17T01:31:48.521745499Z", "container": "prefect-worker", "msg": "2026-08-17 01:31:48 | INFO  | _client.py:_send_single_request:1740 | HTTP Request: POST http://prefect-server:4200/api/work_pools/smarthub-pool/get_scheduled_flow_runs \"HTTP/1.1 200 OK\""}
{"ts": "2026-08-17T01:32:00.147631844Z", "container": "prefect-worker", "msg": "2026-08-17 01:32:00 | INFO  | _client.py:_send_single_request:1740 | HTTP Request: POST http://prefect-server:4200/api/work_pools/smarthub-pool/get_scheduled_flow_runs \"HTTP/1.1 200 OK\""}
{"ts": "2026-08-17T01:32:10.973478365Z", "container": "prefect-worker", "msg": "2026-08-17 01:32:10 | INFO  | _client.py:_send_single_request:1740 | HTTP Request: POST http://prefect-server:4200/api/work_pools/smarthub-pool/get_scheduled_flow_runs \"HTTP/1.1 200 OK\""}
{"ts": "2026-08-17T01:32:20.895251352Z", "container": "prefect-worker", "msg": "2026-08-17 01:32:20 | INFO  | _client.py:_send_single_request:1740 | HTTP Request: POST http://prefect-server:4200/api/work_pools/smarthub-pool/get_scheduled_flow_runs \"HTTP/1.1 200 OK\""}
{"ts": "2026-08-17T01:32:32.171479094Z", "container": "prefect-worker", "msg": "2026-08-17 01:32:32 | INFO  | _client.py:_send_single_request:1740 | HTTP Request: POST http://prefect-server:4200/api/work_pools/smarthub-pool/get_scheduled_flow_runs \"HTTP/1.1 200 OK\""}
{"ts": "2026-08-17T01:32:44.040857867Z", "container": "prefect-worker", "msg": "2026-08-17 01:32:44 | INFO  | _client.py:_send_single_request:1740 | HTTP Request: POST http://prefect-server:4200/api/work_pools/smarthub-pool/get_scheduled_flow_runs \"HTTP/1.1 200 OK\""}
{"ts": "2026-08-17T01:32:51.974325312Z", "container": "prefect-worker", "msg": "2026-08-17 01:32:51 | INFO  | _client.py:_send_single_request:1740 | HTTP Request: POST http://prefect-server:4200/api/work_pools/smarthub-pool/get_scheduled_flow_runs \"HTTP/1.1 200 OK\""}
{"ts": "2026-08-17T01:33:03.247513441Z", "container": "prefect-worker", "msg": "2026-08-17 01:33:03 | INFO  | _client.py:_send_single_request:1740 | HTTP Request: POST http://prefect-server:4200/api/work_pools/smarthub-pool/get_scheduled_flow_runs \"HTTP/1.1 200 OK\""}
{"ts": "2026-08-17T01:33:11.299130224Z", "container": "prefect-worker", "msg": "2026-08-17 01:33:11 | INFO  | _client.py:_send_single_request:1740 | HTTP Request: POST http://prefect-server:4200/api/work_pools/smarthub-pool/get_scheduled_flow_runs \"HTTP/1.1 200 OK\""}
{"ts": "2026-08-17T01:33:19.862115380Z", "container": "prefect-worker", "msg": "2026-08-17 01:33:19 | INFO  | _client.py:_send_single_request:1740 | HTTP Request: POST http://prefect-server:4200/api/work_pools/smarthub-pool/get_scheduled_flow_runs \"HTTP/1.1 200 OK\""}
{"ts": "2026-08-17T01:33:30.913619334Z", "container": "prefect-worker", "msg": "2026-08-17 01:33:30 | INFO  | _client.py:_send_single_request:1740 | HTTP Request: POST http://prefect-server:4200/api/work_pools/smarthub-pool/get_scheduled_flow_runs \"HTTP/1.1 200 OK\""}
{"ts": "2026-08-17T01:33:41.257660307Z", "container": "prefect-worker", "msg": "2026-08-17 01:33:41 | INFO  | _client.py:_send_single_request:1740 | HTTP Request: POST http://prefect-server:4200/api/work_pools/smarthub-pool/get_scheduled_flow_runs \"HTTP/1.1 200 OK\""}
{"ts": "2026-08-17T01:33:53.208970159Z", "container": "prefect-worker", "msg": "2026-08-17 01:33:53 | INFO  | _client.py:_send_single_request:1740 | HTTP Request: POST http://prefect-server:4200/api/work_pools/smarthub-pool/get_scheduled_flow_runs \"HTTP/1.1 200 OK\""}
{"ts": "2026-08-17T01:34:02.991696899Z", "container": "prefect-worker", "msg": "2026-08-17 01:34:02 | INFO  | _client.py:_send_single_request:1740 | HTTP Request: POST http://prefect-server:4200/api/work_pools/smarthub-pool/get_scheduled_flow_runs \"HTTP/1.1 200 OK\""}
{"ts": "2026-08-17T01:34:12.331068650Z", "container": "prefect-worker", "msg": "2026-08-17 01:34:12 | INFO  | _client.py:_send_single_request:1740 | HTTP Request: POST http://prefect-server:4200/api/work_pools/smarthub-pool/get_scheduled_flow_runs \"HTTP/1.1 200 OK\""}
{"ts": "2026-08-17T01:34:20.102519724Z", "container": "prefect-worker", "msg": "2026-08-17 01:34:20 | INFO  | _client.py:_send_single_request:1740 | HTTP Request: POST http://prefect-server:4200/api/work_pools/smarthub-pool/get_scheduled_flow_runs \"HTTP/1.1 200 OK\""}
{"ts": "2026-08-17T01:34:32.629848963Z", "container": "prefect-worker", "msg": "2026-08-17 01:34:32 | INFO  | _client.py:_send_single_request:1740 | HTTP Request: POST http://prefect-server:4200/api/work_pools/smarthub-pool/get_scheduled_flow_runs \"HTTP/1.1 200 OK\""}
{"ts": "2026-08-17T01:34:42.448498522Z", "container": "prefect-worker", "msg": "2026-08-17 01:34:42 | INFO  | _client.py:_send_single_request:1740 | HTTP Request: POST http://prefect-server:4200/api/work_pools/smarthub-pool/get_scheduled_flow_runs \"HTTP/1.1 200 OK\""}
{"ts": "2026-08-17T01:34:53.899867790Z", "container": "prefect-worker", "msg": "2026-08-17 01:34:53 | INFO  | _client.py:_send_single_request:1740 | HTTP Request: POST http://prefect-server:4200/api/work_pools/smarthub-pool/get_scheduled_flow_runs \"HTTP/1.1 200 OK\""}
{"ts": "2026-08-17T01:35:05.200032044Z", "container": "prefect-worker", "msg": "2026-08-17 01:35:05 | INFO  | _client.py:_send_single_request:1740 | HTTP Request: POST http://prefect-server:4200/api/work_pools/smarthub-pool/get_scheduled_flow_runs \"HTTP/1.1 200 OK\""}
{"ts": "2026-08-17T01:35:13.569248761Z", "container": "prefect-worker", "msg": "2026-08-17 01:35:13 | INFO  | _client.py:_send_single_request:1740 | HTTP Request: POST http://prefect-server:4200/api/work_pools/smarthub-pool/get_scheduled_flow_runs \"HTTP/1.1 200 OK\""}
{"ts": "2026-08-17T01:35:24.175872995Z", "container": "prefect-worker", "msg": "2026-08-17 01:35:24 | INFO  | _client.py:_send_single_request:1740 | HTTP Request: POST http://prefect-server:4200/api/work_pools/smarthub-pool/get_scheduled_flow_runs \"HTTP/1.1 200 OK\""}
{"ts": "2026-08-17T01:35:34.301339143Z", "container": "prefect-worker", "msg": "2026-08-17 01:35:34 | INFO  | _client.py:_send_single_request:1740 | HTTP Request: POST http://prefect-server:4200/api/work_pools/smarthub-pool/get_scheduled_flow_runs \"HTTP/1.1 200 OK\""}
{"ts": "2026-08-17T01:35:45.013852138Z", "container": "prefect-worker", "msg": "2026-08-17 01:35:45 | INFO  | _client.py:_send_single_request:1740 | HTTP Request: POST http://prefect-server:4200/api/work_pools/smarthub-pool/get_scheduled_flow_runs \"HTTP/1.1 200 OK\""}
{"ts": "2026-08-17T01:35:52.866811269Z", "container": "prefect-worker", "msg": "2026-08-17 01:35:52 | INFO  | _client.py:_send_single_request:1740 | HTTP Request: POST http://prefect-server:4200/api/work_pools/smarthub-pool/get_scheduled_flow_runs \"HTTP/1.1 200 OK\""}
{"ts": "2026-08-17T01:36:05.062432525Z", "container": "prefect-worker", "msg": "2026-08-17 01:36:05 | INFO  | _client.py:_send_single_request:1740 | HTTP Request: POST http://prefect-server:4200/api/work_pools/smarthub-pool/get_scheduled_flow_runs \"HTTP/1.1 200 OK\""}
{"ts": "2026-08-17T01:36:13.385875801Z", "container": "prefect-worker", "msg": "2026-08-17 01:36:13 | INFO  | _client.py:_send_single_request:1740 | HTTP Request: POST http://prefect-server:4200/api/work_pools/smarthub-pool/get_scheduled_flow_runs \"HTTP/1.1 200 OK\""}
{"ts": "2026-08-17T01:36:25.267269448Z", "container": "prefect-worker", "msg": "2026-08-17 01:36:25 | INFO  | _client.py:_send_single_request:1740 | HTTP Request: POST http://prefect-server:4200/api/work_pools/smarthub-pool/get_scheduled_flow_runs \"HTTP/1.1 200 OK\""}
{"ts": "2026-08-17T01:36:35.814717470Z", "container": "prefect-worker", "msg": "2026-08-17 01:36:35 | INFO  | _client.py:_send_single_request:1740 | HTTP Request: POST http://prefect-server:4200/api/work_pools/smarthub-pool/get_scheduled_flow_runs \"HTTP/1.1 200 OK\""}
{"ts": "2026-08-17T01:36:46.460277465Z", "container": "prefect-worker", "msg": "2026-08-17 01:36:46 | INFO  | _client.py:_send_single_request:1740 | HTTP Request: POST http://prefect-server:4200/api/work_pools/smarthub-pool/get_scheduled_flow_runs \"HTTP/1.1 200 OK\""}
{"ts": "2026-08-17T01:36:56.622939560Z", "container": "prefect-worker", "msg": "2026-08-17 01:36:56 | INFO  | _client.py:_send_single_request:1740 | HTTP Request: POST http://prefect-server:4200/api/work_pools/smarthub-pool/get_scheduled_flow_runs \"HTTP/1.1 200 OK\""}
{"ts": "2026-08-17T01:37:06.990670528Z", "container": "prefect-worker", "msg": "2026-08-17 01:37:06 | INFO  | _client.py:_send_single_request:1740 | HTTP Request: POST http://prefect-server:4200/api/work_pools/smarthub-pool/get_scheduled_flow_runs \"HTTP/1.1 200 OK\""}
{"ts": "2026-08-17T01:37:17.130623291Z", "container": "prefect-worker", "msg": "2026-08-17 01:37:17 | INFO  | _client.py:_send_single_request:1740 | HTTP Request: POST http://prefect-server:4200/api/work_pools/smarthub-pool/get_scheduled_flow_runs \"HTTP/1.1 200 OK\""}
{"ts": "2026-08-17T01:37:28.030495367Z", "container": "prefect-worker", "msg": "2026-08-17 01:37:28 | INFO  | _client.py:_send_single_request:1740 | HTTP Request: POST http://prefect-server:4200/api/work_pools/smarthub-pool/get_scheduled_flow_runs \"HTTP/1.1 200 OK\""}
{"ts": "2026-08-17T01:37:36.207521056Z", "container": "prefect-worker", "msg": "2026-08-17 01:37:36 | INFO  | _client.py:_send_single_request:1740 | HTTP Request: POST http://prefect-server:4200/api/work_pools/smarthub-pool/get_scheduled_flow_runs \"HTTP/1.1 200 OK\""}
{"ts": "2026-08-17T01:37:46.718089735Z", "container": "prefect-worker", "msg": "2026-08-17 01:37:46 | INFO  | _client.py:_send_single_request:1740 | HTTP Request: POST http://prefect-server:4200/api/work_pools/smarthub-pool/get_scheduled_flow_runs \"HTTP/1.1 200 OK\""}
{"ts": "2026-08-17T01:37:59.323289297Z", "container": "prefect-worker", "msg": "2026-08-17 01:37:59 | INFO  | _client.py:_send_single_request:1740 | HTTP Request: POST http://prefect-server:4200/api/work_pools/smarthub-pool/get_scheduled_flow_runs \"HTTP/1.1 200 OK\""}
{"ts": "2026-08-17T01:38:07.762961266Z", "container": "prefect-worker", "msg": "2026-08-17 01:38:07 | INFO  | _client.py:_send_single_request:1740 | HTTP Request: POST http://prefect-server:4200/api/work_pools/smarthub-pool/get_scheduled_flow_runs \"HTTP/1.1 200 OK\""}
{"ts": "2026-08-17T01:38:15.645801008Z", "container": "prefect-worker", "msg": "2026-08-17 01:38:15 | INFO  | _client.py:_send_single_request:1740 | HTTP Request: POST http://prefect-server:4200/api/work_pools/smarthub-pool/get_scheduled_flow_runs \"HTTP/1.1 200 OK\""}
{"ts": "2026-08-17T01:38:26.921892369Z", "container": "prefect-worker", "msg": "2026-08-17 01:38:26 | INFO  | _client.py:_send_single_request:1740 | HTTP Request: POST http://prefect-server:4200/api/work_pools/smarthub-pool/get_scheduled_flow_runs \"HTTP/1.1 200 OK\""}
{"ts": "2026-08-17T01:38:36.157276630Z", "container": "prefect-worker", "msg": "2026-08-17 01:38:36 | INFO  | _client.py:_send_single_request:1740 | HTTP Request: POST http://prefect-server:4200/api/work_pools/smarthub-pool/get_scheduled_flow_runs \"HTTP/1.1 200 OK\""}
{"ts": "2026-08-17T01:38:49.169722719Z", "container": "prefect-worker", "msg": "2026-08-17 01:38:49 | INFO  | _client.py:_send_single_request:1740 | HTTP Request: POST http://prefect-server:4200/api/work_pools/smarthub-pool/get_scheduled_flow_runs \"HTTP/1.1 200 OK\""}
{"ts": "2026-08-17T01:38:57.137969716Z", "container": "prefect-worker", "msg": "2026-08-17 01:38:57 | INFO  | _client.py:_send_single_request:1740 | HTTP Request: POST http://prefect-server:4200/api/work_pools/smarthub-pool/get_scheduled_flow_runs \"HTTP/1.1 200 OK\""}
{"ts": "2026-08-17T01:39:04.787312940Z", "container": "prefect-worker", "msg": "2026-08-17 01:39:04 | INFO  | _client.py:_send_single_request:1740 | HTTP Request: POST http://prefect-server:4200/api/work_pools/smarthub-pool/get_scheduled_flow_runs \"HTTP/1.1 200 OK\""}
{"ts": "2026-08-17T01:39:14.674317975Z", "container": "prefect-worker", "msg": "2026-08-17 01:39:14 | INFO  | _client.py:_send_single_request:1740 | HTTP Request: POST http://prefect-server:4200/api/work_pools/smarthub-pool/get_scheduled_flow_runs \"HTTP/1.1 200 OK\""}
{"ts": "2026-08-17T01:39:26.438194056Z", "container": "prefect-worker", "msg": "2026-08-17 01:39:26 | INFO  | _client.py:_send_single_request:1740 | HTTP Request: POST http://prefect-server:4200/api/work_pools/smarthub-pool/get_scheduled_flow_runs \"HTTP/1.1 200 OK\""}
{"ts": "2026-08-17T01:39:38.586444972Z", "container": "prefect-worker", "msg": "2026-08-17 01:39:38 | INFO  | _client.py:_send_single_request:1740 | HTTP Request: POST http://prefect-server:4200/api/work_pools/smarthub-pool/get_scheduled_flow_runs \"HTTP/1.1 200 OK\""}
{"ts": "2026-08-17T01:39:46.311388150Z", "container": "prefect-worker", "msg": "2026-08-17 01:39:46 | INFO  | _client.py:_send_single_request:1740 | HTTP Request: POST http://prefect-server:4200/api/work_pools/smarthub-pool/get_scheduled_flow_runs \"HTTP/1.1 200 OK\""}
{"ts": "2026-08-17T01:39:54.150799036Z", "container": "prefect-worker", "msg": "2026-08-17 01:39:54 | INFO  | _client.py:_send_single_request:1740 | HTTP Request: POST http://prefect-server:4200/api/work_pools/smarthub-pool/get_scheduled_flow_runs \"HTTP/1.1 200 OK\""}
{"ts": "2026-08-17T01:40:03.778469855Z", "container": "prefect-worker", "msg": "2026-08-17 01:40:03 | INFO  | _client.py:_send_single_request:1740 | HTTP Request: POST http://prefect-server:4200/api/work_pools/smarthub-pool/get_scheduled_flow_runs \"HTTP/1.1 200 OK\""}
{"ts": "2026-08-17T01:40:14.217749116Z", "container": "prefect-worker", "msg": "2026-08-17 01:40:14 | INFO  | _client.py:_send_single_request:1740 | HTTP Request: POST http://prefect-server:4200/api/work_pools/smarthub-pool/get_scheduled_flow_runs \"HTTP/1.1 200 OK\""}
{"ts": "2026-08-17T01:40:23.234103679Z", "container": "prefect-worker", "msg": "2026-08-17 01:40:23 | INFO  | _client.py:_send_single_request:1740 | HTTP Request: POST http://prefect-server:4200/api/work_pools/smarthub-pool/get_scheduled_flow_runs \"HTTP/1.1 200 OK\""}
{"ts": "2026-08-17T01:40:31.571267711Z", "container": "prefect-worker", "msg": "2026-08-17 01:40:31 | INFO  | _client.py:_send_single_request:1740 | HTTP Request: POST http://prefect-server:4200/api/work_pools/smarthub-pool/get_scheduled_flow_runs \"HTTP/1.1 200 OK\""}
{"ts": "2026-08-17T01:40:39.565952756Z", "container": "prefect-worker", "msg": "2026-08-17 01:40:39 | INFO  | _client.py:_send_single_request:1740 | HTTP Request: POST http://prefect-server:4200/api/work_pools/smarthub-pool/get_scheduled_flow_runs \"HTTP/1.1 200 OK\""}
{"ts": "2026-08-17T01:40:48.823355858Z", "container": "prefect-worker", "msg": "2026-08-17 01:40:48 | INFO  | _client.py:_send_single_request:1740 | HTTP Request: POST http://prefect-server:4200/api/work_pools/smarthub-pool/get_scheduled_flow_runs \"HTTP/1.1 200 OK\""}
{"ts": "2026-08-17T01:40:58.280881939Z", "container": "prefect-worker", "msg": "2026-08-17 01:40:58 | INFO  | _client.py:_send_single_request:1740 | HTTP Request: POST http://prefect-server:4200/api/work_pools/smarthub-pool/get_scheduled_flow_runs \"HTTP/1.1 200 OK\""}
{"ts": "2026-08-17T01:41:06.201742496Z", "container": "prefect-worker", "msg": "2026-08-17 01:41:06 | INFO  | _client.py:_send_single_request:1740 | HTTP Request: POST http://prefect-server:4200/api/work_pools/smarthub-pool/get_scheduled_flow_runs \"HTTP/1.1 200 OK\""}
{"ts": "2026-08-17T01:41:16.699661044Z", "container": "prefect-worker", "msg": "2026-08-17 01:41:16 | INFO  | _client.py:_send_single_request:1740 | HTTP Request: POST http://prefect-server:4200/api/work_pools/smarthub-pool/get_scheduled_flow_runs \"HTTP/1.1 200 OK\""}
{"ts": "2026-08-17T01:41:29.514242124Z", "container": "prefect-worker", "msg": "2026-08-17 01:41:29 | INFO  | _client.py:_send_single_request:1740 | HTTP Request: POST http://prefect-server:4200/api/work_pools/smarthub-pool/get_scheduled_flow_runs \"HTTP/1.1 200 OK\""}
{"ts": "2026-08-17T01:41:38.933576443Z", "container": "prefect-worker", "msg": "2026-08-17 01:41:38 | INFO  | _client.py:_send_single_request:1740 | HTTP Request: POST http://prefect-server:4200/api/work_pools/smarthub-pool/get_scheduled_flow_runs \"HTTP/1.1 200 OK\""}
{"ts": "2026-08-17T01:41:48.969802237Z", "container": "prefect-worker", "msg": "2026-08-17 01:41:48 | INFO  | _client.py:_send_single_request:1740 | HTTP Request: POST http://prefect-server:4200/api/work_pools/smarthub-pool/get_scheduled_flow_runs \"HTTP/1.1 200 OK\""}
{"ts": "2026-08-17T01:41:59.390820109Z", "container": "prefect-worker", "msg": "2026-08-17 01:41:59 | INFO  | _client.py:_send_single_request:1740 | HTTP Request: POST http://prefect-server:4200/api/work_pools/smarthub-pool/get_scheduled_flow_runs \"HTTP/1.1 200 OK\""}
{"ts": "2026-08-17T01:42:10.625297988Z", "container": "prefect-worker", "msg": "2026-08-17 01:42:10 | INFO  | _client.py:_send_single_request:1740 | HTTP Request: POST http://prefect-server:4200/api/work_pools/smarthub-pool/get_scheduled_flow_runs \"HTTP/1.1 200 OK\""}
{"ts": "2026-08-17T01:42:21.142228866Z", "container": "prefect-worker", "msg": "2026-08-17 01:42:21 | INFO  | _client.py:_send_single_request:1740 | HTTP Request: POST http://prefect-server:4200/api/work_pools/smarthub-pool/get_scheduled_flow_runs \"HTTP/1.1 200 OK\""}
{"ts": "2026-08-17T01:42:32.854434897Z", "container": "prefect-worker", "msg": "2026-08-17 01:42:32 | INFO  | _client.py:_send_single_request:1740 | HTTP Request: POST http://prefect-server:4200/api/work_pools/smarthub-pool/get_scheduled_flow_runs \"HTTP/1.1 200 OK\""}
{"ts": "2026-08-17T01:42:42.528289036Z", "container": "prefect-worker", "msg": "2026-08-17 01:42:42 | INFO  | _client.py:_send_single_request:1740 | HTTP Request: POST http://prefect-server:4200/api/work_pools/smarthub-pool/get_scheduled_flow_runs \"HTTP/1.1 200 OK\""}
{"ts": "2026-08-17T01:42:55.125904118Z", "container": "prefect-worker", "msg": "2026-08-17 01:42:55 | INFO  | _client.py:_send_single_request:1740 | HTTP Request: POST http://prefect-server:4200/api/work_pools/smarthub-pool/get_scheduled_flow_runs \"HTTP/1.1 200 OK\""}
{"ts": "2026-08-17T01:43:05.557938370Z", "container": "prefect-worker", "msg": "2026-08-17 01:43:05 | INFO  | _client.py:_send_single_request:1740 | HTTP Request: POST http://prefect-server:4200/api/work_pools/smarthub-pool/get_scheduled_flow_runs \"HTTP/1.1 200 OK\""}
{"ts": "2026-08-17T01:43:15.590423544Z", "container": "prefect-worker", "msg": "2026-08-17 01:43:15 | INFO  | _client.py:_send_single_request:1740 | HTTP Request: POST http://prefect-server:4200/api/work_pools/smarthub-pool/get_scheduled_flow_runs \"HTTP/1.1 200 OK\""}
{"ts": "2026-08-17T01:43:24.648970260Z", "container": "prefect-worker", "msg": "2026-08-17 01:43:24 | INFO  | _client.py:_send_single_request:1740 | HTTP Request: POST http://prefect-server:4200/api/work_pools/smarthub-pool/get_scheduled_flow_runs \"HTTP/1.1 200 OK\""}
{"ts": "2026-08-17T01:43:32.632141435Z", "container": "prefect-worker", "msg": "2026-08-17 01:43:32 | INFO  | _client.py:_send_single_request:1740 | HTTP Request: POST http://prefect-server:4200/api/work_pools/smarthub-pool/get_scheduled_flow_runs \"HTTP/1.1 200 OK\""}
{"ts": "2026-08-17T01:43:40.829419470Z", "container": "prefect-worker", "msg": "2026-08-17 01:43:40 | INFO  | _client.py:_send_single_request:1740 | HTTP Request: POST http://prefect-server:4200/api/work_pools/smarthub-pool/get_scheduled_flow_runs \"HTTP/1.1 200 OK\""}
{"ts": "2026-08-17T01:43:49.749098588Z", "container": "prefect-worker", "msg": "2026-08-17 01:43:49 | INFO  | _client.py:_send_single_request:1740 | HTTP Request: POST http://prefect-server:4200/api/work_pools/smarthub-pool/get_scheduled_flow_runs \"HTTP/1.1 200 OK\""}
{"ts": "2026-08-17T01:43:59.553400587Z", "container": "prefect-worker", "msg": "2026-08-17 01:43:59 | INFO  | _client.py:_send_single_request:1740 | HTTP Request: POST http://prefect-server:4200/api/work_pools/smarthub-pool/get_scheduled_flow_runs \"HTTP/1.1 200 OK\""}
{"ts": "2026-08-17T01:44:08.722924402Z", "container": "prefect-worker", "msg": "2026-08-17 01:44:08 | INFO  | _client.py:_send_single_request:1740 | HTTP Request: POST http://prefect-server:4200/api/work_pools/smarthub-pool/get_scheduled_flow_runs \"HTTP/1.1 200 OK\""}
{"ts": "2026-08-17T01:44:19.561849513Z", "container": "prefect-worker", "msg": "2026-08-17 01:44:19 | INFO  | _client.py:_send_single_request:1740 | HTTP Request: POST http://prefect-server:4200/api/work_pools/smarthub-pool/get_scheduled_flow_runs \"HTTP/1.1 200 OK\""}
{"ts": "2026-08-17T01:44:31.821307923Z", "container": "prefect-worker", "msg": "2026-08-17 01:44:31 | INFO  | _client.py:_send_single_request:1740 | HTTP Request: POST http://prefect-server:4200/api/work_pools/smarthub-pool/get_scheduled_flow_runs \"HTTP/1.1 200 OK\""}
{"ts": "2026-08-17T01:44:40.138043807Z", "container": "prefect-worker", "msg": "2026-08-17 01:44:40 | INFO  | _client.py:_send_single_request:1740 | HTTP Request: POST http://prefect-server:4200/api/work_pools/smarthub-pool/get_scheduled_flow_runs \"HTTP/1.1 200 OK\""}
{"ts": "2026-08-17T01:44:50.125118134Z", "container": "prefect-worker", "msg": "2026-08-17 01:44:50 | INFO  | _client.py:_send_single_request:1740 | HTTP Request: POST http://prefect-server:4200/api/work_pools/smarthub-pool/get_scheduled_flow_runs \"HTTP/1.1 200 OK\""}
{"ts": "2026-08-17T01:45:03.071876226Z", "container": "prefect-worker", "msg": "2026-08-17 01:45:03 | INFO  | _client.py:_send_single_request:1740 | HTTP Request: POST http://prefect-server:4200/api/work_pools/smarthub-pool/get_scheduled_flow_runs \"HTTP/1.1 200 OK\""}
{"ts": "2026-08-17T01:45:11.052532386Z", "container": "prefect-worker", "msg": "2026-08-17 01:45:11 | INFO  | _client.py:_send_single_request:1740 | HTTP Request: POST http://prefect-server:4200/api/work_pools/smarthub-pool/get_scheduled_flow_runs \"HTTP/1.1 200 OK\""}
{"ts": "2026-08-17T01:45:20.726393161Z", "container": "prefect-worker", "msg": "2026-08-17 01:45:20 | INFO  | _client.py:_send_single_request:1740 | HTTP Request: POST http://prefect-server:4200/api/work_pools/smarthub-pool/get_scheduled_flow_runs \"HTTP/1.1 200 OK\""}
{"ts": "2026-08-17T01:45:29.773571481Z", "container": "prefect-worker", "msg": "2026-08-17 01:45:29 | INFO  | _client.py:_send_single_request:1740 | HTTP Request: POST http://prefect-server:4200/api/work_pools/smarthub-pool/get_scheduled_flow_runs \"HTTP/1.1 200 OK\""}
{"ts": "2026-08-17T01:45:40.746683450Z", "container": "prefect-worker", "msg": "2026-08-17 01:45:40 | INFO  | _client.py:_send_single_request:1740 | HTTP Request: POST http://prefect-server:4200/api/work_pools/smarthub-pool/get_scheduled_flow_runs \"HTTP/1.1 200 OK\""}
{"ts": "2026-08-17T01:45:51.924668447Z", "container": "prefect-worker", "msg": "2026-08-17 01:45:51 | INFO  | _client.py:_send_single_request:1740 | HTTP Request: POST http://prefect-server:4200/api/work_pools/smarthub-pool/get_scheduled_flow_runs \"HTTP/1.1 200 OK\""}
{"ts": "2026-08-17T01:46:02.236496260Z", "container": "prefect-worker", "msg": "2026-08-17 01:46:02 | INFO  | _client.py:_send_single_request:1740 | HTTP Request: POST http://prefect-server:4200/api/work_pools/smarthub-pool/get_scheduled_flow_runs \"HTTP/1.1 200 OK\""}
{"ts": "2026-08-17T01:46:11.293993322Z", "container": "prefect-worker", "msg": "2026-08-17 01:46:11 | INFO  | _client.py:_send_single_request:1740 | HTTP Request: POST http://prefect-server:4200/api/work_pools/smarthub-pool/get_scheduled_flow_runs \"HTTP/1.1 200 OK\""}
{"ts": "2026-08-17T01:46:19.585649364Z", "container": "prefect-worker", "msg": "2026-08-17 01:46:19 | INFO  | _client.py:_send_single_request:1740 | HTTP Request: POST http://prefect-server:4200/api/work_pools/smarthub-pool/get_scheduled_flow_runs \"HTTP/1.1 200 OK\""}
{"ts": "2026-08-17T01:46:28.790425689Z", "container": "prefect-worker", "msg": "2026-08-17 01:46:28 | INFO  | _client.py:_send_single_request:1740 | HTTP Request: POST http://prefect-server:4200/api/work_pools/smarthub-pool/get_scheduled_flow_runs \"HTTP/1.1 200 OK\""}
{"ts": "2026-08-17T01:46:40.804270828Z", "container": "prefect-worker", "msg": "2026-08-17 01:46:40 | INFO  | _client.py:_send_single_request:1740 | HTTP Request: POST http://prefect-server:4200/api/work_pools/smarthub-pool/get_scheduled_flow_runs \"HTTP/1.1 200 OK\""}
{"ts": "2026-08-17T01:46:50.109891018Z", "container": "prefect-worker", "msg": "2026-08-17 01:46:50 | INFO  | _client.py:_send_single_request:1740 | HTTP Request: POST http://prefect-server:4200/api/work_pools/smarthub-pool/get_scheduled_flow_runs \"HTTP/1.1 200 OK\""}
{"ts": "2026-08-17T01:46:59.525173512Z", "container": "prefect-worker", "msg": "2026-08-17 01:46:59 | INFO  | _client.py:_send_single_request:1740 | HTTP Request: POST http://prefect-server:4200/api/work_pools/smarthub-pool/get_scheduled_flow_runs \"HTTP/1.1 200 OK\""}
{"ts": "2026-08-17T01:47:12.355230568Z", "container": "prefect-worker", "msg": "2026-08-17 01:47:12 | INFO  | _client.py:_send_single_request:1740 | HTTP Request: POST http://prefect-server:4200/api/work_pools/smarthub-pool/get_scheduled_flow_runs \"HTTP/1.1 200 OK\""}
{"ts": "2026-08-17T01:47:22.385470991Z", "container": "prefect-worker", "msg": "2026-08-17 01:47:22 | INFO  | _client.py:_send_single_request:1740 | HTTP Request: POST http://prefect-server:4200/api/work_pools/smarthub-pool/get_scheduled_flow_runs \"HTTP/1.1 200 OK\""}
{"ts": "2026-08-17T01:47:30.258956008Z", "container": "prefect-worker", "msg": "2026-08-17 01:47:30 | INFO  | _client.py:_send_single_request:1740 | HTTP Request: POST http://prefect-server:4200/api/work_pools/smarthub-pool/get_scheduled_flow_runs \"HTTP/1.1 200 OK\""}
{"ts": "2026-08-17T01:47:38.077378985Z", "container": "prefect-worker", "msg": "2026-08-17 01:47:38 | INFO  | _client.py:_send_single_request:1740 | HTTP Request: POST http://prefect-server:4200/api/work_pools/smarthub-pool/get_scheduled_flow_runs \"HTTP/1.1 200 OK\""}
{"ts": "2026-08-17T01:47:48.239014086Z", "container": "prefect-worker", "msg": "2026-08-17 01:47:48 | INFO  | _client.py:_send_single_request:1740 | HTTP Request: POST http://prefect-server:4200/api/work_pools/smarthub-pool/get_scheduled_flow_runs \"HTTP/1.1 200 OK\""}
{"ts": "2026-08-17T01:47:58.881984316Z", "container": "prefect-worker", "msg": "2026-08-17 01:47:58 | INFO  | _client.py:_send_single_request:1740 | HTTP Request: POST http://prefect-server:4200/api/work_pools/smarthub-pool/get_scheduled_flow_runs \"HTTP/1.1 200 OK\""}
{"ts": "2026-08-17T01:48:10.708955336Z", "container": "prefect-worker", "msg": "2026-08-17 01:48:10 | INFO  | _client.py:_send_single_request:1740 | HTTP Request: POST http://prefect-server:4200/api/work_pools/smarthub-pool/get_scheduled_flow_runs \"HTTP/1.1 200 OK\""}
{"ts": "2026-08-17T01:48:20.116704300Z", "container": "prefect-worker", "msg": "2026-08-17 01:48:20 | INFO  | _client.py:_send_single_request:1740 | HTTP Request: POST http://prefect-server:4200/api/work_pools/smarthub-pool/get_scheduled_flow_runs \"HTTP/1.1 200 OK\""}
{"ts": "2026-08-17T01:48:28.017231126Z", "container": "prefect-worker", "msg": "2026-08-17 01:48:28 | INFO  | _client.py:_send_single_request:1740 | HTTP Request: POST http://prefect-server:4200/api/work_pools/smarthub-pool/get_scheduled_flow_runs \"HTTP/1.1 200 OK\""}
{"ts": "2026-08-17T01:48:35.866034181Z", "container": "prefect-worker", "msg": "2026-08-17 01:48:35 | INFO  | _client.py:_send_single_request:1740 | HTTP Request: POST http://prefect-server:4200/api/work_pools/smarthub-pool/get_scheduled_flow_runs \"HTTP/1.1 200 OK\""}
{"ts": "2026-08-17T01:48:44.215984382Z", "container": "prefect-worker", "msg": "2026-08-17 01:48:44 | INFO  | _client.py:_send_single_request:1740 | HTTP Request: POST http://prefect-server:4200/api/work_pools/smarthub-pool/get_scheduled_flow_runs \"HTTP/1.1 200 OK\""}
{"ts": "2026-08-17T01:48:53.690938032Z", "container": "prefect-worker", "msg": "2026-08-17 01:48:53 | INFO  | _client.py:_send_single_request:1740 | HTTP Request: POST http://prefect-server:4200/api/work_pools/smarthub-pool/get_scheduled_flow_runs \"HTTP/1.1 200 OK\""}
{"ts": "2026-08-17T01:49:02.298556001Z", "container": "prefect-worker", "msg": "2026-08-17 01:49:02 | INFO  | _client.py:_send_single_request:1740 | HTTP Request: POST http://prefect-server:4200/api/work_pools/smarthub-pool/get_scheduled_flow_runs \"HTTP/1.1 200 OK\""}
{"ts": "2026-08-17T01:49:14.923785609Z", "container": "prefect-worker", "msg": "2026-08-17 01:49:14 | INFO  | _client.py:_send_single_request:1740 | HTTP Request: POST http://prefect-server:4200/api/work_pools/smarthub-pool/get_scheduled_flow_runs \"HTTP/1.1 200 OK\""}
{"ts": "2026-08-17T01:49:23.831109403Z", "container": "prefect-worker", "msg": "2026-08-17 01:49:23 | INFO  | _client.py:_send_single_request:1740 | HTTP Request: POST http://prefect-server:4200/api/work_pools/smarthub-pool/get_scheduled_flow_runs \"HTTP/1.1 200 OK\""}
{"ts": "2026-08-17T01:49:31.617658041Z", "container": "prefect-worker", "msg": "2026-08-17 01:49:31 | INFO  | _client.py:_send_single_request:1740 | HTTP Request: POST http://prefect-server:4200/api/work_pools/smarthub-pool/get_scheduled_flow_runs \"HTTP/1.1 200 OK\""}
{"ts": "2026-08-17T01:49:43.014176629Z", "container": "prefect-worker", "msg": "2026-08-17 01:49:43 | INFO  | _client.py:_send_single_request:1740 | HTTP Request: POST http://prefect-server:4200/api/work_pools/smarthub-pool/get_scheduled_flow_runs \"HTTP/1.1 200 OK\""}
{"ts": "2026-08-17T01:49:55.609913149Z", "container": "prefect-worker", "msg": "2026-08-17 01:49:55 | INFO  | _client.py:_send_single_request:1740 | HTTP Request: POST http://prefect-server:4200/api/work_pools/smarthub-pool/get_scheduled_flow_runs \"HTTP/1.1 200 OK\""}
{"ts": "2026-08-17T01:50:05.149368126Z", "container": "prefect-worker", "msg": "2026-08-17 01:50:05 | INFO  | _client.py:_send_single_request:1740 | HTTP Request: POST http://prefect-server:4200/api/work_pools/smarthub-pool/get_scheduled_flow_runs \"HTTP/1.1 200 OK\""}
{"ts": "2026-08-17T01:50:16.054427485Z", "container": "prefect-worker", "msg": "2026-08-17 01:50:16 | INFO  | _client.py:_send_single_request:1740 | HTTP Request: POST http://prefect-server:4200/api/work_pools/smarthub-pool/get_scheduled_flow_runs \"HTTP/1.1 200 OK\""}
{"ts": "2026-08-17T01:50:26.034399491Z", "container": "prefect-worker", "msg": "2026-08-17 01:50:26 | INFO  | _client.py:_send_single_request:1740 | HTTP Request: POST http://prefect-server:4200/api/work_pools/smarthub-pool/get_scheduled_flow_runs \"HTTP/1.1 200 OK\""}
{"ts": "2026-08-17T01:50:35.774714843Z", "container": "prefect-worker", "msg": "2026-08-17 01:50:35 | INFO  | _client.py:_send_single_request:1740 | HTTP Request: POST http://prefect-server:4200/api/work_pools/smarthub-pool/get_scheduled_flow_runs \"HTTP/1.1 200 OK\""}
{"ts": "2026-08-17T01:50:46.178431257Z", "container": "prefect-worker", "msg": "2026-08-17 01:50:46 | INFO  | _client.py:_send_single_request:1740 | HTTP Request: POST http://prefect-server:4200/api/work_pools/smarthub-pool/get_scheduled_flow_runs \"HTTP/1.1 200 OK\""}
{"ts": "2026-08-17T01:50:57.149227131Z", "container": "prefect-worker", "msg": "2026-08-17 01:50:57 | INFO  | _client.py:_send_single_request:1740 | HTTP Request: POST http://prefect-server:4200/api/work_pools/smarthub-pool/get_scheduled_flow_runs \"HTTP/1.1 200 OK\""}
{"ts": "2026-08-17T01:51:08.634054031Z", "container": "prefect-worker", "msg": "2026-08-17 01:51:08 | INFO  | _client.py:_send_single_request:1740 | HTTP Request: POST http://prefect-server:4200/api/work_pools/smarthub-pool/get_scheduled_flow_runs \"HTTP/1.1 200 OK\""}
{"ts": "2026-08-17T01:51:16.280273814Z", "container": "prefect-worker", "msg": "2026-08-17 01:51:16 | INFO  | _client.py:_send_single_request:1740 | HTTP Request: POST http://prefect-server:4200/api/work_pools/smarthub-pool/get_scheduled_flow_runs \"HTTP/1.1 200 OK\""}
{"ts": "2026-08-17T01:51:27.186513025Z", "container": "prefect-worker", "msg": "2026-08-17 01:51:27 | INFO  | _client.py:_send_single_request:1740 | HTTP Request: POST http://prefect-server:4200/api/work_pools/smarthub-pool/get_scheduled_flow_runs \"HTTP/1.1 200 OK\""}
{"ts": "2026-08-17T01:51:36.433276201Z", "container": "prefect-worker", "msg": "2026-08-17 01:51:36 | INFO  | _client.py:_send_single_request:1740 | HTTP Request: POST http://prefect-server:4200/api/work_pools/smarthub-pool/get_scheduled_flow_runs \"HTTP/1.1 200 OK\""}
{"ts": "2026-08-17T01:51:47.728682132Z", "container": "prefect-worker", "msg": "2026-08-17 01:51:47 | INFO  | _client.py:_send_single_request:1740 | HTTP Request: POST http://prefect-server:4200/api/work_pools/smarthub-pool/get_scheduled_flow_runs \"HTTP/1.1 200 OK\""}
{"ts": "2026-08-17T01:52:00.680733748Z", "container": "prefect-worker", "msg": "2026-08-17 01:52:00 | INFO  | _client.py:_send_single_request:1740 | HTTP Request: POST http://prefect-server:4200/api/work_pools/smarthub-pool/get_scheduled_flow_runs \"HTTP/1.1 200 OK\""}
{"ts": "2026-08-17T01:52:12.193093325Z", "container": "prefect-worker", "msg": "2026-08-17 01:52:12 | INFO  | _client.py:_send_single_request:1740 | HTTP Request: POST http://prefect-server:4200/api/work_pools/smarthub-pool/get_scheduled_flow_runs \"HTTP/1.1 200 OK\""}
{"ts": "2026-08-17T01:52:24.226120182Z", "container": "prefect-worker", "msg": "2026-08-17 01:52:24 | INFO  | _client.py:_send_single_request:1740 | HTTP Request: POST http://prefect-server:4200/api/work_pools/smarthub-pool/get_scheduled_flow_runs \"HTTP/1.1 200 OK\""}
{"ts": "2026-08-17T01:52:35.789891466Z", "container": "prefect-worker", "msg": "2026-08-17 01:52:35 | INFO  | _client.py:_send_single_request:1740 | HTTP Request: POST http://prefect-server:4200/api/work_pools/smarthub-pool/get_scheduled_flow_runs \"HTTP/1.1 200 OK\""}
{"ts": "2026-08-17T01:52:46.988706628Z", "container": "prefect-worker", "msg": "2026-08-17 01:52:46 | INFO  | _client.py:_send_single_request:1740 | HTTP Request: POST http://prefect-server:4200/api/work_pools/smarthub-pool/get_scheduled_flow_runs \"HTTP/1.1 200 OK\""}
{"ts": "2026-08-17T01:52:54.705649956Z", "container": "prefect-worker", "msg": "2026-08-17 01:52:54 | INFO  | _client.py:_send_single_request:1740 | HTTP Request: POST http://prefect-server:4200/api/work_pools/smarthub-pool/get_scheduled_flow_runs \"HTTP/1.1 200 OK\""}
{"ts": "2026-08-17T01:53:02.913887539Z", "container": "prefect-worker", "msg": "2026-08-17 01:53:02 | INFO  | _client.py:_send_single_request:1740 | HTTP Request: POST http://prefect-server:4200/api/work_pools/smarthub-pool/get_scheduled_flow_runs \"HTTP/1.1 200 OK\""}
{"ts": "2026-08-17T01:53:10.921703486Z", "container": "prefect-worker", "msg": "2026-08-17 01:53:10 | INFO  | _client.py:_send_single_request:1740 | HTTP Request: POST http://prefect-server:4200/api/work_pools/smarthub-pool/get_scheduled_flow_runs \"HTTP/1.1 200 OK\""}
{"ts": "2026-08-17T01:53:19.325720314Z", "container": "prefect-worker", "msg": "2026-08-17 01:53:19 | INFO  | _client.py:_send_single_request:1740 | HTTP Request: POST http://prefect-server:4200/api/work_pools/smarthub-pool/get_scheduled_flow_runs \"HTTP/1.1 200 OK\""}
{"ts": "2026-08-17T01:53:32.274261593Z", "container": "prefect-worker", "msg": "2026-08-17 01:53:32 | INFO  | _client.py:_send_single_request:1740 | HTTP Request: POST http://prefect-server:4200/api/work_pools/smarthub-pool/get_scheduled_flow_runs \"HTTP/1.1 200 OK\""}
{"ts": "2026-08-17T01:53:40.918172774Z", "container": "prefect-worker", "msg": "2026-08-17 01:53:40 | INFO  | _client.py:_send_single_request:1740 | HTTP Request: POST http://prefect-server:4200/api/work_pools/smarthub-pool/get_scheduled_flow_runs \"HTTP/1.1 200 OK\""}
{"ts": "2026-08-17T01:53:52.526130187Z", "container": "prefect-worker", "msg": "2026-08-17 01:53:52 | INFO  | _client.py:_send_single_request:1740 | HTTP Request: POST http://prefect-server:4200/api/work_pools/smarthub-pool/get_scheduled_flow_runs \"HTTP/1.1 200 OK\""}
{"ts": "2026-08-17T01:54:02.753336356Z", "container": "prefect-worker", "msg": "2026-08-17 01:54:02 | INFO  | _client.py:_send_single_request:1740 | HTTP Request: POST http://prefect-server:4200/api/work_pools/smarthub-pool/get_scheduled_flow_runs \"HTTP/1.1 200 OK\""}
{"ts": "2026-08-17T01:54:12.815834420Z", "container": "prefect-worker", "msg": "2026-08-17 01:54:12 | INFO  | _client.py:_send_single_request:1740 | HTTP Request: POST http://prefect-server:4200/api/work_pools/smarthub-pool/get_scheduled_flow_runs \"HTTP/1.1 200 OK\""}
{"ts": "2026-08-17T01:54:24.264096205Z", "container": "prefect-worker", "msg": "2026-08-17 01:54:24 | INFO  | _client.py:_send_single_request:1740 | HTTP Request: POST http://prefect-server:4200/api/work_pools/smarthub-pool/get_scheduled_flow_runs \"HTTP/1.1 200 OK\""}
{"ts": "2026-08-17T01:54:32.597484047Z", "container": "prefect-worker", "msg": "2026-08-17 01:54:32 | INFO  | _client.py:_send_single_request:1740 | HTTP Request: POST http://prefect-server:4200/api/work_pools/smarthub-pool/get_scheduled_flow_runs \"HTTP/1.1 200 OK\""}
{"ts": "2026-08-17T01:54:42.687935115Z", "container": "prefect-worker", "msg": "2026-08-17 01:54:42 | INFO  | _client.py:_send_single_request:1740 | HTTP Request: POST http://prefect-server:4200/api/work_pools/smarthub-pool/get_scheduled_flow_runs \"HTTP/1.1 200 OK\""}
{"ts": "2026-08-17T01:54:55.266289624Z", "container": "prefect-worker", "msg": "2026-08-17 01:54:55 | INFO  | _client.py:_send_single_request:1740 | HTTP Request: POST http://prefect-server:4200/api/work_pools/smarthub-pool/get_scheduled_flow_runs \"HTTP/1.1 200 OK\""}
{"ts": "2026-08-17T01:55:04.220720175Z", "container": "prefect-worker", "msg": "2026-08-17 01:55:04 | INFO  | _client.py:_send_single_request:1740 | HTTP Request: POST http://prefect-server:4200/api/work_pools/smarthub-pool/get_scheduled_flow_runs \"HTTP/1.1 200 OK\""}
{"ts": "2026-08-17T01:55:13.414918516Z", "container": "prefect-worker", "msg": "2026-08-17 01:55:13 | INFO  | _client.py:_send_single_request:1740 | HTTP Request: POST http://prefect-server:4200/api/work_pools/smarthub-pool/get_scheduled_flow_runs \"HTTP/1.1 200 OK\""}
{"ts": "2026-08-17T01:55:21.809681895Z", "container": "prefect-worker", "msg": "2026-08-17 01:55:21 | INFO  | _client.py:_send_single_request:1740 | HTTP Request: POST http://prefect-server:4200/api/work_pools/smarthub-pool/get_scheduled_flow_runs \"HTTP/1.1 200 OK\""}
{"ts": "2026-08-17T01:55:32.989084032Z", "container": "prefect-worker", "msg": "2026-08-17 01:55:32 | INFO  | _client.py:_send_single_request:1740 | HTTP Request: POST http://prefect-server:4200/api/work_pools/smarthub-pool/get_scheduled_flow_runs \"HTTP/1.1 200 OK\""}
{"ts": "2026-08-17T01:55:43.268974351Z", "container": "prefect-worker", "msg": "2026-08-17 01:55:43 | INFO  | _client.py:_send_single_request:1740 | HTTP Request: POST http://prefect-server:4200/api/work_pools/smarthub-pool/get_scheduled_flow_runs \"HTTP/1.1 200 OK\""}
{"ts": "2026-08-17T01:55:51.274031453Z", "container": "prefect-worker", "msg": "2026-08-17 01:55:51 | INFO  | _client.py:_send_single_request:1740 | HTTP Request: POST http://prefect-server:4200/api/work_pools/smarthub-pool/get_scheduled_flow_runs \"HTTP/1.1 200 OK\""}
{"ts": "2026-08-17T01:56:03.656182525Z", "container": "prefect-worker", "msg": "2026-08-17 01:56:03 | INFO  | _client.py:_send_single_request:1740 | HTTP Request: POST http://prefect-server:4200/api/work_pools/smarthub-pool/get_scheduled_flow_runs \"HTTP/1.1 200 OK\""}
{"ts": "2026-08-17T01:56:13.327968943Z", "container": "prefect-worker", "msg": "2026-08-17 01:56:13 | INFO  | _client.py:_send_single_request:1740 | HTTP Request: POST http://prefect-server:4200/api/work_pools/smarthub-pool/get_scheduled_flow_runs \"HTTP/1.1 200 OK\""}
{"ts": "2026-08-17T01:56:24.992196211Z", "container": "prefect-worker", "msg": "2026-08-17 01:56:24 | INFO  | _client.py:_send_single_request:1740 | HTTP Request: POST http://prefect-server:4200/api/work_pools/smarthub-pool/get_scheduled_flow_runs \"HTTP/1.1 200 OK\""}
{"ts": "2026-08-17T01:56:32.952704641Z", "container": "prefect-worker", "msg": "2026-08-17 01:56:32 | INFO  | _client.py:_send_single_request:1740 | HTTP Request: POST http://prefect-server:4200/api/work_pools/smarthub-pool/get_scheduled_flow_runs \"HTTP/1.1 200 OK\""}
{"ts": "2026-08-17T01:56:41.402287282Z", "container": "prefect-worker", "msg": "2026-08-17 01:56:41 | INFO  | _client.py:_send_single_request:1740 | HTTP Request: POST http://prefect-server:4200/api/work_pools/smarthub-pool/get_scheduled_flow_runs \"HTTP/1.1 200 OK\""}
{"ts": "2026-08-17T01:56:52.530419763Z", "container": "prefect-worker", "msg": "2026-08-17 01:56:52 | INFO  | _client.py:_send_single_request:1740 | HTTP Request: POST http://prefect-server:4200/api/work_pools/smarthub-pool/get_scheduled_flow_runs \"HTTP/1.1 200 OK\""}
{"ts": "2026-08-17T01:57:02.201090875Z", "container": "prefect-worker", "msg": "2026-08-17 01:57:02 | INFO  | _client.py:_send_single_request:1740 | HTTP Request: POST http://prefect-server:4200/api/work_pools/smarthub-pool/get_scheduled_flow_runs \"HTTP/1.1 200 OK\""}
{"ts": "2026-08-17T01:57:13.987853413Z", "container": "prefect-worker", "msg": "2026-08-17 01:57:13 | INFO  | _client.py:_send_single_request:1740 | HTTP Request: POST http://prefect-server:4200/api/work_pools/smarthub-pool/get_scheduled_flow_runs \"HTTP/1.1 200 OK\""}
{"ts": "2026-08-17T01:57:25.001286799Z", "container": "prefect-worker", "msg": "2026-08-17 01:57:25 | INFO  | _client.py:_send_single_request:1740 | HTTP Request: POST http://prefect-server:4200/api/work_pools/smarthub-pool/get_scheduled_flow_runs \"HTTP/1.1 200 OK\""}
{"ts": "2026-08-17T01:57:34.730330287Z", "container": "prefect-worker", "msg": "2026-08-17 01:57:34 | INFO  | _client.py:_send_single_request:1740 | HTTP Request: POST http://prefect-server:4200/api/work_pools/smarthub-pool/get_scheduled_flow_runs \"HTTP/1.1 200 OK\""}
{"ts": "2026-08-17T01:57:46.106812288Z", "container": "prefect-worker", "msg": "2026-08-17 01:57:46 | INFO  | _client.py:_send_single_request:1740 | HTTP Request: POST http://prefect-server:4200/api/work_pools/smarthub-pool/get_scheduled_flow_runs \"HTTP/1.1 200 OK\""}
{"ts": "2026-08-17T01:57:58.876095897Z", "container": "prefect-worker", "msg": "2026-08-17 01:57:58 | INFO  | _client.py:_send_single_request:1740 | HTTP Request: POST http://prefect-server:4200/api/work_pools/smarthub-pool/get_scheduled_flow_runs \"HTTP/1.1 200 OK\""}
{"ts": "2026-08-17T01:58:08.947369480Z", "container": "prefect-worker", "msg": "2026-08-17 01:58:08 | INFO  | _client.py:_send_single_request:1740 | HTTP Request: POST http://prefect-server:4200/api/work_pools/smarthub-pool/get_scheduled_flow_runs \"HTTP/1.1 200 OK\""}
{"ts": "2026-08-17T01:58:19.260855299Z", "container": "prefect-worker", "msg": "2026-08-17 01:58:19 | INFO  | _client.py:_send_single_request:1740 | HTTP Request: POST http://prefect-server:4200/api/work_pools/smarthub-pool/get_scheduled_flow_runs \"HTTP/1.1 200 OK\""}
{"ts": "2026-08-17T01:58:27.773772278Z", "container": "prefect-worker", "msg": "2026-08-17 01:58:27 | INFO  | _client.py:_send_single_request:1740 | HTTP Request: POST http://prefect-server:4200/api/work_pools/smarthub-pool/get_scheduled_flow_runs \"HTTP/1.1 200 OK\""}
{"ts": "2026-08-17T01:58:36.713685418Z", "container": "prefect-worker", "msg": "2026-08-17 01:58:36 | INFO  | _client.py:_send_single_request:1740 | HTTP Request: POST http://prefect-server:4200/api/work_pools/smarthub-pool/get_scheduled_flow_runs \"HTTP/1.1 200 OK\""}
{"ts": "2026-08-17T01:58:47.185423890Z", "container": "prefect-worker", "msg": "2026-08-17 01:58:47 | INFO  | _client.py:_send_single_request:1740 | HTTP Request: POST http://prefect-server:4200/api/work_pools/smarthub-pool/get_scheduled_flow_runs \"HTTP/1.1 200 OK\""}
{"ts": "2026-08-17T01:58:55.698026555Z", "container": "prefect-worker", "msg": "2026-08-17 01:58:55 | INFO  | _client.py:_send_single_request:1740 | HTTP Request: POST http://prefect-server:4200/api/work_pools/smarthub-pool/get_scheduled_flow_runs \"HTTP/1.1 200 OK\""}
{"ts": "2026-08-17T01:59:03.679263699Z", "container": "prefect-worker", "msg": "2026-08-17 01:59:03 | INFO  | _client.py:_send_single_request:1740 | HTTP Request: POST http://prefect-server:4200/api/work_pools/smarthub-pool/get_scheduled_flow_runs \"HTTP/1.1 200 OK\""}
{"ts": "2026-08-17T01:59:16.379199853Z", "container": "prefect-worker", "msg": "2026-08-17 01:59:16 | INFO  | _client.py:_send_single_request:1740 | HTTP Request: POST http://prefect-server:4200/api/work_pools/smarthub-pool/get_scheduled_flow_runs \"HTTP/1.1 200 OK\""}
{"ts": "2026-08-17T01:59:27.135946022Z", "container": "prefect-worker", "msg": "2026-08-17 01:59:27 | INFO  | _client.py:_send_single_request:1740 | HTTP Request: POST http://prefect-server:4200/api/work_pools/smarthub-pool/get_scheduled_flow_runs \"HTTP/1.1 200 OK\""}
{"ts": "2026-08-17T01:59:35.409667367Z", "container": "prefect-worker", "msg": "2026-08-17 01:59:35 | INFO  | _client.py:_send_single_request:1740 | HTTP Request: POST http://prefect-server:4200/api/work_pools/smarthub-pool/get_scheduled_flow_runs \"HTTP/1.1 200 OK\""}
{"ts": "2026-08-17T01:59:43.103032794Z", "container": "prefect-worker", "msg": "2026-08-17 01:59:43 | INFO  | _client.py:_send_single_request:1740 | HTTP Request: POST http://prefect-server:4200/api/work_pools/smarthub-pool/get_scheduled_flow_runs \"HTTP/1.1 200 OK\""}
{"ts": "2026-08-17T01:59:54.226416195Z", "container": "prefect-worker", "msg": "2026-08-17 01:59:54 | INFO  | _client.py:_send_single_request:1740 | HTTP Request: POST http://prefect-server:4200/api/work_pools/smarthub-pool/get_scheduled_flow_runs \"HTTP/1.1 200 OK\""}
{"ts": "2026-08-17T02:00:04.029878787Z", "container": "prefect-worker", "msg": "2026-08-17 02:00:04 | INFO  | _client.py:_send_single_request:1740 | HTTP Request: POST http://prefect-server:4200/api/work_pools/smarthub-pool/get_scheduled_flow_runs \"HTTP/1.1 200 OK\""}
{"ts": "2026-08-17T02:00:13.656224344Z", "container": "prefect-worker", "msg": "2026-08-17 02:00:13 | INFO  | _client.py:_send_single_request:1740 | HTTP Request: POST http://prefect-server:4200/api/work_pools/smarthub-pool/get_scheduled_flow_runs \"HTTP/1.1 200 OK\""}
{"ts": "2026-08-17T02:00:21.351049052Z", "container": "prefect-worker", "msg": "2026-08-17 02:00:21 | INFO  | _client.py:_send_single_request:1740 | HTTP Request: POST http://prefect-server:4200/api/work_pools/smarthub-pool/get_scheduled_flow_runs \"HTTP/1.1 200 OK\""}
{"ts": "2026-08-17T02:00:30.674676676Z", "container": "prefect-worker", "msg": "2026-08-17 02:00:30 | INFO  | _client.py:_send_single_request:1740 | HTTP Request: POST http://prefect-server:4200/api/work_pools/smarthub-pool/get_scheduled_flow_runs \"HTTP/1.1 200 OK\""}
{"ts": "2026-08-17T02:00:40.582171032Z", "container": "prefect-worker", "msg": "2026-08-17 02:00:40 | INFO  | _client.py:_send_single_request:1740 | HTTP Request: POST http://prefect-server:4200/api/work_pools/smarthub-pool/get_scheduled_flow_runs \"HTTP/1.1 200 OK\""}
{"ts": "2026-08-17T02:00:51.160131288Z", "container": "prefect-worker", "msg": "2026-08-17 02:00:51 | INFO  | _client.py:_send_single_request:1740 | HTTP Request: POST http://prefect-server:4200/api/work_pools/smarthub-pool/get_scheduled_flow_runs \"HTTP/1.1 200 OK\""}
{"ts": "2026-08-17T02:01:01.444182383Z", "container": "prefect-worker", "msg": "2026-08-17 02:01:01 | INFO  | _client.py:_send_single_request:1740 | HTTP Request: POST http://prefect-server:4200/api/work_pools/smarthub-pool/get_scheduled_flow_runs \"HTTP/1.1 200 OK\""}
{"ts": "2026-08-17T02:01:12.840272896Z", "container": "prefect-worker", "msg": "2026-08-17 02:01:12 | INFO  | _client.py:_send_single_request:1740 | HTTP Request: POST http://prefect-server:4200/api/work_pools/smarthub-pool/get_scheduled_flow_runs \"HTTP/1.1 200 OK\""}
{"ts": "2026-08-17T02:01:23.567702866Z", "container": "prefect-worker", "msg": "2026-08-17 02:01:23 | INFO  | _client.py:_send_single_request:1740 | HTTP Request: POST http://prefect-server:4200/api/work_pools/smarthub-pool/get_scheduled_flow_runs \"HTTP/1.1 200 OK\""}
{"ts": "2026-08-17T02:01:31.958489506Z", "container": "prefect-worker", "msg": "2026-08-17 02:01:31 | INFO  | _client.py:_send_single_request:1740 | HTTP Request: POST http://prefect-server:4200/api/work_pools/smarthub-pool/get_scheduled_flow_runs \"HTTP/1.1 200 OK\""}
{"ts": "2026-08-17T02:01:44.683087634Z", "container": "prefect-worker", "msg": "2026-08-17 02:01:44 | INFO  | _client.py:_send_single_request:1740 | HTTP Request: POST http://prefect-server:4200/api/work_pools/smarthub-pool/get_scheduled_flow_runs \"HTTP/1.1 200 OK\""}
{"ts": "2026-08-17T02:01:53.809368661Z", "container": "prefect-worker", "msg": "2026-08-17 02:01:53 | INFO  | _client.py:_send_single_request:1740 | HTTP Request: POST http://prefect-server:4200/api/work_pools/smarthub-pool/get_scheduled_flow_runs \"HTTP/1.1 200 OK\""}
{"ts": "2026-08-17T02:02:05.238174117Z", "container": "prefect-worker", "msg": "2026-08-17 02:02:05 | INFO  | _client.py:_send_single_request:1740 | HTTP Request: POST http://prefect-server:4200/api/work_pools/smarthub-pool/get_scheduled_flow_runs \"HTTP/1.1 200 OK\""}
{"ts": "2026-08-17T02:02:17.583081811Z", "container": "prefect-worker", "msg": "2026-08-17 02:02:17 | INFO  | _client.py:_send_single_request:1740 | HTTP Request: POST http://prefect-server:4200/api/work_pools/smarthub-pool/get_scheduled_flow_runs \"HTTP/1.1 200 OK\""}
{"ts": "2026-08-17T02:02:30.574388678Z", "container": "prefect-worker", "msg": "2026-08-17 02:02:30 | INFO  | _client.py:_send_single_request:1740 | HTTP Request: POST http://prefect-server:4200/api/work_pools/smarthub-pool/get_scheduled_flow_runs \"HTTP/1.1 200 OK\""}
{"ts": "2026-08-17T02:02:42.845224548Z", "container": "prefect-worker", "msg": "2026-08-17 02:02:42 | INFO  | _client.py:_send_single_request:1740 | HTTP Request: POST http://prefect-server:4200/api/work_pools/smarthub-pool/get_scheduled_flow_runs \"HTTP/1.1 200 OK\""}
{"ts": "2026-08-17T02:02:54.505727804Z", "container": "prefect-worker", "msg": "2026-08-17 02:02:54 | INFO  | _client.py:_send_single_request:1740 | HTTP Request: POST http://prefect-server:4200/api/work_pools/smarthub-pool/get_scheduled_flow_runs \"HTTP/1.1 200 OK\""}
{"ts": "2026-08-17T02:03:05.167134539Z", "container": "prefect-worker", "msg": "2026-08-17 02:03:05 | INFO  | _client.py:_send_single_request:1740 | HTTP Request: POST http://prefect-server:4200/api/work_pools/smarthub-pool/get_scheduled_flow_runs \"HTTP/1.1 200 OK\""}
{"ts": "2026-08-17T02:03:15.639546418Z", "container": "prefect-worker", "msg": "2026-08-17 02:03:15 | INFO  | _client.py:_send_single_request:1740 | HTTP Request: POST http://prefect-server:4200/api/work_pools/smarthub-pool/get_scheduled_flow_runs \"HTTP/1.1 200 OK\""}
{"ts": "2026-08-17T02:03:23.346429055Z", "container": "prefect-worker", "msg": "2026-08-17 02:03:23 | INFO  | _client.py:_send_single_request:1740 | HTTP Request: POST http://prefect-server:4200/api/work_pools/smarthub-pool/get_scheduled_flow_runs \"HTTP/1.1 200 OK\""}
{"ts": "2026-08-17T02:03:32.009413940Z", "container": "prefect-worker", "msg": "2026-08-17 02:03:32 | INFO  | _client.py:_send_single_request:1740 | HTTP Request: POST http://prefect-server:4200/api/work_pools/smarthub-pool/get_scheduled_flow_runs \"HTTP/1.1 200 OK\""}
{"ts": "2026-08-17T02:03:41.217857323Z", "container": "prefect-worker", "msg": "2026-08-17 02:03:41 | INFO  | _client.py:_send_single_request:1740 | HTTP Request: POST http://prefect-server:4200/api/work_pools/smarthub-pool/get_scheduled_flow_runs \"HTTP/1.1 200 OK\""}
{"ts": "2026-08-17T02:03:51.641670187Z", "container": "prefect-worker", "msg": "2026-08-17 02:03:51 | INFO  | _client.py:_send_single_request:1740 | HTTP Request: POST http://prefect-server:4200/api/work_pools/smarthub-pool/get_scheduled_flow_runs \"HTTP/1.1 200 OK\""}
{"ts": "2026-08-17T02:04:02.769147309Z", "container": "prefect-worker", "msg": "2026-08-17 02:04:02 | INFO  | _client.py:_send_single_request:1740 | HTTP Request: POST http://prefect-server:4200/api/work_pools/smarthub-pool/get_scheduled_flow_runs \"HTTP/1.1 200 OK\""}
{"ts": "2026-08-17T02:04:14.448400934Z", "container": "prefect-worker", "msg": "2026-08-17 02:04:14 | INFO  | _client.py:_send_single_request:1740 | HTTP Request: POST http://prefect-server:4200/api/work_pools/smarthub-pool/get_scheduled_flow_runs \"HTTP/1.1 200 OK\""}
{"ts": "2026-08-17T02:04:23.179354578Z", "container": "prefect-worker", "msg": "2026-08-17 02:04:23 | INFO  | _client.py:_send_single_request:1740 | HTTP Request: POST http://prefect-server:4200/api/work_pools/smarthub-pool/get_scheduled_flow_runs \"HTTP/1.1 200 OK\""}
{"ts": "2026-08-17T02:04:32.301653424Z", "container": "prefect-worker", "msg": "2026-08-17 02:04:32 | INFO  | _client.py:_send_single_request:1740 | HTTP Request: POST http://prefect-server:4200/api/work_pools/smarthub-pool/get_scheduled_flow_runs \"HTTP/1.1 200 OK\""}
{"ts": "2026-08-17T02:04:42.228527121Z", "container": "prefect-worker", "msg": "2026-08-17 02:04:42 | INFO  | _client.py:_send_single_request:1740 | HTTP Request: POST http://prefect-server:4200/api/work_pools/smarthub-pool/get_scheduled_flow_runs \"HTTP/1.1 200 OK\""}
{"ts": "2026-08-17T02:04:52.840155471Z", "container": "prefect-worker", "msg": "2026-08-17 02:04:52 | INFO  | _client.py:_send_single_request:1740 | HTTP Request: POST http://prefect-server:4200/api/work_pools/smarthub-pool/get_scheduled_flow_runs \"HTTP/1.1 200 OK\""}
{"ts": "2026-08-17T02:05:00.470793420Z", "container": "prefect-worker", "msg": "2026-08-17 02:05:00 | INFO  | _client.py:_send_single_request:1740 | HTTP Request: POST http://prefect-server:4200/api/work_pools/smarthub-pool/get_scheduled_flow_runs \"HTTP/1.1 200 OK\""}
{"ts": "2026-08-17T02:05:10.951145612Z", "container": "prefect-worker", "msg": "2026-08-17 02:05:10 | INFO  | _client.py:_send_single_request:1740 | HTTP Request: POST http://prefect-server:4200/api/work_pools/smarthub-pool/get_scheduled_flow_runs \"HTTP/1.1 200 OK\""}
{"ts": "2026-08-17T02:05:21.382346584Z", "container": "prefect-worker", "msg": "2026-08-17 02:05:21 | INFO  | _client.py:_send_single_request:1740 | HTTP Request: POST http://prefect-server:4200/api/work_pools/smarthub-pool/get_scheduled_flow_runs \"HTTP/1.1 200 OK\""}
{"ts": "2026-08-17T02:05:29.417594546Z", "container": "prefect-worker", "msg": "2026-08-17 02:05:29 | INFO  | _client.py:_send_single_request:1740 | HTTP Request: POST http://prefect-server:4200/api/work_pools/smarthub-pool/get_scheduled_flow_runs \"HTTP/1.1 200 OK\""}
{"ts": "2026-08-17T02:05:37.040079551Z", "container": "prefect-worker", "msg": "2026-08-17 02:05:37 | INFO  | _client.py:_send_single_request:1740 | HTTP Request: POST http://prefect-server:4200/api/work_pools/smarthub-pool/get_scheduled_flow_runs \"HTTP/1.1 200 OK\""}
{"ts": "2026-08-17T02:05:44.652671337Z", "container": "prefect-worker", "msg": "2026-08-17 02:05:44 | INFO  | _client.py:_send_single_request:1740 | HTTP Request: POST http://prefect-server:4200/api/work_pools/smarthub-pool/get_scheduled_flow_runs \"HTTP/1.1 200 OK\""}
{"ts": "2026-08-17T02:05:56.428937338Z", "container": "prefect-worker", "msg": "2026-08-17 02:05:56 | INFO  | _client.py:_send_single_request:1740 | HTTP Request: POST http://prefect-server:4200/api/work_pools/smarthub-pool/get_scheduled_flow_runs \"HTTP/1.1 200 OK\""}
{"ts": "2026-08-17T02:06:06.745937530Z", "container": "prefect-worker", "msg": "2026-08-17 02:06:06 | INFO  | _client.py:_send_single_request:1740 | HTTP Request: POST http://prefect-server:4200/api/work_pools/smarthub-pool/get_scheduled_flow_runs \"HTTP/1.1 200 OK\""}
{"ts": "2026-08-17T02:06:15.576011829Z", "container": "prefect-worker", "msg": "2026-08-17 02:06:15 | INFO  | _client.py:_send_single_request:1740 | HTTP Request: POST http://prefect-server:4200/api/work_pools/smarthub-pool/get_scheduled_flow_runs \"HTTP/1.1 200 OK\""}
{"ts": "2026-08-17T02:06:24.657822383Z", "container": "prefect-worker", "msg": "2026-08-17 02:06:24 | INFO  | _client.py:_send_single_request:1740 | HTTP Request: POST http://prefect-server:4200/api/work_pools/smarthub-pool/get_scheduled_flow_runs \"HTTP/1.1 200 OK\""}
{"ts": "2026-08-17T02:06:37.137606612Z", "container": "prefect-worker", "msg": "2026-08-17 02:06:37 | INFO  | _client.py:_send_single_request:1740 | HTTP Request: POST http://prefect-server:4200/api/work_pools/smarthub-pool/get_scheduled_flow_runs \"HTTP/1.1 200 OK\""}
{"ts": "2026-08-17T02:06:49.517497582Z", "container": "prefect-worker", "msg": "2026-08-17 02:06:49 | INFO  | _client.py:_send_single_request:1740 | HTTP Request: POST http://prefect-server:4200/api/work_pools/smarthub-pool/get_scheduled_flow_runs \"HTTP/1.1 200 OK\""}
{"ts": "2026-08-17T02:06:57.211631712Z", "container": "prefect-worker", "msg": "2026-08-17 02:06:57 | INFO  | _client.py:_send_single_request:1740 | HTTP Request: POST http://prefect-server:4200/api/work_pools/smarthub-pool/get_scheduled_flow_runs \"HTTP/1.1 200 OK\""}
{"ts": "2026-08-17T02:07:06.639375255Z", "container": "prefect-worker", "msg": "2026-08-17 02:07:06 | INFO  | _client.py:_send_single_request:1740 | HTTP Request: POST http://prefect-server:4200/api/work_pools/smarthub-pool/get_scheduled_flow_runs \"HTTP/1.1 200 OK\""}
{"ts": "2026-08-17T02:07:17.834142510Z", "container": "prefect-worker", "msg": "2026-08-17 02:07:17 | INFO  | _client.py:_send_single_request:1740 | HTTP Request: POST http://prefect-server:4200/api/work_pools/smarthub-pool/get_scheduled_flow_runs \"HTTP/1.1 200 OK\""}
{"ts": "2026-08-17T02:07:29.678206520Z", "container": "prefect-worker", "msg": "2026-08-17 02:07:29 | INFO  | _client.py:_send_single_request:1740 | HTTP Request: POST http://prefect-server:4200/api/work_pools/smarthub-pool/get_scheduled_flow_runs \"HTTP/1.1 200 OK\""}
{"ts": "2026-08-17T02:07:39.663681610Z", "container": "prefect-worker", "msg": "2026-08-17 02:07:39 | INFO  | _client.py:_send_single_request:1740 | HTTP Request: POST http://prefect-server:4200/api/work_pools/smarthub-pool/get_scheduled_flow_runs \"HTTP/1.1 200 OK\""}
{"ts": "2026-08-17T02:07:49.659367963Z", "container": "prefect-worker", "msg": "2026-08-17 02:07:49 | INFO  | _client.py:_send_single_request:1740 | HTTP Request: POST http://prefect-server:4200/api/work_pools/smarthub-pool/get_scheduled_flow_runs \"HTTP/1.1 200 OK\""}
{"ts": "2026-08-17T02:07:58.284027424Z", "container": "prefect-worker", "msg": "2026-08-17 02:07:58 | INFO  | _client.py:_send_single_request:1740 | HTTP Request: POST http://prefect-server:4200/api/work_pools/smarthub-pool/get_scheduled_flow_runs \"HTTP/1.1 200 OK\""}
{"ts": "2026-08-17T02:08:10.407961943Z", "container": "prefect-worker", "msg": "2026-08-17 02:08:10 | INFO  | _client.py:_send_single_request:1740 | HTTP Request: POST http://prefect-server:4200/api/work_pools/smarthub-pool/get_scheduled_flow_runs \"HTTP/1.1 200 OK\""}
{"ts": "2026-08-17T02:08:19.007236219Z", "container": "prefect-worker", "msg": "2026-08-17 02:08:19 | INFO  | _client.py:_send_single_request:1740 | HTTP Request: POST http://prefect-server:4200/api/work_pools/smarthub-pool/get_scheduled_flow_runs \"HTTP/1.1 200 OK\""}
{"ts": "2026-08-17T02:08:31.762066909Z", "container": "prefect-worker", "msg": "2026-08-17 02:08:31 | INFO  | _client.py:_send_single_request:1740 | HTTP Request: POST http://prefect-server:4200/api/work_pools/smarthub-pool/get_scheduled_flow_runs \"HTTP/1.1 200 OK\""}
{"ts": "2026-08-17T02:08:42.047561374Z", "container": "prefect-worker", "msg": "2026-08-17 02:08:42 | INFO  | _client.py:_send_single_request:1740 | HTTP Request: POST http://prefect-server:4200/api/work_pools/smarthub-pool/get_scheduled_flow_runs \"HTTP/1.1 200 OK\""}
{"ts": "2026-08-17T02:08:51.273319130Z", "container": "prefect-worker", "msg": "2026-08-17 02:08:51 | INFO  | _client.py:_send_single_request:1740 | HTTP Request: POST http://prefect-server:4200/api/work_pools/smarthub-pool/get_scheduled_flow_runs \"HTTP/1.1 200 OK\""}
{"ts": "2026-08-17T02:09:00.288889592Z", "container": "prefect-worker", "msg": "2026-08-17 02:09:00 | INFO  | _client.py:_send_single_request:1740 | HTTP Request: POST http://prefect-server:4200/api/work_pools/smarthub-pool/get_scheduled_flow_runs \"HTTP/1.1 200 OK\""}
{"ts": "2026-08-17T02:09:12.908778157Z", "container": "prefect-worker", "msg": "2026-08-17 02:09:12 | INFO  | _client.py:_send_single_request:1740 | HTTP Request: POST http://prefect-server:4200/api/work_pools/smarthub-pool/get_scheduled_flow_runs \"HTTP/1.1 200 OK\""}
{"ts": "2026-08-17T02:09:23.470197089Z", "container": "prefect-worker", "msg": "2026-08-17 02:09:23 | INFO  | _client.py:_send_single_request:1740 | HTTP Request: POST http://prefect-server:4200/api/work_pools/smarthub-pool/get_scheduled_flow_runs \"HTTP/1.1 200 OK\""}
{"ts": "2026-08-17T02:09:35.444502978Z", "container": "prefect-worker", "msg": "2026-08-17 02:09:35 | INFO  | _client.py:_send_single_request:1740 | HTTP Request: POST http://prefect-server:4200/api/work_pools/smarthub-pool/get_scheduled_flow_runs \"HTTP/1.1 200 OK\""}
{"ts": "2026-08-17T02:09:46.245412879Z", "container": "prefect-worker", "msg": "2026-08-17 02:09:46 | INFO  | _client.py:_send_single_request:1740 | HTTP Request: POST http://prefect-server:4200/api/work_pools/smarthub-pool/get_scheduled_flow_runs \"HTTP/1.1 200 OK\""}
{"ts": "2026-08-17T02:09:58.102619097Z", "container": "prefect-worker", "msg": "2026-08-17 02:09:58 | INFO  | _client.py:_send_single_request:1740 | HTTP Request: POST http://prefect-server:4200/api/work_pools/smarthub-pool/get_scheduled_flow_runs \"HTTP/1.1 200 OK\""}
{"ts": "2026-08-17T02:10:08.150767709Z", "container": "prefect-worker", "msg": "2026-08-17 02:10:08 | INFO  | _client.py:_send_single_request:1740 | HTTP Request: POST http://prefect-server:4200/api/work_pools/smarthub-pool/get_scheduled_flow_runs \"HTTP/1.1 200 OK\""}
{"ts": "2026-08-17T02:10:18.030069991Z", "container": "prefect-worker", "msg": "2026-08-17 02:10:18 | INFO  | _client.py:_send_single_request:1740 | HTTP Request: POST http://prefect-server:4200/api/work_pools/smarthub-pool/get_scheduled_flow_runs \"HTTP/1.1 200 OK\""}
{"ts": "2026-08-17T02:10:26.801334567Z", "container": "prefect-worker", "msg": "2026-08-17 02:10:26 | INFO  | _client.py:_send_single_request:1740 | HTTP Request: POST http://prefect-server:4200/api/work_pools/smarthub-pool/get_scheduled_flow_runs \"HTTP/1.1 200 OK\""}
{"ts": "2026-08-17T02:10:36.620645818Z", "container": "prefect-worker", "msg": "2026-08-17 02:10:36 | INFO  | _client.py:_send_single_request:1740 | HTTP Request: POST http://prefect-server:4200/api/work_pools/smarthub-pool/get_scheduled_flow_runs \"HTTP/1.1 200 OK\""}
{"ts": "2026-08-17T02:10:47.048095373Z", "container": "prefect-worker", "msg": "2026-08-17 02:10:47 | INFO  | _client.py:_send_single_request:1740 | HTTP Request: POST http://prefect-server:4200/api/work_pools/smarthub-pool/get_scheduled_flow_runs \"HTTP/1.1 200 OK\""}
{"ts": "2026-08-17T02:10:58.559210469Z", "container": "prefect-worker", "msg": "2026-08-17 02:10:58 | INFO  | _client.py:_send_single_request:1740 | HTTP Request: POST http://prefect-server:4200/api/work_pools/smarthub-pool/get_scheduled_flow_runs \"HTTP/1.1 200 OK\""}
{"ts": "2026-08-17T02:11:10.865688574Z", "container": "prefect-worker", "msg": "2026-08-17 02:11:10 | INFO  | _client.py:_send_single_request:1740 | HTTP Request: POST http://prefect-server:4200/api/work_pools/smarthub-pool/get_scheduled_flow_runs \"HTTP/1.1 200 OK\""}
{"ts": "2026-08-17T02:11:21.705790367Z", "container": "prefect-worker", "msg": "2026-08-17 02:11:21 | INFO  | _client.py:_send_single_request:1740 | HTTP Request: POST http://prefect-server:4200/api/work_pools/smarthub-pool/get_scheduled_flow_runs \"HTTP/1.1 200 OK\""}
{"ts": "2026-08-17T02:11:33.759696709Z", "container": "prefect-worker", "msg": "2026-08-17 02:11:33 | INFO  | _client.py:_send_single_request:1740 | HTTP Request: POST http://prefect-server:4200/api/work_pools/smarthub-pool/get_scheduled_flow_runs \"HTTP/1.1 200 OK\""}
{"ts": "2026-08-17T02:11:43.989796583Z", "container": "prefect-worker", "msg": "2026-08-17 02:11:43 | INFO  | _client.py:_send_single_request:1740 | HTTP Request: POST http://prefect-server:4200/api/work_pools/smarthub-pool/get_scheduled_flow_runs \"HTTP/1.1 200 OK\""}
{"ts": "2026-08-17T02:11:51.738298240Z", "container": "prefect-worker", "msg": "2026-08-17 02:11:51 | INFO  | _client.py:_send_single_request:1740 | HTTP Request: POST http://prefect-server:4200/api/work_pools/smarthub-pool/get_scheduled_flow_runs \"HTTP/1.1 200 OK\""}
{"ts": "2026-08-17T02:12:03.804911391Z", "container": "prefect-worker", "msg": "2026-08-17 02:12:03 | INFO  | _client.py:_send_single_request:1740 | HTTP Request: POST http://prefect-server:4200/api/work_pools/smarthub-pool/get_scheduled_flow_runs \"HTTP/1.1 200 OK\""}
{"ts": "2026-08-17T02:12:16.119614093Z", "container": "prefect-worker", "msg": "2026-08-17 02:12:16 | INFO  | _client.py:_send_single_request:1740 | HTTP Request: POST http://prefect-server:4200/api/work_pools/smarthub-pool/get_scheduled_flow_runs \"HTTP/1.1 200 OK\""}
{"ts": "2026-08-17T02:12:24.050389480Z", "container": "prefect-worker", "msg": "2026-08-17 02:12:24 | INFO  | _client.py:_send_single_request:1740 | HTTP Request: POST http://prefect-server:4200/api/work_pools/smarthub-pool/get_scheduled_flow_runs \"HTTP/1.1 200 OK\""}
{"ts": "2026-08-17T02:12:35.733608321Z", "container": "prefect-worker", "msg": "2026-08-17 02:12:35 | INFO  | _client.py:_send_single_request:1740 | HTTP Request: POST http://prefect-server:4200/api/work_pools/smarthub-pool/get_scheduled_flow_runs \"HTTP/1.1 200 OK\""}
{"ts": "2026-08-17T02:12:46.304124823Z", "container": "prefect-worker", "msg": "2026-08-17 02:12:46 | INFO  | _client.py:_send_single_request:1740 | HTTP Request: POST http://prefect-server:4200/api/work_pools/smarthub-pool/get_scheduled_flow_runs \"HTTP/1.1 200 OK\""}
{"ts": "2026-08-17T02:12:54.463611861Z", "container": "prefect-worker", "msg": "2026-08-17 02:12:54 | INFO  | _client.py:_send_single_request:1740 | HTTP Request: POST http://prefect-server:4200/api/work_pools/smarthub-pool/get_scheduled_flow_runs \"HTTP/1.1 200 OK\""}
{"ts": "2026-08-17T02:13:03.896630409Z", "container": "prefect-worker", "msg": "2026-08-17 02:13:03 | INFO  | _client.py:_send_single_request:1740 | HTTP Request: POST http://prefect-server:4200/api/work_pools/smarthub-pool/get_scheduled_flow_runs \"HTTP/1.1 200 OK\""}
{"ts": "2026-08-17T02:13:13.942900646Z", "container": "prefect-worker", "msg": "2026-08-17 02:13:13 | INFO  | _client.py:_send_single_request:1740 | HTTP Request: POST http://prefect-server:4200/api/work_pools/smarthub-pool/get_scheduled_flow_runs \"HTTP/1.1 200 OK\""}
{"ts": "2026-08-17T02:13:25.167221062Z", "container": "prefect-worker", "msg": "2026-08-17 02:13:25 | INFO  | _client.py:_send_single_request:1740 | HTTP Request: POST http://prefect-server:4200/api/work_pools/smarthub-pool/get_scheduled_flow_runs \"HTTP/1.1 200 OK\""}
{"ts": "2026-08-17T02:13:35.795362384Z", "container": "prefect-worker", "msg": "2026-08-17 02:13:35 | INFO  | _client.py:_send_single_request:1740 | HTTP Request: POST http://prefect-server:4200/api/work_pools/smarthub-pool/get_scheduled_flow_runs \"HTTP/1.1 200 OK\""}
{"ts": "2026-08-17T02:13:44.278793716Z", "container": "prefect-worker", "msg": "2026-08-17 02:13:44 | INFO  | _client.py:_send_single_request:1740 | HTTP Request: POST http://prefect-server:4200/api/work_pools/smarthub-pool/get_scheduled_flow_runs \"HTTP/1.1 200 OK\""}
{"ts": "2026-08-17T02:13:56.367972319Z", "container": "prefect-worker", "msg": "2026-08-17 02:13:56 | INFO  | _client.py:_send_single_request:1740 | HTTP Request: POST http://prefect-server:4200/api/work_pools/smarthub-pool/get_scheduled_flow_runs \"HTTP/1.1 200 OK\""}
{"ts": "2026-08-17T02:14:05.981120676Z", "container": "prefect-worker", "msg": "2026-08-17 02:14:05 | INFO  | _client.py:_send_single_request:1740 | HTTP Request: POST http://prefect-server:4200/api/work_pools/smarthub-pool/get_scheduled_flow_runs \"HTTP/1.1 200 OK\""}
{"ts": "2026-08-17T02:14:15.255543274Z", "container": "prefect-worker", "msg": "2026-08-17 02:14:15 | INFO  | _client.py:_send_single_request:1740 | HTTP Request: POST http://prefect-server:4200/api/work_pools/smarthub-pool/get_scheduled_flow_runs \"HTTP/1.1 200 OK\""}
{"ts": "2026-08-17T02:14:26.980618388Z", "container": "prefect-worker", "msg": "2026-08-17 02:14:26 | INFO  | _client.py:_send_single_request:1740 | HTTP Request: POST http://prefect-server:4200/api/work_pools/smarthub-pool/get_scheduled_flow_runs \"HTTP/1.1 200 OK\""}
{"ts": "2026-08-17T02:14:35.773507899Z", "container": "prefect-worker", "msg": "2026-08-17 02:14:35 | INFO  | _client.py:_send_single_request:1740 | HTTP Request: POST http://prefect-server:4200/api/work_pools/smarthub-pool/get_scheduled_flow_runs \"HTTP/1.1 200 OK\""}
{"ts": "2026-08-17T02:14:44.552733392Z", "container": "prefect-worker", "msg": "2026-08-17 02:14:44 | INFO  | _client.py:_send_single_request:1740 | HTTP Request: POST http://prefect-server:4200/api/work_pools/smarthub-pool/get_scheduled_flow_runs \"HTTP/1.1 200 OK\""}
{"ts": "2026-08-17T02:14:56.804941413Z", "container": "prefect-worker", "msg": "2026-08-17 02:14:56 | INFO  | _client.py:_send_single_request:1740 | HTTP Request: POST http://prefect-server:4200/api/work_pools/smarthub-pool/get_scheduled_flow_runs \"HTTP/1.1 200 OK\""}
{"ts": "2026-08-17T02:15:07.582972735Z", "container": "prefect-worker", "msg": "2026-08-17 02:15:07 | INFO  | _client.py:_send_single_request:1740 | HTTP Request: POST http://prefect-server:4200/api/work_pools/smarthub-pool/get_scheduled_flow_runs \"HTTP/1.1 200 OK\""}
{"ts": "2026-08-17T02:15:19.301673379Z", "container": "prefect-worker", "msg": "2026-08-17 02:15:19 | INFO  | _client.py:_send_single_request:1740 | HTTP Request: POST http://prefect-server:4200/api/work_pools/smarthub-pool/get_scheduled_flow_runs \"HTTP/1.1 200 OK\""}
{"ts": "2026-08-17T02:15:27.560197070Z", "container": "prefect-worker", "msg": "2026-08-17 02:15:27 | INFO  | _client.py:_send_single_request:1740 | HTTP Request: POST http://prefect-server:4200/api/work_pools/smarthub-pool/get_scheduled_flow_runs \"HTTP/1.1 200 OK\""}
{"ts": "2026-08-17T02:15:38.615211880Z", "container": "prefect-worker", "msg": "2026-08-17 02:15:38 | INFO  | _client.py:_send_single_request:1740 | HTTP Request: POST http://prefect-server:4200/api/work_pools/smarthub-pool/get_scheduled_flow_runs \"HTTP/1.1 200 OK\""}
{"ts": "2026-08-17T02:15:49.851671769Z", "container": "prefect-worker", "msg": "2026-08-17 02:15:49 | INFO  | _client.py:_send_single_request:1740 | HTTP Request: POST http://prefect-server:4200/api/work_pools/smarthub-pool/get_scheduled_flow_runs \"HTTP/1.1 200 OK\""}
{"ts": "2026-08-17T02:16:02.137097278Z", "container": "prefect-worker", "msg": "2026-08-17 02:16:02 | INFO  | _client.py:_send_single_request:1740 | HTTP Request: POST http://prefect-server:4200/api/work_pools/smarthub-pool/get_scheduled_flow_runs \"HTTP/1.1 200 OK\""}
{"ts": "2026-08-17T02:16:10.780407036Z", "container": "prefect-worker", "msg": "2026-08-17 02:16:10 | INFO  | _client.py:_send_single_request:1740 | HTTP Request: POST http://prefect-server:4200/api/work_pools/smarthub-pool/get_scheduled_flow_runs \"HTTP/1.1 200 OK\""}
{"ts": "2026-08-17T02:16:21.577791584Z", "container": "prefect-worker", "msg": "2026-08-17 02:16:21 | INFO  | _client.py:_send_single_request:1740 | HTTP Request: POST http://prefect-server:4200/api/work_pools/smarthub-pool/get_scheduled_flow_runs \"HTTP/1.1 200 OK\""}
{"ts": "2026-08-17T02:16:30.391048494Z", "container": "prefect-worker", "msg": "2026-08-17 02:16:30 | INFO  | _client.py:_send_single_request:1740 | HTTP Request: POST http://prefect-server:4200/api/work_pools/smarthub-pool/get_scheduled_flow_runs \"HTTP/1.1 200 OK\""}
{"ts": "2026-08-17T02:16:42.395834459Z", "container": "prefect-worker", "msg": "2026-08-17 02:16:42 | INFO  | _client.py:_send_single_request:1740 | HTTP Request: POST http://prefect-server:4200/api/work_pools/smarthub-pool/get_scheduled_flow_runs \"HTTP/1.1 200 OK\""}
{"ts": "2026-08-17T02:16:51.538323560Z", "container": "prefect-worker", "msg": "2026-08-17 02:16:51 | INFO  | _client.py:_send_single_request:1740 | HTTP Request: POST http://prefect-server:4200/api/work_pools/smarthub-pool/get_scheduled_flow_runs \"HTTP/1.1 200 OK\""}
{"ts": "2026-08-17T02:17:01.947234156Z", "container": "prefect-worker", "msg": "2026-08-17 02:17:01 | INFO  | _client.py:_send_single_request:1740 | HTTP Request: POST http://prefect-server:4200/api/work_pools/smarthub-pool/get_scheduled_flow_runs \"HTTP/1.1 200 OK\""}
{"ts": "2026-08-17T02:17:11.575095721Z", "container": "prefect-worker", "msg": "2026-08-17 02:17:11 | INFO  | _client.py:_send_single_request:1740 | HTTP Request: POST http://prefect-server:4200/api/work_pools/smarthub-pool/get_scheduled_flow_runs \"HTTP/1.1 200 OK\""}
{"ts": "2026-08-17T02:17:22.009947151Z", "container": "prefect-worker", "msg": "2026-08-17 02:17:22 | INFO  | _client.py:_send_single_request:1740 | HTTP Request: POST http://prefect-server:4200/api/work_pools/smarthub-pool/get_scheduled_flow_runs \"HTTP/1.1 200 OK\""}
{"ts": "2026-08-17T02:17:33.508024149Z", "container": "prefect-worker", "msg": "2026-08-17 02:17:33 | INFO  | _client.py:_send_single_request:1740 | HTTP Request: POST http://prefect-server:4200/api/work_pools/smarthub-pool/get_scheduled_flow_runs \"HTTP/1.1 200 OK\""}
{"ts": "2026-08-17T02:17:41.663445435Z", "container": "prefect-worker", "msg": "2026-08-17 02:17:41 | INFO  | _client.py:_send_single_request:1740 | HTTP Request: POST http://prefect-server:4200/api/work_pools/smarthub-pool/get_scheduled_flow_runs \"HTTP/1.1 200 OK\""}
{"ts": "2026-08-17T02:17:51.778486539Z", "container": "prefect-worker", "msg": "2026-08-17 02:17:51 | INFO  | _client.py:_send_single_request:1740 | HTTP Request: POST http://prefect-server:4200/api/work_pools/smarthub-pool/get_scheduled_flow_runs \"HTTP/1.1 200 OK\""}
{"ts": "2026-08-17T02:18:01.957749839Z", "container": "prefect-worker", "msg": "2026-08-17 02:18:01 | INFO  | _client.py:_send_single_request:1740 | HTTP Request: POST http://prefect-server:4200/api/work_pools/smarthub-pool/get_scheduled_flow_runs \"HTTP/1.1 200 OK\""}
{"ts": "2026-08-17T02:18:10.137610597Z", "container": "prefect-worker", "msg": "2026-08-17 02:18:10 | INFO  | _client.py:_send_single_request:1740 | HTTP Request: POST http://prefect-server:4200/api/work_pools/smarthub-pool/get_scheduled_flow_runs \"HTTP/1.1 200 OK\""}
{"ts": "2026-08-17T02:18:22.021699225Z", "container": "prefect-worker", "msg": "2026-08-17 02:18:22 | INFO  | _client.py:_send_single_request:1740 | HTTP Request: POST http://prefect-server:4200/api/work_pools/smarthub-pool/get_scheduled_flow_runs \"HTTP/1.1 200 OK\""}
{"ts": "2026-08-17T02:18:34.080296187Z", "container": "prefect-worker", "msg": "2026-08-17 02:18:34 | INFO  | _client.py:_send_single_request:1740 | HTTP Request: POST http://prefect-server:4200/api/work_pools/smarthub-pool/get_scheduled_flow_runs \"HTTP/1.1 200 OK\""}
{"ts": "2026-08-17T02:18:46.438311555Z", "container": "prefect-worker", "msg": "2026-08-17 02:18:46 | INFO  | _client.py:_send_single_request:1740 | HTTP Request: POST http://prefect-server:4200/api/work_pools/smarthub-pool/get_scheduled_flow_runs \"HTTP/1.1 200 OK\""}
{"ts": "2026-08-17T02:18:56.430032806Z", "container": "prefect-worker", "msg": "2026-08-17 02:18:56 | INFO  | _client.py:_send_single_request:1740 | HTTP Request: POST http://prefect-server:4200/api/work_pools/smarthub-pool/get_scheduled_flow_runs \"HTTP/1.1 200 OK\""}
{"ts": "2026-08-17T02:19:08.143518709Z", "container": "prefect-worker", "msg": "2026-08-17 02:19:08 | INFO  | _client.py:_send_single_request:1740 | HTTP Request: POST http://prefect-server:4200/api/work_pools/smarthub-pool/get_scheduled_flow_runs \"HTTP/1.1 200 OK\""}
{"ts": "2026-08-17T02:19:18.172588365Z", "container": "prefect-worker", "msg": "2026-08-17 02:19:18 | INFO  | _client.py:_send_single_request:1740 | HTTP Request: POST http://prefect-server:4200/api/work_pools/smarthub-pool/get_scheduled_flow_runs \"HTTP/1.1 200 OK\""}
{"ts": "2026-08-17T02:19:29.437381575Z", "container": "prefect-worker", "msg": "2026-08-17 02:19:29 | INFO  | _client.py:_send_single_request:1740 | HTTP Request: POST http://prefect-server:4200/api/work_pools/smarthub-pool/get_scheduled_flow_runs \"HTTP/1.1 200 OK\""}
{"ts": "2026-08-17T02:19:41.422297890Z", "container": "prefect-worker", "msg": "2026-08-17 02:19:41 | INFO  | _client.py:_send_single_request:1740 | HTTP Request: POST http://prefect-server:4200/api/work_pools/smarthub-pool/get_scheduled_flow_runs \"HTTP/1.1 200 OK\""}
{"ts": "2026-08-17T02:19:50.288665856Z", "container": "prefect-worker", "msg": "2026-08-17 02:19:50 | INFO  | _client.py:_send_single_request:1740 | HTTP Request: POST http://prefect-server:4200/api/work_pools/smarthub-pool/get_scheduled_flow_runs \"HTTP/1.1 200 OK\""}
{"ts": "2026-08-17T02:20:02.997758672Z", "container": "prefect-worker", "msg": "2026-08-17 02:20:02 | INFO  | _client.py:_send_single_request:1740 | HTTP Request: POST http://prefect-server:4200/api/work_pools/smarthub-pool/get_scheduled_flow_runs \"HTTP/1.1 200 OK\""}
{"ts": "2026-08-17T02:20:14.438634018Z", "container": "prefect-worker", "msg": "2026-08-17 02:20:14 | INFO  | _client.py:_send_single_request:1740 | HTTP Request: POST http://prefect-server:4200/api/work_pools/smarthub-pool/get_scheduled_flow_runs \"HTTP/1.1 200 OK\""}
{"ts": "2026-08-17T02:20:24.173787487Z", "container": "prefect-worker", "msg": "2026-08-17 02:20:24 | INFO  | _client.py:_send_single_request:1740 | HTTP Request: POST http://prefect-server:4200/api/work_pools/smarthub-pool/get_scheduled_flow_runs \"HTTP/1.1 200 OK\""}
{"ts": "2026-08-17T02:20:32.482528351Z", "container": "prefect-worker", "msg": "2026-08-17 02:20:32 | INFO  | _client.py:_send_single_request:1740 | HTTP Request: POST http://prefect-server:4200/api/work_pools/smarthub-pool/get_scheduled_flow_runs \"HTTP/1.1 200 OK\""}
{"ts": "2026-08-17T02:20:44.699949735Z", "container": "prefect-worker", "msg": "2026-08-17 02:20:44 | INFO  | _client.py:_send_single_request:1740 | HTTP Request: POST http://prefect-server:4200/api/work_pools/smarthub-pool/get_scheduled_flow_runs \"HTTP/1.1 200 OK\""}
{"ts": "2026-08-17T02:20:56.614060274Z", "container": "prefect-worker", "msg": "2026-08-17 02:20:56 | INFO  | _client.py:_send_single_request:1740 | HTTP Request: POST http://prefect-server:4200/api/work_pools/smarthub-pool/get_scheduled_flow_runs \"HTTP/1.1 200 OK\""}
{"ts": "2026-08-17T02:21:05.519995795Z", "container": "prefect-worker", "msg": "2026-08-17 02:21:05 | INFO  | _client.py:_send_single_request:1740 | HTTP Request: POST http://prefect-server:4200/api/work_pools/smarthub-pool/get_scheduled_flow_runs \"HTTP/1.1 200 OK\""}
{"ts": "2026-08-17T02:21:17.888314707Z", "container": "prefect-worker", "msg": "2026-08-17 02:21:17 | INFO  | _client.py:_send_single_request:1740 | HTTP Request: POST http://prefect-server:4200/api/work_pools/smarthub-pool/get_scheduled_flow_runs \"HTTP/1.1 200 OK\""}
{"ts": "2026-08-17T02:21:27.765568298Z", "container": "prefect-worker", "msg": "2026-08-17 02:21:27 | INFO  | _client.py:_send_single_request:1740 | HTTP Request: POST http://prefect-server:4200/api/work_pools/smarthub-pool/get_scheduled_flow_runs \"HTTP/1.1 200 OK\""}
{"ts": "2026-08-17T02:21:37.929071954Z", "container": "prefect-worker", "msg": "2026-08-17 02:21:37 | INFO  | _client.py:_send_single_request:1740 | HTTP Request: POST http://prefect-server:4200/api/work_pools/smarthub-pool/get_scheduled_flow_runs \"HTTP/1.1 200 OK\""}
{"ts": "2026-08-17T02:21:48.354039719Z", "container": "prefect-worker", "msg": "2026-08-17 02:21:48 | INFO  | _client.py:_send_single_request:1740 | HTTP Request: POST http://prefect-server:4200/api/work_pools/smarthub-pool/get_scheduled_flow_runs \"HTTP/1.1 200 OK\""}
{"ts": "2026-08-17T02:22:01.061200480Z", "container": "prefect-worker", "msg": "2026-08-17 02:22:01 | INFO  | _client.py:_send_single_request:1740 | HTTP Request: POST http://prefect-server:4200/api/work_pools/smarthub-pool/get_scheduled_flow_runs \"HTTP/1.1 200 OK\""}
{"ts": "2026-08-17T02:22:13.478516265Z", "container": "prefect-worker", "msg": "2026-08-17 02:22:13 | INFO  | _client.py:_send_single_request:1740 | HTTP Request: POST http://prefect-server:4200/api/work_pools/smarthub-pool/get_scheduled_flow_runs \"HTTP/1.1 200 OK\""}
{"ts": "2026-08-17T02:22:23.456813852Z", "container": "prefect-worker", "msg": "2026-08-17 02:22:23 | INFO  | _client.py:_send_single_request:1740 | HTTP Request: POST http://prefect-server:4200/api/work_pools/smarthub-pool/get_scheduled_flow_runs \"HTTP/1.1 200 OK\""}
{"ts": "2026-08-17T02:22:32.875886864Z", "container": "prefect-worker", "msg": "2026-08-17 02:22:32 | INFO  | _client.py:_send_single_request:1740 | HTTP Request: POST http://prefect-server:4200/api/work_pools/smarthub-pool/get_scheduled_flow_runs \"HTTP/1.1 200 OK\""}
{"ts": "2026-08-17T02:22:43.581824878Z", "container": "prefect-worker", "msg": "2026-08-17 02:22:43 | INFO  | _client.py:_send_single_request:1740 | HTTP Request: POST http://prefect-server:4200/api/work_pools/smarthub-pool/get_scheduled_flow_runs \"HTTP/1.1 200 OK\""}
{"ts": "2026-08-17T02:22:54.447975740Z", "container": "prefect-worker", "msg": "2026-08-17 02:22:54 | INFO  | _client.py:_send_single_request:1740 | HTTP Request: POST http://prefect-server:4200/api/work_pools/smarthub-pool/get_scheduled_flow_runs \"HTTP/1.1 200 OK\""}
{"ts": "2026-08-17T02:23:04.605238498Z", "container": "prefect-worker", "msg": "2026-08-17 02:23:04 | INFO  | _client.py:_send_single_request:1740 | HTTP Request: POST http://prefect-server:4200/api/work_pools/smarthub-pool/get_scheduled_flow_runs \"HTTP/1.1 200 OK\""}
{"ts": "2026-08-17T02:23:14.065792194Z", "container": "prefect-worker", "msg": "2026-08-17 02:23:14 | INFO  | _client.py:_send_single_request:1740 | HTTP Request: POST http://prefect-server:4200/api/work_pools/smarthub-pool/get_scheduled_flow_runs \"HTTP/1.1 200 OK\""}
{"ts": "2026-08-17T02:23:25.896877138Z", "container": "prefect-worker", "msg": "2026-08-17 02:23:25 | INFO  | _client.py:_send_single_request:1740 | HTTP Request: POST http://prefect-server:4200/api/work_pools/smarthub-pool/get_scheduled_flow_runs \"HTTP/1.1 200 OK\""}
{"ts": "2026-08-17T02:23:35.366516728Z", "container": "prefect-worker", "msg": "2026-08-17 02:23:35 | INFO  | _client.py:_send_single_request:1740 | HTTP Request: POST http://prefect-server:4200/api/work_pools/smarthub-pool/get_scheduled_flow_runs \"HTTP/1.1 200 OK\""}
{"ts": "2026-08-17T02:23:47.410795684Z", "container": "prefect-worker", "msg": "2026-08-17 02:23:47 | INFO  | _client.py:_send_single_request:1740 | HTTP Request: POST http://prefect-server:4200/api/work_pools/smarthub-pool/get_scheduled_flow_runs \"HTTP/1.1 200 OK\""}
{"ts": "2026-08-17T02:23:55.552081549Z", "container": "prefect-worker", "msg": "2026-08-17 02:23:55 | INFO  | _client.py:_send_single_request:1740 | HTTP Request: POST http://prefect-server:4200/api/work_pools/smarthub-pool/get_scheduled_flow_runs \"HTTP/1.1 200 OK\""}
{"ts": "2026-08-17T02:24:04.308875260Z", "container": "prefect-worker", "msg": "2026-08-17 02:24:04 | INFO  | _client.py:_send_single_request:1740 | HTTP Request: POST http://prefect-server:4200/api/work_pools/smarthub-pool/get_scheduled_flow_runs \"HTTP/1.1 200 OK\""}
{"ts": "2026-08-17T02:24:12.505830726Z", "container": "prefect-worker", "msg": "2026-08-17 02:24:12 | INFO  | _client.py:_send_single_request:1740 | HTTP Request: POST http://prefect-server:4200/api/work_pools/smarthub-pool/get_scheduled_flow_runs \"HTTP/1.1 200 OK\""}
{"ts": "2026-08-17T02:24:25.415723090Z", "container": "prefect-worker", "msg": "2026-08-17 02:24:25 | INFO  | _client.py:_send_single_request:1740 | HTTP Request: POST http://prefect-server:4200/api/work_pools/smarthub-pool/get_scheduled_flow_runs \"HTTP/1.1 200 OK\""}
{"ts": "2026-08-17T02:24:35.360856989Z", "container": "prefect-worker", "msg": "2026-08-17 02:24:35 | INFO  | _client.py:_send_single_request:1740 | HTTP Request: POST http://prefect-server:4200/api/work_pools/smarthub-pool/get_scheduled_flow_runs \"HTTP/1.1 200 OK\""}
{"ts": "2026-08-17T02:24:46.401759711Z", "container": "prefect-worker", "msg": "2026-08-17 02:24:46 | INFO  | _client.py:_send_single_request:1740 | HTTP Request: POST http://prefect-server:4200/api/work_pools/smarthub-pool/get_scheduled_flow_runs \"HTTP/1.1 200 OK\""}
{"ts": "2026-08-17T02:24:55.669801128Z", "container": "prefect-worker", "msg": "2026-08-17 02:24:55 | INFO  | _client.py:_send_single_request:1740 | HTTP Request: POST http://prefect-server:4200/api/work_pools/smarthub-pool/get_scheduled_flow_runs \"HTTP/1.1 200 OK\""}
{"ts": "2026-08-17T02:25:07.641441272Z", "container": "prefect-worker", "msg": "2026-08-17 02:25:07 | INFO  | _client.py:_send_single_request:1740 | HTTP Request: POST http://prefect-server:4200/api/work_pools/smarthub-pool/get_scheduled_flow_runs \"HTTP/1.1 200 OK\""}
{"ts": "2026-08-17T02:25:18.349474680Z", "container": "prefect-worker", "msg": "2026-08-17 02:25:18 | INFO  | _client.py:_send_single_request:1740 | HTTP Request: POST http://prefect-server:4200/api/work_pools/smarthub-pool/get_scheduled_flow_runs \"HTTP/1.1 200 OK\""}
{"ts": "2026-08-17T02:25:29.643968357Z", "container": "prefect-worker", "msg": "2026-08-17 02:25:29 | INFO  | _client.py:_send_single_request:1740 | HTTP Request: POST http://prefect-server:4200/api/work_pools/smarthub-pool/get_scheduled_flow_runs \"HTTP/1.1 200 OK\""}
{"ts": "2026-08-17T02:25:39.546717340Z", "container": "prefect-worker", "msg": "2026-08-17 02:25:39 | INFO  | _client.py:_send_single_request:1740 | HTTP Request: POST http://prefect-server:4200/api/work_pools/smarthub-pool/get_scheduled_flow_runs \"HTTP/1.1 200 OK\""}
{"ts": "2026-08-17T02:25:47.210061036Z", "container": "prefect-worker", "msg": "2026-08-17 02:25:47 | INFO  | _client.py:_send_single_request:1740 | HTTP Request: POST http://prefect-server:4200/api/work_pools/smarthub-pool/get_scheduled_flow_runs \"HTTP/1.1 200 OK\""}
{"ts": "2026-08-17T02:25:59.551542783Z", "container": "prefect-worker", "msg": "2026-08-17 02:25:59 | INFO  | _client.py:_send_single_request:1740 | HTTP Request: POST http://prefect-server:4200/api/work_pools/smarthub-pool/get_scheduled_flow_runs \"HTTP/1.1 200 OK\""}
{"ts": "2026-08-17T02:26:08.030838482Z", "container": "prefect-worker", "msg": "2026-08-17 02:26:08 | INFO  | _client.py:_send_single_request:1740 | HTTP Request: POST http://prefect-server:4200/api/work_pools/smarthub-pool/get_scheduled_flow_runs \"HTTP/1.1 200 OK\""}
{"ts": "2026-08-17T02:26:17.799682593Z", "container": "prefect-worker", "msg": "2026-08-17 02:26:17 | INFO  | _client.py:_send_single_request:1740 | HTTP Request: POST http://prefect-server:4200/api/work_pools/smarthub-pool/get_scheduled_flow_runs \"HTTP/1.1 200 OK\""}
{"ts": "2026-08-17T02:26:28.349871868Z", "container": "prefect-worker", "msg": "2026-08-17 02:26:28 | INFO  | _client.py:_send_single_request:1740 | HTTP Request: POST http://prefect-server:4200/api/work_pools/smarthub-pool/get_scheduled_flow_runs \"HTTP/1.1 200 OK\""}
{"ts": "2026-08-17T02:26:38.561676105Z", "container": "prefect-worker", "msg": "2026-08-17 02:26:38 | INFO  | _client.py:_send_single_request:1740 | HTTP Request: POST http://prefect-server:4200/api/work_pools/smarthub-pool/get_scheduled_flow_runs \"HTTP/1.1 200 OK\""}
{"ts": "2026-08-17T02:26:49.795073572Z", "container": "prefect-worker", "msg": "2026-08-17 02:26:49 | INFO  | _client.py:_send_single_request:1740 | HTTP Request: POST http://prefect-server:4200/api/work_pools/smarthub-pool/get_scheduled_flow_runs \"HTTP/1.1 200 OK\""}
{"ts": "2026-08-17T02:27:01.922375518Z", "container": "prefect-worker", "msg": "2026-08-17 02:27:01 | INFO  | _client.py:_send_single_request:1740 | HTTP Request: POST http://prefect-server:4200/api/work_pools/smarthub-pool/get_scheduled_flow_runs \"HTTP/1.1 200 OK\""}
{"ts": "2026-08-17T02:27:12.509123315Z", "container": "prefect-worker", "msg": "2026-08-17 02:27:12 | INFO  | _client.py:_send_single_request:1740 | HTTP Request: POST http://prefect-server:4200/api/work_pools/smarthub-pool/get_scheduled_flow_runs \"HTTP/1.1 200 OK\""}
{"ts": "2026-08-17T02:27:21.933336913Z", "container": "prefect-worker", "msg": "2026-08-17 02:27:21 | INFO  | _client.py:_send_single_request:1740 | HTTP Request: POST http://prefect-server:4200/api/work_pools/smarthub-pool/get_scheduled_flow_runs \"HTTP/1.1 200 OK\""}
{"ts": "2026-08-17T02:27:34.566854830Z", "container": "prefect-worker", "msg": "2026-08-17 02:27:34 | INFO  | _client.py:_send_single_request:1740 | HTTP Request: POST http://prefect-server:4200/api/work_pools/smarthub-pool/get_scheduled_flow_runs \"HTTP/1.1 200 OK\""}
{"ts": "2026-08-17T02:27:44.142076438Z", "container": "prefect-worker", "msg": "2026-08-17 02:27:44 | INFO  | _client.py:_send_single_request:1740 | HTTP Request: POST http://prefect-server:4200/api/work_pools/smarthub-pool/get_scheduled_flow_runs \"HTTP/1.1 200 OK\""}
{"ts": "2026-08-17T02:27:55.799331413Z", "container": "prefect-worker", "msg": "2026-08-17 02:27:55 | INFO  | _client.py:_send_single_request:1740 | HTTP Request: POST http://prefect-server:4200/api/work_pools/smarthub-pool/get_scheduled_flow_runs \"HTTP/1.1 200 OK\""}
{"ts": "2026-08-17T02:28:07.345161664Z", "container": "prefect-worker", "msg": "2026-08-17 02:28:07 | INFO  | _client.py:_send_single_request:1740 | HTTP Request: POST http://prefect-server:4200/api/work_pools/smarthub-pool/get_scheduled_flow_runs \"HTTP/1.1 200 OK\""}
{"ts": "2026-08-17T02:28:15.049876416Z", "container": "prefect-worker", "msg": "2026-08-17 02:28:15 | INFO  | _client.py:_send_single_request:1740 | HTTP Request: POST http://prefect-server:4200/api/work_pools/smarthub-pool/get_scheduled_flow_runs \"HTTP/1.1 200 OK\""}
{"ts": "2026-08-17T02:28:25.468234070Z", "container": "prefect-worker", "msg": "2026-08-17 02:28:25 | INFO  | _client.py:_send_single_request:1740 | HTTP Request: POST http://prefect-server:4200/api/work_pools/smarthub-pool/get_scheduled_flow_runs \"HTTP/1.1 200 OK\""}
{"ts": "2026-08-17T02:28:38.234033674Z", "container": "prefect-worker", "msg": "2026-08-17 02:28:38 | INFO  | _client.py:_send_single_request:1740 | HTTP Request: POST http://prefect-server:4200/api/work_pools/smarthub-pool/get_scheduled_flow_runs \"HTTP/1.1 200 OK\""}
{"ts": "2026-08-17T02:28:46.443639607Z", "container": "prefect-worker", "msg": "2026-08-17 02:28:46 | INFO  | _client.py:_send_single_request:1740 | HTTP Request: POST http://prefect-server:4200/api/work_pools/smarthub-pool/get_scheduled_flow_runs \"HTTP/1.1 200 OK\""}
{"ts": "2026-08-17T02:28:55.363229218Z", "container": "prefect-worker", "msg": "2026-08-17 02:28:55 | INFO  | _client.py:_send_single_request:1740 | HTTP Request: POST http://prefect-server:4200/api/work_pools/smarthub-pool/get_scheduled_flow_runs \"HTTP/1.1 200 OK\""}
{"ts": "2026-08-17T02:29:03.296736538Z", "container": "prefect-worker", "msg": "2026-08-17 02:29:03 | INFO  | _client.py:_send_single_request:1740 | HTTP Request: POST http://prefect-server:4200/api/work_pools/smarthub-pool/get_scheduled_flow_runs \"HTTP/1.1 200 OK\""}
{"ts": "2026-08-17T02:29:15.834778004Z", "container": "prefect-worker", "msg": "2026-08-17 02:29:15 | INFO  | _client.py:_send_single_request:1740 | HTTP Request: POST http://prefect-server:4200/api/work_pools/smarthub-pool/get_scheduled_flow_runs \"HTTP/1.1 200 OK\""}
{"ts": "2026-08-17T02:29:27.107930560Z", "container": "prefect-worker", "msg": "2026-08-17 02:29:27 | INFO  | _client.py:_send_single_request:1740 | HTTP Request: POST http://prefect-server:4200/api/work_pools/smarthub-pool/get_scheduled_flow_runs \"HTTP/1.1 200 OK\""}
{"ts": "2026-08-17T02:29:35.732690659Z", "container": "prefect-worker", "msg": "2026-08-17 02:29:35 | INFO  | _client.py:_send_single_request:1740 | HTTP Request: POST http://prefect-server:4200/api/work_pools/smarthub-pool/get_scheduled_flow_runs \"HTTP/1.1 200 OK\""}
{"ts": "2026-08-17T02:29:47.097827782Z", "container": "prefect-worker", "msg": "2026-08-17 02:29:47 | INFO  | _client.py:_send_single_request:1740 | HTTP Request: POST http://prefect-server:4200/api/work_pools/smarthub-pool/get_scheduled_flow_runs \"HTTP/1.1 200 OK\""}
{"ts": "2026-08-17T02:29:55.392474493Z", "container": "prefect-worker", "msg": "2026-08-17 02:29:55 | INFO  | _client.py:_send_single_request:1740 | HTTP Request: POST http://prefect-server:4200/api/work_pools/smarthub-pool/get_scheduled_flow_runs \"HTTP/1.1 200 OK\""}
{"ts": "2026-08-17T02:30:07.286000673Z", "container": "prefect-worker", "msg": "2026-08-17 02:30:07 | INFO  | _client.py:_send_single_request:1740 | HTTP Request: POST http://prefect-server:4200/api/work_pools/smarthub-pool/get_scheduled_flow_runs \"HTTP/1.1 200 OK\""}
{"ts": "2026-08-17T02:30:15.196590128Z", "container": "prefect-worker", "msg": "2026-08-17 02:30:15 | INFO  | _client.py:_send_single_request:1740 | HTTP Request: POST http://prefect-server:4200/api/work_pools/smarthub-pool/get_scheduled_flow_runs \"HTTP/1.1 200 OK\""}
{"ts": "2026-08-17T02:30:25.291727124Z", "container": "prefect-worker", "msg": "2026-08-17 02:30:25 | INFO  | _client.py:_send_single_request:1740 | HTTP Request: POST http://prefect-server:4200/api/work_pools/smarthub-pool/get_scheduled_flow_runs \"HTTP/1.1 200 OK\""}
{"ts": "2026-08-17T02:30:35.461746692Z", "container": "prefect-worker", "msg": "2026-08-17 02:30:35 | INFO  | _client.py:_send_single_request:1740 | HTTP Request: POST http://prefect-server:4200/api/work_pools/smarthub-pool/get_scheduled_flow_runs \"HTTP/1.1 200 OK\""}
{"ts": "2026-08-17T02:30:43.618982333Z", "container": "prefect-worker", "msg": "2026-08-17 02:30:43 | INFO  | _client.py:_send_single_request:1740 | HTTP Request: POST http://prefect-server:4200/api/work_pools/smarthub-pool/get_scheduled_flow_runs \"HTTP/1.1 200 OK\""}
{"ts": "2026-08-17T02:30:54.230025598Z", "container": "prefect-worker", "msg": "2026-08-17 02:30:54 | INFO  | _client.py:_send_single_request:1740 | HTTP Request: POST http://prefect-server:4200/api/work_pools/smarthub-pool/get_scheduled_flow_runs \"HTTP/1.1 200 OK\""}
{"ts": "2026-08-17T02:31:05.373153155Z", "container": "prefect-worker", "msg": "2026-08-17 02:31:05 | INFO  | _client.py:_send_single_request:1740 | HTTP Request: POST http://prefect-server:4200/api/work_pools/smarthub-pool/get_scheduled_flow_runs \"HTTP/1.1 200 OK\""}
{"ts": "2026-08-17T02:31:17.141709514Z", "container": "prefect-worker", "msg": "2026-08-17 02:31:17 | INFO  | _client.py:_send_single_request:1740 | HTTP Request: POST http://prefect-server:4200/api/work_pools/smarthub-pool/get_scheduled_flow_runs \"HTTP/1.1 200 OK\""}
{"ts": "2026-08-17T02:31:27.494663985Z", "container": "prefect-worker", "msg": "2026-08-17 02:31:27 | INFO  | _client.py:_send_single_request:1740 | HTTP Request: POST http://prefect-server:4200/api/work_pools/smarthub-pool/get_scheduled_flow_runs \"HTTP/1.1 200 OK\""}
{"ts": "2026-08-17T02:31:40.282020227Z", "container": "prefect-worker", "msg": "2026-08-17 02:31:40 | INFO  | _client.py:_send_single_request:1740 | HTTP Request: POST http://prefect-server:4200/api/work_pools/smarthub-pool/get_scheduled_flow_runs \"HTTP/1.1 200 OK\""}
{"ts": "2026-08-17T02:31:49.409576574Z", "container": "prefect-worker", "msg": "2026-08-17 02:31:49 | INFO  | _client.py:_send_single_request:1740 | HTTP Request: POST http://prefect-server:4200/api/work_pools/smarthub-pool/get_scheduled_flow_runs \"HTTP/1.1 200 OK\""}
{"ts": "2026-08-17T02:31:57.691657114Z", "container": "prefect-worker", "msg": "2026-08-17 02:31:57 | INFO  | _client.py:_send_single_request:1740 | HTTP Request: POST http://prefect-server:4200/api/work_pools/smarthub-pool/get_scheduled_flow_runs \"HTTP/1.1 200 OK\""}
{"ts": "2026-08-17T02:32:06.349964641Z", "container": "prefect-worker", "msg": "2026-08-17 02:32:06 | INFO  | _client.py:_send_single_request:1740 | HTTP Request: POST http://prefect-server:4200/api/work_pools/smarthub-pool/get_scheduled_flow_runs \"HTTP/1.1 200 OK\""}
{"ts": "2026-08-17T02:32:16.940113488Z", "container": "prefect-worker", "msg": "2026-08-17 02:32:16 | INFO  | _client.py:_send_single_request:1740 | HTTP Request: POST http://prefect-server:4200/api/work_pools/smarthub-pool/get_scheduled_flow_runs \"HTTP/1.1 200 OK\""}
{"ts": "2026-08-17T02:32:27.677855228Z", "container": "prefect-worker", "msg": "2026-08-17 02:32:27 | INFO  | _client.py:_send_single_request:1740 | HTTP Request: POST http://prefect-server:4200/api/work_pools/smarthub-pool/get_scheduled_flow_runs \"HTTP/1.1 200 OK\""}
{"ts": "2026-08-17T02:32:35.864794049Z", "container": "prefect-worker", "msg": "2026-08-17 02:32:35 | INFO  | _client.py:_send_single_request:1740 | HTTP Request: POST http://prefect-server:4200/api/work_pools/smarthub-pool/get_scheduled_flow_runs \"HTTP/1.1 200 OK\""}
{"ts": "2026-08-17T02:32:48.589357539Z", "container": "prefect-worker", "msg": "2026-08-17 02:32:48 | INFO  | _client.py:_send_single_request:1740 | HTTP Request: POST http://prefect-server:4200/api/work_pools/smarthub-pool/get_scheduled_flow_runs \"HTTP/1.1 200 OK\""}
{"ts": "2026-08-17T02:32:57.161449589Z", "container": "prefect-worker", "msg": "2026-08-17 02:32:57 | INFO  | _client.py:_send_single_request:1740 | HTTP Request: POST http://prefect-server:4200/api/work_pools/smarthub-pool/get_scheduled_flow_runs \"HTTP/1.1 200 OK\""}
{"ts": "2026-08-17T02:33:09.233739564Z", "container": "prefect-worker", "msg": "2026-08-17 02:33:09 | INFO  | _client.py:_send_single_request:1740 | HTTP Request: POST http://prefect-server:4200/api/work_pools/smarthub-pool/get_scheduled_flow_runs \"HTTP/1.1 200 OK\""}
{"ts": "2026-08-17T02:33:18.117188177Z", "container": "prefect-worker", "msg": "2026-08-17 02:33:18 | INFO  | _client.py:_send_single_request:1740 | HTTP Request: POST http://prefect-server:4200/api/work_pools/smarthub-pool/get_scheduled_flow_runs \"HTTP/1.1 200 OK\""}
{"ts": "2026-08-17T02:33:27.621265664Z", "container": "prefect-worker", "msg": "2026-08-17 02:33:27 | INFO  | _client.py:_send_single_request:1740 | HTTP Request: POST http://prefect-server:4200/api/work_pools/smarthub-pool/get_scheduled_flow_runs \"HTTP/1.1 200 OK\""}
{"ts": "2026-08-17T02:33:39.738100261Z", "container": "prefect-worker", "msg": "2026-08-17 02:33:39 | INFO  | _client.py:_send_single_request:1740 | HTTP Request: POST http://prefect-server:4200/api/work_pools/smarthub-pool/get_scheduled_flow_runs \"HTTP/1.1 200 OK\""}
{"ts": "2026-08-17T02:33:49.143748638Z", "container": "prefect-worker", "msg": "2026-08-17 02:33:49 | INFO  | _client.py:_send_single_request:1740 | HTTP Request: POST http://prefect-server:4200/api/work_pools/smarthub-pool/get_scheduled_flow_runs \"HTTP/1.1 200 OK\""}
{"ts": "2026-08-17T02:33:58.129363948Z", "container": "prefect-worker", "msg": "2026-08-17 02:33:58 | INFO  | _client.py:_send_single_request:1740 | HTTP Request: POST http://prefect-server:4200/api/work_pools/smarthub-pool/get_scheduled_flow_runs \"HTTP/1.1 200 OK\""}
{"ts": "2026-08-17T02:34:07.342077871Z", "container": "prefect-worker", "msg": "2026-08-17 02:34:07 | INFO  | _client.py:_send_single_request:1740 | HTTP Request: POST http://prefect-server:4200/api/work_pools/smarthub-pool/get_scheduled_flow_runs \"HTTP/1.1 200 OK\""}
{"ts": "2026-08-17T02:34:17.713996171Z", "container": "prefect-worker", "msg": "2026-08-17 02:34:17 | INFO  | _client.py:_send_single_request:1740 | HTTP Request: POST http://prefect-server:4200/api/work_pools/smarthub-pool/get_scheduled_flow_runs \"HTTP/1.1 200 OK\""}
{"ts": "2026-08-17T02:34:29.889478335Z", "container": "prefect-worker", "msg": "2026-08-17 02:34:29 | INFO  | _client.py:_send_single_request:1740 | HTTP Request: POST http://prefect-server:4200/api/work_pools/smarthub-pool/get_scheduled_flow_runs \"HTTP/1.1 200 OK\""}
{"ts": "2026-08-17T02:34:37.501826959Z", "container": "prefect-worker", "msg": "2026-08-17 02:34:37 | INFO  | _client.py:_send_single_request:1740 | HTTP Request: POST http://prefect-server:4200/api/work_pools/smarthub-pool/get_scheduled_flow_runs \"HTTP/1.1 200 OK\""}
{"ts": "2026-08-17T02:34:45.106108457Z", "container": "prefect-worker", "msg": "2026-08-17 02:34:45 | INFO  | _client.py:_send_single_request:1740 | HTTP Request: POST http://prefect-server:4200/api/work_pools/smarthub-pool/get_scheduled_flow_runs \"HTTP/1.1 200 OK\""}
{"ts": "2026-08-17T02:34:54.232706336Z", "container": "prefect-worker", "msg": "2026-08-17 02:34:54 | INFO  | _client.py:_send_single_request:1740 | HTTP Request: POST http://prefect-server:4200/api/work_pools/smarthub-pool/get_scheduled_flow_runs \"HTTP/1.1 200 OK\""}
{"ts": "2026-08-17T02:35:02.465484438Z", "container": "prefect-worker", "msg": "2026-08-17 02:35:02 | INFO  | _client.py:_send_single_request:1740 | HTTP Request: POST http://prefect-server:4200/api/work_pools/smarthub-pool/get_scheduled_flow_runs \"HTTP/1.1 200 OK\""}
{"ts": "2026-08-17T02:35:10.005641509Z", "container": "prefect-worker", "msg": "2026-08-17 02:35:10 | INFO  | _client.py:_send_single_request:1740 | HTTP Request: POST http://prefect-server:4200/api/work_pools/smarthub-pool/get_scheduled_flow_runs \"HTTP/1.1 200 OK\""}
{"ts": "2026-08-17T02:35:19.845567595Z", "container": "prefect-worker", "msg": "2026-08-17 02:35:19 | INFO  | _client.py:_send_single_request:1740 | HTTP Request: POST http://prefect-server:4200/api/work_pools/smarthub-pool/get_scheduled_flow_runs \"HTTP/1.1 200 OK\""}
{"ts": "2026-08-17T02:35:27.745171749Z", "container": "prefect-worker", "msg": "2026-08-17 02:35:27 | INFO  | _client.py:_send_single_request:1740 | HTTP Request: POST http://prefect-server:4200/api/work_pools/smarthub-pool/get_scheduled_flow_runs \"HTTP/1.1 200 OK\""}
{"ts": "2026-08-17T02:35:36.129084346Z", "container": "prefect-worker", "msg": "2026-08-17 02:35:36 | INFO  | _client.py:_send_single_request:1740 | HTTP Request: POST http://prefect-server:4200/api/work_pools/smarthub-pool/get_scheduled_flow_runs \"HTTP/1.1 200 OK\""}
{"ts": "2026-08-17T02:35:47.226002179Z", "container": "prefect-worker", "msg": "2026-08-17 02:35:47 | INFO  | _client.py:_send_single_request:1740 | HTTP Request: POST http://prefect-server:4200/api/work_pools/smarthub-pool/get_scheduled_flow_runs \"HTTP/1.1 200 OK\""}
{"ts": "2026-08-17T02:35:57.005812408Z", "container": "prefect-worker", "msg": "2026-08-17 02:35:57 | INFO  | _client.py:_send_single_request:1740 | HTTP Request: POST http://prefect-server:4200/api/work_pools/smarthub-pool/get_scheduled_flow_runs \"HTTP/1.1 200 OK\""}
{"ts": "2026-08-17T02:36:06.717496229Z", "container": "prefect-worker", "msg": "2026-08-17 02:36:06 | INFO  | _client.py:_send_single_request:1740 | HTTP Request: POST http://prefect-server:4200/api/work_pools/smarthub-pool/get_scheduled_flow_runs \"HTTP/1.1 200 OK\""}
{"ts": "2026-08-17T02:36:19.582126507Z", "container": "prefect-worker", "msg": "2026-08-17 02:36:19 | INFO  | _client.py:_send_single_request:1740 | HTTP Request: POST http://prefect-server:4200/api/work_pools/smarthub-pool/get_scheduled_flow_runs \"HTTP/1.1 200 OK\""}
{"ts": "2026-08-17T02:36:30.093342840Z", "container": "prefect-worker", "msg": "2026-08-17 02:36:30 | INFO  | _client.py:_send_single_request:1740 | HTTP Request: POST http://prefect-server:4200/api/work_pools/smarthub-pool/get_scheduled_flow_runs \"HTTP/1.1 200 OK\""}
{"ts": "2026-08-17T02:36:40.829494565Z", "container": "prefect-worker", "msg": "2026-08-17 02:36:40 | INFO  | _client.py:_send_single_request:1740 | HTTP Request: POST http://prefect-server:4200/api/work_pools/smarthub-pool/get_scheduled_flow_runs \"HTTP/1.1 200 OK\""}
{"ts": "2026-08-17T02:36:49.297844586Z", "container": "prefect-worker", "msg": "2026-08-17 02:36:49 | INFO  | _client.py:_send_single_request:1740 | HTTP Request: POST http://prefect-server:4200/api/work_pools/smarthub-pool/get_scheduled_flow_runs \"HTTP/1.1 200 OK\""}
{"ts": "2026-08-17T02:36:59.393637012Z", "container": "prefect-worker", "msg": "2026-08-17 02:36:59 | INFO  | _client.py:_send_single_request:1740 | HTTP Request: POST http://prefect-server:4200/api/work_pools/smarthub-pool/get_scheduled_flow_runs \"HTTP/1.1 200 OK\""}
{"ts": "2026-08-17T02:37:07.617111652Z", "container": "prefect-worker", "msg": "2026-08-17 02:37:07 | INFO  | _client.py:_send_single_request:1740 | HTTP Request: POST http://prefect-server:4200/api/work_pools/smarthub-pool/get_scheduled_flow_runs \"HTTP/1.1 200 OK\""}
{"ts": "2026-08-17T02:37:15.645845694Z", "container": "prefect-worker", "msg": "2026-08-17 02:37:15 | INFO  | _client.py:_send_single_request:1740 | HTTP Request: POST http://prefect-server:4200/api/work_pools/smarthub-pool/get_scheduled_flow_runs \"HTTP/1.1 200 OK\""}
{"ts": "2026-08-17T02:37:23.221529334Z", "container": "prefect-worker", "msg": "2026-08-17 02:37:23 | INFO  | _client.py:_send_single_request:1740 | HTTP Request: POST http://prefect-server:4200/api/work_pools/smarthub-pool/get_scheduled_flow_runs \"HTTP/1.1 200 OK\""}
{"ts": "2026-08-17T02:37:34.778195364Z", "container": "prefect-worker", "msg": "2026-08-17 02:37:34 | INFO  | _client.py:_send_single_request:1740 | HTTP Request: POST http://prefect-server:4200/api/work_pools/smarthub-pool/get_scheduled_flow_runs \"HTTP/1.1 200 OK\""}
{"ts": "2026-08-17T02:37:43.954178630Z", "container": "prefect-worker", "msg": "2026-08-17 02:37:43 | INFO  | _client.py:_send_single_request:1740 | HTTP Request: POST http://prefect-server:4200/api/work_pools/smarthub-pool/get_scheduled_flow_runs \"HTTP/1.1 200 OK\""}
{"ts": "2026-08-17T02:37:54.760643690Z", "container": "prefect-worker", "msg": "2026-08-17 02:37:54 | INFO  | _client.py:_send_single_request:1740 | HTTP Request: POST http://prefect-server:4200/api/work_pools/smarthub-pool/get_scheduled_flow_runs \"HTTP/1.1 200 OK\""}
{"ts": "2026-08-17T02:38:07.201907532Z", "container": "prefect-worker", "msg": "2026-08-17 02:38:07 | INFO  | _client.py:_send_single_request:1740 | HTTP Request: POST http://prefect-server:4200/api/work_pools/smarthub-pool/get_scheduled_flow_runs \"HTTP/1.1 200 OK\""}
{"ts": "2026-08-17T02:38:16.299632504Z", "container": "prefect-worker", "msg": "2026-08-17 02:38:16 | INFO  | _client.py:_send_single_request:1740 | HTTP Request: POST http://prefect-server:4200/api/work_pools/smarthub-pool/get_scheduled_flow_runs \"HTTP/1.1 200 OK\""}
{"ts": "2026-08-17T02:38:28.156352949Z", "container": "prefect-worker", "msg": "2026-08-17 02:38:28 | INFO  | _client.py:_send_single_request:1740 | HTTP Request: POST http://prefect-server:4200/api/work_pools/smarthub-pool/get_scheduled_flow_runs \"HTTP/1.1 200 OK\""}
{"ts": "2026-08-17T02:38:36.995462241Z", "container": "prefect-worker", "msg": "2026-08-17 02:38:36 | INFO  | _client.py:_send_single_request:1740 | HTTP Request: POST http://prefect-server:4200/api/work_pools/smarthub-pool/get_scheduled_flow_runs \"HTTP/1.1 200 OK\""}
{"ts": "2026-08-17T02:38:45.938333578Z", "container": "prefect-worker", "msg": "2026-08-17 02:38:45 | INFO  | _client.py:_send_single_request:1740 | HTTP Request: POST http://prefect-server:4200/api/work_pools/smarthub-pool/get_scheduled_flow_runs \"HTTP/1.1 200 OK\""}
{"ts": "2026-08-17T02:38:56.615981426Z", "container": "prefect-worker", "msg": "2026-08-17 02:38:56 | INFO  | _client.py:_send_single_request:1740 | HTTP Request: POST http://prefect-server:4200/api/work_pools/smarthub-pool/get_scheduled_flow_runs \"HTTP/1.1 200 OK\""}
{"ts": "2026-08-17T02:39:06.133133840Z", "container": "prefect-worker", "msg": "2026-08-17 02:39:06 | INFO  | _client.py:_send_single_request:1740 | HTTP Request: POST http://prefect-server:4200/api/work_pools/smarthub-pool/get_scheduled_flow_runs \"HTTP/1.1 200 OK\""}
{"ts": "2026-08-17T02:39:13.785358370Z", "container": "prefect-worker", "msg": "2026-08-17 02:39:13 | INFO  | _client.py:_send_single_request:1740 | HTTP Request: POST http://prefect-server:4200/api/work_pools/smarthub-pool/get_scheduled_flow_runs \"HTTP/1.1 200 OK\""}
{"ts": "2026-08-17T02:39:26.585794941Z", "container": "prefect-worker", "msg": "2026-08-17 02:39:26 | INFO  | _client.py:_send_single_request:1740 | HTTP Request: POST http://prefect-server:4200/api/work_pools/smarthub-pool/get_scheduled_flow_runs \"HTTP/1.1 200 OK\""}
{"ts": "2026-08-17T02:39:36.736536679Z", "container": "prefect-worker", "msg": "2026-08-17 02:39:36 | INFO  | _client.py:_send_single_request:1740 | HTTP Request: POST http://prefect-server:4200/api/work_pools/smarthub-pool/get_scheduled_flow_runs \"HTTP/1.1 200 OK\""}
{"ts": "2026-08-17T02:39:44.809053364Z", "container": "prefect-worker", "msg": "2026-08-17 02:39:44 | INFO  | _client.py:_send_single_request:1740 | HTTP Request: POST http://prefect-server:4200/api/work_pools/smarthub-pool/get_scheduled_flow_runs \"HTTP/1.1 200 OK\""}
{"ts": "2026-08-17T02:39:52.605369323Z", "container": "prefect-worker", "msg": "2026-08-17 02:39:52 | INFO  | _client.py:_send_single_request:1740 | HTTP Request: POST http://prefect-server:4200/api/work_pools/smarthub-pool/get_scheduled_flow_runs \"HTTP/1.1 200 OK\""}
{"ts": "2026-08-17T02:40:02.218259717Z", "container": "prefect-worker", "msg": "2026-08-17 02:40:02 | INFO  | _client.py:_send_single_request:1740 | HTTP Request: POST http://prefect-server:4200/api/work_pools/smarthub-pool/get_scheduled_flow_runs \"HTTP/1.1 200 OK\""}
{"ts": "2026-08-17T02:40:11.322725450Z", "container": "prefect-worker", "msg": "2026-08-17 02:40:11 | INFO  | _client.py:_send_single_request:1740 | HTTP Request: POST http://prefect-server:4200/api/work_pools/smarthub-pool/get_scheduled_flow_runs \"HTTP/1.1 200 OK\""}
{"ts": "2026-08-17T02:40:23.841473503Z", "container": "prefect-worker", "msg": "2026-08-17 02:40:23 | INFO  | _client.py:_send_single_request:1740 | HTTP Request: POST http://prefect-server:4200/api/work_pools/smarthub-pool/get_scheduled_flow_runs \"HTTP/1.1 200 OK\""}
{"ts": "2026-08-17T02:40:31.726219499Z", "container": "prefect-worker", "msg": "2026-08-17 02:40:31 | INFO  | _client.py:_send_single_request:1740 | HTTP Request: POST http://prefect-server:4200/api/work_pools/smarthub-pool/get_scheduled_flow_runs \"HTTP/1.1 200 OK\""}
{"ts": "2026-08-17T02:40:43.160095014Z", "container": "prefect-worker", "msg": "2026-08-17 02:40:43 | INFO  | _client.py:_send_single_request:1740 | HTTP Request: POST http://prefect-server:4200/api/work_pools/smarthub-pool/get_scheduled_flow_runs \"HTTP/1.1 200 OK\""}
{"ts": "2026-08-17T02:40:54.360224806Z", "container": "prefect-worker", "msg": "2026-08-17 02:40:54 | INFO  | _client.py:_send_single_request:1740 | HTTP Request: POST http://prefect-server:4200/api/work_pools/smarthub-pool/get_scheduled_flow_runs \"HTTP/1.1 200 OK\""}
{"ts": "2026-08-17T02:41:04.186469662Z", "container": "prefect-worker", "msg": "2026-08-17 02:41:04 | INFO  | _client.py:_send_single_request:1740 | HTTP Request: POST http://prefect-server:4200/api/work_pools/smarthub-pool/get_scheduled_flow_runs \"HTTP/1.1 200 OK\""}
{"ts": "2026-08-17T02:41:15.607331489Z", "container": "prefect-worker", "msg": "2026-08-17 02:41:15 | INFO  | _client.py:_send_single_request:1740 | HTTP Request: POST http://prefect-server:4200/api/work_pools/smarthub-pool/get_scheduled_flow_runs \"HTTP/1.1 200 OK\""}
{"ts": "2026-08-17T02:41:23.241212100Z", "container": "prefect-worker", "msg": "2026-08-17 02:41:23 | INFO  | _client.py:_send_single_request:1740 | HTTP Request: POST http://prefect-server:4200/api/work_pools/smarthub-pool/get_scheduled_flow_runs \"HTTP/1.1 200 OK\""}
{"ts": "2026-08-17T02:41:33.865666765Z", "container": "prefect-worker", "msg": "2026-08-17 02:41:33 | INFO  | _client.py:_send_single_request:1740 | HTTP Request: POST http://prefect-server:4200/api/work_pools/smarthub-pool/get_scheduled_flow_runs \"HTTP/1.1 200 OK\""}
{"ts": "2026-08-17T02:41:46.703989205Z", "container": "prefect-worker", "msg": "2026-08-17 02:41:46 | INFO  | _client.py:_send_single_request:1740 | HTTP Request: POST http://prefect-server:4200/api/work_pools/smarthub-pool/get_scheduled_flow_runs \"HTTP/1.1 200 OK\""}
{"ts": "2026-08-17T02:41:56.693430959Z", "container": "prefect-worker", "msg": "2026-08-17 02:41:56 | INFO  | _client.py:_send_single_request:1740 | HTTP Request: POST http://prefect-server:4200/api/work_pools/smarthub-pool/get_scheduled_flow_runs \"HTTP/1.1 200 OK\""}
{"ts": "2026-08-17T02:42:06.609897070Z", "container": "prefect-worker", "msg": "2026-08-17 02:42:06 | INFO  | _client.py:_send_single_request:1740 | HTTP Request: POST http://prefect-server:4200/api/work_pools/smarthub-pool/get_scheduled_flow_runs \"HTTP/1.1 200 OK\""}
{"ts": "2026-08-17T02:42:19.294824641Z", "container": "prefect-worker", "msg": "2026-08-17 02:42:19 | INFO  | _client.py:_send_single_request:1740 | HTTP Request: POST http://prefect-server:4200/api/work_pools/smarthub-pool/get_scheduled_flow_runs \"HTTP/1.1 200 OK\""}
{"ts": "2026-08-17T02:42:32.076000431Z", "container": "prefect-worker", "msg": "2026-08-17 02:42:32 | INFO  | _client.py:_send_single_request:1740 | HTTP Request: POST http://prefect-server:4200/api/work_pools/smarthub-pool/get_scheduled_flow_runs \"HTTP/1.1 200 OK\""}
{"ts": "2026-08-17T02:42:44.089025703Z", "container": "prefect-worker", "msg": "2026-08-17 02:42:44 | INFO  | _client.py:_send_single_request:1740 | HTTP Request: POST http://prefect-server:4200/api/work_pools/smarthub-pool/get_scheduled_flow_runs \"HTTP/1.1 200 OK\""}
{"ts": "2026-08-17T02:42:54.661141848Z", "container": "prefect-worker", "msg": "2026-08-17 02:42:54 | INFO  | _client.py:_send_single_request:1740 | HTTP Request: POST http://prefect-server:4200/api/work_pools/smarthub-pool/get_scheduled_flow_runs \"HTTP/1.1 200 OK\""}
{"ts": "2026-08-17T02:43:06.393008234Z", "container": "prefect-worker", "msg": "2026-08-17 02:43:06 | INFO  | _client.py:_send_single_request:1740 | HTTP Request: POST http://prefect-server:4200/api/work_pools/smarthub-pool/get_scheduled_flow_runs \"HTTP/1.1 200 OK\""}
{"ts": "2026-08-17T02:43:16.741729402Z", "container": "prefect-worker", "msg": "2026-08-17 02:43:16 | INFO  | _client.py:_send_single_request:1740 | HTTP Request: POST http://prefect-server:4200/api/work_pools/smarthub-pool/get_scheduled_flow_runs \"HTTP/1.1 200 OK\""}
{"ts": "2026-08-17T02:43:27.266723596Z", "container": "prefect-worker", "msg": "2026-08-17 02:43:27 | INFO  | _client.py:_send_single_request:1740 | HTTP Request: POST http://prefect-server:4200/api/work_pools/smarthub-pool/get_scheduled_flow_runs \"HTTP/1.1 200 OK\""}
{"ts": "2026-08-17T02:43:34.877877857Z", "container": "prefect-worker", "msg": "2026-08-17 02:43:34 | INFO  | _client.py:_send_single_request:1740 | HTTP Request: POST http://prefect-server:4200/api/work_pools/smarthub-pool/get_scheduled_flow_runs \"HTTP/1.1 200 OK\""}
{"ts": "2026-08-17T02:43:46.276766644Z", "container": "prefect-worker", "msg": "2026-08-17 02:43:46 | INFO  | _client.py:_send_single_request:1740 | HTTP Request: POST http://prefect-server:4200/api/work_pools/smarthub-pool/get_scheduled_flow_runs \"HTTP/1.1 200 OK\""}
{"ts": "2026-08-17T02:43:55.093818547Z", "container": "prefect-worker", "msg": "2026-08-17 02:43:55 | INFO  | _client.py:_send_single_request:1740 | HTTP Request: POST http://prefect-server:4200/api/work_pools/smarthub-pool/get_scheduled_flow_runs \"HTTP/1.1 200 OK\""}
{"ts": "2026-08-17T02:44:05.335282610Z", "container": "prefect-worker", "msg": "2026-08-17 02:44:05 | INFO  | _client.py:_send_single_request:1740 | HTTP Request: POST http://prefect-server:4200/api/work_pools/smarthub-pool/get_scheduled_flow_runs \"HTTP/1.1 200 OK\""}
{"ts": "2026-08-17T02:44:15.392114995Z", "container": "prefect-worker", "msg": "2026-08-17 02:44:15 | INFO  | _client.py:_send_single_request:1740 | HTTP Request: POST http://prefect-server:4200/api/work_pools/smarthub-pool/get_scheduled_flow_runs \"HTTP/1.1 200 OK\""}
{"ts": "2026-08-17T02:44:28.389393000Z", "container": "prefect-worker", "msg": "2026-08-17 02:44:28 | INFO  | _client.py:_send_single_request:1740 | HTTP Request: POST http://prefect-server:4200/api/work_pools/smarthub-pool/get_scheduled_flow_runs \"HTTP/1.1 200 OK\""}
{"ts": "2026-08-17T02:44:35.929010664Z", "container": "prefect-worker", "msg": "2026-08-17 02:44:35 | INFO  | _client.py:_send_single_request:1740 | HTTP Request: POST http://prefect-server:4200/api/work_pools/smarthub-pool/get_scheduled_flow_runs \"HTTP/1.1 200 OK\""}
{"ts": "2026-08-17T02:44:48.128845626Z", "container": "prefect-worker", "msg": "2026-08-17 02:44:48 | INFO  | _client.py:_send_single_request:1740 | HTTP Request: POST http://prefect-server:4200/api/work_pools/smarthub-pool/get_scheduled_flow_runs \"HTTP/1.1 200 OK\""}
{"ts": "2026-08-17T02:44:57.972873761Z", "container": "prefect-worker", "msg": "2026-08-17 02:44:57 | INFO  | _client.py:_send_single_request:1740 | HTTP Request: POST http://prefect-server:4200/api/work_pools/smarthub-pool/get_scheduled_flow_runs \"HTTP/1.1 200 OK\""}
{"ts": "2026-08-17T02:45:08.727203162Z", "container": "prefect-worker", "msg": "2026-08-17 02:45:08 | INFO  | _client.py:_send_single_request:1740 | HTTP Request: POST http://prefect-server:4200/api/work_pools/smarthub-pool/get_scheduled_flow_runs \"HTTP/1.1 200 OK\""}
{"ts": "2026-08-17T02:45:16.725713647Z", "container": "prefect-worker", "msg": "2026-08-17 02:45:16 | INFO  | _client.py:_send_single_request:1740 | HTTP Request: POST http://prefect-server:4200/api/work_pools/smarthub-pool/get_scheduled_flow_runs \"HTTP/1.1 200 OK\""}
{"ts": "2026-08-17T02:45:27.194100094Z", "container": "prefect-worker", "msg": "2026-08-17 02:45:27 | INFO  | _client.py:_send_single_request:1740 | HTTP Request: POST http://prefect-server:4200/api/work_pools/smarthub-pool/get_scheduled_flow_runs \"HTTP/1.1 200 OK\""}
{"ts": "2026-08-17T02:45:36.593603647Z", "container": "prefect-worker", "msg": "2026-08-17 02:45:36 | INFO  | _client.py:_send_single_request:1740 | HTTP Request: POST http://prefect-server:4200/api/work_pools/smarthub-pool/get_scheduled_flow_runs \"HTTP/1.1 200 OK\""}
{"ts": "2026-08-17T02:45:45.206989375Z", "container": "prefect-worker", "msg": "2026-08-17 02:45:45 | INFO  | _client.py:_send_single_request:1740 | HTTP Request: POST http://prefect-server:4200/api/work_pools/smarthub-pool/get_scheduled_flow_runs \"HTTP/1.1 200 OK\""}
{"ts": "2026-08-17T02:45:53.100792979Z", "container": "prefect-worker", "msg": "2026-08-17 02:45:53 | INFO  | _client.py:_send_single_request:1740 | HTTP Request: POST http://prefect-server:4200/api/work_pools/smarthub-pool/get_scheduled_flow_runs \"HTTP/1.1 200 OK\""}
{"ts": "2026-08-17T02:46:01.183085443Z", "container": "prefect-worker", "msg": "2026-08-17 02:46:01 | INFO  | _client.py:_send_single_request:1740 | HTTP Request: POST http://prefect-server:4200/api/work_pools/smarthub-pool/get_scheduled_flow_runs \"HTTP/1.1 200 OK\""}
{"ts": "2026-08-17T02:46:13.302345476Z", "container": "prefect-worker", "msg": "2026-08-17 02:46:13 | INFO  | _client.py:_send_single_request:1740 | HTTP Request: POST http://prefect-server:4200/api/work_pools/smarthub-pool/get_scheduled_flow_runs \"HTTP/1.1 200 OK\""}
{"ts": "2026-08-17T02:46:26.269188153Z", "container": "prefect-worker", "msg": "2026-08-17 02:46:26 | INFO  | _client.py:_send_single_request:1740 | HTTP Request: POST http://prefect-server:4200/api/work_pools/smarthub-pool/get_scheduled_flow_runs \"HTTP/1.1 200 OK\""}
{"ts": "2026-08-17T02:46:38.210003624Z", "container": "prefect-worker", "msg": "2026-08-17 02:46:38 | INFO  | _client.py:_send_single_request:1740 | HTTP Request: POST http://prefect-server:4200/api/work_pools/smarthub-pool/get_scheduled_flow_runs \"HTTP/1.1 200 OK\""}
{"ts": "2026-08-17T02:46:47.516899896Z", "container": "prefect-worker", "msg": "2026-08-17 02:46:47 | INFO  | _client.py:_send_single_request:1740 | HTTP Request: POST http://prefect-server:4200/api/work_pools/smarthub-pool/get_scheduled_flow_runs \"HTTP/1.1 200 OK\""}
{"ts": "2026-08-17T02:46:57.873913855Z", "container": "prefect-worker", "msg": "2026-08-17 02:46:57 | INFO  | _client.py:_send_single_request:1740 | HTTP Request: POST http://prefect-server:4200/api/work_pools/smarthub-pool/get_scheduled_flow_runs \"HTTP/1.1 200 OK\""}
{"ts": "2026-08-17T02:47:10.333669221Z", "container": "prefect-worker", "msg": "2026-08-17 02:47:10 | INFO  | _client.py:_send_single_request:1740 | HTTP Request: POST http://prefect-server:4200/api/work_pools/smarthub-pool/get_scheduled_flow_runs \"HTTP/1.1 200 OK\""}
{"ts": "2026-08-17T02:47:18.499430914Z", "container": "prefect-worker", "msg": "2026-08-17 02:47:18 | INFO  | _client.py:_send_single_request:1740 | HTTP Request: POST http://prefect-server:4200/api/work_pools/smarthub-pool/get_scheduled_flow_runs \"HTTP/1.1 200 OK\""}
{"ts": "2026-08-17T02:47:30.574449517Z", "container": "prefect-worker", "msg": "2026-08-17 02:47:30 | INFO  | _client.py:_send_single_request:1740 | HTTP Request: POST http://prefect-server:4200/api/work_pools/smarthub-pool/get_scheduled_flow_runs \"HTTP/1.1 200 OK\""}
{"ts": "2026-08-17T02:47:40.319458431Z", "container": "prefect-worker", "msg": "2026-08-17 02:47:40 | INFO  | _client.py:_send_single_request:1740 | HTTP Request: POST http://prefect-server:4200/api/work_pools/smarthub-pool/get_scheduled_flow_runs \"HTTP/1.1 200 OK\""}
{"ts": "2026-08-17T02:47:50.020094199Z", "container": "prefect-worker", "msg": "2026-08-17 02:47:50 | INFO  | _client.py:_send_single_request:1740 | HTTP Request: POST http://prefect-server:4200/api/work_pools/smarthub-pool/get_scheduled_flow_runs \"HTTP/1.1 200 OK\""}
{"ts": "2026-08-17T02:48:00.562775031Z", "container": "prefect-worker", "msg": "2026-08-17 02:48:00 | INFO  | _client.py:_send_single_request:1740 | HTTP Request: POST http://prefect-server:4200/api/work_pools/smarthub-pool/get_scheduled_flow_runs \"HTTP/1.1 200 OK\""}
{"ts": "2026-08-17T02:48:12.756961601Z", "container": "prefect-worker", "msg": "2026-08-17 02:48:12 | INFO  | _client.py:_send_single_request:1740 | HTTP Request: POST http://prefect-server:4200/api/work_pools/smarthub-pool/get_scheduled_flow_runs \"HTTP/1.1 200 OK\""}
{"ts": "2026-08-17T02:48:21.237819587Z", "container": "prefect-worker", "msg": "2026-08-17 02:48:21 | INFO  | _client.py:_send_single_request:1740 | HTTP Request: POST http://prefect-server:4200/api/work_pools/smarthub-pool/get_scheduled_flow_runs \"HTTP/1.1 200 OK\""}
{"ts": "2026-08-17T02:48:32.074248853Z", "container": "prefect-worker", "msg": "2026-08-17 02:48:32 | INFO  | _client.py:_send_single_request:1740 | HTTP Request: POST http://prefect-server:4200/api/work_pools/smarthub-pool/get_scheduled_flow_runs \"HTTP/1.1 200 OK\""}
{"ts": "2026-08-17T02:48:41.943649045Z", "container": "prefect-worker", "msg": "2026-08-17 02:48:41 | INFO  | _client.py:_send_single_request:1740 | HTTP Request: POST http://prefect-server:4200/api/work_pools/smarthub-pool/get_scheduled_flow_runs \"HTTP/1.1 200 OK\""}
{"ts": "2026-08-17T02:48:51.962507451Z", "container": "prefect-worker", "msg": "2026-08-17 02:48:51 | INFO  | _client.py:_send_single_request:1740 | HTTP Request: POST http://prefect-server:4200/api/work_pools/smarthub-pool/get_scheduled_flow_runs \"HTTP/1.1 200 OK\""}
{"ts": "2026-08-17T02:49:01.581573841Z", "container": "prefect-worker", "msg": "2026-08-17 02:49:01 | INFO  | _client.py:_send_single_request:1740 | HTTP Request: POST http://prefect-server:4200/api/work_pools/smarthub-pool/get_scheduled_flow_runs \"HTTP/1.1 200 OK\""}
{"ts": "2026-08-17T02:49:09.594258122Z", "container": "prefect-worker", "msg": "2026-08-17 02:49:09 | INFO  | _client.py:_send_single_request:1740 | HTTP Request: POST http://prefect-server:4200/api/work_pools/smarthub-pool/get_scheduled_flow_runs \"HTTP/1.1 200 OK\""}
{"ts": "2026-08-17T02:49:21.578111069Z", "container": "prefect-worker", "msg": "2026-08-17 02:49:21 | INFO  | _client.py:_send_single_request:1740 | HTTP Request: POST http://prefect-server:4200/api/work_pools/smarthub-pool/get_scheduled_flow_runs \"HTTP/1.1 200 OK\""}
{"ts": "2026-08-17T02:49:32.021660516Z", "container": "prefect-worker", "msg": "2026-08-17 02:49:32 | INFO  | _client.py:_send_single_request:1740 | HTTP Request: POST http://prefect-server:4200/api/work_pools/smarthub-pool/get_scheduled_flow_runs \"HTTP/1.1 200 OK\""}
{"ts": "2026-08-17T02:49:42.976408268Z", "container": "prefect-worker", "msg": "2026-08-17 02:49:42 | INFO  | _client.py:_send_single_request:1740 | HTTP Request: POST http://prefect-server:4200/api/work_pools/smarthub-pool/get_scheduled_flow_runs \"HTTP/1.1 200 OK\""}
{"ts": "2026-08-17T02:49:52.601118405Z", "container": "prefect-worker", "msg": "2026-08-17 02:49:52 | INFO  | _client.py:_send_single_request:1740 | HTTP Request: POST http://prefect-server:4200/api/work_pools/smarthub-pool/get_scheduled_flow_runs \"HTTP/1.1 200 OK\""}
{"ts": "2026-08-17T02:50:03.598400281Z", "container": "prefect-worker", "msg": "2026-08-17 02:50:03 | INFO  | _client.py:_send_single_request:1740 | HTTP Request: POST http://prefect-server:4200/api/work_pools/smarthub-pool/get_scheduled_flow_runs \"HTTP/1.1 200 OK\""}
{"ts": "2026-08-17T02:50:15.437515275Z", "container": "prefect-worker", "msg": "2026-08-17 02:50:15 | INFO  | _client.py:_send_single_request:1740 | HTTP Request: POST http://prefect-server:4200/api/work_pools/smarthub-pool/get_scheduled_flow_runs \"HTTP/1.1 200 OK\""}
{"ts": "2026-08-17T02:50:23.578232487Z", "container": "prefect-worker", "msg": "2026-08-17 02:50:23 | INFO  | _client.py:_send_single_request:1740 | HTTP Request: POST http://prefect-server:4200/api/work_pools/smarthub-pool/get_scheduled_flow_runs \"HTTP/1.1 200 OK\""}
{"ts": "2026-08-17T02:50:33.153399120Z", "container": "prefect-worker", "msg": "2026-08-17 02:50:33 | INFO  | _client.py:_send_single_request:1740 | HTTP Request: POST http://prefect-server:4200/api/work_pools/smarthub-pool/get_scheduled_flow_runs \"HTTP/1.1 200 OK\""}
{"ts": "2026-08-17T02:50:40.910089911Z", "container": "prefect-worker", "msg": "2026-08-17 02:50:40 | INFO  | _client.py:_send_single_request:1740 | HTTP Request: POST http://prefect-server:4200/api/work_pools/smarthub-pool/get_scheduled_flow_runs \"HTTP/1.1 200 OK\""}
{"ts": "2026-08-17T02:50:49.230851204Z", "container": "prefect-worker", "msg": "2026-08-17 02:50:49 | INFO  | _client.py:_send_single_request:1740 | HTTP Request: POST http://prefect-server:4200/api/work_pools/smarthub-pool/get_scheduled_flow_runs \"HTTP/1.1 200 OK\""}
{"ts": "2026-08-17T02:51:00.742611744Z", "container": "prefect-worker", "msg": "2026-08-17 02:51:00 | INFO  | _client.py:_send_single_request:1740 | HTTP Request: POST http://prefect-server:4200/api/work_pools/smarthub-pool/get_scheduled_flow_runs \"HTTP/1.1 200 OK\""}
{"ts": "2026-08-17T02:51:13.548937922Z", "container": "prefect-worker", "msg": "2026-08-17 02:51:13 | INFO  | _client.py:_send_single_request:1740 | HTTP Request: POST http://prefect-server:4200/api/work_pools/smarthub-pool/get_scheduled_flow_runs \"HTTP/1.1 200 OK\""}
{"ts": "2026-08-17T02:51:26.302399663Z", "container": "prefect-worker", "msg": "2026-08-17 02:51:26 | INFO  | _client.py:_send_single_request:1740 | HTTP Request: POST http://prefect-server:4200/api/work_pools/smarthub-pool/get_scheduled_flow_runs \"HTTP/1.1 200 OK\""}
{"ts": "2026-08-17T02:51:37.550354792Z", "container": "prefect-worker", "msg": "2026-08-17 02:51:37 | INFO  | _client.py:_send_single_request:1740 | HTTP Request: POST http://prefect-server:4200/api/work_pools/smarthub-pool/get_scheduled_flow_runs \"HTTP/1.1 200 OK\""}
{"ts": "2026-08-17T02:51:48.422917863Z", "container": "prefect-worker", "msg": "2026-08-17 02:51:48 | INFO  | _client.py:_send_single_request:1740 | HTTP Request: POST http://prefect-server:4200/api/work_pools/smarthub-pool/get_scheduled_flow_runs \"HTTP/1.1 200 OK\""}
{"ts": "2026-08-17T02:52:01.078415130Z", "container": "prefect-worker", "msg": "2026-08-17 02:52:01 | INFO  | _client.py:_send_single_request:1740 | HTTP Request: POST http://prefect-server:4200/api/work_pools/smarthub-pool/get_scheduled_flow_runs \"HTTP/1.1 200 OK\""}
{"ts": "2026-08-17T02:52:09.013840600Z", "container": "prefect-worker", "msg": "2026-08-17 02:52:09 | INFO  | _client.py:_send_single_request:1740 | HTTP Request: POST http://prefect-server:4200/api/work_pools/smarthub-pool/get_scheduled_flow_runs \"HTTP/1.1 200 OK\""}
{"ts": "2026-08-17T02:52:16.921567021Z", "container": "prefect-worker", "msg": "2026-08-17 02:52:16 | INFO  | _client.py:_send_single_request:1740 | HTTP Request: POST http://prefect-server:4200/api/work_pools/smarthub-pool/get_scheduled_flow_runs \"HTTP/1.1 200 OK\""}
{"ts": "2026-08-17T02:52:29.578438488Z", "container": "prefect-worker", "msg": "2026-08-17 02:52:29 | INFO  | _client.py:_send_single_request:1740 | HTTP Request: POST http://prefect-server:4200/api/work_pools/smarthub-pool/get_scheduled_flow_runs \"HTTP/1.1 200 OK\""}
{"ts": "2026-08-17T02:52:38.477146034Z", "container": "prefect-worker", "msg": "2026-08-17 02:52:38 | INFO  | _client.py:_send_single_request:1740 | HTTP Request: POST http://prefect-server:4200/api/work_pools/smarthub-pool/get_scheduled_flow_runs \"HTTP/1.1 200 OK\""}
{"ts": "2026-08-17T02:52:48.241780352Z", "container": "prefect-worker", "msg": "2026-08-17 02:52:48 | INFO  | _client.py:_send_single_request:1740 | HTTP Request: POST http://prefect-server:4200/api/work_pools/smarthub-pool/get_scheduled_flow_runs \"HTTP/1.1 200 OK\""}
{"ts": "2026-08-17T02:52:58.549011999Z", "container": "prefect-worker", "msg": "2026-08-17 02:52:58 | INFO  | _client.py:_send_single_request:1740 | HTTP Request: POST http://prefect-server:4200/api/work_pools/smarthub-pool/get_scheduled_flow_runs \"HTTP/1.1 200 OK\""}
{"ts": "2026-08-17T02:53:06.369249918Z", "container": "prefect-worker", "msg": "2026-08-17 02:53:06 | INFO  | _client.py:_send_single_request:1740 | HTTP Request: POST http://prefect-server:4200/api/work_pools/smarthub-pool/get_scheduled_flow_runs \"HTTP/1.1 200 OK\""}
{"ts": "2026-08-17T02:53:18.448703804Z", "container": "prefect-worker", "msg": "2026-08-17 02:53:18 | INFO  | _client.py:_send_single_request:1740 | HTTP Request: POST http://prefect-server:4200/api/work_pools/smarthub-pool/get_scheduled_flow_runs \"HTTP/1.1 200 OK\""}
{"ts": "2026-08-17T02:53:26.192683574Z", "container": "prefect-worker", "msg": "2026-08-17 02:53:26 | INFO  | _client.py:_send_single_request:1740 | HTTP Request: POST http://prefect-server:4200/api/work_pools/smarthub-pool/get_scheduled_flow_runs \"HTTP/1.1 200 OK\""}
{"ts": "2026-08-17T02:53:36.303694360Z", "container": "prefect-worker", "msg": "2026-08-17 02:53:36 | INFO  | _client.py:_send_single_request:1740 | HTTP Request: POST http://prefect-server:4200/api/work_pools/smarthub-pool/get_scheduled_flow_runs \"HTTP/1.1 200 OK\""}
{"ts": "2026-08-17T02:53:47.899872504Z", "container": "prefect-worker", "msg": "2026-08-17 02:53:47 | INFO  | _client.py:_send_single_request:1740 | HTTP Request: POST http://prefect-server:4200/api/work_pools/smarthub-pool/get_scheduled_flow_runs \"HTTP/1.1 200 OK\""}
{"ts": "2026-08-17T02:53:58.825732539Z", "container": "prefect-worker", "msg": "2026-08-17 02:53:58 | INFO  | _client.py:_send_single_request:1740 | HTTP Request: POST http://prefect-server:4200/api/work_pools/smarthub-pool/get_scheduled_flow_runs \"HTTP/1.1 200 OK\""}
{"ts": "2026-08-17T02:54:06.717570828Z", "container": "prefect-worker", "msg": "2026-08-17 02:54:06 | INFO  | _client.py:_send_single_request:1740 | HTTP Request: POST http://prefect-server:4200/api/work_pools/smarthub-pool/get_scheduled_flow_runs \"HTTP/1.1 200 OK\""}
{"ts": "2026-08-17T02:54:17.122520331Z", "container": "prefect-worker", "msg": "2026-08-17 02:54:17 | INFO  | _client.py:_send_single_request:1740 | HTTP Request: POST http://prefect-server:4200/api/work_pools/smarthub-pool/get_scheduled_flow_runs \"HTTP/1.1 200 OK\""}
{"ts": "2026-08-17T02:54:28.710213905Z", "container": "prefect-worker", "msg": "2026-08-17 02:54:28 | INFO  | _client.py:_send_single_request:1740 | HTTP Request: POST http://prefect-server:4200/api/work_pools/smarthub-pool/get_scheduled_flow_runs \"HTTP/1.1 200 OK\""}
{"ts": "2026-08-17T02:54:36.849902323Z", "container": "prefect-worker", "msg": "2026-08-17 02:54:36 | INFO  | _client.py:_send_single_request:1740 | HTTP Request: POST http://prefect-server:4200/api/work_pools/smarthub-pool/get_scheduled_flow_runs \"HTTP/1.1 200 OK\""}
{"ts": "2026-08-17T02:54:45.381059642Z", "container": "prefect-worker", "msg": "2026-08-17 02:54:45 | INFO  | _client.py:_send_single_request:1740 | HTTP Request: POST http://prefect-server:4200/api/work_pools/smarthub-pool/get_scheduled_flow_runs \"HTTP/1.1 200 OK\""}
{"ts": "2026-08-17T02:54:55.474307297Z", "container": "prefect-worker", "msg": "2026-08-17 02:54:55 | INFO  | _client.py:_send_single_request:1740 | HTTP Request: POST http://prefect-server:4200/api/work_pools/smarthub-pool/get_scheduled_flow_runs \"HTTP/1.1 200 OK\""}
{"ts": "2026-08-17T02:55:04.621487699Z", "container": "prefect-worker", "msg": "2026-08-17 02:55:04 | INFO  | _client.py:_send_single_request:1740 | HTTP Request: POST http://prefect-server:4200/api/work_pools/smarthub-pool/get_scheduled_flow_runs \"HTTP/1.1 200 OK\""}
{"ts": "2026-08-17T02:55:14.440553466Z", "container": "prefect-worker", "msg": "2026-08-17 02:55:14 | INFO  | _client.py:_send_single_request:1740 | HTTP Request: POST http://prefect-server:4200/api/work_pools/smarthub-pool/get_scheduled_flow_runs \"HTTP/1.1 200 OK\""}
{"ts": "2026-08-17T02:55:23.021538690Z", "container": "prefect-worker", "msg": "2026-08-17 02:55:23 | INFO  | _client.py:_send_single_request:1740 | HTTP Request: POST http://prefect-server:4200/api/work_pools/smarthub-pool/get_scheduled_flow_runs \"HTTP/1.1 200 OK\""}
{"ts": "2026-08-17T02:55:31.280374526Z", "container": "prefect-worker", "msg": "2026-08-17 02:55:31 | INFO  | _client.py:_send_single_request:1740 | HTTP Request: POST http://prefect-server:4200/api/work_pools/smarthub-pool/get_scheduled_flow_runs \"HTTP/1.1 200 OK\""}
{"ts": "2026-08-17T02:55:39.295806565Z", "container": "prefect-worker", "msg": "2026-08-17 02:55:39 | INFO  | _client.py:_send_single_request:1740 | HTTP Request: POST http://prefect-server:4200/api/work_pools/smarthub-pool/get_scheduled_flow_runs \"HTTP/1.1 200 OK\""}
{"ts": "2026-08-17T02:55:49.612178307Z", "container": "prefect-worker", "msg": "2026-08-17 02:55:49 | INFO  | _client.py:_send_single_request:1740 | HTTP Request: POST http://prefect-server:4200/api/work_pools/smarthub-pool/get_scheduled_flow_runs \"HTTP/1.1 200 OK\""}
{"ts": "2026-08-17T02:55:58.505036445Z", "container": "prefect-worker", "msg": "2026-08-17 02:55:58 | INFO  | _client.py:_send_single_request:1740 | HTTP Request: POST http://prefect-server:4200/api/work_pools/smarthub-pool/get_scheduled_flow_runs \"HTTP/1.1 200 OK\""}
{"ts": "2026-08-17T02:56:07.766792769Z", "container": "prefect-worker", "msg": "2026-08-17 02:56:07 | INFO  | _client.py:_send_single_request:1740 | HTTP Request: POST http://prefect-server:4200/api/work_pools/smarthub-pool/get_scheduled_flow_runs \"HTTP/1.1 200 OK\""}
{"ts": "2026-08-17T02:56:15.821497243Z", "container": "prefect-worker", "msg": "2026-08-17 02:56:15 | INFO  | _client.py:_send_single_request:1740 | HTTP Request: POST http://prefect-server:4200/api/work_pools/smarthub-pool/get_scheduled_flow_runs \"HTTP/1.1 200 OK\""}
{"ts": "2026-08-17T02:56:26.220770703Z", "container": "prefect-worker", "msg": "2026-08-17 02:56:26 | INFO  | _client.py:_send_single_request:1740 | HTTP Request: POST http://prefect-server:4200/api/work_pools/smarthub-pool/get_scheduled_flow_runs \"HTTP/1.1 200 OK\""}
{"ts": "2026-08-17T02:56:39.181468909Z", "container": "prefect-worker", "msg": "2026-08-17 02:56:39 | INFO  | _client.py:_send_single_request:1740 | HTTP Request: POST http://prefect-server:4200/api/work_pools/smarthub-pool/get_scheduled_flow_runs \"HTTP/1.1 200 OK\""}
{"ts": "2026-08-17T02:56:51.793732603Z", "container": "prefect-worker", "msg": "2026-08-17 02:56:51 | INFO  | _client.py:_send_single_request:1740 | HTTP Request: POST http://prefect-server:4200/api/work_pools/smarthub-pool/get_scheduled_flow_runs \"HTTP/1.1 200 OK\""}
{"ts": "2026-08-17T02:56:59.672250475Z", "container": "prefect-worker", "msg": "2026-08-17 02:56:59 | INFO  | _client.py:_send_single_request:1740 | HTTP Request: POST http://prefect-server:4200/api/work_pools/smarthub-pool/get_scheduled_flow_runs \"HTTP/1.1 200 OK\""}
{"ts": "2026-08-17T02:57:11.349586153Z", "container": "prefect-worker", "msg": "2026-08-17 02:57:11 | INFO  | _client.py:_send_single_request:1740 | HTTP Request: POST http://prefect-server:4200/api/work_pools/smarthub-pool/get_scheduled_flow_runs \"HTTP/1.1 200 OK\""}
{"ts": "2026-08-17T02:57:21.529009813Z", "container": "prefect-worker", "msg": "2026-08-17 02:57:21 | INFO  | _client.py:_send_single_request:1740 | HTTP Request: POST http://prefect-server:4200/api/work_pools/smarthub-pool/get_scheduled_flow_runs \"HTTP/1.1 200 OK\""}
{"ts": "2026-08-17T02:57:29.357954660Z", "container": "prefect-worker", "msg": "2026-08-17 02:57:29 | INFO  | _client.py:_send_single_request:1740 | HTTP Request: POST http://prefect-server:4200/api/work_pools/smarthub-pool/get_scheduled_flow_runs \"HTTP/1.1 200 OK\""}
{"ts": "2026-08-17T02:57:41.613016530Z", "container": "prefect-worker", "msg": "2026-08-17 02:57:41 | INFO  | _client.py:_send_single_request:1740 | HTTP Request: POST http://prefect-server:4200/api/work_pools/smarthub-pool/get_scheduled_flow_runs \"HTTP/1.1 200 OK\""}
{"ts": "2026-08-17T02:57:53.488644783Z", "container": "prefect-worker", "msg": "2026-08-17 02:57:53 | INFO  | _client.py:_send_single_request:1740 | HTTP Request: POST http://prefect-server:4200/api/work_pools/smarthub-pool/get_scheduled_flow_runs \"HTTP/1.1 200 OK\""}
{"ts": "2026-08-17T02:58:01.831027837Z", "container": "prefect-worker", "msg": "2026-08-17 02:58:01 | INFO  | _client.py:_send_single_request:1740 | HTTP Request: POST http://prefect-server:4200/api/work_pools/smarthub-pool/get_scheduled_flow_runs \"HTTP/1.1 200 OK\""}
{"ts": "2026-08-17T02:58:10.535917110Z", "container": "prefect-worker", "msg": "2026-08-17 02:58:10 | INFO  | _client.py:_send_single_request:1740 | HTTP Request: POST http://prefect-server:4200/api/work_pools/smarthub-pool/get_scheduled_flow_runs \"HTTP/1.1 200 OK\""}
{"ts": "2026-08-17T02:58:21.650064632Z", "container": "prefect-worker", "msg": "2026-08-17 02:58:21 | INFO  | _client.py:_send_single_request:1740 | HTTP Request: POST http://prefect-server:4200/api/work_pools/smarthub-pool/get_scheduled_flow_runs \"HTTP/1.1 200 OK\""}
{"ts": "2026-08-17T02:58:30.381932244Z", "container": "prefect-worker", "msg": "2026-08-17 02:58:30 | INFO  | _client.py:_send_single_request:1740 | HTTP Request: POST http://prefect-server:4200/api/work_pools/smarthub-pool/get_scheduled_flow_runs \"HTTP/1.1 200 OK\""}
{"ts": "2026-08-17T02:58:40.250139868Z", "container": "prefect-worker", "msg": "2026-08-17 02:58:40 | INFO  | _client.py:_send_single_request:1740 | HTTP Request: POST http://prefect-server:4200/api/work_pools/smarthub-pool/get_scheduled_flow_runs \"HTTP/1.1 200 OK\""}
{"ts": "2026-08-17T02:58:50.547729019Z", "container": "prefect-worker", "msg": "2026-08-17 02:58:50 | INFO  | _client.py:_send_single_request:1740 | HTTP Request: POST http://prefect-server:4200/api/work_pools/smarthub-pool/get_scheduled_flow_runs \"HTTP/1.1 200 OK\""}
{"ts": "2026-08-17T02:59:02.616626823Z", "container": "prefect-worker", "msg": "2026-08-17 02:59:02 | INFO  | _client.py:_send_single_request:1740 | HTTP Request: POST http://prefect-server:4200/api/work_pools/smarthub-pool/get_scheduled_flow_runs \"HTTP/1.1 200 OK\""}
{"ts": "2026-08-17T02:59:15.558377978Z", "container": "prefect-worker", "msg": "2026-08-17 02:59:15 | INFO  | _client.py:_send_single_request:1740 | HTTP Request: POST http://prefect-server:4200/api/work_pools/smarthub-pool/get_scheduled_flow_runs \"HTTP/1.1 200 OK\""}
{"ts": "2026-08-17T02:59:27.024163794Z", "container": "prefect-worker", "msg": "2026-08-17 02:59:27 | INFO  | _client.py:_send_single_request:1740 | HTTP Request: POST http://prefect-server:4200/api/work_pools/smarthub-pool/get_scheduled_flow_runs \"HTTP/1.1 200 OK\""}
{"ts": "2026-08-17T02:59:36.518898883Z", "container": "prefect-worker", "msg": "2026-08-17 02:59:36 | INFO  | _client.py:_send_single_request:1740 | HTTP Request: POST http://prefect-server:4200/api/work_pools/smarthub-pool/get_scheduled_flow_runs \"HTTP/1.1 200 OK\""}
{"ts": "2026-08-17T02:59:46.648182488Z", "container": "prefect-worker", "msg": "2026-08-17 02:59:46 | INFO  | _client.py:_send_single_request:1740 | HTTP Request: POST http://prefect-server:4200/api/work_pools/smarthub-pool/get_scheduled_flow_runs \"HTTP/1.1 200 OK\""}
{"ts": "2026-08-17T02:59:58.660400936Z", "container": "prefect-worker", "msg": "2026-08-17 02:59:58 | INFO  | _client.py:_send_single_request:1740 | HTTP Request: POST http://prefect-server:4200/api/work_pools/smarthub-pool/get_scheduled_flow_runs \"HTTP/1.1 200 OK\""}
{"ts": "2026-08-17T03:00:07.838804956Z", "container": "prefect-worker", "msg": "2026-08-17 03:00:07 | INFO  | _client.py:_send_single_request:1740 | HTTP Request: POST http://prefect-server:4200/api/work_pools/smarthub-pool/get_scheduled_flow_runs \"HTTP/1.1 200 OK\""}
{"ts": "2026-08-17T03:00:18.182889079Z", "container": "prefect-worker", "msg": "2026-08-17 03:00:18 | INFO  | _client.py:_send_single_request:1740 | HTTP Request: POST http://prefect-server:4200/api/work_pools/smarthub-pool/get_scheduled_flow_runs \"HTTP/1.1 200 OK\""}
{"ts": "2026-08-17T03:00:27.666176067Z", "container": "prefect-worker", "msg": "2026-08-17 03:00:27 | INFO  | _client.py:_send_single_request:1740 | HTTP Request: POST http://prefect-server:4200/api/work_pools/smarthub-pool/get_scheduled_flow_runs \"HTTP/1.1 200 OK\""}
{"ts": "2026-08-17T03:00:37.487582355Z", "container": "prefect-worker", "msg": "2026-08-17 03:00:37 | INFO  | _client.py:_send_single_request:1740 | HTTP Request: POST http://prefect-server:4200/api/work_pools/smarthub-pool/get_scheduled_flow_runs \"HTTP/1.1 200 OK\""}
{"ts": "2026-08-17T03:00:49.575008991Z", "container": "prefect-worker", "msg": "2026-08-17 03:00:49 | INFO  | _client.py:_send_single_request:1740 | HTTP Request: POST http://prefect-server:4200/api/work_pools/smarthub-pool/get_scheduled_flow_runs \"HTTP/1.1 200 OK\""}
{"ts": "2026-08-17T03:01:01.328259523Z", "container": "prefect-worker", "msg": "2026-08-17 03:01:01 | INFO  | _client.py:_send_single_request:1740 | HTTP Request: POST http://prefect-server:4200/api/work_pools/smarthub-pool/get_scheduled_flow_runs \"HTTP/1.1 200 OK\""}
{"ts": "2026-08-17T03:01:12.115763711Z", "container": "prefect-worker", "msg": "2026-08-17 03:01:12 | INFO  | _client.py:_send_single_request:1740 | HTTP Request: POST http://prefect-server:4200/api/work_pools/smarthub-pool/get_scheduled_flow_runs \"HTTP/1.1 200 OK\""}
{"ts": "2026-08-17T03:01:24.018641935Z", "container": "prefect-worker", "msg": "2026-08-17 03:01:24 | INFO  | _client.py:_send_single_request:1740 | HTTP Request: POST http://prefect-server:4200/api/work_pools/smarthub-pool/get_scheduled_flow_runs \"HTTP/1.1 200 OK\""}
{"ts": "2026-08-17T03:01:32.422161843Z", "container": "prefect-worker", "msg": "2026-08-17 03:01:32 | INFO  | _client.py:_send_single_request:1740 | HTTP Request: POST http://prefect-server:4200/api/work_pools/smarthub-pool/get_scheduled_flow_runs \"HTTP/1.1 200 OK\""}
{"ts": "2026-08-17T03:01:41.495151209Z", "container": "prefect-worker", "msg": "2026-08-17 03:01:41 | INFO  | _client.py:_send_single_request:1740 | HTTP Request: POST http://prefect-server:4200/api/work_pools/smarthub-pool/get_scheduled_flow_runs \"HTTP/1.1 200 OK\""}
{"ts": "2026-08-17T03:01:53.520436875Z", "container": "prefect-worker", "msg": "2026-08-17 03:01:53 | INFO  | _client.py:_send_single_request:1740 | HTTP Request: POST http://prefect-server:4200/api/work_pools/smarthub-pool/get_scheduled_flow_runs \"HTTP/1.1 200 OK\""}
{"ts": "2026-08-17T03:02:06.328922317Z", "container": "prefect-worker", "msg": "2026-08-17 03:02:06 | INFO  | _client.py:_send_single_request:1740 | HTTP Request: POST http://prefect-server:4200/api/work_pools/smarthub-pool/get_scheduled_flow_runs \"HTTP/1.1 200 OK\""}
{"ts": "2026-08-17T03:02:14.055476064Z", "container": "prefect-worker", "msg": "2026-08-17 03:02:14 | INFO  | _client.py:_send_single_request:1740 | HTTP Request: POST http://prefect-server:4200/api/work_pools/smarthub-pool/get_scheduled_flow_runs \"HTTP/1.1 200 OK\""}
{"ts": "2026-08-17T03:02:22.173650559Z", "container": "prefect-worker", "msg": "2026-08-17 03:02:22 | INFO  | _client.py:_send_single_request:1740 | HTTP Request: POST http://prefect-server:4200/api/work_pools/smarthub-pool/get_scheduled_flow_runs \"HTTP/1.1 200 OK\""}
{"ts": "2026-08-17T03:02:30.705932672Z", "container": "prefect-worker", "msg": "2026-08-17 03:02:30 | INFO  | _client.py:_send_single_request:1740 | HTTP Request: POST http://prefect-server:4200/api/work_pools/smarthub-pool/get_scheduled_flow_runs \"HTTP/1.1 200 OK\""}
{"ts": "2026-08-17T03:02:38.836066408Z", "container": "prefect-worker", "msg": "2026-08-17 03:02:38 | INFO  | _client.py:_send_single_request:1740 | HTTP Request: POST http://prefect-server:4200/api/work_pools/smarthub-pool/get_scheduled_flow_runs \"HTTP/1.1 200 OK\""}
{"ts": "2026-08-17T03:02:50.918601416Z", "container": "prefect-worker", "msg": "2026-08-17 03:02:50 | INFO  | _client.py:_send_single_request:1740 | HTTP Request: POST http://prefect-server:4200/api/work_pools/smarthub-pool/get_scheduled_flow_runs \"HTTP/1.1 200 OK\""}
{"ts": "2026-08-17T03:03:03.658367901Z", "container": "prefect-worker", "msg": "2026-08-17 03:03:03 | INFO  | _client.py:_send_single_request:1740 | HTTP Request: POST http://prefect-server:4200/api/work_pools/smarthub-pool/get_scheduled_flow_runs \"HTTP/1.1 200 OK\""}
{"ts": "2026-08-17T03:03:13.408764979Z", "container": "prefect-worker", "msg": "2026-08-17 03:03:13 | INFO  | _client.py:_send_single_request:1740 | HTTP Request: POST http://prefect-server:4200/api/work_pools/smarthub-pool/get_scheduled_flow_runs \"HTTP/1.1 200 OK\""}
{"ts": "2026-08-17T03:03:23.517623430Z", "container": "prefect-worker", "msg": "2026-08-17 03:03:23 | INFO  | _client.py:_send_single_request:1740 | HTTP Request: POST http://prefect-server:4200/api/work_pools/smarthub-pool/get_scheduled_flow_runs \"HTTP/1.1 200 OK\""}
{"ts": "2026-08-17T03:03:32.560079581Z", "container": "prefect-worker", "msg": "2026-08-17 03:03:32 | INFO  | _client.py:_send_single_request:1740 | HTTP Request: POST http://prefect-server:4200/api/work_pools/smarthub-pool/get_scheduled_flow_runs \"HTTP/1.1 200 OK\""}
{"ts": "2026-08-17T03:03:42.054014154Z", "container": "prefect-worker", "msg": "2026-08-17 03:03:42 | INFO  | _client.py:_send_single_request:1740 | HTTP Request: POST http://prefect-server:4200/api/work_pools/smarthub-pool/get_scheduled_flow_runs \"HTTP/1.1 200 OK\""}
{"ts": "2026-08-17T03:03:50.259023882Z", "container": "prefect-worker", "msg": "2026-08-17 03:03:50 | INFO  | _client.py:_send_single_request:1740 | HTTP Request: POST http://prefect-server:4200/api/work_pools/smarthub-pool/get_scheduled_flow_runs \"HTTP/1.1 200 OK\""}
{"ts": "2026-08-17T03:03:57.805770601Z", "container": "prefect-worker", "msg": "2026-08-17 03:03:57 | INFO  | _client.py:_send_single_request:1740 | HTTP Request: POST http://prefect-server:4200/api/work_pools/smarthub-pool/get_scheduled_flow_runs \"HTTP/1.1 200 OK\""}
{"ts": "2026-08-17T03:04:09.882097268Z", "container": "prefect-worker", "msg": "2026-08-17 03:04:09 | INFO  | _client.py:_send_single_request:1740 | HTTP Request: POST http://prefect-server:4200/api/work_pools/smarthub-pool/get_scheduled_flow_runs \"HTTP/1.1 200 OK\""}
{"ts": "2026-08-17T03:04:20.638046003Z", "container": "prefect-worker", "msg": "2026-08-17 03:04:20 | INFO  | _client.py:_send_single_request:1740 | HTTP Request: POST http://prefect-server:4200/api/work_pools/smarthub-pool/get_scheduled_flow_runs \"HTTP/1.1 200 OK\""}
{"ts": "2026-08-17T03:04:32.347607253Z", "container": "prefect-worker", "msg": "2026-08-17 03:04:32 | INFO  | _client.py:_send_single_request:1740 | HTTP Request: POST http://prefect-server:4200/api/work_pools/smarthub-pool/get_scheduled_flow_runs \"HTTP/1.1 200 OK\""}
{"ts": "2026-08-17T03:04:41.480348991Z", "container": "prefect-worker", "msg": "2026-08-17 03:04:41 | INFO  | _client.py:_send_single_request:1740 | HTTP Request: POST http://prefect-server:4200/api/work_pools/smarthub-pool/get_scheduled_flow_runs \"HTTP/1.1 200 OK\""}
{"ts": "2026-08-17T03:04:50.167481697Z", "container": "prefect-worker", "msg": "2026-08-17 03:04:50 | INFO  | _client.py:_send_single_request:1740 | HTTP Request: POST http://prefect-server:4200/api/work_pools/smarthub-pool/get_scheduled_flow_runs \"HTTP/1.1 200 OK\""}
{"ts": "2026-08-17T03:05:00.486299871Z", "container": "prefect-worker", "msg": "2026-08-17 03:05:00 | INFO  | _client.py:_send_single_request:1740 | HTTP Request: POST http://prefect-server:4200/api/work_pools/smarthub-pool/get_scheduled_flow_runs \"HTTP/1.1 200 OK\""}
{"ts": "2026-08-17T03:05:09.277650815Z", "container": "prefect-worker", "msg": "2026-08-17 03:05:09 | INFO  | _client.py:_send_single_request:1740 | HTTP Request: POST http://prefect-server:4200/api/work_pools/smarthub-pool/get_scheduled_flow_runs \"HTTP/1.1 200 OK\""}
{"ts": "2026-08-17T03:05:19.059594855Z", "container": "prefect-worker", "msg": "2026-08-17 03:05:19 | INFO  | _client.py:_send_single_request:1740 | HTTP Request: POST http://prefect-server:4200/api/work_pools/smarthub-pool/get_scheduled_flow_runs \"HTTP/1.1 200 OK\""}
{"ts": "2026-08-17T03:05:26.917663906Z", "container": "prefect-worker", "msg": "2026-08-17 03:05:26 | INFO  | _client.py:_send_single_request:1740 | HTTP Request: POST http://prefect-server:4200/api/work_pools/smarthub-pool/get_scheduled_flow_runs \"HTTP/1.1 200 OK\""}
{"ts": "2026-08-17T03:05:37.453340985Z", "container": "prefect-worker", "msg": "2026-08-17 03:05:37 | INFO  | _client.py:_send_single_request:1740 | HTTP Request: POST http://prefect-server:4200/api/work_pools/smarthub-pool/get_scheduled_flow_runs \"HTTP/1.1 200 OK\""}
{"ts": "2026-08-17T03:05:45.012477624Z", "container": "prefect-worker", "msg": "2026-08-17 03:05:45 | INFO  | _client.py:_send_single_request:1740 | HTTP Request: POST http://prefect-server:4200/api/work_pools/smarthub-pool/get_scheduled_flow_runs \"HTTP/1.1 200 OK\""}
{"ts": "2026-08-17T03:05:54.204332323Z", "container": "prefect-worker", "msg": "2026-08-17 03:05:54 | INFO  | _client.py:_send_single_request:1740 | HTTP Request: POST http://prefect-server:4200/api/work_pools/smarthub-pool/get_scheduled_flow_runs \"HTTP/1.1 200 OK\""}
{"ts": "2026-08-17T03:06:02.005863176Z", "container": "prefect-worker", "msg": "2026-08-17 03:06:02 | INFO  | _client.py:_send_single_request:1740 | HTTP Request: POST http://prefect-server:4200/api/work_pools/smarthub-pool/get_scheduled_flow_runs \"HTTP/1.1 200 OK\""}
{"ts": "2026-08-17T03:06:09.881459916Z", "container": "prefect-worker", "msg": "2026-08-17 03:06:09 | INFO  | _client.py:_send_single_request:1740 | HTTP Request: POST http://prefect-server:4200/api/work_pools/smarthub-pool/get_scheduled_flow_runs \"HTTP/1.1 200 OK\""}
{"ts": "2026-08-17T03:06:20.902368140Z", "container": "prefect-worker", "msg": "2026-08-17 03:06:20 | INFO  | _client.py:_send_single_request:1740 | HTTP Request: POST http://prefect-server:4200/api/work_pools/smarthub-pool/get_scheduled_flow_runs \"HTTP/1.1 200 OK\""}
{"ts": "2026-08-17T03:06:31.608218621Z", "container": "prefect-worker", "msg": "2026-08-17 03:06:31 | INFO  | _client.py:_send_single_request:1740 | HTTP Request: POST http://prefect-server:4200/api/work_pools/smarthub-pool/get_scheduled_flow_runs \"HTTP/1.1 200 OK\""}
{"ts": "2026-08-17T03:06:39.181444685Z", "container": "prefect-worker", "msg": "2026-08-17 03:06:39 | INFO  | _client.py:_send_single_request:1740 | HTTP Request: POST http://prefect-server:4200/api/work_pools/smarthub-pool/get_scheduled_flow_runs \"HTTP/1.1 200 OK\""}
{"ts": "2026-08-17T03:06:46.873308080Z", "container": "prefect-worker", "msg": "2026-08-17 03:06:46 | INFO  | _client.py:_send_single_request:1740 | HTTP Request: POST http://prefect-server:4200/api/work_pools/smarthub-pool/get_scheduled_flow_runs \"HTTP/1.1 200 OK\""}
{"ts": "2026-08-17T03:06:56.649686122Z", "container": "prefect-worker", "msg": "2026-08-17 03:06:56 | INFO  | _client.py:_send_single_request:1740 | HTTP Request: POST http://prefect-server:4200/api/work_pools/smarthub-pool/get_scheduled_flow_runs \"HTTP/1.1 200 OK\""}
{"ts": "2026-08-17T03:07:07.605169901Z", "container": "prefect-worker", "msg": "2026-08-17 03:07:07 | INFO  | _client.py:_send_single_request:1740 | HTTP Request: POST http://prefect-server:4200/api/work_pools/smarthub-pool/get_scheduled_flow_runs \"HTTP/1.1 200 OK\""}
{"ts": "2026-08-17T03:07:16.778190873Z", "container": "prefect-worker", "msg": "2026-08-17 03:07:16 | INFO  | _client.py:_send_single_request:1740 | HTTP Request: POST http://prefect-server:4200/api/work_pools/smarthub-pool/get_scheduled_flow_runs \"HTTP/1.1 200 OK\""}
{"ts": "2026-08-17T03:07:27.521764399Z", "container": "prefect-worker", "msg": "2026-08-17 03:07:27 | INFO  | _client.py:_send_single_request:1740 | HTTP Request: POST http://prefect-server:4200/api/work_pools/smarthub-pool/get_scheduled_flow_runs \"HTTP/1.1 200 OK\""}
{"ts": "2026-08-17T03:07:36.709599042Z", "container": "prefect-worker", "msg": "2026-08-17 03:07:36 | INFO  | _client.py:_send_single_request:1740 | HTTP Request: POST http://prefect-server:4200/api/work_pools/smarthub-pool/get_scheduled_flow_runs \"HTTP/1.1 200 OK\""}
{"ts": "2026-08-17T03:07:45.617223560Z", "container": "prefect-worker", "msg": "2026-08-17 03:07:45 | INFO  | _client.py:_send_single_request:1740 | HTTP Request: POST http://prefect-server:4200/api/work_pools/smarthub-pool/get_scheduled_flow_runs \"HTTP/1.1 200 OK\""}
{"ts": "2026-08-17T03:07:56.467835160Z", "container": "prefect-worker", "msg": "2026-08-17 03:07:56 | INFO  | _client.py:_send_single_request:1740 | HTTP Request: POST http://prefect-server:4200/api/work_pools/smarthub-pool/get_scheduled_flow_runs \"HTTP/1.1 200 OK\""}
{"ts": "2026-08-17T03:08:06.416416226Z", "container": "prefect-worker", "msg": "2026-08-17 03:08:06 | INFO  | _client.py:_send_single_request:1740 | HTTP Request: POST http://prefect-server:4200/api/work_pools/smarthub-pool/get_scheduled_flow_runs \"HTTP/1.1 200 OK\""}
{"ts": "2026-08-17T03:08:16.289763397Z", "container": "prefect-worker", "msg": "2026-08-17 03:08:16 | INFO  | _client.py:_send_single_request:1740 | HTTP Request: POST http://prefect-server:4200/api/work_pools/smarthub-pool/get_scheduled_flow_runs \"HTTP/1.1 200 OK\""}
{"ts": "2026-08-17T03:08:26.452867555Z", "container": "prefect-worker", "msg": "2026-08-17 03:08:26 | INFO  | _client.py:_send_single_request:1740 | HTTP Request: POST http://prefect-server:4200/api/work_pools/smarthub-pool/get_scheduled_flow_runs \"HTTP/1.1 200 OK\""}
{"ts": "2026-08-17T03:08:34.327998025Z", "container": "prefect-worker", "msg": "2026-08-17 03:08:34 | INFO  | _client.py:_send_single_request:1740 | HTTP Request: POST http://prefect-server:4200/api/work_pools/smarthub-pool/get_scheduled_flow_runs \"HTTP/1.1 200 OK\""}
{"ts": "2026-08-17T03:08:47.032405000Z", "container": "prefect-worker", "msg": "2026-08-17 03:08:47 | INFO  | _client.py:_send_single_request:1740 | HTTP Request: POST http://prefect-server:4200/api/work_pools/smarthub-pool/get_scheduled_flow_runs \"HTTP/1.1 200 OK\""}
{"ts": "2026-08-17T03:08:55.583145307Z", "container": "prefect-worker", "msg": "2026-08-17 03:08:55 | INFO  | _client.py:_send_single_request:1740 | HTTP Request: POST http://prefect-server:4200/api/work_pools/smarthub-pool/get_scheduled_flow_runs \"HTTP/1.1 200 OK\""}
{"ts": "2026-08-17T03:09:03.137532912Z", "container": "prefect-worker", "msg": "2026-08-17 03:09:03 | INFO  | _client.py:_send_single_request:1740 | HTTP Request: POST http://prefect-server:4200/api/work_pools/smarthub-pool/get_scheduled_flow_runs \"HTTP/1.1 200 OK\""}
{"ts": "2026-08-17T03:09:10.950017921Z", "container": "prefect-worker", "msg": "2026-08-17 03:09:10 | INFO  | _client.py:_send_single_request:1740 | HTTP Request: POST http://prefect-server:4200/api/work_pools/smarthub-pool/get_scheduled_flow_runs \"HTTP/1.1 200 OK\""}
{"ts": "2026-08-17T03:09:19.565656846Z", "container": "prefect-worker", "msg": "2026-08-17 03:09:19 | INFO  | _client.py:_send_single_request:1740 | HTTP Request: POST http://prefect-server:4200/api/work_pools/smarthub-pool/get_scheduled_flow_runs \"HTTP/1.1 200 OK\""}
{"ts": "2026-08-17T03:09:29.538163878Z", "container": "prefect-worker", "msg": "2026-08-17 03:09:29 | INFO  | _client.py:_send_single_request:1740 | HTTP Request: POST http://prefect-server:4200/api/work_pools/smarthub-pool/get_scheduled_flow_runs \"HTTP/1.1 200 OK\""}
{"ts": "2026-08-17T03:09:37.117199134Z", "container": "prefect-worker", "msg": "2026-08-17 03:09:37 | INFO  | _client.py:_send_single_request:1740 | HTTP Request: POST http://prefect-server:4200/api/work_pools/smarthub-pool/get_scheduled_flow_runs \"HTTP/1.1 200 OK\""}
{"ts": "2026-08-17T03:09:45.121345572Z", "container": "prefect-worker", "msg": "2026-08-17 03:09:45 | INFO  | _client.py:_send_single_request:1740 | HTTP Request: POST http://prefect-server:4200/api/work_pools/smarthub-pool/get_scheduled_flow_runs \"HTTP/1.1 200 OK\""}
{"ts": "2026-08-17T03:09:56.727697075Z", "container": "prefect-worker", "msg": "2026-08-17 03:09:56 | INFO  | _client.py:_send_single_request:1740 | HTTP Request: POST http://prefect-server:4200/api/work_pools/smarthub-pool/get_scheduled_flow_runs \"HTTP/1.1 200 OK\""}
{"ts": "2026-08-17T03:10:04.712903463Z", "container": "prefect-worker", "msg": "2026-08-17 03:10:04 | INFO  | _client.py:_send_single_request:1740 | HTTP Request: POST http://prefect-server:4200/api/work_pools/smarthub-pool/get_scheduled_flow_runs \"HTTP/1.1 200 OK\""}
{"ts": "2026-08-17T03:10:17.586548760Z", "container": "prefect-worker", "msg": "2026-08-17 03:10:17 | INFO  | _client.py:_send_single_request:1740 | HTTP Request: POST http://prefect-server:4200/api/work_pools/smarthub-pool/get_scheduled_flow_runs \"HTTP/1.1 200 OK\""}
{"ts": "2026-08-17T03:10:27.143261717Z", "container": "prefect-worker", "msg": "2026-08-17 03:10:27 | INFO  | _client.py:_send_single_request:1740 | HTTP Request: POST http://prefect-server:4200/api/work_pools/smarthub-pool/get_scheduled_flow_runs \"HTTP/1.1 200 OK\""}
{"ts": "2026-08-17T03:10:39.120683642Z", "container": "prefect-worker", "msg": "2026-08-17 03:10:39 | INFO  | _client.py:_send_single_request:1740 | HTTP Request: POST http://prefect-server:4200/api/work_pools/smarthub-pool/get_scheduled_flow_runs \"HTTP/1.1 200 OK\""}
{"ts": "2026-08-17T03:10:48.191559947Z", "container": "prefect-worker", "msg": "2026-08-17 03:10:48 | INFO  | _client.py:_send_single_request:1740 | HTTP Request: POST http://prefect-server:4200/api/work_pools/smarthub-pool/get_scheduled_flow_runs \"HTTP/1.1 200 OK\""}
{"ts": "2026-08-17T03:10:59.781885793Z", "container": "prefect-worker", "msg": "2026-08-17 03:10:59 | INFO  | _client.py:_send_single_request:1740 | HTTP Request: POST http://prefect-server:4200/api/work_pools/smarthub-pool/get_scheduled_flow_runs \"HTTP/1.1 200 OK\""}
{"ts": "2026-08-17T03:11:09.432467291Z", "container": "prefect-worker", "msg": "2026-08-17 03:11:09 | INFO  | _client.py:_send_single_request:1740 | HTTP Request: POST http://prefect-server:4200/api/work_pools/smarthub-pool/get_scheduled_flow_runs \"HTTP/1.1 200 OK\""}
{"ts": "2026-08-17T03:11:18.302966285Z", "container": "prefect-worker", "msg": "2026-08-17 03:11:18 | INFO  | _client.py:_send_single_request:1740 | HTTP Request: POST http://prefect-server:4200/api/work_pools/smarthub-pool/get_scheduled_flow_runs \"HTTP/1.1 200 OK\""}
{"ts": "2026-08-17T03:11:26.637704648Z", "container": "prefect-worker", "msg": "2026-08-17 03:11:26 | INFO  | _client.py:_send_single_request:1740 | HTTP Request: POST http://prefect-server:4200/api/work_pools/smarthub-pool/get_scheduled_flow_runs \"HTTP/1.1 200 OK\""}
{"ts": "2026-08-17T03:11:37.300350694Z", "container": "prefect-worker", "msg": "2026-08-17 03:11:37 | INFO  | _client.py:_send_single_request:1740 | HTTP Request: POST http://prefect-server:4200/api/work_pools/smarthub-pool/get_scheduled_flow_runs \"HTTP/1.1 200 OK\""}
{"ts": "2026-08-17T03:11:48.843276630Z", "container": "prefect-worker", "msg": "2026-08-17 03:11:48 | INFO  | _client.py:_send_single_request:1740 | HTTP Request: POST http://prefect-server:4200/api/work_pools/smarthub-pool/get_scheduled_flow_runs \"HTTP/1.1 200 OK\""}
{"ts": "2026-08-17T03:12:00.953543202Z", "container": "prefect-worker", "msg": "2026-08-17 03:12:00 | INFO  | _client.py:_send_single_request:1740 | HTTP Request: POST http://prefect-server:4200/api/work_pools/smarthub-pool/get_scheduled_flow_runs \"HTTP/1.1 200 OK\""}
{"ts": "2026-08-17T03:12:10.609056859Z", "container": "prefect-worker", "msg": "2026-08-17 03:12:10 | INFO  | _client.py:_send_single_request:1740 | HTTP Request: POST http://prefect-server:4200/api/work_pools/smarthub-pool/get_scheduled_flow_runs \"HTTP/1.1 200 OK\""}
{"ts": "2026-08-17T03:12:23.559683464Z", "container": "prefect-worker", "msg": "2026-08-17 03:12:23 | INFO  | _client.py:_send_single_request:1740 | HTTP Request: POST http://prefect-server:4200/api/work_pools/smarthub-pool/get_scheduled_flow_runs \"HTTP/1.1 200 OK\""}
{"ts": "2026-08-17T03:12:33.621929147Z", "container": "prefect-worker", "msg": "2026-08-17 03:12:33 | INFO  | _client.py:_send_single_request:1740 | HTTP Request: POST http://prefect-server:4200/api/work_pools/smarthub-pool/get_scheduled_flow_runs \"HTTP/1.1 200 OK\""}
{"ts": "2026-08-17T03:12:45.543789835Z", "container": "prefect-worker", "msg": "2026-08-17 03:12:45 | INFO  | _client.py:_send_single_request:1740 | HTTP Request: POST http://prefect-server:4200/api/work_pools/smarthub-pool/get_scheduled_flow_runs \"HTTP/1.1 200 OK\""}
{"ts": "2026-08-17T03:12:58.284175791Z", "container": "prefect-worker", "msg": "2026-08-17 03:12:58 | INFO  | _client.py:_send_single_request:1740 | HTTP Request: POST http://prefect-server:4200/api/work_pools/smarthub-pool/get_scheduled_flow_runs \"HTTP/1.1 200 OK\""}
{"ts": "2026-08-17T03:13:07.212292267Z", "container": "prefect-worker", "msg": "2026-08-17 03:13:07 | INFO  | _client.py:_send_single_request:1740 | HTTP Request: POST http://prefect-server:4200/api/work_pools/smarthub-pool/get_scheduled_flow_runs \"HTTP/1.1 200 OK\""}
{"ts": "2026-08-17T03:13:17.141929088Z", "container": "prefect-worker", "msg": "2026-08-17 03:13:17 | INFO  | _client.py:_send_single_request:1740 | HTTP Request: POST http://prefect-server:4200/api/work_pools/smarthub-pool/get_scheduled_flow_runs \"HTTP/1.1 200 OK\""}
{"ts": "2026-08-17T03:13:27.493210098Z", "container": "prefect-worker", "msg": "2026-08-17 03:13:27 | INFO  | _client.py:_send_single_request:1740 | HTTP Request: POST http://prefect-server:4200/api/work_pools/smarthub-pool/get_scheduled_flow_runs \"HTTP/1.1 200 OK\""}
{"ts": "2026-08-17T03:13:37.156428014Z", "container": "prefect-worker", "msg": "2026-08-17 03:13:37 | INFO  | _client.py:_send_single_request:1740 | HTTP Request: POST http://prefect-server:4200/api/work_pools/smarthub-pool/get_scheduled_flow_runs \"HTTP/1.1 200 OK\""}
{"ts": "2026-08-17T03:13:48.937488330Z", "container": "prefect-worker", "msg": "2026-08-17 03:13:48 | INFO  | _client.py:_send_single_request:1740 | HTTP Request: POST http://prefect-server:4200/api/work_pools/smarthub-pool/get_scheduled_flow_runs \"HTTP/1.1 200 OK\""}
{"ts": "2026-08-17T03:13:57.153419525Z", "container": "prefect-worker", "msg": "2026-08-17 03:13:57 | INFO  | _client.py:_send_single_request:1740 | HTTP Request: POST http://prefect-server:4200/api/work_pools/smarthub-pool/get_scheduled_flow_runs \"HTTP/1.1 200 OK\""}
{"ts": "2026-08-17T03:14:04.703851946Z", "container": "prefect-worker", "msg": "2026-08-17 03:14:04 | INFO  | _client.py:_send_single_request:1740 | HTTP Request: POST http://prefect-server:4200/api/work_pools/smarthub-pool/get_scheduled_flow_runs \"HTTP/1.1 200 OK\""}
{"ts": "2026-08-17T03:14:14.644081523Z", "container": "prefect-worker", "msg": "2026-08-17 03:14:14 | INFO  | _client.py:_send_single_request:1740 | HTTP Request: POST http://prefect-server:4200/api/work_pools/smarthub-pool/get_scheduled_flow_runs \"HTTP/1.1 200 OK\""}
{"ts": "2026-08-17T03:14:24.908925492Z", "container": "prefect-worker", "msg": "2026-08-17 03:14:24 | INFO  | _client.py:_send_single_request:1740 | HTTP Request: POST http://prefect-server:4200/api/work_pools/smarthub-pool/get_scheduled_flow_runs \"HTTP/1.1 200 OK\""}
{"ts": "2026-08-17T03:14:33.608537582Z", "container": "prefect-worker", "msg": "2026-08-17 03:14:33 | INFO  | _client.py:_send_single_request:1740 | HTTP Request: POST http://prefect-server:4200/api/work_pools/smarthub-pool/get_scheduled_flow_runs \"HTTP/1.1 200 OK\""}
{"ts": "2026-08-17T03:14:46.544629698Z", "container": "prefect-worker", "msg": "2026-08-17 03:14:46 | INFO  | _client.py:_send_single_request:1740 | HTTP Request: POST http://prefect-server:4200/api/work_pools/smarthub-pool/get_scheduled_flow_runs \"HTTP/1.1 200 OK\""}
{"ts": "2026-08-17T03:14:59.180347073Z", "container": "prefect-worker", "msg": "2026-08-17 03:14:59 | INFO  | _client.py:_send_single_request:1740 | HTTP Request: POST http://prefect-server:4200/api/work_pools/smarthub-pool/get_scheduled_flow_runs \"HTTP/1.1 200 OK\""}
{"ts": "2026-08-17T03:15:09.889791673Z", "container": "prefect-worker", "msg": "2026-08-17 03:15:09 | INFO  | _client.py:_send_single_request:1740 | HTTP Request: POST http://prefect-server:4200/api/work_pools/smarthub-pool/get_scheduled_flow_runs \"HTTP/1.1 200 OK\""}
{"ts": "2026-08-17T03:15:21.156892010Z", "container": "prefect-worker", "msg": "2026-08-17 03:15:21 | INFO  | _client.py:_send_single_request:1740 | HTTP Request: POST http://prefect-server:4200/api/work_pools/smarthub-pool/get_scheduled_flow_runs \"HTTP/1.1 200 OK\""}
{"ts": "2026-08-17T03:15:28.949482278Z", "container": "prefect-worker", "msg": "2026-08-17 03:15:28 | INFO  | _client.py:_send_single_request:1740 | HTTP Request: POST http://prefect-server:4200/api/work_pools/smarthub-pool/get_scheduled_flow_runs \"HTTP/1.1 200 OK\""}
{"ts": "2026-08-17T03:15:37.918913416Z", "container": "prefect-worker", "msg": "2026-08-17 03:15:37 | INFO  | _client.py:_send_single_request:1740 | HTTP Request: POST http://prefect-server:4200/api/work_pools/smarthub-pool/get_scheduled_flow_runs \"HTTP/1.1 200 OK\""}
{"ts": "2026-08-17T03:15:46.907037648Z", "container": "prefect-worker", "msg": "2026-08-17 03:15:46 | INFO  | _client.py:_send_single_request:1740 | HTTP Request: POST http://prefect-server:4200/api/work_pools/smarthub-pool/get_scheduled_flow_runs \"HTTP/1.1 200 OK\""}
{"ts": "2026-08-17T03:15:57.514566807Z", "container": "prefect-worker", "msg": "2026-08-17 03:15:57 | INFO  | _client.py:_send_single_request:1740 | HTTP Request: POST http://prefect-server:4200/api/work_pools/smarthub-pool/get_scheduled_flow_runs \"HTTP/1.1 200 OK\""}
{"ts": "2026-08-17T03:16:09.429573783Z", "container": "prefect-worker", "msg": "2026-08-17 03:16:09 | INFO  | _client.py:_send_single_request:1740 | HTTP Request: POST http://prefect-server:4200/api/work_pools/smarthub-pool/get_scheduled_flow_runs \"HTTP/1.1 200 OK\""}
{"ts": "2026-08-17T03:16:19.770526537Z", "container": "prefect-worker", "msg": "2026-08-17 03:16:19 | INFO  | _client.py:_send_single_request:1740 | HTTP Request: POST http://prefect-server:4200/api/work_pools/smarthub-pool/get_scheduled_flow_runs \"HTTP/1.1 200 OK\""}
{"ts": "2026-08-17T03:16:28.502715785Z", "container": "prefect-worker", "msg": "2026-08-17 03:16:28 | INFO  | _client.py:_send_single_request:1740 | HTTP Request: POST http://prefect-server:4200/api/work_pools/smarthub-pool/get_scheduled_flow_runs \"HTTP/1.1 200 OK\""}
{"ts": "2026-08-17T03:16:37.605756299Z", "container": "prefect-worker", "msg": "2026-08-17 03:16:37 | INFO  | _client.py:_send_single_request:1740 | HTTP Request: POST http://prefect-server:4200/api/work_pools/smarthub-pool/get_scheduled_flow_runs \"HTTP/1.1 200 OK\""}
{"ts": "2026-08-17T03:16:46.817298294Z", "container": "prefect-worker", "msg": "2026-08-17 03:16:46 | INFO  | _client.py:_send_single_request:1740 | HTTP Request: POST http://prefect-server:4200/api/work_pools/smarthub-pool/get_scheduled_flow_runs \"HTTP/1.1 200 OK\""}
{"ts": "2026-08-17T03:16:54.531776042Z", "container": "prefect-worker", "msg": "2026-08-17 03:16:54 | INFO  | _client.py:_send_single_request:1740 | HTTP Request: POST http://prefect-server:4200/api/work_pools/smarthub-pool/get_scheduled_flow_runs \"HTTP/1.1 200 OK\""}
{"ts": "2026-08-17T03:17:03.130394547Z", "container": "prefect-worker", "msg": "2026-08-17 03:17:03 | INFO  | _client.py:_send_single_request:1740 | HTTP Request: POST http://prefect-server:4200/api/work_pools/smarthub-pool/get_scheduled_flow_runs \"HTTP/1.1 200 OK\""}
{"ts": "2026-08-17T03:17:12.203036691Z", "container": "prefect-worker", "msg": "2026-08-17 03:17:12 | INFO  | _client.py:_send_single_request:1740 | HTTP Request: POST http://prefect-server:4200/api/work_pools/smarthub-pool/get_scheduled_flow_runs \"HTTP/1.1 200 OK\""}
{"ts": "2026-08-17T03:17:24.745084269Z", "container": "prefect-worker", "msg": "2026-08-17 03:17:24 | INFO  | _client.py:_send_single_request:1740 | HTTP Request: POST http://prefect-server:4200/api/work_pools/smarthub-pool/get_scheduled_flow_runs \"HTTP/1.1 200 OK\""}
{"ts": "2026-08-17T03:17:33.675690282Z", "container": "prefect-worker", "msg": "2026-08-17 03:17:33 | INFO  | _client.py:_send_single_request:1740 | HTTP Request: POST http://prefect-server:4200/api/work_pools/smarthub-pool/get_scheduled_flow_runs \"HTTP/1.1 200 OK\""}
{"ts": "2026-08-17T03:17:44.609495366Z", "container": "prefect-worker", "msg": "2026-08-17 03:17:44 | INFO  | _client.py:_send_single_request:1740 | HTTP Request: POST http://prefect-server:4200/api/work_pools/smarthub-pool/get_scheduled_flow_runs \"HTTP/1.1 200 OK\""}
{"ts": "2026-08-17T03:17:57.297226218Z", "container": "prefect-worker", "msg": "2026-08-17 03:17:57 | INFO  | _client.py:_send_single_request:1740 | HTTP Request: POST http://prefect-server:4200/api/work_pools/smarthub-pool/get_scheduled_flow_runs \"HTTP/1.1 200 OK\""}
{"ts": "2026-08-17T03:18:06.699003584Z", "container": "prefect-worker", "msg": "2026-08-17 03:18:06 | INFO  | _client.py:_send_single_request:1740 | HTTP Request: POST http://prefect-server:4200/api/work_pools/smarthub-pool/get_scheduled_flow_runs \"HTTP/1.1 200 OK\""}
{"ts": "2026-08-17T03:18:15.193931507Z", "container": "prefect-worker", "msg": "2026-08-17 03:18:15 | INFO  | _client.py:_send_single_request:1740 | HTTP Request: POST http://prefect-server:4200/api/work_pools/smarthub-pool/get_scheduled_flow_runs \"HTTP/1.1 200 OK\""}
{"ts": "2026-08-17T03:18:23.659045199Z", "container": "prefect-worker", "msg": "2026-08-17 03:18:23 | INFO  | _client.py:_send_single_request:1740 | HTTP Request: POST http://prefect-server:4200/api/work_pools/smarthub-pool/get_scheduled_flow_runs \"HTTP/1.1 200 OK\""}
{"ts": "2026-08-17T03:18:33.745969860Z", "container": "prefect-worker", "msg": "2026-08-17 03:18:33 | INFO  | _client.py:_send_single_request:1740 | HTTP Request: POST http://prefect-server:4200/api/work_pools/smarthub-pool/get_scheduled_flow_runs \"HTTP/1.1 200 OK\""}
{"ts": "2026-08-17T03:18:44.664553744Z", "container": "prefect-worker", "msg": "2026-08-17 03:18:44 | INFO  | _client.py:_send_single_request:1740 | HTTP Request: POST http://prefect-server:4200/api/work_pools/smarthub-pool/get_scheduled_flow_runs \"HTTP/1.1 200 OK\""}
{"ts": "2026-08-17T03:18:53.257539859Z", "container": "prefect-worker", "msg": "2026-08-17 03:18:53 | INFO  | _client.py:_send_single_request:1740 | HTTP Request: POST http://prefect-server:4200/api/work_pools/smarthub-pool/get_scheduled_flow_runs \"HTTP/1.1 200 OK\""}
{"ts": "2026-08-17T03:19:03.809643370Z", "container": "prefect-worker", "msg": "2026-08-17 03:19:03 | INFO  | _client.py:_send_single_request:1740 | HTTP Request: POST http://prefect-server:4200/api/work_pools/smarthub-pool/get_scheduled_flow_runs \"HTTP/1.1 200 OK\""}
{"ts": "2026-08-17T03:19:11.857811904Z", "container": "prefect-worker", "msg": "2026-08-17 03:19:11 | INFO  | _client.py:_send_single_request:1740 | HTTP Request: POST http://prefect-server:4200/api/work_pools/smarthub-pool/get_scheduled_flow_runs \"HTTP/1.1 200 OK\""}
{"ts": "2026-08-17T03:19:24.355661347Z", "container": "prefect-worker", "msg": "2026-08-17 03:19:24 | INFO  | _client.py:_send_single_request:1740 | HTTP Request: POST http://prefect-server:4200/api/work_pools/smarthub-pool/get_scheduled_flow_runs \"HTTP/1.1 200 OK\""}
{"ts": "2026-08-17T03:19:33.919930709Z", "container": "prefect-worker", "msg": "2026-08-17 03:19:33 | INFO  | _client.py:_send_single_request:1740 | HTTP Request: POST http://prefect-server:4200/api/work_pools/smarthub-pool/get_scheduled_flow_runs \"HTTP/1.1 200 OK\""}
{"ts": "2026-08-17T03:19:42.101318099Z", "container": "prefect-worker", "msg": "2026-08-17 03:19:42 | INFO  | _client.py:_send_single_request:1740 | HTTP Request: POST http://prefect-server:4200/api/work_pools/smarthub-pool/get_scheduled_flow_runs \"HTTP/1.1 200 OK\""}
{"ts": "2026-08-17T03:19:50.301351673Z", "container": "prefect-worker", "msg": "2026-08-17 03:19:50 | INFO  | _client.py:_send_single_request:1740 | HTTP Request: POST http://prefect-server:4200/api/work_pools/smarthub-pool/get_scheduled_flow_runs \"HTTP/1.1 200 OK\""}
{"ts": "2026-08-17T03:20:00.293908111Z", "container": "prefect-worker", "msg": "2026-08-17 03:20:00 | INFO  | _client.py:_send_single_request:1740 | HTTP Request: POST http://prefect-server:4200/api/work_pools/smarthub-pool/get_scheduled_flow_runs \"HTTP/1.1 200 OK\""}
{"ts": "2026-08-17T03:20:11.845736652Z", "container": "prefect-worker", "msg": "2026-08-17 03:20:11 | INFO  | _client.py:_send_single_request:1740 | HTTP Request: POST http://prefect-server:4200/api/work_pools/smarthub-pool/get_scheduled_flow_runs \"HTTP/1.1 200 OK\""}
{"ts": "2026-08-17T03:20:24.655754983Z", "container": "prefect-worker", "msg": "2026-08-17 03:20:24 | INFO  | _client.py:_send_single_request:1740 | HTTP Request: POST http://prefect-server:4200/api/work_pools/smarthub-pool/get_scheduled_flow_runs \"HTTP/1.1 200 OK\""}
{"ts": "2026-08-17T03:20:33.885878235Z", "container": "prefect-worker", "msg": "2026-08-17 03:20:33 | INFO  | _client.py:_send_single_request:1740 | HTTP Request: POST http://prefect-server:4200/api/work_pools/smarthub-pool/get_scheduled_flow_runs \"HTTP/1.1 200 OK\""}
{"ts": "2026-08-17T03:20:46.127061553Z", "container": "prefect-worker", "msg": "2026-08-17 03:20:46 | INFO  | _client.py:_send_single_request:1740 | HTTP Request: POST http://prefect-server:4200/api/work_pools/smarthub-pool/get_scheduled_flow_runs \"HTTP/1.1 200 OK\""}
{"ts": "2026-08-17T03:20:53.979011962Z", "container": "prefect-worker", "msg": "2026-08-17 03:20:53 | INFO  | _client.py:_send_single_request:1740 | HTTP Request: POST http://prefect-server:4200/api/work_pools/smarthub-pool/get_scheduled_flow_runs \"HTTP/1.1 200 OK\""}
{"ts": "2026-08-17T03:21:02.665073013Z", "container": "prefect-worker", "msg": "2026-08-17 03:21:02 | INFO  | _client.py:_send_single_request:1740 | HTTP Request: POST http://prefect-server:4200/api/work_pools/smarthub-pool/get_scheduled_flow_runs \"HTTP/1.1 200 OK\""}
{"ts": "2026-08-17T03:21:12.073951545Z", "container": "prefect-worker", "msg": "2026-08-17 03:21:12 | INFO  | _client.py:_send_single_request:1740 | HTTP Request: POST http://prefect-server:4200/api/work_pools/smarthub-pool/get_scheduled_flow_runs \"HTTP/1.1 200 OK\""}
{"ts": "2026-08-17T03:21:23.173815645Z", "container": "prefect-worker", "msg": "2026-08-17 03:21:23 | INFO  | _client.py:_send_single_request:1740 | HTTP Request: POST http://prefect-server:4200/api/work_pools/smarthub-pool/get_scheduled_flow_runs \"HTTP/1.1 200 OK\""}
{"ts": "2026-08-17T03:21:35.582832422Z", "container": "prefect-worker", "msg": "2026-08-17 03:21:35 | INFO  | _client.py:_send_single_request:1740 | HTTP Request: POST http://prefect-server:4200/api/work_pools/smarthub-pool/get_scheduled_flow_runs \"HTTP/1.1 200 OK\""}
{"ts": "2026-08-17T03:21:43.617466462Z", "container": "prefect-worker", "msg": "2026-08-17 03:21:43 | INFO  | _client.py:_send_single_request:1740 | HTTP Request: POST http://prefect-server:4200/api/work_pools/smarthub-pool/get_scheduled_flow_runs \"HTTP/1.1 200 OK\""}
{"ts": "2026-08-17T03:21:52.796773476Z", "container": "prefect-worker", "msg": "2026-08-17 03:21:52 | INFO  | _client.py:_send_single_request:1740 | HTTP Request: POST http://prefect-server:4200/api/work_pools/smarthub-pool/get_scheduled_flow_runs \"HTTP/1.1 200 OK\""}
{"ts": "2026-08-17T03:22:00.873793932Z", "container": "prefect-worker", "msg": "2026-08-17 03:22:00 | INFO  | _client.py:_send_single_request:1740 | HTTP Request: POST http://prefect-server:4200/api/work_pools/smarthub-pool/get_scheduled_flow_runs \"HTTP/1.1 200 OK\""}
{"ts": "2026-08-17T03:22:10.780557555Z", "container": "prefect-worker", "msg": "2026-08-17 03:22:10 | INFO  | _client.py:_send_single_request:1740 | HTTP Request: POST http://prefect-server:4200/api/work_pools/smarthub-pool/get_scheduled_flow_runs \"HTTP/1.1 200 OK\""}
{"ts": "2026-08-17T03:22:20.813493912Z", "container": "prefect-worker", "msg": "2026-08-17 03:22:20 | INFO  | _client.py:_send_single_request:1740 | HTTP Request: POST http://prefect-server:4200/api/work_pools/smarthub-pool/get_scheduled_flow_runs \"HTTP/1.1 200 OK\""}
{"ts": "2026-08-17T03:22:29.652036722Z", "container": "prefect-worker", "msg": "2026-08-17 03:22:29 | INFO  | _client.py:_send_single_request:1740 | HTTP Request: POST http://prefect-server:4200/api/work_pools/smarthub-pool/get_scheduled_flow_runs \"HTTP/1.1 200 OK\""}
{"ts": "2026-08-17T03:22:38.934393590Z", "container": "prefect-worker", "msg": "2026-08-17 03:22:38 | INFO  | _client.py:_send_single_request:1740 | HTTP Request: POST http://prefect-server:4200/api/work_pools/smarthub-pool/get_scheduled_flow_runs \"HTTP/1.1 200 OK\""}
{"ts": "2026-08-17T03:22:49.603988427Z", "container": "prefect-worker", "msg": "2026-08-17 03:22:49 | INFO  | _client.py:_send_single_request:1740 | HTTP Request: POST http://prefect-server:4200/api/work_pools/smarthub-pool/get_scheduled_flow_runs \"HTTP/1.1 200 OK\""}
{"ts": "2026-08-17T03:23:00.683565435Z", "container": "prefect-worker", "msg": "2026-08-17 03:23:00 | INFO  | _client.py:_send_single_request:1740 | HTTP Request: POST http://prefect-server:4200/api/work_pools/smarthub-pool/get_scheduled_flow_runs \"HTTP/1.1 200 OK\""}
{"ts": "2026-08-17T03:23:08.875390851Z", "container": "prefect-worker", "msg": "2026-08-17 03:23:08 | INFO  | _client.py:_send_single_request:1740 | HTTP Request: POST http://prefect-server:4200/api/work_pools/smarthub-pool/get_scheduled_flow_runs \"HTTP/1.1 200 OK\""}
{"ts": "2026-08-17T03:23:18.217583787Z", "container": "prefect-worker", "msg": "2026-08-17 03:23:18 | INFO  | _client.py:_send_single_request:1740 | HTTP Request: POST http://prefect-server:4200/api/work_pools/smarthub-pool/get_scheduled_flow_runs \"HTTP/1.1 200 OK\""}
{"ts": "2026-08-17T03:23:26.189451349Z", "container": "prefect-worker", "msg": "2026-08-17 03:23:26 | INFO  | _client.py:_send_single_request:1740 | HTTP Request: POST http://prefect-server:4200/api/work_pools/smarthub-pool/get_scheduled_flow_runs \"HTTP/1.1 200 OK\""}
{"ts": "2026-08-17T03:23:39.117754921Z", "container": "prefect-worker", "msg": "2026-08-17 03:23:39 | INFO  | _client.py:_send_single_request:1740 | HTTP Request: POST http://prefect-server:4200/api/work_pools/smarthub-pool/get_scheduled_flow_runs \"HTTP/1.1 200 OK\""}
{"ts": "2026-08-17T03:23:47.000312230Z", "container": "prefect-worker", "msg": "2026-08-17 03:23:47 | INFO  | _client.py:_send_single_request:1740 | HTTP Request: POST http://prefect-server:4200/api/work_pools/smarthub-pool/get_scheduled_flow_runs \"HTTP/1.1 200 OK\""}
{"ts": "2026-08-17T03:23:54.576179011Z", "container": "prefect-worker", "msg": "2026-08-17 03:23:54 | INFO  | _client.py:_send_single_request:1740 | HTTP Request: POST http://prefect-server:4200/api/work_pools/smarthub-pool/get_scheduled_flow_runs \"HTTP/1.1 200 OK\""}
{"ts": "2026-08-17T03:24:02.213351730Z", "container": "prefect-worker", "msg": "2026-08-17 03:24:02 | INFO  | _client.py:_send_single_request:1740 | HTTP Request: POST http://prefect-server:4200/api/work_pools/smarthub-pool/get_scheduled_flow_runs \"HTTP/1.1 200 OK\""}
{"ts": "2026-08-17T03:24:12.865315054Z", "container": "prefect-worker", "msg": "2026-08-17 03:24:12 | INFO  | _client.py:_send_single_request:1740 | HTTP Request: POST http://prefect-server:4200/api/work_pools/smarthub-pool/get_scheduled_flow_runs \"HTTP/1.1 200 OK\""}
{"ts": "2026-08-17T03:24:21.498356869Z", "container": "prefect-worker", "msg": "2026-08-17 03:24:21 | INFO  | _client.py:_send_single_request:1740 | HTTP Request: POST http://prefect-server:4200/api/work_pools/smarthub-pool/get_scheduled_flow_runs \"HTTP/1.1 200 OK\""}
{"ts": "2026-08-17T03:24:29.655006962Z", "container": "prefect-worker", "msg": "2026-08-17 03:24:29 | INFO  | _client.py:_send_single_request:1740 | HTTP Request: POST http://prefect-server:4200/api/work_pools/smarthub-pool/get_scheduled_flow_runs \"HTTP/1.1 200 OK\""}
{"ts": "2026-08-17T03:24:39.242083310Z", "container": "prefect-worker", "msg": "2026-08-17 03:24:39 | INFO  | _client.py:_send_single_request:1740 | HTTP Request: POST http://prefect-server:4200/api/work_pools/smarthub-pool/get_scheduled_flow_runs \"HTTP/1.1 200 OK\""}
{"ts": "2026-08-17T03:24:51.514387969Z", "container": "prefect-worker", "msg": "2026-08-17 03:24:51 | INFO  | _client.py:_send_single_request:1740 | HTTP Request: POST http://prefect-server:4200/api/work_pools/smarthub-pool/get_scheduled_flow_runs \"HTTP/1.1 200 OK\""}
{"ts": "2026-08-17T03:25:04.445265797Z", "container": "prefect-worker", "msg": "2026-08-17 03:25:04 | INFO  | _client.py:_send_single_request:1740 | HTTP Request: POST http://prefect-server:4200/api/work_pools/smarthub-pool/get_scheduled_flow_runs \"HTTP/1.1 200 OK\""}
{"ts": "2026-08-17T03:25:15.015123426Z", "container": "prefect-worker", "msg": "2026-08-17 03:25:15 | INFO  | _client.py:_send_single_request:1740 | HTTP Request: POST http://prefect-server:4200/api/work_pools/smarthub-pool/get_scheduled_flow_runs \"HTTP/1.1 200 OK\""}
{"ts": "2026-08-17T03:25:22.909831123Z", "container": "prefect-worker", "msg": "2026-08-17 03:25:22 | INFO  | _client.py:_send_single_request:1740 | HTTP Request: POST http://prefect-server:4200/api/work_pools/smarthub-pool/get_scheduled_flow_runs \"HTTP/1.1 200 OK\""}
{"ts": "2026-08-17T03:25:33.378221125Z", "container": "prefect-worker", "msg": "2026-08-17 03:25:33 | INFO  | _client.py:_send_single_request:1740 | HTTP Request: POST http://prefect-server:4200/api/work_pools/smarthub-pool/get_scheduled_flow_runs \"HTTP/1.1 200 OK\""}
{"ts": "2026-08-17T03:25:46.170782429Z", "container": "prefect-worker", "msg": "2026-08-17 03:25:46 | INFO  | _client.py:_send_single_request:1740 | HTTP Request: POST http://prefect-server:4200/api/work_pools/smarthub-pool/get_scheduled_flow_runs \"HTTP/1.1 200 OK\""}
{"ts": "2026-08-17T03:25:55.749612407Z", "container": "prefect-worker", "msg": "2026-08-17 03:25:55 | INFO  | _client.py:_send_single_request:1740 | HTTP Request: POST http://prefect-server:4200/api/work_pools/smarthub-pool/get_scheduled_flow_runs \"HTTP/1.1 200 OK\""}
{"ts": "2026-08-17T03:26:04.460466424Z", "container": "prefect-worker", "msg": "2026-08-17 03:26:04 | INFO  | _client.py:_send_single_request:1740 | HTTP Request: POST http://prefect-server:4200/api/work_pools/smarthub-pool/get_scheduled_flow_runs \"HTTP/1.1 200 OK\""}
{"ts": "2026-08-17T03:26:14.470378892Z", "container": "prefect-worker", "msg": "2026-08-17 03:26:14 | INFO  | _client.py:_send_single_request:1740 | HTTP Request: POST http://prefect-server:4200/api/work_pools/smarthub-pool/get_scheduled_flow_runs \"HTTP/1.1 200 OK\""}
{"ts": "2026-08-17T03:26:27.479523788Z", "container": "prefect-worker", "msg": "2026-08-17 03:26:27 | INFO  | _client.py:_send_single_request:1740 | HTTP Request: POST http://prefect-server:4200/api/work_pools/smarthub-pool/get_scheduled_flow_runs \"HTTP/1.1 200 OK\""}
{"ts": "2026-08-17T03:26:35.203374392Z", "container": "prefect-worker", "msg": "2026-08-17 03:26:35 | INFO  | _client.py:_send_single_request:1740 | HTTP Request: POST http://prefect-server:4200/api/work_pools/smarthub-pool/get_scheduled_flow_runs \"HTTP/1.1 200 OK\""}
{"ts": "2026-08-17T03:26:43.486318177Z", "container": "prefect-worker", "msg": "2026-08-17 03:26:43 | INFO  | _client.py:_send_single_request:1740 | HTTP Request: POST http://prefect-server:4200/api/work_pools/smarthub-pool/get_scheduled_flow_runs \"HTTP/1.1 200 OK\""}
{"ts": "2026-08-17T03:26:52.134789988Z", "container": "prefect-worker", "msg": "2026-08-17 03:26:52 | INFO  | _client.py:_send_single_request:1740 | HTTP Request: POST http://prefect-server:4200/api/work_pools/smarthub-pool/get_scheduled_flow_runs \"HTTP/1.1 200 OK\""}
{"ts": "2026-08-17T03:27:00.964478661Z", "container": "prefect-worker", "msg": "2026-08-17 03:27:00 | INFO  | _client.py:_send_single_request:1740 | HTTP Request: POST http://prefect-server:4200/api/work_pools/smarthub-pool/get_scheduled_flow_runs \"HTTP/1.1 200 OK\""}
{"ts": "2026-08-17T03:27:09.717408897Z", "container": "prefect-worker", "msg": "2026-08-17 03:27:09 | INFO  | _client.py:_send_single_request:1740 | HTTP Request: POST http://prefect-server:4200/api/work_pools/smarthub-pool/get_scheduled_flow_runs \"HTTP/1.1 200 OK\""}
{"ts": "2026-08-17T03:27:18.050001083Z", "container": "prefect-worker", "msg": "2026-08-17 03:27:18 | INFO  | _client.py:_send_single_request:1740 | HTTP Request: POST http://prefect-server:4200/api/work_pools/smarthub-pool/get_scheduled_flow_runs \"HTTP/1.1 200 OK\""}
{"ts": "2026-08-17T03:27:27.337354521Z", "container": "prefect-worker", "msg": "2026-08-17 03:27:27 | INFO  | _client.py:_send_single_request:1740 | HTTP Request: POST http://prefect-server:4200/api/work_pools/smarthub-pool/get_scheduled_flow_runs \"HTTP/1.1 200 OK\""}
{"ts": "2026-08-17T03:27:37.098018479Z", "container": "prefect-worker", "msg": "2026-08-17 03:27:37 | INFO  | _client.py:_send_single_request:1740 | HTTP Request: POST http://prefect-server:4200/api/work_pools/smarthub-pool/get_scheduled_flow_runs \"HTTP/1.1 200 OK\""}
{"ts": "2026-08-17T03:27:47.706341930Z", "container": "prefect-worker", "msg": "2026-08-17 03:27:47 | INFO  | _client.py:_send_single_request:1740 | HTTP Request: POST http://prefect-server:4200/api/work_pools/smarthub-pool/get_scheduled_flow_runs \"HTTP/1.1 200 OK\""}
{"ts": "2026-08-17T03:27:57.773420826Z", "container": "prefect-worker", "msg": "2026-08-17 03:27:57 | INFO  | _client.py:_send_single_request:1740 | HTTP Request: POST http://prefect-server:4200/api/work_pools/smarthub-pool/get_scheduled_flow_runs \"HTTP/1.1 200 OK\""}
{"ts": "2026-08-17T03:28:08.482090553Z", "container": "prefect-worker", "msg": "2026-08-17 03:28:08 | INFO  | _client.py:_send_single_request:1740 | HTTP Request: POST http://prefect-server:4200/api/work_pools/smarthub-pool/get_scheduled_flow_runs \"HTTP/1.1 200 OK\""}
{"ts": "2026-08-17T03:28:18.521865736Z", "container": "prefect-worker", "msg": "2026-08-17 03:28:18 | INFO  | _client.py:_send_single_request:1740 | HTTP Request: POST http://prefect-server:4200/api/work_pools/smarthub-pool/get_scheduled_flow_runs \"HTTP/1.1 200 OK\""}
{"ts": "2026-08-17T03:28:29.348911922Z", "container": "prefect-worker", "msg": "2026-08-17 03:28:29 | INFO  | _client.py:_send_single_request:1740 | HTTP Request: POST http://prefect-server:4200/api/work_pools/smarthub-pool/get_scheduled_flow_runs \"HTTP/1.1 200 OK\""}
{"ts": "2026-08-17T03:28:38.897431573Z", "container": "prefect-worker", "msg": "2026-08-17 03:28:38 | INFO  | _client.py:_send_single_request:1740 | HTTP Request: POST http://prefect-server:4200/api/work_pools/smarthub-pool/get_scheduled_flow_runs \"HTTP/1.1 200 OK\""}
{"ts": "2026-08-17T03:28:47.801685754Z", "container": "prefect-worker", "msg": "2026-08-17 03:28:47 | INFO  | _client.py:_send_single_request:1740 | HTTP Request: POST http://prefect-server:4200/api/work_pools/smarthub-pool/get_scheduled_flow_runs \"HTTP/1.1 200 OK\""}
{"ts": "2026-08-17T03:28:55.773933018Z", "container": "prefect-worker", "msg": "2026-08-17 03:28:55 | INFO  | _client.py:_send_single_request:1740 | HTTP Request: POST http://prefect-server:4200/api/work_pools/smarthub-pool/get_scheduled_flow_runs \"HTTP/1.1 200 OK\""}
{"ts": "2026-08-17T03:29:07.986575660Z", "container": "prefect-worker", "msg": "2026-08-17 03:29:07 | INFO  | _client.py:_send_single_request:1740 | HTTP Request: POST http://prefect-server:4200/api/work_pools/smarthub-pool/get_scheduled_flow_runs \"HTTP/1.1 200 OK\""}
{"ts": "2026-08-17T03:29:18.093071223Z", "container": "prefect-worker", "msg": "2026-08-17 03:29:18 | INFO  | _client.py:_send_single_request:1740 | HTTP Request: POST http://prefect-server:4200/api/work_pools/smarthub-pool/get_scheduled_flow_runs \"HTTP/1.1 200 OK\""}
{"ts": "2026-08-17T03:29:27.273366949Z", "container": "prefect-worker", "msg": "2026-08-17 03:29:27 | INFO  | _client.py:_send_single_request:1740 | HTTP Request: POST http://prefect-server:4200/api/work_pools/smarthub-pool/get_scheduled_flow_runs \"HTTP/1.1 200 OK\""}
{"ts": "2026-08-17T03:29:36.417229193Z", "container": "prefect-worker", "msg": "2026-08-17 03:29:36 | INFO  | _client.py:_send_single_request:1740 | HTTP Request: POST http://prefect-server:4200/api/work_pools/smarthub-pool/get_scheduled_flow_runs \"HTTP/1.1 200 OK\""}
{"ts": "2026-08-17T03:29:47.142496092Z", "container": "prefect-worker", "msg": "2026-08-17 03:29:47 | INFO  | _client.py:_send_single_request:1740 | HTTP Request: POST http://prefect-server:4200/api/work_pools/smarthub-pool/get_scheduled_flow_runs \"HTTP/1.1 200 OK\""}
{"ts": "2026-08-17T03:29:57.151672017Z", "container": "prefect-worker", "msg": "2026-08-17 03:29:57 | INFO  | _client.py:_send_single_request:1740 | HTTP Request: POST http://prefect-server:4200/api/work_pools/smarthub-pool/get_scheduled_flow_runs \"HTTP/1.1 200 OK\""}
{"ts": "2026-08-17T03:30:07.565411688Z", "container": "prefect-worker", "msg": "2026-08-17 03:30:07 | INFO  | _client.py:_send_single_request:1740 | HTTP Request: POST http://prefect-server:4200/api/work_pools/smarthub-pool/get_scheduled_flow_runs \"HTTP/1.1 200 OK\""}
{"ts": "2026-08-17T03:30:15.801810793Z", "container": "prefect-worker", "msg": "2026-08-17 03:30:15 | INFO  | _client.py:_send_single_request:1740 | HTTP Request: POST http://prefect-server:4200/api/work_pools/smarthub-pool/get_scheduled_flow_runs \"HTTP/1.1 200 OK\""}
{"ts": "2026-08-17T03:30:27.333779109Z", "container": "prefect-worker", "msg": "2026-08-17 03:30:27 | INFO  | _client.py:_send_single_request:1740 | HTTP Request: POST http://prefect-server:4200/api/work_pools/smarthub-pool/get_scheduled_flow_runs \"HTTP/1.1 200 OK\""}
{"ts": "2026-08-17T03:30:35.383894921Z", "container": "prefect-worker", "msg": "2026-08-17 03:30:35 | INFO  | _client.py:_send_single_request:1740 | HTTP Request: POST http://prefect-server:4200/api/work_pools/smarthub-pool/get_scheduled_flow_runs \"HTTP/1.1 200 OK\""}
{"ts": "2026-08-17T03:30:46.417627630Z", "container": "prefect-worker", "msg": "2026-08-17 03:30:46 | INFO  | _client.py:_send_single_request:1740 | HTTP Request: POST http://prefect-server:4200/api/work_pools/smarthub-pool/get_scheduled_flow_runs \"HTTP/1.1 200 OK\""}
{"ts": "2026-08-17T03:30:55.883584002Z", "container": "prefect-worker", "msg": "2026-08-17 03:30:55 | INFO  | _client.py:_send_single_request:1740 | HTTP Request: POST http://prefect-server:4200/api/work_pools/smarthub-pool/get_scheduled_flow_runs \"HTTP/1.1 200 OK\""}
{"ts": "2026-08-17T03:31:08.225362184Z", "container": "prefect-worker", "msg": "2026-08-17 03:31:08 | INFO  | _client.py:_send_single_request:1740 | HTTP Request: POST http://prefect-server:4200/api/work_pools/smarthub-pool/get_scheduled_flow_runs \"HTTP/1.1 200 OK\""}
{"ts": "2026-08-17T03:31:17.830062676Z", "container": "prefect-worker", "msg": "2026-08-17 03:31:17 | INFO  | _client.py:_send_single_request:1740 | HTTP Request: POST http://prefect-server:4200/api/work_pools/smarthub-pool/get_scheduled_flow_runs \"HTTP/1.1 200 OK\""}
{"ts": "2026-08-17T03:31:28.026172227Z", "container": "prefect-worker", "msg": "2026-08-17 03:31:28 | INFO  | _client.py:_send_single_request:1740 | HTTP Request: POST http://prefect-server:4200/api/work_pools/smarthub-pool/get_scheduled_flow_runs \"HTTP/1.1 200 OK\""}
{"ts": "2026-08-17T03:31:35.761600213Z", "container": "prefect-worker", "msg": "2026-08-17 03:31:35 | INFO  | _client.py:_send_single_request:1740 | HTTP Request: POST http://prefect-server:4200/api/work_pools/smarthub-pool/get_scheduled_flow_runs \"HTTP/1.1 200 OK\""}
{"ts": "2026-08-17T03:31:47.509885333Z", "container": "prefect-worker", "msg": "2026-08-17 03:31:47 | INFO  | _client.py:_send_single_request:1740 | HTTP Request: POST http://prefect-server:4200/api/work_pools/smarthub-pool/get_scheduled_flow_runs \"HTTP/1.1 200 OK\""}
{"ts": "2026-08-17T03:31:56.868056843Z", "container": "prefect-worker", "msg": "2026-08-17 03:31:56 | INFO  | _client.py:_send_single_request:1740 | HTTP Request: POST http://prefect-server:4200/api/work_pools/smarthub-pool/get_scheduled_flow_runs \"HTTP/1.1 200 OK\""}
{"ts": "2026-08-17T03:32:04.513535055Z", "container": "prefect-worker", "msg": "2026-08-17 03:32:04 | INFO  | _client.py:_send_single_request:1740 | HTTP Request: POST http://prefect-server:4200/api/work_pools/smarthub-pool/get_scheduled_flow_runs \"HTTP/1.1 200 OK\""}
{"ts": "2026-08-17T03:32:14.090855242Z", "container": "prefect-worker", "msg": "2026-08-17 03:32:14 | INFO  | _client.py:_send_single_request:1740 | HTTP Request: POST http://prefect-server:4200/api/work_pools/smarthub-pool/get_scheduled_flow_runs \"HTTP/1.1 200 OK\""}
{"ts": "2026-08-17T03:32:22.095707167Z", "container": "prefect-worker", "msg": "2026-08-17 03:32:22 | INFO  | _client.py:_send_single_request:1740 | HTTP Request: POST http://prefect-server:4200/api/work_pools/smarthub-pool/get_scheduled_flow_runs \"HTTP/1.1 200 OK\""}
{"ts": "2026-08-17T03:32:32.749624486Z", "container": "prefect-worker", "msg": "2026-08-17 03:32:32 | INFO  | _client.py:_send_single_request:1740 | HTTP Request: POST http://prefect-server:4200/api/work_pools/smarthub-pool/get_scheduled_flow_runs \"HTTP/1.1 200 OK\""}
{"ts": "2026-08-17T03:32:40.898275776Z", "container": "prefect-worker", "msg": "2026-08-17 03:32:40 | INFO  | _client.py:_send_single_request:1740 | HTTP Request: POST http://prefect-server:4200/api/work_pools/smarthub-pool/get_scheduled_flow_runs \"HTTP/1.1 200 OK\""}
{"ts": "2026-08-17T03:32:49.148425912Z", "container": "prefect-worker", "msg": "2026-08-17 03:32:49 | INFO  | _client.py:_send_single_request:1740 | HTTP Request: POST http://prefect-server:4200/api/work_pools/smarthub-pool/get_scheduled_flow_runs \"HTTP/1.1 200 OK\""}
{"ts": "2026-08-17T03:33:01.490814312Z", "container": "prefect-worker", "msg": "2026-08-17 03:33:01 | INFO  | _client.py:_send_single_request:1740 | HTTP Request: POST http://prefect-server:4200/api/work_pools/smarthub-pool/get_scheduled_flow_runs \"HTTP/1.1 200 OK\""}
{"ts": "2026-08-17T03:33:10.967611981Z", "container": "prefect-worker", "msg": "2026-08-17 03:33:10 | INFO  | _client.py:_send_single_request:1740 | HTTP Request: POST http://prefect-server:4200/api/work_pools/smarthub-pool/get_scheduled_flow_runs \"HTTP/1.1 200 OK\""}
{"ts": "2026-08-17T03:33:19.929948953Z", "container": "prefect-worker", "msg": "2026-08-17 03:33:19 | INFO  | _client.py:_send_single_request:1740 | HTTP Request: POST http://prefect-server:4200/api/work_pools/smarthub-pool/get_scheduled_flow_runs \"HTTP/1.1 200 OK\""}
{"ts": "2026-08-17T03:33:29.139959949Z", "container": "prefect-worker", "msg": "2026-08-17 03:33:29 | INFO  | _client.py:_send_single_request:1740 | HTTP Request: POST http://prefect-server:4200/api/work_pools/smarthub-pool/get_scheduled_flow_runs \"HTTP/1.1 200 OK\""}
{"ts": "2026-08-17T03:33:40.596617769Z", "container": "prefect-worker", "msg": "2026-08-17 03:33:40 | INFO  | _client.py:_send_single_request:1740 | HTTP Request: POST http://prefect-server:4200/api/work_pools/smarthub-pool/get_scheduled_flow_runs \"HTTP/1.1 200 OK\""}
{"ts": "2026-08-17T03:33:50.612871566Z", "container": "prefect-worker", "msg": "2026-08-17 03:33:50 | INFO  | _client.py:_send_single_request:1740 | HTTP Request: POST http://prefect-server:4200/api/work_pools/smarthub-pool/get_scheduled_flow_runs \"HTTP/1.1 200 OK\""}
{"ts": "2026-08-17T03:34:03.070021575Z", "container": "prefect-worker", "msg": "2026-08-17 03:34:03 | INFO  | _client.py:_send_single_request:1740 | HTTP Request: POST http://prefect-server:4200/api/work_pools/smarthub-pool/get_scheduled_flow_runs \"HTTP/1.1 200 OK\""}
{"ts": "2026-08-17T03:34:14.451661458Z", "container": "prefect-worker", "msg": "2026-08-17 03:34:14 | INFO  | _client.py:_send_single_request:1740 | HTTP Request: POST http://prefect-server:4200/api/work_pools/smarthub-pool/get_scheduled_flow_runs \"HTTP/1.1 200 OK\""}
{"ts": "2026-08-17T03:34:23.681962557Z", "container": "prefect-worker", "msg": "2026-08-17 03:34:23 | INFO  | _client.py:_send_single_request:1740 | HTTP Request: POST http://prefect-server:4200/api/work_pools/smarthub-pool/get_scheduled_flow_runs \"HTTP/1.1 200 OK\""}
{"ts": "2026-08-17T03:34:35.985027408Z", "container": "prefect-worker", "msg": "2026-08-17 03:34:35 | INFO  | _client.py:_send_single_request:1740 | HTTP Request: POST http://prefect-server:4200/api/work_pools/smarthub-pool/get_scheduled_flow_runs \"HTTP/1.1 200 OK\""}
{"ts": "2026-08-17T03:34:44.444766463Z", "container": "prefect-worker", "msg": "2026-08-17 03:34:44 | INFO  | _client.py:_send_single_request:1740 | HTTP Request: POST http://prefect-server:4200/api/work_pools/smarthub-pool/get_scheduled_flow_runs \"HTTP/1.1 200 OK\""}
{"ts": "2026-08-17T03:34:52.837139736Z", "container": "prefect-worker", "msg": "2026-08-17 03:34:52 | INFO  | _client.py:_send_single_request:1740 | HTTP Request: POST http://prefect-server:4200/api/work_pools/smarthub-pool/get_scheduled_flow_runs \"HTTP/1.1 200 OK\""}
{"ts": "2026-08-17T03:35:03.506521590Z", "container": "prefect-worker", "msg": "2026-08-17 03:35:03 | INFO  | _client.py:_send_single_request:1740 | HTTP Request: POST http://prefect-server:4200/api/work_pools/smarthub-pool/get_scheduled_flow_runs \"HTTP/1.1 200 OK\""}
{"ts": "2026-08-17T03:35:12.813566829Z", "container": "prefect-worker", "msg": "2026-08-17 03:35:12 | INFO  | _client.py:_send_single_request:1740 | HTTP Request: POST http://prefect-server:4200/api/work_pools/smarthub-pool/get_scheduled_flow_runs \"HTTP/1.1 200 OK\""}
{"ts": "2026-08-17T03:35:21.968392168Z", "container": "prefect-worker", "msg": "2026-08-17 03:35:21 | INFO  | _client.py:_send_single_request:1740 | HTTP Request: POST http://prefect-server:4200/api/work_pools/smarthub-pool/get_scheduled_flow_runs \"HTTP/1.1 200 OK\""}
{"ts": "2026-08-17T03:35:30.208302425Z", "container": "prefect-worker", "msg": "2026-08-17 03:35:30 | INFO  | _client.py:_send_single_request:1740 | HTTP Request: POST http://prefect-server:4200/api/work_pools/smarthub-pool/get_scheduled_flow_runs \"HTTP/1.1 200 OK\""}
{"ts": "2026-08-17T03:35:42.765669101Z", "container": "prefect-worker", "msg": "2026-08-17 03:35:42 | INFO  | _client.py:_send_single_request:1740 | HTTP Request: POST http://prefect-server:4200/api/work_pools/smarthub-pool/get_scheduled_flow_runs \"HTTP/1.1 200 OK\""}
{"ts": "2026-08-17T03:35:52.688672467Z", "container": "prefect-worker", "msg": "2026-08-17 03:35:52 | INFO  | _client.py:_send_single_request:1740 | HTTP Request: POST http://prefect-server:4200/api/work_pools/smarthub-pool/get_scheduled_flow_runs \"HTTP/1.1 200 OK\""}
{"ts": "2026-08-17T03:36:01.051137049Z", "container": "prefect-worker", "msg": "2026-08-17 03:36:01 | INFO  | _client.py:_send_single_request:1740 | HTTP Request: POST http://prefect-server:4200/api/work_pools/smarthub-pool/get_scheduled_flow_runs \"HTTP/1.1 200 OK\""}
{"ts": "2026-08-17T03:36:12.729572039Z", "container": "prefect-worker", "msg": "2026-08-17 03:36:12 | INFO  | _client.py:_send_single_request:1740 | HTTP Request: POST http://prefect-server:4200/api/work_pools/smarthub-pool/get_scheduled_flow_runs \"HTTP/1.1 200 OK\""}
{"ts": "2026-08-17T03:36:24.614264151Z", "container": "prefect-worker", "msg": "2026-08-17 03:36:24 | INFO  | _client.py:_send_single_request:1740 | HTTP Request: POST http://prefect-server:4200/api/work_pools/smarthub-pool/get_scheduled_flow_runs \"HTTP/1.1 200 OK\""}
{"ts": "2026-08-17T03:36:34.646202238Z", "container": "prefect-worker", "msg": "2026-08-17 03:36:34 | INFO  | _client.py:_send_single_request:1740 | HTTP Request: POST http://prefect-server:4200/api/work_pools/smarthub-pool/get_scheduled_flow_runs \"HTTP/1.1 200 OK\""}
{"ts": "2026-08-17T03:36:45.027288197Z", "container": "prefect-worker", "msg": "2026-08-17 03:36:45 | INFO  | _client.py:_send_single_request:1740 | HTTP Request: POST http://prefect-server:4200/api/work_pools/smarthub-pool/get_scheduled_flow_runs \"HTTP/1.1 200 OK\""}
{"ts": "2026-08-17T03:36:52.703181690Z", "container": "prefect-worker", "msg": "2026-08-17 03:36:52 | INFO  | _client.py:_send_single_request:1740 | HTTP Request: POST http://prefect-server:4200/api/work_pools/smarthub-pool/get_scheduled_flow_runs \"HTTP/1.1 200 OK\""}
{"ts": "2026-08-17T03:37:01.497778161Z", "container": "prefect-worker", "msg": "2026-08-17 03:37:01 | INFO  | _client.py:_send_single_request:1740 | HTTP Request: POST http://prefect-server:4200/api/work_pools/smarthub-pool/get_scheduled_flow_runs \"HTTP/1.1 200 OK\""}
{"ts": "2026-08-17T03:37:12.213972424Z", "container": "prefect-worker", "msg": "2026-08-17 03:37:12 | INFO  | _client.py:_send_single_request:1740 | HTTP Request: POST http://prefect-server:4200/api/work_pools/smarthub-pool/get_scheduled_flow_runs \"HTTP/1.1 200 OK\""}
{"ts": "2026-08-17T03:37:23.437732624Z", "container": "prefect-worker", "msg": "2026-08-17 03:37:23 | INFO  | _client.py:_send_single_request:1740 | HTTP Request: POST http://prefect-server:4200/api/work_pools/smarthub-pool/get_scheduled_flow_runs \"HTTP/1.1 200 OK\""}
{"ts": "2026-08-17T03:37:33.451957960Z", "container": "prefect-worker", "msg": "2026-08-17 03:37:33 | INFO  | _client.py:_send_single_request:1740 | HTTP Request: POST http://prefect-server:4200/api/work_pools/smarthub-pool/get_scheduled_flow_runs \"HTTP/1.1 200 OK\""}
{"ts": "2026-08-17T03:37:43.761906126Z", "container": "prefect-worker", "msg": "2026-08-17 03:37:43 | INFO  | _client.py:_send_single_request:1740 | HTTP Request: POST http://prefect-server:4200/api/work_pools/smarthub-pool/get_scheduled_flow_runs \"HTTP/1.1 200 OK\""}
{"ts": "2026-08-17T03:37:51.628916439Z", "container": "prefect-worker", "msg": "2026-08-17 03:37:51 | INFO  | _client.py:_send_single_request:1740 | HTTP Request: POST http://prefect-server:4200/api/work_pools/smarthub-pool/get_scheduled_flow_runs \"HTTP/1.1 200 OK\""}
{"ts": "2026-08-17T03:38:04.038162574Z", "container": "prefect-worker", "msg": "2026-08-17 03:38:04 | INFO  | _client.py:_send_single_request:1740 | HTTP Request: POST http://prefect-server:4200/api/work_pools/smarthub-pool/get_scheduled_flow_runs \"HTTP/1.1 200 OK\""}
{"ts": "2026-08-17T03:38:12.224259676Z", "container": "prefect-worker", "msg": "2026-08-17 03:38:12 | INFO  | _client.py:_send_single_request:1740 | HTTP Request: POST http://prefect-server:4200/api/work_pools/smarthub-pool/get_scheduled_flow_runs \"HTTP/1.1 200 OK\""}
{"ts": "2026-08-17T03:38:25.008685643Z", "container": "prefect-worker", "msg": "2026-08-17 03:38:25 | INFO  | _client.py:_send_single_request:1740 | HTTP Request: POST http://prefect-server:4200/api/work_pools/smarthub-pool/get_scheduled_flow_runs \"HTTP/1.1 200 OK\""}
{"ts": "2026-08-17T03:38:36.760850071Z", "container": "prefect-worker", "msg": "2026-08-17 03:38:36 | INFO  | _client.py:_send_single_request:1740 | HTTP Request: POST http://prefect-server:4200/api/work_pools/smarthub-pool/get_scheduled_flow_runs \"HTTP/1.1 200 OK\""}
{"ts": "2026-08-17T03:38:46.426630387Z", "container": "prefect-worker", "msg": "2026-08-17 03:38:46 | INFO  | _client.py:_send_single_request:1740 | HTTP Request: POST http://prefect-server:4200/api/work_pools/smarthub-pool/get_scheduled_flow_runs \"HTTP/1.1 200 OK\""}
{"ts": "2026-08-17T03:38:58.478611349Z", "container": "prefect-worker", "msg": "2026-08-17 03:38:58 | INFO  | _client.py:_send_single_request:1740 | HTTP Request: POST http://prefect-server:4200/api/work_pools/smarthub-pool/get_scheduled_flow_runs \"HTTP/1.1 200 OK\""}
{"ts": "2026-08-17T03:39:10.149069115Z", "container": "prefect-worker", "msg": "2026-08-17 03:39:10 | INFO  | _client.py:_send_single_request:1740 | HTTP Request: POST http://prefect-server:4200/api/work_pools/smarthub-pool/get_scheduled_flow_runs \"HTTP/1.1 200 OK\""}
{"ts": "2026-08-17T03:39:19.731480704Z", "container": "prefect-worker", "msg": "2026-08-17 03:39:19 | INFO  | _client.py:_send_single_request:1740 | HTTP Request: POST http://prefect-server:4200/api/work_pools/smarthub-pool/get_scheduled_flow_runs \"HTTP/1.1 200 OK\""}
{"ts": "2026-08-17T03:39:28.085610678Z", "container": "prefect-worker", "msg": "2026-08-17 03:39:28 | INFO  | _client.py:_send_single_request:1740 | HTTP Request: POST http://prefect-server:4200/api/work_pools/smarthub-pool/get_scheduled_flow_runs \"HTTP/1.1 200 OK\""}
{"ts": "2026-08-17T03:39:36.027674577Z", "container": "prefect-worker", "msg": "2026-08-17 03:39:36 | INFO  | _client.py:_send_single_request:1740 | HTTP Request: POST http://prefect-server:4200/api/work_pools/smarthub-pool/get_scheduled_flow_runs \"HTTP/1.1 200 OK\""}
{"ts": "2026-08-17T03:39:44.526430681Z", "container": "prefect-worker", "msg": "2026-08-17 03:39:44 | INFO  | _client.py:_send_single_request:1740 | HTTP Request: POST http://prefect-server:4200/api/work_pools/smarthub-pool/get_scheduled_flow_runs \"HTTP/1.1 200 OK\""}
{"ts": "2026-08-17T03:39:52.994562539Z", "container": "prefect-worker", "msg": "2026-08-17 03:39:52 | INFO  | _client.py:_send_single_request:1740 | HTTP Request: POST http://prefect-server:4200/api/work_pools/smarthub-pool/get_scheduled_flow_runs \"HTTP/1.1 200 OK\""}
{"ts": "2026-08-17T03:40:01.952718887Z", "container": "prefect-worker", "msg": "2026-08-17 03:40:01 | INFO  | _client.py:_send_single_request:1740 | HTTP Request: POST http://prefect-server:4200/api/work_pools/smarthub-pool/get_scheduled_flow_runs \"HTTP/1.1 200 OK\""}
{"ts": "2026-08-17T03:40:10.481826922Z", "container": "prefect-worker", "msg": "2026-08-17 03:40:10 | INFO  | _client.py:_send_single_request:1740 | HTTP Request: POST http://prefect-server:4200/api/work_pools/smarthub-pool/get_scheduled_flow_runs \"HTTP/1.1 200 OK\""}
{"ts": "2026-08-17T03:40:18.085647695Z", "container": "prefect-worker", "msg": "2026-08-17 03:40:18 | INFO  | _client.py:_send_single_request:1740 | HTTP Request: POST http://prefect-server:4200/api/work_pools/smarthub-pool/get_scheduled_flow_runs \"HTTP/1.1 200 OK\""}
{"ts": "2026-08-17T03:40:28.096423982Z", "container": "prefect-worker", "msg": "2026-08-17 03:40:28 | INFO  | _client.py:_send_single_request:1740 | HTTP Request: POST http://prefect-server:4200/api/work_pools/smarthub-pool/get_scheduled_flow_runs \"HTTP/1.1 200 OK\""}
{"ts": "2026-08-17T03:40:36.368910775Z", "container": "prefect-worker", "msg": "2026-08-17 03:40:36 | INFO  | _client.py:_send_single_request:1740 | HTTP Request: POST http://prefect-server:4200/api/work_pools/smarthub-pool/get_scheduled_flow_runs \"HTTP/1.1 200 OK\""}
{"ts": "2026-08-17T03:40:46.839286180Z", "container": "prefect-worker", "msg": "2026-08-17 03:40:46 | INFO  | _client.py:_send_single_request:1740 | HTTP Request: POST http://prefect-server:4200/api/work_pools/smarthub-pool/get_scheduled_flow_runs \"HTTP/1.1 200 OK\""}
{"ts": "2026-08-17T03:40:56.593805528Z", "container": "prefect-worker", "msg": "2026-08-17 03:40:56 | INFO  | _client.py:_send_single_request:1740 | HTTP Request: POST http://prefect-server:4200/api/work_pools/smarthub-pool/get_scheduled_flow_runs \"HTTP/1.1 200 OK\""}
{"ts": "2026-08-17T03:41:07.452758754Z", "container": "prefect-worker", "msg": "2026-08-17 03:41:07 | INFO  | _client.py:_send_single_request:1740 | HTTP Request: POST http://prefect-server:4200/api/work_pools/smarthub-pool/get_scheduled_flow_runs \"HTTP/1.1 200 OK\""}
{"ts": "2026-08-17T03:41:19.694018561Z", "container": "prefect-worker", "msg": "2026-08-17 03:41:19 | INFO  | _client.py:_send_single_request:1740 | HTTP Request: POST http://prefect-server:4200/api/work_pools/smarthub-pool/get_scheduled_flow_runs \"HTTP/1.1 200 OK\""}
{"ts": "2026-08-17T03:41:29.187201722Z", "container": "prefect-worker", "msg": "2026-08-17 03:41:29 | INFO  | _client.py:_send_single_request:1740 | HTTP Request: POST http://prefect-server:4200/api/work_pools/smarthub-pool/get_scheduled_flow_runs \"HTTP/1.1 200 OK\""}
{"ts": "2026-08-17T03:41:38.522260121Z", "container": "prefect-worker", "msg": "2026-08-17 03:41:38 | INFO  | _client.py:_send_single_request:1740 | HTTP Request: POST http://prefect-server:4200/api/work_pools/smarthub-pool/get_scheduled_flow_runs \"HTTP/1.1 200 OK\""}
{"ts": "2026-08-17T03:41:46.754242901Z", "container": "prefect-worker", "msg": "2026-08-17 03:41:46 | INFO  | _client.py:_send_single_request:1740 | HTTP Request: POST http://prefect-server:4200/api/work_pools/smarthub-pool/get_scheduled_flow_runs \"HTTP/1.1 200 OK\""}
{"ts": "2026-08-17T03:41:57.949688184Z", "container": "prefect-worker", "msg": "2026-08-17 03:41:57 | INFO  | _client.py:_send_single_request:1740 | HTTP Request: POST http://prefect-server:4200/api/work_pools/smarthub-pool/get_scheduled_flow_runs \"HTTP/1.1 200 OK\""}
{"ts": "2026-08-17T03:42:07.280997859Z", "container": "prefect-worker", "msg": "2026-08-17 03:42:07 | INFO  | _client.py:_send_single_request:1740 | HTTP Request: POST http://prefect-server:4200/api/work_pools/smarthub-pool/get_scheduled_flow_runs \"HTTP/1.1 200 OK\""}
{"ts": "2026-08-17T03:42:19.160103109Z", "container": "prefect-worker", "msg": "2026-08-17 03:42:19 | INFO  | _client.py:_send_single_request:1740 | HTTP Request: POST http://prefect-server:4200/api/work_pools/smarthub-pool/get_scheduled_flow_runs \"HTTP/1.1 200 OK\""}
{"ts": "2026-08-17T03:42:28.200615690Z", "container": "prefect-worker", "msg": "2026-08-17 03:42:28 | INFO  | _client.py:_send_single_request:1740 | HTTP Request: POST http://prefect-server:4200/api/work_pools/smarthub-pool/get_scheduled_flow_runs \"HTTP/1.1 200 OK\""}
{"ts": "2026-08-17T03:42:36.181547102Z", "container": "prefect-worker", "msg": "2026-08-17 03:42:36 | INFO  | _client.py:_send_single_request:1740 | HTTP Request: POST http://prefect-server:4200/api/work_pools/smarthub-pool/get_scheduled_flow_runs \"HTTP/1.1 200 OK\""}
{"ts": "2026-08-17T03:42:44.170482567Z", "container": "prefect-worker", "msg": "2026-08-17 03:42:44 | INFO  | _client.py:_send_single_request:1740 | HTTP Request: POST http://prefect-server:4200/api/work_pools/smarthub-pool/get_scheduled_flow_runs \"HTTP/1.1 200 OK\""}
{"ts": "2026-08-17T03:42:51.872236308Z", "container": "prefect-worker", "msg": "2026-08-17 03:42:51 | INFO  | _client.py:_send_single_request:1740 | HTTP Request: POST http://prefect-server:4200/api/work_pools/smarthub-pool/get_scheduled_flow_runs \"HTTP/1.1 200 OK\""}
{"ts": "2026-08-17T03:42:59.757694188Z", "container": "prefect-worker", "msg": "2026-08-17 03:42:59 | INFO  | _client.py:_send_single_request:1740 | HTTP Request: POST http://prefect-server:4200/api/work_pools/smarthub-pool/get_scheduled_flow_runs \"HTTP/1.1 200 OK\""}
{"ts": "2026-08-17T03:43:10.933376369Z", "container": "prefect-worker", "msg": "2026-08-17 03:43:10 | INFO  | _client.py:_send_single_request:1740 | HTTP Request: POST http://prefect-server:4200/api/work_pools/smarthub-pool/get_scheduled_flow_runs \"HTTP/1.1 200 OK\""}
{"ts": "2026-08-17T03:43:23.819963749Z", "container": "prefect-worker", "msg": "2026-08-17 03:43:23 | INFO  | _client.py:_send_single_request:1740 | HTTP Request: POST http://prefect-server:4200/api/work_pools/smarthub-pool/get_scheduled_flow_runs \"HTTP/1.1 200 OK\""}
{"ts": "2026-08-17T03:43:32.314369741Z", "container": "prefect-worker", "msg": "2026-08-17 03:43:32 | INFO  | _client.py:_send_single_request:1740 | HTTP Request: POST http://prefect-server:4200/api/work_pools/smarthub-pool/get_scheduled_flow_runs \"HTTP/1.1 200 OK\""}
{"ts": "2026-08-17T03:43:41.130096727Z", "container": "prefect-worker", "msg": "2026-08-17 03:43:41 | INFO  | _client.py:_send_single_request:1740 | HTTP Request: POST http://prefect-server:4200/api/work_pools/smarthub-pool/get_scheduled_flow_runs \"HTTP/1.1 200 OK\""}
{"ts": "2026-08-17T03:43:49.135967804Z", "container": "prefect-worker", "msg": "2026-08-17 03:43:49 | INFO  | _client.py:_send_single_request:1740 | HTTP Request: POST http://prefect-server:4200/api/work_pools/smarthub-pool/get_scheduled_flow_runs \"HTTP/1.1 200 OK\""}
{"ts": "2026-08-17T03:43:57.501489519Z", "container": "prefect-worker", "msg": "2026-08-17 03:43:57 | INFO  | _client.py:_send_single_request:1740 | HTTP Request: POST http://prefect-server:4200/api/work_pools/smarthub-pool/get_scheduled_flow_runs \"HTTP/1.1 200 OK\""}
{"ts": "2026-08-17T03:44:05.968761095Z", "container": "prefect-worker", "msg": "2026-08-17 03:44:05 | INFO  | _client.py:_send_single_request:1740 | HTTP Request: POST http://prefect-server:4200/api/work_pools/smarthub-pool/get_scheduled_flow_runs \"HTTP/1.1 200 OK\""}
{"ts": "2026-08-17T03:44:18.723361089Z", "container": "prefect-worker", "msg": "2026-08-17 03:44:18 | INFO  | _client.py:_send_single_request:1740 | HTTP Request: POST http://prefect-server:4200/api/work_pools/smarthub-pool/get_scheduled_flow_runs \"HTTP/1.1 200 OK\""}
{"ts": "2026-08-17T03:44:31.248568938Z", "container": "prefect-worker", "msg": "2026-08-17 03:44:31 | INFO  | _client.py:_send_single_request:1740 | HTTP Request: POST http://prefect-server:4200/api/work_pools/smarthub-pool/get_scheduled_flow_runs \"HTTP/1.1 200 OK\""}
{"ts": "2026-08-17T03:44:40.129923952Z", "container": "prefect-worker", "msg": "2026-08-17 03:44:40 | INFO  | _client.py:_send_single_request:1740 | HTTP Request: POST http://prefect-server:4200/api/work_pools/smarthub-pool/get_scheduled_flow_runs \"HTTP/1.1 200 OK\""}
{"ts": "2026-08-17T03:44:52.959602989Z", "container": "prefect-worker", "msg": "2026-08-17 03:44:52 | INFO  | _client.py:_send_single_request:1740 | HTTP Request: POST http://prefect-server:4200/api/work_pools/smarthub-pool/get_scheduled_flow_runs \"HTTP/1.1 200 OK\""}
{"ts": "2026-08-17T03:45:02.030285256Z", "container": "prefect-worker", "msg": "2026-08-17 03:45:02 | INFO  | _client.py:_send_single_request:1740 | HTTP Request: POST http://prefect-server:4200/api/work_pools/smarthub-pool/get_scheduled_flow_runs \"HTTP/1.1 200 OK\""}
{"ts": "2026-08-17T03:45:13.033200661Z", "container": "prefect-worker", "msg": "2026-08-17 03:45:13 | INFO  | _client.py:_send_single_request:1740 | HTTP Request: POST http://prefect-server:4200/api/work_pools/smarthub-pool/get_scheduled_flow_runs \"HTTP/1.1 200 OK\""}
{"ts": "2026-08-17T03:45:24.757347667Z", "container": "prefect-worker", "msg": "2026-08-17 03:45:24 | INFO  | _client.py:_send_single_request:1740 | HTTP Request: POST http://prefect-server:4200/api/work_pools/smarthub-pool/get_scheduled_flow_runs \"HTTP/1.1 200 OK\""}
{"ts": "2026-08-17T03:45:32.667883244Z", "container": "prefect-worker", "msg": "2026-08-17 03:45:32 | INFO  | _client.py:_send_single_request:1740 | HTTP Request: POST http://prefect-server:4200/api/work_pools/smarthub-pool/get_scheduled_flow_runs \"HTTP/1.1 200 OK\""}
{"ts": "2026-08-17T03:45:44.031349019Z", "container": "prefect-worker", "msg": "2026-08-17 03:45:44 | INFO  | _client.py:_send_single_request:1740 | HTTP Request: POST http://prefect-server:4200/api/work_pools/smarthub-pool/get_scheduled_flow_runs \"HTTP/1.1 200 OK\""}
{"ts": "2026-08-17T03:45:52.376103826Z", "container": "prefect-worker", "msg": "2026-08-17 03:45:52 | INFO  | _client.py:_send_single_request:1740 | HTTP Request: POST http://prefect-server:4200/api/work_pools/smarthub-pool/get_scheduled_flow_runs \"HTTP/1.1 200 OK\""}
{"ts": "2026-08-17T03:46:00.693268962Z", "container": "prefect-worker", "msg": "2026-08-17 03:46:00 | INFO  | _client.py:_send_single_request:1740 | HTTP Request: POST http://prefect-server:4200/api/work_pools/smarthub-pool/get_scheduled_flow_runs \"HTTP/1.1 200 OK\""}
{"ts": "2026-08-17T03:46:11.217409996Z", "container": "prefect-worker", "msg": "2026-08-17 03:46:11 | INFO  | _client.py:_send_single_request:1740 | HTTP Request: POST http://prefect-server:4200/api/work_pools/smarthub-pool/get_scheduled_flow_runs \"HTTP/1.1 200 OK\""}
{"ts": "2026-08-17T03:46:19.274171851Z", "container": "prefect-worker", "msg": "2026-08-17 03:46:19 | INFO  | _client.py:_send_single_request:1740 | HTTP Request: POST http://prefect-server:4200/api/work_pools/smarthub-pool/get_scheduled_flow_runs \"HTTP/1.1 200 OK\""}
{"ts": "2026-08-17T03:46:27.931241725Z", "container": "prefect-worker", "msg": "2026-08-17 03:46:27 | INFO  | _client.py:_send_single_request:1740 | HTTP Request: POST http://prefect-server:4200/api/work_pools/smarthub-pool/get_scheduled_flow_runs \"HTTP/1.1 200 OK\""}
{"ts": "2026-08-17T03:46:35.759411275Z", "container": "prefect-worker", "msg": "2026-08-17 03:46:35 | INFO  | _client.py:_send_single_request:1740 | HTTP Request: POST http://prefect-server:4200/api/work_pools/smarthub-pool/get_scheduled_flow_runs \"HTTP/1.1 200 OK\""}
{"ts": "2026-08-17T03:46:47.462802863Z", "container": "prefect-worker", "msg": "2026-08-17 03:46:47 | INFO  | _client.py:_send_single_request:1740 | HTTP Request: POST http://prefect-server:4200/api/work_pools/smarthub-pool/get_scheduled_flow_runs \"HTTP/1.1 200 OK\""}
{"ts": "2026-08-17T03:47:00.147220571Z", "container": "prefect-worker", "msg": "2026-08-17 03:47:00 | INFO  | _client.py:_send_single_request:1740 | HTTP Request: POST http://prefect-server:4200/api/work_pools/smarthub-pool/get_scheduled_flow_runs \"HTTP/1.1 200 OK\""}
{"ts": "2026-08-17T03:47:11.618631124Z", "container": "prefect-worker", "msg": "2026-08-17 03:47:11 | INFO  | _client.py:_send_single_request:1740 | HTTP Request: POST http://prefect-server:4200/api/work_pools/smarthub-pool/get_scheduled_flow_runs \"HTTP/1.1 200 OK\""}
{"ts": "2026-08-17T03:47:19.914232235Z", "container": "prefect-worker", "msg": "2026-08-17 03:47:19 | INFO  | _client.py:_send_single_request:1740 | HTTP Request: POST http://prefect-server:4200/api/work_pools/smarthub-pool/get_scheduled_flow_runs \"HTTP/1.1 200 OK\""}
{"ts": "2026-08-17T03:47:27.901699398Z", "container": "prefect-worker", "msg": "2026-08-17 03:47:27 | INFO  | _client.py:_send_single_request:1740 | HTTP Request: POST http://prefect-server:4200/api/work_pools/smarthub-pool/get_scheduled_flow_runs \"HTTP/1.1 200 OK\""}
{"ts": "2026-08-17T03:47:39.669558423Z", "container": "prefect-worker", "msg": "2026-08-17 03:47:39 | INFO  | _client.py:_send_single_request:1740 | HTTP Request: POST http://prefect-server:4200/api/work_pools/smarthub-pool/get_scheduled_flow_runs \"HTTP/1.1 200 OK\""}
{"ts": "2026-08-17T03:47:51.152378319Z", "container": "prefect-worker", "msg": "2026-08-17 03:47:51 | INFO  | _client.py:_send_single_request:1740 | HTTP Request: POST http://prefect-server:4200/api/work_pools/smarthub-pool/get_scheduled_flow_runs \"HTTP/1.1 200 OK\""}
{"ts": "2026-08-17T03:48:01.144829306Z", "container": "prefect-worker", "msg": "2026-08-17 03:48:01 | INFO  | _client.py:_send_single_request:1740 | HTTP Request: POST http://prefect-server:4200/api/work_pools/smarthub-pool/get_scheduled_flow_runs \"HTTP/1.1 200 OK\""}
{"ts": "2026-08-17T03:48:09.396183712Z", "container": "prefect-worker", "msg": "2026-08-17 03:48:09 | INFO  | _client.py:_send_single_request:1740 | HTTP Request: POST http://prefect-server:4200/api/work_pools/smarthub-pool/get_scheduled_flow_runs \"HTTP/1.1 200 OK\""}
{"ts": "2026-08-17T03:48:18.169804241Z", "container": "prefect-worker", "msg": "2026-08-17 03:48:18 | INFO  | _client.py:_send_single_request:1740 | HTTP Request: POST http://prefect-server:4200/api/work_pools/smarthub-pool/get_scheduled_flow_runs \"HTTP/1.1 200 OK\""}
{"ts": "2026-08-17T03:48:28.441843503Z", "container": "prefect-worker", "msg": "2026-08-17 03:48:28 | INFO  | _client.py:_send_single_request:1740 | HTTP Request: POST http://prefect-server:4200/api/work_pools/smarthub-pool/get_scheduled_flow_runs \"HTTP/1.1 200 OK\""}
{"ts": "2026-08-17T03:48:38.814312558Z", "container": "prefect-worker", "msg": "2026-08-17 03:48:38 | INFO  | _client.py:_send_single_request:1740 | HTTP Request: POST http://prefect-server:4200/api/work_pools/smarthub-pool/get_scheduled_flow_runs \"HTTP/1.1 200 OK\""}
{"ts": "2026-08-17T03:48:51.387123519Z", "container": "prefect-worker", "msg": "2026-08-17 03:48:51 | INFO  | _client.py:_send_single_request:1740 | HTTP Request: POST http://prefect-server:4200/api/work_pools/smarthub-pool/get_scheduled_flow_runs \"HTTP/1.1 200 OK\""}
{"ts": "2026-08-17T03:49:02.219696018Z", "container": "prefect-worker", "msg": "2026-08-17 03:49:02 | INFO  | _client.py:_send_single_request:1740 | HTTP Request: POST http://prefect-server:4200/api/work_pools/smarthub-pool/get_scheduled_flow_runs \"HTTP/1.1 200 OK\""}
{"ts": "2026-08-17T03:49:11.176750984Z", "container": "prefect-worker", "msg": "2026-08-17 03:49:11 | INFO  | _client.py:_send_single_request:1740 | HTTP Request: POST http://prefect-server:4200/api/work_pools/smarthub-pool/get_scheduled_flow_runs \"HTTP/1.1 200 OK\""}
{"ts": "2026-08-17T03:49:24.035913946Z", "container": "prefect-worker", "msg": "2026-08-17 03:49:24 | INFO  | _client.py:_send_single_request:1740 | HTTP Request: POST http://prefect-server:4200/api/work_pools/smarthub-pool/get_scheduled_flow_runs \"HTTP/1.1 200 OK\""}
{"ts": "2026-08-17T03:49:32.491945622Z", "container": "prefect-worker", "msg": "2026-08-17 03:49:32 | INFO  | _client.py:_send_single_request:1740 | HTTP Request: POST http://prefect-server:4200/api/work_pools/smarthub-pool/get_scheduled_flow_runs \"HTTP/1.1 200 OK\""}
{"ts": "2026-08-17T03:49:40.637284180Z", "container": "prefect-worker", "msg": "2026-08-17 03:49:40 | INFO  | _client.py:_send_single_request:1740 | HTTP Request: POST http://prefect-server:4200/api/work_pools/smarthub-pool/get_scheduled_flow_runs \"HTTP/1.1 200 OK\""}
{"ts": "2026-08-17T03:49:51.305665911Z", "container": "prefect-worker", "msg": "2026-08-17 03:49:51 | INFO  | _client.py:_send_single_request:1740 | HTTP Request: POST http://prefect-server:4200/api/work_pools/smarthub-pool/get_scheduled_flow_runs \"HTTP/1.1 200 OK\""}
{"ts": "2026-08-17T03:49:59.290453096Z", "container": "prefect-worker", "msg": "2026-08-17 03:49:59 | INFO  | _client.py:_send_single_request:1740 | HTTP Request: POST http://prefect-server:4200/api/work_pools/smarthub-pool/get_scheduled_flow_runs \"HTTP/1.1 200 OK\""}
{"ts": "2026-08-17T03:50:08.481474025Z", "container": "prefect-worker", "msg": "2026-08-17 03:50:08 | INFO  | _client.py:_send_single_request:1740 | HTTP Request: POST http://prefect-server:4200/api/work_pools/smarthub-pool/get_scheduled_flow_runs \"HTTP/1.1 200 OK\""}
{"ts": "2026-08-17T03:50:19.007088327Z", "container": "prefect-worker", "msg": "2026-08-17 03:50:19 | INFO  | _client.py:_send_single_request:1740 | HTTP Request: POST http://prefect-server:4200/api/work_pools/smarthub-pool/get_scheduled_flow_runs \"HTTP/1.1 200 OK\""}
{"ts": "2026-08-17T03:50:27.875039845Z", "container": "prefect-worker", "msg": "2026-08-17 03:50:27 | INFO  | _client.py:_send_single_request:1740 | HTTP Request: POST http://prefect-server:4200/api/work_pools/smarthub-pool/get_scheduled_flow_runs \"HTTP/1.1 200 OK\""}
{"ts": "2026-08-17T03:50:37.151411123Z", "container": "prefect-worker", "msg": "2026-08-17 03:50:37 | INFO  | _client.py:_send_single_request:1740 | HTTP Request: POST http://prefect-server:4200/api/work_pools/smarthub-pool/get_scheduled_flow_runs \"HTTP/1.1 200 OK\""}
{"ts": "2026-08-17T03:50:50.159461229Z", "container": "prefect-worker", "msg": "2026-08-17 03:50:50 | INFO  | _client.py:_send_single_request:1740 | HTTP Request: POST http://prefect-server:4200/api/work_pools/smarthub-pool/get_scheduled_flow_runs \"HTTP/1.1 200 OK\""}
{"ts": "2026-08-17T03:50:58.901849447Z", "container": "prefect-worker", "msg": "2026-08-17 03:50:58 | INFO  | _client.py:_send_single_request:1740 | HTTP Request: POST http://prefect-server:4200/api/work_pools/smarthub-pool/get_scheduled_flow_runs \"HTTP/1.1 200 OK\""}
{"ts": "2026-08-17T03:51:09.648146705Z", "container": "prefect-worker", "msg": "2026-08-17 03:51:09 | INFO  | _client.py:_send_single_request:1740 | HTTP Request: POST http://prefect-server:4200/api/work_pools/smarthub-pool/get_scheduled_flow_runs \"HTTP/1.1 200 OK\""}
{"ts": "2026-08-17T03:51:17.340413797Z", "container": "prefect-worker", "msg": "2026-08-17 03:51:17 | INFO  | _client.py:_send_single_request:1740 | HTTP Request: POST http://prefect-server:4200/api/work_pools/smarthub-pool/get_scheduled_flow_runs \"HTTP/1.1 200 OK\""}
{"ts": "2026-08-17T03:51:24.983354686Z", "container": "prefect-worker", "msg": "2026-08-17 03:51:24 | INFO  | _client.py:_send_single_request:1740 | HTTP Request: POST http://prefect-server:4200/api/work_pools/smarthub-pool/get_scheduled_flow_runs \"HTTP/1.1 200 OK\""}
{"ts": "2026-08-17T03:51:34.038222310Z", "container": "prefect-worker", "msg": "2026-08-17 03:51:34 | INFO  | _client.py:_send_single_request:1740 | HTTP Request: POST http://prefect-server:4200/api/work_pools/smarthub-pool/get_scheduled_flow_runs \"HTTP/1.1 200 OK\""}
{"ts": "2026-08-17T03:51:46.361855379Z", "container": "prefect-worker", "msg": "2026-08-17 03:51:46 | INFO  | _client.py:_send_single_request:1740 | HTTP Request: POST http://prefect-server:4200/api/work_pools/smarthub-pool/get_scheduled_flow_runs \"HTTP/1.1 200 OK\""}
{"ts": "2026-08-17T03:51:54.866330708Z", "container": "prefect-worker", "msg": "2026-08-17 03:51:54 | INFO  | _client.py:_send_single_request:1740 | HTTP Request: POST http://prefect-server:4200/api/work_pools/smarthub-pool/get_scheduled_flow_runs \"HTTP/1.1 200 OK\""}
{"ts": "2026-08-17T03:52:04.065172339Z", "container": "prefect-worker", "msg": "2026-08-17 03:52:04 | INFO  | _client.py:_send_single_request:1740 | HTTP Request: POST http://prefect-server:4200/api/work_pools/smarthub-pool/get_scheduled_flow_runs \"HTTP/1.1 200 OK\""}
{"ts": "2026-08-17T03:52:15.233820189Z", "container": "prefect-worker", "msg": "2026-08-17 03:52:15 | INFO  | _client.py:_send_single_request:1740 | HTTP Request: POST http://prefect-server:4200/api/work_pools/smarthub-pool/get_scheduled_flow_runs \"HTTP/1.1 200 OK\""}
{"ts": "2026-08-17T03:52:22.965599662Z", "container": "prefect-worker", "msg": "2026-08-17 03:52:22 | INFO  | _client.py:_send_single_request:1740 | HTTP Request: POST http://prefect-server:4200/api/work_pools/smarthub-pool/get_scheduled_flow_runs \"HTTP/1.1 200 OK\""}
{"ts": "2026-08-17T03:52:31.159851029Z", "container": "prefect-worker", "msg": "2026-08-17 03:52:31 | INFO  | _client.py:_send_single_request:1740 | HTTP Request: POST http://prefect-server:4200/api/work_pools/smarthub-pool/get_scheduled_flow_runs \"HTTP/1.1 200 OK\""}
{"ts": "2026-08-17T03:52:43.225859908Z", "container": "prefect-worker", "msg": "2026-08-17 03:52:43 | INFO  | _client.py:_send_single_request:1740 | HTTP Request: POST http://prefect-server:4200/api/work_pools/smarthub-pool/get_scheduled_flow_runs \"HTTP/1.1 200 OK\""}
{"ts": "2026-08-17T03:52:55.526284808Z", "container": "prefect-worker", "msg": "2026-08-17 03:52:55 | INFO  | _client.py:_send_single_request:1740 | HTTP Request: POST http://prefect-server:4200/api/work_pools/smarthub-pool/get_scheduled_flow_runs \"HTTP/1.1 200 OK\""}
{"ts": "2026-08-17T03:53:05.872692020Z", "container": "prefect-worker", "msg": "2026-08-17 03:53:05 | INFO  | _client.py:_send_single_request:1740 | HTTP Request: POST http://prefect-server:4200/api/work_pools/smarthub-pool/get_scheduled_flow_runs \"HTTP/1.1 200 OK\""}
{"ts": "2026-08-17T03:53:13.725829123Z", "container": "prefect-worker", "msg": "2026-08-17 03:53:13 | INFO  | _client.py:_send_single_request:1740 | HTTP Request: POST http://prefect-server:4200/api/work_pools/smarthub-pool/get_scheduled_flow_runs \"HTTP/1.1 200 OK\""}
{"ts": "2026-08-17T03:53:26.071345566Z", "container": "prefect-worker", "msg": "2026-08-17 03:53:26 | INFO  | _client.py:_send_single_request:1740 | HTTP Request: POST http://prefect-server:4200/api/work_pools/smarthub-pool/get_scheduled_flow_runs \"HTTP/1.1 200 OK\""}
{"ts": "2026-08-17T03:53:38.127902655Z", "container": "prefect-worker", "msg": "2026-08-17 03:53:38 | INFO  | _client.py:_send_single_request:1740 | HTTP Request: POST http://prefect-server:4200/api/work_pools/smarthub-pool/get_scheduled_flow_runs \"HTTP/1.1 200 OK\""}
{"ts": "2026-08-17T03:53:48.809373187Z", "container": "prefect-worker", "msg": "2026-08-17 03:53:48 | INFO  | _client.py:_send_single_request:1740 | HTTP Request: POST http://prefect-server:4200/api/work_pools/smarthub-pool/get_scheduled_flow_runs \"HTTP/1.1 200 OK\""}
{"ts": "2026-08-17T03:54:00.599627100Z", "container": "prefect-worker", "msg": "2026-08-17 03:54:00 | INFO  | _client.py:_send_single_request:1740 | HTTP Request: POST http://prefect-server:4200/api/work_pools/smarthub-pool/get_scheduled_flow_runs \"HTTP/1.1 200 OK\""}
{"ts": "2026-08-17T03:54:10.525881184Z", "container": "prefect-worker", "msg": "2026-08-17 03:54:10 | INFO  | _client.py:_send_single_request:1740 | HTTP Request: POST http://prefect-server:4200/api/work_pools/smarthub-pool/get_scheduled_flow_runs \"HTTP/1.1 200 OK\""}
{"ts": "2026-08-17T03:54:22.484548232Z", "container": "prefect-worker", "msg": "2026-08-17 03:54:22 | INFO  | _client.py:_send_single_request:1740 | HTTP Request: POST http://prefect-server:4200/api/work_pools/smarthub-pool/get_scheduled_flow_runs \"HTTP/1.1 200 OK\""}
{"ts": "2026-08-17T03:54:35.085516934Z", "container": "prefect-worker", "msg": "2026-08-17 03:54:35 | INFO  | _client.py:_send_single_request:1740 | HTTP Request: POST http://prefect-server:4200/api/work_pools/smarthub-pool/get_scheduled_flow_runs \"HTTP/1.1 200 OK\""}
{"ts": "2026-08-17T03:54:42.683362890Z", "container": "prefect-worker", "msg": "2026-08-17 03:54:42 | INFO  | _client.py:_send_single_request:1740 | HTTP Request: POST http://prefect-server:4200/api/work_pools/smarthub-pool/get_scheduled_flow_runs \"HTTP/1.1 200 OK\""}
{"ts": "2026-08-17T03:54:50.961248605Z", "container": "prefect-worker", "msg": "2026-08-17 03:54:50 | INFO  | _client.py:_send_single_request:1740 | HTTP Request: POST http://prefect-server:4200/api/work_pools/smarthub-pool/get_scheduled_flow_runs \"HTTP/1.1 200 OK\""}
{"ts": "2026-08-17T03:55:03.165907346Z", "container": "prefect-worker", "msg": "2026-08-17 03:55:03 | INFO  | _client.py:_send_single_request:1740 | HTTP Request: POST http://prefect-server:4200/api/work_pools/smarthub-pool/get_scheduled_flow_runs \"HTTP/1.1 200 OK\""}
{"ts": "2026-08-17T03:55:12.082074481Z", "container": "prefect-worker", "msg": "2026-08-17 03:55:12 | INFO  | _client.py:_send_single_request:1740 | HTTP Request: POST http://prefect-server:4200/api/work_pools/smarthub-pool/get_scheduled_flow_runs \"HTTP/1.1 200 OK\""}
{"ts": "2026-08-17T03:55:22.737510548Z", "container": "prefect-worker", "msg": "2026-08-17 03:55:22 | INFO  | _client.py:_send_single_request:1740 | HTTP Request: POST http://prefect-server:4200/api/work_pools/smarthub-pool/get_scheduled_flow_runs \"HTTP/1.1 200 OK\""}
{"ts": "2026-08-17T03:55:31.674083025Z", "container": "prefect-worker", "msg": "2026-08-17 03:55:31 | INFO  | _client.py:_send_single_request:1740 | HTTP Request: POST http://prefect-server:4200/api/work_pools/smarthub-pool/get_scheduled_flow_runs \"HTTP/1.1 200 OK\""}
{"ts": "2026-08-17T03:55:39.837891193Z", "container": "prefect-worker", "msg": "2026-08-17 03:55:39 | INFO  | _client.py:_send_single_request:1740 | HTTP Request: POST http://prefect-server:4200/api/work_pools/smarthub-pool/get_scheduled_flow_runs \"HTTP/1.1 200 OK\""}
{"ts": "2026-08-17T03:55:50.317764562Z", "container": "prefect-worker", "msg": "2026-08-17 03:55:50 | INFO  | _client.py:_send_single_request:1740 | HTTP Request: POST http://prefect-server:4200/api/work_pools/smarthub-pool/get_scheduled_flow_runs \"HTTP/1.1 200 OK\""}
{"ts": "2026-08-17T03:55:59.075332850Z", "container": "prefect-worker", "msg": "2026-08-17 03:55:59 | INFO  | _client.py:_send_single_request:1740 | HTTP Request: POST http://prefect-server:4200/api/work_pools/smarthub-pool/get_scheduled_flow_runs \"HTTP/1.1 200 OK\""}
{"ts": "2026-08-17T03:56:08.733583305Z", "container": "prefect-worker", "msg": "2026-08-17 03:56:08 | INFO  | _client.py:_send_single_request:1740 | HTTP Request: POST http://prefect-server:4200/api/work_pools/smarthub-pool/get_scheduled_flow_runs \"HTTP/1.1 200 OK\""}
{"ts": "2026-08-17T03:56:18.213790320Z", "container": "prefect-worker", "msg": "2026-08-17 03:56:18 | INFO  | _client.py:_send_single_request:1740 | HTTP Request: POST http://prefect-server:4200/api/work_pools/smarthub-pool/get_scheduled_flow_runs \"HTTP/1.1 200 OK\""}
{"ts": "2026-08-17T03:56:29.654777735Z", "container": "prefect-worker", "msg": "2026-08-17 03:56:29 | INFO  | _client.py:_send_single_request:1740 | HTTP Request: POST http://prefect-server:4200/api/work_pools/smarthub-pool/get_scheduled_flow_runs \"HTTP/1.1 200 OK\""}
{"ts": "2026-08-17T03:56:39.258265892Z", "container": "prefect-worker", "msg": "2026-08-17 03:56:39 | INFO  | _client.py:_send_single_request:1740 | HTTP Request: POST http://prefect-server:4200/api/work_pools/smarthub-pool/get_scheduled_flow_runs \"HTTP/1.1 200 OK\""}
{"ts": "2026-08-17T03:56:47.809232366Z", "container": "prefect-worker", "msg": "2026-08-17 03:56:47 | INFO  | _client.py:_send_single_request:1740 | HTTP Request: POST http://prefect-server:4200/api/work_pools/smarthub-pool/get_scheduled_flow_runs \"HTTP/1.1 200 OK\""}
{"ts": "2026-08-17T03:56:55.821496254Z", "container": "prefect-worker", "msg": "2026-08-17 03:56:55 | INFO  | _client.py:_send_single_request:1740 | HTTP Request: POST http://prefect-server:4200/api/work_pools/smarthub-pool/get_scheduled_flow_runs \"HTTP/1.1 200 OK\""}
{"ts": "2026-08-17T03:57:04.975104539Z", "container": "prefect-worker", "msg": "2026-08-17 03:57:04 | INFO  | _client.py:_send_single_request:1740 | HTTP Request: POST http://prefect-server:4200/api/work_pools/smarthub-pool/get_scheduled_flow_runs \"HTTP/1.1 200 OK\""}
{"ts": "2026-08-17T03:57:14.447561289Z", "container": "prefect-worker", "msg": "2026-08-17 03:57:14 | INFO  | _client.py:_send_single_request:1740 | HTTP Request: POST http://prefect-server:4200/api/work_pools/smarthub-pool/get_scheduled_flow_runs \"HTTP/1.1 200 OK\""}
{"ts": "2026-08-17T03:57:25.780998749Z", "container": "prefect-worker", "msg": "2026-08-17 03:57:25 | INFO  | _client.py:_send_single_request:1740 | HTTP Request: POST http://prefect-server:4200/api/work_pools/smarthub-pool/get_scheduled_flow_runs \"HTTP/1.1 200 OK\""}
{"ts": "2026-08-17T03:57:37.222383151Z", "container": "prefect-worker", "msg": "2026-08-17 03:57:37 | INFO  | _client.py:_send_single_request:1740 | HTTP Request: POST http://prefect-server:4200/api/work_pools/smarthub-pool/get_scheduled_flow_runs \"HTTP/1.1 200 OK\""}
{"ts": "2026-08-17T03:57:47.234230808Z", "container": "prefect-worker", "msg": "2026-08-17 03:57:47 | INFO  | _client.py:_send_single_request:1740 | HTTP Request: POST http://prefect-server:4200/api/work_pools/smarthub-pool/get_scheduled_flow_runs \"HTTP/1.1 200 OK\""}
{"ts": "2026-08-17T03:57:59.943557839Z", "container": "prefect-worker", "msg": "2026-08-17 03:57:59 | INFO  | _client.py:_send_single_request:1740 | HTTP Request: POST http://prefect-server:4200/api/work_pools/smarthub-pool/get_scheduled_flow_runs \"HTTP/1.1 200 OK\""}
{"ts": "2026-08-17T03:58:12.025774539Z", "container": "prefect-worker", "msg": "2026-08-17 03:58:12 | INFO  | _client.py:_send_single_request:1740 | HTTP Request: POST http://prefect-server:4200/api/work_pools/smarthub-pool/get_scheduled_flow_runs \"HTTP/1.1 200 OK\""}
{"ts": "2026-08-17T03:58:24.153885967Z", "container": "prefect-worker", "msg": "2026-08-17 03:58:24 | INFO  | _client.py:_send_single_request:1740 | HTTP Request: POST http://prefect-server:4200/api/work_pools/smarthub-pool/get_scheduled_flow_runs \"HTTP/1.1 200 OK\""}
{"ts": "2026-08-17T03:58:36.094994650Z", "container": "prefect-worker", "msg": "2026-08-17 03:58:36 | INFO  | _client.py:_send_single_request:1740 | HTTP Request: POST http://prefect-server:4200/api/work_pools/smarthub-pool/get_scheduled_flow_runs \"HTTP/1.1 200 OK\""}
{"ts": "2026-08-17T03:58:48.078628467Z", "container": "prefect-worker", "msg": "2026-08-17 03:58:48 | INFO  | _client.py:_send_single_request:1740 | HTTP Request: POST http://prefect-server:4200/api/work_pools/smarthub-pool/get_scheduled_flow_runs \"HTTP/1.1 200 OK\""}
{"ts": "2026-08-17T03:58:56.863691596Z", "container": "prefect-worker", "msg": "2026-08-17 03:58:56 | INFO  | _client.py:_send_single_request:1740 | HTTP Request: POST http://prefect-server:4200/api/work_pools/smarthub-pool/get_scheduled_flow_runs \"HTTP/1.1 200 OK\""}
{"ts": "2026-08-17T03:59:05.196519727Z", "container": "prefect-worker", "msg": "2026-08-17 03:59:05 | INFO  | _client.py:_send_single_request:1740 | HTTP Request: POST http://prefect-server:4200/api/work_pools/smarthub-pool/get_scheduled_flow_runs \"HTTP/1.1 200 OK\""}
{"ts": "2026-08-17T03:59:12.886870681Z", "container": "prefect-worker", "msg": "2026-08-17 03:59:12 | INFO  | _client.py:_send_single_request:1740 | HTTP Request: POST http://prefect-server:4200/api/work_pools/smarthub-pool/get_scheduled_flow_runs \"HTTP/1.1 200 OK\""}
{"ts": "2026-08-17T03:59:22.517023268Z", "container": "prefect-worker", "msg": "2026-08-17 03:59:22 | INFO  | _client.py:_send_single_request:1740 | HTTP Request: POST http://prefect-server:4200/api/work_pools/smarthub-pool/get_scheduled_flow_runs \"HTTP/1.1 200 OK\""}
{"ts": "2026-08-17T03:59:32.211479375Z", "container": "prefect-worker", "msg": "2026-08-17 03:59:32 | INFO  | _client.py:_send_single_request:1740 | HTTP Request: POST http://prefect-server:4200/api/work_pools/smarthub-pool/get_scheduled_flow_runs \"HTTP/1.1 200 OK\""}
{"ts": "2026-08-17T03:59:40.109989279Z", "container": "prefect-worker", "msg": "2026-08-17 03:59:40 | INFO  | _client.py:_send_single_request:1740 | HTTP Request: POST http://prefect-server:4200/api/work_pools/smarthub-pool/get_scheduled_flow_runs \"HTTP/1.1 200 OK\""}
{"ts": "2026-08-17T03:59:52.337957415Z", "container": "prefect-worker", "msg": "2026-08-17 03:59:52 | INFO  | _client.py:_send_single_request:1740 | HTTP Request: POST http://prefect-server:4200/api/work_pools/smarthub-pool/get_scheduled_flow_runs \"HTTP/1.1 200 OK\""}
{"ts": "2026-08-17T03:59:52.339230667Z", "container": "prefect-worker", "msg": "2026-08-17 03:59:52 | INFO  | base.py:_submit_scheduled_flow_runs:1519 | Worker 'ProcessWorker c09911e3-8540-45ba-b9e5-a987ad0388ad' submitting flow run '01a00b4d-55f0-7212-9162-f216b81139fc'"}
{"ts": "2026-08-17T03:59:52.362842099Z", "container": "prefect-worker", "msg": "2026-08-17 03:59:52 | INFO  | _client.py:_send_single_request:1740 | HTTP Request: GET http://prefect-server:4200/api/deployments/15dcce44-4b5f-4048-b854-eeba60c3b514 \"HTTP/1.1 200 OK\""}
{"ts": "2026-08-17T03:59:52.404573804Z", "container": "prefect-worker", "msg": "2026-08-17 03:59:52 | INFO  | _client.py:_send_single_request:1740 | HTTP Request: POST http://prefect-server:4200/api/flow_runs/01a00b4d-55f0-7212-9162-f216b81139fc/set_state \"HTTP/1.1 201 Created\""}
{"ts": "2026-08-17T03:59:52.424423013Z", "container": "prefect-worker", "msg": "2026-08-17 03:59:52 | INFO  | _client.py:_send_single_request:1740 | HTTP Request: GET http://prefect-server:4200/api/deployments/15dcce44-4b5f-4048-b854-eeba60c3b514 \"HTTP/1.1 200 OK\""}
{"ts": "2026-08-17T03:59:52.435071108Z", "container": "prefect-worker", "msg": "2026-08-17 03:59:52 | INFO  | _client.py:_send_single_request:1740 | HTTP Request: GET http://prefect-server:4200/api/flows/c49e248a-be9d-43b9-ad26-cff3b7117b11 \"HTTP/1.1 200 OK\""}
{"ts": "2026-08-17T03:59:52.465754565Z", "container": "prefect-worker", "msg": "2026-08-17 03:59:52 | INFO  | _client.py:_send_single_request:1740 | HTTP Request: PATCH http://prefect-server:4200/api/flow_runs/01a00b4d-55f0-7212-9162-f216b81139fc/labels \"HTTP/1.1 204 No Content\""}
{"ts": "2026-08-17T03:59:52.477507150Z", "container": "prefect-worker", "msg": "2026-08-17 03:59:52 | INFO  | _client.py:_send_single_request:1740 | HTTP Request: POST http://prefect-server:4200/api/flow_runs/01a00b4d-55f0-7212-9162-f216b81139fc/set_state \"HTTP/1.1 201 Created\""}
{"ts": "2026-08-17T03:59:52.487157537Z", "container": "prefect-worker", "msg": "2026-08-17 03:59:52 | INFO  | _client.py:_send_single_request:1740 | HTTP Request: GET http://prefect-server:4200/api/flow_runs/01a00b4d-55f0-7212-9162-f216b81139fc \"HTTP/1.1 200 OK\""}
{"ts": "2026-08-17T03:59:52.488144876Z", "container": "prefect-worker", "msg": "2026-08-17 03:59:52 | INFO  | runner.py:_run_process:994 | Starting flow run process..."}
{"ts": "2026-08-17T03:59:52.512607786Z", "container": "prefect-worker", "msg": "2026-08-17 03:59:52 | INFO  | _client.py:_send_single_request:1740 | HTTP Request: PATCH http://prefect-server:4200/api/flow_runs/01a00b4d-55f0-7212-9162-f216b81139fc \"HTTP/1.1 204 No Content\""}
{"ts": "2026-08-17T03:59:52.513115240Z", "container": "prefect-worker", "msg": "2026-08-17 03:59:52 | INFO  | base.py:_submit_run:1601 | Flow run 'nimble-dragon' submitted to infrastructure"}
{"ts": "2026-08-17T03:59:53.709029574Z", "container": "prefect-worker", "msg": "03:59:53.702 | INFO    | Flow run 'nimble-dragon' - Running 1 deployment pull step(s)"}
{"ts": "2026-08-17T03:59:53.730076403Z", "container": "prefect-worker", "msg": "03:59:53.729 | INFO    | Flow run 'nimble-dragon' - Executing deployment step: set_working_directory"}
{"ts": "2026-08-17T03:59:53.741982540Z", "container": "prefect-worker", "msg": "03:59:53.741 | INFO    | Flow run 'nimble-dragon' - Deployment step 'set_working_directory' completed successfully"}
{"ts": "2026-08-17T03:59:53.756048407Z", "container": "prefect-worker", "msg": "03:59:53.755 | INFO    | Flow run 'nimble-dragon' - All deployment steps completed successfully"}
{"ts": "2026-08-17T03:59:53.938694009Z", "container": "prefect-worker", "msg": "2026-08-17 03:59:53 | INFO  | _client.py:_send_single_request:1740 | HTTP Request: POST http://prefect-server:4200/api/logs/ \"HTTP/1.1 201 Created\""}
{"ts": "2026-08-17T03:59:54.210745576Z", "container": "prefect-worker", "msg": "2026-08-17 03:59:54 | INFO  | _client.py:_send_single_request:1025 | HTTP Request: GET http://prefect-server:4200/api/admin/version \"HTTP/1.1 200 OK\""}
{"ts": "2026-08-17T03:59:54.214107506Z", "container": "prefect-worker", "msg": "2026-08-17 03:59:54 | INFO  | _client.py:_send_single_request:1025 | HTTP Request: GET http://prefect-server:4200/api/csrf-token?client=24bbd11a-d7a2-4d3e-a2b7-ce7f98b68e3e \"HTTP/1.1 422 Unprocessable Entity\""}
{"ts": "2026-08-17T03:59:54.219528075Z", "container": "prefect-worker", "msg": "2026-08-17 03:59:54 | INFO  | _client.py:_send_single_request:1025 | HTTP Request: PATCH http://prefect-server:4200/api/flow_runs/01a00b4d-55f0-7212-9162-f216b81139fc \"HTTP/1.1 204 No Content\""}
{"ts": "2026-08-17T03:59:54.237913870Z", "container": "prefect-worker", "msg": "2026-08-17 03:59:54 | INFO  | _client.py:_send_single_request:1740 | HTTP Request: GET http://prefect-server:4200/api/flow_runs/01a00b4d-55f0-7212-9162-f216b81139fc \"HTTP/1.1 200 OK\""}
{"ts": "2026-08-17T03:59:54.249289422Z", "container": "prefect-worker", "msg": "2026-08-17 03:59:54 | INFO  | _client.py:_send_single_request:1025 | HTTP Request: POST http://prefect-server:4200/api/flow_runs/01a00b4d-55f0-7212-9162-f216b81139fc/set_state \"HTTP/1.1 200 OK\""}
{"ts": "2026-08-17T03:59:55.715972391Z", "container": "prefect-worker", "msg": "2026-08-17 03:59:55 | INFO  | _client.py:_send_single_request:1740 | HTTP Request: GET http://prefect-server:4200/api/csrf-token?client=64b4d340-05c1-4bf0-9905-4d820e748d88 \"HTTP/1.1 422 Unprocessable Entity\""}
{"ts": "2026-08-17T03:59:55.722516510Z", "container": "prefect-worker", "msg": "2026-08-17 03:59:55 | INFO  | _client.py:_send_single_request:1740 | HTTP Request: POST http://prefect-server:4200/api/logs/ \"HTTP/1.1 201 Created\""}
{"ts": "2026-08-17T04:00:00.268357421Z", "container": "prefect-worker", "msg": "2026-08-17 04:00:00 | INFO  | _client.py:_send_single_request:1025 | HTTP Request: POST http://prefect-server:4200/api/flow_runs/01a00b4d-55f0-7212-9162-f216b81139fc/set_state \"HTTP/1.1 201 Created\""}
{"ts": "2026-08-17T04:00:00.274980721Z", "container": "prefect-worker", "msg": "2026-08-17 04:00:00 | INFO  | _client.py:_send_single_request:1025 | HTTP Request: GET http://prefect-server:4200/api/flow_runs/01a00b4d-55f0-7212-9162-f216b81139fc \"HTTP/1.1 200 OK\""}
{"ts": "2026-08-17T04:00:00.279691493Z", "container": "prefect-worker", "msg": "2026-08-17 04:00:00 | INFO  | _client.py:_send_single_request:1025 | HTTP Request: GET http://prefect-server:4200/api/admin/storage \"HTTP/1.1 200 OK\""}
{"ts": "2026-08-17T04:00:00.282774351Z", "container": "prefect-worker", "msg": "2026-08-17 04:00:00 | INFO  | _client.py:_send_single_request:1025 | HTTP Request: GET http://prefect-server:4200/api/admin/storage \"HTTP/1.1 200 OK\""}
{"ts": "2026-08-17T04:00:00.283386506Z", "container": "prefect-worker", "msg": "2026-08-17 04:00:00 | INFO  | flow_engine.py:setup_run_context:1133 | Beginning flow run 'nimble-dragon' for flow 'smarthub-data-pull'"}
{"ts": "2026-08-17T04:00:00.283748160Z", "container": "prefect-worker", "msg": "2026-08-17 04:00:00 | INFO  | flow_engine.py:setup_run_context:1138 | View at http://prefect-server:4200/runs/flow-run/01a00b4d-55f0-7212-9162-f216b81139fc"}
{"ts": "2026-08-17T04:00:00.311161967Z", "container": "prefect-worker", "msg": "2026-08-17 04:00:00 | INFO  | _client.py:_send_single_request:1740 | HTTP Request: GET http://prefect-server:4200/api/flows/c49e248a-be9d-43b9-ad26-cff3b7117b11 \"HTTP/1.1 200 OK\""}
{"ts": "2026-08-17T04:00:00.321882103Z", "container": "prefect-worker", "msg": "2026-08-17 04:00:00 | INFO  | _client.py:_send_single_request:1740 | HTTP Request: GET http://prefect-server:4200/api/work_queues/32c7c4c1-2900-49ee-9a5d-6d3163577ef9 \"HTTP/1.1 200 OK\""}
{"ts": "2026-08-17T04:00:00.329768164Z", "container": "prefect-worker", "msg": "2026-08-17 04:00:00 | INFO  | _client.py:_send_single_request:1740 | HTTP Request: GET http://prefect-server:4200/api/deployments/15dcce44-4b5f-4048-b854-eeba60c3b514 \"HTTP/1.1 200 OK\""}
{"ts": "2026-08-17T04:00:00.369827135Z", "container": "prefect-worker", "msg": "2026-08-17 04:00:00 | INFO  | _client.py:_send_single_request:1025 | HTTP Request: GET http://prefect-server:4200/api/variables/name/smarthub_last_pull_timestamp_auto \"HTTP/1.1 200 OK\""}
{"ts": "2026-08-17T04:00:00.372954193Z", "container": "prefect-worker", "msg": "2026-08-17 04:00:00 | INFO  | task_engine.py:log_finished_message:410 | Finished in state Completed()"}
{"ts": "2026-08-17T04:00:00.373275126Z", "container": "prefect-worker", "msg": "2026-08-17 04:00:00 | INFO  | flow.py:data_pull_flow:246 | [auto] pulling window 2026-08-16 22:59:48 -> 2026-08-17 04:00:00"}
{"ts": "2026-08-17T04:00:00.377675546Z", "container": "prefect-worker", "msg": "2026-08-17 04:00:00 | INFO  | _client.py:_send_single_request:1025 | HTTP Request: GET http://prefect-server:4200/api/variables/name/smarthub_last_pull_timestamp_auto \"HTTP/1.1 200 OK\""}
{"ts": "2026-08-17T04:00:00.382040855Z", "container": "prefect-worker", "msg": "2026-08-17 04:00:00 | INFO  | pull.py:fetch_leads:134 | SSH_TUNNEL=false -- connecting directly to Redshift smart-hub.c9m7m7mw0tl8.us-east-1.redshift.amazonaws.com:5439"}
{"ts": "2026-08-17T04:00:00.384306355Z", "container": "prefect-worker", "msg": "2026-08-17 04:00:00 | INFO  | _client.py:_send_single_request:1740 | HTTP Request: GET http://prefect-server:4200/api/work_pools/smarthub-pool \"HTTP/1.1 200 OK\""}
{"ts": "2026-08-17T04:00:00.589922747Z", "container": "prefect-worker", "msg": "2026-08-17 04:00:00 | INFO  | plugins.py:__init__:37 | setup plugin alembic.autogenerate.schemas"}
{"ts": "2026-08-17T04:00:00.590097128Z", "container": "prefect-worker", "msg": "2026-08-17 04:00:00 | INFO  | plugins.py:__init__:37 | setup plugin alembic.autogenerate.tables"}
{"ts": "2026-08-17T04:00:00.590114648Z", "container": "prefect-worker", "msg": "2026-08-17 04:00:00 | INFO  | plugins.py:__init__:37 | setup plugin alembic.autogenerate.types"}
{"ts": "2026-08-17T04:00:00.590118548Z", "container": "prefect-worker", "msg": "2026-08-17 04:00:00 | INFO  | plugins.py:__init__:37 | setup plugin alembic.autogenerate.constraints"}
{"ts": "2026-08-17T04:00:00.590121768Z", "container": "prefect-worker", "msg": "2026-08-17 04:00:00 | INFO  | plugins.py:__init__:37 | setup plugin alembic.autogenerate.defaults"}
{"ts": "2026-08-17T04:00:00.590221559Z", "container": "prefect-worker", "msg": "2026-08-17 04:00:00 | INFO  | plugins.py:__init__:37 | setup plugin alembic.autogenerate.comments"}
{"ts": "2026-08-17T04:00:01.208881030Z", "container": "prefect-worker", "msg": "2026-08-17 04:00:01 | INFO  | pull.py:fetch_leads:154 | Fetched leads frame with shape (6921, 57)"}
{"ts": "2026-08-17T04:00:01.210162611Z", "container": "prefect-worker", "msg": "2026-08-17 04:00:01 | INFO  | task_engine.py:log_finished_message:410 | Finished in state Completed()"}
{"ts": "2026-08-17T04:00:01.454892335Z", "container": "prefect-worker", "msg": "2026-08-17 04:00:01 | INFO  | validation_report.py:log_summary:165 | data-quality: rows=6,921, status=issues flagged, rule_violation_rows=13,843, cross_field={'current_carrier_when_not_insured': 5682}, high_missing=['accepted', 'accepted_listings', 'annual_revenue', 'erred', 'error_reason_id', 'expected_revenue', 'health_conditions', 'household_income', 'lead_created_at', 'life_coverage_amount', 'life_coverage_type', 'naics_code', 'num_dependents', 'num_employees', 'num_selected_listings', 'pnc_bundle', 'realized_payout', 'rev', 'sic_code', 'won']"}
{"ts": "2026-08-17T04:00:01.471206872Z", "container": "prefect-worker", "msg": "2026-08-17 04:00:01 | INFO  | _client.py:_send_single_request:1025 | HTTP Request: POST http://prefect-server:4200/api/artifacts/ \"HTTP/1.1 201 Created\""}
{"ts": "2026-08-17T04:00:01.474285959Z", "container": "prefect-worker", "msg": "2026-08-17 04:00:01 | INFO  | task_engine.py:log_finished_message:410 | Finished in state Completed()"}
{"ts": "2026-08-17T04:00:01.733198701Z", "container": "prefect-worker", "msg": "2026-08-17 04:00:01 | INFO  | storage.py:append_parquet:470 | Parquet partition 16-08-2026.parquet: +1686 rows"}
{"ts": "2026-08-17T04:00:01.735410931Z", "container": "prefect-worker", "msg": "2026-08-17 04:00:01 | INFO  | _client.py:_send_single_request:1740 | HTTP Request: POST http://prefect-server:4200/api/logs/ \"HTTP/1.1 201 Created\""}
{"ts": "2026-08-17T04:00:01.770142323Z", "container": "prefect-worker", "msg": "2026-08-17 04:00:01 | INFO  | storage.py:append_parquet:470 | Parquet partition 17-08-2026.parquet: +5235 rows"}
{"ts": "2026-08-17T04:00:01.786222918Z", "container": "prefect-worker", "msg": "2026-08-17 04:00:01 | INFO  | task_engine.py:log_finished_message:410 | Finished in state Completed()"}
{"ts": "2026-08-17T04:00:01.824208050Z", "container": "prefect-worker", "msg": "2026-08-17 04:00:01 | INFO  | _client.py:_send_single_request:1025 | HTTP Request: GET http://prefect-server:4200/api/variables/name/smarthub_last_pull_timestamp_auto \"HTTP/1.1 200 OK\""}
{"ts": "2026-08-17T04:00:01.833405623Z", "container": "prefect-worker", "msg": "2026-08-17 04:00:01 | INFO  | _client.py:_send_single_request:1025 | HTTP Request: PATCH http://prefect-server:4200/api/variables/name/smarthub_last_pull_timestamp_auto \"HTTP/1.1 204 No Content\""}
{"ts": "2026-08-17T04:00:01.836036987Z", "container": "prefect-worker", "msg": "2026-08-17 04:00:01 | INFO  | _client.py:_send_single_request:1025 | HTTP Request: GET http://prefect-server:4200/api/variables/name/smarthub_last_pull_timestamp_auto \"HTTP/1.1 200 OK\""}
{"ts": "2026-08-17T04:00:01.837341989Z", "container": "prefect-worker", "msg": "2026-08-17 04:00:01 | INFO  | task_engine.py:log_finished_message:410 | Finished in state Completed()"}
{"ts": "2026-08-17T04:00:01.838348598Z", "container": "prefect-worker", "msg": "2026-08-17 04:00:01 | INFO  | flow.py:data_pull_flow:254 | [auto] persisted {'parquet_rows': 6921, 'parquet_paths': ['/app/data/raw_datasets/leads/2026/08/16-08-2026.parquet', '/app/data/raw_datasets/leads/2026/08/17-08-2026.parquet']}; watermark now 2026-08-17 03:59:38"}
{"ts": "2026-08-17T04:00:01.908982304Z", "container": "prefect-worker", "msg": "2026-08-17 04:00:01 | INFO  | _client.py:_send_single_request:1025 | HTTP Request: POST http://prefect-server:4200/api/artifacts/ \"HTTP/1.1 201 Created\""}
{"ts": "2026-08-17T04:00:02.020825350Z", "container": "prefect-worker", "msg": "2026-08-17 04:00:02 | INFO  | _client.py:_send_single_request:1025 | HTTP Request: POST http://prefect-server:4200/api/flow_runs/01a00b4d-55f0-7212-9162-f216b81139fc/set_state \"HTTP/1.1 201 Created\""}
{"ts": "2026-08-17T04:00:02.106126009Z", "container": "prefect-worker", "msg": "2026-08-17 04:00:02 | INFO  | _client.py:_send_single_request:1740 | HTTP Request: POST http://prefect-server:4200/api/work_pools/smarthub-pool/get_scheduled_flow_runs \"HTTP/1.1 200 OK\""}
{"ts": "2026-08-17T04:00:02.320462878Z", "container": "prefect-worker", "msg": "2026-08-17 04:00:02 | INFO  | flow_engine.py:initialize_run:1235 | Finished in state Completed()"}
{"ts": "2026-08-17T04:00:02.329366759Z", "container": "prefect-worker", "msg": "2026-08-17 04:00:02 | INFO  | _client.py:_send_single_request:1740 | HTTP Request: POST http://prefect-server:4200/api/logs/ \"HTTP/1.1 201 Created\""}
{"ts": "2026-08-17T04:00:02.839795255Z", "container": "prefect-worker", "msg": "2026-08-17 04:00:02 | INFO  | runner.py:_submit_run_and_capture_errors:1447 | Process for flow run 'nimble-dragon' exited cleanly."}
{"ts": "2026-08-17T04:00:02.848903357Z", "container": "prefect-worker", "msg": "2026-08-17 04:00:02 | INFO  | _client.py:_send_single_request:1740 | HTTP Request: GET http://prefect-server:4200/api/flow_runs/01a00b4d-55f0-7212-9162-f216b81139fc \"HTTP/1.1 200 OK\""}
{"ts": "2026-08-17T04:00:03.949305215Z", "container": "prefect-worker", "msg": "2026-08-17 04:00:03 | INFO  | _client.py:_send_single_request:1740 | HTTP Request: POST http://prefect-server:4200/api/logs/ \"HTTP/1.1 201 Created\""}
{"ts": "2026-08-17T04:00:11.451699437Z", "container": "prefect-worker", "msg": "2026-08-17 04:00:11 | INFO  | _client.py:_send_single_request:1740 | HTTP Request: POST http://prefect-server:4200/api/work_pools/smarthub-pool/get_scheduled_flow_runs \"HTTP/1.1 200 OK\""}
{"ts": "2026-08-17T04:00:24.344854548Z", "container": "prefect-worker", "msg": "2026-08-17 04:00:24 | INFO  | _client.py:_send_single_request:1740 | HTTP Request: POST http://prefect-server:4200/api/work_pools/smarthub-pool/get_scheduled_flow_runs \"HTTP/1.1 200 OK\""}
{"ts": "2026-08-17T04:00:34.223861047Z", "container": "prefect-worker", "msg": "2026-08-17 04:00:34 | INFO  | _client.py:_send_single_request:1740 | HTTP Request: POST http://prefect-server:4200/api/work_pools/smarthub-pool/get_scheduled_flow_runs \"HTTP/1.1 200 OK\""}
{"ts": "2026-08-17T04:00:44.538443300Z", "container": "prefect-worker", "msg": "2026-08-17 04:00:44 | INFO  | _client.py:_send_single_request:1740 | HTTP Request: POST http://prefect-server:4200/api/work_pools/smarthub-pool/get_scheduled_flow_runs \"HTTP/1.1 200 OK\""}
{"ts": "2026-08-17T04:00:57.179014755Z", "container": "prefect-worker", "msg": "2026-08-17 04:00:57 | INFO  | _client.py:_send_single_request:1740 | HTTP Request: POST http://prefect-server:4200/api/work_pools/smarthub-pool/get_scheduled_flow_runs \"HTTP/1.1 200 OK\""}
{"ts": "2026-08-17T04:01:05.818815469Z", "container": "prefect-worker", "msg": "2026-08-17 04:01:05 | INFO  | _client.py:_send_single_request:1740 | HTTP Request: POST http://prefect-server:4200/api/work_pools/smarthub-pool/get_scheduled_flow_runs \"HTTP/1.1 200 OK\""}
{"ts": "2026-08-17T04:01:17.446753262Z", "container": "prefect-worker", "msg": "2026-08-17 04:01:17 | INFO  | _client.py:_send_single_request:1740 | HTTP Request: POST http://prefect-server:4200/api/work_pools/smarthub-pool/get_scheduled_flow_runs \"HTTP/1.1 200 OK\""}
{"ts": "2026-08-17T04:01:27.496995100Z", "container": "prefect-worker", "msg": "2026-08-17 04:01:27 | INFO  | _client.py:_send_single_request:1740 | HTTP Request: POST http://prefect-server:4200/api/work_pools/smarthub-pool/get_scheduled_flow_runs \"HTTP/1.1 200 OK\""}
{"ts": "2026-08-17T04:01:35.199214762Z", "container": "prefect-worker", "msg": "2026-08-17 04:01:35 | INFO  | _client.py:_send_single_request:1740 | HTTP Request: POST http://prefect-server:4200/api/work_pools/smarthub-pool/get_scheduled_flow_runs \"HTTP/1.1 200 OK\""}
{"ts": "2026-08-17T04:01:45.577203981Z", "container": "prefect-worker", "msg": "2026-08-17 04:01:45 | INFO  | _client.py:_send_single_request:1740 | HTTP Request: POST http://prefect-server:4200/api/work_pools/smarthub-pool/get_scheduled_flow_runs \"HTTP/1.1 200 OK\""}
{"ts": "2026-08-17T04:01:57.430122459Z", "container": "prefect-worker", "msg": "2026-08-17 04:01:57 | INFO  | _client.py:_send_single_request:1740 | HTTP Request: POST http://prefect-server:4200/api/work_pools/smarthub-pool/get_scheduled_flow_runs \"HTTP/1.1 200 OK\""}
{"ts": "2026-08-17T04:02:06.679258982Z", "container": "prefect-worker", "msg": "2026-08-17 04:02:06 | INFO  | _client.py:_send_single_request:1740 | HTTP Request: POST http://prefect-server:4200/api/work_pools/smarthub-pool/get_scheduled_flow_runs \"HTTP/1.1 200 OK\""}
{"ts": "2026-08-17T04:02:17.194857652Z", "container": "prefect-worker", "msg": "2026-08-17 04:02:17 | INFO  | _client.py:_send_single_request:1740 | HTTP Request: POST http://prefect-server:4200/api/work_pools/smarthub-pool/get_scheduled_flow_runs \"HTTP/1.1 200 OK\""}
{"ts": "2026-08-17T04:02:25.898777791Z", "container": "prefect-worker", "msg": "2026-08-17 04:02:25 | INFO  | _client.py:_send_single_request:1740 | HTTP Request: POST http://prefect-server:4200/api/work_pools/smarthub-pool/get_scheduled_flow_runs \"HTTP/1.1 200 OK\""}
{"ts": "2026-08-17T04:02:34.590245713Z", "container": "prefect-worker", "msg": "2026-08-17 04:02:34 | INFO  | _client.py:_send_single_request:1740 | HTTP Request: POST http://prefect-server:4200/api/work_pools/smarthub-pool/get_scheduled_flow_runs \"HTTP/1.1 200 OK\""}
{"ts": "2026-08-17T04:02:47.524430729Z", "container": "prefect-worker", "msg": "2026-08-17 04:02:47 | INFO  | _client.py:_send_single_request:1740 | HTTP Request: POST http://prefect-server:4200/api/work_pools/smarthub-pool/get_scheduled_flow_runs \"HTTP/1.1 200 OK\""}
{"ts": "2026-08-17T04:02:56.531684125Z", "container": "prefect-worker", "msg": "2026-08-17 04:02:56 | INFO  | _client.py:_send_single_request:1740 | HTTP Request: POST http://prefect-server:4200/api/work_pools/smarthub-pool/get_scheduled_flow_runs \"HTTP/1.1 200 OK\""}
{"ts": "2026-08-17T04:03:07.302408935Z", "container": "prefect-worker", "msg": "2026-08-17 04:03:07 | INFO  | _client.py:_send_single_request:1740 | HTTP Request: POST http://prefect-server:4200/api/work_pools/smarthub-pool/get_scheduled_flow_runs \"HTTP/1.1 200 OK\""}
{"ts": "2026-08-17T04:03:15.021583139Z", "container": "prefect-worker", "msg": "2026-08-17 04:03:15 | INFO  | _client.py:_send_single_request:1740 | HTTP Request: POST http://prefect-server:4200/api/work_pools/smarthub-pool/get_scheduled_flow_runs \"HTTP/1.1 200 OK\""}
{"ts": "2026-08-17T04:03:24.442372522Z", "container": "prefect-worker", "msg": "2026-08-17 04:03:24 | INFO  | _client.py:_send_single_request:1740 | HTTP Request: POST http://prefect-server:4200/api/work_pools/smarthub-pool/get_scheduled_flow_runs \"HTTP/1.1 200 OK\""}
{"ts": "2026-08-17T04:03:32.764890745Z", "container": "prefect-worker", "msg": "2026-08-17 04:03:32 | INFO  | _client.py:_send_single_request:1740 | HTTP Request: POST http://prefect-server:4200/api/work_pools/smarthub-pool/get_scheduled_flow_runs \"HTTP/1.1 200 OK\""}
{"ts": "2026-08-17T04:03:45.649357321Z", "container": "prefect-worker", "msg": "2026-08-17 04:03:45 | INFO  | _client.py:_send_single_request:1740 | HTTP Request: POST http://prefect-server:4200/api/work_pools/smarthub-pool/get_scheduled_flow_runs \"HTTP/1.1 200 OK\""}
{"ts": "2026-08-17T04:03:56.432725370Z", "container": "prefect-worker", "msg": "2026-08-17 04:03:56 | INFO  | _client.py:_send_single_request:1740 | HTTP Request: POST http://prefect-server:4200/api/work_pools/smarthub-pool/get_scheduled_flow_runs \"HTTP/1.1 200 OK\""}
{"ts": "2026-08-17T04:04:06.496107306Z", "container": "prefect-worker", "msg": "2026-08-17 04:04:06 | INFO  | _client.py:_send_single_request:1740 | HTTP Request: POST http://prefect-server:4200/api/work_pools/smarthub-pool/get_scheduled_flow_runs \"HTTP/1.1 200 OK\""}
{"ts": "2026-08-17T04:04:15.544816915Z", "container": "prefect-worker", "msg": "2026-08-17 04:04:15 | INFO  | _client.py:_send_single_request:1740 | HTTP Request: POST http://prefect-server:4200/api/work_pools/smarthub-pool/get_scheduled_flow_runs \"HTTP/1.1 200 OK\""}
{"ts": "2026-08-17T04:04:25.710603398Z", "container": "prefect-worker", "msg": "2026-08-17 04:04:25 | INFO  | _client.py:_send_single_request:1740 | HTTP Request: POST http://prefect-server:4200/api/work_pools/smarthub-pool/get_scheduled_flow_runs \"HTTP/1.1 200 OK\""}
{"ts": "2026-08-17T04:04:33.632278635Z", "container": "prefect-worker", "msg": "2026-08-17 04:04:33 | INFO  | _client.py:_send_single_request:1740 | HTTP Request: POST http://prefect-server:4200/api/work_pools/smarthub-pool/get_scheduled_flow_runs \"HTTP/1.1 200 OK\""}
{"ts": "2026-08-17T04:04:42.525836561Z", "container": "prefect-worker", "msg": "2026-08-17 04:04:42 | INFO  | _client.py:_send_single_request:1740 | HTTP Request: POST http://prefect-server:4200/api/work_pools/smarthub-pool/get_scheduled_flow_runs \"HTTP/1.1 200 OK\""}
{"ts": "2026-08-17T04:04:50.651948903Z", "container": "prefect-worker", "msg": "2026-08-17 04:04:50 | INFO  | _client.py:_send_single_request:1740 | HTTP Request: POST http://prefect-server:4200/api/work_pools/smarthub-pool/get_scheduled_flow_runs \"HTTP/1.1 200 OK\""}
{"ts": "2026-08-17T04:05:00.629845271Z", "container": "prefect-worker", "msg": "2026-08-17 04:05:00 | INFO  | _client.py:_send_single_request:1740 | HTTP Request: POST http://prefect-server:4200/api/work_pools/smarthub-pool/get_scheduled_flow_runs \"HTTP/1.1 200 OK\""}
{"ts": "2026-08-17T04:05:08.901253252Z", "container": "prefect-worker", "msg": "2026-08-17 04:05:08 | INFO  | _client.py:_send_single_request:1740 | HTTP Request: POST http://prefect-server:4200/api/work_pools/smarthub-pool/get_scheduled_flow_runs \"HTTP/1.1 200 OK\""}
{"ts": "2026-08-17T04:05:19.032079661Z", "container": "prefect-worker", "msg": "2026-08-17 04:05:19 | INFO  | _client.py:_send_single_request:1740 | HTTP Request: POST http://prefect-server:4200/api/work_pools/smarthub-pool/get_scheduled_flow_runs \"HTTP/1.1 200 OK\""}
{"ts": "2026-08-17T04:05:28.072771608Z", "container": "prefect-worker", "msg": "2026-08-17 04:05:28 | INFO  | _client.py:_send_single_request:1740 | HTTP Request: POST http://prefect-server:4200/api/work_pools/smarthub-pool/get_scheduled_flow_runs \"HTTP/1.1 200 OK\""}
{"ts": "2026-08-17T04:05:36.178646265Z", "container": "prefect-worker", "msg": "2026-08-17 04:05:36 | INFO  | _client.py:_send_single_request:1740 | HTTP Request: POST http://prefect-server:4200/api/work_pools/smarthub-pool/get_scheduled_flow_runs \"HTTP/1.1 200 OK\""}
{"ts": "2026-08-17T04:05:46.495875192Z", "container": "prefect-worker", "msg": "2026-08-17 04:05:46 | INFO  | _client.py:_send_single_request:1740 | HTTP Request: POST http://prefect-server:4200/api/work_pools/smarthub-pool/get_scheduled_flow_runs \"HTTP/1.1 200 OK\""}
{"ts": "2026-08-17T04:05:57.223286404Z", "container": "prefect-worker", "msg": "2026-08-17 04:05:57 | INFO  | _client.py:_send_single_request:1740 | HTTP Request: POST http://prefect-server:4200/api/work_pools/smarthub-pool/get_scheduled_flow_runs \"HTTP/1.1 200 OK\""}
{"ts": "2026-08-17T04:06:07.959195681Z", "container": "prefect-worker", "msg": "2026-08-17 04:06:07 | INFO  | _client.py:_send_single_request:1740 | HTTP Request: POST http://prefect-server:4200/api/work_pools/smarthub-pool/get_scheduled_flow_runs \"HTTP/1.1 200 OK\""}
{"ts": "2026-08-17T04:06:20.393093447Z", "container": "prefect-worker", "msg": "2026-08-17 04:06:20 | INFO  | _client.py:_send_single_request:1740 | HTTP Request: POST http://prefect-server:4200/api/work_pools/smarthub-pool/get_scheduled_flow_runs \"HTTP/1.1 200 OK\""}
{"ts": "2026-08-17T04:06:28.309440179Z", "container": "prefect-worker", "msg": "2026-08-17 04:06:28 | INFO  | _client.py:_send_single_request:1740 | HTTP Request: POST http://prefect-server:4200/api/work_pools/smarthub-pool/get_scheduled_flow_runs \"HTTP/1.1 200 OK\""}
{"ts": "2026-08-17T04:06:37.029357495Z", "container": "prefect-worker", "msg": "2026-08-17 04:06:37 | INFO  | _client.py:_send_single_request:1740 | HTTP Request: POST http://prefect-server:4200/api/work_pools/smarthub-pool/get_scheduled_flow_runs \"HTTP/1.1 200 OK\""}
{"ts": "2026-08-17T04:06:47.069715276Z", "container": "prefect-worker", "msg": "2026-08-17 04:06:47 | INFO  | _client.py:_send_single_request:1740 | HTTP Request: POST http://prefect-server:4200/api/work_pools/smarthub-pool/get_scheduled_flow_runs \"HTTP/1.1 200 OK\""}
{"ts": "2026-08-17T04:06:58.002165276Z", "container": "prefect-worker", "msg": "2026-08-17 04:06:58 | INFO  | _client.py:_send_single_request:1740 | HTTP Request: POST http://prefect-server:4200/api/work_pools/smarthub-pool/get_scheduled_flow_runs \"HTTP/1.1 200 OK\""}
{"ts": "2026-08-17T04:07:10.451275015Z", "container": "prefect-worker", "msg": "2026-08-17 04:07:10 | INFO  | _client.py:_send_single_request:1740 | HTTP Request: POST http://prefect-server:4200/api/work_pools/smarthub-pool/get_scheduled_flow_runs \"HTTP/1.1 200 OK\""}
{"ts": "2026-08-17T04:07:21.465028156Z", "container": "prefect-worker", "msg": "2026-08-17 04:07:21 | INFO  | _client.py:_send_single_request:1740 | HTTP Request: POST http://prefect-server:4200/api/work_pools/smarthub-pool/get_scheduled_flow_runs \"HTTP/1.1 200 OK\""}
{"ts": "2026-08-17T04:07:34.346893222Z", "container": "prefect-worker", "msg": "2026-08-17 04:07:34 | INFO  | _client.py:_send_single_request:1740 | HTTP Request: POST http://prefect-server:4200/api/work_pools/smarthub-pool/get_scheduled_flow_runs \"HTTP/1.1 200 OK\""}
{"ts": "2026-08-17T04:07:45.692810850Z", "container": "prefect-worker", "msg": "2026-08-17 04:07:45 | INFO  | _client.py:_send_single_request:1740 | HTTP Request: POST http://prefect-server:4200/api/work_pools/smarthub-pool/get_scheduled_flow_runs \"HTTP/1.1 200 OK\""}
{"ts": "2026-08-17T04:07:53.683325784Z", "container": "prefect-worker", "msg": "2026-08-17 04:07:53 | INFO  | _client.py:_send_single_request:1740 | HTTP Request: POST http://prefect-server:4200/api/work_pools/smarthub-pool/get_scheduled_flow_runs \"HTTP/1.1 200 OK\""}
{"ts": "2026-08-17T04:08:04.575536967Z", "container": "prefect-worker", "msg": "2026-08-17 04:08:04 | INFO  | _client.py:_send_single_request:1740 | HTTP Request: POST http://prefect-server:4200/api/work_pools/smarthub-pool/get_scheduled_flow_runs \"HTTP/1.1 200 OK\""}
{"ts": "2026-08-17T04:08:13.510626010Z", "container": "prefect-worker", "msg": "2026-08-17 04:08:13 | INFO  | _client.py:_send_single_request:1740 | HTTP Request: POST http://prefect-server:4200/api/work_pools/smarthub-pool/get_scheduled_flow_runs \"HTTP/1.1 200 OK\""}
{"ts": "2026-08-17T04:08:25.292819950Z", "container": "prefect-worker", "msg": "2026-08-17 04:08:25 | INFO  | _client.py:_send_single_request:1740 | HTTP Request: POST http://prefect-server:4200/api/work_pools/smarthub-pool/get_scheduled_flow_runs \"HTTP/1.1 200 OK\""}
{"ts": "2026-08-17T04:08:36.651249751Z", "container": "prefect-worker", "msg": "2026-08-17 04:08:36 | INFO  | _client.py:_send_single_request:1740 | HTTP Request: POST http://prefect-server:4200/api/work_pools/smarthub-pool/get_scheduled_flow_runs \"HTTP/1.1 200 OK\""}
{"ts": "2026-08-17T04:08:49.209218646Z", "container": "prefect-worker", "msg": "2026-08-17 04:08:49 | INFO  | _client.py:_send_single_request:1740 | HTTP Request: POST http://prefect-server:4200/api/work_pools/smarthub-pool/get_scheduled_flow_runs \"HTTP/1.1 200 OK\""}
{"ts": "2026-08-17T04:08:59.672535466Z", "container": "prefect-worker", "msg": "2026-08-17 04:08:59 | INFO  | _client.py:_send_single_request:1740 | HTTP Request: POST http://prefect-server:4200/api/work_pools/smarthub-pool/get_scheduled_flow_runs \"HTTP/1.1 200 OK\""}
{"ts": "2026-08-17T04:09:11.047874944Z", "container": "prefect-worker", "msg": "2026-08-17 04:09:11 | INFO  | _client.py:_send_single_request:1740 | HTTP Request: POST http://prefect-server:4200/api/work_pools/smarthub-pool/get_scheduled_flow_runs \"HTTP/1.1 200 OK\""}
{"ts": "2026-08-17T04:09:20.365999280Z", "container": "prefect-worker", "msg": "2026-08-17 04:09:20 | INFO  | _client.py:_send_single_request:1740 | HTTP Request: POST http://prefect-server:4200/api/work_pools/smarthub-pool/get_scheduled_flow_runs \"HTTP/1.1 200 OK\""}
{"ts": "2026-08-17T04:09:28.234498681Z", "container": "prefect-worker", "msg": "2026-08-17 04:09:28 | INFO  | _client.py:_send_single_request:1740 | HTTP Request: POST http://prefect-server:4200/api/work_pools/smarthub-pool/get_scheduled_flow_runs \"HTTP/1.1 200 OK\""}
{"ts": "2026-08-17T04:09:38.202453691Z", "container": "prefect-worker", "msg": "2026-08-17 04:09:38 | INFO  | _client.py:_send_single_request:1740 | HTTP Request: POST http://prefect-server:4200/api/work_pools/smarthub-pool/get_scheduled_flow_runs \"HTTP/1.1 200 OK\""}
{"ts": "2026-08-17T04:09:50.106511806Z", "container": "prefect-worker", "msg": "2026-08-17 04:09:50 | INFO  | _client.py:_send_single_request:1740 | HTTP Request: POST http://prefect-server:4200/api/work_pools/smarthub-pool/get_scheduled_flow_runs \"HTTP/1.1 200 OK\""}
{"ts": "2026-08-17T04:09:59.676214836Z", "container": "prefect-worker", "msg": "2026-08-17 04:09:59 | INFO  | _client.py:_send_single_request:1740 | HTTP Request: POST http://prefect-server:4200/api/work_pools/smarthub-pool/get_scheduled_flow_runs \"HTTP/1.1 200 OK\""}
{"ts": "2026-08-17T04:10:09.212171302Z", "container": "prefect-worker", "msg": "2026-08-17 04:10:09 | INFO  | _client.py:_send_single_request:1740 | HTTP Request: POST http://prefect-server:4200/api/work_pools/smarthub-pool/get_scheduled_flow_runs \"HTTP/1.1 200 OK\""}
{"ts": "2026-08-17T04:10:19.773743995Z", "container": "prefect-worker", "msg": "2026-08-17 04:10:19 | INFO  | _client.py:_send_single_request:1740 | HTTP Request: POST http://prefect-server:4200/api/work_pools/smarthub-pool/get_scheduled_flow_runs \"HTTP/1.1 200 OK\""}
{"ts": "2026-08-17T04:10:31.771610958Z", "container": "prefect-worker", "msg": "2026-08-17 04:10:31 | INFO  | _client.py:_send_single_request:1740 | HTTP Request: POST http://prefect-server:4200/api/work_pools/smarthub-pool/get_scheduled_flow_runs \"HTTP/1.1 200 OK\""}
{"ts": "2026-08-17T04:10:41.079669970Z", "container": "prefect-worker", "msg": "2026-08-17 04:10:41 | INFO  | _client.py:_send_single_request:1740 | HTTP Request: POST http://prefect-server:4200/api/work_pools/smarthub-pool/get_scheduled_flow_runs \"HTTP/1.1 200 OK\""}
{"ts": "2026-08-17T04:10:54.069983236Z", "container": "prefect-worker", "msg": "2026-08-17 04:10:54 | INFO  | _client.py:_send_single_request:1740 | HTTP Request: POST http://prefect-server:4200/api/work_pools/smarthub-pool/get_scheduled_flow_runs \"HTTP/1.1 200 OK\""}
{"ts": "2026-08-17T04:11:05.890424918Z", "container": "prefect-worker", "msg": "2026-08-17 04:11:05 | INFO  | _client.py:_send_single_request:1740 | HTTP Request: POST http://prefect-server:4200/api/work_pools/smarthub-pool/get_scheduled_flow_runs \"HTTP/1.1 200 OK\""}
{"ts": "2026-08-17T04:11:13.975134267Z", "container": "prefect-worker", "msg": "2026-08-17 04:11:13 | INFO  | _client.py:_send_single_request:1740 | HTTP Request: POST http://prefect-server:4200/api/work_pools/smarthub-pool/get_scheduled_flow_runs \"HTTP/1.1 200 OK\""}
{"ts": "2026-08-17T04:11:22.545778528Z", "container": "prefect-worker", "msg": "2026-08-17 04:11:22 | INFO  | _client.py:_send_single_request:1740 | HTTP Request: POST http://prefect-server:4200/api/work_pools/smarthub-pool/get_scheduled_flow_runs \"HTTP/1.1 200 OK\""}
{"ts": "2026-08-17T04:11:33.461710193Z", "container": "prefect-worker", "msg": "2026-08-17 04:11:33 | INFO  | _client.py:_send_single_request:1740 | HTTP Request: POST http://prefect-server:4200/api/work_pools/smarthub-pool/get_scheduled_flow_runs \"HTTP/1.1 200 OK\""}
{"ts": "2026-08-17T04:11:44.766485081Z", "container": "prefect-worker", "msg": "2026-08-17 04:11:44 | INFO  | _client.py:_send_single_request:1740 | HTTP Request: POST http://prefect-server:4200/api/work_pools/smarthub-pool/get_scheduled_flow_runs \"HTTP/1.1 200 OK\""}
{"ts": "2026-08-17T04:11:54.485392335Z", "container": "prefect-worker", "msg": "2026-08-17 04:11:54 | INFO  | _client.py:_send_single_request:1740 | HTTP Request: POST http://prefect-server:4200/api/work_pools/smarthub-pool/get_scheduled_flow_runs \"HTTP/1.1 200 OK\""}
{"ts": "2026-08-17T04:12:02.341786006Z", "container": "prefect-worker", "msg": "2026-08-17 04:12:02 | INFO  | _client.py:_send_single_request:1740 | HTTP Request: POST http://prefect-server:4200/api/work_pools/smarthub-pool/get_scheduled_flow_runs \"HTTP/1.1 200 OK\""}
{"ts": "2026-08-17T04:12:10.076690763Z", "container": "prefect-worker", "msg": "2026-08-17 04:12:10 | INFO  | _client.py:_send_single_request:1740 | HTTP Request: POST http://prefect-server:4200/api/work_pools/smarthub-pool/get_scheduled_flow_runs \"HTTP/1.1 200 OK\""}
{"ts": "2026-08-17T04:12:22.038101741Z", "container": "prefect-worker", "msg": "2026-08-17 04:12:22 | INFO  | _client.py:_send_single_request:1740 | HTTP Request: POST http://prefect-server:4200/api/work_pools/smarthub-pool/get_scheduled_flow_runs \"HTTP/1.1 200 OK\""}
{"ts": "2026-08-17T04:12:29.619996436Z", "container": "prefect-worker", "msg": "2026-08-17 04:12:29 | INFO  | _client.py:_send_single_request:1740 | HTTP Request: POST http://prefect-server:4200/api/work_pools/smarthub-pool/get_scheduled_flow_runs \"HTTP/1.1 200 OK\""}
{"ts": "2026-08-17T04:12:40.593856983Z", "container": "prefect-worker", "msg": "2026-08-17 04:12:40 | INFO  | _client.py:_send_single_request:1740 | HTTP Request: POST http://prefect-server:4200/api/work_pools/smarthub-pool/get_scheduled_flow_runs \"HTTP/1.1 200 OK\""}
{"ts": "2026-08-17T04:12:49.254265549Z", "container": "prefect-worker", "msg": "2026-08-17 04:12:49 | INFO  | _client.py:_send_single_request:1740 | HTTP Request: POST http://prefect-server:4200/api/work_pools/smarthub-pool/get_scheduled_flow_runs \"HTTP/1.1 200 OK\""}
{"ts": "2026-08-17T04:13:00.846531926Z", "container": "prefect-worker", "msg": "2026-08-17 04:13:00 | INFO  | _client.py:_send_single_request:1740 | HTTP Request: POST http://prefect-server:4200/api/work_pools/smarthub-pool/get_scheduled_flow_runs \"HTTP/1.1 200 OK\""}
{"ts": "2026-08-17T04:13:12.335432994Z", "container": "prefect-worker", "msg": "2026-08-17 04:13:12 | INFO  | _client.py:_send_single_request:1740 | HTTP Request: POST http://prefect-server:4200/api/work_pools/smarthub-pool/get_scheduled_flow_runs \"HTTP/1.1 200 OK\""}
{"ts": "2026-08-17T04:13:24.299866555Z", "container": "prefect-worker", "msg": "2026-08-17 04:13:24 | INFO  | _client.py:_send_single_request:1740 | HTTP Request: POST http://prefect-server:4200/api/work_pools/smarthub-pool/get_scheduled_flow_runs \"HTTP/1.1 200 OK\""}
{"ts": "2026-08-17T04:13:37.214589934Z", "container": "prefect-worker", "msg": "2026-08-17 04:13:37 | INFO  | _client.py:_send_single_request:1740 | HTTP Request: POST http://prefect-server:4200/api/work_pools/smarthub-pool/get_scheduled_flow_runs \"HTTP/1.1 200 OK\""}
{"ts": "2026-08-17T04:13:49.013505399Z", "container": "prefect-worker", "msg": "2026-08-17 04:13:49 | INFO  | _client.py:_send_single_request:1740 | HTTP Request: POST http://prefect-server:4200/api/work_pools/smarthub-pool/get_scheduled_flow_runs \"HTTP/1.1 200 OK\""}
{"ts": "2026-08-17T04:13:58.815309349Z", "container": "prefect-worker", "msg": "2026-08-17 04:13:58 | INFO  | _client.py:_send_single_request:1740 | HTTP Request: POST http://prefect-server:4200/api/work_pools/smarthub-pool/get_scheduled_flow_runs \"HTTP/1.1 200 OK\""}
{"ts": "2026-08-17T04:14:08.817610647Z", "container": "prefect-worker", "msg": "2026-08-17 04:14:08 | INFO  | _client.py:_send_single_request:1740 | HTTP Request: POST http://prefect-server:4200/api/work_pools/smarthub-pool/get_scheduled_flow_runs \"HTTP/1.1 200 OK\""}
{"ts": "2026-08-17T04:14:21.801031142Z", "container": "prefect-worker", "msg": "2026-08-17 04:14:21 | INFO  | _client.py:_send_single_request:1740 | HTTP Request: POST http://prefect-server:4200/api/work_pools/smarthub-pool/get_scheduled_flow_runs \"HTTP/1.1 200 OK\""}
{"ts": "2026-08-17T04:14:33.694273589Z", "container": "prefect-worker", "msg": "2026-08-17 04:14:33 | INFO  | _client.py:_send_single_request:1740 | HTTP Request: POST http://prefect-server:4200/api/work_pools/smarthub-pool/get_scheduled_flow_runs \"HTTP/1.1 200 OK\""}
{"ts": "2026-08-17T04:14:43.504187197Z", "container": "prefect-worker", "msg": "2026-08-17 04:14:43 | INFO  | _client.py:_send_single_request:1740 | HTTP Request: POST http://prefect-server:4200/api/work_pools/smarthub-pool/get_scheduled_flow_runs \"HTTP/1.1 200 OK\""}
{"ts": "2026-08-17T04:14:51.930963037Z", "container": "prefect-worker", "msg": "2026-08-17 04:14:51 | INFO  | _client.py:_send_single_request:1740 | HTTP Request: POST http://prefect-server:4200/api/work_pools/smarthub-pool/get_scheduled_flow_runs \"HTTP/1.1 200 OK\""}
{"ts": "2026-08-17T04:14:51.932253059Z", "container": "prefect-worker", "msg": "2026-08-17 04:14:51 | INFO  | base.py:_submit_scheduled_flow_runs:1519 | Worker 'ProcessWorker c09911e3-8540-45ba-b9e5-a987ad0388ad' submitting flow run '01a00b5b-1bf4-77a8-bd1a-916313dd96ec'"}
{"ts": "2026-08-17T04:14:51.954262907Z", "container": "prefect-worker", "msg": "2026-08-17 04:14:51 | INFO  | _client.py:_send_single_request:1740 | HTTP Request: GET http://prefect-server:4200/api/deployments/15dcce44-4b5f-4048-b854-eeba60c3b514 \"HTTP/1.1 200 OK\""}
{"ts": "2026-08-17T04:14:51.992411661Z", "container": "prefect-worker", "msg": "2026-08-17 04:14:51 | INFO  | _client.py:_send_single_request:1740 | HTTP Request: POST http://prefect-server:4200/api/flow_runs/01a00b5b-1bf4-77a8-bd1a-916313dd96ec/set_state \"HTTP/1.1 201 Created\""}
{"ts": "2026-08-17T04:14:52.010687726Z", "container": "prefect-worker", "msg": "2026-08-17 04:14:52 | INFO  | _client.py:_send_single_request:1740 | HTTP Request: GET http://prefect-server:4200/api/deployments/15dcce44-4b5f-4048-b854-eeba60c3b514 \"HTTP/1.1 200 OK\""}
{"ts": "2026-08-17T04:14:52.020139801Z", "container": "prefect-worker", "msg": "2026-08-17 04:14:52 | INFO  | _client.py:_send_single_request:1740 | HTTP Request: GET http://prefect-server:4200/api/flows/c49e248a-be9d-43b9-ad26-cff3b7117b11 \"HTTP/1.1 200 OK\""}
{"ts": "2026-08-17T04:14:52.047184145Z", "container": "prefect-worker", "msg": "2026-08-17 04:14:52 | INFO  | _client.py:_send_single_request:1740 | HTTP Request: PATCH http://prefect-server:4200/api/flow_runs/01a00b5b-1bf4-77a8-bd1a-916313dd96ec/labels \"HTTP/1.1 204 No Content\""}
{"ts": "2026-08-17T04:14:52.058624648Z", "container": "prefect-worker", "msg": "2026-08-17 04:14:52 | INFO  | _client.py:_send_single_request:1740 | HTTP Request: POST http://prefect-server:4200/api/flow_runs/01a00b5b-1bf4-77a8-bd1a-916313dd96ec/set_state \"HTTP/1.1 201 Created\""}
{"ts": "2026-08-17T04:14:52.067498658Z", "container": "prefect-worker", "msg": "2026-08-17 04:14:52 | INFO  | _client.py:_send_single_request:1740 | HTTP Request: GET http://prefect-server:4200/api/flow_runs/01a00b5b-1bf4-77a8-bd1a-916313dd96ec \"HTTP/1.1 200 OK\""}
{"ts": "2026-08-17T04:14:52.068347385Z", "container": "prefect-worker", "msg": "2026-08-17 04:14:52 | INFO  | runner.py:_run_process:994 | Starting flow run process..."}
{"ts": "2026-08-17T04:14:52.091577485Z", "container": "prefect-worker", "msg": "2026-08-17 04:14:52 | INFO  | _client.py:_send_single_request:1740 | HTTP Request: PATCH http://prefect-server:4200/api/flow_runs/01a00b5b-1bf4-77a8-bd1a-916313dd96ec \"HTTP/1.1 204 No Content\""}
{"ts": "2026-08-17T04:14:52.092033079Z", "container": "prefect-worker", "msg": "2026-08-17 04:14:52 | INFO  | base.py:_submit_run:1601 | Flow run 'hospitable-sawfly' submitted to infrastructure"}
{"ts": "2026-08-17T04:14:52.211456335Z", "container": "prefect-worker", "msg": "2026-08-17 04:14:52 | INFO  | _client.py:_send_single_request:1740 | HTTP Request: POST http://prefect-server:4200/api/logs/ \"HTTP/1.1 201 Created\""}
{"ts": "2026-08-17T04:14:53.278105548Z", "container": "prefect-worker", "msg": "04:14:53.272 | INFO    | Flow run 'hospitable-sawfly' - Running 1 deployment pull step(s)"}
{"ts": "2026-08-17T04:14:53.298295820Z", "container": "prefect-worker", "msg": "04:14:53.297 | INFO    | Flow run 'hospitable-sawfly' - Executing deployment step: set_working_directory"}
{"ts": "2026-08-17T04:14:53.309660033Z", "container": "prefect-worker", "msg": "04:14:53.309 | INFO    | Flow run 'hospitable-sawfly' - Deployment step 'set_working_directory' completed successfully"}
{"ts": "2026-08-17T04:14:53.323149274Z", "container": "prefect-worker", "msg": "04:14:53.322 | INFO    | Flow run 'hospitable-sawfly' - All deployment steps completed successfully"}
{"ts": "2026-08-17T04:14:53.758632819Z", "container": "prefect-worker", "msg": "2026-08-17 04:14:53 | INFO  | _client.py:_send_single_request:1025 | HTTP Request: GET http://prefect-server:4200/api/admin/version \"HTTP/1.1 200 OK\""}
{"ts": "2026-08-17T04:14:53.761979810Z", "container": "prefect-worker", "msg": "2026-08-17 04:14:53 | INFO  | _client.py:_send_single_request:1025 | HTTP Request: GET http://prefect-server:4200/api/csrf-token?client=c07cb88a-3e5c-44a8-9182-de6e9d9452f8 \"HTTP/1.1 422 Unprocessable Entity\""}
{"ts": "2026-08-17T04:14:53.767110376Z", "container": "prefect-worker", "msg": "2026-08-17 04:14:53 | INFO  | _client.py:_send_single_request:1025 | HTTP Request: PATCH http://prefect-server:4200/api/flow_runs/01a00b5b-1bf4-77a8-bd1a-916313dd96ec \"HTTP/1.1 204 No Content\""}
{"ts": "2026-08-17T04:14:53.785187358Z", "container": "prefect-worker", "msg": "2026-08-17 04:14:53 | INFO  | _client.py:_send_single_request:1740 | HTTP Request: GET http://prefect-server:4200/api/flow_runs/01a00b5b-1bf4-77a8-bd1a-916313dd96ec \"HTTP/1.1 200 OK\""}
{"ts": "2026-08-17T04:14:53.796509571Z", "container": "prefect-worker", "msg": "2026-08-17 04:14:53 | INFO  | _client.py:_send_single_request:1025 | HTTP Request: POST http://prefect-server:4200/api/flow_runs/01a00b5b-1bf4-77a8-bd1a-916313dd96ec/set_state \"HTTP/1.1 200 OK\""}
{"ts": "2026-08-17T04:14:55.293232410Z", "container": "prefect-worker", "msg": "2026-08-17 04:14:55 | INFO  | _client.py:_send_single_request:1740 | HTTP Request: GET http://prefect-server:4200/api/csrf-token?client=6e349a05-24eb-44b3-b85c-0416cf525cf8 \"HTTP/1.1 422 Unprocessable Entity\""}
{"ts": "2026-08-17T04:14:55.299629807Z", "container": "prefect-worker", "msg": "2026-08-17 04:14:55 | INFO  | _client.py:_send_single_request:1740 | HTTP Request: POST http://prefect-server:4200/api/logs/ \"HTTP/1.1 201 Created\""}
{"ts": "2026-08-17T04:14:59.810945946Z", "container": "prefect-worker", "msg": "2026-08-17 04:14:59 | INFO  | _client.py:_send_single_request:1025 | HTTP Request: POST http://prefect-server:4200/api/flow_runs/01a00b5b-1bf4-77a8-bd1a-916313dd96ec/set_state \"HTTP/1.1 201 Created\""}
{"ts": "2026-08-17T04:14:59.816942540Z", "container": "prefect-worker", "msg": "2026-08-17 04:14:59 | INFO  | _client.py:_send_single_request:1025 | HTTP Request: GET http://prefect-server:4200/api/flow_runs/01a00b5b-1bf4-77a8-bd1a-916313dd96ec \"HTTP/1.1 200 OK\""}
{"ts": "2026-08-17T04:14:59.821251899Z", "container": "prefect-worker", "msg": "2026-08-17 04:14:59 | INFO  | _client.py:_send_single_request:1025 | HTTP Request: GET http://prefect-server:4200/api/admin/storage \"HTTP/1.1 200 OK\""}
{"ts": "2026-08-17T04:14:59.824202695Z", "container": "prefect-worker", "msg": "2026-08-17 04:14:59 | INFO  | _client.py:_send_single_request:1025 | HTTP Request: GET http://prefect-server:4200/api/admin/storage \"HTTP/1.1 200 OK\""}
{"ts": "2026-08-17T04:14:59.824717980Z", "container": "prefect-worker", "msg": "2026-08-17 04:14:59 | INFO  | flow_engine.py:setup_run_context:1133 | Beginning flow run 'hospitable-sawfly' for flow 'smarthub-data-pull'"}
{"ts": "2026-08-17T04:14:59.825268755Z", "container": "prefect-worker", "msg": "2026-08-17 04:14:59 | INFO  | flow_engine.py:setup_run_context:1138 | View at http://prefect-server:4200/runs/flow-run/01a00b5b-1bf4-77a8-bd1a-916313dd96ec"}
{"ts": "2026-08-17T04:14:59.858847627Z", "container": "prefect-worker", "msg": "2026-08-17 04:14:59 | INFO  | _client.py:_send_single_request:1740 | HTTP Request: GET http://prefect-server:4200/api/flows/c49e248a-be9d-43b9-ad26-cff3b7117b11 \"HTTP/1.1 200 OK\""}
{"ts": "2026-08-17T04:14:59.865522568Z", "container": "prefect-worker", "msg": "2026-08-17 04:14:59 | INFO  | _client.py:_send_single_request:1740 | HTTP Request: GET http://prefect-server:4200/api/work_queues/32c7c4c1-2900-49ee-9a5d-6d3163577ef9 \"HTTP/1.1 200 OK\""}
{"ts": "2026-08-17T04:14:59.867358844Z", "container": "prefect-worker", "msg": "2026-08-17 04:14:59 | INFO  | _client.py:_send_single_request:1740 | HTTP Request: GET http://prefect-server:4200/api/deployments/15dcce44-4b5f-4048-b854-eeba60c3b514 \"HTTP/1.1 200 OK\""}
{"ts": "2026-08-17T04:14:59.868129161Z", "container": "prefect-worker", "msg": "2026-08-17 04:14:59 | INFO  | _client.py:_send_single_request:1025 | HTTP Request: GET http://prefect-server:4200/api/variables/name/smarthub_last_pull_timestamp_home \"HTTP/1.1 200 OK\""}
{"ts": "2026-08-17T04:14:59.871257130Z", "container": "prefect-worker", "msg": "2026-08-17 04:14:59 | INFO  | task_engine.py:log_finished_message:410 | Finished in state Completed()"}
{"ts": "2026-08-17T04:14:59.871474871Z", "container": "prefect-worker", "msg": "2026-08-17 04:14:59 | INFO  | flow.py:data_pull_flow:246 | [home] pulling window 2026-08-16 23:14:40 -> 2026-08-17 04:14:59"}
{"ts": "2026-08-17T04:14:59.875360256Z", "container": "prefect-worker", "msg": "2026-08-17 04:14:59 | INFO  | _client.py:_send_single_request:1025 | HTTP Request: GET http://prefect-server:4200/api/variables/name/smarthub_last_pull_timestamp_home \"HTTP/1.1 200 OK\""}
{"ts": "2026-08-17T04:14:59.879426913Z", "container": "prefect-worker", "msg": "2026-08-17 04:14:59 | INFO  | pull.py:fetch_leads:134 | SSH_TUNNEL=false -- connecting directly to Redshift smart-hub.c9m7m7mw0tl8.us-east-1.redshift.amazonaws.com:5439"}
{"ts": "2026-08-17T04:14:59.887278234Z", "container": "prefect-worker", "msg": "2026-08-17 04:14:59 | INFO  | _client.py:_send_single_request:1740 | HTTP Request: GET http://prefect-server:4200/api/work_pools/smarthub-pool \"HTTP/1.1 200 OK\""}
{"ts": "2026-08-17T04:15:00.088222235Z", "container": "prefect-worker", "msg": "2026-08-17 04:15:00 | INFO  | plugins.py:__init__:37 | setup plugin alembic.autogenerate.schemas"}
{"ts": "2026-08-17T04:15:00.088363116Z", "container": "prefect-worker", "msg": "2026-08-17 04:15:00 | INFO  | plugins.py:__init__:37 | setup plugin alembic.autogenerate.tables"}
{"ts": "2026-08-17T04:15:00.088375986Z", "container": "prefect-worker", "msg": "2026-08-17 04:15:00 | INFO  | plugins.py:__init__:37 | setup plugin alembic.autogenerate.types"}
{"ts": "2026-08-17T04:15:00.088380086Z", "container": "prefect-worker", "msg": "2026-08-17 04:15:00 | INFO  | plugins.py:__init__:37 | setup plugin alembic.autogenerate.constraints"}
{"ts": "2026-08-17T04:15:00.088383416Z", "container": "prefect-worker", "msg": "2026-08-17 04:15:00 | INFO  | plugins.py:__init__:37 | setup plugin alembic.autogenerate.defaults"}
{"ts": "2026-08-17T04:15:00.088599158Z", "container": "prefect-worker", "msg": "2026-08-17 04:15:00 | INFO  | plugins.py:__init__:37 | setup plugin alembic.autogenerate.comments"}
{"ts": "2026-08-17T04:15:00.527393523Z", "container": "prefect-worker", "msg": "2026-08-17 04:15:00 | INFO  | pull.py:fetch_leads:154 | Fetched leads frame with shape (1064, 57)"}
{"ts": "2026-08-17T04:15:00.528565133Z", "container": "prefect-worker", "msg": "2026-08-17 04:15:00 | INFO  | task_engine.py:log_finished_message:410 | Finished in state Completed()"}
{"ts": "2026-08-17T04:15:00.681562722Z", "container": "prefect-worker", "msg": "2026-08-17 04:15:00 | INFO  | validation_report.py:log_summary:165 | data-quality: rows=1,064, status=issues flagged, rule_violation_rows=2,130, cross_field={'current_carrier_when_not_insured': 1008}, high_missing=['accepted', 'accepted_listings', 'annual_revenue', 'erred', 'error_reason_id', 'health_conditions', 'household_income', 'lead_created_at', 'life_coverage_amount', 'life_coverage_type', 'naics_code', 'num_dependents', 'num_employees', 'num_home_claims', 'pnc_bundle', 'rev', 'sic_code', 'won']"}
{"ts": "2026-08-17T04:15:00.694107295Z", "container": "prefect-worker", "msg": "2026-08-17 04:15:00 | INFO  | _client.py:_send_single_request:1025 | HTTP Request: POST http://prefect-server:4200/api/artifacts/ \"HTTP/1.1 201 Created\""}
{"ts": "2026-08-17T04:15:00.697017262Z", "container": "prefect-worker", "msg": "2026-08-17 04:15:00 | INFO  | task_engine.py:log_finished_message:410 | Finished in state Completed()"}
{"ts": "2026-08-17T04:15:00.912988808Z", "container": "prefect-worker", "msg": "2026-08-17 04:15:00 | INFO  | storage.py:append_parquet:470 | Parquet partition 16-08-2026.parquet: +198 rows"}
{"ts": "2026-08-17T04:15:00.960366385Z", "container": "prefect-worker", "msg": "2026-08-17 04:15:00 | INFO  | storage.py:append_parquet:470 | Parquet partition 17-08-2026.parquet: +866 rows"}
{"ts": "2026-08-17T04:15:00.966938394Z", "container": "prefect-worker", "msg": "2026-08-17 04:15:00 | INFO  | task_engine.py:log_finished_message:410 | Finished in state Completed()"}
{"ts": "2026-08-17T04:15:00.985914025Z", "container": "prefect-worker", "msg": "2026-08-17 04:15:00 | INFO  | _client.py:_send_single_request:1025 | HTTP Request: GET http://prefect-server:4200/api/variables/name/smarthub_last_pull_timestamp_home \"HTTP/1.1 200 OK\""}
{"ts": "2026-08-17T04:15:00.999006153Z", "container": "prefect-worker", "msg": "2026-08-17 04:15:00 | INFO  | _client.py:_send_single_request:1025 | HTTP Request: PATCH http://prefect-server:4200/api/variables/name/smarthub_last_pull_timestamp_home \"HTTP/1.1 204 No Content\""}
{"ts": "2026-08-17T04:15:01.001967520Z", "container": "prefect-worker", "msg": "2026-08-17 04:15:01 | INFO  | _client.py:_send_single_request:1025 | HTTP Request: GET http://prefect-server:4200/api/variables/name/smarthub_last_pull_timestamp_home \"HTTP/1.1 200 OK\""}
{"ts": "2026-08-17T04:15:01.003256882Z", "container": "prefect-worker", "msg": "2026-08-17 04:15:01 | INFO  | task_engine.py:log_finished_message:410 | Finished in state Completed()"}
{"ts": "2026-08-17T04:15:01.004262211Z", "container": "prefect-worker", "msg": "2026-08-17 04:15:01 | INFO  | flow.py:data_pull_flow:254 | [home] persisted {'parquet_rows': 1064, 'parquet_paths': ['/app/data/raw_datasets/leads/2026/08/16-08-2026.parquet', '/app/data/raw_datasets/leads/2026/08/17-08-2026.parquet']}; watermark now 2026-08-17 04:13:23"}
{"ts": "2026-08-17T04:15:01.072264194Z", "container": "prefect-worker", "msg": "2026-08-17 04:15:01 | INFO  | _client.py:_send_single_request:1025 | HTTP Request: POST http://prefect-server:4200/api/artifacts/ \"HTTP/1.1 201 Created\""}
{"ts": "2026-08-17T04:15:01.157806604Z", "container": "prefect-worker", "msg": "2026-08-17 04:15:01 | INFO  | _client.py:_send_single_request:1025 | HTTP Request: POST http://prefect-server:4200/api/flow_runs/01a00b5b-1bf4-77a8-bd1a-916313dd96ec/set_state \"HTTP/1.1 201 Created\""}
{"ts": "2026-08-17T04:15:01.313042203Z", "container": "prefect-worker", "msg": "2026-08-17 04:15:01 | INFO  | _client.py:_send_single_request:1740 | HTTP Request: POST http://prefect-server:4200/api/logs/ \"HTTP/1.1 201 Created\""}
{"ts": "2026-08-17T04:15:01.536773800Z", "container": "prefect-worker", "msg": "2026-08-17 04:15:01 | INFO  | _client.py:_send_single_request:1740 | HTTP Request: POST http://prefect-server:4200/api/work_pools/smarthub-pool/get_scheduled_flow_runs \"HTTP/1.1 200 OK\""}
{"ts": "2026-08-17T04:15:02.020928773Z", "container": "prefect-worker", "msg": "2026-08-17 04:15:02 | INFO  | flow_engine.py:initialize_run:1235 | Finished in state Completed()"}
{"ts": "2026-08-17T04:15:02.028877205Z", "container": "prefect-worker", "msg": "2026-08-17 04:15:02 | INFO  | _client.py:_send_single_request:1740 | HTTP Request: POST http://prefect-server:4200/api/logs/ \"HTTP/1.1 201 Created\""}
{"ts": "2026-08-17T04:15:02.490581036Z", "container": "prefect-worker", "msg": "2026-08-17 04:15:02 | INFO  | runner.py:_submit_run_and_capture_errors:1447 | Process for flow run 'hospitable-sawfly' exited cleanly."}
{"ts": "2026-08-17T04:15:02.499531847Z", "container": "prefect-worker", "msg": "2026-08-17 04:15:02 | INFO  | _client.py:_send_single_request:1740 | HTTP Request: GET http://prefect-server:4200/api/flow_runs/01a00b5b-1bf4-77a8-bd1a-916313dd96ec \"HTTP/1.1 200 OK\""}
{"ts": "2026-08-17T04:15:04.222802918Z", "container": "prefect-worker", "msg": "2026-08-17 04:15:04 | INFO  | _client.py:_send_single_request:1740 | HTTP Request: POST http://prefect-server:4200/api/logs/ \"HTTP/1.1 201 Created\""}
{"ts": "2026-08-17T04:15:10.705523439Z", "container": "prefect-worker", "msg": "2026-08-17 04:15:10 | INFO  | _client.py:_send_single_request:1740 | HTTP Request: POST http://prefect-server:4200/api/work_pools/smarthub-pool/get_scheduled_flow_runs \"HTTP/1.1 200 OK\""}
{"ts": "2026-08-17T04:15:20.057505521Z", "container": "prefect-worker", "msg": "2026-08-17 04:15:20 | INFO  | _client.py:_send_single_request:1740 | HTTP Request: POST http://prefect-server:4200/api/work_pools/smarthub-pool/get_scheduled_flow_runs \"HTTP/1.1 200 OK\""}
{"ts": "2026-08-17T04:15:32.810630848Z", "container": "prefect-worker", "msg": "2026-08-17 04:15:32 | INFO  | _client.py:_send_single_request:1740 | HTTP Request: POST http://prefect-server:4200/api/work_pools/smarthub-pool/get_scheduled_flow_runs \"HTTP/1.1 200 OK\""}
{"ts": "2026-08-17T04:15:40.892315718Z", "container": "prefect-worker", "msg": "2026-08-17 04:15:40 | INFO  | _client.py:_send_single_request:1740 | HTTP Request: POST http://prefect-server:4200/api/work_pools/smarthub-pool/get_scheduled_flow_runs \"HTTP/1.1 200 OK\""}
{"ts": "2026-08-17T04:15:48.654749651Z", "container": "prefect-worker", "msg": "2026-08-17 04:15:48 | INFO  | _client.py:_send_single_request:1740 | HTTP Request: POST http://prefect-server:4200/api/work_pools/smarthub-pool/get_scheduled_flow_runs \"HTTP/1.1 200 OK\""}
{"ts": "2026-08-17T04:15:57.849542624Z", "container": "prefect-worker", "msg": "2026-08-17 04:15:57 | INFO  | _client.py:_send_single_request:1740 | HTTP Request: POST http://prefect-server:4200/api/work_pools/smarthub-pool/get_scheduled_flow_runs \"HTTP/1.1 200 OK\""}
{"ts": "2026-08-17T04:16:05.793428724Z", "container": "prefect-worker", "msg": "2026-08-17 04:16:05 | INFO  | _client.py:_send_single_request:1740 | HTTP Request: POST http://prefect-server:4200/api/work_pools/smarthub-pool/get_scheduled_flow_runs \"HTTP/1.1 200 OK\""}
{"ts": "2026-08-17T04:16:16.314329498Z", "container": "prefect-worker", "msg": "2026-08-17 04:16:16 | INFO  | _client.py:_send_single_request:1740 | HTTP Request: POST http://prefect-server:4200/api/work_pools/smarthub-pool/get_scheduled_flow_runs \"HTTP/1.1 200 OK\""}
{"ts": "2026-08-17T04:16:25.173034768Z", "container": "prefect-worker", "msg": "2026-08-17 04:16:25 | INFO  | _client.py:_send_single_request:1740 | HTTP Request: POST http://prefect-server:4200/api/work_pools/smarthub-pool/get_scheduled_flow_runs \"HTTP/1.1 200 OK\""}
{"ts": "2026-08-17T04:16:35.859687060Z", "container": "prefect-worker", "msg": "2026-08-17 04:16:35 | INFO  | _client.py:_send_single_request:1740 | HTTP Request: POST http://prefect-server:4200/api/work_pools/smarthub-pool/get_scheduled_flow_runs \"HTTP/1.1 200 OK\""}
{"ts": "2026-08-17T04:16:47.189948643Z", "container": "prefect-worker", "msg": "2026-08-17 04:16:47 | INFO  | _client.py:_send_single_request:1740 | HTTP Request: POST http://prefect-server:4200/api/work_pools/smarthub-pool/get_scheduled_flow_runs \"HTTP/1.1 200 OK\""}
{"ts": "2026-08-17T04:16:55.633754362Z", "container": "prefect-worker", "msg": "2026-08-17 04:16:55 | INFO  | _client.py:_send_single_request:1740 | HTTP Request: POST http://prefect-server:4200/api/work_pools/smarthub-pool/get_scheduled_flow_runs \"HTTP/1.1 200 OK\""}
{"ts": "2026-08-17T04:17:03.383148185Z", "container": "prefect-worker", "msg": "2026-08-17 04:17:03 | INFO  | _client.py:_send_single_request:1740 | HTTP Request: POST http://prefect-server:4200/api/work_pools/smarthub-pool/get_scheduled_flow_runs \"HTTP/1.1 200 OK\""}
{"ts": "2026-08-17T04:17:13.493586386Z", "container": "prefect-worker", "msg": "2026-08-17 04:17:13 | INFO  | _client.py:_send_single_request:1740 | HTTP Request: POST http://prefect-server:4200/api/work_pools/smarthub-pool/get_scheduled_flow_runs \"HTTP/1.1 200 OK\""}
{"ts": "2026-08-17T04:17:22.531155424Z", "container": "prefect-worker", "msg": "2026-08-17 04:17:22 | INFO  | _client.py:_send_single_request:1740 | HTTP Request: POST http://prefect-server:4200/api/work_pools/smarthub-pool/get_scheduled_flow_runs \"HTTP/1.1 200 OK\""}
{"ts": "2026-08-17T04:17:30.949946321Z", "container": "prefect-worker", "msg": "2026-08-17 04:17:30 | INFO  | _client.py:_send_single_request:1740 | HTTP Request: POST http://prefect-server:4200/api/work_pools/smarthub-pool/get_scheduled_flow_runs \"HTTP/1.1 200 OK\""}
{"ts": "2026-08-17T04:17:40.166755193Z", "container": "prefect-worker", "msg": "2026-08-17 04:17:40 | INFO  | _client.py:_send_single_request:1740 | HTTP Request: POST http://prefect-server:4200/api/work_pools/smarthub-pool/get_scheduled_flow_runs \"HTTP/1.1 200 OK\""}
{"ts": "2026-08-17T04:17:51.239482895Z", "container": "prefect-worker", "msg": "2026-08-17 04:17:51 | INFO  | _client.py:_send_single_request:1740 | HTTP Request: POST http://prefect-server:4200/api/work_pools/smarthub-pool/get_scheduled_flow_runs \"HTTP/1.1 200 OK\""}
{"ts": "2026-08-17T04:17:59.571479642Z", "container": "prefect-worker", "msg": "2026-08-17 04:17:59 | INFO  | _client.py:_send_single_request:1740 | HTTP Request: POST http://prefect-server:4200/api/work_pools/smarthub-pool/get_scheduled_flow_runs \"HTTP/1.1 200 OK\""}
{"ts": "2026-08-17T04:18:07.201519822Z", "container": "prefect-worker", "msg": "2026-08-17 04:18:07 | INFO  | _client.py:_send_single_request:1740 | HTTP Request: POST http://prefect-server:4200/api/work_pools/smarthub-pool/get_scheduled_flow_runs \"HTTP/1.1 200 OK\""}
{"ts": "2026-08-17T04:18:15.563062377Z", "container": "prefect-worker", "msg": "2026-08-17 04:18:15 | INFO  | _client.py:_send_single_request:1740 | HTTP Request: POST http://prefect-server:4200/api/work_pools/smarthub-pool/get_scheduled_flow_runs \"HTTP/1.1 200 OK\""}
{"ts": "2026-08-17T04:18:23.157396367Z", "container": "prefect-worker", "msg": "2026-08-17 04:18:23 | INFO  | _client.py:_send_single_request:1740 | HTTP Request: POST http://prefect-server:4200/api/work_pools/smarthub-pool/get_scheduled_flow_runs \"HTTP/1.1 200 OK\""}
{"ts": "2026-08-17T04:18:33.637763113Z", "container": "prefect-worker", "msg": "2026-08-17 04:18:33 | INFO  | _client.py:_send_single_request:1740 | HTTP Request: POST http://prefect-server:4200/api/work_pools/smarthub-pool/get_scheduled_flow_runs \"HTTP/1.1 200 OK\""}
{"ts": "2026-08-17T04:18:43.921333476Z", "container": "prefect-worker", "msg": "2026-08-17 04:18:43 | INFO  | _client.py:_send_single_request:1740 | HTTP Request: POST http://prefect-server:4200/api/work_pools/smarthub-pool/get_scheduled_flow_runs \"HTTP/1.1 200 OK\""}
{"ts": "2026-08-17T04:18:55.349555295Z", "container": "prefect-worker", "msg": "2026-08-17 04:18:55 | INFO  | _client.py:_send_single_request:1740 | HTTP Request: POST http://prefect-server:4200/api/work_pools/smarthub-pool/get_scheduled_flow_runs \"HTTP/1.1 200 OK\""}
{"ts": "2026-08-17T04:19:07.727068535Z", "container": "prefect-worker", "msg": "2026-08-17 04:19:07 | INFO  | _client.py:_send_single_request:1740 | HTTP Request: POST http://prefect-server:4200/api/work_pools/smarthub-pool/get_scheduled_flow_runs \"HTTP/1.1 200 OK\""}
{"ts": "2026-08-17T04:19:17.033547427Z", "container": "prefect-worker", "msg": "2026-08-17 04:19:17 | INFO  | _client.py:_send_single_request:1740 | HTTP Request: POST http://prefect-server:4200/api/work_pools/smarthub-pool/get_scheduled_flow_runs \"HTTP/1.1 200 OK\""}
{"ts": "2026-08-17T04:19:27.017248936Z", "container": "prefect-worker", "msg": "2026-08-17 04:19:27 | INFO  | _client.py:_send_single_request:1740 | HTTP Request: POST http://prefect-server:4200/api/work_pools/smarthub-pool/get_scheduled_flow_runs \"HTTP/1.1 200 OK\""}
{"ts": "2026-08-17T04:19:38.668984965Z", "container": "prefect-worker", "msg": "2026-08-17 04:19:38 | INFO  | _client.py:_send_single_request:1740 | HTTP Request: POST http://prefect-server:4200/api/work_pools/smarthub-pool/get_scheduled_flow_runs \"HTTP/1.1 200 OK\""}
{"ts": "2026-08-17T04:19:50.043402225Z", "container": "prefect-worker", "msg": "2026-08-17 04:19:50 | INFO  | _client.py:_send_single_request:1740 | HTTP Request: POST http://prefect-server:4200/api/work_pools/smarthub-pool/get_scheduled_flow_runs \"HTTP/1.1 200 OK\""}
{"ts": "2026-08-17T04:20:01.050426864Z", "container": "prefect-worker", "msg": "2026-08-17 04:20:01 | INFO  | _client.py:_send_single_request:1740 | HTTP Request: POST http://prefect-server:4200/api/work_pools/smarthub-pool/get_scheduled_flow_runs \"HTTP/1.1 200 OK\""}
{"ts": "2026-08-17T04:20:08.658185146Z", "container": "prefect-worker", "msg": "2026-08-17 04:20:08 | INFO  | _client.py:_send_single_request:1740 | HTTP Request: POST http://prefect-server:4200/api/work_pools/smarthub-pool/get_scheduled_flow_runs \"HTTP/1.1 200 OK\""}
{"ts": "2026-08-17T04:20:18.314348565Z", "container": "prefect-worker", "msg": "2026-08-17 04:20:18 | INFO  | _client.py:_send_single_request:1740 | HTTP Request: POST http://prefect-server:4200/api/work_pools/smarthub-pool/get_scheduled_flow_runs \"HTTP/1.1 200 OK\""}
{"ts": "2026-08-17T04:20:25.898985623Z", "container": "prefect-worker", "msg": "2026-08-17 04:20:25 | INFO  | _client.py:_send_single_request:1740 | HTTP Request: POST http://prefect-server:4200/api/work_pools/smarthub-pool/get_scheduled_flow_runs \"HTTP/1.1 200 OK\""}
{"ts": "2026-08-17T04:20:34.214412239Z", "container": "prefect-worker", "msg": "2026-08-17 04:20:34 | INFO  | _client.py:_send_single_request:1740 | HTTP Request: POST http://prefect-server:4200/api/work_pools/smarthub-pool/get_scheduled_flow_runs \"HTTP/1.1 200 OK\""}
{"ts": "2026-08-17T04:20:45.035276038Z", "container": "prefect-worker", "msg": "2026-08-17 04:20:45 | INFO  | _client.py:_send_single_request:1740 | HTTP Request: POST http://prefect-server:4200/api/work_pools/smarthub-pool/get_scheduled_flow_runs \"HTTP/1.1 200 OK\""}
{"ts": "2026-08-17T04:20:54.180010294Z", "container": "prefect-worker", "msg": "2026-08-17 04:20:54 | INFO  | _client.py:_send_single_request:1740 | HTTP Request: POST http://prefect-server:4200/api/work_pools/smarthub-pool/get_scheduled_flow_runs \"HTTP/1.1 200 OK\""}
{"ts": "2026-08-17T04:21:02.425131741Z", "container": "prefect-worker", "msg": "2026-08-17 04:21:02 | INFO  | _client.py:_send_single_request:1740 | HTTP Request: POST http://prefect-server:4200/api/work_pools/smarthub-pool/get_scheduled_flow_runs \"HTTP/1.1 200 OK\""}
{"ts": "2026-08-17T04:21:14.046099583Z", "container": "prefect-worker", "msg": "2026-08-17 04:21:14 | INFO  | _client.py:_send_single_request:1740 | HTTP Request: POST http://prefect-server:4200/api/work_pools/smarthub-pool/get_scheduled_flow_runs \"HTTP/1.1 200 OK\""}
{"ts": "2026-08-17T04:21:25.585958580Z", "container": "prefect-worker", "msg": "2026-08-17 04:21:25 | INFO  | _client.py:_send_single_request:1740 | HTTP Request: POST http://prefect-server:4200/api/work_pools/smarthub-pool/get_scheduled_flow_runs \"HTTP/1.1 200 OK\""}
{"ts": "2026-08-17T04:21:37.365347134Z", "container": "prefect-worker", "msg": "2026-08-17 04:21:37 | INFO  | _client.py:_send_single_request:1740 | HTTP Request: POST http://prefect-server:4200/api/work_pools/smarthub-pool/get_scheduled_flow_runs \"HTTP/1.1 200 OK\""}
{"ts": "2026-08-17T04:21:48.221604951Z", "container": "prefect-worker", "msg": "2026-08-17 04:21:48 | INFO  | _client.py:_send_single_request:1740 | HTTP Request: POST http://prefect-server:4200/api/work_pools/smarthub-pool/get_scheduled_flow_runs \"HTTP/1.1 200 OK\""}
{"ts": "2026-08-17T04:21:58.225780325Z", "container": "prefect-worker", "msg": "2026-08-17 04:21:58 | INFO  | _client.py:_send_single_request:1740 | HTTP Request: POST http://prefect-server:4200/api/work_pools/smarthub-pool/get_scheduled_flow_runs \"HTTP/1.1 200 OK\""}
{"ts": "2026-08-17T04:22:10.401663180Z", "container": "prefect-worker", "msg": "2026-08-17 04:22:10 | INFO  | _client.py:_send_single_request:1740 | HTTP Request: POST http://prefect-server:4200/api/work_pools/smarthub-pool/get_scheduled_flow_runs \"HTTP/1.1 200 OK\""}
{"ts": "2026-08-17T04:22:23.177346460Z", "container": "prefect-worker", "msg": "2026-08-17 04:22:23 | INFO  | _client.py:_send_single_request:1740 | HTTP Request: POST http://prefect-server:4200/api/work_pools/smarthub-pool/get_scheduled_flow_runs \"HTTP/1.1 200 OK\""}
{"ts": "2026-08-17T04:22:33.837881819Z", "container": "prefect-worker", "msg": "2026-08-17 04:22:33 | INFO  | _client.py:_send_single_request:1740 | HTTP Request: POST http://prefect-server:4200/api/work_pools/smarthub-pool/get_scheduled_flow_runs \"HTTP/1.1 200 OK\""}
{"ts": "2026-08-17T04:22:43.374788326Z", "container": "prefect-worker", "msg": "2026-08-17 04:22:43 | INFO  | _client.py:_send_single_request:1740 | HTTP Request: POST http://prefect-server:4200/api/work_pools/smarthub-pool/get_scheduled_flow_runs \"HTTP/1.1 200 OK\""}
{"ts": "2026-08-17T04:22:52.828098978Z", "container": "prefect-worker", "msg": "2026-08-17 04:22:52 | INFO  | _client.py:_send_single_request:1740 | HTTP Request: POST http://prefect-server:4200/api/work_pools/smarthub-pool/get_scheduled_flow_runs \"HTTP/1.1 200 OK\""}
{"ts": "2026-08-17T04:23:05.649435183Z", "container": "prefect-worker", "msg": "2026-08-17 04:23:05 | INFO  | _client.py:_send_single_request:1740 | HTTP Request: POST http://prefect-server:4200/api/work_pools/smarthub-pool/get_scheduled_flow_runs \"HTTP/1.1 200 OK\""}
{"ts": "2026-08-17T04:23:16.037794570Z", "container": "prefect-worker", "msg": "2026-08-17 04:23:16 | INFO  | _client.py:_send_single_request:1740 | HTTP Request: POST http://prefect-server:4200/api/work_pools/smarthub-pool/get_scheduled_flow_runs \"HTTP/1.1 200 OK\""}
{"ts": "2026-08-17T04:23:29.046013220Z", "container": "prefect-worker", "msg": "2026-08-17 04:23:29 | INFO  | _client.py:_send_single_request:1740 | HTTP Request: POST http://prefect-server:4200/api/work_pools/smarthub-pool/get_scheduled_flow_runs \"HTTP/1.1 200 OK\""}
{"ts": "2026-08-17T04:23:39.885573675Z", "container": "prefect-worker", "msg": "2026-08-17 04:23:39 | INFO  | _client.py:_send_single_request:1740 | HTTP Request: POST http://prefect-server:4200/api/work_pools/smarthub-pool/get_scheduled_flow_runs \"HTTP/1.1 200 OK\""}
{"ts": "2026-08-17T04:23:49.636098365Z", "container": "prefect-worker", "msg": "2026-08-17 04:23:49 | INFO  | _client.py:_send_single_request:1740 | HTTP Request: POST http://prefect-server:4200/api/work_pools/smarthub-pool/get_scheduled_flow_runs \"HTTP/1.1 200 OK\""}
{"ts": "2026-08-17T04:24:02.196474792Z", "container": "prefect-worker", "msg": "2026-08-17 04:24:02 | INFO  | _client.py:_send_single_request:1740 | HTTP Request: POST http://prefect-server:4200/api/work_pools/smarthub-pool/get_scheduled_flow_runs \"HTTP/1.1 200 OK\""}
{"ts": "2026-08-17T04:24:13.914506173Z", "container": "prefect-worker", "msg": "2026-08-17 04:24:13 | INFO  | _client.py:_send_single_request:1740 | HTTP Request: POST http://prefect-server:4200/api/work_pools/smarthub-pool/get_scheduled_flow_runs \"HTTP/1.1 200 OK\""}
{"ts": "2026-08-17T04:24:22.413418793Z", "container": "prefect-worker", "msg": "2026-08-17 04:24:22 | INFO  | _client.py:_send_single_request:1740 | HTTP Request: POST http://prefect-server:4200/api/work_pools/smarthub-pool/get_scheduled_flow_runs \"HTTP/1.1 200 OK\""}
{"ts": "2026-08-17T04:24:34.642059223Z", "container": "prefect-worker", "msg": "2026-08-17 04:24:34 | INFO  | _client.py:_send_single_request:1740 | HTTP Request: POST http://prefect-server:4200/api/work_pools/smarthub-pool/get_scheduled_flow_runs \"HTTP/1.1 200 OK\""}
{"ts": "2026-08-17T04:24:45.593162844Z", "container": "prefect-worker", "msg": "2026-08-17 04:24:45 | INFO  | _client.py:_send_single_request:1740 | HTTP Request: POST http://prefect-server:4200/api/work_pools/smarthub-pool/get_scheduled_flow_runs \"HTTP/1.1 200 OK\""}
{"ts": "2026-08-17T04:24:54.757933099Z", "container": "prefect-worker", "msg": "2026-08-17 04:24:54 | INFO  | _client.py:_send_single_request:1740 | HTTP Request: POST http://prefect-server:4200/api/work_pools/smarthub-pool/get_scheduled_flow_runs \"HTTP/1.1 200 OK\""}
{"ts": "2026-08-17T04:25:03.911317399Z", "container": "prefect-worker", "msg": "2026-08-17 04:25:03 | INFO  | _client.py:_send_single_request:1740 | HTTP Request: POST http://prefect-server:4200/api/work_pools/smarthub-pool/get_scheduled_flow_runs \"HTTP/1.1 200 OK\""}
{"ts": "2026-08-17T04:25:15.001374386Z", "container": "prefect-worker", "msg": "2026-08-17 04:25:15 | INFO  | _client.py:_send_single_request:1740 | HTTP Request: POST http://prefect-server:4200/api/work_pools/smarthub-pool/get_scheduled_flow_runs \"HTTP/1.1 200 OK\""}
{"ts": "2026-08-17T04:25:23.358438609Z", "container": "prefect-worker", "msg": "2026-08-17 04:25:23 | INFO  | _client.py:_send_single_request:1740 | HTTP Request: POST http://prefect-server:4200/api/work_pools/smarthub-pool/get_scheduled_flow_runs \"HTTP/1.1 200 OK\""}
{"ts": "2026-08-17T04:25:32.750034018Z", "container": "prefect-worker", "msg": "2026-08-17 04:25:32 | INFO  | _client.py:_send_single_request:1740 | HTTP Request: POST http://prefect-server:4200/api/work_pools/smarthub-pool/get_scheduled_flow_runs \"HTTP/1.1 200 OK\""}
{"ts": "2026-08-17T04:25:42.153433360Z", "container": "prefect-worker", "msg": "2026-08-17 04:25:42 | INFO  | _client.py:_send_single_request:1740 | HTTP Request: POST http://prefect-server:4200/api/work_pools/smarthub-pool/get_scheduled_flow_runs \"HTTP/1.1 200 OK\""}
{"ts": "2026-08-17T04:25:54.617301559Z", "container": "prefect-worker", "msg": "2026-08-17 04:25:54 | INFO  | _client.py:_send_single_request:1740 | HTTP Request: POST http://prefect-server:4200/api/work_pools/smarthub-pool/get_scheduled_flow_runs \"HTTP/1.1 200 OK\""}
{"ts": "2026-08-17T04:26:02.978304362Z", "container": "prefect-worker", "msg": "2026-08-17 04:26:02 | INFO  | _client.py:_send_single_request:1740 | HTTP Request: POST http://prefect-server:4200/api/work_pools/smarthub-pool/get_scheduled_flow_runs \"HTTP/1.1 200 OK\""}
{"ts": "2026-08-17T04:26:15.441292455Z", "container": "prefect-worker", "msg": "2026-08-17 04:26:15 | INFO  | _client.py:_send_single_request:1740 | HTTP Request: POST http://prefect-server:4200/api/work_pools/smarthub-pool/get_scheduled_flow_runs \"HTTP/1.1 200 OK\""}
{"ts": "2026-08-17T04:26:24.334895992Z", "container": "prefect-worker", "msg": "2026-08-17 04:26:24 | INFO  | _client.py:_send_single_request:1740 | HTTP Request: POST http://prefect-server:4200/api/work_pools/smarthub-pool/get_scheduled_flow_runs \"HTTP/1.1 200 OK\""}
{"ts": "2026-08-17T04:26:37.214813088Z", "container": "prefect-worker", "msg": "2026-08-17 04:26:37 | INFO  | _client.py:_send_single_request:1740 | HTTP Request: POST http://prefect-server:4200/api/work_pools/smarthub-pool/get_scheduled_flow_runs \"HTTP/1.1 200 OK\""}
{"ts": "2026-08-17T04:26:46.775340201Z", "container": "prefect-worker", "msg": "2026-08-17 04:26:46 | INFO  | _client.py:_send_single_request:1740 | HTTP Request: POST http://prefect-server:4200/api/work_pools/smarthub-pool/get_scheduled_flow_runs \"HTTP/1.1 200 OK\""}
{"ts": "2026-08-17T04:26:56.456102152Z", "container": "prefect-worker", "msg": "2026-08-17 04:26:56 | INFO  | _client.py:_send_single_request:1740 | HTTP Request: POST http://prefect-server:4200/api/work_pools/smarthub-pool/get_scheduled_flow_runs \"HTTP/1.1 200 OK\""}
{"ts": "2026-08-17T04:27:05.813614127Z", "container": "prefect-worker", "msg": "2026-08-17 04:27:05 | INFO  | _client.py:_send_single_request:1740 | HTTP Request: POST http://prefect-server:4200/api/work_pools/smarthub-pool/get_scheduled_flow_runs \"HTTP/1.1 200 OK\""}
{"ts": "2026-08-17T04:27:16.102726676Z", "container": "prefect-worker", "msg": "2026-08-17 04:27:16 | INFO  | _client.py:_send_single_request:1740 | HTTP Request: POST http://prefect-server:4200/api/work_pools/smarthub-pool/get_scheduled_flow_runs \"HTTP/1.1 200 OK\""}
{"ts": "2026-08-17T04:27:24.012931342Z", "container": "prefect-worker", "msg": "2026-08-17 04:27:24 | INFO  | _client.py:_send_single_request:1740 | HTTP Request: POST http://prefect-server:4200/api/work_pools/smarthub-pool/get_scheduled_flow_runs \"HTTP/1.1 200 OK\""}
{"ts": "2026-08-17T04:27:35.795957112Z", "container": "prefect-worker", "msg": "2026-08-17 04:27:35 | INFO  | _client.py:_send_single_request:1740 | HTTP Request: POST http://prefect-server:4200/api/work_pools/smarthub-pool/get_scheduled_flow_runs \"HTTP/1.1 200 OK\""}
{"ts": "2026-08-17T04:27:45.708039000Z", "container": "prefect-worker", "msg": "2026-08-17 04:27:45 | INFO  | _client.py:_send_single_request:1740 | HTTP Request: POST http://prefect-server:4200/api/work_pools/smarthub-pool/get_scheduled_flow_runs \"HTTP/1.1 200 OK\""}
{"ts": "2026-08-17T04:27:53.290615420Z", "container": "prefect-worker", "msg": "2026-08-17 04:27:53 | INFO  | _client.py:_send_single_request:1740 | HTTP Request: POST http://prefect-server:4200/api/work_pools/smarthub-pool/get_scheduled_flow_runs \"HTTP/1.1 200 OK\""}
{"ts": "2026-08-17T04:28:02.311010306Z", "container": "prefect-worker", "msg": "2026-08-17 04:28:02 | INFO  | _client.py:_send_single_request:1740 | HTTP Request: POST http://prefect-server:4200/api/work_pools/smarthub-pool/get_scheduled_flow_runs \"HTTP/1.1 200 OK\""}
{"ts": "2026-08-17T04:28:14.738731579Z", "container": "prefect-worker", "msg": "2026-08-17 04:28:14 | INFO  | _client.py:_send_single_request:1740 | HTTP Request: POST http://prefect-server:4200/api/work_pools/smarthub-pool/get_scheduled_flow_runs \"HTTP/1.1 200 OK\""}
{"ts": "2026-08-17T04:28:25.400345849Z", "container": "prefect-worker", "msg": "2026-08-17 04:28:25 | INFO  | _client.py:_send_single_request:1740 | HTTP Request: POST http://prefect-server:4200/api/work_pools/smarthub-pool/get_scheduled_flow_runs \"HTTP/1.1 200 OK\""}
{"ts": "2026-08-17T04:28:34.392182471Z", "container": "prefect-worker", "msg": "2026-08-17 04:28:34 | INFO  | _client.py:_send_single_request:1740 | HTTP Request: POST http://prefect-server:4200/api/work_pools/smarthub-pool/get_scheduled_flow_runs \"HTTP/1.1 200 OK\""}
{"ts": "2026-08-17T04:28:46.665484271Z", "container": "prefect-worker", "msg": "2026-08-17 04:28:46 | INFO  | _client.py:_send_single_request:1740 | HTTP Request: POST http://prefect-server:4200/api/work_pools/smarthub-pool/get_scheduled_flow_runs \"HTTP/1.1 200 OK\""}
{"ts": "2026-08-17T04:28:57.953543561Z", "container": "prefect-worker", "msg": "2026-08-17 04:28:57 | INFO  | _client.py:_send_single_request:1740 | HTTP Request: POST http://prefect-server:4200/api/work_pools/smarthub-pool/get_scheduled_flow_runs \"HTTP/1.1 200 OK\""}
{"ts": "2026-08-17T04:29:08.121643169Z", "container": "prefect-worker", "msg": "2026-08-17 04:29:08 | INFO  | _client.py:_send_single_request:1740 | HTTP Request: POST http://prefect-server:4200/api/work_pools/smarthub-pool/get_scheduled_flow_runs \"HTTP/1.1 200 OK\""}
{"ts": "2026-08-17T04:29:16.114170359Z", "container": "prefect-worker", "msg": "2026-08-17 04:29:16 | INFO  | _client.py:_send_single_request:1740 | HTTP Request: POST http://prefect-server:4200/api/work_pools/smarthub-pool/get_scheduled_flow_runs \"HTTP/1.1 200 OK\""}
{"ts": "2026-08-17T04:29:29.076813294Z", "container": "prefect-worker", "msg": "2026-08-17 04:29:29 | INFO  | _client.py:_send_single_request:1740 | HTTP Request: POST http://prefect-server:4200/api/work_pools/smarthub-pool/get_scheduled_flow_runs \"HTTP/1.1 200 OK\""}
{"ts": "2026-08-17T04:29:39.450558683Z", "container": "prefect-worker", "msg": "2026-08-17 04:29:39 | INFO  | _client.py:_send_single_request:1740 | HTTP Request: POST http://prefect-server:4200/api/work_pools/smarthub-pool/get_scheduled_flow_runs \"HTTP/1.1 200 OK\""}
{"ts": "2026-08-17T04:29:50.158432262Z", "container": "prefect-worker", "msg": "2026-08-17 04:29:50 | INFO  | _client.py:_send_single_request:1740 | HTTP Request: POST http://prefect-server:4200/api/work_pools/smarthub-pool/get_scheduled_flow_runs \"HTTP/1.1 200 OK\""}
{"ts": "2026-08-17T04:29:50.159752574Z", "container": "prefect-worker", "msg": "2026-08-17 04:29:50 | INFO  | base.py:_submit_scheduled_flow_runs:1519 | Worker 'ProcessWorker c09911e3-8540-45ba-b9e5-a987ad0388ad' submitting flow run '01a00b68-e596-7df1-8782-303f66440cb6'"}
{"ts": "2026-08-17T04:29:50.183772481Z", "container": "prefect-worker", "msg": "2026-08-17 04:29:50 | INFO  | _client.py:_send_single_request:1740 | HTTP Request: GET http://prefect-server:4200/api/deployments/8d536def-a82a-4c94-941b-14c2c0468511 \"HTTP/1.1 200 OK\""}
{"ts": "2026-08-17T04:29:50.228090200Z", "container": "prefect-worker", "msg": "2026-08-17 04:29:50 | INFO  | _client.py:_send_single_request:1740 | HTTP Request: POST http://prefect-server:4200/api/flow_runs/01a00b68-e596-7df1-8782-303f66440cb6/set_state \"HTTP/1.1 201 Created\""}
{"ts": "2026-08-17T04:29:50.246995640Z", "container": "prefect-worker", "msg": "2026-08-17 04:29:50 | INFO  | _client.py:_send_single_request:1740 | HTTP Request: GET http://prefect-server:4200/api/deployments/8d536def-a82a-4c94-941b-14c2c0468511 \"HTTP/1.1 200 OK\""}
{"ts": "2026-08-17T04:29:50.256890129Z", "container": "prefect-worker", "msg": "2026-08-17 04:29:50 | INFO  | _client.py:_send_single_request:1740 | HTTP Request: GET http://prefect-server:4200/api/flows/ed336d12-897f-42a6-bdf9-d48b8de86b57 \"HTTP/1.1 200 OK\""}
{"ts": "2026-08-17T04:29:50.284550778Z", "container": "prefect-worker", "msg": "2026-08-17 04:29:50 | INFO  | _client.py:_send_single_request:1740 | HTTP Request: PATCH http://prefect-server:4200/api/flow_runs/01a00b68-e596-7df1-8782-303f66440cb6/labels \"HTTP/1.1 204 No Content\""}
{"ts": "2026-08-17T04:29:50.296710988Z", "container": "prefect-worker", "msg": "2026-08-17 04:29:50 | INFO  | _client.py:_send_single_request:1740 | HTTP Request: POST http://prefect-server:4200/api/flow_runs/01a00b68-e596-7df1-8782-303f66440cb6/set_state \"HTTP/1.1 201 Created\""}
{"ts": "2026-08-17T04:29:50.305653768Z", "container": "prefect-worker", "msg": "2026-08-17 04:29:50 | INFO  | _client.py:_send_single_request:1740 | HTTP Request: GET http://prefect-server:4200/api/flow_runs/01a00b68-e596-7df1-8782-303f66440cb6 \"HTTP/1.1 200 OK\""}
{"ts": "2026-08-17T04:29:50.306497826Z", "container": "prefect-worker", "msg": "2026-08-17 04:29:50 | INFO  | runner.py:_run_process:994 | Starting flow run process..."}
{"ts": "2026-08-17T04:29:50.330033378Z", "container": "prefect-worker", "msg": "2026-08-17 04:29:50 | INFO  | _client.py:_send_single_request:1740 | HTTP Request: PATCH http://prefect-server:4200/api/flow_runs/01a00b68-e596-7df1-8782-303f66440cb6 \"HTTP/1.1 204 No Content\""}
{"ts": "2026-08-17T04:29:50.330489162Z", "container": "prefect-worker", "msg": "2026-08-17 04:29:50 | INFO  | base.py:_submit_run:1601 | Flow run 'stalwart-mastodon' submitted to infrastructure"}
{"ts": "2026-08-17T04:29:50.487093003Z", "container": "prefect-worker", "msg": "2026-08-17 04:29:50 | INFO  | _client.py:_send_single_request:1740 | HTTP Request: POST http://prefect-server:4200/api/logs/ \"HTTP/1.1 201 Created\""}
{"ts": "2026-08-17T04:29:51.529124210Z", "container": "prefect-worker", "msg": "04:29:51.523 | INFO    | Flow run 'stalwart-mastodon' - Running 1 deployment pull step(s)"}
{"ts": "2026-08-17T04:29:51.549985017Z", "container": "prefect-worker", "msg": "04:29:51.549 | INFO    | Flow run 'stalwart-mastodon' - Executing deployment step: set_working_directory"}
{"ts": "2026-08-17T04:29:51.561721823Z", "container": "prefect-worker", "msg": "04:29:51.561 | INFO    | Flow run 'stalwart-mastodon' - Deployment step 'set_working_directory' completed successfully"}
{"ts": "2026-08-17T04:29:51.575616349Z", "container": "prefect-worker", "msg": "04:29:51.574 | INFO    | Flow run 'stalwart-mastodon' - All deployment steps completed successfully"}
{"ts": "2026-08-17T04:29:51.663194387Z", "container": "prefect-worker", "msg": "2026-08-17 04:29:51 | INFO  | _client.py:_send_single_request:1025 | HTTP Request: GET http://prefect-server:4200/api/admin/version \"HTTP/1.1 200 OK\""}
{"ts": "2026-08-17T04:29:51.666530217Z", "container": "prefect-worker", "msg": "2026-08-17 04:29:51 | INFO  | _client.py:_send_single_request:1025 | HTTP Request: GET http://prefect-server:4200/api/csrf-token?client=06cd1c90-7b6d-4c1e-bf9e-80c55f1e629a \"HTTP/1.1 422 Unprocessable Entity\""}
{"ts": "2026-08-17T04:29:51.672098518Z", "container": "prefect-worker", "msg": "2026-08-17 04:29:51 | INFO  | _client.py:_send_single_request:1025 | HTTP Request: PATCH http://prefect-server:4200/api/flow_runs/01a00b68-e596-7df1-8782-303f66440cb6 \"HTTP/1.1 204 No Content\""}
{"ts": "2026-08-17T04:29:51.691866455Z", "container": "prefect-worker", "msg": "2026-08-17 04:29:51 | INFO  | _client.py:_send_single_request:1740 | HTTP Request: GET http://prefect-server:4200/api/flow_runs/01a00b68-e596-7df1-8782-303f66440cb6 \"HTTP/1.1 200 OK\""}
{"ts": "2026-08-17T04:29:51.703967525Z", "container": "prefect-worker", "msg": "2026-08-17 04:29:51 | INFO  | _client.py:_send_single_request:1025 | HTTP Request: POST http://prefect-server:4200/api/flow_runs/01a00b68-e596-7df1-8782-303f66440cb6/set_state \"HTTP/1.1 200 OK\""}
{"ts": "2026-08-17T04:29:53.535880329Z", "container": "prefect-worker", "msg": "2026-08-17 04:29:53 | INFO  | _client.py:_send_single_request:1740 | HTTP Request: GET http://prefect-server:4200/api/csrf-token?client=e90c41dd-6a8d-40f8-90d7-93cba6d249dc \"HTTP/1.1 422 Unprocessable Entity\""}
{"ts": "2026-08-17T04:29:53.542612010Z", "container": "prefect-worker", "msg": "2026-08-17 04:29:53 | INFO  | _client.py:_send_single_request:1740 | HTTP Request: POST http://prefect-server:4200/api/logs/ \"HTTP/1.1 201 Created\""}
{"ts": "2026-08-17T04:29:58.061899419Z", "container": "prefect-worker", "msg": "2026-08-17 04:29:58 | INFO  | _client.py:_send_single_request:1740 | HTTP Request: POST http://prefect-server:4200/api/work_pools/smarthub-pool/get_scheduled_flow_runs \"HTTP/1.1 200 OK\""}
{"ts": "2026-08-17T04:29:59.719239863Z", "container": "prefect-worker", "msg": "2026-08-17 04:29:59 | INFO  | _client.py:_send_single_request:1025 | HTTP Request: POST http://prefect-server:4200/api/flow_runs/01a00b68-e596-7df1-8782-303f66440cb6/set_state \"HTTP/1.1 201 Created\""}
{"ts": "2026-08-17T04:29:59.724880934Z", "container": "prefect-worker", "msg": "2026-08-17 04:29:59 | INFO  | _client.py:_send_single_request:1025 | HTTP Request: GET http://prefect-server:4200/api/flow_runs/01a00b68-e596-7df1-8782-303f66440cb6 \"HTTP/1.1 200 OK\""}
{"ts": "2026-08-17T04:29:59.729387425Z", "container": "prefect-worker", "msg": "2026-08-17 04:29:59 | INFO  | _client.py:_send_single_request:1025 | HTTP Request: GET http://prefect-server:4200/api/admin/storage \"HTTP/1.1 200 OK\""}
{"ts": "2026-08-17T04:29:59.732354151Z", "container": "prefect-worker", "msg": "2026-08-17 04:29:59 | INFO  | _client.py:_send_single_request:1025 | HTTP Request: GET http://prefect-server:4200/api/admin/storage \"HTTP/1.1 200 OK\""}
{"ts": "2026-08-17T04:29:59.732866086Z", "container": "prefect-worker", "msg": "2026-08-17 04:29:59 | INFO  | flow_engine.py:setup_run_context:1133 | Beginning flow run 'stalwart-mastodon' for flow 'smarthub-build-features'"}
{"ts": "2026-08-17T04:29:59.733324380Z", "container": "prefect-worker", "msg": "2026-08-17 04:29:59 | INFO  | flow_engine.py:setup_run_context:1138 | View at http://prefect-server:4200/runs/flow-run/01a00b68-e596-7df1-8782-303f66440cb6"}
{"ts": "2026-08-17T04:29:59.759112043Z", "container": "prefect-worker", "msg": "2026-08-17 04:29:59 | INFO  | _client.py:_send_single_request:1740 | HTTP Request: GET http://prefect-server:4200/api/flows/ed336d12-897f-42a6-bdf9-d48b8de86b57 \"HTTP/1.1 200 OK\""}
{"ts": "2026-08-17T04:29:59.821831497Z", "container": "prefect-worker", "msg": "2026-08-17 04:29:59 | INFO  | _client.py:_send_single_request:1740 | HTTP Request: GET http://prefect-server:4200/api/work_queues/109a2d50-2dca-4233-a9a5-9ec78fefd79f \"HTTP/1.1 200 OK\""}
{"ts": "2026-08-17T04:29:59.822045779Z", "container": "prefect-worker", "msg": "2026-08-17 04:29:59 | INFO  | _client.py:_send_single_request:1740 | HTTP Request: GET http://prefect-server:4200/api/deployments/8d536def-a82a-4c94-941b-14c2c0468511 \"HTTP/1.1 200 OK\""}
{"ts": "2026-08-17T04:29:59.822308722Z", "container": "prefect-worker", "msg": "2026-08-17 04:29:59 | INFO  | _client.py:_send_single_request:1740 | HTTP Request: GET http://prefect-server:4200/api/work_pools/smarthub-pool \"HTTP/1.1 200 OK\""}
{"ts": "2026-08-17T04:30:01.568571356Z", "container": "prefect-worker", "msg": "2026-08-17 04:30:01 | INFO  | _client.py:_send_single_request:1740 | HTTP Request: POST http://prefect-server:4200/api/logs/ \"HTTP/1.1 201 Created\""}
{"ts": "2026-08-17T04:30:08.381346386Z", "container": "prefect-worker", "msg": "2026-08-17 04:30:08 | INFO  | build.py:run_build_features:266 | [auto] training table 2026-08-17T043007Z: 529221 rows, 40 cols -> /app/data/training_datasets/auto/2026-08-17T043007Z.parquet"}
{"ts": "2026-08-17T04:30:08.504588425Z", "container": "prefect-worker", "msg": "2026-08-17 04:30:08 | INFO  | task_engine.py:log_finished_message:410 | Finished in state Completed()"}
{"ts": "2026-08-17T04:30:08.524091200Z", "container": "prefect-worker", "msg": "2026-08-17 04:30:08 | INFO  | _client.py:_send_single_request:1025 | HTTP Request: POST http://prefect-server:4200/api/artifacts/ \"HTTP/1.1 201 Created\""}
{"ts": "2026-08-17T04:30:08.703085521Z", "container": "prefect-worker", "msg": "2026-08-17 04:30:08 | INFO  | _client.py:_send_single_request:1025 | HTTP Request: POST http://prefect-server:4200/api/flow_runs/01a00b68-e596-7df1-8782-303f66440cb6/set_state \"HTTP/1.1 201 Created\""}
{"ts": "2026-08-17T04:30:09.349939227Z", "container": "prefect-worker", "msg": "2026-08-17 04:30:09 | INFO  | flow_engine.py:initialize_run:1235 | Finished in state Completed()"}
{"ts": "2026-08-17T04:30:09.359080560Z", "container": "prefect-worker", "msg": "2026-08-17 04:30:09 | INFO  | _client.py:_send_single_request:1740 | HTTP Request: POST http://prefect-server:4200/api/logs/ \"HTTP/1.1 201 Created\""}
{"ts": "2026-08-17T04:30:09.670108746Z", "container": "prefect-worker", "msg": "2026-08-17 04:30:09 | INFO  | runner.py:_submit_run_and_capture_errors:1447 | Process for flow run 'stalwart-mastodon' exited cleanly."}
{"ts": "2026-08-17T04:30:09.682308026Z", "container": "prefect-worker", "msg": "2026-08-17 04:30:09 | INFO  | _client.py:_send_single_request:1740 | HTTP Request: GET http://prefect-server:4200/api/flow_runs/01a00b68-e596-7df1-8782-303f66440cb6 \"HTTP/1.1 200 OK\""}
{"ts": "2026-08-17T04:30:09.918725631Z", "container": "prefect-worker", "msg": "2026-08-17 04:30:09 | INFO  | _client.py:_send_single_request:1740 | HTTP Request: POST http://prefect-server:4200/api/work_pools/smarthub-pool/get_scheduled_flow_runs \"HTTP/1.1 200 OK\""}
{"ts": "2026-08-17T04:30:10.500807246Z", "container": "prefect-worker", "msg": "2026-08-17 04:30:10 | INFO  | _client.py:_send_single_request:1740 | HTTP Request: POST http://prefect-server:4200/api/logs/ \"HTTP/1.1 201 Created\""}
{"ts": "2026-08-17T04:30:21.933433646Z", "container": "prefect-worker", "msg": "2026-08-17 04:30:21 | INFO  | _client.py:_send_single_request:1740 | HTTP Request: POST http://prefect-server:4200/api/work_pools/smarthub-pool/get_scheduled_flow_runs \"HTTP/1.1 200 OK\""}
{"ts": "2026-08-17T04:30:34.851462225Z", "container": "prefect-worker", "msg": "2026-08-17 04:30:34 | INFO  | _client.py:_send_single_request:1740 | HTTP Request: POST http://prefect-server:4200/api/work_pools/smarthub-pool/get_scheduled_flow_runs \"HTTP/1.1 200 OK\""}
{"ts": "2026-08-17T04:30:44.451359393Z", "container": "prefect-worker", "msg": "2026-08-17 04:30:44 | INFO  | _client.py:_send_single_request:1740 | HTTP Request: POST http://prefect-server:4200/api/work_pools/smarthub-pool/get_scheduled_flow_runs \"HTTP/1.1 200 OK\""}
{"ts": "2026-08-17T04:30:56.443506099Z", "container": "prefect-worker", "msg": "2026-08-17 04:30:56 | INFO  | _client.py:_send_single_request:1740 | HTTP Request: POST http://prefect-server:4200/api/work_pools/smarthub-pool/get_scheduled_flow_runs \"HTTP/1.1 200 OK\""}
{"ts": "2026-08-17T04:31:04.966907893Z", "container": "prefect-worker", "msg": "2026-08-17 04:31:04 | INFO  | _client.py:_send_single_request:1740 | HTTP Request: POST http://prefect-server:4200/api/work_pools/smarthub-pool/get_scheduled_flow_runs \"HTTP/1.1 200 OK\""}
{"ts": "2026-08-17T04:31:13.905629472Z", "container": "prefect-worker", "msg": "2026-08-17 04:31:13 | INFO  | _client.py:_send_single_request:1740 | HTTP Request: POST http://prefect-server:4200/api/work_pools/smarthub-pool/get_scheduled_flow_runs \"HTTP/1.1 200 OK\""}
{"ts": "2026-08-17T04:31:22.757736906Z", "container": "prefect-worker", "msg": "2026-08-17 04:31:22 | INFO  | _client.py:_send_single_request:1740 | HTTP Request: POST http://prefect-server:4200/api/work_pools/smarthub-pool/get_scheduled_flow_runs \"HTTP/1.1 200 OK\""}
{"ts": "2026-08-17T04:31:32.829433767Z", "container": "prefect-worker", "msg": "2026-08-17 04:31:32 | INFO  | _client.py:_send_single_request:1740 | HTTP Request: POST http://prefect-server:4200/api/work_pools/smarthub-pool/get_scheduled_flow_runs \"HTTP/1.1 200 OK\""}
{"ts": "2026-08-17T04:31:40.464451054Z", "container": "prefect-worker", "msg": "2026-08-17 04:31:40 | INFO  | _client.py:_send_single_request:1740 | HTTP Request: POST http://prefect-server:4200/api/work_pools/smarthub-pool/get_scheduled_flow_runs \"HTTP/1.1 200 OK\""}
{"ts": "2026-08-17T04:31:50.501843036Z", "container": "prefect-worker", "msg": "2026-08-17 04:31:50 | INFO  | _client.py:_send_single_request:1740 | HTTP Request: POST http://prefect-server:4200/api/work_pools/smarthub-pool/get_scheduled_flow_runs \"HTTP/1.1 200 OK\""}
{"ts": "2026-08-17T04:32:00.844395220Z", "container": "prefect-worker", "msg": "2026-08-17 04:32:00 | INFO  | _client.py:_send_single_request:1740 | HTTP Request: POST http://prefect-server:4200/api/work_pools/smarthub-pool/get_scheduled_flow_runs \"HTTP/1.1 200 OK\""}
{"ts": "2026-08-17T04:32:10.969636512Z", "container": "prefect-worker", "msg": "2026-08-17 04:32:10 | INFO  | _client.py:_send_single_request:1740 | HTTP Request: POST http://prefect-server:4200/api/work_pools/smarthub-pool/get_scheduled_flow_runs \"HTTP/1.1 200 OK\""}
{"ts": "2026-08-17T04:32:18.668062178Z", "container": "prefect-worker", "msg": "2026-08-17 04:32:18 | INFO  | _client.py:_send_single_request:1740 | HTTP Request: POST http://prefect-server:4200/api/work_pools/smarthub-pool/get_scheduled_flow_runs \"HTTP/1.1 200 OK\""}
{"ts": "2026-08-17T04:32:27.376816437Z", "container": "prefect-worker", "msg": "2026-08-17 04:32:27 | INFO  | _client.py:_send_single_request:1740 | HTTP Request: POST http://prefect-server:4200/api/work_pools/smarthub-pool/get_scheduled_flow_runs \"HTTP/1.1 200 OK\""}
{"ts": "2026-08-17T04:32:38.443443820Z", "container": "prefect-worker", "msg": "2026-08-17 04:32:38 | INFO  | _client.py:_send_single_request:1740 | HTTP Request: POST http://prefect-server:4200/api/work_pools/smarthub-pool/get_scheduled_flow_runs \"HTTP/1.1 200 OK\""}
{"ts": "2026-08-17T04:32:47.710313440Z", "container": "prefect-worker", "msg": "2026-08-17 04:32:47 | INFO  | _client.py:_send_single_request:1740 | HTTP Request: POST http://prefect-server:4200/api/work_pools/smarthub-pool/get_scheduled_flow_runs \"HTTP/1.1 200 OK\""}
{"ts": "2026-08-17T04:32:59.184165937Z", "container": "prefect-worker", "msg": "2026-08-17 04:32:59 | INFO  | _client.py:_send_single_request:1740 | HTTP Request: POST http://prefect-server:4200/api/work_pools/smarthub-pool/get_scheduled_flow_runs \"HTTP/1.1 200 OK\""}
{"ts": "2026-08-17T04:33:07.638605566Z", "container": "prefect-worker", "msg": "2026-08-17 04:33:07 | INFO  | _client.py:_send_single_request:1740 | HTTP Request: POST http://prefect-server:4200/api/work_pools/smarthub-pool/get_scheduled_flow_runs \"HTTP/1.1 200 OK\""}
{"ts": "2026-08-17T04:33:16.883352016Z", "container": "prefect-worker", "msg": "2026-08-17 04:33:16 | INFO  | _client.py:_send_single_request:1740 | HTTP Request: POST http://prefect-server:4200/api/work_pools/smarthub-pool/get_scheduled_flow_runs \"HTTP/1.1 200 OK\""}
{"ts": "2026-08-17T04:33:29.386716498Z", "container": "prefect-worker", "msg": "2026-08-17 04:33:29 | INFO  | _client.py:_send_single_request:1740 | HTTP Request: POST http://prefect-server:4200/api/work_pools/smarthub-pool/get_scheduled_flow_runs \"HTTP/1.1 200 OK\""}
{"ts": "2026-08-17T04:33:37.604801682Z", "container": "prefect-worker", "msg": "2026-08-17 04:33:37 | INFO  | _client.py:_send_single_request:1740 | HTTP Request: POST http://prefect-server:4200/api/work_pools/smarthub-pool/get_scheduled_flow_runs \"HTTP/1.1 200 OK\""}
{"ts": "2026-08-17T04:33:49.370393551Z", "container": "prefect-worker", "msg": "2026-08-17 04:33:49 | INFO  | _client.py:_send_single_request:1740 | HTTP Request: POST http://prefect-server:4200/api/work_pools/smarthub-pool/get_scheduled_flow_runs \"HTTP/1.1 200 OK\""}
{"ts": "2026-08-17T04:34:01.534064434Z", "container": "prefect-worker", "msg": "2026-08-17 04:34:01 | INFO  | _client.py:_send_single_request:1740 | HTTP Request: POST http://prefect-server:4200/api/work_pools/smarthub-pool/get_scheduled_flow_runs \"HTTP/1.1 200 OK\""}
{"ts": "2026-08-17T04:34:10.330135501Z", "container": "prefect-worker", "msg": "2026-08-17 04:34:10 | INFO  | _client.py:_send_single_request:1740 | HTTP Request: POST http://prefect-server:4200/api/work_pools/smarthub-pool/get_scheduled_flow_runs \"HTTP/1.1 200 OK\""}
{"ts": "2026-08-17T04:34:19.273540946Z", "container": "prefect-worker", "msg": "2026-08-17 04:34:19 | INFO  | _client.py:_send_single_request:1740 | HTTP Request: POST http://prefect-server:4200/api/work_pools/smarthub-pool/get_scheduled_flow_runs \"HTTP/1.1 200 OK\""}
{"ts": "2026-08-17T04:34:29.568751572Z", "container": "prefect-worker", "msg": "2026-08-17 04:34:29 | INFO  | _client.py:_send_single_request:1740 | HTTP Request: POST http://prefect-server:4200/api/work_pools/smarthub-pool/get_scheduled_flow_runs \"HTTP/1.1 200 OK\""}
{"ts": "2026-08-17T04:34:41.461794844Z", "container": "prefect-worker", "msg": "2026-08-17 04:34:41 | INFO  | _client.py:_send_single_request:1740 | HTTP Request: POST http://prefect-server:4200/api/work_pools/smarthub-pool/get_scheduled_flow_runs \"HTTP/1.1 200 OK\""}
{"ts": "2026-08-17T04:34:51.045900026Z", "container": "prefect-worker", "msg": "2026-08-17 04:34:51 | INFO  | _client.py:_send_single_request:1740 | HTTP Request: POST http://prefect-server:4200/api/work_pools/smarthub-pool/get_scheduled_flow_runs \"HTTP/1.1 200 OK\""}
{"ts": "2026-08-17T04:35:03.274481917Z", "container": "prefect-worker", "msg": "2026-08-17 04:35:03 | INFO  | _client.py:_send_single_request:1740 | HTTP Request: POST http://prefect-server:4200/api/work_pools/smarthub-pool/get_scheduled_flow_runs \"HTTP/1.1 200 OK\""}
{"ts": "2026-08-17T04:35:12.485837340Z", "container": "prefect-worker", "msg": "2026-08-17 04:35:12 | INFO  | _client.py:_send_single_request:1740 | HTTP Request: POST http://prefect-server:4200/api/work_pools/smarthub-pool/get_scheduled_flow_runs \"HTTP/1.1 200 OK\""}
{"ts": "2026-08-17T04:35:21.435792589Z", "container": "prefect-worker", "msg": "2026-08-17 04:35:21 | INFO  | _client.py:_send_single_request:1740 | HTTP Request: POST http://prefect-server:4200/api/work_pools/smarthub-pool/get_scheduled_flow_runs \"HTTP/1.1 200 OK\""}
{"ts": "2026-08-17T04:35:29.417665830Z", "container": "prefect-worker", "msg": "2026-08-17 04:35:29 | INFO  | _client.py:_send_single_request:1740 | HTTP Request: POST http://prefect-server:4200/api/work_pools/smarthub-pool/get_scheduled_flow_runs \"HTTP/1.1 200 OK\""}
{"ts": "2026-08-17T04:35:37.826065561Z", "container": "prefect-worker", "msg": "2026-08-17 04:35:37 | INFO  | _client.py:_send_single_request:1740 | HTTP Request: POST http://prefect-server:4200/api/work_pools/smarthub-pool/get_scheduled_flow_runs \"HTTP/1.1 200 OK\""}
{"ts": "2026-08-17T04:35:50.300221652Z", "container": "prefect-worker", "msg": "2026-08-17 04:35:50 | INFO  | _client.py:_send_single_request:1740 | HTTP Request: POST http://prefect-server:4200/api/work_pools/smarthub-pool/get_scheduled_flow_runs \"HTTP/1.1 200 OK\""}
{"ts": "2026-08-17T04:36:01.845340601Z", "container": "prefect-worker", "msg": "2026-08-17 04:36:01 | INFO  | _client.py:_send_single_request:1740 | HTTP Request: POST http://prefect-server:4200/api/work_pools/smarthub-pool/get_scheduled_flow_runs \"HTTP/1.1 200 OK\""}
{"ts": "2026-08-17T04:36:12.409508167Z", "container": "prefect-worker", "msg": "2026-08-17 04:36:12 | INFO  | _client.py:_send_single_request:1740 | HTTP Request: POST http://prefect-server:4200/api/work_pools/smarthub-pool/get_scheduled_flow_runs \"HTTP/1.1 200 OK\""}
{"ts": "2026-08-17T04:36:22.291446801Z", "container": "prefect-worker", "msg": "2026-08-17 04:36:22 | INFO  | _client.py:_send_single_request:1740 | HTTP Request: POST http://prefect-server:4200/api/work_pools/smarthub-pool/get_scheduled_flow_runs \"HTTP/1.1 200 OK\""}
{"ts": "2026-08-17T04:36:29.838680410Z", "container": "prefect-worker", "msg": "2026-08-17 04:36:29 | INFO  | _client.py:_send_single_request:1740 | HTTP Request: POST http://prefect-server:4200/api/work_pools/smarthub-pool/get_scheduled_flow_runs \"HTTP/1.1 200 OK\""}
{"ts": "2026-08-17T04:36:40.143115569Z", "container": "prefect-worker", "msg": "2026-08-17 04:36:40 | INFO  | _client.py:_send_single_request:1740 | HTTP Request: POST http://prefect-server:4200/api/work_pools/smarthub-pool/get_scheduled_flow_runs \"HTTP/1.1 200 OK\""}
{"ts": "2026-08-17T04:36:52.965344399Z", "container": "prefect-worker", "msg": "2026-08-17 04:36:52 | INFO  | _client.py:_send_single_request:1740 | HTTP Request: POST http://prefect-server:4200/api/work_pools/smarthub-pool/get_scheduled_flow_runs \"HTTP/1.1 200 OK\""}
{"ts": "2026-08-17T04:37:03.957904513Z", "container": "prefect-worker", "msg": "2026-08-17 04:37:03 | INFO  | _client.py:_send_single_request:1740 | HTTP Request: POST http://prefect-server:4200/api/work_pools/smarthub-pool/get_scheduled_flow_runs \"HTTP/1.1 200 OK\""}
{"ts": "2026-08-17T04:37:12.572171812Z", "container": "prefect-worker", "msg": "2026-08-17 04:37:12 | INFO  | _client.py:_send_single_request:1740 | HTTP Request: POST http://prefect-server:4200/api/work_pools/smarthub-pool/get_scheduled_flow_runs \"HTTP/1.1 200 OK\""}
{"ts": "2026-08-17T04:37:21.624123780Z", "container": "prefect-worker", "msg": "2026-08-17 04:37:21 | INFO  | _client.py:_send_single_request:1740 | HTTP Request: POST http://prefect-server:4200/api/work_pools/smarthub-pool/get_scheduled_flow_runs \"HTTP/1.1 200 OK\""}
{"ts": "2026-08-17T04:37:31.898459266Z", "container": "prefect-worker", "msg": "2026-08-17 04:37:31 | INFO  | _client.py:_send_single_request:1740 | HTTP Request: POST http://prefect-server:4200/api/work_pools/smarthub-pool/get_scheduled_flow_runs \"HTTP/1.1 200 OK\""}
{"ts": "2026-08-17T04:37:39.442212433Z", "container": "prefect-worker", "msg": "2026-08-17 04:37:39 | INFO  | _client.py:_send_single_request:1740 | HTTP Request: POST http://prefect-server:4200/api/work_pools/smarthub-pool/get_scheduled_flow_runs \"HTTP/1.1 200 OK\""}
{"ts": "2026-08-17T04:37:47.706087935Z", "container": "prefect-worker", "msg": "2026-08-17 04:37:47 | INFO  | _client.py:_send_single_request:1740 | HTTP Request: POST http://prefect-server:4200/api/work_pools/smarthub-pool/get_scheduled_flow_runs \"HTTP/1.1 200 OK\""}
{"ts": "2026-08-17T04:37:56.461780857Z", "container": "prefect-worker", "msg": "2026-08-17 04:37:56 | INFO  | _client.py:_send_single_request:1740 | HTTP Request: POST http://prefect-server:4200/api/work_pools/smarthub-pool/get_scheduled_flow_runs \"HTTP/1.1 200 OK\""}
{"ts": "2026-08-17T04:38:08.202845135Z", "container": "prefect-worker", "msg": "2026-08-17 04:38:08 | INFO  | _client.py:_send_single_request:1740 | HTTP Request: POST http://prefect-server:4200/api/work_pools/smarthub-pool/get_scheduled_flow_runs \"HTTP/1.1 200 OK\""}
{"ts": "2026-08-17T04:38:17.935264807Z", "container": "prefect-worker", "msg": "2026-08-17 04:38:17 | INFO  | _client.py:_send_single_request:1740 | HTTP Request: POST http://prefect-server:4200/api/work_pools/smarthub-pool/get_scheduled_flow_runs \"HTTP/1.1 200 OK\""}
{"ts": "2026-08-17T04:38:26.637511050Z", "container": "prefect-worker", "msg": "2026-08-17 04:38:26 | INFO  | _client.py:_send_single_request:1740 | HTTP Request: POST http://prefect-server:4200/api/work_pools/smarthub-pool/get_scheduled_flow_runs \"HTTP/1.1 200 OK\""}
{"ts": "2026-08-17T04:38:35.290706901Z", "container": "prefect-worker", "msg": "2026-08-17 04:38:35 | INFO  | _client.py:_send_single_request:1740 | HTTP Request: POST http://prefect-server:4200/api/work_pools/smarthub-pool/get_scheduled_flow_runs \"HTTP/1.1 200 OK\""}
{"ts": "2026-08-17T04:38:46.126909190Z", "container": "prefect-worker", "msg": "2026-08-17 04:38:46 | INFO  | _client.py:_send_single_request:1740 | HTTP Request: POST http://prefect-server:4200/api/work_pools/smarthub-pool/get_scheduled_flow_runs \"HTTP/1.1 200 OK\""}
{"ts": "2026-08-17T04:38:56.061004750Z", "container": "prefect-worker", "msg": "2026-08-17 04:38:56 | INFO  | _client.py:_send_single_request:1740 | HTTP Request: POST http://prefect-server:4200/api/work_pools/smarthub-pool/get_scheduled_flow_runs \"HTTP/1.1 200 OK\""}
{"ts": "2026-08-17T04:39:07.831694406Z", "container": "prefect-worker", "msg": "2026-08-17 04:39:07 | INFO  | _client.py:_send_single_request:1740 | HTTP Request: POST http://prefect-server:4200/api/work_pools/smarthub-pool/get_scheduled_flow_runs \"HTTP/1.1 200 OK\""}
{"ts": "2026-08-17T04:39:18.902199348Z", "container": "prefect-worker", "msg": "2026-08-17 04:39:18 | INFO  | _client.py:_send_single_request:1740 | HTTP Request: POST http://prefect-server:4200/api/work_pools/smarthub-pool/get_scheduled_flow_runs \"HTTP/1.1 200 OK\""}
{"ts": "2026-08-17T04:39:30.842711615Z", "container": "prefect-worker", "msg": "2026-08-17 04:39:30 | INFO  | _client.py:_send_single_request:1740 | HTTP Request: POST http://prefect-server:4200/api/work_pools/smarthub-pool/get_scheduled_flow_runs \"HTTP/1.1 200 OK\""}
{"ts": "2026-08-17T04:39:38.661447195Z", "container": "prefect-worker", "msg": "2026-08-17 04:39:38 | INFO  | _client.py:_send_single_request:1740 | HTTP Request: POST http://prefect-server:4200/api/work_pools/smarthub-pool/get_scheduled_flow_runs \"HTTP/1.1 200 OK\""}
{"ts": "2026-08-17T04:39:47.485349315Z", "container": "prefect-worker", "msg": "2026-08-17 04:39:47 | INFO  | _client.py:_send_single_request:1740 | HTTP Request: POST http://prefect-server:4200/api/work_pools/smarthub-pool/get_scheduled_flow_runs \"HTTP/1.1 200 OK\""}
{"ts": "2026-08-17T04:39:59.238802097Z", "container": "prefect-worker", "msg": "2026-08-17 04:39:59 | INFO  | _client.py:_send_single_request:1740 | HTTP Request: POST http://prefect-server:4200/api/work_pools/smarthub-pool/get_scheduled_flow_runs \"HTTP/1.1 200 OK\""}
{"ts": "2026-08-17T04:40:06.938744895Z", "container": "prefect-worker", "msg": "2026-08-17 04:40:06 | INFO  | _client.py:_send_single_request:1740 | HTTP Request: POST http://prefect-server:4200/api/work_pools/smarthub-pool/get_scheduled_flow_runs \"HTTP/1.1 200 OK\""}
{"ts": "2026-08-17T04:40:19.360602331Z", "container": "prefect-worker", "msg": "2026-08-17 04:40:19 | INFO  | _client.py:_send_single_request:1740 | HTTP Request: POST http://prefect-server:4200/api/work_pools/smarthub-pool/get_scheduled_flow_runs \"HTTP/1.1 200 OK\""}
{"ts": "2026-08-17T04:40:28.022627066Z", "container": "prefect-worker", "msg": "2026-08-17 04:40:28 | INFO  | _client.py:_send_single_request:1740 | HTTP Request: POST http://prefect-server:4200/api/work_pools/smarthub-pool/get_scheduled_flow_runs \"HTTP/1.1 200 OK\""}
{"ts": "2026-08-17T04:40:38.425977306Z", "container": "prefect-worker", "msg": "2026-08-17 04:40:38 | INFO  | _client.py:_send_single_request:1740 | HTTP Request: POST http://prefect-server:4200/api/work_pools/smarthub-pool/get_scheduled_flow_runs \"HTTP/1.1 200 OK\""}
{"ts": "2026-08-17T04:40:46.053997381Z", "container": "prefect-worker", "msg": "2026-08-17 04:40:46 | INFO  | _client.py:_send_single_request:1740 | HTTP Request: POST http://prefect-server:4200/api/work_pools/smarthub-pool/get_scheduled_flow_runs \"HTTP/1.1 200 OK\""}
{"ts": "2026-08-17T04:40:54.985808266Z", "container": "prefect-worker", "msg": "2026-08-17 04:40:54 | INFO  | _client.py:_send_single_request:1740 | HTTP Request: POST http://prefect-server:4200/api/work_pools/smarthub-pool/get_scheduled_flow_runs \"HTTP/1.1 200 OK\""}
{"ts": "2026-08-17T04:41:06.226389426Z", "container": "prefect-worker", "msg": "2026-08-17 04:41:06 | INFO  | _client.py:_send_single_request:1740 | HTTP Request: POST http://prefect-server:4200/api/work_pools/smarthub-pool/get_scheduled_flow_runs \"HTTP/1.1 200 OK\""}
{"ts": "2026-08-17T04:41:14.705417070Z", "container": "prefect-worker", "msg": "2026-08-17 04:41:14 | INFO  | _client.py:_send_single_request:1740 | HTTP Request: POST http://prefect-server:4200/api/work_pools/smarthub-pool/get_scheduled_flow_runs \"HTTP/1.1 200 OK\""}
{"ts": "2026-08-17T04:41:25.621897210Z", "container": "prefect-worker", "msg": "2026-08-17 04:41:25 | INFO  | _client.py:_send_single_request:1740 | HTTP Request: POST http://prefect-server:4200/api/work_pools/smarthub-pool/get_scheduled_flow_runs \"HTTP/1.1 200 OK\""}
{"ts": "2026-08-17T04:41:35.278531083Z", "container": "prefect-worker", "msg": "2026-08-17 04:41:35 | INFO  | _client.py:_send_single_request:1740 | HTTP Request: POST http://prefect-server:4200/api/work_pools/smarthub-pool/get_scheduled_flow_runs \"HTTP/1.1 200 OK\""}
{"ts": "2026-08-17T04:41:47.446219748Z", "container": "prefect-worker", "msg": "2026-08-17 04:41:47 | INFO  | _client.py:_send_single_request:1740 | HTTP Request: POST http://prefect-server:4200/api/work_pools/smarthub-pool/get_scheduled_flow_runs \"HTTP/1.1 200 OK\""}
{"ts": "2026-08-17T04:41:55.674532844Z", "container": "prefect-worker", "msg": "2026-08-17 04:41:55 | INFO  | _client.py:_send_single_request:1740 | HTTP Request: POST http://prefect-server:4200/api/work_pools/smarthub-pool/get_scheduled_flow_runs \"HTTP/1.1 200 OK\""}
{"ts": "2026-08-17T04:42:07.495383558Z", "container": "prefect-worker", "msg": "2026-08-17 04:42:07 | INFO  | _client.py:_send_single_request:1740 | HTTP Request: POST http://prefect-server:4200/api/work_pools/smarthub-pool/get_scheduled_flow_runs \"HTTP/1.1 200 OK\""}
{"ts": "2026-08-17T04:42:15.974207690Z", "container": "prefect-worker", "msg": "2026-08-17 04:42:15 | INFO  | _client.py:_send_single_request:1740 | HTTP Request: POST http://prefect-server:4200/api/work_pools/smarthub-pool/get_scheduled_flow_runs \"HTTP/1.1 200 OK\""}
{"ts": "2026-08-17T04:42:27.465575497Z", "container": "prefect-worker", "msg": "2026-08-17 04:42:27 | INFO  | _client.py:_send_single_request:1740 | HTTP Request: POST http://prefect-server:4200/api/work_pools/smarthub-pool/get_scheduled_flow_runs \"HTTP/1.1 200 OK\""}
{"ts": "2026-08-17T04:42:36.050512087Z", "container": "prefect-worker", "msg": "2026-08-17 04:42:36 | INFO  | _client.py:_send_single_request:1740 | HTTP Request: POST http://prefect-server:4200/api/work_pools/smarthub-pool/get_scheduled_flow_runs \"HTTP/1.1 200 OK\""}
{"ts": "2026-08-17T04:42:44.528631659Z", "container": "prefect-worker", "msg": "2026-08-17 04:42:44 | INFO  | _client.py:_send_single_request:1740 | HTTP Request: POST http://prefect-server:4200/api/work_pools/smarthub-pool/get_scheduled_flow_runs \"HTTP/1.1 200 OK\""}
{"ts": "2026-08-17T04:42:54.070021289Z", "container": "prefect-worker", "msg": "2026-08-17 04:42:54 | INFO  | _client.py:_send_single_request:1740 | HTTP Request: POST http://prefect-server:4200/api/work_pools/smarthub-pool/get_scheduled_flow_runs \"HTTP/1.1 200 OK\""}
{"ts": "2026-08-17T04:43:05.356768599Z", "container": "prefect-worker", "msg": "2026-08-17 04:43:05 | INFO  | _client.py:_send_single_request:1740 | HTTP Request: POST http://prefect-server:4200/api/work_pools/smarthub-pool/get_scheduled_flow_runs \"HTTP/1.1 200 OK\""}
{"ts": "2026-08-17T04:43:13.841320063Z", "container": "prefect-worker", "msg": "2026-08-17 04:43:13 | INFO  | _client.py:_send_single_request:1740 | HTTP Request: POST http://prefect-server:4200/api/work_pools/smarthub-pool/get_scheduled_flow_runs \"HTTP/1.1 200 OK\""}
{"ts": "2026-08-17T04:43:25.561500714Z", "container": "prefect-worker", "msg": "2026-08-17 04:43:25 | INFO  | _client.py:_send_single_request:1740 | HTTP Request: POST http://prefect-server:4200/api/work_pools/smarthub-pool/get_scheduled_flow_runs \"HTTP/1.1 200 OK\""}
{"ts": "2026-08-17T04:43:34.867770039Z", "container": "prefect-worker", "msg": "2026-08-17 04:43:34 | INFO  | _client.py:_send_single_request:1740 | HTTP Request: POST http://prefect-server:4200/api/work_pools/smarthub-pool/get_scheduled_flow_runs \"HTTP/1.1 200 OK\""}
{"ts": "2026-08-17T04:43:42.970226444Z", "container": "prefect-worker", "msg": "2026-08-17 04:43:42 | INFO  | _client.py:_send_single_request:1740 | HTTP Request: POST http://prefect-server:4200/api/work_pools/smarthub-pool/get_scheduled_flow_runs \"HTTP/1.1 200 OK\""}
{"ts": "2026-08-17T04:43:52.405661394Z", "container": "prefect-worker", "msg": "2026-08-17 04:43:52 | INFO  | _client.py:_send_single_request:1740 | HTTP Request: POST http://prefect-server:4200/api/work_pools/smarthub-pool/get_scheduled_flow_runs \"HTTP/1.1 200 OK\""}
{"ts": "2026-08-17T04:44:03.310242857Z", "container": "prefect-worker", "msg": "2026-08-17 04:44:03 | INFO  | _client.py:_send_single_request:1740 | HTTP Request: POST http://prefect-server:4200/api/work_pools/smarthub-pool/get_scheduled_flow_runs \"HTTP/1.1 200 OK\""}
{"ts": "2026-08-17T04:44:11.702687310Z", "container": "prefect-worker", "msg": "2026-08-17 04:44:11 | INFO  | _client.py:_send_single_request:1740 | HTTP Request: POST http://prefect-server:4200/api/work_pools/smarthub-pool/get_scheduled_flow_runs \"HTTP/1.1 200 OK\""}
{"ts": "2026-08-17T04:44:24.488981156Z", "container": "prefect-worker", "msg": "2026-08-17 04:44:24 | INFO  | _client.py:_send_single_request:1740 | HTTP Request: POST http://prefect-server:4200/api/work_pools/smarthub-pool/get_scheduled_flow_runs \"HTTP/1.1 200 OK\""}
{"ts": "2026-08-17T04:44:34.915517623Z", "container": "prefect-worker", "msg": "2026-08-17 04:44:34 | INFO  | _client.py:_send_single_request:1740 | HTTP Request: POST http://prefect-server:4200/api/work_pools/smarthub-pool/get_scheduled_flow_runs \"HTTP/1.1 200 OK\""}
{"ts": "2026-08-17T04:44:44.502722000Z", "container": "prefect-worker", "msg": "2026-08-17 04:44:44 | INFO  | _client.py:_send_single_request:1740 | HTTP Request: POST http://prefect-server:4200/api/work_pools/smarthub-pool/get_scheduled_flow_runs \"HTTP/1.1 200 OK\""}
{"ts": "2026-08-17T04:44:56.198681782Z", "container": "prefect-worker", "msg": "2026-08-17 04:44:56 | INFO  | _client.py:_send_single_request:1740 | HTTP Request: POST http://prefect-server:4200/api/work_pools/smarthub-pool/get_scheduled_flow_runs \"HTTP/1.1 200 OK\""}
{"ts": "2026-08-17T04:44:56.200058454Z", "container": "prefect-worker", "msg": "2026-08-17 04:44:56 | INFO  | base.py:_submit_scheduled_flow_runs:1519 | Worker 'ProcessWorker c09911e3-8540-45ba-b9e5-a987ad0388ad' submitting flow run '01a00b76-ae1a-7393-968d-50f4ed4a2707'"}
{"ts": "2026-08-17T04:44:56.222288155Z", "container": "prefect-worker", "msg": "2026-08-17 04:44:56 | INFO  | _client.py:_send_single_request:1740 | HTTP Request: GET http://prefect-server:4200/api/deployments/8d536def-a82a-4c94-941b-14c2c0468511 \"HTTP/1.1 200 OK\""}
{"ts": "2026-08-17T04:44:56.261638559Z", "container": "prefect-worker", "msg": "2026-08-17 04:44:56 | INFO  | _client.py:_send_single_request:1740 | HTTP Request: POST http://prefect-server:4200/api/flow_runs/01a00b76-ae1a-7393-968d-50f4ed4a2707/set_state \"HTTP/1.1 201 Created\""}
{"ts": "2026-08-17T04:44:56.280189836Z", "container": "prefect-worker", "msg": "2026-08-17 04:44:56 | INFO  | _client.py:_send_single_request:1740 | HTTP Request: GET http://prefect-server:4200/api/deployments/8d536def-a82a-4c94-941b-14c2c0468511 \"HTTP/1.1 200 OK\""}
{"ts": "2026-08-17T04:44:56.290246377Z", "container": "prefect-worker", "msg": "2026-08-17 04:44:56 | INFO  | _client.py:_send_single_request:1740 | HTTP Request: GET http://prefect-server:4200/api/flows/ed336d12-897f-42a6-bdf9-d48b8de86b57 \"HTTP/1.1 200 OK\""}
{"ts": "2026-08-17T04:44:56.317495622Z", "container": "prefect-worker", "msg": "2026-08-17 04:44:56 | INFO  | _client.py:_send_single_request:1740 | HTTP Request: PATCH http://prefect-server:4200/api/flow_runs/01a00b76-ae1a-7393-968d-50f4ed4a2707/labels \"HTTP/1.1 204 No Content\""}
{"ts": "2026-08-17T04:44:56.328294070Z", "container": "prefect-worker", "msg": "2026-08-17 04:44:56 | INFO  | _client.py:_send_single_request:1740 | HTTP Request: POST http://prefect-server:4200/api/flow_runs/01a00b76-ae1a-7393-968d-50f4ed4a2707/set_state \"HTTP/1.1 201 Created\""}
{"ts": "2026-08-17T04:44:56.336977838Z", "container": "prefect-worker", "msg": "2026-08-17 04:44:56 | INFO  | _client.py:_send_single_request:1740 | HTTP Request: GET http://prefect-server:4200/api/flow_runs/01a00b76-ae1a-7393-968d-50f4ed4a2707 \"HTTP/1.1 200 OK\""}
{"ts": "2026-08-17T04:44:56.337834656Z", "container": "prefect-worker", "msg": "2026-08-17 04:44:56 | INFO  | runner.py:_run_process:994 | Starting flow run process..."}
{"ts": "2026-08-17T04:44:56.361131345Z", "container": "prefect-worker", "msg": "2026-08-17 04:44:56 | INFO  | _client.py:_send_single_request:1740 | HTTP Request: PATCH http://prefect-server:4200/api/flow_runs/01a00b76-ae1a-7393-968d-50f4ed4a2707 \"HTTP/1.1 204 No Content\""}
{"ts": "2026-08-17T04:44:56.361613650Z", "container": "prefect-worker", "msg": "2026-08-17 04:44:56 | INFO  | base.py:_submit_run:1601 | Flow run 'lyrical-spaniel' submitted to infrastructure"}
{"ts": "2026-08-17T04:44:56.764636141Z", "container": "prefect-worker", "msg": "2026-08-17 04:44:56 | INFO  | _client.py:_send_single_request:1740 | HTTP Request: POST http://prefect-server:4200/api/logs/ \"HTTP/1.1 201 Created\""}
{"ts": "2026-08-17T04:44:57.541152847Z", "container": "prefect-worker", "msg": "04:44:57.535 | INFO    | Flow run 'lyrical-spaniel' - Running 1 deployment pull step(s)"}
{"ts": "2026-08-17T04:44:57.561245798Z", "container": "prefect-worker", "msg": "04:44:57.560 | INFO    | Flow run 'lyrical-spaniel' - Executing deployment step: set_working_directory"}
{"ts": "2026-08-17T04:44:57.572967933Z", "container": "prefect-worker", "msg": "04:44:57.572 | INFO    | Flow run 'lyrical-spaniel' - Deployment step 'set_working_directory' completed successfully"}
{"ts": "2026-08-17T04:44:57.586536675Z", "container": "prefect-worker", "msg": "04:44:57.585 | INFO    | Flow run 'lyrical-spaniel' - All deployment steps completed successfully"}
{"ts": "2026-08-17T04:44:57.667103851Z", "container": "prefect-worker", "msg": "2026-08-17 04:44:57 | INFO  | _client.py:_send_single_request:1025 | HTTP Request: GET http://prefect-server:4200/api/admin/version \"HTTP/1.1 200 OK\""}
{"ts": "2026-08-17T04:44:57.670444161Z", "container": "prefect-worker", "msg": "2026-08-17 04:44:57 | INFO  | _client.py:_send_single_request:1025 | HTTP Request: GET http://prefect-server:4200/api/csrf-token?client=3acac650-ffd6-4806-9405-27023c7fd5b7 \"HTTP/1.1 422 Unprocessable Entity\""}
{"ts": "2026-08-17T04:44:57.675606988Z", "container": "prefect-worker", "msg": "2026-08-17 04:44:57 | INFO  | _client.py:_send_single_request:1025 | HTTP Request: PATCH http://prefect-server:4200/api/flow_runs/01a00b76-ae1a-7393-968d-50f4ed4a2707 \"HTTP/1.1 204 No Content\""}
{"ts": "2026-08-17T04:44:57.696197153Z", "container": "prefect-worker", "msg": "2026-08-17 04:44:57 | INFO  | _client.py:_send_single_request:1740 | HTTP Request: GET http://prefect-server:4200/api/flow_runs/01a00b76-ae1a-7393-968d-50f4ed4a2707 \"HTTP/1.1 200 OK\""}
{"ts": "2026-08-17T04:44:57.707824268Z", "container": "prefect-worker", "msg": "2026-08-17 04:44:57 | INFO  | _client.py:_send_single_request:1025 | HTTP Request: POST http://prefect-server:4200/api/flow_runs/01a00b76-ae1a-7393-968d-50f4ed4a2707/set_state \"HTTP/1.1 200 OK\""}
{"ts": "2026-08-17T04:44:59.547953073Z", "container": "prefect-worker", "msg": "2026-08-17 04:44:59 | INFO  | _client.py:_send_single_request:1740 | HTTP Request: GET http://prefect-server:4200/api/csrf-token?client=ce3f250e-9b6d-4384-a3a5-ca9cd97199b0 \"HTTP/1.1 422 Unprocessable Entity\""}
{"ts": "2026-08-17T04:44:59.554672763Z", "container": "prefect-worker", "msg": "2026-08-17 04:44:59 | INFO  | _client.py:_send_single_request:1740 | HTTP Request: POST http://prefect-server:4200/api/logs/ \"HTTP/1.1 201 Created\""}
{"ts": "2026-08-17T04:44:59.722745637Z", "container": "prefect-worker", "msg": "2026-08-17 04:44:59 | INFO  | _client.py:_send_single_request:1025 | HTTP Request: POST http://prefect-server:4200/api/flow_runs/01a00b76-ae1a-7393-968d-50f4ed4a2707/set_state \"HTTP/1.1 201 Created\""}
{"ts": "2026-08-17T04:44:59.728765921Z", "container": "prefect-worker", "msg": "2026-08-17 04:44:59 | INFO  | _client.py:_send_single_request:1025 | HTTP Request: GET http://prefect-server:4200/api/flow_runs/01a00b76-ae1a-7393-968d-50f4ed4a2707 \"HTTP/1.1 200 OK\""}
{"ts": "2026-08-17T04:44:59.733372163Z", "container": "prefect-worker", "msg": "2026-08-17 04:44:59 | INFO  | _client.py:_send_single_request:1025 | HTTP Request: GET http://prefect-server:4200/api/admin/storage \"HTTP/1.1 200 OK\""}
{"ts": "2026-08-17T04:44:59.736692053Z", "container": "prefect-worker", "msg": "2026-08-17 04:44:59 | INFO  | _client.py:_send_single_request:1025 | HTTP Request: GET http://prefect-server:4200/api/admin/storage \"HTTP/1.1 200 OK\""}
{"ts": "2026-08-17T04:44:59.737251868Z", "container": "prefect-worker", "msg": "2026-08-17 04:44:59 | INFO  | flow_engine.py:setup_run_context:1133 | Beginning flow run 'lyrical-spaniel' for flow 'smarthub-build-features'"}
{"ts": "2026-08-17T04:44:59.737647621Z", "container": "prefect-worker", "msg": "2026-08-17 04:44:59 | INFO  | flow_engine.py:setup_run_context:1138 | View at http://prefect-server:4200/runs/flow-run/01a00b76-ae1a-7393-968d-50f4ed4a2707"}
{"ts": "2026-08-17T04:44:59.764335542Z", "container": "prefect-worker", "msg": "2026-08-17 04:44:59 | INFO  | _client.py:_send_single_request:1740 | HTTP Request: GET http://prefect-server:4200/api/flows/ed336d12-897f-42a6-bdf9-d48b8de86b57 \"HTTP/1.1 200 OK\""}
{"ts": "2026-08-17T04:44:59.833111981Z", "container": "prefect-worker", "msg": "2026-08-17 04:44:59 | INFO  | _client.py:_send_single_request:1740 | HTTP Request: GET http://prefect-server:4200/api/work_queues/109a2d50-2dca-4233-a9a5-9ec78fefd79f \"HTTP/1.1 200 OK\""}
{"ts": "2026-08-17T04:44:59.834982488Z", "container": "prefect-worker", "msg": "2026-08-17 04:44:59 | INFO  | _client.py:_send_single_request:1740 | HTTP Request: GET http://prefect-server:4200/api/deployments/8d536def-a82a-4c94-941b-14c2c0468511 \"HTTP/1.1 200 OK\""}
{"ts": "2026-08-17T04:44:59.835336731Z", "container": "prefect-worker", "msg": "2026-08-17 04:44:59 | INFO  | _client.py:_send_single_request:1740 | HTTP Request: GET http://prefect-server:4200/api/work_pools/smarthub-pool \"HTTP/1.1 200 OK\""}
{"ts": "2026-08-17T04:45:01.575350772Z", "container": "prefect-worker", "msg": "2026-08-17 04:45:01 | INFO  | _client.py:_send_single_request:1740 | HTTP Request: POST http://prefect-server:4200/api/logs/ \"HTTP/1.1 201 Created\""}
{"ts": "2026-08-17T04:45:04.252790896Z", "container": "prefect-worker", "msg": "2026-08-17 04:45:04 | INFO  | _client.py:_send_single_request:1740 | HTTP Request: POST http://prefect-server:4200/api/work_pools/smarthub-pool/get_scheduled_flow_runs \"HTTP/1.1 200 OK\""}
{"ts": "2026-08-17T04:45:04.766551543Z", "container": "prefect-worker", "msg": "2026-08-17 04:45:04 | INFO  | build.py:run_build_features:266 | [home] training table 2026-08-17T044504Z: 83111 rows, 34 cols -> /app/data/training_datasets/home/2026-08-17T044504Z.parquet"}
{"ts": "2026-08-17T04:45:04.909531321Z", "container": "prefect-worker", "msg": "2026-08-17 04:45:04 | INFO  | task_engine.py:log_finished_message:410 | Finished in state Completed()"}
{"ts": "2026-08-17T04:45:04.928287210Z", "container": "prefect-worker", "msg": "2026-08-17 04:45:04 | INFO  | _client.py:_send_single_request:1025 | HTTP Request: POST http://prefect-server:4200/api/artifacts/ \"HTTP/1.1 201 Created\""}
{"ts": "2026-08-17T04:45:05.042351787Z", "container": "prefect-worker", "msg": "2026-08-17 04:45:05 | INFO  | _client.py:_send_single_request:1025 | HTTP Request: POST http://prefect-server:4200/api/flow_runs/01a00b76-ae1a-7393-968d-50f4ed4a2707/set_state \"HTTP/1.1 201 Created\""}
{"ts": "2026-08-17T04:45:05.633003457Z", "container": "prefect-worker", "msg": "2026-08-17 04:45:05 | INFO  | _client.py:_send_single_request:1740 | HTTP Request: POST http://prefect-server:4200/api/logs/ \"HTTP/1.1 201 Created\""}
{"ts": "2026-08-17T04:45:05.943640145Z", "container": "prefect-worker", "msg": "2026-08-17 04:45:05 | INFO  | flow_engine.py:initialize_run:1235 | Finished in state Completed()"}
{"ts": "2026-08-17T04:45:05.951651927Z", "container": "prefect-worker", "msg": "2026-08-17 04:45:05 | INFO  | _client.py:_send_single_request:1740 | HTTP Request: POST http://prefect-server:4200/api/logs/ \"HTTP/1.1 201 Created\""}
{"ts": "2026-08-17T04:45:06.265609984Z", "container": "prefect-worker", "msg": "2026-08-17 04:45:06 | INFO  | runner.py:_submit_run_and_capture_errors:1447 | Process for flow run 'lyrical-spaniel' exited cleanly."}
{"ts": "2026-08-17T04:45:06.275349272Z", "container": "prefect-worker", "msg": "2026-08-17 04:45:06 | INFO  | _client.py:_send_single_request:1740 | HTTP Request: GET http://prefect-server:4200/api/flow_runs/01a00b76-ae1a-7393-968d-50f4ed4a2707 \"HTTP/1.1 200 OK\""}
{"ts": "2026-08-17T04:45:06.775426966Z", "container": "prefect-worker", "msg": "2026-08-17 04:45:06 | INFO  | _client.py:_send_single_request:1740 | HTTP Request: POST http://prefect-server:4200/api/logs/ \"HTTP/1.1 201 Created\""}
{"ts": "2026-08-17T04:45:14.013953139Z", "container": "prefect-worker", "msg": "2026-08-17 04:45:14 | INFO  | _client.py:_send_single_request:1740 | HTTP Request: POST http://prefect-server:4200/api/work_pools/smarthub-pool/get_scheduled_flow_runs \"HTTP/1.1 200 OK\""}
{"ts": "2026-08-17T04:45:23.601316910Z", "container": "prefect-worker", "msg": "2026-08-17 04:45:23 | INFO  | _client.py:_send_single_request:1740 | HTTP Request: POST http://prefect-server:4200/api/work_pools/smarthub-pool/get_scheduled_flow_runs \"HTTP/1.1 200 OK\""}
{"ts": "2026-08-17T04:45:33.148230608Z", "container": "prefect-worker", "msg": "2026-08-17 04:45:33 | INFO  | _client.py:_send_single_request:1740 | HTTP Request: POST http://prefect-server:4200/api/work_pools/smarthub-pool/get_scheduled_flow_runs \"HTTP/1.1 200 OK\""}
{"ts": "2026-08-17T04:45:45.193650793Z", "container": "prefect-worker", "msg": "2026-08-17 04:45:45 | INFO  | _client.py:_send_single_request:1740 | HTTP Request: POST http://prefect-server:4200/api/work_pools/smarthub-pool/get_scheduled_flow_runs \"HTTP/1.1 200 OK\""}
{"ts": "2026-08-17T04:45:55.112216197Z", "container": "prefect-worker", "msg": "2026-08-17 04:45:55 | INFO  | _client.py:_send_single_request:1740 | HTTP Request: POST http://prefect-server:4200/api/work_pools/smarthub-pool/get_scheduled_flow_runs \"HTTP/1.1 200 OK\""}
{"ts": "2026-08-17T04:46:02.887841807Z", "container": "prefect-worker", "msg": "2026-08-17 04:46:02 | INFO  | _client.py:_send_single_request:1740 | HTTP Request: POST http://prefect-server:4200/api/work_pools/smarthub-pool/get_scheduled_flow_runs \"HTTP/1.1 200 OK\""}
{"ts": "2026-08-17T04:46:12.521653542Z", "container": "prefect-worker", "msg": "2026-08-17 04:46:12 | INFO  | _client.py:_send_single_request:1740 | HTTP Request: POST http://prefect-server:4200/api/work_pools/smarthub-pool/get_scheduled_flow_runs \"HTTP/1.1 200 OK\""}
{"ts": "2026-08-17T04:46:21.217072746Z", "container": "prefect-worker", "msg": "2026-08-17 04:46:21 | INFO  | _client.py:_send_single_request:1740 | HTTP Request: POST http://prefect-server:4200/api/work_pools/smarthub-pool/get_scheduled_flow_runs \"HTTP/1.1 200 OK\""}
{"ts": "2026-08-17T04:46:29.485831178Z", "container": "prefect-worker", "msg": "2026-08-17 04:46:29 | INFO  | _client.py:_send_single_request:1740 | HTTP Request: POST http://prefect-server:4200/api/work_pools/smarthub-pool/get_scheduled_flow_runs \"HTTP/1.1 200 OK\""}
{"ts": "2026-08-17T04:46:40.040670334Z", "container": "prefect-worker", "msg": "2026-08-17 04:46:40 | INFO  | _client.py:_send_single_request:1740 | HTTP Request: POST http://prefect-server:4200/api/work_pools/smarthub-pool/get_scheduled_flow_runs \"HTTP/1.1 200 OK\""}
{"ts": "2026-08-17T04:46:51.897875055Z", "container": "prefect-worker", "msg": "2026-08-17 04:46:51 | INFO  | _client.py:_send_single_request:1740 | HTTP Request: POST http://prefect-server:4200/api/work_pools/smarthub-pool/get_scheduled_flow_runs \"HTTP/1.1 200 OK\""}
{"ts": "2026-08-17T04:47:02.655128510Z", "container": "prefect-worker", "msg": "2026-08-17 04:47:02 | INFO  | _client.py:_send_single_request:1740 | HTTP Request: POST http://prefect-server:4200/api/work_pools/smarthub-pool/get_scheduled_flow_runs \"HTTP/1.1 200 OK\""}
{"ts": "2026-08-17T04:47:11.879664141Z", "container": "prefect-worker", "msg": "2026-08-17 04:47:11 | INFO  | _client.py:_send_single_request:1740 | HTTP Request: POST http://prefect-server:4200/api/work_pools/smarthub-pool/get_scheduled_flow_runs \"HTTP/1.1 200 OK\""}
{"ts": "2026-08-17T04:47:21.402093770Z", "container": "prefect-worker", "msg": "2026-08-17 04:47:21 | INFO  | _client.py:_send_single_request:1740 | HTTP Request: POST http://prefect-server:4200/api/work_pools/smarthub-pool/get_scheduled_flow_runs \"HTTP/1.1 200 OK\""}
{"ts": "2026-08-17T04:47:33.111843103Z", "container": "prefect-worker", "msg": "2026-08-17 04:47:33 | INFO  | _client.py:_send_single_request:1740 | HTTP Request: POST http://prefect-server:4200/api/work_pools/smarthub-pool/get_scheduled_flow_runs \"HTTP/1.1 200 OK\""}
{"ts": "2026-08-17T04:47:45.138553518Z", "container": "prefect-worker", "msg": "2026-08-17 04:47:45 | INFO  | _client.py:_send_single_request:1740 | HTTP Request: POST http://prefect-server:4200/api/work_pools/smarthub-pool/get_scheduled_flow_runs \"HTTP/1.1 200 OK\""}
{"ts": "2026-08-17T04:47:54.642785519Z", "container": "prefect-worker", "msg": "2026-08-17 04:47:54 | INFO  | _client.py:_send_single_request:1740 | HTTP Request: POST http://prefect-server:4200/api/work_pools/smarthub-pool/get_scheduled_flow_runs \"HTTP/1.1 200 OK\""}
{"ts": "2026-08-17T04:48:02.809954940Z", "container": "prefect-worker", "msg": "2026-08-17 04:48:02 | INFO  | _client.py:_send_single_request:1740 | HTTP Request: POST http://prefect-server:4200/api/work_pools/smarthub-pool/get_scheduled_flow_runs \"HTTP/1.1 200 OK\""}
{"ts": "2026-08-17T04:48:10.381984524Z", "container": "prefect-worker", "msg": "2026-08-17 04:48:10 | INFO  | _client.py:_send_single_request:1740 | HTTP Request: POST http://prefect-server:4200/api/work_pools/smarthub-pool/get_scheduled_flow_runs \"HTTP/1.1 200 OK\""}
{"ts": "2026-08-17T04:48:21.950591703Z", "container": "prefect-worker", "msg": "2026-08-17 04:48:21 | INFO  | _client.py:_send_single_request:1740 | HTTP Request: POST http://prefect-server:4200/api/work_pools/smarthub-pool/get_scheduled_flow_runs \"HTTP/1.1 200 OK\""}
{"ts": "2026-08-17T04:48:29.811637130Z", "container": "prefect-worker", "msg": "2026-08-17 04:48:29 | INFO  | _client.py:_send_single_request:1740 | HTTP Request: POST http://prefect-server:4200/api/work_pools/smarthub-pool/get_scheduled_flow_runs \"HTTP/1.1 200 OK\""}
{"ts": "2026-08-17T04:48:38.653714542Z", "container": "prefect-worker", "msg": "2026-08-17 04:48:38 | INFO  | _client.py:_send_single_request:1740 | HTTP Request: POST http://prefect-server:4200/api/work_pools/smarthub-pool/get_scheduled_flow_runs \"HTTP/1.1 200 OK\""}
{"ts": "2026-08-17T04:48:50.199022145Z", "container": "prefect-worker", "msg": "2026-08-17 04:48:50 | INFO  | _client.py:_send_single_request:1740 | HTTP Request: POST http://prefect-server:4200/api/work_pools/smarthub-pool/get_scheduled_flow_runs \"HTTP/1.1 200 OK\""}
{"ts": "2026-08-17T04:49:00.588189389Z", "container": "prefect-worker", "msg": "2026-08-17 04:49:00 | INFO  | _client.py:_send_single_request:1740 | HTTP Request: POST http://prefect-server:4200/api/work_pools/smarthub-pool/get_scheduled_flow_runs \"HTTP/1.1 200 OK\""}
{"ts": "2026-08-17T04:49:12.703272611Z", "container": "prefect-worker", "msg": "2026-08-17 04:49:12 | INFO  | _client.py:_send_single_request:1740 | HTTP Request: POST http://prefect-server:4200/api/work_pools/smarthub-pool/get_scheduled_flow_runs \"HTTP/1.1 200 OK\""}
{"ts": "2026-08-17T04:49:24.470036833Z", "container": "prefect-worker", "msg": "2026-08-17 04:49:24 | INFO  | _client.py:_send_single_request:1740 | HTTP Request: POST http://prefect-server:4200/api/work_pools/smarthub-pool/get_scheduled_flow_runs \"HTTP/1.1 200 OK\""}
{"ts": "2026-08-17T04:49:36.877471493Z", "container": "prefect-worker", "msg": "2026-08-17 04:49:36 | INFO  | _client.py:_send_single_request:1740 | HTTP Request: POST http://prefect-server:4200/api/work_pools/smarthub-pool/get_scheduled_flow_runs \"HTTP/1.1 200 OK\""}
{"ts": "2026-08-17T04:49:46.950346447Z", "container": "prefect-worker", "msg": "2026-08-17 04:49:46 | INFO  | _client.py:_send_single_request:1740 | HTTP Request: POST http://prefect-server:4200/api/work_pools/smarthub-pool/get_scheduled_flow_runs \"HTTP/1.1 200 OK\""}
{"ts": "2026-08-17T04:49:55.506792402Z", "container": "prefect-worker", "msg": "2026-08-17 04:49:55 | INFO  | _client.py:_send_single_request:1740 | HTTP Request: POST http://prefect-server:4200/api/work_pools/smarthub-pool/get_scheduled_flow_runs \"HTTP/1.1 200 OK\""}
{"ts": "2026-08-17T04:50:06.126733223Z", "container": "prefect-worker", "msg": "2026-08-17 04:50:06 | INFO  | _client.py:_send_single_request:1740 | HTTP Request: POST http://prefect-server:4200/api/work_pools/smarthub-pool/get_scheduled_flow_runs \"HTTP/1.1 200 OK\""}
{"ts": "2026-08-17T04:50:19.026600762Z", "container": "prefect-worker", "msg": "2026-08-17 04:50:19 | INFO  | _client.py:_send_single_request:1740 | HTTP Request: POST http://prefect-server:4200/api/work_pools/smarthub-pool/get_scheduled_flow_runs \"HTTP/1.1 200 OK\""}
{"ts": "2026-08-17T04:50:28.795564685Z", "container": "prefect-worker", "msg": "2026-08-17 04:50:28 | INFO  | _client.py:_send_single_request:1740 | HTTP Request: POST http://prefect-server:4200/api/work_pools/smarthub-pool/get_scheduled_flow_runs \"HTTP/1.1 200 OK\""}
{"ts": "2026-08-17T04:50:37.767118676Z", "container": "prefect-worker", "msg": "2026-08-17 04:50:37 | INFO  | _client.py:_send_single_request:1740 | HTTP Request: POST http://prefect-server:4200/api/work_pools/smarthub-pool/get_scheduled_flow_runs \"HTTP/1.1 200 OK\""}
{"ts": "2026-08-17T04:50:48.869815425Z", "container": "prefect-worker", "msg": "2026-08-17 04:50:48 | INFO  | _client.py:_send_single_request:1740 | HTTP Request: POST http://prefect-server:4200/api/work_pools/smarthub-pool/get_scheduled_flow_runs \"HTTP/1.1 200 OK\""}
{"ts": "2026-08-17T04:50:56.920714466Z", "container": "prefect-worker", "msg": "2026-08-17 04:50:56 | INFO  | _client.py:_send_single_request:1740 | HTTP Request: POST http://prefect-server:4200/api/work_pools/smarthub-pool/get_scheduled_flow_runs \"HTTP/1.1 200 OK\""}
{"ts": "2026-08-17T04:51:09.122150797Z", "container": "prefect-worker", "msg": "2026-08-17 04:51:09 | INFO  | _client.py:_send_single_request:1740 | HTTP Request: POST http://prefect-server:4200/api/work_pools/smarthub-pool/get_scheduled_flow_runs \"HTTP/1.1 200 OK\""}
{"ts": "2026-08-17T04:51:20.994018608Z", "container": "prefect-worker", "msg": "2026-08-17 04:51:20 | INFO  | _client.py:_send_single_request:1740 | HTTP Request: POST http://prefect-server:4200/api/work_pools/smarthub-pool/get_scheduled_flow_runs \"HTTP/1.1 200 OK\""}
{"ts": "2026-08-17T04:51:30.862038619Z", "container": "prefect-worker", "msg": "2026-08-17 04:51:30 | INFO  | _client.py:_send_single_request:1740 | HTTP Request: POST http://prefect-server:4200/api/work_pools/smarthub-pool/get_scheduled_flow_runs \"HTTP/1.1 200 OK\""}
{"ts": "2026-08-17T04:51:43.747998079Z", "container": "prefect-worker", "msg": "2026-08-17 04:51:43 | INFO  | _client.py:_send_single_request:1740 | HTTP Request: POST http://prefect-server:4200/api/work_pools/smarthub-pool/get_scheduled_flow_runs \"HTTP/1.1 200 OK\""}
{"ts": "2026-08-17T04:51:51.333899839Z", "container": "prefect-worker", "msg": "2026-08-17 04:51:51 | INFO  | _client.py:_send_single_request:1740 | HTTP Request: POST http://prefect-server:4200/api/work_pools/smarthub-pool/get_scheduled_flow_runs \"HTTP/1.1 200 OK\""}
{"ts": "2026-08-17T04:52:00.761406332Z", "container": "prefect-worker", "msg": "2026-08-17 04:52:00 | INFO  | _client.py:_send_single_request:1740 | HTTP Request: POST http://prefect-server:4200/api/work_pools/smarthub-pool/get_scheduled_flow_runs \"HTTP/1.1 200 OK\""}
{"ts": "2026-08-17T04:52:09.261620642Z", "container": "prefect-worker", "msg": "2026-08-17 04:52:09 | INFO  | _client.py:_send_single_request:1740 | HTTP Request: POST http://prefect-server:4200/api/work_pools/smarthub-pool/get_scheduled_flow_runs \"HTTP/1.1 200 OK\""}
{"ts": "2026-08-17T04:52:17.236838999Z", "container": "prefect-worker", "msg": "2026-08-17 04:52:17 | INFO  | _client.py:_send_single_request:1740 | HTTP Request: POST http://prefect-server:4200/api/work_pools/smarthub-pool/get_scheduled_flow_runs \"HTTP/1.1 200 OK\""}
{"ts": "2026-08-17T04:52:25.380053211Z", "container": "prefect-worker", "msg": "2026-08-17 04:52:25 | INFO  | _client.py:_send_single_request:1740 | HTTP Request: POST http://prefect-server:4200/api/work_pools/smarthub-pool/get_scheduled_flow_runs \"HTTP/1.1 200 OK\""}
{"ts": "2026-08-17T04:52:37.024535918Z", "container": "prefect-worker", "msg": "2026-08-17 04:52:37 | INFO  | _client.py:_send_single_request:1740 | HTTP Request: POST http://prefect-server:4200/api/work_pools/smarthub-pool/get_scheduled_flow_runs \"HTTP/1.1 200 OK\""}
{"ts": "2026-08-17T04:52:45.971068787Z", "container": "prefect-worker", "msg": "2026-08-17 04:52:45 | INFO  | _client.py:_send_single_request:1740 | HTTP Request: POST http://prefect-server:4200/api/work_pools/smarthub-pool/get_scheduled_flow_runs \"HTTP/1.1 200 OK\""}
{"ts": "2026-08-17T04:52:55.140516768Z", "container": "prefect-worker", "msg": "2026-08-17 04:52:55 | INFO  | _client.py:_send_single_request:1740 | HTTP Request: POST http://prefect-server:4200/api/work_pools/smarthub-pool/get_scheduled_flow_runs \"HTTP/1.1 200 OK\""}
{"ts": "2026-08-17T04:53:04.476875375Z", "container": "prefect-worker", "msg": "2026-08-17 04:53:04 | INFO  | _client.py:_send_single_request:1740 | HTTP Request: POST http://prefect-server:4200/api/work_pools/smarthub-pool/get_scheduled_flow_runs \"HTTP/1.1 200 OK\""}
{"ts": "2026-08-17T04:53:13.709943643Z", "container": "prefect-worker", "msg": "2026-08-17 04:53:13 | INFO  | _client.py:_send_single_request:1740 | HTTP Request: POST http://prefect-server:4200/api/work_pools/smarthub-pool/get_scheduled_flow_runs \"HTTP/1.1 200 OK\""}
{"ts": "2026-08-17T04:53:21.362181282Z", "container": "prefect-worker", "msg": "2026-08-17 04:53:21 | INFO  | _client.py:_send_single_request:1740 | HTTP Request: POST http://prefect-server:4200/api/work_pools/smarthub-pool/get_scheduled_flow_runs \"HTTP/1.1 200 OK\""}
{"ts": "2026-08-17T04:53:32.501938704Z", "container": "prefect-worker", "msg": "2026-08-17 04:53:32 | INFO  | _client.py:_send_single_request:1740 | HTTP Request: POST http://prefect-server:4200/api/work_pools/smarthub-pool/get_scheduled_flow_runs \"HTTP/1.1 200 OK\""}
{"ts": "2026-08-17T04:53:40.918048887Z", "container": "prefect-worker", "msg": "2026-08-17 04:53:40 | INFO  | _client.py:_send_single_request:1740 | HTTP Request: POST http://prefect-server:4200/api/work_pools/smarthub-pool/get_scheduled_flow_runs \"HTTP/1.1 200 OK\""}
{"ts": "2026-08-17T04:53:49.993259058Z", "container": "prefect-worker", "msg": "2026-08-17 04:53:49 | INFO  | _client.py:_send_single_request:1740 | HTTP Request: POST http://prefect-server:4200/api/work_pools/smarthub-pool/get_scheduled_flow_runs \"HTTP/1.1 200 OK\""}
{"ts": "2026-08-17T04:53:58.310872861Z", "container": "prefect-worker", "msg": "2026-08-17 04:53:58 | INFO  | _client.py:_send_single_request:1740 | HTTP Request: POST http://prefect-server:4200/api/work_pools/smarthub-pool/get_scheduled_flow_runs \"HTTP/1.1 200 OK\""}
{"ts": "2026-08-17T04:54:10.129475689Z", "container": "prefect-worker", "msg": "2026-08-17 04:54:10 | INFO  | _client.py:_send_single_request:1740 | HTTP Request: POST http://prefect-server:4200/api/work_pools/smarthub-pool/get_scheduled_flow_runs \"HTTP/1.1 200 OK\""}
{"ts": "2026-08-17T04:54:19.650403525Z", "container": "prefect-worker", "msg": "2026-08-17 04:54:19 | INFO  | _client.py:_send_single_request:1740 | HTTP Request: POST http://prefect-server:4200/api/work_pools/smarthub-pool/get_scheduled_flow_runs \"HTTP/1.1 200 OK\""}
{"ts": "2026-08-17T04:54:32.582095801Z", "container": "prefect-worker", "msg": "2026-08-17 04:54:32 | INFO  | _client.py:_send_single_request:1740 | HTTP Request: POST http://prefect-server:4200/api/work_pools/smarthub-pool/get_scheduled_flow_runs \"HTTP/1.1 200 OK\""}
{"ts": "2026-08-17T04:54:40.561179932Z", "container": "prefect-worker", "msg": "2026-08-17 04:54:40 | INFO  | _client.py:_send_single_request:1740 | HTTP Request: POST http://prefect-server:4200/api/work_pools/smarthub-pool/get_scheduled_flow_runs \"HTTP/1.1 200 OK\""}
{"ts": "2026-08-17T04:54:51.865621531Z", "container": "prefect-worker", "msg": "2026-08-17 04:54:51 | INFO  | _client.py:_send_single_request:1740 | HTTP Request: POST http://prefect-server:4200/api/work_pools/smarthub-pool/get_scheduled_flow_runs \"HTTP/1.1 200 OK\""}
{"ts": "2026-08-17T04:55:04.175127401Z", "container": "prefect-worker", "msg": "2026-08-17 04:55:04 | INFO  | _client.py:_send_single_request:1740 | HTTP Request: POST http://prefect-server:4200/api/work_pools/smarthub-pool/get_scheduled_flow_runs \"HTTP/1.1 200 OK\""}
{"ts": "2026-08-17T04:55:14.541697327Z", "container": "prefect-worker", "msg": "2026-08-17 04:55:14 | INFO  | _client.py:_send_single_request:1740 | HTTP Request: POST http://prefect-server:4200/api/work_pools/smarthub-pool/get_scheduled_flow_runs \"HTTP/1.1 200 OK\""}
{"ts": "2026-08-17T04:55:23.770450493Z", "container": "prefect-worker", "msg": "2026-08-17 04:55:23 | INFO  | _client.py:_send_single_request:1740 | HTTP Request: POST http://prefect-server:4200/api/work_pools/smarthub-pool/get_scheduled_flow_runs \"HTTP/1.1 200 OK\""}
{"ts": "2026-08-17T04:55:36.207116580Z", "container": "prefect-worker", "msg": "2026-08-17 04:55:36 | INFO  | _client.py:_send_single_request:1740 | HTTP Request: POST http://prefect-server:4200/api/work_pools/smarthub-pool/get_scheduled_flow_runs \"HTTP/1.1 200 OK\""}
{"ts": "2026-08-17T04:55:44.939656605Z", "container": "prefect-worker", "msg": "2026-08-17 04:55:44 | INFO  | _client.py:_send_single_request:1740 | HTTP Request: POST http://prefect-server:4200/api/work_pools/smarthub-pool/get_scheduled_flow_runs \"HTTP/1.1 200 OK\""}
{"ts": "2026-08-17T04:55:53.758372608Z", "container": "prefect-worker", "msg": "2026-08-17 04:55:53 | INFO  | _client.py:_send_single_request:1740 | HTTP Request: POST http://prefect-server:4200/api/work_pools/smarthub-pool/get_scheduled_flow_runs \"HTTP/1.1 200 OK\""}
{"ts": "2026-08-17T04:56:03.178826696Z", "container": "prefect-worker", "msg": "2026-08-17 04:56:03 | INFO  | _client.py:_send_single_request:1740 | HTTP Request: POST http://prefect-server:4200/api/work_pools/smarthub-pool/get_scheduled_flow_runs \"HTTP/1.1 200 OK\""}
{"ts": "2026-08-17T04:56:12.655886030Z", "container": "prefect-worker", "msg": "2026-08-17 04:56:12 | INFO  | _client.py:_send_single_request:1740 | HTTP Request: POST http://prefect-server:4200/api/work_pools/smarthub-pool/get_scheduled_flow_runs \"HTTP/1.1 200 OK\""}
{"ts": "2026-08-17T04:56:20.203621798Z", "container": "prefect-worker", "msg": "2026-08-17 04:56:20 | INFO  | _client.py:_send_single_request:1740 | HTTP Request: POST http://prefect-server:4200/api/work_pools/smarthub-pool/get_scheduled_flow_runs \"HTTP/1.1 200 OK\""}
{"ts": "2026-08-17T04:56:30.677869576Z", "container": "prefect-worker", "msg": "2026-08-17 04:56:30 | INFO  | _client.py:_send_single_request:1740 | HTTP Request: POST http://prefect-server:4200/api/work_pools/smarthub-pool/get_scheduled_flow_runs \"HTTP/1.1 200 OK\""}
{"ts": "2026-08-17T04:56:41.185488305Z", "container": "prefect-worker", "msg": "2026-08-17 04:56:41 | INFO  | _client.py:_send_single_request:1740 | HTTP Request: POST http://prefect-server:4200/api/work_pools/smarthub-pool/get_scheduled_flow_runs \"HTTP/1.1 200 OK\""}
{"ts": "2026-08-17T04:56:52.084793017Z", "container": "prefect-worker", "msg": "2026-08-17 04:56:52 | INFO  | _client.py:_send_single_request:1740 | HTTP Request: POST http://prefect-server:4200/api/work_pools/smarthub-pool/get_scheduled_flow_runs \"HTTP/1.1 200 OK\""}
{"ts": "2026-08-17T04:57:02.036706623Z", "container": "prefect-worker", "msg": "2026-08-17 04:57:02 | INFO  | _client.py:_send_single_request:1740 | HTTP Request: POST http://prefect-server:4200/api/work_pools/smarthub-pool/get_scheduled_flow_runs \"HTTP/1.1 200 OK\""}
{"ts": "2026-08-17T04:57:13.204834218Z", "container": "prefect-worker", "msg": "2026-08-17 04:57:13 | INFO  | _client.py:_send_single_request:1740 | HTTP Request: POST http://prefect-server:4200/api/work_pools/smarthub-pool/get_scheduled_flow_runs \"HTTP/1.1 200 OK\""}
{"ts": "2026-08-17T04:57:23.685291142Z", "container": "prefect-worker", "msg": "2026-08-17 04:57:23 | INFO  | _client.py:_send_single_request:1740 | HTTP Request: POST http://prefect-server:4200/api/work_pools/smarthub-pool/get_scheduled_flow_runs \"HTTP/1.1 200 OK\""}
{"ts": "2026-08-17T04:57:36.109977121Z", "container": "prefect-worker", "msg": "2026-08-17 04:57:36 | INFO  | _client.py:_send_single_request:1740 | HTTP Request: POST http://prefect-server:4200/api/work_pools/smarthub-pool/get_scheduled_flow_runs \"HTTP/1.1 200 OK\""}
{"ts": "2026-08-17T04:57:44.480254949Z", "container": "prefect-worker", "msg": "2026-08-17 04:57:44 | INFO  | _client.py:_send_single_request:1740 | HTTP Request: POST http://prefect-server:4200/api/work_pools/smarthub-pool/get_scheduled_flow_runs \"HTTP/1.1 200 OK\""}
{"ts": "2026-08-17T04:57:52.445993599Z", "container": "prefect-worker", "msg": "2026-08-17 04:57:52 | INFO  | _client.py:_send_single_request:1740 | HTTP Request: POST http://prefect-server:4200/api/work_pools/smarthub-pool/get_scheduled_flow_runs \"HTTP/1.1 200 OK\""}
{"ts": "2026-08-17T04:58:00.130230406Z", "container": "prefect-worker", "msg": "2026-08-17 04:58:00 | INFO  | _client.py:_send_single_request:1740 | HTTP Request: POST http://prefect-server:4200/api/work_pools/smarthub-pool/get_scheduled_flow_runs \"HTTP/1.1 200 OK\""}
{"ts": "2026-08-17T04:58:10.202644395Z", "container": "prefect-worker", "msg": "2026-08-17 04:58:10 | INFO  | _client.py:_send_single_request:1740 | HTTP Request: POST http://prefect-server:4200/api/work_pools/smarthub-pool/get_scheduled_flow_runs \"HTTP/1.1 200 OK\""}
{"ts": "2026-08-17T04:58:19.090619164Z", "container": "prefect-worker", "msg": "2026-08-17 04:58:19 | INFO  | _client.py:_send_single_request:1740 | HTTP Request: POST http://prefect-server:4200/api/work_pools/smarthub-pool/get_scheduled_flow_runs \"HTTP/1.1 200 OK\""}
{"ts": "2026-08-17T04:58:29.971002301Z", "container": "prefect-worker", "msg": "2026-08-17 04:58:29 | INFO  | _client.py:_send_single_request:1740 | HTTP Request: POST http://prefect-server:4200/api/work_pools/smarthub-pool/get_scheduled_flow_runs \"HTTP/1.1 200 OK\""}
{"ts": "2026-08-17T04:58:42.254027511Z", "container": "prefect-worker", "msg": "2026-08-17 04:58:42 | INFO  | _client.py:_send_single_request:1740 | HTTP Request: POST http://prefect-server:4200/api/work_pools/smarthub-pool/get_scheduled_flow_runs \"HTTP/1.1 200 OK\""}
{"ts": "2026-08-17T04:58:54.113860740Z", "container": "prefect-worker", "msg": "2026-08-17 04:58:54 | INFO  | _client.py:_send_single_request:1740 | HTTP Request: POST http://prefect-server:4200/api/work_pools/smarthub-pool/get_scheduled_flow_runs \"HTTP/1.1 200 OK\""}
{"ts": "2026-08-17T04:59:03.974998917Z", "container": "prefect-worker", "msg": "2026-08-17 04:59:03 | INFO  | _client.py:_send_single_request:1740 | HTTP Request: POST http://prefect-server:4200/api/work_pools/smarthub-pool/get_scheduled_flow_runs \"HTTP/1.1 200 OK\""}
{"ts": "2026-08-17T04:59:12.554217042Z", "container": "prefect-worker", "msg": "2026-08-17 04:59:12 | INFO  | _client.py:_send_single_request:1740 | HTTP Request: POST http://prefect-server:4200/api/work_pools/smarthub-pool/get_scheduled_flow_runs \"HTTP/1.1 200 OK\""}
{"ts": "2026-08-17T04:59:24.168139905Z", "container": "prefect-worker", "msg": "2026-08-17 04:59:24 | INFO  | _client.py:_send_single_request:1740 | HTTP Request: POST http://prefect-server:4200/api/work_pools/smarthub-pool/get_scheduled_flow_runs \"HTTP/1.1 200 OK\""}
{"ts": "2026-08-17T04:59:32.853688131Z", "container": "prefect-worker", "msg": "2026-08-17 04:59:32 | INFO  | _client.py:_send_single_request:1740 | HTTP Request: POST http://prefect-server:4200/api/work_pools/smarthub-pool/get_scheduled_flow_runs \"HTTP/1.1 200 OK\""}
{"ts": "2026-08-17T04:59:41.842534813Z", "container": "prefect-worker", "msg": "2026-08-17 04:59:41 | INFO  | _client.py:_send_single_request:1740 | HTTP Request: POST http://prefect-server:4200/api/work_pools/smarthub-pool/get_scheduled_flow_runs \"HTTP/1.1 200 OK\""}
{"ts": "2026-08-17T04:59:50.032508703Z", "container": "prefect-worker", "msg": "2026-08-17 04:59:50 | INFO  | _client.py:_send_single_request:1740 | HTTP Request: POST http://prefect-server:4200/api/work_pools/smarthub-pool/get_scheduled_flow_runs \"HTTP/1.1 200 OK\""}
{"ts": "2026-08-17T04:59:50.033973397Z", "container": "prefect-worker", "msg": "2026-08-17 04:59:50 | INFO  | base.py:_submit_scheduled_flow_runs:1519 | Worker 'ProcessWorker c09911e3-8540-45ba-b9e5-a987ad0388ad' submitting flow run '019ffea4-b4b5-7eb6-8c8c-8df1144e46b7'"}
{"ts": "2026-08-17T04:59:50.056045336Z", "container": "prefect-worker", "msg": "2026-08-17 04:59:50 | INFO  | _client.py:_send_single_request:1740 | HTTP Request: GET http://prefect-server:4200/api/deployments/f2af7572-283e-43ab-bfa3-0ad7cee08503 \"HTTP/1.1 200 OK\""}
{"ts": "2026-08-17T04:59:50.097665901Z", "container": "prefect-worker", "msg": "2026-08-17 04:59:50 | INFO  | _client.py:_send_single_request:1740 | HTTP Request: POST http://prefect-server:4200/api/flow_runs/019ffea4-b4b5-7eb6-8c8c-8df1144e46b7/set_state \"HTTP/1.1 201 Created\""}
{"ts": "2026-08-17T04:59:50.116969035Z", "container": "prefect-worker", "msg": "2026-08-17 04:59:50 | INFO  | _client.py:_send_single_request:1740 | HTTP Request: GET http://prefect-server:4200/api/deployments/f2af7572-283e-43ab-bfa3-0ad7cee08503 \"HTTP/1.1 200 OK\""}
{"ts": "2026-08-17T04:59:50.127820862Z", "container": "prefect-worker", "msg": "2026-08-17 04:59:50 | INFO  | _client.py:_send_single_request:1740 | HTTP Request: GET http://prefect-server:4200/api/flows/b482d204-61dd-4cd6-bc87-1c0295ffdd50 \"HTTP/1.1 200 OK\""}
{"ts": "2026-08-17T04:59:50.157847123Z", "container": "prefect-worker", "msg": "2026-08-17 04:59:50 | INFO  | _client.py:_send_single_request:1740 | HTTP Request: PATCH http://prefect-server:4200/api/flow_runs/019ffea4-b4b5-7eb6-8c8c-8df1144e46b7/labels \"HTTP/1.1 204 No Content\""}
{"ts": "2026-08-17T04:59:50.170161014Z", "container": "prefect-worker", "msg": "2026-08-17 04:59:50 | INFO  | _client.py:_send_single_request:1740 | HTTP Request: POST http://prefect-server:4200/api/flow_runs/019ffea4-b4b5-7eb6-8c8c-8df1144e46b7/set_state \"HTTP/1.1 201 Created\""}
{"ts": "2026-08-17T04:59:50.179922622Z", "container": "prefect-worker", "msg": "2026-08-17 04:59:50 | INFO  | _client.py:_send_single_request:1740 | HTTP Request: GET http://prefect-server:4200/api/flow_runs/019ffea4-b4b5-7eb6-8c8c-8df1144e46b7 \"HTTP/1.1 200 OK\""}
{"ts": "2026-08-17T04:59:50.180943601Z", "container": "prefect-worker", "msg": "2026-08-17 04:59:50 | INFO  | runner.py:_run_process:994 | Starting flow run process..."}
{"ts": "2026-08-17T04:59:50.205362391Z", "container": "prefect-worker", "msg": "2026-08-17 04:59:50 | INFO  | _client.py:_send_single_request:1740 | HTTP Request: PATCH http://prefect-server:4200/api/flow_runs/019ffea4-b4b5-7eb6-8c8c-8df1144e46b7 \"HTTP/1.1 204 No Content\""}
{"ts": "2026-08-17T04:59:50.205985517Z", "container": "prefect-worker", "msg": "2026-08-17 04:59:50 | INFO  | base.py:_submit_run:1601 | Flow run 'bright-chameleon' submitted to infrastructure"}
{"ts": "2026-08-17T04:59:51.043845427Z", "container": "prefect-worker", "msg": "2026-08-17 04:59:51 | INFO  | _client.py:_send_single_request:1740 | HTTP Request: POST http://prefect-server:4200/api/logs/ \"HTTP/1.1 201 Created\""}
{"ts": "2026-08-17T04:59:51.429253661Z", "container": "prefect-worker", "msg": "04:59:51.423 | INFO    | Flow run 'bright-chameleon' - Running 1 deployment pull step(s)"}
{"ts": "2026-08-17T04:59:51.450500402Z", "container": "prefect-worker", "msg": "04:59:51.449 | INFO    | Flow run 'bright-chameleon' - Executing deployment step: set_working_directory"}
{"ts": "2026-08-17T04:59:51.462058096Z", "container": "prefect-worker", "msg": "04:59:51.461 | INFO    | Flow run 'bright-chameleon' - Deployment step 'set_working_directory' completed successfully"}
{"ts": "2026-08-17T04:59:51.476288974Z", "container": "prefect-worker", "msg": "04:59:51.475 | INFO    | Flow run 'bright-chameleon' - All deployment steps completed successfully"}
{"ts": "2026-08-17T04:59:52.631226722Z", "container": "prefect-worker", "msg": "2026-08-17 04:59:52 | ERROR | flow_engine.py:run_flow:2192 | Engine execution exited with unexpected exception"}
{"ts": "2026-08-17T04:59:52.631250652Z", "container": "prefect-worker", "msg": "Traceback (most recent call last):"}
{"ts": "2026-08-17T04:59:52.631254582Z", "container": "prefect-worker", "msg": "  File \"/usr/local/lib/python3.12/site-packages/prefect/flow_engine.py\", line 2172, in run_flow"}
{"ts": "2026-08-17T04:59:52.631258212Z", "container": "prefect-worker", "msg": "    parameters=_flow_parameters("}
{"ts": "2026-08-17T04:59:52.631261122Z", "container": "prefect-worker", "msg": "               ^^^^^^^^^^^^^^^^^"}
{"ts": "2026-08-17T04:59:52.631264082Z", "container": "prefect-worker", "msg": "  File \"/usr/local/lib/python3.12/site-packages/prefect/flow_engine.py\", line 2228, in _flow_parameters"}
{"ts": "2026-08-17T04:59:52.631267412Z", "container": "prefect-worker", "msg": "    call_args, call_kwargs = parameters_to_args_kwargs(flow.fn, parameters)"}
{"ts": "2026-08-17T04:59:52.631270572Z", "container": "prefect-worker", "msg": "                             ^^^^^^^^^^^^^^^^^^^^^^^^^^^^^^^^^^^^^^^^^^^^^^"}
{"ts": "2026-08-17T04:59:52.631273502Z", "container": "prefect-worker", "msg": "  File \"/usr/local/lib/python3.12/site-packages/prefect/utilities/callables/__init__.py\", line 273, in parameters_to_args_kwargs"}
{"ts": "2026-08-17T04:59:52.631277343Z", "container": "prefect-worker", "msg": "    raise SignatureMismatchError.from_bad_params("}
{"ts": "2026-08-17T04:59:52.631280963Z", "container": "prefect-worker", "msg": "prefect.exceptions.SignatureMismatchError: Function expects parameters ['lead_type_id', 'version', 'register_mlflow'] but was provided with parameters ['lead_type_id', 'lead_type_name', 'register_mlflow']"}
{"ts": "2026-08-17T04:59:52.632042559Z", "container": "prefect-worker", "msg": "2026-08-17 04:59:52 | ERROR | engine.py:handle_engine_signals:120 | Execution of flow run '019ffea4-b4b5-7eb6-8c8c-8df1144e46b7' exited with unexpected exception"}
{"ts": "2026-08-17T04:59:52.632049430Z", "container": "prefect-worker", "msg": "Traceback (most recent call last):"}
{"ts": "2026-08-17T04:59:52.632052630Z", "container": "prefect-worker", "msg": "  File \"/usr/local/lib/python3.12/site-packages/prefect/engine.py\", line 87, in handle_engine_signals"}
{"ts": "2026-08-17T04:59:52.632055820Z", "container": "prefect-worker", "msg": "    yield"}
{"ts": "2026-08-17T04:59:52.632058790Z", "container": "prefect-worker", "msg": "  File \"/usr/local/lib/python3.12/site-packages/prefect/engine.py\", line 176, in <module>"}
{"ts": "2026-08-17T04:59:52.632062250Z", "container": "prefect-worker", "msg": "    _run_result: object = run_flow("}
{"ts": "2026-08-17T04:59:52.632065170Z", "container": "prefect-worker", "msg": "                          ^^^^^^^^^"}
{"ts": "2026-08-17T04:59:52.632068190Z", "container": "prefect-worker", "msg": "  File \"/usr/local/lib/python3.12/site-packages/prefect/flow_engine.py\", line 2172, in run_flow"}
{"ts": "2026-08-17T04:59:52.632071220Z", "container": "prefect-worker", "msg": "    parameters=_flow_parameters("}
{"ts": "2026-08-17T04:59:52.632074110Z", "container": "prefect-worker", "msg": "               ^^^^^^^^^^^^^^^^^"}
{"ts": "2026-08-17T04:59:52.632077010Z", "container": "prefect-worker", "msg": "  File \"/usr/local/lib/python3.12/site-packages/prefect/flow_engine.py\", line 2228, in _flow_parameters"}
{"ts": "2026-08-17T04:59:52.632080040Z", "container": "prefect-worker", "msg": "    call_args, call_kwargs = parameters_to_args_kwargs(flow.fn, parameters)"}
{"ts": "2026-08-17T04:59:52.632082980Z", "container": "prefect-worker", "msg": "                             ^^^^^^^^^^^^^^^^^^^^^^^^^^^^^^^^^^^^^^^^^^^^^^"}
{"ts": "2026-08-17T04:59:52.632085900Z", "container": "prefect-worker", "msg": "  File \"/usr/local/lib/python3.12/site-packages/prefect/utilities/callables/__init__.py\", line 273, in parameters_to_args_kwargs"}
{"ts": "2026-08-17T04:59:52.632088980Z", "container": "prefect-worker", "msg": "    raise SignatureMismatchError.from_bad_params("}
{"ts": "2026-08-17T04:59:52.632092060Z", "container": "prefect-worker", "msg": "prefect.exceptions.SignatureMismatchError: Function expects parameters ['lead_type_id', 'version', 'register_mlflow'] but was provided with parameters ['lead_type_id', 'lead_type_name', 'register_mlflow']"}
{"ts": "2026-08-17T04:59:52.637064775Z", "container": "prefect-worker", "msg": "2026-08-17 04:59:52 | INFO  | _client.py:_send_single_request:1740 | HTTP Request: GET http://prefect-server:4200/api/csrf-token?client=d7191e11-8548-4c00-8d35-b6aa14148d4c \"HTTP/1.1 422 Unprocessable Entity\""}
{"ts": "2026-08-17T04:59:52.645654832Z", "container": "prefect-worker", "msg": "2026-08-17 04:59:52 | INFO  | _client.py:_send_single_request:1740 | HTTP Request: POST http://prefect-server:4200/api/logs/ \"HTTP/1.1 201 Created\""}
{"ts": "2026-08-17T04:59:53.181699333Z", "container": "prefect-worker", "msg": "2026-08-17 04:59:53 | ERROR | runner.py:_submit_run_and_capture_errors:1439 | Process for flow run 'bright-chameleon' exited with status code: 1; Process exited with a general error."}
{"ts": "2026-08-17T04:59:53.182297478Z", "container": "prefect-worker", "msg": "2026-08-17 04:59:53 | INFO  | runner.py:_submit_run_and_capture_errors:1445 | Check the flow run logs for an unhandled exception or assertion error."}
{"ts": "2026-08-17T04:59:53.206875100Z", "container": "prefect-worker", "msg": "2026-08-17 04:59:53 | INFO  | _client.py:_send_single_request:1740 | HTTP Request: POST http://prefect-server:4200/api/flow_runs/019ffea4-b4b5-7eb6-8c8c-8df1144e46b7/set_state \"HTTP/1.1 201 Created\""}
{"ts": "2026-08-17T04:59:53.207575276Z", "container": "prefect-worker", "msg": "2026-08-17 04:59:53 | INFO  | _state_proposer.py:propose_crashed:132 | Reported flow run '019ffea4-b4b5-7eb6-8c8c-8df1144e46b7' as crashed: Flow run process exited with non-zero status code 1."}
{"ts": "2026-08-17T04:59:53.216347855Z", "container": "prefect-worker", "msg": "2026-08-17 04:59:53 | INFO  | _client.py:_send_single_request:1740 | HTTP Request: GET http://prefect-server:4200/api/flow_runs/019ffea4-b4b5-7eb6-8c8c-8df1144e46b7 \"HTTP/1.1 200 OK\""}
{"ts": "2026-08-17T04:59:53.217106842Z", "container": "prefect-worker", "msg": "2026-08-17 04:59:53 | INFO  | runner.py:_run_on_crashed_hooks:1614 | Loading flow to check for on_crashed hooks"}
{"ts": "2026-08-17T04:59:53.222817923Z", "container": "prefect-worker", "msg": "2026-08-17 04:59:53 | INFO  | _client.py:_send_single_request:1740 | HTTP Request: POST http://prefect-server:4200/api/flow_runs/019ffea4-b4b5-7eb6-8c8c-8df1144e46b7/set_state \"HTTP/1.1 200 OK\""}
{"ts": "2026-08-17T04:59:53.223729791Z", "container": "prefect-worker", "msg": "2026-08-17 04:59:53 | INFO  | base.py:_submit_run_and_capture_errors:1686 | Check the flow run logs for an unhandled exception or assertion error."}
{"ts": "2026-08-17T04:59:53.243791902Z", "container": "prefect-worker", "msg": "2026-08-17 04:59:53 | INFO  | _client.py:_send_single_request:1740 | HTTP Request: GET http://prefect-server:4200/api/deployments/f2af7572-283e-43ab-bfa3-0ad7cee08503 \"HTTP/1.1 200 OK\""}
{"ts": "2026-08-17T04:59:53.250921087Z", "container": "prefect-worker", "msg": "2026-08-17 04:59:53 | INFO  | flows.py:load_flow_from_flow_run:3246 | Running 1 deployment pull step(s)"}
{"ts": "2026-08-17T04:59:53.251437991Z", "container": "prefect-worker", "msg": "2026-08-17 04:59:53 | INFO  | core.py:run_steps:196 | Executing deployment step: set_working_directory"}
{"ts": "2026-08-17T04:59:53.261090218Z", "container": "prefect-worker", "msg": "2026-08-17 04:59:53 | INFO  | core.py:run_steps:266 | Deployment step 'set_working_directory' completed successfully"}
{"ts": "2026-08-17T04:59:53.265719590Z", "container": "prefect-worker", "msg": "2026-08-17 04:59:53 | INFO  | core.py:run_steps:288 | All deployment steps completed successfully"}
{"ts": "2026-08-17T04:59:55.054548430Z", "container": "prefect-worker", "msg": "2026-08-17 04:59:55 | INFO  | _client.py:_send_single_request:1740 | HTTP Request: POST http://prefect-server:4200/api/logs/ \"HTTP/1.1 201 Created\""}
{"ts": "2026-08-17T05:00:00.308683208Z", "container": "prefect-worker", "msg": "2026-08-17 05:00:00 | INFO  | _client.py:_send_single_request:1740 | HTTP Request: POST http://prefect-server:4200/api/work_pools/smarthub-pool/get_scheduled_flow_runs \"HTTP/1.1 200 OK\""}
{"ts": "2026-08-17T05:00:09.786213044Z", "container": "prefect-worker", "msg": "2026-08-17 05:00:09 | INFO  | _client.py:_send_single_request:1740 | HTTP Request: POST http://prefect-server:4200/api/work_pools/smarthub-pool/get_scheduled_flow_runs \"HTTP/1.1 200 OK\""}
{"ts": "2026-08-17T05:00:18.428340287Z", "container": "prefect-worker", "msg": "2026-08-17 05:00:18 | INFO  | _client.py:_send_single_request:1740 | HTTP Request: POST http://prefect-server:4200/api/work_pools/smarthub-pool/get_scheduled_flow_runs \"HTTP/1.1 200 OK\""}
{"ts": "2026-08-17T05:00:28.665331367Z", "container": "prefect-worker", "msg": "2026-08-17 05:00:28 | INFO  | _client.py:_send_single_request:1740 | HTTP Request: POST http://prefect-server:4200/api/work_pools/smarthub-pool/get_scheduled_flow_runs \"HTTP/1.1 200 OK\""}
{"ts": "2026-08-17T05:00:38.167681606Z", "container": "prefect-worker", "msg": "2026-08-17 05:00:38 | INFO  | _client.py:_send_single_request:1740 | HTTP Request: POST http://prefect-server:4200/api/work_pools/smarthub-pool/get_scheduled_flow_runs \"HTTP/1.1 200 OK\""}
{"ts": "2026-08-17T05:00:45.756857540Z", "container": "prefect-worker", "msg": "2026-08-17 05:00:45 | INFO  | _client.py:_send_single_request:1740 | HTTP Request: POST http://prefect-server:4200/api/work_pools/smarthub-pool/get_scheduled_flow_runs \"HTTP/1.1 200 OK\""}
{"ts": "2026-08-17T05:00:54.330365730Z", "container": "prefect-worker", "msg": "2026-08-17 05:00:54 | INFO  | _client.py:_send_single_request:1740 | HTTP Request: POST http://prefect-server:4200/api/work_pools/smarthub-pool/get_scheduled_flow_runs \"HTTP/1.1 200 OK\""}
{"ts": "2026-08-17T05:01:03.390721487Z", "container": "prefect-worker", "msg": "2026-08-17 05:01:03 | INFO  | _client.py:_send_single_request:1740 | HTTP Request: POST http://prefect-server:4200/api/work_pools/smarthub-pool/get_scheduled_flow_runs \"HTTP/1.1 200 OK\""}
{"ts": "2026-08-17T05:01:14.000582301Z", "container": "prefect-worker", "msg": "2026-08-17 05:01:14 | INFO  | _client.py:_send_single_request:1740 | HTTP Request: POST http://prefect-server:4200/api/work_pools/smarthub-pool/get_scheduled_flow_runs \"HTTP/1.1 200 OK\""}
{"ts": "2026-08-17T05:01:22.571171018Z", "container": "prefect-worker", "msg": "2026-08-17 05:01:22 | INFO  | _client.py:_send_single_request:1740 | HTTP Request: POST http://prefect-server:4200/api/work_pools/smarthub-pool/get_scheduled_flow_runs \"HTTP/1.1 200 OK\""}
{"ts": "2026-08-17T05:01:30.970935904Z", "container": "prefect-worker", "msg": "2026-08-17 05:01:30 | INFO  | _client.py:_send_single_request:1740 | HTTP Request: POST http://prefect-server:4200/api/work_pools/smarthub-pool/get_scheduled_flow_runs \"HTTP/1.1 200 OK\""}
{"ts": "2026-08-17T05:01:39.140279132Z", "container": "prefect-worker", "msg": "2026-08-17 05:01:39 | INFO  | _client.py:_send_single_request:1740 | HTTP Request: POST http://prefect-server:4200/api/work_pools/smarthub-pool/get_scheduled_flow_runs \"HTTP/1.1 200 OK\""}
{"ts": "2026-08-17T05:01:46.826376250Z", "container": "prefect-worker", "msg": "2026-08-17 05:01:46 | INFO  | _client.py:_send_single_request:1740 | HTTP Request: POST http://prefect-server:4200/api/work_pools/smarthub-pool/get_scheduled_flow_runs \"HTTP/1.1 200 OK\""}
{"ts": "2026-08-17T05:01:55.753895571Z", "container": "prefect-worker", "msg": "2026-08-17 05:01:55 | INFO  | _client.py:_send_single_request:1740 | HTTP Request: POST http://prefect-server:4200/api/work_pools/smarthub-pool/get_scheduled_flow_runs \"HTTP/1.1 200 OK\""}
{"ts": "2026-08-17T05:02:07.325278946Z", "container": "prefect-worker", "msg": "2026-08-17 05:02:07 | INFO  | _client.py:_send_single_request:1740 | HTTP Request: POST http://prefect-server:4200/api/work_pools/smarthub-pool/get_scheduled_flow_runs \"HTTP/1.1 200 OK\""}
{"ts": "2026-08-17T05:02:19.875060442Z", "container": "prefect-worker", "msg": "2026-08-17 05:02:19 | INFO  | _client.py:_send_single_request:1740 | HTTP Request: POST http://prefect-server:4200/api/work_pools/smarthub-pool/get_scheduled_flow_runs \"HTTP/1.1 200 OK\""}
{"ts": "2026-08-17T05:02:28.159559555Z", "container": "prefect-worker", "msg": "2026-08-17 05:02:28 | INFO  | _client.py:_send_single_request:1740 | HTTP Request: POST http://prefect-server:4200/api/work_pools/smarthub-pool/get_scheduled_flow_runs \"HTTP/1.1 200 OK\""}
{"ts": "2026-08-17T05:02:37.187550476Z", "container": "prefect-worker", "msg": "2026-08-17 05:02:37 | INFO  | _client.py:_send_single_request:1740 | HTTP Request: POST http://prefect-server:4200/api/work_pools/smarthub-pool/get_scheduled_flow_runs \"HTTP/1.1 200 OK\""}
{"ts": "2026-08-17T05:02:44.767031874Z", "container": "prefect-worker", "msg": "2026-08-17 05:02:44 | INFO  | _client.py:_send_single_request:1740 | HTTP Request: POST http://prefect-server:4200/api/work_pools/smarthub-pool/get_scheduled_flow_runs \"HTTP/1.1 200 OK\""}
{"ts": "2026-08-17T05:02:54.220770617Z", "container": "prefect-worker", "msg": "2026-08-17 05:02:54 | INFO  | _client.py:_send_single_request:1740 | HTTP Request: POST http://prefect-server:4200/api/work_pools/smarthub-pool/get_scheduled_flow_runs \"HTTP/1.1 200 OK\""}
{"ts": "2026-08-17T05:03:04.209084989Z", "container": "prefect-worker", "msg": "2026-08-17 05:03:04 | INFO  | _client.py:_send_single_request:1740 | HTTP Request: POST http://prefect-server:4200/api/work_pools/smarthub-pool/get_scheduled_flow_runs \"HTTP/1.1 200 OK\""}
{"ts": "2026-08-17T05:03:12.757827637Z", "container": "prefect-worker", "msg": "2026-08-17 05:03:12 | INFO  | _client.py:_send_single_request:1740 | HTTP Request: POST http://prefect-server:4200/api/work_pools/smarthub-pool/get_scheduled_flow_runs \"HTTP/1.1 200 OK\""}
{"ts": "2026-08-17T05:03:20.502566905Z", "container": "prefect-worker", "msg": "2026-08-17 05:03:20 | INFO  | _client.py:_send_single_request:1740 | HTTP Request: POST http://prefect-server:4200/api/work_pools/smarthub-pool/get_scheduled_flow_runs \"HTTP/1.1 200 OK\""}
{"ts": "2026-08-17T05:03:31.664316421Z", "container": "prefect-worker", "msg": "2026-08-17 05:03:31 | INFO  | _client.py:_send_single_request:1740 | HTTP Request: POST http://prefect-server:4200/api/work_pools/smarthub-pool/get_scheduled_flow_runs \"HTTP/1.1 200 OK\""}
{"ts": "2026-08-17T05:03:39.749818165Z", "container": "prefect-worker", "msg": "2026-08-17 05:03:39 | INFO  | _client.py:_send_single_request:1740 | HTTP Request: POST http://prefect-server:4200/api/work_pools/smarthub-pool/get_scheduled_flow_runs \"HTTP/1.1 200 OK\""}
{"ts": "2026-08-17T05:03:49.395085881Z", "container": "prefect-worker", "msg": "2026-08-17 05:03:49 | INFO  | _client.py:_send_single_request:1740 | HTTP Request: POST http://prefect-server:4200/api/work_pools/smarthub-pool/get_scheduled_flow_runs \"HTTP/1.1 200 OK\""}
{"ts": "2026-08-17T05:04:01.438262232Z", "container": "prefect-worker", "msg": "2026-08-17 05:04:01 | INFO  | _client.py:_send_single_request:1740 | HTTP Request: POST http://prefect-server:4200/api/work_pools/smarthub-pool/get_scheduled_flow_runs \"HTTP/1.1 200 OK\""}
{"ts": "2026-08-17T05:04:10.277553446Z", "container": "prefect-worker", "msg": "2026-08-17 05:04:10 | INFO  | _client.py:_send_single_request:1740 | HTTP Request: POST http://prefect-server:4200/api/work_pools/smarthub-pool/get_scheduled_flow_runs \"HTTP/1.1 200 OK\""}
{"ts": "2026-08-17T05:04:19.039241518Z", "container": "prefect-worker", "msg": "2026-08-17 05:04:19 | INFO  | _client.py:_send_single_request:1740 | HTTP Request: POST http://prefect-server:4200/api/work_pools/smarthub-pool/get_scheduled_flow_runs \"HTTP/1.1 200 OK\""}
{"ts": "2026-08-17T05:04:29.447946304Z", "container": "prefect-worker", "msg": "2026-08-17 05:04:29 | INFO  | _client.py:_send_single_request:1740 | HTTP Request: POST http://prefect-server:4200/api/work_pools/smarthub-pool/get_scheduled_flow_runs \"HTTP/1.1 200 OK\""}
{"ts": "2026-08-17T05:04:38.770088291Z", "container": "prefect-worker", "msg": "2026-08-17 05:04:38 | INFO  | _client.py:_send_single_request:1740 | HTTP Request: POST http://prefect-server:4200/api/work_pools/smarthub-pool/get_scheduled_flow_runs \"HTTP/1.1 200 OK\""}
{"ts": "2026-08-17T05:04:48.450620406Z", "container": "prefect-worker", "msg": "2026-08-17 05:04:48 | INFO  | _client.py:_send_single_request:1740 | HTTP Request: POST http://prefect-server:4200/api/work_pools/smarthub-pool/get_scheduled_flow_runs \"HTTP/1.1 200 OK\""}
{"ts": "2026-08-17T05:04:58.235176728Z", "container": "prefect-worker", "msg": "2026-08-17 05:04:58 | INFO  | _client.py:_send_single_request:1740 | HTTP Request: POST http://prefect-server:4200/api/work_pools/smarthub-pool/get_scheduled_flow_runs \"HTTP/1.1 200 OK\""}
{"ts": "2026-08-17T05:05:08.400834715Z", "container": "prefect-worker", "msg": "2026-08-17 05:05:08 | INFO  | _client.py:_send_single_request:1740 | HTTP Request: POST http://prefect-server:4200/api/work_pools/smarthub-pool/get_scheduled_flow_runs \"HTTP/1.1 200 OK\""}
{"ts": "2026-08-17T05:05:20.442219855Z", "container": "prefect-worker", "msg": "2026-08-17 05:05:20 | INFO  | _client.py:_send_single_request:1740 | HTTP Request: POST http://prefect-server:4200/api/work_pools/smarthub-pool/get_scheduled_flow_runs \"HTTP/1.1 200 OK\""}
{"ts": "2026-08-17T05:05:33.337675104Z", "container": "prefect-worker", "msg": "2026-08-17 05:05:33 | INFO  | _client.py:_send_single_request:1740 | HTTP Request: POST http://prefect-server:4200/api/work_pools/smarthub-pool/get_scheduled_flow_runs \"HTTP/1.1 200 OK\""}
{"ts": "2026-08-17T05:05:40.919680694Z", "container": "prefect-worker", "msg": "2026-08-17 05:05:40 | INFO  | _client.py:_send_single_request:1740 | HTTP Request: POST http://prefect-server:4200/api/work_pools/smarthub-pool/get_scheduled_flow_runs \"HTTP/1.1 200 OK\""}
{"ts": "2026-08-17T05:05:50.516291099Z", "container": "prefect-worker", "msg": "2026-08-17 05:05:50 | INFO  | _client.py:_send_single_request:1740 | HTTP Request: POST http://prefect-server:4200/api/work_pools/smarthub-pool/get_scheduled_flow_runs \"HTTP/1.1 200 OK\""}
{"ts": "2026-08-17T05:05:58.355961012Z", "container": "prefect-worker", "msg": "2026-08-17 05:05:58 | INFO  | _client.py:_send_single_request:1740 | HTTP Request: POST http://prefect-server:4200/api/work_pools/smarthub-pool/get_scheduled_flow_runs \"HTTP/1.1 200 OK\""}
{"ts": "2026-08-17T05:06:09.574738937Z", "container": "prefect-worker", "msg": "2026-08-17 05:06:09 | INFO  | _client.py:_send_single_request:1740 | HTTP Request: POST http://prefect-server:4200/api/work_pools/smarthub-pool/get_scheduled_flow_runs \"HTTP/1.1 200 OK\""}
{"ts": "2026-08-17T05:06:19.310040946Z", "container": "prefect-worker", "msg": "2026-08-17 05:06:19 | INFO  | _client.py:_send_single_request:1740 | HTTP Request: POST http://prefect-server:4200/api/work_pools/smarthub-pool/get_scheduled_flow_runs \"HTTP/1.1 200 OK\""}
{"ts": "2026-08-17T05:06:29.389479225Z", "container": "prefect-worker", "msg": "2026-08-17 05:06:29 | INFO  | _client.py:_send_single_request:1740 | HTTP Request: POST http://prefect-server:4200/api/work_pools/smarthub-pool/get_scheduled_flow_runs \"HTTP/1.1 200 OK\""}
{"ts": "2026-08-17T05:06:37.690256360Z", "container": "prefect-worker", "msg": "2026-08-17 05:06:37 | INFO  | _client.py:_send_single_request:1740 | HTTP Request: POST http://prefect-server:4200/api/work_pools/smarthub-pool/get_scheduled_flow_runs \"HTTP/1.1 200 OK\""}
{"ts": "2026-08-17T05:06:46.786300309Z", "container": "prefect-worker", "msg": "2026-08-17 05:06:46 | INFO  | _client.py:_send_single_request:1740 | HTTP Request: POST http://prefect-server:4200/api/work_pools/smarthub-pool/get_scheduled_flow_runs \"HTTP/1.1 200 OK\""}
{"ts": "2026-08-17T05:06:56.667453479Z", "container": "prefect-worker", "msg": "2026-08-17 05:06:56 | INFO  | _client.py:_send_single_request:1740 | HTTP Request: POST http://prefect-server:4200/api/work_pools/smarthub-pool/get_scheduled_flow_runs \"HTTP/1.1 200 OK\""}
{"ts": "2026-08-17T05:07:06.078167361Z", "container": "prefect-worker", "msg": "2026-08-17 05:07:06 | INFO  | _client.py:_send_single_request:1740 | HTTP Request: POST http://prefect-server:4200/api/work_pools/smarthub-pool/get_scheduled_flow_runs \"HTTP/1.1 200 OK\""}
{"ts": "2026-08-17T05:07:15.718246050Z", "container": "prefect-worker", "msg": "2026-08-17 05:07:15 | INFO  | _client.py:_send_single_request:1740 | HTTP Request: POST http://prefect-server:4200/api/work_pools/smarthub-pool/get_scheduled_flow_runs \"HTTP/1.1 200 OK\""}
{"ts": "2026-08-17T05:07:27.784580341Z", "container": "prefect-worker", "msg": "2026-08-17 05:07:27 | INFO  | _client.py:_send_single_request:1740 | HTTP Request: POST http://prefect-server:4200/api/work_pools/smarthub-pool/get_scheduled_flow_runs \"HTTP/1.1 200 OK\""}
{"ts": "2026-08-17T05:07:36.716404261Z", "container": "prefect-worker", "msg": "2026-08-17 05:07:36 | INFO  | _client.py:_send_single_request:1740 | HTTP Request: POST http://prefect-server:4200/api/work_pools/smarthub-pool/get_scheduled_flow_runs \"HTTP/1.1 200 OK\""}
{"ts": "2026-08-17T05:07:48.758360395Z", "container": "prefect-worker", "msg": "2026-08-17 05:07:48 | INFO  | _client.py:_send_single_request:1740 | HTTP Request: POST http://prefect-server:4200/api/work_pools/smarthub-pool/get_scheduled_flow_runs \"HTTP/1.1 200 OK\""}
{"ts": "2026-08-17T05:08:00.477603203Z", "container": "prefect-worker", "msg": "2026-08-17 05:08:00 | INFO  | _client.py:_send_single_request:1740 | HTTP Request: POST http://prefect-server:4200/api/work_pools/smarthub-pool/get_scheduled_flow_runs \"HTTP/1.1 200 OK\""}
{"ts": "2026-08-17T05:08:09.817546237Z", "container": "prefect-worker", "msg": "2026-08-17 05:08:09 | INFO  | _client.py:_send_single_request:1740 | HTTP Request: POST http://prefect-server:4200/api/work_pools/smarthub-pool/get_scheduled_flow_runs \"HTTP/1.1 200 OK\""}
{"ts": "2026-08-17T05:08:19.593824983Z", "container": "prefect-worker", "msg": "2026-08-17 05:08:19 | INFO  | _client.py:_send_single_request:1740 | HTTP Request: POST http://prefect-server:4200/api/work_pools/smarthub-pool/get_scheduled_flow_runs \"HTTP/1.1 200 OK\""}
{"ts": "2026-08-17T05:08:29.410488613Z", "container": "prefect-worker", "msg": "2026-08-17 05:08:29 | INFO  | _client.py:_send_single_request:1740 | HTTP Request: POST http://prefect-server:4200/api/work_pools/smarthub-pool/get_scheduled_flow_runs \"HTTP/1.1 200 OK\""}
{"ts": "2026-08-17T05:08:42.034229543Z", "container": "prefect-worker", "msg": "2026-08-17 05:08:42 | INFO  | _client.py:_send_single_request:1740 | HTTP Request: POST http://prefect-server:4200/api/work_pools/smarthub-pool/get_scheduled_flow_runs \"HTTP/1.1 200 OK\""}
{"ts": "2026-08-17T05:08:51.203530430Z", "container": "prefect-worker", "msg": "2026-08-17 05:08:51 | INFO  | _client.py:_send_single_request:1740 | HTTP Request: POST http://prefect-server:4200/api/work_pools/smarthub-pool/get_scheduled_flow_runs \"HTTP/1.1 200 OK\""}
{"ts": "2026-08-17T05:09:02.696233084Z", "container": "prefect-worker", "msg": "2026-08-17 05:09:02 | INFO  | _client.py:_send_single_request:1740 | HTTP Request: POST http://prefect-server:4200/api/work_pools/smarthub-pool/get_scheduled_flow_runs \"HTTP/1.1 200 OK\""}
{"ts": "2026-08-17T05:09:15.366724962Z", "container": "prefect-worker", "msg": "2026-08-17 05:09:15 | INFO  | _client.py:_send_single_request:1740 | HTTP Request: POST http://prefect-server:4200/api/work_pools/smarthub-pool/get_scheduled_flow_runs \"HTTP/1.1 200 OK\""}
{"ts": "2026-08-17T05:09:27.667167544Z", "container": "prefect-worker", "msg": "2026-08-17 05:09:27 | INFO  | _client.py:_send_single_request:1740 | HTTP Request: POST http://prefect-server:4200/api/work_pools/smarthub-pool/get_scheduled_flow_runs \"HTTP/1.1 200 OK\""}
{"ts": "2026-08-17T05:09:35.257073834Z", "container": "prefect-worker", "msg": "2026-08-17 05:09:35 | INFO  | _client.py:_send_single_request:1740 | HTTP Request: POST http://prefect-server:4200/api/work_pools/smarthub-pool/get_scheduled_flow_runs \"HTTP/1.1 200 OK\""}
{"ts": "2026-08-17T05:09:44.755920996Z", "container": "prefect-worker", "msg": "2026-08-17 05:09:44 | INFO  | _client.py:_send_single_request:1740 | HTTP Request: POST http://prefect-server:4200/api/work_pools/smarthub-pool/get_scheduled_flow_runs \"HTTP/1.1 200 OK\""}
{"ts": "2026-08-17T05:09:57.379790877Z", "container": "prefect-worker", "msg": "2026-08-17 05:09:57 | INFO  | _client.py:_send_single_request:1740 | HTTP Request: POST http://prefect-server:4200/api/work_pools/smarthub-pool/get_scheduled_flow_runs \"HTTP/1.1 200 OK\""}
{"ts": "2026-08-17T05:10:05.437907965Z", "container": "prefect-worker", "msg": "2026-08-17 05:10:05 | INFO  | _client.py:_send_single_request:1740 | HTTP Request: POST http://prefect-server:4200/api/work_pools/smarthub-pool/get_scheduled_flow_runs \"HTTP/1.1 200 OK\""}
{"ts": "2026-08-17T05:10:14.792845747Z", "container": "prefect-worker", "msg": "2026-08-17 05:10:14 | INFO  | _client.py:_send_single_request:1740 | HTTP Request: POST http://prefect-server:4200/api/work_pools/smarthub-pool/get_scheduled_flow_runs \"HTTP/1.1 200 OK\""}
{"ts": "2026-08-17T05:10:24.365375613Z", "container": "prefect-worker", "msg": "2026-08-17 05:10:24 | INFO  | _client.py:_send_single_request:1740 | HTTP Request: POST http://prefect-server:4200/api/work_pools/smarthub-pool/get_scheduled_flow_runs \"HTTP/1.1 200 OK\""}
{"ts": "2026-08-17T05:10:35.326091418Z", "container": "prefect-worker", "msg": "2026-08-17 05:10:35 | INFO  | _client.py:_send_single_request:1740 | HTTP Request: POST http://prefect-server:4200/api/work_pools/smarthub-pool/get_scheduled_flow_runs \"HTTP/1.1 200 OK\""}
{"ts": "2026-08-17T05:10:45.857051517Z", "container": "prefect-worker", "msg": "2026-08-17 05:10:45 | INFO  | _client.py:_send_single_request:1740 | HTTP Request: POST http://prefect-server:4200/api/work_pools/smarthub-pool/get_scheduled_flow_runs \"HTTP/1.1 200 OK\""}
{"ts": "2026-08-17T05:10:55.439114772Z", "container": "prefect-worker", "msg": "2026-08-17 05:10:55 | INFO  | _client.py:_send_single_request:1740 | HTTP Request: POST http://prefect-server:4200/api/work_pools/smarthub-pool/get_scheduled_flow_runs \"HTTP/1.1 200 OK\""}
{"ts": "2026-08-17T05:11:05.928945212Z", "container": "prefect-worker", "msg": "2026-08-17 05:11:05 | INFO  | _client.py:_send_single_request:1740 | HTTP Request: POST http://prefect-server:4200/api/work_pools/smarthub-pool/get_scheduled_flow_runs \"HTTP/1.1 200 OK\""}
{"ts": "2026-08-17T05:11:14.295570857Z", "container": "prefect-worker", "msg": "2026-08-17 05:11:14 | INFO  | _client.py:_send_single_request:1740 | HTTP Request: POST http://prefect-server:4200/api/work_pools/smarthub-pool/get_scheduled_flow_runs \"HTTP/1.1 200 OK\""}
{"ts": "2026-08-17T05:11:22.482528581Z", "container": "prefect-worker", "msg": "2026-08-17 05:11:22 | INFO  | _client.py:_send_single_request:1740 | HTTP Request: POST http://prefect-server:4200/api/work_pools/smarthub-pool/get_scheduled_flow_runs \"HTTP/1.1 200 OK\""}
{"ts": "2026-08-17T05:11:33.801586037Z", "container": "prefect-worker", "msg": "2026-08-17 05:11:33 | INFO  | _client.py:_send_single_request:1740 | HTTP Request: POST http://prefect-server:4200/api/work_pools/smarthub-pool/get_scheduled_flow_runs \"HTTP/1.1 200 OK\""}
{"ts": "2026-08-17T05:11:42.238367358Z", "container": "prefect-worker", "msg": "2026-08-17 05:11:42 | INFO  | _client.py:_send_single_request:1740 | HTTP Request: POST http://prefect-server:4200/api/work_pools/smarthub-pool/get_scheduled_flow_runs \"HTTP/1.1 200 OK\""}
{"ts": "2026-08-17T05:11:53.655687944Z", "container": "prefect-worker", "msg": "2026-08-17 05:11:53 | INFO  | _client.py:_send_single_request:1740 | HTTP Request: POST http://prefect-server:4200/api/work_pools/smarthub-pool/get_scheduled_flow_runs \"HTTP/1.1 200 OK\""}
{"ts": "2026-08-17T05:12:01.669419581Z", "container": "prefect-worker", "msg": "2026-08-17 05:12:01 | INFO  | _client.py:_send_single_request:1740 | HTTP Request: POST http://prefect-server:4200/api/work_pools/smarthub-pool/get_scheduled_flow_runs \"HTTP/1.1 200 OK\""}
{"ts": "2026-08-17T05:12:11.446467371Z", "container": "prefect-worker", "msg": "2026-08-17 05:12:11 | INFO  | _client.py:_send_single_request:1740 | HTTP Request: POST http://prefect-server:4200/api/work_pools/smarthub-pool/get_scheduled_flow_runs \"HTTP/1.1 200 OK\""}
{"ts": "2026-08-17T05:12:21.769814586Z", "container": "prefect-worker", "msg": "2026-08-17 05:12:21 | INFO  | _client.py:_send_single_request:1740 | HTTP Request: POST http://prefect-server:4200/api/work_pools/smarthub-pool/get_scheduled_flow_runs \"HTTP/1.1 200 OK\""}
{"ts": "2026-08-17T05:12:33.371840740Z", "container": "prefect-worker", "msg": "2026-08-17 05:12:33 | INFO  | _client.py:_send_single_request:1740 | HTTP Request: POST http://prefect-server:4200/api/work_pools/smarthub-pool/get_scheduled_flow_runs \"HTTP/1.1 200 OK\""}
{"ts": "2026-08-17T05:12:43.466320033Z", "container": "prefect-worker", "msg": "2026-08-17 05:12:43 | INFO  | _client.py:_send_single_request:1740 | HTTP Request: POST http://prefect-server:4200/api/work_pools/smarthub-pool/get_scheduled_flow_runs \"HTTP/1.1 200 OK\""}
{"ts": "2026-08-17T05:12:55.979627462Z", "container": "prefect-worker", "msg": "2026-08-17 05:12:55 | INFO  | _client.py:_send_single_request:1740 | HTTP Request: POST http://prefect-server:4200/api/work_pools/smarthub-pool/get_scheduled_flow_runs \"HTTP/1.1 200 OK\""}
{"ts": "2026-08-17T05:13:06.134277534Z", "container": "prefect-worker", "msg": "2026-08-17 05:13:06 | INFO  | _client.py:_send_single_request:1740 | HTTP Request: POST http://prefect-server:4200/api/work_pools/smarthub-pool/get_scheduled_flow_runs \"HTTP/1.1 200 OK\""}
{"ts": "2026-08-17T05:13:17.971817594Z", "container": "prefect-worker", "msg": "2026-08-17 05:13:17 | INFO  | _client.py:_send_single_request:1740 | HTTP Request: POST http://prefect-server:4200/api/work_pools/smarthub-pool/get_scheduled_flow_runs \"HTTP/1.1 200 OK\""}
{"ts": "2026-08-17T05:13:26.161549265Z", "container": "prefect-worker", "msg": "2026-08-17 05:13:26 | INFO  | _client.py:_send_single_request:1740 | HTTP Request: POST http://prefect-server:4200/api/work_pools/smarthub-pool/get_scheduled_flow_runs \"HTTP/1.1 200 OK\""}
{"ts": "2026-08-17T05:13:37.693707233Z", "container": "prefect-worker", "msg": "2026-08-17 05:13:37 | INFO  | _client.py:_send_single_request:1740 | HTTP Request: POST http://prefect-server:4200/api/work_pools/smarthub-pool/get_scheduled_flow_runs \"HTTP/1.1 200 OK\""}
{"ts": "2026-08-17T05:13:48.033675736Z", "container": "prefect-worker", "msg": "2026-08-17 05:13:48 | INFO  | _client.py:_send_single_request:1740 | HTTP Request: POST http://prefect-server:4200/api/work_pools/smarthub-pool/get_scheduled_flow_runs \"HTTP/1.1 200 OK\""}
{"ts": "2026-08-17T05:14:00.602055812Z", "container": "prefect-worker", "msg": "2026-08-17 05:14:00 | INFO  | _client.py:_send_single_request:1740 | HTTP Request: POST http://prefect-server:4200/api/work_pools/smarthub-pool/get_scheduled_flow_runs \"HTTP/1.1 200 OK\""}
{"ts": "2026-08-17T05:14:09.586926109Z", "container": "prefect-worker", "msg": "2026-08-17 05:14:09 | INFO  | _client.py:_send_single_request:1740 | HTTP Request: POST http://prefect-server:4200/api/work_pools/smarthub-pool/get_scheduled_flow_runs \"HTTP/1.1 200 OK\""}
{"ts": "2026-08-17T05:14:20.132397081Z", "container": "prefect-worker", "msg": "2026-08-17 05:14:20 | INFO  | _client.py:_send_single_request:1740 | HTTP Request: POST http://prefect-server:4200/api/work_pools/smarthub-pool/get_scheduled_flow_runs \"HTTP/1.1 200 OK\""}
{"ts": "2026-08-17T05:14:31.201649625Z", "container": "prefect-worker", "msg": "2026-08-17 05:14:31 | INFO  | _client.py:_send_single_request:1740 | HTTP Request: POST http://prefect-server:4200/api/work_pools/smarthub-pool/get_scheduled_flow_runs \"HTTP/1.1 200 OK\""}
{"ts": "2026-08-17T05:14:42.661760770Z", "container": "prefect-worker", "msg": "2026-08-17 05:14:42 | INFO  | _client.py:_send_single_request:1740 | HTTP Request: POST http://prefect-server:4200/api/work_pools/smarthub-pool/get_scheduled_flow_runs \"HTTP/1.1 200 OK\""}
{"ts": "2026-08-17T05:14:52.931785453Z", "container": "prefect-worker", "msg": "2026-08-17 05:14:52 | INFO  | _client.py:_send_single_request:1740 | HTTP Request: POST http://prefect-server:4200/api/work_pools/smarthub-pool/get_scheduled_flow_runs \"HTTP/1.1 200 OK\""}
{"ts": "2026-08-17T05:15:01.194891526Z", "container": "prefect-worker", "msg": "2026-08-17 05:15:01 | INFO  | _client.py:_send_single_request:1740 | HTTP Request: POST http://prefect-server:4200/api/work_pools/smarthub-pool/get_scheduled_flow_runs \"HTTP/1.1 200 OK\""}
{"ts": "2026-08-17T05:15:09.688352263Z", "container": "prefect-worker", "msg": "2026-08-17 05:15:09 | INFO  | _client.py:_send_single_request:1740 | HTTP Request: POST http://prefect-server:4200/api/work_pools/smarthub-pool/get_scheduled_flow_runs \"HTTP/1.1 200 OK\""}
{"ts": "2026-08-17T05:15:21.490546847Z", "container": "prefect-worker", "msg": "2026-08-17 05:15:21 | INFO  | _client.py:_send_single_request:1740 | HTTP Request: POST http://prefect-server:4200/api/work_pools/smarthub-pool/get_scheduled_flow_runs \"HTTP/1.1 200 OK\""}
{"ts": "2026-08-17T05:15:30.613968576Z", "container": "prefect-worker", "msg": "2026-08-17 05:15:30 | INFO  | _client.py:_send_single_request:1740 | HTTP Request: POST http://prefect-server:4200/api/work_pools/smarthub-pool/get_scheduled_flow_runs \"HTTP/1.1 200 OK\""}
{"ts": "2026-08-17T05:15:40.016003301Z", "container": "prefect-worker", "msg": "2026-08-17 05:15:40 | INFO  | _client.py:_send_single_request:1740 | HTTP Request: POST http://prefect-server:4200/api/work_pools/smarthub-pool/get_scheduled_flow_runs \"HTTP/1.1 200 OK\""}
{"ts": "2026-08-17T05:15:49.273785466Z", "container": "prefect-worker", "msg": "2026-08-17 05:15:49 | INFO  | _client.py:_send_single_request:1740 | HTTP Request: POST http://prefect-server:4200/api/work_pools/smarthub-pool/get_scheduled_flow_runs \"HTTP/1.1 200 OK\""}
{"ts": "2026-08-17T05:15:58.491235444Z", "container": "prefect-worker", "msg": "2026-08-17 05:15:58 | INFO  | _client.py:_send_single_request:1740 | HTTP Request: POST http://prefect-server:4200/api/work_pools/smarthub-pool/get_scheduled_flow_runs \"HTTP/1.1 200 OK\""}
{"ts": "2026-08-17T05:16:09.063123285Z", "container": "prefect-worker", "msg": "2026-08-17 05:16:09 | INFO  | _client.py:_send_single_request:1740 | HTTP Request: POST http://prefect-server:4200/api/work_pools/smarthub-pool/get_scheduled_flow_runs \"HTTP/1.1 200 OK\""}
{"ts": "2026-08-17T05:16:22.065225785Z", "container": "prefect-worker", "msg": "2026-08-17 05:16:22 | INFO  | _client.py:_send_single_request:1740 | HTTP Request: POST http://prefect-server:4200/api/work_pools/smarthub-pool/get_scheduled_flow_runs \"HTTP/1.1 200 OK\""}
{"ts": "2026-08-17T05:16:34.026335396Z", "container": "prefect-worker", "msg": "2026-08-17 05:16:34 | INFO  | _client.py:_send_single_request:1740 | HTTP Request: POST http://prefect-server:4200/api/work_pools/smarthub-pool/get_scheduled_flow_runs \"HTTP/1.1 200 OK\""}
{"ts": "2026-08-17T05:16:43.789418467Z", "container": "prefect-worker", "msg": "2026-08-17 05:16:43 | INFO  | _client.py:_send_single_request:1740 | HTTP Request: POST http://prefect-server:4200/api/work_pools/smarthub-pool/get_scheduled_flow_runs \"HTTP/1.1 200 OK\""}
{"ts": "2026-08-17T05:16:51.333633566Z", "container": "prefect-worker", "msg": "2026-08-17 05:16:51 | INFO  | _client.py:_send_single_request:1740 | HTTP Request: POST http://prefect-server:4200/api/work_pools/smarthub-pool/get_scheduled_flow_runs \"HTTP/1.1 200 OK\""}
{"ts": "2026-08-17T05:17:02.527252257Z", "container": "prefect-worker", "msg": "2026-08-17 05:17:02 | INFO  | _client.py:_send_single_request:1740 | HTTP Request: POST http://prefect-server:4200/api/work_pools/smarthub-pool/get_scheduled_flow_runs \"HTTP/1.1 200 OK\""}
{"ts": "2026-08-17T05:17:11.913699034Z", "container": "prefect-worker", "msg": "2026-08-17 05:17:11 | INFO  | _client.py:_send_single_request:1740 | HTTP Request: POST http://prefect-server:4200/api/work_pools/smarthub-pool/get_scheduled_flow_runs \"HTTP/1.1 200 OK\""}
{"ts": "2026-08-17T05:17:20.801146033Z", "container": "prefect-worker", "msg": "2026-08-17 05:17:20 | INFO  | _client.py:_send_single_request:1740 | HTTP Request: POST http://prefect-server:4200/api/work_pools/smarthub-pool/get_scheduled_flow_runs \"HTTP/1.1 200 OK\""}
{"ts": "2026-08-17T05:17:28.882421350Z", "container": "prefect-worker", "msg": "2026-08-17 05:17:28 | INFO  | _client.py:_send_single_request:1740 | HTTP Request: POST http://prefect-server:4200/api/work_pools/smarthub-pool/get_scheduled_flow_runs \"HTTP/1.1 200 OK\""}
{"ts": "2026-08-17T05:17:37.697500480Z", "container": "prefect-worker", "msg": "2026-08-17 05:17:37 | INFO  | _client.py:_send_single_request:1740 | HTTP Request: POST http://prefect-server:4200/api/work_pools/smarthub-pool/get_scheduled_flow_runs \"HTTP/1.1 200 OK\""}
{"ts": "2026-08-17T05:17:45.892478361Z", "container": "prefect-worker", "msg": "2026-08-17 05:17:45 | INFO  | _client.py:_send_single_request:1740 | HTTP Request: POST http://prefect-server:4200/api/work_pools/smarthub-pool/get_scheduled_flow_runs \"HTTP/1.1 200 OK\""}
{"ts": "2026-08-17T05:17:54.862228344Z", "container": "prefect-worker", "msg": "2026-08-17 05:17:54 | INFO  | _client.py:_send_single_request:1740 | HTTP Request: POST http://prefect-server:4200/api/work_pools/smarthub-pool/get_scheduled_flow_runs \"HTTP/1.1 200 OK\""}
{"ts": "2026-08-17T05:18:06.452757675Z", "container": "prefect-worker", "msg": "2026-08-17 05:18:06 | INFO  | _client.py:_send_single_request:1740 | HTTP Request: POST http://prefect-server:4200/api/work_pools/smarthub-pool/get_scheduled_flow_runs \"HTTP/1.1 200 OK\""}
{"ts": "2026-08-17T05:18:15.822542892Z", "container": "prefect-worker", "msg": "2026-08-17 05:18:15 | INFO  | _client.py:_send_single_request:1740 | HTTP Request: POST http://prefect-server:4200/api/work_pools/smarthub-pool/get_scheduled_flow_runs \"HTTP/1.1 200 OK\""}
{"ts": "2026-08-17T05:18:26.152240893Z", "container": "prefect-worker", "msg": "2026-08-17 05:18:26 | INFO  | _client.py:_send_single_request:1740 | HTTP Request: POST http://prefect-server:4200/api/work_pools/smarthub-pool/get_scheduled_flow_runs \"HTTP/1.1 200 OK\""}
{"ts": "2026-08-17T05:18:34.177848837Z", "container": "prefect-worker", "msg": "2026-08-17 05:18:34 | INFO  | _client.py:_send_single_request:1740 | HTTP Request: POST http://prefect-server:4200/api/work_pools/smarthub-pool/get_scheduled_flow_runs \"HTTP/1.1 200 OK\""}
{"ts": "2026-08-17T05:18:45.388976279Z", "container": "prefect-worker", "msg": "2026-08-17 05:18:45 | INFO  | _client.py:_send_single_request:1740 | HTTP Request: POST http://prefect-server:4200/api/work_pools/smarthub-pool/get_scheduled_flow_runs \"HTTP/1.1 200 OK\""}
{"ts": "2026-08-17T05:18:53.215982174Z", "container": "prefect-worker", "msg": "2026-08-17 05:18:53 | INFO  | _client.py:_send_single_request:1740 | HTTP Request: POST http://prefect-server:4200/api/work_pools/smarthub-pool/get_scheduled_flow_runs \"HTTP/1.1 200 OK\""}
{"ts": "2026-08-17T05:19:05.970220071Z", "container": "prefect-worker", "msg": "2026-08-17 05:19:05 | INFO  | _client.py:_send_single_request:1740 | HTTP Request: POST http://prefect-server:4200/api/work_pools/smarthub-pool/get_scheduled_flow_runs \"HTTP/1.1 200 OK\""}
{"ts": "2026-08-17T05:19:15.451096021Z", "container": "prefect-worker", "msg": "2026-08-17 05:19:15 | INFO  | _client.py:_send_single_request:1740 | HTTP Request: POST http://prefect-server:4200/api/work_pools/smarthub-pool/get_scheduled_flow_runs \"HTTP/1.1 200 OK\""}
{"ts": "2026-08-17T05:19:26.042147455Z", "container": "prefect-worker", "msg": "2026-08-17 05:19:26 | INFO  | _client.py:_send_single_request:1740 | HTTP Request: POST http://prefect-server:4200/api/work_pools/smarthub-pool/get_scheduled_flow_runs \"HTTP/1.1 200 OK\""}
{"ts": "2026-08-17T05:19:33.913096389Z", "container": "prefect-worker", "msg": "2026-08-17 05:19:33 | INFO  | _client.py:_send_single_request:1740 | HTTP Request: POST http://prefect-server:4200/api/work_pools/smarthub-pool/get_scheduled_flow_runs \"HTTP/1.1 200 OK\""}
{"ts": "2026-08-17T05:19:42.171633929Z", "container": "prefect-worker", "msg": "2026-08-17 05:19:42 | INFO  | _client.py:_send_single_request:1740 | HTTP Request: POST http://prefect-server:4200/api/work_pools/smarthub-pool/get_scheduled_flow_runs \"HTTP/1.1 200 OK\""}
{"ts": "2026-08-17T05:19:51.935601821Z", "container": "prefect-worker", "msg": "2026-08-17 05:19:51 | INFO  | _client.py:_send_single_request:1740 | HTTP Request: POST http://prefect-server:4200/api/work_pools/smarthub-pool/get_scheduled_flow_runs \"HTTP/1.1 200 OK\""}
{"ts": "2026-08-17T05:19:51.936913283Z", "container": "prefect-worker", "msg": "2026-08-17 05:19:51 | INFO  | base.py:_submit_scheduled_flow_runs:1519 | Worker 'ProcessWorker c09911e3-8540-45ba-b9e5-a987ad0388ad' submitting flow run '019ffeb7-142e-78c9-993f-eaf5a8a434f1'"}
{"ts": "2026-08-17T05:19:51.959365235Z", "container": "prefect-worker", "msg": "2026-08-17 05:19:51 | INFO  | _client.py:_send_single_request:1740 | HTTP Request: GET http://prefect-server:4200/api/deployments/f2af7572-283e-43ab-bfa3-0ad7cee08503 \"HTTP/1.1 200 OK\""}
{"ts": "2026-08-17T05:19:52.001471954Z", "container": "prefect-worker", "msg": "2026-08-17 05:19:52 | INFO  | _client.py:_send_single_request:1740 | HTTP Request: POST http://prefect-server:4200/api/flow_runs/019ffeb7-142e-78c9-993f-eaf5a8a434f1/set_state \"HTTP/1.1 201 Created\""}
{"ts": "2026-08-17T05:19:52.021109121Z", "container": "prefect-worker", "msg": "2026-08-17 05:19:52 | INFO  | _client.py:_send_single_request:1740 | HTTP Request: GET http://prefect-server:4200/api/deployments/f2af7572-283e-43ab-bfa3-0ad7cee08503 \"HTTP/1.1 200 OK\""}
{"ts": "2026-08-17T05:19:52.031437734Z", "container": "prefect-worker", "msg": "2026-08-17 05:19:52 | INFO  | _client.py:_send_single_request:1740 | HTTP Request: GET http://prefect-server:4200/api/flows/b482d204-61dd-4cd6-bc87-1c0295ffdd50 \"HTTP/1.1 200 OK\""}
{"ts": "2026-08-17T05:19:52.060004921Z", "container": "prefect-worker", "msg": "2026-08-17 05:19:52 | INFO  | _client.py:_send_single_request:1740 | HTTP Request: PATCH http://prefect-server:4200/api/flow_runs/019ffeb7-142e-78c9-993f-eaf5a8a434f1/labels \"HTTP/1.1 204 No Content\""}
{"ts": "2026-08-17T05:19:52.071612815Z", "container": "prefect-worker", "msg": "2026-08-17 05:19:52 | INFO  | _client.py:_send_single_request:1740 | HTTP Request: POST http://prefect-server:4200/api/flow_runs/019ffeb7-142e-78c9-993f-eaf5a8a434f1/set_state \"HTTP/1.1 201 Created\""}
{"ts": "2026-08-17T05:19:52.081187992Z", "container": "prefect-worker", "msg": "2026-08-17 05:19:52 | INFO  | _client.py:_send_single_request:1740 | HTTP Request: GET http://prefect-server:4200/api/flow_runs/019ffeb7-142e-78c9-993f-eaf5a8a434f1 \"HTTP/1.1 200 OK\""}
{"ts": "2026-08-17T05:19:52.082097350Z", "container": "prefect-worker", "msg": "2026-08-17 05:19:52 | INFO  | runner.py:_run_process:994 | Starting flow run process..."}
{"ts": "2026-08-17T05:19:52.105715132Z", "container": "prefect-worker", "msg": "2026-08-17 05:19:52 | INFO  | _client.py:_send_single_request:1740 | HTTP Request: PATCH http://prefect-server:4200/api/flow_runs/019ffeb7-142e-78c9-993f-eaf5a8a434f1 \"HTTP/1.1 204 No Content\""}
{"ts": "2026-08-17T05:19:52.106196837Z", "container": "prefect-worker", "msg": "2026-08-17 05:19:52 | INFO  | base.py:_submit_run:1601 | Flow run 'thistle-mastodon' submitted to infrastructure"}
{"ts": "2026-08-17T05:19:53.300741371Z", "container": "prefect-worker", "msg": "05:19:53.294 | INFO    | Flow run 'thistle-mastodon' - Running 1 deployment pull step(s)"}
{"ts": "2026-08-17T05:19:53.321853551Z", "container": "prefect-worker", "msg": "05:19:53.320 | INFO    | Flow run 'thistle-mastodon' - Executing deployment step: set_working_directory"}
{"ts": "2026-08-17T05:19:53.333651978Z", "container": "prefect-worker", "msg": "05:19:53.333 | INFO    | Flow run 'thistle-mastodon' - Deployment step 'set_working_directory' completed successfully"}
{"ts": "2026-08-17T05:19:53.347381561Z", "container": "prefect-worker", "msg": "05:19:53.346 | INFO    | Flow run 'thistle-mastodon' - All deployment steps completed successfully"}
{"ts": "2026-08-17T05:19:53.406159090Z", "container": "prefect-worker", "msg": "2026-08-17 05:19:53 | INFO  | _client.py:_send_single_request:1740 | HTTP Request: POST http://prefect-server:4200/api/logs/ \"HTTP/1.1 201 Created\""}
{"ts": "2026-08-17T05:19:54.463332398Z", "container": "prefect-worker", "msg": "2026-08-17 05:19:54 | ERROR | flow_engine.py:run_flow:2192 | Engine execution exited with unexpected exception"}
{"ts": "2026-08-17T05:19:54.463356058Z", "container": "prefect-worker", "msg": "Traceback (most recent call last):"}
{"ts": "2026-08-17T05:19:54.463359848Z", "container": "prefect-worker", "msg": "  File \"/usr/local/lib/python3.12/site-packages/prefect/flow_engine.py\", line 2172, in run_flow"}
{"ts": "2026-08-17T05:19:54.463363299Z", "container": "prefect-worker", "msg": "    parameters=_flow_parameters("}
{"ts": "2026-08-17T05:19:54.463366209Z", "container": "prefect-worker", "msg": "               ^^^^^^^^^^^^^^^^^"}
{"ts": "2026-08-17T05:19:54.463369259Z", "container": "prefect-worker", "msg": "  File \"/usr/local/lib/python3.12/site-packages/prefect/flow_engine.py\", line 2228, in _flow_parameters"}
{"ts": "2026-08-17T05:19:54.463372439Z", "container": "prefect-worker", "msg": "    call_args, call_kwargs = parameters_to_args_kwargs(flow.fn, parameters)"}
{"ts": "2026-08-17T05:19:54.463375459Z", "container": "prefect-worker", "msg": "                             ^^^^^^^^^^^^^^^^^^^^^^^^^^^^^^^^^^^^^^^^^^^^^^"}
{"ts": "2026-08-17T05:19:54.463378409Z", "container": "prefect-worker", "msg": "  File \"/usr/local/lib/python3.12/site-packages/prefect/utilities/callables/__init__.py\", line 273, in parameters_to_args_kwargs"}
{"ts": "2026-08-17T05:19:54.463381619Z", "container": "prefect-worker", "msg": "    raise SignatureMismatchError.from_bad_params("}
{"ts": "2026-08-17T05:19:54.463384609Z", "container": "prefect-worker", "msg": "prefect.exceptions.SignatureMismatchError: Function expects parameters ['lead_type_id', 'version', 'register_mlflow'] but was provided with parameters ['lead_type_id', 'lead_type_name', 'register_mlflow']"}
{"ts": "2026-08-17T05:19:54.464243176Z", "container": "prefect-worker", "msg": "2026-08-17 05:19:54 | ERROR | engine.py:handle_engine_signals:120 | Execution of flow run '019ffeb7-142e-78c9-993f-eaf5a8a434f1' exited with unexpected exception"}
{"ts": "2026-08-17T05:19:54.464257046Z", "container": "prefect-worker", "msg": "Traceback (most recent call last):"}
{"ts": "2026-08-17T05:19:54.464260957Z", "container": "prefect-worker", "msg": "  File \"/usr/local/lib/python3.12/site-packages/prefect/engine.py\", line 87, in handle_engine_signals"}
{"ts": "2026-08-17T05:19:54.464264727Z", "container": "prefect-worker", "msg": "    yield"}
{"ts": "2026-08-17T05:19:54.464267797Z", "container": "prefect-worker", "msg": "  File \"/usr/local/lib/python3.12/site-packages/prefect/engine.py\", line 176, in <module>"}
{"ts": "2026-08-17T05:19:54.464271237Z", "container": "prefect-worker", "msg": "    _run_result: object = run_flow("}
{"ts": "2026-08-17T05:19:54.464274177Z", "container": "prefect-worker", "msg": "                          ^^^^^^^^^"}
{"ts": "2026-08-17T05:19:54.464277067Z", "container": "prefect-worker", "msg": "  File \"/usr/local/lib/python3.12/site-packages/prefect/flow_engine.py\", line 2172, in run_flow"}
{"ts": "2026-08-17T05:19:54.464280127Z", "container": "prefect-worker", "msg": "    parameters=_flow_parameters("}
{"ts": "2026-08-17T05:19:54.464283007Z", "container": "prefect-worker", "msg": "               ^^^^^^^^^^^^^^^^^"}
{"ts": "2026-08-17T05:19:54.464285907Z", "container": "prefect-worker", "msg": "  File \"/usr/local/lib/python3.12/site-packages/prefect/flow_engine.py\", line 2228, in _flow_parameters"}
{"ts": "2026-08-17T05:19:54.464288927Z", "container": "prefect-worker", "msg": "    call_args, call_kwargs = parameters_to_args_kwargs(flow.fn, parameters)"}
{"ts": "2026-08-17T05:19:54.464291897Z", "container": "prefect-worker", "msg": "                             ^^^^^^^^^^^^^^^^^^^^^^^^^^^^^^^^^^^^^^^^^^^^^^"}
{"ts": "2026-08-17T05:19:54.464294827Z", "container": "prefect-worker", "msg": "  File \"/usr/local/lib/python3.12/site-packages/prefect/utilities/callables/__init__.py\", line 273, in parameters_to_args_kwargs"}
{"ts": "2026-08-17T05:19:54.464297897Z", "container": "prefect-worker", "msg": "    raise SignatureMismatchError.from_bad_params("}
{"ts": "2026-08-17T05:19:54.464313027Z", "container": "prefect-worker", "msg": "prefect.exceptions.SignatureMismatchError: Function expects parameters ['lead_type_id', 'version', 'register_mlflow'] but was provided with parameters ['lead_type_id', 'lead_type_name', 'register_mlflow']"}
{"ts": "2026-08-17T05:19:54.469344792Z", "container": "prefect-worker", "msg": "2026-08-17 05:19:54 | INFO  | _client.py:_send_single_request:1740 | HTTP Request: GET http://prefect-server:4200/api/csrf-token?client=96088995-2790-4276-a4bf-be68fbc9d96b \"HTTP/1.1 422 Unprocessable Entity\""}
{"ts": "2026-08-17T05:19:54.476388666Z", "container": "prefect-worker", "msg": "2026-08-17 05:19:54 | INFO  | _client.py:_send_single_request:1740 | HTTP Request: POST http://prefect-server:4200/api/logs/ \"HTTP/1.1 201 Created\""}
{"ts": "2026-08-17T05:19:54.928622397Z", "container": "prefect-worker", "msg": "2026-08-17 05:19:54 | ERROR | runner.py:_submit_run_and_capture_errors:1439 | Process for flow run 'thistle-mastodon' exited with status code: 1; Process exited with a general error."}
{"ts": "2026-08-17T05:19:54.929233333Z", "container": "prefect-worker", "msg": "2026-08-17 05:19:54 | INFO  | runner.py:_submit_run_and_capture_errors:1445 | Check the flow run logs for an unhandled exception or assertion error."}
{"ts": "2026-08-17T05:19:54.952368941Z", "container": "prefect-worker", "msg": "2026-08-17 05:19:54 | INFO  | _client.py:_send_single_request:1740 | HTTP Request: POST http://prefect-server:4200/api/flow_runs/019ffeb7-142e-78c9-993f-eaf5a8a434f1/set_state \"HTTP/1.1 201 Created\""}
{"ts": "2026-08-17T05:19:54.953053047Z", "container": "prefect-worker", "msg": "2026-08-17 05:19:54 | INFO  | _state_proposer.py:propose_crashed:132 | Reported flow run '019ffeb7-142e-78c9-993f-eaf5a8a434f1' as crashed: Flow run process exited with non-zero status code 1."}
{"ts": "2026-08-17T05:19:54.958872300Z", "container": "prefect-worker", "msg": "2026-08-17 05:19:54 | INFO  | _client.py:_send_single_request:1740 | HTTP Request: GET http://prefect-server:4200/api/flow_runs/019ffeb7-142e-78c9-993f-eaf5a8a434f1 \"HTTP/1.1 200 OK\""}
{"ts": "2026-08-17T05:19:54.959649517Z", "container": "prefect-worker", "msg": "2026-08-17 05:19:54 | INFO  | runner.py:_run_on_crashed_hooks:1614 | Loading flow to check for on_crashed hooks"}
{"ts": "2026-08-17T05:19:54.984140507Z", "container": "prefect-worker", "msg": "2026-08-17 05:19:54 | INFO  | _client.py:_send_single_request:1740 | HTTP Request: GET http://prefect-server:4200/api/deployments/f2af7572-283e-43ab-bfa3-0ad7cee08503 \"HTTP/1.1 200 OK\""}
{"ts": "2026-08-17T05:19:54.991237621Z", "container": "prefect-worker", "msg": "2026-08-17 05:19:54 | INFO  | flows.py:load_flow_from_flow_run:3246 | Running 1 deployment pull step(s)"}
{"ts": "2026-08-17T05:19:54.991828096Z", "container": "prefect-worker", "msg": "2026-08-17 05:19:54 | INFO  | core.py:run_steps:196 | Executing deployment step: set_working_directory"}
{"ts": "2026-08-17T05:19:55.001771346Z", "container": "prefect-worker", "msg": "2026-08-17 05:19:55 | INFO  | core.py:run_steps:266 | Deployment step 'set_working_directory' completed successfully"}
{"ts": "2026-08-17T05:19:55.006353017Z", "container": "prefect-worker", "msg": "2026-08-17 05:19:55 | INFO  | core.py:run_steps:288 | All deployment steps completed successfully"}
{"ts": "2026-08-17T05:19:55.025688171Z", "container": "prefect-worker", "msg": "2026-08-17 05:19:55 | INFO  | _client.py:_send_single_request:1740 | HTTP Request: POST http://prefect-server:4200/api/flow_runs/019ffeb7-142e-78c9-993f-eaf5a8a434f1/set_state \"HTTP/1.1 200 OK\""}
{"ts": "2026-08-17T05:19:55.026419688Z", "container": "prefect-worker", "msg": "2026-08-17 05:19:55 | INFO  | base.py:_submit_run_and_capture_errors:1686 | Check the flow run logs for an unhandled exception or assertion error."}
{"ts": "2026-08-17T05:19:55.416232777Z", "container": "prefect-worker", "msg": "2026-08-17 05:19:55 | INFO  | _client.py:_send_single_request:1740 | HTTP Request: POST http://prefect-server:4200/api/logs/ \"HTTP/1.1 201 Created\""}
{"ts": "2026-08-17T05:20:01.185465438Z", "container": "prefect-worker", "msg": "2026-08-17 05:20:01 | INFO  | _client.py:_send_single_request:1740 | HTTP Request: POST http://prefect-server:4200/api/work_pools/smarthub-pool/get_scheduled_flow_runs \"HTTP/1.1 200 OK\""}
{"ts": "2026-08-17T05:20:09.179104126Z", "container": "prefect-worker", "msg": "2026-08-17 05:20:09 | INFO  | _client.py:_send_single_request:1740 | HTTP Request: POST http://prefect-server:4200/api/work_pools/smarthub-pool/get_scheduled_flow_runs \"HTTP/1.1 200 OK\""}
{"ts": "2026-08-17T05:20:20.726457398Z", "container": "prefect-worker", "msg": "2026-08-17 05:20:20 | INFO  | _client.py:_send_single_request:1740 | HTTP Request: POST http://prefect-server:4200/api/work_pools/smarthub-pool/get_scheduled_flow_runs \"HTTP/1.1 200 OK\""}
{"ts": "2026-08-17T05:20:31.849700316Z", "container": "prefect-worker", "msg": "2026-08-17 05:20:31 | INFO  | _client.py:_send_single_request:1740 | HTTP Request: POST http://prefect-server:4200/api/work_pools/smarthub-pool/get_scheduled_flow_runs \"HTTP/1.1 200 OK\""}
{"ts": "2026-08-17T05:20:41.415830781Z", "container": "prefect-worker", "msg": "2026-08-17 05:20:41 | INFO  | _client.py:_send_single_request:1740 | HTTP Request: POST http://prefect-server:4200/api/work_pools/smarthub-pool/get_scheduled_flow_runs \"HTTP/1.1 200 OK\""}
{"ts": "2026-08-17T05:20:53.068520833Z", "container": "prefect-worker", "msg": "2026-08-17 05:20:53 | INFO  | _client.py:_send_single_request:1740 | HTTP Request: POST http://prefect-server:4200/api/work_pools/smarthub-pool/get_scheduled_flow_runs \"HTTP/1.1 200 OK\""}
{"ts": "2026-08-17T05:21:04.687390969Z", "container": "prefect-worker", "msg": "2026-08-17 05:21:04 | INFO  | _client.py:_send_single_request:1740 | HTTP Request: POST http://prefect-server:4200/api/work_pools/smarthub-pool/get_scheduled_flow_runs \"HTTP/1.1 200 OK\""}
{"ts": "2026-08-17T05:21:13.094201527Z", "container": "prefect-worker", "msg": "2026-08-17 05:21:13 | INFO  | _client.py:_send_single_request:1740 | HTTP Request: POST http://prefect-server:4200/api/work_pools/smarthub-pool/get_scheduled_flow_runs \"HTTP/1.1 200 OK\""}
{"ts": "2026-08-17T05:21:21.712129586Z", "container": "prefect-worker", "msg": "2026-08-17 05:21:21 | INFO  | _client.py:_send_single_request:1740 | HTTP Request: POST http://prefect-server:4200/api/work_pools/smarthub-pool/get_scheduled_flow_runs \"HTTP/1.1 200 OK\""}
{"ts": "2026-08-17T05:21:34.513949497Z", "container": "prefect-worker", "msg": "2026-08-17 05:21:34 | INFO  | _client.py:_send_single_request:1740 | HTTP Request: POST http://prefect-server:4200/api/work_pools/smarthub-pool/get_scheduled_flow_runs \"HTTP/1.1 200 OK\""}
{"ts": "2026-08-17T05:21:46.077601890Z", "container": "prefect-worker", "msg": "2026-08-17 05:21:46 | INFO  | _client.py:_send_single_request:1740 | HTTP Request: POST http://prefect-server:4200/api/work_pools/smarthub-pool/get_scheduled_flow_runs \"HTTP/1.1 200 OK\""}
{"ts": "2026-08-17T05:21:57.996985124Z", "container": "prefect-worker", "msg": "2026-08-17 05:21:57 | INFO  | _client.py:_send_single_request:1740 | HTTP Request: POST http://prefect-server:4200/api/work_pools/smarthub-pool/get_scheduled_flow_runs \"HTTP/1.1 200 OK\""}
{"ts": "2026-08-17T05:22:09.691421568Z", "container": "prefect-worker", "msg": "2026-08-17 05:22:09 | INFO  | _client.py:_send_single_request:1740 | HTTP Request: POST http://prefect-server:4200/api/work_pools/smarthub-pool/get_scheduled_flow_runs \"HTTP/1.1 200 OK\""}
{"ts": "2026-08-17T05:22:21.921661680Z", "container": "prefect-worker", "msg": "2026-08-17 05:22:21 | INFO  | _client.py:_send_single_request:1740 | HTTP Request: POST http://prefect-server:4200/api/work_pools/smarthub-pool/get_scheduled_flow_runs \"HTTP/1.1 200 OK\""}
{"ts": "2026-08-17T05:22:31.416187896Z", "container": "prefect-worker", "msg": "2026-08-17 05:22:31 | INFO  | _client.py:_send_single_request:1740 | HTTP Request: POST http://prefect-server:4200/api/work_pools/smarthub-pool/get_scheduled_flow_runs \"HTTP/1.1 200 OK\""}
{"ts": "2026-08-17T05:22:40.713794027Z", "container": "prefect-worker", "msg": "2026-08-17 05:22:40 | INFO  | _client.py:_send_single_request:1740 | HTTP Request: POST http://prefect-server:4200/api/work_pools/smarthub-pool/get_scheduled_flow_runs \"HTTP/1.1 200 OK\""}
{"ts": "2026-08-17T05:22:48.329263487Z", "container": "prefect-worker", "msg": "2026-08-17 05:22:48 | INFO  | _client.py:_send_single_request:1740 | HTTP Request: POST http://prefect-server:4200/api/work_pools/smarthub-pool/get_scheduled_flow_runs \"HTTP/1.1 200 OK\""}
{"ts": "2026-08-17T05:23:00.428176678Z", "container": "prefect-worker", "msg": "2026-08-17 05:23:00 | INFO  | _client.py:_send_single_request:1740 | HTTP Request: POST http://prefect-server:4200/api/work_pools/smarthub-pool/get_scheduled_flow_runs \"HTTP/1.1 200 OK\""}
{"ts": "2026-08-17T05:23:12.746842283Z", "container": "prefect-worker", "msg": "2026-08-17 05:23:12 | INFO  | _client.py:_send_single_request:1740 | HTTP Request: POST http://prefect-server:4200/api/work_pools/smarthub-pool/get_scheduled_flow_runs \"HTTP/1.1 200 OK\""}
{"ts": "2026-08-17T05:23:22.231726342Z", "container": "prefect-worker", "msg": "2026-08-17 05:23:22 | INFO  | _client.py:_send_single_request:1740 | HTTP Request: POST http://prefect-server:4200/api/work_pools/smarthub-pool/get_scheduled_flow_runs \"HTTP/1.1 200 OK\""}
{"ts": "2026-08-17T05:23:35.040057446Z", "container": "prefect-worker", "msg": "2026-08-17 05:23:35 | INFO  | _client.py:_send_single_request:1740 | HTTP Request: POST http://prefect-server:4200/api/work_pools/smarthub-pool/get_scheduled_flow_runs \"HTTP/1.1 200 OK\""}
{"ts": "2026-08-17T05:23:43.130304603Z", "container": "prefect-worker", "msg": "2026-08-17 05:23:43 | INFO  | _client.py:_send_single_request:1740 | HTTP Request: POST http://prefect-server:4200/api/work_pools/smarthub-pool/get_scheduled_flow_runs \"HTTP/1.1 200 OK\""}
{"ts": "2026-08-17T05:23:52.209333421Z", "container": "prefect-worker", "msg": "2026-08-17 05:23:52 | INFO  | _client.py:_send_single_request:1740 | HTTP Request: POST http://prefect-server:4200/api/work_pools/smarthub-pool/get_scheduled_flow_runs \"HTTP/1.1 200 OK\""}
{"ts": "2026-08-17T05:24:02.086714732Z", "container": "prefect-worker", "msg": "2026-08-17 05:24:02 | INFO  | _client.py:_send_single_request:1740 | HTTP Request: POST http://prefect-server:4200/api/work_pools/smarthub-pool/get_scheduled_flow_runs \"HTTP/1.1 200 OK\""}
{"ts": "2026-08-17T05:24:11.595369918Z", "container": "prefect-worker", "msg": "2026-08-17 05:24:11 | INFO  | _client.py:_send_single_request:1740 | HTTP Request: POST http://prefect-server:4200/api/work_pools/smarthub-pool/get_scheduled_flow_runs \"HTTP/1.1 200 OK\""}
{"ts": "2026-08-17T05:24:22.389088592Z", "container": "prefect-worker", "msg": "2026-08-17 05:24:22 | INFO  | _client.py:_send_single_request:1740 | HTTP Request: POST http://prefect-server:4200/api/work_pools/smarthub-pool/get_scheduled_flow_runs \"HTTP/1.1 200 OK\""}
{"ts": "2026-08-17T05:24:33.933564675Z", "container": "prefect-worker", "msg": "2026-08-17 05:24:33 | INFO  | _client.py:_send_single_request:1740 | HTTP Request: POST http://prefect-server:4200/api/work_pools/smarthub-pool/get_scheduled_flow_runs \"HTTP/1.1 200 OK\""}
{"ts": "2026-08-17T05:24:42.841655878Z", "container": "prefect-worker", "msg": "2026-08-17 05:24:42 | INFO  | _client.py:_send_single_request:1740 | HTTP Request: POST http://prefect-server:4200/api/work_pools/smarthub-pool/get_scheduled_flow_runs \"HTTP/1.1 200 OK\""}
{"ts": "2026-08-17T05:24:52.384110132Z", "container": "prefect-worker", "msg": "2026-08-17 05:24:52 | INFO  | _client.py:_send_single_request:1740 | HTTP Request: POST http://prefect-server:4200/api/work_pools/smarthub-pool/get_scheduled_flow_runs \"HTTP/1.1 200 OK\""}
{"ts": "2026-08-17T05:25:02.800202025Z", "container": "prefect-worker", "msg": "2026-08-17 05:25:02 | INFO  | _client.py:_send_single_request:1740 | HTTP Request: POST http://prefect-server:4200/api/work_pools/smarthub-pool/get_scheduled_flow_runs \"HTTP/1.1 200 OK\""}
{"ts": "2026-08-17T05:25:14.730120771Z", "container": "prefect-worker", "msg": "2026-08-17 05:25:14 | INFO  | _client.py:_send_single_request:1740 | HTTP Request: POST http://prefect-server:4200/api/work_pools/smarthub-pool/get_scheduled_flow_runs \"HTTP/1.1 200 OK\""}
{"ts": "2026-08-17T05:25:24.749453645Z", "container": "prefect-worker", "msg": "2026-08-17 05:25:24 | INFO  | _client.py:_send_single_request:1740 | HTTP Request: POST http://prefect-server:4200/api/work_pools/smarthub-pool/get_scheduled_flow_runs \"HTTP/1.1 200 OK\""}
{"ts": "2026-08-17T05:25:34.137678091Z", "container": "prefect-worker", "msg": "2026-08-17 05:25:34 | INFO  | _client.py:_send_single_request:1740 | HTTP Request: POST http://prefect-server:4200/api/work_pools/smarthub-pool/get_scheduled_flow_runs \"HTTP/1.1 200 OK\""}
{"ts": "2026-08-17T05:25:44.205409146Z", "container": "prefect-worker", "msg": "2026-08-17 05:25:44 | INFO  | _client.py:_send_single_request:1740 | HTTP Request: POST http://prefect-server:4200/api/work_pools/smarthub-pool/get_scheduled_flow_runs \"HTTP/1.1 200 OK\""}
{"ts": "2026-08-17T05:25:53.914922738Z", "container": "prefect-worker", "msg": "2026-08-17 05:25:53 | INFO  | _client.py:_send_single_request:1740 | HTTP Request: POST http://prefect-server:4200/api/work_pools/smarthub-pool/get_scheduled_flow_runs \"HTTP/1.1 200 OK\""}
{"ts": "2026-08-17T05:26:06.390176546Z", "container": "prefect-worker", "msg": "2026-08-17 05:26:06 | INFO  | _client.py:_send_single_request:1740 | HTTP Request: POST http://prefect-server:4200/api/work_pools/smarthub-pool/get_scheduled_flow_runs \"HTTP/1.1 200 OK\""}
{"ts": "2026-08-17T05:26:17.232505138Z", "container": "prefect-worker", "msg": "2026-08-17 05:26:17 | INFO  | _client.py:_send_single_request:1740 | HTTP Request: POST http://prefect-server:4200/api/work_pools/smarthub-pool/get_scheduled_flow_runs \"HTTP/1.1 200 OK\""}
{"ts": "2026-08-17T05:26:28.488161125Z", "container": "prefect-worker", "msg": "2026-08-17 05:26:28 | INFO  | _client.py:_send_single_request:1740 | HTTP Request: POST http://prefect-server:4200/api/work_pools/smarthub-pool/get_scheduled_flow_runs \"HTTP/1.1 200 OK\""}
{"ts": "2026-08-17T05:26:39.003751992Z", "container": "prefect-worker", "msg": "2026-08-17 05:26:39 | INFO  | _client.py:_send_single_request:1740 | HTTP Request: POST http://prefect-server:4200/api/work_pools/smarthub-pool/get_scheduled_flow_runs \"HTTP/1.1 200 OK\""}
{"ts": "2026-08-17T05:26:48.097294585Z", "container": "prefect-worker", "msg": "2026-08-17 05:26:48 | INFO  | _client.py:_send_single_request:1740 | HTTP Request: POST http://prefect-server:4200/api/work_pools/smarthub-pool/get_scheduled_flow_runs \"HTTP/1.1 200 OK\""}
{"ts": "2026-08-17T05:26:57.901194406Z", "container": "prefect-worker", "msg": "2026-08-17 05:26:57 | INFO  | _client.py:_send_single_request:1740 | HTTP Request: POST http://prefect-server:4200/api/work_pools/smarthub-pool/get_scheduled_flow_runs \"HTTP/1.1 200 OK\""}
{"ts": "2026-08-17T05:27:09.362095081Z", "container": "prefect-worker", "msg": "2026-08-17 05:27:09 | INFO  | _client.py:_send_single_request:1740 | HTTP Request: POST http://prefect-server:4200/api/work_pools/smarthub-pool/get_scheduled_flow_runs \"HTTP/1.1 200 OK\""}
{"ts": "2026-08-17T05:27:21.177877804Z", "container": "prefect-worker", "msg": "2026-08-17 05:27:21 | INFO  | _client.py:_send_single_request:1740 | HTTP Request: POST http://prefect-server:4200/api/work_pools/smarthub-pool/get_scheduled_flow_runs \"HTTP/1.1 200 OK\""}
{"ts": "2026-08-17T05:27:33.742156078Z", "container": "prefect-worker", "msg": "2026-08-17 05:27:33 | INFO  | _client.py:_send_single_request:1740 | HTTP Request: POST http://prefect-server:4200/api/work_pools/smarthub-pool/get_scheduled_flow_runs \"HTTP/1.1 200 OK\""}
{"ts": "2026-08-17T05:27:45.724821128Z", "container": "prefect-worker", "msg": "2026-08-17 05:27:45 | INFO  | _client.py:_send_single_request:1740 | HTTP Request: POST http://prefect-server:4200/api/work_pools/smarthub-pool/get_scheduled_flow_runs \"HTTP/1.1 200 OK\""}
{"ts": "2026-08-17T05:27:56.455790394Z", "container": "prefect-worker", "msg": "2026-08-17 05:27:56 | INFO  | _client.py:_send_single_request:1740 | HTTP Request: POST http://prefect-server:4200/api/work_pools/smarthub-pool/get_scheduled_flow_runs \"HTTP/1.1 200 OK\""}
{"ts": "2026-08-17T05:28:07.385478149Z", "container": "prefect-worker", "msg": "2026-08-17 05:28:07 | INFO  | _client.py:_send_single_request:1740 | HTTP Request: POST http://prefect-server:4200/api/work_pools/smarthub-pool/get_scheduled_flow_runs \"HTTP/1.1 200 OK\""}
{"ts": "2026-08-17T05:28:18.596308667Z", "container": "prefect-worker", "msg": "2026-08-17 05:28:18 | INFO  | _client.py:_send_single_request:1740 | HTTP Request: POST http://prefect-server:4200/api/work_pools/smarthub-pool/get_scheduled_flow_runs \"HTTP/1.1 200 OK\""}
{"ts": "2026-08-17T05:28:30.580313451Z", "container": "prefect-worker", "msg": "2026-08-17 05:28:30 | INFO  | _client.py:_send_single_request:1740 | HTTP Request: POST http://prefect-server:4200/api/work_pools/smarthub-pool/get_scheduled_flow_runs \"HTTP/1.1 200 OK\""}
{"ts": "2026-08-17T05:28:40.550590573Z", "container": "prefect-worker", "msg": "2026-08-17 05:28:40 | INFO  | _client.py:_send_single_request:1740 | HTTP Request: POST http://prefect-server:4200/api/work_pools/smarthub-pool/get_scheduled_flow_runs \"HTTP/1.1 200 OK\""}
{"ts": "2026-08-17T05:28:50.574554694Z", "container": "prefect-worker", "msg": "2026-08-17 05:28:50 | INFO  | _client.py:_send_single_request:1740 | HTTP Request: POST http://prefect-server:4200/api/work_pools/smarthub-pool/get_scheduled_flow_runs \"HTTP/1.1 200 OK\""}
{"ts": "2026-08-17T05:28:58.217498942Z", "container": "prefect-worker", "msg": "2026-08-17 05:28:58 | INFO  | _client.py:_send_single_request:1740 | HTTP Request: POST http://prefect-server:4200/api/work_pools/smarthub-pool/get_scheduled_flow_runs \"HTTP/1.1 200 OK\""}
{"ts": "2026-08-17T05:29:06.610046551Z", "container": "prefect-worker", "msg": "2026-08-17 05:29:06 | INFO  | _client.py:_send_single_request:1740 | HTTP Request: POST http://prefect-server:4200/api/work_pools/smarthub-pool/get_scheduled_flow_runs \"HTTP/1.1 200 OK\""}
{"ts": "2026-08-17T05:29:16.119027577Z", "container": "prefect-worker", "msg": "2026-08-17 05:29:16 | INFO  | _client.py:_send_single_request:1740 | HTTP Request: POST http://prefect-server:4200/api/work_pools/smarthub-pool/get_scheduled_flow_runs \"HTTP/1.1 200 OK\""}
{"ts": "2026-08-17T05:29:28.346156302Z", "container": "prefect-worker", "msg": "2026-08-17 05:29:28 | INFO  | _client.py:_send_single_request:1740 | HTTP Request: POST http://prefect-server:4200/api/work_pools/smarthub-pool/get_scheduled_flow_runs \"HTTP/1.1 200 OK\""}
{"ts": "2026-08-17T05:29:37.650609698Z", "container": "prefect-worker", "msg": "2026-08-17 05:29:37 | INFO  | _client.py:_send_single_request:1740 | HTTP Request: POST http://prefect-server:4200/api/work_pools/smarthub-pool/get_scheduled_flow_runs \"HTTP/1.1 200 OK\""}
{"ts": "2026-08-17T05:29:47.413527997Z", "container": "prefect-worker", "msg": "2026-08-17 05:29:47 | INFO  | _client.py:_send_single_request:1740 | HTTP Request: POST http://prefect-server:4200/api/work_pools/smarthub-pool/get_scheduled_flow_runs \"HTTP/1.1 200 OK\""}
{"ts": "2026-08-17T05:29:57.530219467Z", "container": "prefect-worker", "msg": "2026-08-17 05:29:57 | INFO  | _client.py:_send_single_request:1740 | HTTP Request: POST http://prefect-server:4200/api/work_pools/smarthub-pool/get_scheduled_flow_runs \"HTTP/1.1 200 OK\""}
{"ts": "2026-08-17T05:30:10.216695939Z", "container": "prefect-worker", "msg": "2026-08-17 05:30:10 | INFO  | _client.py:_send_single_request:1740 | HTTP Request: POST http://prefect-server:4200/api/work_pools/smarthub-pool/get_scheduled_flow_runs \"HTTP/1.1 200 OK\""}
{"ts": "2026-08-17T05:30:18.933684498Z", "container": "prefect-worker", "msg": "2026-08-17 05:30:18 | INFO  | _client.py:_send_single_request:1740 | HTTP Request: POST http://prefect-server:4200/api/work_pools/smarthub-pool/get_scheduled_flow_runs \"HTTP/1.1 200 OK\""}
{"ts": "2026-08-17T05:30:26.778697564Z", "container": "prefect-worker", "msg": "2026-08-17 05:30:26 | INFO  | _client.py:_send_single_request:1740 | HTTP Request: POST http://prefect-server:4200/api/work_pools/smarthub-pool/get_scheduled_flow_runs \"HTTP/1.1 200 OK\""}
{"ts": "2026-08-17T05:30:36.366064827Z", "container": "prefect-worker", "msg": "2026-08-17 05:30:36 | INFO  | _client.py:_send_single_request:1740 | HTTP Request: POST http://prefect-server:4200/api/work_pools/smarthub-pool/get_scheduled_flow_runs \"HTTP/1.1 200 OK\""}
{"ts": "2026-08-17T05:30:45.243541429Z", "container": "prefect-worker", "msg": "2026-08-17 05:30:45 | INFO  | _client.py:_send_single_request:1740 | HTTP Request: POST http://prefect-server:4200/api/work_pools/smarthub-pool/get_scheduled_flow_runs \"HTTP/1.1 200 OK\""}
{"ts": "2026-08-17T05:30:57.975970084Z", "container": "prefect-worker", "msg": "2026-08-17 05:30:57 | INFO  | _client.py:_send_single_request:1740 | HTTP Request: POST http://prefect-server:4200/api/work_pools/smarthub-pool/get_scheduled_flow_runs \"HTTP/1.1 200 OK\""}
{"ts": "2026-08-17T05:31:10.054655166Z", "container": "prefect-worker", "msg": "2026-08-17 05:31:10 | INFO  | _client.py:_send_single_request:1740 | HTTP Request: POST http://prefect-server:4200/api/work_pools/smarthub-pool/get_scheduled_flow_runs \"HTTP/1.1 200 OK\""}
{"ts": "2026-08-17T05:31:19.945702044Z", "container": "prefect-worker", "msg": "2026-08-17 05:31:19 | INFO  | _client.py:_send_single_request:1740 | HTTP Request: POST http://prefect-server:4200/api/work_pools/smarthub-pool/get_scheduled_flow_runs \"HTTP/1.1 200 OK\""}
{"ts": "2026-08-17T05:31:32.430011552Z", "container": "prefect-worker", "msg": "2026-08-17 05:31:32 | INFO  | _client.py:_send_single_request:1740 | HTTP Request: POST http://prefect-server:4200/api/work_pools/smarthub-pool/get_scheduled_flow_runs \"HTTP/1.1 200 OK\""}
{"ts": "2026-08-17T05:31:41.506071705Z", "container": "prefect-worker", "msg": "2026-08-17 05:31:41 | INFO  | _client.py:_send_single_request:1740 | HTTP Request: POST http://prefect-server:4200/api/work_pools/smarthub-pool/get_scheduled_flow_runs \"HTTP/1.1 200 OK\""}
{"ts": "2026-08-17T05:31:50.390238476Z", "container": "prefect-worker", "msg": "2026-08-17 05:31:50 | INFO  | _client.py:_send_single_request:1740 | HTTP Request: POST http://prefect-server:4200/api/work_pools/smarthub-pool/get_scheduled_flow_runs \"HTTP/1.1 200 OK\""}
{"ts": "2026-08-17T05:31:59.168035819Z", "container": "prefect-worker", "msg": "2026-08-17 05:31:59 | INFO  | _client.py:_send_single_request:1740 | HTTP Request: POST http://prefect-server:4200/api/work_pools/smarthub-pool/get_scheduled_flow_runs \"HTTP/1.1 200 OK\""}
{"ts": "2026-08-17T05:32:08.921369666Z", "container": "prefect-worker", "msg": "2026-08-17 05:32:08 | INFO  | _client.py:_send_single_request:1740 | HTTP Request: POST http://prefect-server:4200/api/work_pools/smarthub-pool/get_scheduled_flow_runs \"HTTP/1.1 200 OK\""}
{"ts": "2026-08-17T05:32:20.178241912Z", "container": "prefect-worker", "msg": "2026-08-17 05:32:20 | INFO  | _client.py:_send_single_request:1740 | HTTP Request: POST http://prefect-server:4200/api/work_pools/smarthub-pool/get_scheduled_flow_runs \"HTTP/1.1 200 OK\""}
{"ts": "2026-08-17T05:32:29.198626258Z", "container": "prefect-worker", "msg": "2026-08-17 05:32:29 | INFO  | _client.py:_send_single_request:1740 | HTTP Request: POST http://prefect-server:4200/api/work_pools/smarthub-pool/get_scheduled_flow_runs \"HTTP/1.1 200 OK\""}
{"ts": "2026-08-17T05:32:39.299751147Z", "container": "prefect-worker", "msg": "2026-08-17 05:32:39 | INFO  | _client.py:_send_single_request:1740 | HTTP Request: POST http://prefect-server:4200/api/work_pools/smarthub-pool/get_scheduled_flow_runs \"HTTP/1.1 200 OK\""}
{"ts": "2026-08-17T05:32:48.326052613Z", "container": "prefect-worker", "msg": "2026-08-17 05:32:48 | INFO  | _client.py:_send_single_request:1740 | HTTP Request: POST http://prefect-server:4200/api/work_pools/smarthub-pool/get_scheduled_flow_runs \"HTTP/1.1 200 OK\""}
{"ts": "2026-08-17T05:32:56.761018681Z", "container": "prefect-worker", "msg": "2026-08-17 05:32:56 | INFO  | _client.py:_send_single_request:1740 | HTTP Request: POST http://prefect-server:4200/api/work_pools/smarthub-pool/get_scheduled_flow_runs \"HTTP/1.1 200 OK\""}
{"ts": "2026-08-17T05:33:05.481082007Z", "container": "prefect-worker", "msg": "2026-08-17 05:33:05 | INFO  | _client.py:_send_single_request:1740 | HTTP Request: POST http://prefect-server:4200/api/work_pools/smarthub-pool/get_scheduled_flow_runs \"HTTP/1.1 200 OK\""}
{"ts": "2026-08-17T05:33:13.445706988Z", "container": "prefect-worker", "msg": "2026-08-17 05:33:13 | INFO  | _client.py:_send_single_request:1740 | HTTP Request: POST http://prefect-server:4200/api/work_pools/smarthub-pool/get_scheduled_flow_runs \"HTTP/1.1 200 OK\""}
{"ts": "2026-08-17T05:33:23.780388129Z", "container": "prefect-worker", "msg": "2026-08-17 05:33:23 | INFO  | _client.py:_send_single_request:1740 | HTTP Request: POST http://prefect-server:4200/api/work_pools/smarthub-pool/get_scheduled_flow_runs \"HTTP/1.1 200 OK\""}
{"ts": "2026-08-17T05:33:32.497849999Z", "container": "prefect-worker", "msg": "2026-08-17 05:33:32 | INFO  | _client.py:_send_single_request:1740 | HTTP Request: POST http://prefect-server:4200/api/work_pools/smarthub-pool/get_scheduled_flow_runs \"HTTP/1.1 200 OK\""}
{"ts": "2026-08-17T05:33:41.806642514Z", "container": "prefect-worker", "msg": "2026-08-17 05:33:41 | INFO  | _client.py:_send_single_request:1740 | HTTP Request: POST http://prefect-server:4200/api/work_pools/smarthub-pool/get_scheduled_flow_runs \"HTTP/1.1 200 OK\""}
{"ts": "2026-08-17T05:33:51.422439580Z", "container": "prefect-worker", "msg": "2026-08-17 05:33:51 | INFO  | _client.py:_send_single_request:1740 | HTTP Request: POST http://prefect-server:4200/api/work_pools/smarthub-pool/get_scheduled_flow_runs \"HTTP/1.1 200 OK\""}
{"ts": "2026-08-17T05:34:03.611596108Z", "container": "prefect-worker", "msg": "2026-08-17 05:34:03 | INFO  | _client.py:_send_single_request:1740 | HTTP Request: POST http://prefect-server:4200/api/work_pools/smarthub-pool/get_scheduled_flow_runs \"HTTP/1.1 200 OK\""}
{"ts": "2026-08-17T05:34:12.258796498Z", "container": "prefect-worker", "msg": "2026-08-17 05:34:12 | INFO  | _client.py:_send_single_request:1740 | HTTP Request: POST http://prefect-server:4200/api/work_pools/smarthub-pool/get_scheduled_flow_runs \"HTTP/1.1 200 OK\""}
{"ts": "2026-08-17T05:34:21.229408464Z", "container": "prefect-worker", "msg": "2026-08-17 05:34:21 | INFO  | _client.py:_send_single_request:1740 | HTTP Request: POST http://prefect-server:4200/api/work_pools/smarthub-pool/get_scheduled_flow_runs \"HTTP/1.1 200 OK\""}
{"ts": "2026-08-17T05:34:28.905740439Z", "container": "prefect-worker", "msg": "2026-08-17 05:34:28 | INFO  | _client.py:_send_single_request:1740 | HTTP Request: POST http://prefect-server:4200/api/work_pools/smarthub-pool/get_scheduled_flow_runs \"HTTP/1.1 200 OK\""}
{"ts": "2026-08-17T05:34:38.001973187Z", "container": "prefect-worker", "msg": "2026-08-17 05:34:38 | INFO  | _client.py:_send_single_request:1740 | HTTP Request: POST http://prefect-server:4200/api/work_pools/smarthub-pool/get_scheduled_flow_runs \"HTTP/1.1 200 OK\""}
{"ts": "2026-08-17T05:34:49.642992005Z", "container": "prefect-worker", "msg": "2026-08-17 05:34:49 | INFO  | _client.py:_send_single_request:1740 | HTTP Request: POST http://prefect-server:4200/api/work_pools/smarthub-pool/get_scheduled_flow_runs \"HTTP/1.1 200 OK\""}
{"ts": "2026-08-17T05:34:59.936827676Z", "container": "prefect-worker", "msg": "2026-08-17 05:34:59 | INFO  | _client.py:_send_single_request:1740 | HTTP Request: POST http://prefect-server:4200/api/work_pools/smarthub-pool/get_scheduled_flow_runs \"HTTP/1.1 200 OK\""}
{"ts": "2026-08-17T05:35:07.538440743Z", "container": "prefect-worker", "msg": "2026-08-17 05:35:07 | INFO  | _client.py:_send_single_request:1740 | HTTP Request: POST http://prefect-server:4200/api/work_pools/smarthub-pool/get_scheduled_flow_runs \"HTTP/1.1 200 OK\""}
{"ts": "2026-08-17T05:35:15.205717660Z", "container": "prefect-worker", "msg": "2026-08-17 05:35:15 | INFO  | _client.py:_send_single_request:1740 | HTTP Request: POST http://prefect-server:4200/api/work_pools/smarthub-pool/get_scheduled_flow_runs \"HTTP/1.1 200 OK\""}
{"ts": "2026-08-17T05:35:23.637748243Z", "container": "prefect-worker", "msg": "2026-08-17 05:35:23 | INFO  | _client.py:_send_single_request:1740 | HTTP Request: POST http://prefect-server:4200/api/work_pools/smarthub-pool/get_scheduled_flow_runs \"HTTP/1.1 200 OK\""}
{"ts": "2026-08-17T05:35:35.821630863Z", "container": "prefect-worker", "msg": "2026-08-17 05:35:35 | INFO  | _client.py:_send_single_request:1740 | HTTP Request: POST http://prefect-server:4200/api/work_pools/smarthub-pool/get_scheduled_flow_runs \"HTTP/1.1 200 OK\""}
{"ts": "2026-08-17T05:35:44.037561192Z", "container": "prefect-worker", "msg": "2026-08-17 05:35:44 | INFO  | _client.py:_send_single_request:1740 | HTTP Request: POST http://prefect-server:4200/api/work_pools/smarthub-pool/get_scheduled_flow_runs \"HTTP/1.1 200 OK\""}
{"ts": "2026-08-17T05:35:54.441915863Z", "container": "prefect-worker", "msg": "2026-08-17 05:35:54 | INFO  | _client.py:_send_single_request:1740 | HTTP Request: POST http://prefect-server:4200/api/work_pools/smarthub-pool/get_scheduled_flow_runs \"HTTP/1.1 200 OK\""}
{"ts": "2026-08-17T05:36:02.570886503Z", "container": "prefect-worker", "msg": "2026-08-17 05:36:02 | INFO  | _client.py:_send_single_request:1740 | HTTP Request: POST http://prefect-server:4200/api/work_pools/smarthub-pool/get_scheduled_flow_runs \"HTTP/1.1 200 OK\""}
{"ts": "2026-08-17T05:36:10.532790152Z", "container": "prefect-worker", "msg": "2026-08-17 05:36:10 | INFO  | _client.py:_send_single_request:1740 | HTTP Request: POST http://prefect-server:4200/api/work_pools/smarthub-pool/get_scheduled_flow_runs \"HTTP/1.1 200 OK\""}
{"ts": "2026-08-17T05:36:23.242292135Z", "container": "prefect-worker", "msg": "2026-08-17 05:36:23 | INFO  | _client.py:_send_single_request:1740 | HTTP Request: POST http://prefect-server:4200/api/work_pools/smarthub-pool/get_scheduled_flow_runs \"HTTP/1.1 200 OK\""}
{"ts": "2026-08-17T05:36:34.609593435Z", "container": "prefect-worker", "msg": "2026-08-17 05:36:34 | INFO  | _client.py:_send_single_request:1740 | HTTP Request: POST http://prefect-server:4200/api/work_pools/smarthub-pool/get_scheduled_flow_runs \"HTTP/1.1 200 OK\""}
{"ts": "2026-08-17T05:36:45.701671499Z", "container": "prefect-worker", "msg": "2026-08-17 05:36:45 | INFO  | _client.py:_send_single_request:1740 | HTTP Request: POST http://prefect-server:4200/api/work_pools/smarthub-pool/get_scheduled_flow_runs \"HTTP/1.1 200 OK\""}
{"ts": "2026-08-17T05:36:55.345199444Z", "container": "prefect-worker", "msg": "2026-08-17 05:36:55 | INFO  | _client.py:_send_single_request:1740 | HTTP Request: POST http://prefect-server:4200/api/work_pools/smarthub-pool/get_scheduled_flow_runs \"HTTP/1.1 200 OK\""}
{"ts": "2026-08-17T05:37:03.839136233Z", "container": "prefect-worker", "msg": "2026-08-17 05:37:03 | INFO  | _client.py:_send_single_request:1740 | HTTP Request: POST http://prefect-server:4200/api/work_pools/smarthub-pool/get_scheduled_flow_runs \"HTTP/1.1 200 OK\""}
{"ts": "2026-08-17T05:37:15.906286062Z", "container": "prefect-worker", "msg": "2026-08-17 05:37:15 | INFO  | _client.py:_send_single_request:1740 | HTTP Request: POST http://prefect-server:4200/api/work_pools/smarthub-pool/get_scheduled_flow_runs \"HTTP/1.1 200 OK\""}
{"ts": "2026-08-17T05:37:24.301552217Z", "container": "prefect-worker", "msg": "2026-08-17 05:37:24 | INFO  | _client.py:_send_single_request:1740 | HTTP Request: POST http://prefect-server:4200/api/work_pools/smarthub-pool/get_scheduled_flow_runs \"HTTP/1.1 200 OK\""}
{"ts": "2026-08-17T05:37:32.393752981Z", "container": "prefect-worker", "msg": "2026-08-17 05:37:32 | INFO  | _client.py:_send_single_request:1740 | HTTP Request: POST http://prefect-server:4200/api/work_pools/smarthub-pool/get_scheduled_flow_runs \"HTTP/1.1 200 OK\""}
{"ts": "2026-08-17T05:37:45.345024562Z", "container": "prefect-worker", "msg": "2026-08-17 05:37:45 | INFO  | _client.py:_send_single_request:1740 | HTTP Request: POST http://prefect-server:4200/api/work_pools/smarthub-pool/get_scheduled_flow_runs \"HTTP/1.1 200 OK\""}
{"ts": "2026-08-17T05:37:53.142489576Z", "container": "prefect-worker", "msg": "2026-08-17 05:37:53 | INFO  | _client.py:_send_single_request:1740 | HTTP Request: POST http://prefect-server:4200/api/work_pools/smarthub-pool/get_scheduled_flow_runs \"HTTP/1.1 200 OK\""}
{"ts": "2026-08-17T05:38:04.456866330Z", "container": "prefect-worker", "msg": "2026-08-17 05:38:04 | INFO  | _client.py:_send_single_request:1740 | HTTP Request: POST http://prefect-server:4200/api/work_pools/smarthub-pool/get_scheduled_flow_runs \"HTTP/1.1 200 OK\""}
{"ts": "2026-08-17T05:38:16.595176850Z", "container": "prefect-worker", "msg": "2026-08-17 05:38:16 | INFO  | _client.py:_send_single_request:1740 | HTTP Request: POST http://prefect-server:4200/api/work_pools/smarthub-pool/get_scheduled_flow_runs \"HTTP/1.1 200 OK\""}
{"ts": "2026-08-17T05:38:27.173503394Z", "container": "prefect-worker", "msg": "2026-08-17 05:38:27 | INFO  | _client.py:_send_single_request:1740 | HTTP Request: POST http://prefect-server:4200/api/work_pools/smarthub-pool/get_scheduled_flow_runs \"HTTP/1.1 200 OK\""}
{"ts": "2026-08-17T05:38:36.590668539Z", "container": "prefect-worker", "msg": "2026-08-17 05:38:36 | INFO  | _client.py:_send_single_request:1740 | HTTP Request: POST http://prefect-server:4200/api/work_pools/smarthub-pool/get_scheduled_flow_runs \"HTTP/1.1 200 OK\""}
{"ts": "2026-08-17T05:38:44.595221737Z", "container": "prefect-worker", "msg": "2026-08-17 05:38:44 | INFO  | _client.py:_send_single_request:1740 | HTTP Request: POST http://prefect-server:4200/api/work_pools/smarthub-pool/get_scheduled_flow_runs \"HTTP/1.1 200 OK\""}
{"ts": "2026-08-17T05:38:52.208669536Z", "container": "prefect-worker", "msg": "2026-08-17 05:38:52 | INFO  | _client.py:_send_single_request:1740 | HTTP Request: POST http://prefect-server:4200/api/work_pools/smarthub-pool/get_scheduled_flow_runs \"HTTP/1.1 200 OK\""}
{"ts": "2026-08-17T05:39:04.069972123Z", "container": "prefect-worker", "msg": "2026-08-17 05:39:04 | INFO  | _client.py:_send_single_request:1740 | HTTP Request: POST http://prefect-server:4200/api/work_pools/smarthub-pool/get_scheduled_flow_runs \"HTTP/1.1 200 OK\""}
{"ts": "2026-08-17T05:39:12.842764198Z", "container": "prefect-worker", "msg": "2026-08-17 05:39:12 | INFO  | _client.py:_send_single_request:1740 | HTTP Request: POST http://prefect-server:4200/api/work_pools/smarthub-pool/get_scheduled_flow_runs \"HTTP/1.1 200 OK\""}
{"ts": "2026-08-17T05:39:20.622884234Z", "container": "prefect-worker", "msg": "2026-08-17 05:39:20 | INFO  | _client.py:_send_single_request:1740 | HTTP Request: POST http://prefect-server:4200/api/work_pools/smarthub-pool/get_scheduled_flow_runs \"HTTP/1.1 200 OK\""}
{"ts": "2026-08-17T05:39:30.301978808Z", "container": "prefect-worker", "msg": "2026-08-17 05:39:30 | INFO  | _client.py:_send_single_request:1740 | HTTP Request: POST http://prefect-server:4200/api/work_pools/smarthub-pool/get_scheduled_flow_runs \"HTTP/1.1 200 OK\""}
{"ts": "2026-08-17T05:39:41.095413257Z", "container": "prefect-worker", "msg": "2026-08-17 05:39:41 | INFO  | _client.py:_send_single_request:1740 | HTTP Request: POST http://prefect-server:4200/api/work_pools/smarthub-pool/get_scheduled_flow_runs \"HTTP/1.1 200 OK\""}
{"ts": "2026-08-17T05:39:49.199936446Z", "container": "prefect-worker", "msg": "2026-08-17 05:39:49 | INFO  | _client.py:_send_single_request:1740 | HTTP Request: POST http://prefect-server:4200/api/work_pools/smarthub-pool/get_scheduled_flow_runs \"HTTP/1.1 200 OK\""}
{"ts": "2026-08-17T05:40:00.493515265Z", "container": "prefect-worker", "msg": "2026-08-17 05:40:00 | INFO  | _client.py:_send_single_request:1740 | HTTP Request: POST http://prefect-server:4200/api/work_pools/smarthub-pool/get_scheduled_flow_runs \"HTTP/1.1 200 OK\""}
{"ts": "2026-08-17T05:40:12.754424600Z", "container": "prefect-worker", "msg": "2026-08-17 05:40:12 | INFO  | _client.py:_send_single_request:1740 | HTTP Request: POST http://prefect-server:4200/api/work_pools/smarthub-pool/get_scheduled_flow_runs \"HTTP/1.1 200 OK\""}
{"ts": "2026-08-17T05:40:22.457376079Z", "container": "prefect-worker", "msg": "2026-08-17 05:40:22 | INFO  | _client.py:_send_single_request:1740 | HTTP Request: POST http://prefect-server:4200/api/work_pools/smarthub-pool/get_scheduled_flow_runs \"HTTP/1.1 200 OK\""}
{"ts": "2026-08-17T05:40:30.353441654Z", "container": "prefect-worker", "msg": "2026-08-17 05:40:30 | INFO  | _client.py:_send_single_request:1740 | HTTP Request: POST http://prefect-server:4200/api/work_pools/smarthub-pool/get_scheduled_flow_runs \"HTTP/1.1 200 OK\""}
{"ts": "2026-08-17T05:40:38.301359968Z", "container": "prefect-worker", "msg": "2026-08-17 05:40:38 | INFO  | _client.py:_send_single_request:1740 | HTTP Request: POST http://prefect-server:4200/api/work_pools/smarthub-pool/get_scheduled_flow_runs \"HTTP/1.1 200 OK\""}
{"ts": "2026-08-17T05:40:47.617898664Z", "container": "prefect-worker", "msg": "2026-08-17 05:40:47 | INFO  | _client.py:_send_single_request:1740 | HTTP Request: POST http://prefect-server:4200/api/work_pools/smarthub-pool/get_scheduled_flow_runs \"HTTP/1.1 200 OK\""}
{"ts": "2026-08-17T05:40:55.933428183Z", "container": "prefect-worker", "msg": "2026-08-17 05:40:55 | INFO  | _client.py:_send_single_request:1740 | HTTP Request: POST http://prefect-server:4200/api/work_pools/smarthub-pool/get_scheduled_flow_runs \"HTTP/1.1 200 OK\""}
{"ts": "2026-08-17T05:41:03.893314843Z", "container": "prefect-worker", "msg": "2026-08-17 05:41:03 | INFO  | _client.py:_send_single_request:1740 | HTTP Request: POST http://prefect-server:4200/api/work_pools/smarthub-pool/get_scheduled_flow_runs \"HTTP/1.1 200 OK\""}
{"ts": "2026-08-17T05:41:12.452421007Z", "container": "prefect-worker", "msg": "2026-08-17 05:41:12 | INFO  | _client.py:_send_single_request:1740 | HTTP Request: POST http://prefect-server:4200/api/work_pools/smarthub-pool/get_scheduled_flow_runs \"HTTP/1.1 200 OK\""}
{"ts": "2026-08-17T05:41:20.001706865Z", "container": "prefect-worker", "msg": "2026-08-17 05:41:20 | INFO  | _client.py:_send_single_request:1740 | HTTP Request: POST http://prefect-server:4200/api/work_pools/smarthub-pool/get_scheduled_flow_runs \"HTTP/1.1 200 OK\""}
{"ts": "2026-08-17T05:41:29.625936533Z", "container": "prefect-worker", "msg": "2026-08-17 05:41:29 | INFO  | _client.py:_send_single_request:1740 | HTTP Request: POST http://prefect-server:4200/api/work_pools/smarthub-pool/get_scheduled_flow_runs \"HTTP/1.1 200 OK\""}
{"ts": "2026-08-17T05:41:40.017867370Z", "container": "prefect-worker", "msg": "2026-08-17 05:41:40 | INFO  | _client.py:_send_single_request:1740 | HTTP Request: POST http://prefect-server:4200/api/work_pools/smarthub-pool/get_scheduled_flow_runs \"HTTP/1.1 200 OK\""}
{"ts": "2026-08-17T05:41:48.838983283Z", "container": "prefect-worker", "msg": "2026-08-17 05:41:48 | INFO  | _client.py:_send_single_request:1740 | HTTP Request: POST http://prefect-server:4200/api/work_pools/smarthub-pool/get_scheduled_flow_runs \"HTTP/1.1 200 OK\""}
{"ts": "2026-08-17T05:42:00.442820028Z", "container": "prefect-worker", "msg": "2026-08-17 05:42:00 | INFO  | _client.py:_send_single_request:1740 | HTTP Request: POST http://prefect-server:4200/api/work_pools/smarthub-pool/get_scheduled_flow_runs \"HTTP/1.1 200 OK\""}
{"ts": "2026-08-17T05:42:08.901933376Z", "container": "prefect-worker", "msg": "2026-08-17 05:42:08 | INFO  | _client.py:_send_single_request:1740 | HTTP Request: POST http://prefect-server:4200/api/work_pools/smarthub-pool/get_scheduled_flow_runs \"HTTP/1.1 200 OK\""}
{"ts": "2026-08-17T05:42:17.007753429Z", "container": "prefect-worker", "msg": "2026-08-17 05:42:17 | INFO  | _client.py:_send_single_request:1740 | HTTP Request: POST http://prefect-server:4200/api/work_pools/smarthub-pool/get_scheduled_flow_runs \"HTTP/1.1 200 OK\""}
{"ts": "2026-08-17T05:42:28.042628659Z", "container": "prefect-worker", "msg": "2026-08-17 05:42:28 | INFO  | _client.py:_send_single_request:1740 | HTTP Request: POST http://prefect-server:4200/api/work_pools/smarthub-pool/get_scheduled_flow_runs \"HTTP/1.1 200 OK\""}
{"ts": "2026-08-17T05:42:37.461556929Z", "container": "prefect-worker", "msg": "2026-08-17 05:42:37 | INFO  | _client.py:_send_single_request:1740 | HTTP Request: POST http://prefect-server:4200/api/work_pools/smarthub-pool/get_scheduled_flow_runs \"HTTP/1.1 200 OK\""}
{"ts": "2026-08-17T05:42:45.131788575Z", "container": "prefect-worker", "msg": "2026-08-17 05:42:45 | INFO  | _client.py:_send_single_request:1740 | HTTP Request: POST http://prefect-server:4200/api/work_pools/smarthub-pool/get_scheduled_flow_runs \"HTTP/1.1 200 OK\""}
{"ts": "2026-08-17T05:42:57.769282974Z", "container": "prefect-worker", "msg": "2026-08-17 05:42:57 | INFO  | _client.py:_send_single_request:1740 | HTTP Request: POST http://prefect-server:4200/api/work_pools/smarthub-pool/get_scheduled_flow_runs \"HTTP/1.1 200 OK\""}
{"ts": "2026-08-17T05:43:06.809723744Z", "container": "prefect-worker", "msg": "2026-08-17 05:43:06 | INFO  | _client.py:_send_single_request:1740 | HTTP Request: POST http://prefect-server:4200/api/work_pools/smarthub-pool/get_scheduled_flow_runs \"HTTP/1.1 200 OK\""}
{"ts": "2026-08-17T05:43:18.619774927Z", "container": "prefect-worker", "msg": "2026-08-17 05:43:18 | INFO  | _client.py:_send_single_request:1740 | HTTP Request: POST http://prefect-server:4200/api/work_pools/smarthub-pool/get_scheduled_flow_runs \"HTTP/1.1 200 OK\""}
{"ts": "2026-08-17T05:43:28.215187779Z", "container": "prefect-worker", "msg": "2026-08-17 05:43:28 | INFO  | _client.py:_send_single_request:1740 | HTTP Request: POST http://prefect-server:4200/api/work_pools/smarthub-pool/get_scheduled_flow_runs \"HTTP/1.1 200 OK\""}
{"ts": "2026-08-17T05:43:36.304653581Z", "container": "prefect-worker", "msg": "2026-08-17 05:43:36 | INFO  | _client.py:_send_single_request:1740 | HTTP Request: POST http://prefect-server:4200/api/work_pools/smarthub-pool/get_scheduled_flow_runs \"HTTP/1.1 200 OK\""}
{"ts": "2026-08-17T05:43:46.558932094Z", "container": "prefect-worker", "msg": "2026-08-17 05:43:46 | INFO  | _client.py:_send_single_request:1740 | HTTP Request: POST http://prefect-server:4200/api/work_pools/smarthub-pool/get_scheduled_flow_runs \"HTTP/1.1 200 OK\""}
{"ts": "2026-08-17T05:43:55.748320705Z", "container": "prefect-worker", "msg": "2026-08-17 05:43:55 | INFO  | _client.py:_send_single_request:1740 | HTTP Request: POST http://prefect-server:4200/api/work_pools/smarthub-pool/get_scheduled_flow_runs \"HTTP/1.1 200 OK\""}
{"ts": "2026-08-17T05:44:04.985173456Z", "container": "prefect-worker", "msg": "2026-08-17 05:44:04 | INFO  | _client.py:_send_single_request:1740 | HTTP Request: POST http://prefect-server:4200/api/work_pools/smarthub-pool/get_scheduled_flow_runs \"HTTP/1.1 200 OK\""}
{"ts": "2026-08-17T05:44:13.589844852Z", "container": "prefect-worker", "msg": "2026-08-17 05:44:13 | INFO  | _client.py:_send_single_request:1740 | HTTP Request: POST http://prefect-server:4200/api/work_pools/smarthub-pool/get_scheduled_flow_runs \"HTTP/1.1 200 OK\""}
{"ts": "2026-08-17T05:44:25.830159695Z", "container": "prefect-worker", "msg": "2026-08-17 05:44:25 | INFO  | _client.py:_send_single_request:1740 | HTTP Request: POST http://prefect-server:4200/api/work_pools/smarthub-pool/get_scheduled_flow_runs \"HTTP/1.1 200 OK\""}
{"ts": "2026-08-17T05:44:37.173716001Z", "container": "prefect-worker", "msg": "2026-08-17 05:44:37 | INFO  | _client.py:_send_single_request:1740 | HTTP Request: POST http://prefect-server:4200/api/work_pools/smarthub-pool/get_scheduled_flow_runs \"HTTP/1.1 200 OK\""}
{"ts": "2026-08-17T05:44:49.959915960Z", "container": "prefect-worker", "msg": "2026-08-17 05:44:49 | INFO  | _client.py:_send_single_request:1740 | HTTP Request: POST http://prefect-server:4200/api/work_pools/smarthub-pool/get_scheduled_flow_runs \"HTTP/1.1 200 OK\""}
{"ts": "2026-08-17T05:44:58.543598214Z", "container": "prefect-worker", "msg": "2026-08-17 05:44:58 | INFO  | _client.py:_send_single_request:1740 | HTTP Request: POST http://prefect-server:4200/api/work_pools/smarthub-pool/get_scheduled_flow_runs \"HTTP/1.1 200 OK\""}
{"ts": "2026-08-17T05:45:08.704589963Z", "container": "prefect-worker", "msg": "2026-08-17 05:45:08 | INFO  | _client.py:_send_single_request:1740 | HTTP Request: POST http://prefect-server:4200/api/work_pools/smarthub-pool/get_scheduled_flow_runs \"HTTP/1.1 200 OK\""}
{"ts": "2026-08-17T05:45:16.305480235Z", "container": "prefect-worker", "msg": "2026-08-17 05:45:16 | INFO  | _client.py:_send_single_request:1740 | HTTP Request: POST http://prefect-server:4200/api/work_pools/smarthub-pool/get_scheduled_flow_runs \"HTTP/1.1 200 OK\""}
{"ts": "2026-08-17T05:45:29.166216854Z", "container": "prefect-worker", "msg": "2026-08-17 05:45:29 | INFO  | _client.py:_send_single_request:1740 | HTTP Request: POST http://prefect-server:4200/api/work_pools/smarthub-pool/get_scheduled_flow_runs \"HTTP/1.1 200 OK\""}
{"ts": "2026-08-17T05:45:38.193411200Z", "container": "prefect-worker", "msg": "2026-08-17 05:45:38 | INFO  | _client.py:_send_single_request:1740 | HTTP Request: POST http://prefect-server:4200/api/work_pools/smarthub-pool/get_scheduled_flow_runs \"HTTP/1.1 200 OK\""}
{"ts": "2026-08-17T05:45:49.639188403Z", "container": "prefect-worker", "msg": "2026-08-17 05:45:49 | INFO  | _client.py:_send_single_request:1740 | HTTP Request: POST http://prefect-server:4200/api/work_pools/smarthub-pool/get_scheduled_flow_runs \"HTTP/1.1 200 OK\""}
{"ts": "2026-08-17T05:45:59.221687151Z", "container": "prefect-worker", "msg": "2026-08-17 05:45:59 | INFO  | _client.py:_send_single_request:1740 | HTTP Request: POST http://prefect-server:4200/api/work_pools/smarthub-pool/get_scheduled_flow_runs \"HTTP/1.1 200 OK\""}
{"ts": "2026-08-17T05:46:12.123692823Z", "container": "prefect-worker", "msg": "2026-08-17 05:46:12 | INFO  | _client.py:_send_single_request:1740 | HTTP Request: POST http://prefect-server:4200/api/work_pools/smarthub-pool/get_scheduled_flow_runs \"HTTP/1.1 200 OK\""}
{"ts": "2026-08-17T05:46:23.562515982Z", "container": "prefect-worker", "msg": "2026-08-17 05:46:23 | INFO  | _client.py:_send_single_request:1740 | HTTP Request: POST http://prefect-server:4200/api/work_pools/smarthub-pool/get_scheduled_flow_runs \"HTTP/1.1 200 OK\""}
{"ts": "2026-08-17T05:46:31.892758839Z", "container": "prefect-worker", "msg": "2026-08-17 05:46:31 | INFO  | _client.py:_send_single_request:1740 | HTTP Request: POST http://prefect-server:4200/api/work_pools/smarthub-pool/get_scheduled_flow_runs \"HTTP/1.1 200 OK\""}
{"ts": "2026-08-17T05:46:44.135459553Z", "container": "prefect-worker", "msg": "2026-08-17 05:46:44 | INFO  | _client.py:_send_single_request:1740 | HTTP Request: POST http://prefect-server:4200/api/work_pools/smarthub-pool/get_scheduled_flow_runs \"HTTP/1.1 200 OK\""}
{"ts": "2026-08-17T05:46:55.723740655Z", "container": "prefect-worker", "msg": "2026-08-17 05:46:55 | INFO  | _client.py:_send_single_request:1740 | HTTP Request: POST http://prefect-server:4200/api/work_pools/smarthub-pool/get_scheduled_flow_runs \"HTTP/1.1 200 OK\""}
{"ts": "2026-08-17T05:47:07.196827519Z", "container": "prefect-worker", "msg": "2026-08-17 05:47:07 | INFO  | _client.py:_send_single_request:1740 | HTTP Request: POST http://prefect-server:4200/api/work_pools/smarthub-pool/get_scheduled_flow_runs \"HTTP/1.1 200 OK\""}
{"ts": "2026-08-17T05:47:15.314424301Z", "container": "prefect-worker", "msg": "2026-08-17 05:47:15 | INFO  | _client.py:_send_single_request:1740 | HTTP Request: POST http://prefect-server:4200/api/work_pools/smarthub-pool/get_scheduled_flow_runs \"HTTP/1.1 200 OK\""}
{"ts": "2026-08-17T05:47:23.173588193Z", "container": "prefect-worker", "msg": "2026-08-17 05:47:23 | INFO  | _client.py:_send_single_request:1740 | HTTP Request: POST http://prefect-server:4200/api/work_pools/smarthub-pool/get_scheduled_flow_runs \"HTTP/1.1 200 OK\""}
{"ts": "2026-08-17T05:47:31.380123592Z", "container": "prefect-worker", "msg": "2026-08-17 05:47:31 | INFO  | _client.py:_send_single_request:1740 | HTTP Request: POST http://prefect-server:4200/api/work_pools/smarthub-pool/get_scheduled_flow_runs \"HTTP/1.1 200 OK\""}
{"ts": "2026-08-17T05:47:42.207474553Z", "container": "prefect-worker", "msg": "2026-08-17 05:47:42 | INFO  | _client.py:_send_single_request:1740 | HTTP Request: POST http://prefect-server:4200/api/work_pools/smarthub-pool/get_scheduled_flow_runs \"HTTP/1.1 200 OK\""}
{"ts": "2026-08-17T05:47:51.273927274Z", "container": "prefect-worker", "msg": "2026-08-17 05:47:51 | INFO  | _client.py:_send_single_request:1740 | HTTP Request: POST http://prefect-server:4200/api/work_pools/smarthub-pool/get_scheduled_flow_runs \"HTTP/1.1 200 OK\""}
{"ts": "2026-08-17T05:48:01.590250440Z", "container": "prefect-worker", "msg": "2026-08-17 05:48:01 | INFO  | _client.py:_send_single_request:1740 | HTTP Request: POST http://prefect-server:4200/api/work_pools/smarthub-pool/get_scheduled_flow_runs \"HTTP/1.1 200 OK\""}
{"ts": "2026-08-17T05:48:09.937863702Z", "container": "prefect-worker", "msg": "2026-08-17 05:48:09 | INFO  | _client.py:_send_single_request:1740 | HTTP Request: POST http://prefect-server:4200/api/work_pools/smarthub-pool/get_scheduled_flow_runs \"HTTP/1.1 200 OK\""}
{"ts": "2026-08-17T05:48:18.114654717Z", "container": "prefect-worker", "msg": "2026-08-17 05:48:18 | INFO  | _client.py:_send_single_request:1740 | HTTP Request: POST http://prefect-server:4200/api/work_pools/smarthub-pool/get_scheduled_flow_runs \"HTTP/1.1 200 OK\""}
{"ts": "2026-08-17T05:48:31.077677232Z", "container": "prefect-worker", "msg": "2026-08-17 05:48:31 | INFO  | _client.py:_send_single_request:1740 | HTTP Request: POST http://prefect-server:4200/api/work_pools/smarthub-pool/get_scheduled_flow_runs \"HTTP/1.1 200 OK\""}
{"ts": "2026-08-17T05:48:40.583076243Z", "container": "prefect-worker", "msg": "2026-08-17 05:48:40 | INFO  | _client.py:_send_single_request:1740 | HTTP Request: POST http://prefect-server:4200/api/work_pools/smarthub-pool/get_scheduled_flow_runs \"HTTP/1.1 200 OK\""}
{"ts": "2026-08-17T05:48:50.504469704Z", "container": "prefect-worker", "msg": "2026-08-17 05:48:50 | INFO  | _client.py:_send_single_request:1740 | HTTP Request: POST http://prefect-server:4200/api/work_pools/smarthub-pool/get_scheduled_flow_runs \"HTTP/1.1 200 OK\""}
{"ts": "2026-08-17T05:48:59.983897299Z", "container": "prefect-worker", "msg": "2026-08-17 05:48:59 | INFO  | _client.py:_send_single_request:1740 | HTTP Request: POST http://prefect-server:4200/api/work_pools/smarthub-pool/get_scheduled_flow_runs \"HTTP/1.1 200 OK\""}
{"ts": "2026-08-17T05:49:09.398342457Z", "container": "prefect-worker", "msg": "2026-08-17 05:49:09 | INFO  | _client.py:_send_single_request:1740 | HTTP Request: POST http://prefect-server:4200/api/work_pools/smarthub-pool/get_scheduled_flow_runs \"HTTP/1.1 200 OK\""}
{"ts": "2026-08-17T05:49:20.614685930Z", "container": "prefect-worker", "msg": "2026-08-17 05:49:20 | INFO  | _client.py:_send_single_request:1740 | HTTP Request: POST http://prefect-server:4200/api/work_pools/smarthub-pool/get_scheduled_flow_runs \"HTTP/1.1 200 OK\""}
{"ts": "2026-08-17T05:49:32.736302443Z", "container": "prefect-worker", "msg": "2026-08-17 05:49:32 | INFO  | _client.py:_send_single_request:1740 | HTTP Request: POST http://prefect-server:4200/api/work_pools/smarthub-pool/get_scheduled_flow_runs \"HTTP/1.1 200 OK\""}
{"ts": "2026-08-17T05:49:43.155427826Z", "container": "prefect-worker", "msg": "2026-08-17 05:49:43 | INFO  | _client.py:_send_single_request:1740 | HTTP Request: POST http://prefect-server:4200/api/work_pools/smarthub-pool/get_scheduled_flow_runs \"HTTP/1.1 200 OK\""}
{"ts": "2026-08-17T05:49:55.669672089Z", "container": "prefect-worker", "msg": "2026-08-17 05:49:55 | INFO  | _client.py:_send_single_request:1740 | HTTP Request: POST http://prefect-server:4200/api/work_pools/smarthub-pool/get_scheduled_flow_runs \"HTTP/1.1 200 OK\""}
{"ts": "2026-08-17T05:50:06.453342910Z", "container": "prefect-worker", "msg": "2026-08-17 05:50:06 | INFO  | _client.py:_send_single_request:1740 | HTTP Request: POST http://prefect-server:4200/api/work_pools/smarthub-pool/get_scheduled_flow_runs \"HTTP/1.1 200 OK\""}
{"ts": "2026-08-17T05:50:19.151583698Z", "container": "prefect-worker", "msg": "2026-08-17 05:50:19 | INFO  | _client.py:_send_single_request:1740 | HTTP Request: POST http://prefect-server:4200/api/work_pools/smarthub-pool/get_scheduled_flow_runs \"HTTP/1.1 200 OK\""}
{"ts": "2026-08-17T05:50:27.239963487Z", "container": "prefect-worker", "msg": "2026-08-17 05:50:27 | INFO  | _client.py:_send_single_request:1740 | HTTP Request: POST http://prefect-server:4200/api/work_pools/smarthub-pool/get_scheduled_flow_runs \"HTTP/1.1 200 OK\""}
{"ts": "2026-08-17T05:50:35.337169146Z", "container": "prefect-worker", "msg": "2026-08-17 05:50:35 | INFO  | _client.py:_send_single_request:1740 | HTTP Request: POST http://prefect-server:4200/api/work_pools/smarthub-pool/get_scheduled_flow_runs \"HTTP/1.1 200 OK\""}
{"ts": "2026-08-17T05:50:42.959535730Z", "container": "prefect-worker", "msg": "2026-08-17 05:50:42 | INFO  | _client.py:_send_single_request:1740 | HTTP Request: POST http://prefect-server:4200/api/work_pools/smarthub-pool/get_scheduled_flow_runs \"HTTP/1.1 200 OK\""}
{"ts": "2026-08-17T05:50:53.250161974Z", "container": "prefect-worker", "msg": "2026-08-17 05:50:53 | INFO  | _client.py:_send_single_request:1740 | HTTP Request: POST http://prefect-server:4200/api/work_pools/smarthub-pool/get_scheduled_flow_runs \"HTTP/1.1 200 OK\""}
{"ts": "2026-08-17T05:51:01.226931945Z", "container": "prefect-worker", "msg": "2026-08-17 05:51:01 | INFO  | _client.py:_send_single_request:1740 | HTTP Request: POST http://prefect-server:4200/api/work_pools/smarthub-pool/get_scheduled_flow_runs \"HTTP/1.1 200 OK\""}
{"ts": "2026-08-17T05:51:13.936074514Z", "container": "prefect-worker", "msg": "2026-08-17 05:51:13 | INFO  | _client.py:_send_single_request:1740 | HTTP Request: POST http://prefect-server:4200/api/work_pools/smarthub-pool/get_scheduled_flow_runs \"HTTP/1.1 200 OK\""}
{"ts": "2026-08-17T05:51:21.834499609Z", "container": "prefect-worker", "msg": "2026-08-17 05:51:21 | INFO  | _client.py:_send_single_request:1740 | HTTP Request: POST http://prefect-server:4200/api/work_pools/smarthub-pool/get_scheduled_flow_runs \"HTTP/1.1 200 OK\""}
{"ts": "2026-08-17T05:51:34.850031834Z", "container": "prefect-worker", "msg": "2026-08-17 05:51:34 | INFO  | _client.py:_send_single_request:1740 | HTTP Request: POST http://prefect-server:4200/api/work_pools/smarthub-pool/get_scheduled_flow_runs \"HTTP/1.1 200 OK\""}
{"ts": "2026-08-17T05:51:44.744124340Z", "container": "prefect-worker", "msg": "2026-08-17 05:51:44 | INFO  | _client.py:_send_single_request:1740 | HTTP Request: POST http://prefect-server:4200/api/work_pools/smarthub-pool/get_scheduled_flow_runs \"HTTP/1.1 200 OK\""}
{"ts": "2026-08-17T05:51:55.912251339Z", "container": "prefect-worker", "msg": "2026-08-17 05:51:55 | INFO  | _client.py:_send_single_request:1740 | HTTP Request: POST http://prefect-server:4200/api/work_pools/smarthub-pool/get_scheduled_flow_runs \"HTTP/1.1 200 OK\""}
{"ts": "2026-08-17T05:52:07.995512706Z", "container": "prefect-worker", "msg": "2026-08-17 05:52:07 | INFO  | _client.py:_send_single_request:1740 | HTTP Request: POST http://prefect-server:4200/api/work_pools/smarthub-pool/get_scheduled_flow_runs \"HTTP/1.1 200 OK\""}
{"ts": "2026-08-17T05:52:18.714675524Z", "container": "prefect-worker", "msg": "2026-08-17 05:52:18 | INFO  | _client.py:_send_single_request:1740 | HTTP Request: POST http://prefect-server:4200/api/work_pools/smarthub-pool/get_scheduled_flow_runs \"HTTP/1.1 200 OK\""}
{"ts": "2026-08-17T05:52:29.219577671Z", "container": "prefect-worker", "msg": "2026-08-17 05:52:29 | INFO  | _client.py:_send_single_request:1740 | HTTP Request: POST http://prefect-server:4200/api/work_pools/smarthub-pool/get_scheduled_flow_runs \"HTTP/1.1 200 OK\""}
{"ts": "2026-08-17T05:52:39.503489292Z", "container": "prefect-worker", "msg": "2026-08-17 05:52:39 | INFO  | _client.py:_send_single_request:1740 | HTTP Request: POST http://prefect-server:4200/api/work_pools/smarthub-pool/get_scheduled_flow_runs \"HTTP/1.1 200 OK\""}
{"ts": "2026-08-17T05:52:50.515877719Z", "container": "prefect-worker", "msg": "2026-08-17 05:52:50 | INFO  | _client.py:_send_single_request:1740 | HTTP Request: POST http://prefect-server:4200/api/work_pools/smarthub-pool/get_scheduled_flow_runs \"HTTP/1.1 200 OK\""}
{"ts": "2026-08-17T05:52:58.323536323Z", "container": "prefect-worker", "msg": "2026-08-17 05:52:58 | INFO  | _client.py:_send_single_request:1740 | HTTP Request: POST http://prefect-server:4200/api/work_pools/smarthub-pool/get_scheduled_flow_runs \"HTTP/1.1 200 OK\""}
{"ts": "2026-08-17T05:53:10.866254139Z", "container": "prefect-worker", "msg": "2026-08-17 05:53:10 | INFO  | _client.py:_send_single_request:1740 | HTTP Request: POST http://prefect-server:4200/api/work_pools/smarthub-pool/get_scheduled_flow_runs \"HTTP/1.1 200 OK\""}
{"ts": "2026-08-17T05:53:23.477738401Z", "container": "prefect-worker", "msg": "2026-08-17 05:53:23 | INFO  | _client.py:_send_single_request:1740 | HTTP Request: POST http://prefect-server:4200/api/work_pools/smarthub-pool/get_scheduled_flow_runs \"HTTP/1.1 200 OK\""}
{"ts": "2026-08-17T05:53:35.814859046Z", "container": "prefect-worker", "msg": "2026-08-17 05:53:35 | INFO  | _client.py:_send_single_request:1740 | HTTP Request: POST http://prefect-server:4200/api/work_pools/smarthub-pool/get_scheduled_flow_runs \"HTTP/1.1 200 OK\""}
{"ts": "2026-08-17T05:53:45.355061915Z", "container": "prefect-worker", "msg": "2026-08-17 05:53:45 | INFO  | _client.py:_send_single_request:1740 | HTTP Request: POST http://prefect-server:4200/api/work_pools/smarthub-pool/get_scheduled_flow_runs \"HTTP/1.1 200 OK\""}
{"ts": "2026-08-17T05:53:55.165903157Z", "container": "prefect-worker", "msg": "2026-08-17 05:53:55 | INFO  | _client.py:_send_single_request:1740 | HTTP Request: POST http://prefect-server:4200/api/work_pools/smarthub-pool/get_scheduled_flow_runs \"HTTP/1.1 200 OK\""}
{"ts": "2026-08-17T05:54:05.936520100Z", "container": "prefect-worker", "msg": "2026-08-17 05:54:05 | INFO  | _client.py:_send_single_request:1740 | HTTP Request: POST http://prefect-server:4200/api/work_pools/smarthub-pool/get_scheduled_flow_runs \"HTTP/1.1 200 OK\""}
{"ts": "2026-08-17T05:54:18.269771573Z", "container": "prefect-worker", "msg": "2026-08-17 05:54:18 | INFO  | _client.py:_send_single_request:1740 | HTTP Request: POST http://prefect-server:4200/api/work_pools/smarthub-pool/get_scheduled_flow_runs \"HTTP/1.1 200 OK\""}
{"ts": "2026-08-17T05:54:30.136562873Z", "container": "prefect-worker", "msg": "2026-08-17 05:54:30 | INFO  | _client.py:_send_single_request:1740 | HTTP Request: POST http://prefect-server:4200/api/work_pools/smarthub-pool/get_scheduled_flow_runs \"HTTP/1.1 200 OK\""}
{"ts": "2026-08-17T05:54:41.757913328Z", "container": "prefect-worker", "msg": "2026-08-17 05:54:41 | INFO  | _client.py:_send_single_request:1740 | HTTP Request: POST http://prefect-server:4200/api/work_pools/smarthub-pool/get_scheduled_flow_runs \"HTTP/1.1 200 OK\""}
{"ts": "2026-08-17T05:54:53.483185529Z", "container": "prefect-worker", "msg": "2026-08-17 05:54:53 | INFO  | _client.py:_send_single_request:1740 | HTTP Request: POST http://prefect-server:4200/api/work_pools/smarthub-pool/get_scheduled_flow_runs \"HTTP/1.1 200 OK\""}
{"ts": "2026-08-17T05:55:05.924610608Z", "container": "prefect-worker", "msg": "2026-08-17 05:55:05 | INFO  | _client.py:_send_single_request:1740 | HTTP Request: POST http://prefect-server:4200/api/work_pools/smarthub-pool/get_scheduled_flow_runs \"HTTP/1.1 200 OK\""}
{"ts": "2026-08-17T05:55:14.540119115Z", "container": "prefect-worker", "msg": "2026-08-17 05:55:14 | INFO  | _client.py:_send_single_request:1740 | HTTP Request: POST http://prefect-server:4200/api/work_pools/smarthub-pool/get_scheduled_flow_runs \"HTTP/1.1 200 OK\""}
{"ts": "2026-08-17T05:55:26.760986032Z", "container": "prefect-worker", "msg": "2026-08-17 05:55:26 | INFO  | _client.py:_send_single_request:1740 | HTTP Request: POST http://prefect-server:4200/api/work_pools/smarthub-pool/get_scheduled_flow_runs \"HTTP/1.1 200 OK\""}
{"ts": "2026-08-17T05:55:37.334358838Z", "container": "prefect-worker", "msg": "2026-08-17 05:55:37 | INFO  | _client.py:_send_single_request:1740 | HTTP Request: POST http://prefect-server:4200/api/work_pools/smarthub-pool/get_scheduled_flow_runs \"HTTP/1.1 200 OK\""}
{"ts": "2026-08-17T05:55:49.102840573Z", "container": "prefect-worker", "msg": "2026-08-17 05:55:49 | INFO  | _client.py:_send_single_request:1740 | HTTP Request: POST http://prefect-server:4200/api/work_pools/smarthub-pool/get_scheduled_flow_runs \"HTTP/1.1 200 OK\""}
{"ts": "2026-08-17T05:55:58.067366078Z", "container": "prefect-worker", "msg": "2026-08-17 05:55:58 | INFO  | _client.py:_send_single_request:1740 | HTTP Request: POST http://prefect-server:4200/api/work_pools/smarthub-pool/get_scheduled_flow_runs \"HTTP/1.1 200 OK\""}
{"ts": "2026-08-17T05:56:06.589817137Z", "container": "prefect-worker", "msg": "2026-08-17 05:56:06 | INFO  | _client.py:_send_single_request:1740 | HTTP Request: POST http://prefect-server:4200/api/work_pools/smarthub-pool/get_scheduled_flow_runs \"HTTP/1.1 200 OK\""}
{"ts": "2026-08-17T05:56:19.422220573Z", "container": "prefect-worker", "msg": "2026-08-17 05:56:19 | INFO  | _client.py:_send_single_request:1740 | HTTP Request: POST http://prefect-server:4200/api/work_pools/smarthub-pool/get_scheduled_flow_runs \"HTTP/1.1 200 OK\""}
{"ts": "2026-08-17T05:56:27.277204949Z", "container": "prefect-worker", "msg": "2026-08-17 05:56:27 | INFO  | _client.py:_send_single_request:1740 | HTTP Request: POST http://prefect-server:4200/api/work_pools/smarthub-pool/get_scheduled_flow_runs \"HTTP/1.1 200 OK\""}
{"ts": "2026-08-17T05:56:36.770091514Z", "container": "prefect-worker", "msg": "2026-08-17 05:56:36 | INFO  | _client.py:_send_single_request:1740 | HTTP Request: POST http://prefect-server:4200/api/work_pools/smarthub-pool/get_scheduled_flow_runs \"HTTP/1.1 200 OK\""}
{"ts": "2026-08-17T05:56:44.641639218Z", "container": "prefect-worker", "msg": "2026-08-17 05:56:44 | INFO  | _client.py:_send_single_request:1740 | HTTP Request: POST http://prefect-server:4200/api/work_pools/smarthub-pool/get_scheduled_flow_runs \"HTTP/1.1 200 OK\""}
{"ts": "2026-08-17T05:56:52.693470302Z", "container": "prefect-worker", "msg": "2026-08-17 05:56:52 | INFO  | _client.py:_send_single_request:1740 | HTTP Request: POST http://prefect-server:4200/api/work_pools/smarthub-pool/get_scheduled_flow_runs \"HTTP/1.1 200 OK\""}
{"ts": "2026-08-17T05:57:02.202606955Z", "container": "prefect-worker", "msg": "2026-08-17 05:57:02 | INFO  | _client.py:_send_single_request:1740 | HTTP Request: POST http://prefect-server:4200/api/work_pools/smarthub-pool/get_scheduled_flow_runs \"HTTP/1.1 200 OK\""}
{"ts": "2026-08-17T05:57:11.502381885Z", "container": "prefect-worker", "msg": "2026-08-17 05:57:11 | INFO  | _client.py:_send_single_request:1740 | HTTP Request: POST http://prefect-server:4200/api/work_pools/smarthub-pool/get_scheduled_flow_runs \"HTTP/1.1 200 OK\""}
{"ts": "2026-08-17T05:57:19.858060493Z", "container": "prefect-worker", "msg": "2026-08-17 05:57:19 | INFO  | _client.py:_send_single_request:1740 | HTTP Request: POST http://prefect-server:4200/api/work_pools/smarthub-pool/get_scheduled_flow_runs \"HTTP/1.1 200 OK\""}
{"ts": "2026-08-17T05:57:31.613734309Z", "container": "prefect-worker", "msg": "2026-08-17 05:57:31 | INFO  | _client.py:_send_single_request:1740 | HTTP Request: POST http://prefect-server:4200/api/work_pools/smarthub-pool/get_scheduled_flow_runs \"HTTP/1.1 200 OK\""}
{"ts": "2026-08-17T05:57:41.545452699Z", "container": "prefect-worker", "msg": "2026-08-17 05:57:41 | INFO  | _client.py:_send_single_request:1740 | HTTP Request: POST http://prefect-server:4200/api/work_pools/smarthub-pool/get_scheduled_flow_runs \"HTTP/1.1 200 OK\""}
{"ts": "2026-08-17T05:57:50.934685740Z", "container": "prefect-worker", "msg": "2026-08-17 05:57:50 | INFO  | _client.py:_send_single_request:1740 | HTTP Request: POST http://prefect-server:4200/api/work_pools/smarthub-pool/get_scheduled_flow_runs \"HTTP/1.1 200 OK\""}
{"ts": "2026-08-17T05:57:58.630588666Z", "container": "prefect-worker", "msg": "2026-08-17 05:57:58 | INFO  | _client.py:_send_single_request:1740 | HTTP Request: POST http://prefect-server:4200/api/work_pools/smarthub-pool/get_scheduled_flow_runs \"HTTP/1.1 200 OK\""}
{"ts": "2026-08-17T05:58:11.130000533Z", "container": "prefect-worker", "msg": "2026-08-17 05:58:11 | INFO  | _client.py:_send_single_request:1740 | HTTP Request: POST http://prefect-server:4200/api/work_pools/smarthub-pool/get_scheduled_flow_runs \"HTTP/1.1 200 OK\""}
{"ts": "2026-08-17T05:58:20.475661042Z", "container": "prefect-worker", "msg": "2026-08-17 05:58:20 | INFO  | _client.py:_send_single_request:1740 | HTTP Request: POST http://prefect-server:4200/api/work_pools/smarthub-pool/get_scheduled_flow_runs \"HTTP/1.1 200 OK\""}
{"ts": "2026-08-17T05:58:32.125061769Z", "container": "prefect-worker", "msg": "2026-08-17 05:58:32 | INFO  | _client.py:_send_single_request:1740 | HTTP Request: POST http://prefect-server:4200/api/work_pools/smarthub-pool/get_scheduled_flow_runs \"HTTP/1.1 200 OK\""}
{"ts": "2026-08-17T05:58:43.065701085Z", "container": "prefect-worker", "msg": "2026-08-17 05:58:43 | INFO  | _client.py:_send_single_request:1740 | HTTP Request: POST http://prefect-server:4200/api/work_pools/smarthub-pool/get_scheduled_flow_runs \"HTTP/1.1 200 OK\""}
{"ts": "2026-08-17T05:58:54.412834117Z", "container": "prefect-worker", "msg": "2026-08-17 05:58:54 | INFO  | _client.py:_send_single_request:1740 | HTTP Request: POST http://prefect-server:4200/api/work_pools/smarthub-pool/get_scheduled_flow_runs \"HTTP/1.1 200 OK\""}
{"ts": "2026-08-17T05:59:03.759943740Z", "container": "prefect-worker", "msg": "2026-08-17 05:59:03 | INFO  | _client.py:_send_single_request:1740 | HTTP Request: POST http://prefect-server:4200/api/work_pools/smarthub-pool/get_scheduled_flow_runs \"HTTP/1.1 200 OK\""}
{"ts": "2026-08-17T05:59:16.175409074Z", "container": "prefect-worker", "msg": "2026-08-17 05:59:16 | INFO  | _client.py:_send_single_request:1740 | HTTP Request: POST http://prefect-server:4200/api/work_pools/smarthub-pool/get_scheduled_flow_runs \"HTTP/1.1 200 OK\""}
{"ts": "2026-08-17T05:59:25.425263191Z", "container": "prefect-worker", "msg": "2026-08-17 05:59:25 | INFO  | _client.py:_send_single_request:1740 | HTTP Request: POST http://prefect-server:4200/api/work_pools/smarthub-pool/get_scheduled_flow_runs \"HTTP/1.1 200 OK\""}
{"ts": "2026-08-17T05:59:33.294723373Z", "container": "prefect-worker", "msg": "2026-08-17 05:59:33 | INFO  | _client.py:_send_single_request:1740 | HTTP Request: POST http://prefect-server:4200/api/work_pools/smarthub-pool/get_scheduled_flow_runs \"HTTP/1.1 200 OK\""}
{"ts": "2026-08-17T05:59:41.509497864Z", "container": "prefect-worker", "msg": "2026-08-17 05:59:41 | INFO  | _client.py:_send_single_request:1740 | HTTP Request: POST http://prefect-server:4200/api/work_pools/smarthub-pool/get_scheduled_flow_runs \"HTTP/1.1 200 OK\""}
{"ts": "2026-08-17T05:59:52.697883606Z", "container": "prefect-worker", "msg": "2026-08-17 05:59:52 | INFO  | _client.py:_send_single_request:1740 | HTTP Request: POST http://prefect-server:4200/api/work_pools/smarthub-pool/get_scheduled_flow_runs \"HTTP/1.1 200 OK\""}
{"ts": "2026-08-17T06:00:01.503573742Z", "container": "prefect-worker", "msg": "2026-08-17 06:00:01 | INFO  | _client.py:_send_single_request:1740 | HTTP Request: POST http://prefect-server:4200/api/work_pools/smarthub-pool/get_scheduled_flow_runs \"HTTP/1.1 200 OK\""}
{"ts": "2026-08-17T06:00:12.585750537Z", "container": "prefect-worker", "msg": "2026-08-17 06:00:12 | INFO  | _client.py:_send_single_request:1740 | HTTP Request: POST http://prefect-server:4200/api/work_pools/smarthub-pool/get_scheduled_flow_runs \"HTTP/1.1 200 OK\""}
{"ts": "2026-08-17T06:00:21.145829014Z", "container": "prefect-worker", "msg": "2026-08-17 06:00:21 | INFO  | _client.py:_send_single_request:1740 | HTTP Request: POST http://prefect-server:4200/api/work_pools/smarthub-pool/get_scheduled_flow_runs \"HTTP/1.1 200 OK\""}
{"ts": "2026-08-17T06:00:28.699696928Z", "container": "prefect-worker", "msg": "2026-08-17 06:00:28 | INFO  | _client.py:_send_single_request:1740 | HTTP Request: POST http://prefect-server:4200/api/work_pools/smarthub-pool/get_scheduled_flow_runs \"HTTP/1.1 200 OK\""}
{"ts": "2026-08-17T06:00:36.715329447Z", "container": "prefect-worker", "msg": "2026-08-17 06:00:36 | INFO  | _client.py:_send_single_request:1740 | HTTP Request: POST http://prefect-server:4200/api/work_pools/smarthub-pool/get_scheduled_flow_runs \"HTTP/1.1 200 OK\""}
{"ts": "2026-08-17T06:00:44.767445568Z", "container": "prefect-worker", "msg": "2026-08-17 06:00:44 | INFO  | _client.py:_send_single_request:1740 | HTTP Request: POST http://prefect-server:4200/api/work_pools/smarthub-pool/get_scheduled_flow_runs \"HTTP/1.1 200 OK\""}
{"ts": "2026-08-17T06:00:52.755166345Z", "container": "prefect-worker", "msg": "2026-08-17 06:00:52 | INFO  | _client.py:_send_single_request:1740 | HTTP Request: POST http://prefect-server:4200/api/work_pools/smarthub-pool/get_scheduled_flow_runs \"HTTP/1.1 200 OK\""}
{"ts": "2026-08-17T06:01:01.945557158Z", "container": "prefect-worker", "msg": "2026-08-17 06:01:01 | INFO  | _client.py:_send_single_request:1740 | HTTP Request: POST http://prefect-server:4200/api/work_pools/smarthub-pool/get_scheduled_flow_runs \"HTTP/1.1 200 OK\""}
{"ts": "2026-08-17T06:01:10.713297137Z", "container": "prefect-worker", "msg": "2026-08-17 06:01:10 | INFO  | _client.py:_send_single_request:1740 | HTTP Request: POST http://prefect-server:4200/api/work_pools/smarthub-pool/get_scheduled_flow_runs \"HTTP/1.1 200 OK\""}
{"ts": "2026-08-17T06:01:20.511362698Z", "container": "prefect-worker", "msg": "2026-08-17 06:01:20 | INFO  | _client.py:_send_single_request:1740 | HTTP Request: POST http://prefect-server:4200/api/work_pools/smarthub-pool/get_scheduled_flow_runs \"HTTP/1.1 200 OK\""}
{"ts": "2026-08-17T06:01:30.584377476Z", "container": "prefect-worker", "msg": "2026-08-17 06:01:30 | INFO  | _client.py:_send_single_request:1740 | HTTP Request: POST http://prefect-server:4200/api/work_pools/smarthub-pool/get_scheduled_flow_runs \"HTTP/1.1 200 OK\""}
{"ts": "2026-08-17T06:01:42.030798414Z", "container": "prefect-worker", "msg": "2026-08-17 06:01:42 | INFO  | _client.py:_send_single_request:1740 | HTTP Request: POST http://prefect-server:4200/api/work_pools/smarthub-pool/get_scheduled_flow_runs \"HTTP/1.1 200 OK\""}
{"ts": "2026-08-17T06:01:50.089948886Z", "container": "prefect-worker", "msg": "2026-08-17 06:01:50 | INFO  | _client.py:_send_single_request:1740 | HTTP Request: POST http://prefect-server:4200/api/work_pools/smarthub-pool/get_scheduled_flow_runs \"HTTP/1.1 200 OK\""}
{"ts": "2026-08-17T06:02:02.162050591Z", "container": "prefect-worker", "msg": "2026-08-17 06:02:02 | INFO  | _client.py:_send_single_request:1740 | HTTP Request: POST http://prefect-server:4200/api/work_pools/smarthub-pool/get_scheduled_flow_runs \"HTTP/1.1 200 OK\""}
{"ts": "2026-08-17T06:02:11.872232410Z", "container": "prefect-worker", "msg": "2026-08-17 06:02:11 | INFO  | _client.py:_send_single_request:1740 | HTTP Request: POST http://prefect-server:4200/api/work_pools/smarthub-pool/get_scheduled_flow_runs \"HTTP/1.1 200 OK\""}
{"ts": "2026-08-17T06:02:22.330370093Z", "container": "prefect-worker", "msg": "2026-08-17 06:02:22 | INFO  | _client.py:_send_single_request:1740 | HTTP Request: POST http://prefect-server:4200/api/work_pools/smarthub-pool/get_scheduled_flow_runs \"HTTP/1.1 200 OK\""}
{"ts": "2026-08-17T06:02:32.602458894Z", "container": "prefect-worker", "msg": "2026-08-17 06:02:32 | INFO  | _client.py:_send_single_request:1740 | HTTP Request: POST http://prefect-server:4200/api/work_pools/smarthub-pool/get_scheduled_flow_runs \"HTTP/1.1 200 OK\""}
{"ts": "2026-08-17T06:02:41.197210195Z", "container": "prefect-worker", "msg": "2026-08-17 06:02:41 | INFO  | _client.py:_send_single_request:1740 | HTTP Request: POST http://prefect-server:4200/api/work_pools/smarthub-pool/get_scheduled_flow_runs \"HTTP/1.1 200 OK\""}
{"ts": "2026-08-17T06:02:51.281520383Z", "container": "prefect-worker", "msg": "2026-08-17 06:02:51 | INFO  | _client.py:_send_single_request:1740 | HTTP Request: POST http://prefect-server:4200/api/work_pools/smarthub-pool/get_scheduled_flow_runs \"HTTP/1.1 200 OK\""}
{"ts": "2026-08-17T06:03:04.116302271Z", "container": "prefect-worker", "msg": "2026-08-17 06:03:04 | INFO  | _client.py:_send_single_request:1740 | HTTP Request: POST http://prefect-server:4200/api/work_pools/smarthub-pool/get_scheduled_flow_runs \"HTTP/1.1 200 OK\""}
{"ts": "2026-08-17T06:03:13.041444291Z", "container": "prefect-worker", "msg": "2026-08-17 06:03:13 | INFO  | _client.py:_send_single_request:1740 | HTTP Request: POST http://prefect-server:4200/api/work_pools/smarthub-pool/get_scheduled_flow_runs \"HTTP/1.1 200 OK\""}
{"ts": "2026-08-17T06:03:24.460745887Z", "container": "prefect-worker", "msg": "2026-08-17 06:03:24 | INFO  | _client.py:_send_single_request:1740 | HTTP Request: POST http://prefect-server:4200/api/work_pools/smarthub-pool/get_scheduled_flow_runs \"HTTP/1.1 200 OK\""}
{"ts": "2026-08-17T06:03:36.436431451Z", "container": "prefect-worker", "msg": "2026-08-17 06:03:36 | INFO  | _client.py:_send_single_request:1740 | HTTP Request: POST http://prefect-server:4200/api/work_pools/smarthub-pool/get_scheduled_flow_runs \"HTTP/1.1 200 OK\""}
{"ts": "2026-08-17T06:03:45.326066460Z", "container": "prefect-worker", "msg": "2026-08-17 06:03:45 | INFO  | _client.py:_send_single_request:1740 | HTTP Request: POST http://prefect-server:4200/api/work_pools/smarthub-pool/get_scheduled_flow_runs \"HTTP/1.1 200 OK\""}
{"ts": "2026-08-17T06:03:53.750170920Z", "container": "prefect-worker", "msg": "2026-08-17 06:03:53 | INFO  | _client.py:_send_single_request:1740 | HTTP Request: POST http://prefect-server:4200/api/work_pools/smarthub-pool/get_scheduled_flow_runs \"HTTP/1.1 200 OK\""}
{"ts": "2026-08-17T06:04:02.657953287Z", "container": "prefect-worker", "msg": "2026-08-17 06:04:02 | INFO  | _client.py:_send_single_request:1740 | HTTP Request: POST http://prefect-server:4200/api/work_pools/smarthub-pool/get_scheduled_flow_runs \"HTTP/1.1 200 OK\""}
{"ts": "2026-08-17T06:04:12.689999627Z", "container": "prefect-worker", "msg": "2026-08-17 06:04:12 | INFO  | _client.py:_send_single_request:1740 | HTTP Request: POST http://prefect-server:4200/api/work_pools/smarthub-pool/get_scheduled_flow_runs \"HTTP/1.1 200 OK\""}
{"ts": "2026-08-17T06:04:24.638066484Z", "container": "prefect-worker", "msg": "2026-08-17 06:04:24 | INFO  | _client.py:_send_single_request:1740 | HTTP Request: POST http://prefect-server:4200/api/work_pools/smarthub-pool/get_scheduled_flow_runs \"HTTP/1.1 200 OK\""}
{"ts": "2026-08-17T06:04:34.334204178Z", "container": "prefect-worker", "msg": "2026-08-17 06:04:34 | INFO  | _client.py:_send_single_request:1740 | HTTP Request: POST http://prefect-server:4200/api/work_pools/smarthub-pool/get_scheduled_flow_runs \"HTTP/1.1 200 OK\""}
{"ts": "2026-08-17T06:04:43.936563288Z", "container": "prefect-worker", "msg": "2026-08-17 06:04:43 | INFO  | _client.py:_send_single_request:1740 | HTTP Request: POST http://prefect-server:4200/api/work_pools/smarthub-pool/get_scheduled_flow_runs \"HTTP/1.1 200 OK\""}
{"ts": "2026-08-17T06:04:52.539647171Z", "container": "prefect-worker", "msg": "2026-08-17 06:04:52 | INFO  | _client.py:_send_single_request:1740 | HTTP Request: POST http://prefect-server:4200/api/work_pools/smarthub-pool/get_scheduled_flow_runs \"HTTP/1.1 200 OK\""}
{"ts": "2026-08-17T06:05:02.338555045Z", "container": "prefect-worker", "msg": "2026-08-17 06:05:02 | INFO  | _client.py:_send_single_request:1740 | HTTP Request: POST http://prefect-server:4200/api/work_pools/smarthub-pool/get_scheduled_flow_runs \"HTTP/1.1 200 OK\""}
{"ts": "2026-08-17T06:05:11.990511158Z", "container": "prefect-worker", "msg": "2026-08-17 06:05:11 | INFO  | _client.py:_send_single_request:1740 | HTTP Request: POST http://prefect-server:4200/api/work_pools/smarthub-pool/get_scheduled_flow_runs \"HTTP/1.1 200 OK\""}
{"ts": "2026-08-17T06:05:23.377782957Z", "container": "prefect-worker", "msg": "2026-08-17 06:05:23 | INFO  | _client.py:_send_single_request:1740 | HTTP Request: POST http://prefect-server:4200/api/work_pools/smarthub-pool/get_scheduled_flow_runs \"HTTP/1.1 200 OK\""}
{"ts": "2026-08-17T06:05:31.130070920Z", "container": "prefect-worker", "msg": "2026-08-17 06:05:31 | INFO  | _client.py:_send_single_request:1740 | HTTP Request: POST http://prefect-server:4200/api/work_pools/smarthub-pool/get_scheduled_flow_runs \"HTTP/1.1 200 OK\""}
{"ts": "2026-08-17T06:05:39.639210563Z", "container": "prefect-worker", "msg": "2026-08-17 06:05:39 | INFO  | _client.py:_send_single_request:1740 | HTTP Request: POST http://prefect-server:4200/api/work_pools/smarthub-pool/get_scheduled_flow_runs \"HTTP/1.1 200 OK\""}
{"ts": "2026-08-17T06:05:49.414060789Z", "container": "prefect-worker", "msg": "2026-08-17 06:05:49 | INFO  | _client.py:_send_single_request:1740 | HTTP Request: POST http://prefect-server:4200/api/work_pools/smarthub-pool/get_scheduled_flow_runs \"HTTP/1.1 200 OK\""}
{"ts": "2026-08-17T06:05:59.032387701Z", "container": "prefect-worker", "msg": "2026-08-17 06:05:59 | INFO  | _client.py:_send_single_request:1740 | HTTP Request: POST http://prefect-server:4200/api/work_pools/smarthub-pool/get_scheduled_flow_runs \"HTTP/1.1 200 OK\""}
{"ts": "2026-08-17T06:06:11.742422229Z", "container": "prefect-worker", "msg": "2026-08-17 06:06:11 | INFO  | _client.py:_send_single_request:1740 | HTTP Request: POST http://prefect-server:4200/api/work_pools/smarthub-pool/get_scheduled_flow_runs \"HTTP/1.1 200 OK\""}
{"ts": "2026-08-17T06:06:19.870335927Z", "container": "prefect-worker", "msg": "2026-08-17 06:06:19 | INFO  | _client.py:_send_single_request:1740 | HTTP Request: POST http://prefect-server:4200/api/work_pools/smarthub-pool/get_scheduled_flow_runs \"HTTP/1.1 200 OK\""}
{"ts": "2026-08-17T06:06:28.975149312Z", "container": "prefect-worker", "msg": "2026-08-17 06:06:28 | INFO  | _client.py:_send_single_request:1740 | HTTP Request: POST http://prefect-server:4200/api/work_pools/smarthub-pool/get_scheduled_flow_runs \"HTTP/1.1 200 OK\""}
{"ts": "2026-08-17T06:06:39.286704689Z", "container": "prefect-worker", "msg": "2026-08-17 06:06:39 | INFO  | _client.py:_send_single_request:1740 | HTTP Request: POST http://prefect-server:4200/api/work_pools/smarthub-pool/get_scheduled_flow_runs \"HTTP/1.1 200 OK\""}
{"ts": "2026-08-17T06:06:50.454114523Z", "container": "prefect-worker", "msg": "2026-08-17 06:06:50 | INFO  | _client.py:_send_single_request:1740 | HTTP Request: POST http://prefect-server:4200/api/work_pools/smarthub-pool/get_scheduled_flow_runs \"HTTP/1.1 200 OK\""}
{"ts": "2026-08-17T06:06:58.294625648Z", "container": "prefect-worker", "msg": "2026-08-17 06:06:58 | INFO  | _client.py:_send_single_request:1740 | HTTP Request: POST http://prefect-server:4200/api/work_pools/smarthub-pool/get_scheduled_flow_runs \"HTTP/1.1 200 OK\""}
{"ts": "2026-08-17T06:07:06.749690181Z", "container": "prefect-worker", "msg": "2026-08-17 06:07:06 | INFO  | _client.py:_send_single_request:1740 | HTTP Request: POST http://prefect-server:4200/api/work_pools/smarthub-pool/get_scheduled_flow_runs \"HTTP/1.1 200 OK\""}
{"ts": "2026-08-17T06:07:16.497834838Z", "container": "prefect-worker", "msg": "2026-08-17 06:07:16 | INFO  | _client.py:_send_single_request:1740 | HTTP Request: POST http://prefect-server:4200/api/work_pools/smarthub-pool/get_scheduled_flow_runs \"HTTP/1.1 200 OK\""}
{"ts": "2026-08-17T06:07:24.753026198Z", "container": "prefect-worker", "msg": "2026-08-17 06:07:24 | INFO  | _client.py:_send_single_request:1740 | HTTP Request: POST http://prefect-server:4200/api/work_pools/smarthub-pool/get_scheduled_flow_runs \"HTTP/1.1 200 OK\""}
{"ts": "2026-08-17T06:07:32.840799718Z", "container": "prefect-worker", "msg": "2026-08-17 06:07:32 | INFO  | _client.py:_send_single_request:1740 | HTTP Request: POST http://prefect-server:4200/api/work_pools/smarthub-pool/get_scheduled_flow_runs \"HTTP/1.1 200 OK\""}
{"ts": "2026-08-17T06:07:40.689528410Z", "container": "prefect-worker", "msg": "2026-08-17 06:07:40 | INFO  | _client.py:_send_single_request:1740 | HTTP Request: POST http://prefect-server:4200/api/work_pools/smarthub-pool/get_scheduled_flow_runs \"HTTP/1.1 200 OK\""}
{"ts": "2026-08-17T06:07:49.161152509Z", "container": "prefect-worker", "msg": "2026-08-17 06:07:49 | INFO  | _client.py:_send_single_request:1740 | HTTP Request: POST http://prefect-server:4200/api/work_pools/smarthub-pool/get_scheduled_flow_runs \"HTTP/1.1 200 OK\""}
{"ts": "2026-08-17T06:08:01.154476277Z", "container": "prefect-worker", "msg": "2026-08-17 06:08:01 | INFO  | _client.py:_send_single_request:1740 | HTTP Request: POST http://prefect-server:4200/api/work_pools/smarthub-pool/get_scheduled_flow_runs \"HTTP/1.1 200 OK\""}
{"ts": "2026-08-17T06:08:08.836706529Z", "container": "prefect-worker", "msg": "2026-08-17 06:08:08 | INFO  | _client.py:_send_single_request:1740 | HTTP Request: POST http://prefect-server:4200/api/work_pools/smarthub-pool/get_scheduled_flow_runs \"HTTP/1.1 200 OK\""}
{"ts": "2026-08-17T06:08:16.535519468Z", "container": "prefect-worker", "msg": "2026-08-17 06:08:16 | INFO  | _client.py:_send_single_request:1740 | HTTP Request: POST http://prefect-server:4200/api/work_pools/smarthub-pool/get_scheduled_flow_runs \"HTTP/1.1 200 OK\""}
{"ts": "2026-08-17T06:08:24.158131529Z", "container": "prefect-worker", "msg": "2026-08-17 06:08:24 | INFO  | _client.py:_send_single_request:1740 | HTTP Request: POST http://prefect-server:4200/api/work_pools/smarthub-pool/get_scheduled_flow_runs \"HTTP/1.1 200 OK\""}
{"ts": "2026-08-17T06:08:33.382713819Z", "container": "prefect-worker", "msg": "2026-08-17 06:08:33 | INFO  | _client.py:_send_single_request:1740 | HTTP Request: POST http://prefect-server:4200/api/work_pools/smarthub-pool/get_scheduled_flow_runs \"HTTP/1.1 200 OK\""}
{"ts": "2026-08-17T06:08:42.103026923Z", "container": "prefect-worker", "msg": "2026-08-17 06:08:42 | INFO  | _client.py:_send_single_request:1740 | HTTP Request: POST http://prefect-server:4200/api/work_pools/smarthub-pool/get_scheduled_flow_runs \"HTTP/1.1 200 OK\""}
{"ts": "2026-08-17T06:08:49.909307397Z", "container": "prefect-worker", "msg": "2026-08-17 06:08:49 | INFO  | _client.py:_send_single_request:1740 | HTTP Request: POST http://prefect-server:4200/api/work_pools/smarthub-pool/get_scheduled_flow_runs \"HTTP/1.1 200 OK\""}
{"ts": "2026-08-17T06:09:02.191444408Z", "container": "prefect-worker", "msg": "2026-08-17 06:09:02 | INFO  | _client.py:_send_single_request:1740 | HTTP Request: POST http://prefect-server:4200/api/work_pools/smarthub-pool/get_scheduled_flow_runs \"HTTP/1.1 200 OK\""}
{"ts": "2026-08-17T06:09:10.570774304Z", "container": "prefect-worker", "msg": "2026-08-17 06:09:10 | INFO  | _client.py:_send_single_request:1740 | HTTP Request: POST http://prefect-server:4200/api/work_pools/smarthub-pool/get_scheduled_flow_runs \"HTTP/1.1 200 OK\""}
{"ts": "2026-08-17T06:09:19.225577785Z", "container": "prefect-worker", "msg": "2026-08-17 06:09:19 | INFO  | _client.py:_send_single_request:1740 | HTTP Request: POST http://prefect-server:4200/api/work_pools/smarthub-pool/get_scheduled_flow_runs \"HTTP/1.1 200 OK\""}
{"ts": "2026-08-17T06:09:31.065143785Z", "container": "prefect-worker", "msg": "2026-08-17 06:09:31 | INFO  | _client.py:_send_single_request:1740 | HTTP Request: POST http://prefect-server:4200/api/work_pools/smarthub-pool/get_scheduled_flow_runs \"HTTP/1.1 200 OK\""}
{"ts": "2026-08-17T06:09:39.873188414Z", "container": "prefect-worker", "msg": "2026-08-17 06:09:39 | INFO  | _client.py:_send_single_request:1740 | HTTP Request: POST http://prefect-server:4200/api/work_pools/smarthub-pool/get_scheduled_flow_runs \"HTTP/1.1 200 OK\""}
{"ts": "2026-08-17T06:09:48.057631892Z", "container": "prefect-worker", "msg": "2026-08-17 06:09:48 | INFO  | _client.py:_send_single_request:1740 | HTTP Request: POST http://prefect-server:4200/api/work_pools/smarthub-pool/get_scheduled_flow_runs \"HTTP/1.1 200 OK\""}
{"ts": "2026-08-17T06:10:01.053843563Z", "container": "prefect-worker", "msg": "2026-08-17 06:10:01 | INFO  | _client.py:_send_single_request:1740 | HTTP Request: POST http://prefect-server:4200/api/work_pools/smarthub-pool/get_scheduled_flow_runs \"HTTP/1.1 200 OK\""}
{"ts": "2026-08-17T06:10:12.029398190Z", "container": "prefect-worker", "msg": "2026-08-17 06:10:12 | INFO  | _client.py:_send_single_request:1740 | HTTP Request: POST http://prefect-server:4200/api/work_pools/smarthub-pool/get_scheduled_flow_runs \"HTTP/1.1 200 OK\""}
{"ts": "2026-08-17T06:10:19.942699390Z", "container": "prefect-worker", "msg": "2026-08-17 06:10:19 | INFO  | _client.py:_send_single_request:1740 | HTTP Request: POST http://prefect-server:4200/api/work_pools/smarthub-pool/get_scheduled_flow_runs \"HTTP/1.1 200 OK\""}
{"ts": "2026-08-17T06:10:29.474505658Z", "container": "prefect-worker", "msg": "2026-08-17 06:10:29 | INFO  | _client.py:_send_single_request:1740 | HTTP Request: POST http://prefect-server:4200/api/work_pools/smarthub-pool/get_scheduled_flow_runs \"HTTP/1.1 200 OK\""}
{"ts": "2026-08-17T06:10:39.833483982Z", "container": "prefect-worker", "msg": "2026-08-17 06:10:39 | INFO  | _client.py:_send_single_request:1740 | HTTP Request: POST http://prefect-server:4200/api/work_pools/smarthub-pool/get_scheduled_flow_runs \"HTTP/1.1 200 OK\""}
{"ts": "2026-08-17T06:10:47.635700826Z", "container": "prefect-worker", "msg": "2026-08-17 06:10:47 | INFO  | _client.py:_send_single_request:1740 | HTTP Request: POST http://prefect-server:4200/api/work_pools/smarthub-pool/get_scheduled_flow_runs \"HTTP/1.1 200 OK\""}
{"ts": "2026-08-17T06:10:56.184600258Z", "container": "prefect-worker", "msg": "2026-08-17 06:10:56 | INFO  | _client.py:_send_single_request:1740 | HTTP Request: POST http://prefect-server:4200/api/work_pools/smarthub-pool/get_scheduled_flow_runs \"HTTP/1.1 200 OK\""}
{"ts": "2026-08-17T06:11:07.245451175Z", "container": "prefect-worker", "msg": "2026-08-17 06:11:07 | INFO  | _client.py:_send_single_request:1740 | HTTP Request: POST http://prefect-server:4200/api/work_pools/smarthub-pool/get_scheduled_flow_runs \"HTTP/1.1 200 OK\""}
{"ts": "2026-08-17T06:11:18.146385480Z", "container": "prefect-worker", "msg": "2026-08-17 06:11:18 | INFO  | _client.py:_send_single_request:1740 | HTTP Request: POST http://prefect-server:4200/api/work_pools/smarthub-pool/get_scheduled_flow_runs \"HTTP/1.1 200 OK\""}
{"ts": "2026-08-17T06:11:27.637548485Z", "container": "prefect-worker", "msg": "2026-08-17 06:11:27 | INFO  | _client.py:_send_single_request:1740 | HTTP Request: POST http://prefect-server:4200/api/work_pools/smarthub-pool/get_scheduled_flow_runs \"HTTP/1.1 200 OK\""}
{"ts": "2026-08-17T06:11:36.403186292Z", "container": "prefect-worker", "msg": "2026-08-17 06:11:36 | INFO  | _client.py:_send_single_request:1740 | HTTP Request: POST http://prefect-server:4200/api/work_pools/smarthub-pool/get_scheduled_flow_runs \"HTTP/1.1 200 OK\""}
{"ts": "2026-08-17T06:11:49.277868652Z", "container": "prefect-worker", "msg": "2026-08-17 06:11:49 | INFO  | _client.py:_send_single_request:1740 | HTTP Request: POST http://prefect-server:4200/api/work_pools/smarthub-pool/get_scheduled_flow_runs \"HTTP/1.1 200 OK\""}
{"ts": "2026-08-17T06:11:59.085346057Z", "container": "prefect-worker", "msg": "2026-08-17 06:11:59 | INFO  | _client.py:_send_single_request:1740 | HTTP Request: POST http://prefect-server:4200/api/work_pools/smarthub-pool/get_scheduled_flow_runs \"HTTP/1.1 200 OK\""}
{"ts": "2026-08-17T06:12:11.985227697Z", "container": "prefect-worker", "msg": "2026-08-17 06:12:11 | INFO  | _client.py:_send_single_request:1740 | HTTP Request: POST http://prefect-server:4200/api/work_pools/smarthub-pool/get_scheduled_flow_runs \"HTTP/1.1 200 OK\""}
{"ts": "2026-08-17T06:12:23.137562276Z", "container": "prefect-worker", "msg": "2026-08-17 06:12:23 | INFO  | _client.py:_send_single_request:1740 | HTTP Request: POST http://prefect-server:4200/api/work_pools/smarthub-pool/get_scheduled_flow_runs \"HTTP/1.1 200 OK\""}
{"ts": "2026-08-17T06:12:32.847409970Z", "container": "prefect-worker", "msg": "2026-08-17 06:12:32 | INFO  | _client.py:_send_single_request:1740 | HTTP Request: POST http://prefect-server:4200/api/work_pools/smarthub-pool/get_scheduled_flow_runs \"HTTP/1.1 200 OK\""}
{"ts": "2026-08-17T06:12:44.061842791Z", "container": "prefect-worker", "msg": "2026-08-17 06:12:44 | INFO  | _client.py:_send_single_request:1740 | HTTP Request: POST http://prefect-server:4200/api/work_pools/smarthub-pool/get_scheduled_flow_runs \"HTTP/1.1 200 OK\""}
{"ts": "2026-08-17T06:12:52.677632206Z", "container": "prefect-worker", "msg": "2026-08-17 06:12:52 | INFO  | _client.py:_send_single_request:1740 | HTTP Request: POST http://prefect-server:4200/api/work_pools/smarthub-pool/get_scheduled_flow_runs \"HTTP/1.1 200 OK\""}
{"ts": "2026-08-17T06:13:03.802163055Z", "container": "prefect-worker", "msg": "2026-08-17 06:13:03 | INFO  | _client.py:_send_single_request:1740 | HTTP Request: POST http://prefect-server:4200/api/work_pools/smarthub-pool/get_scheduled_flow_runs \"HTTP/1.1 200 OK\""}
{"ts": "2026-08-17T06:13:12.609961509Z", "container": "prefect-worker", "msg": "2026-08-17 06:13:12 | INFO  | _client.py:_send_single_request:1740 | HTTP Request: POST http://prefect-server:4200/api/work_pools/smarthub-pool/get_scheduled_flow_runs \"HTTP/1.1 200 OK\""}
{"ts": "2026-08-17T06:13:20.197986454Z", "container": "prefect-worker", "msg": "2026-08-17 06:13:20 | INFO  | _client.py:_send_single_request:1740 | HTTP Request: POST http://prefect-server:4200/api/work_pools/smarthub-pool/get_scheduled_flow_runs \"HTTP/1.1 200 OK\""}
{"ts": "2026-08-17T06:13:29.206276734Z", "container": "prefect-worker", "msg": "2026-08-17 06:13:29 | INFO  | _client.py:_send_single_request:1740 | HTTP Request: POST http://prefect-server:4200/api/work_pools/smarthub-pool/get_scheduled_flow_runs \"HTTP/1.1 200 OK\""}
{"ts": "2026-08-17T06:13:38.474280724Z", "container": "prefect-worker", "msg": "2026-08-17 06:13:38 | INFO  | _client.py:_send_single_request:1740 | HTTP Request: POST http://prefect-server:4200/api/work_pools/smarthub-pool/get_scheduled_flow_runs \"HTTP/1.1 200 OK\""}
